task_id,box_id,delivery_offset_s,deadline_s
R000001,B014,849.4,inf
R000002,B011,849.4,inf
R000003,B011,909.4,inf
R000003,B012,909.4,inf
R000004,B003,849.4,3600.0
R000005,B003,909.4,3600.0
R000005,B011,909.4,inf
R000006,B001,849.4,3600.0
R000007,B001,909.4,3600.0
R000007,B014,909.4,inf
R000008,B001,909.4,3600.0
R000008,B011,909.4,inf
R000009,B001,909.4,3600.0
R000009,B003,909.4,3600.0
R000010,B001,909.4,3600.0
R000010,B002,909.4,inf
R000011,B001,969.4,3600.0
R000011,B002,969.4,inf
R000011,B014,969.4,inf
R000012,B001,969.4,3600.0
R000012,B002,969.4,inf
R000012,B011,969.4,inf
R000013,B001,969.4,3600.0
R000013,B002,969.4,inf
R000013,B003,969.4,3600.0
R000014,B023,1225.8,inf
R000015,B021,1225.8,inf
R000016,B021,1285.8,inf
R000016,B022,1285.8,inf
R000017,B017,1225.8,3600.0
R000018,B017,1285.8,3600.0
R000018,B021,1285.8,inf
R000019,B016,1225.8,3600.0
R000020,B016,1285.8,3600.0
R000020,B023,1285.8,inf
R000021,B016,1285.8,3600.0
R000021,B021,1285.8,inf
R000022,B016,1285.8,3600.0
R000022,B017,1285.8,3600.0
R000023,B031,1349.1,inf
R000024,B029,1349.1,inf
R000025,B029,1409.1,inf
R000025,B030,1409.1,inf
R000026,B025,1349.1,7200.0
R000027,B025,1409.1,7200.0
R000027,B029,1409.1,inf
R000028,B024,1349.1,7200.0
R000029,B024,1409.1,7200.0
R000029,B031,1409.1,inf
R000030,B024,1409.1,7200.0
R000030,B029,1409.1,inf
R000031,B024,1409.1,7200.0
R000031,B025,1409.1,7200.0
R000032,B037,1313.6,inf
R000033,B036,1313.6,inf
R000034,B033,1313.6,7200.0
R000035,B033,1373.6,7200.0
R000035,B036,1373.6,inf
R000036,B032,1313.6,7200.0
R000037,B032,1373.6,7200.0
R000037,B037,1373.6,inf
R000038,B032,1373.6,7200.0
R000038,B036,1373.6,inf
R000039,B032,1373.6,7200.0
R000039,B033,1373.6,7200.0
R000040,B043,1070.6,inf
R000041,B042,1070.6,inf
R000042,B039,1070.6,10800.0
R000043,B039,1130.6,10800.0
R000043,B042,1130.6,inf
R000044,B038,1070.6,10800.0
R000045,B038,1130.6,10800.0
R000045,B043,1130.6,inf
R000046,B038,1130.6,10800.0
R000046,B042,1130.6,inf
R000047,B038,1130.6,10800.0
R000047,B039,1130.6,10800.0
R000048,B049,875.1,inf
R000049,B048,875.1,inf
R000050,B045,875.1,3600.0
R000051,B045,935.1,3600.0
R000051,B048,935.1,inf
R000052,B044,875.1,3600.0
R000053,B044,935.1,3600.0
R000053,B049,935.1,inf
R000054,B044,935.1,3600.0
R000054,B048,935.1,inf
R000055,B044,935.1,3600.0
R000055,B045,935.1,3600.0
R000056,B054,1081.3,inf
R000057,B053,1081.3,inf
R000058,B051,1081.3,3600.0
R000059,B051,1141.3,3600.0
R000059,B053,1141.3,inf
R000060,B050,1081.3,3600.0
R000061,B050,1141.3,3600.0
R000061,B054,1141.3,inf
R000062,B050,1141.3,3600.0
R000062,B053,1141.3,inf
R000063,B050,1141.3,3600.0
R000063,B051,1141.3,3600.0
R000064,B059,1308.3,inf
R000065,B058,1308.3,inf
R000066,B056,1308.3,7200.0
R000067,B056,1368.3,7200.0
R000067,B058,1368.3,inf
R000068,B055,1308.3,7200.0
R000069,B055,1368.3,7200.0
R000069,B059,1368.3,inf
R000070,B055,1368.3,7200.0
R000070,B058,1368.3,inf
R000071,B055,1368.3,7200.0
R000071,B056,1368.3,7200.0
R000072,B062,1067.4,inf
R000073,B061,1067.4,10800.0
R000074,B061,1127.4,10800.0
R000074,B062,1127.4,inf
R000075,B060,1067.4,10800.0
R000076,B060,1127.4,10800.0
R000076,B062,1127.4,inf
R000077,B060,1127.4,10800.0
R000077,B061,1127.4,10800.0
R000078,B065,1044.5,inf
R000079,B064,1044.5,3600.0
R000080,B064,1104.5,3600.0
R000080,B065,1104.5,inf
R000081,B063,1044.5,3600.0
R000082,B063,1104.5,3600.0
R000082,B065,1104.5,inf
R000083,B063,1104.5,3600.0
R000083,B064,1104.5,3600.0
R000084,B068,834.0,inf
R000085,B067,834.0,10800.0
R000086,B067,894.0,10800.0
R000086,B068,894.0,inf
R000087,B066,834.0,10800.0
R000088,B066,894.0,10800.0
R000088,B068,894.0,inf
R000089,B066,894.0,10800.0
R000089,B067,894.0,10800.0
R000090,B071,1275.1,inf
R000091,B070,1275.1,3600.0
R000092,B070,1335.1,3600.0
R000092,B071,1335.1,inf
R000093,B069,1275.1,3600.0
R000094,B069,1335.1,3600.0
R000094,B071,1335.1,inf
R000095,B069,1335.1,3600.0
R000095,B070,1335.1,3600.0
R000096,B074,1023.5,inf
R000097,B073,1023.5,3600.0
R000098,B073,1083.5,3600.0
R000098,B074,1083.5,inf
R000099,B072,1023.5,3600.0
R000100,B072,1083.5,3600.0
R000100,B074,1083.5,inf
R000101,B072,1083.5,3600.0
R000101,B073,1083.5,3600.0
R000102,B077,1212.0,inf
R000103,B076,1212.0,3600.0
R000104,B076,1272.0,3600.0
R000104,B077,1272.0,inf
R000105,B075,1212.0,3600.0
R000106,B075,1272.0,3600.0
R000106,B077,1272.0,inf
R000107,B075,1272.0,3600.0
R000107,B076,1272.0,3600.0
R000108,B080,1198.5,inf
R000109,B079,1198.5,10800.0
R000110,B079,1258.5,10800.0
R000110,B080,1258.5,inf
R000111,B078,1198.5,7200.0
R000112,B078,1258.5,7200.0
R000112,B080,1258.5,inf
R000113,B078,1258.5,7200.0
R000113,B079,1258.5,10800.0
R000114,B014,798.3,inf
R000115,B014,858.3,inf
R000115,B015,858.3,inf
R000116,B011,798.3,inf
R000117,B011,858.3,inf
R000117,B014,858.3,inf
R000118,B011,858.3,inf
R000118,B012,858.3,inf
R000119,B003,798.3,3600.0
R000120,B003,858.3,3600.0
R000120,B014,858.3,inf
R000121,B003,858.3,3600.0
R000121,B011,858.3,inf
R000122,B003,858.3,3600.0
R000122,B004,858.3,inf
R000123,B001,798.3,3600.0
R000124,B001,858.3,3600.0
R000124,B014,858.3,inf
R000125,B001,858.3,3600.0
R000125,B011,858.3,inf
R000126,B001,918.3,3600.0
R000126,B011,918.3,inf
R000126,B012,918.3,inf
R000127,B001,858.3,3600.0
R000127,B003,858.3,3600.0
R000128,B001,918.3,3600.0
R000128,B003,918.3,3600.0
R000128,B011,918.3,inf
R000129,B001,858.3,3600.0
R000129,B002,858.3,inf
R000130,B001,918.3,3600.0
R000130,B002,918.3,inf
R000130,B014,918.3,inf
R000131,B001,918.3,3600.0
R000131,B002,918.3,inf
R000131,B011,918.3,inf
R000132,B001,918.3,3600.0
R000132,B002,918.3,inf
R000132,B003,918.3,3600.0
R000133,B023,1101.9,inf
R000134,B021,1101.9,inf
R000135,B021,1161.9,inf
R000135,B023,1161.9,inf
R000136,B021,1161.9,inf
R000136,B022,1161.9,inf
R000137,B017,1101.9,3600.0
R000138,B017,1161.9,3600.0
R000138,B023,1161.9,inf
R000139,B017,1161.9,3600.0
R000139,B021,1161.9,inf
R000140,B017,1161.9,3600.0
R000140,B018,1161.9,inf
R000141,B016,1101.9,3600.0
R000142,B016,1161.9,3600.0
R000142,B023,1161.9,inf
R000143,B016,1161.9,3600.0
R000143,B021,1161.9,inf
R000144,B016,1221.9,3600.0
R000144,B021,1221.9,inf
R000144,B022,1221.9,inf
R000145,B016,1161.9,3600.0
R000145,B017,1161.9,3600.0
R000146,B016,1221.9,3600.0
R000146,B017,1221.9,3600.0
R000146,B021,1221.9,inf
R000147,B031,1228.1,inf
R000148,B029,1228.1,inf
R000149,B029,1288.1,inf
R000149,B031,1288.1,inf
R000150,B029,1288.1,inf
R000150,B030,1288.1,inf
R000151,B025,1228.1,7200.0
R000152,B025,1288.1,7200.0
R000152,B031,1288.1,inf
R000153,B025,1288.1,7200.0
R000153,B029,1288.1,inf
R000154,B025,1288.1,7200.0
R000154,B026,1288.1,inf
R000155,B024,1228.1,7200.0
R000156,B024,1288.1,7200.0
R000156,B031,1288.1,inf
R000157,B024,1288.1,7200.0
R000157,B029,1288.1,inf
R000158,B024,1348.1,7200.0
R000158,B029,1348.1,inf
R000158,B030,1348.1,inf
R000159,B024,1288.1,7200.0
R000159,B025,1288.1,7200.0
R000160,B024,1348.1,7200.0
R000160,B025,1348.1,7200.0
R000160,B029,1348.1,inf
R000161,B037,1184.5,inf
R000162,B036,1184.5,inf
R000163,B036,1244.5,inf
R000163,B037,1244.5,inf
R000164,B033,1184.5,7200.0
R000165,B033,1244.5,7200.0
R000165,B037,1244.5,inf
R000166,B033,1244.5,7200.0
R000166,B036,1244.5,inf
R000167,B033,1244.5,7200.0
R000167,B034,1244.5,inf
R000168,B032,1184.5,7200.0
R000169,B032,1244.5,7200.0
R000169,B037,1244.5,inf
R000170,B032,1244.5,7200.0
R000170,B036,1244.5,inf
R000171,B032,1244.5,7200.0
R000171,B033,1244.5,7200.0
R000172,B032,1304.5,7200.0
R000172,B033,1304.5,7200.0
R000172,B036,1304.5,inf
R000173,B043,982.3,inf
R000174,B042,982.3,inf
R000175,B042,1042.3,inf
R000175,B043,1042.3,inf
R000176,B039,982.3,10800.0
R000177,B039,1042.3,10800.0
R000177,B043,1042.3,inf
R000178,B039,1042.3,10800.0
R000178,B042,1042.3,inf
R000179,B039,1042.3,10800.0
R000179,B040,1042.3,inf
R000180,B038,982.3,10800.0
R000181,B038,1042.3,10800.0
R000181,B043,1042.3,inf
R000182,B038,1042.3,10800.0
R000182,B042,1042.3,inf
R000183,B038,1042.3,10800.0
R000183,B039,1042.3,10800.0
R000184,B038,1102.3,10800.0
R000184,B039,1102.3,10800.0
R000184,B042,1102.3,inf
R000185,B049,822.1,inf
R000186,B048,822.1,inf
R000187,B048,882.1,inf
R000187,B049,882.1,inf
R000188,B045,822.1,3600.0
R000189,B045,882.1,3600.0
R000189,B049,882.1,inf
R000190,B045,882.1,3600.0
R000190,B048,882.1,inf
R000191,B045,882.1,3600.0
R000191,B046,882.1,inf
R000192,B044,822.1,3600.0
R000193,B044,882.1,3600.0
R000193,B049,882.1,inf
R000194,B044,882.1,3600.0
R000194,B048,882.1,inf
R000195,B044,882.1,3600.0
R000195,B045,882.1,3600.0
R000196,B044,942.1,3600.0
R000196,B045,942.1,3600.0
R000196,B048,942.1,inf
R000197,B054,1005.7,inf
R000198,B053,1005.7,inf
R000199,B053,1065.7,inf
R000199,B054,1065.7,inf
R000200,B051,1005.7,3600.0
R000201,B051,1065.7,3600.0
R000201,B054,1065.7,inf
R000202,B051,1065.7,3600.0
R000202,B053,1065.7,inf
R000203,B051,1065.7,3600.0
R000203,B052,1065.7,inf
R000204,B050,1005.7,3600.0
R000205,B050,1065.7,3600.0
R000205,B054,1065.7,inf
R000206,B050,1065.7,3600.0
R000206,B053,1065.7,inf
R000207,B050,1065.7,3600.0
R000207,B051,1065.7,3600.0
R000208,B050,1125.7,3600.0
R000208,B051,1125.7,3600.0
R000208,B053,1125.7,inf
R000209,B059,1173.2,inf
R000210,B058,1173.2,inf
R000211,B058,1233.2,inf
R000211,B059,1233.2,inf
R000212,B056,1173.2,7200.0
R000213,B056,1233.2,7200.0
R000213,B059,1233.2,inf
R000214,B056,1233.2,7200.0
R000214,B058,1233.2,inf
R000215,B056,1233.2,7200.0
R000215,B057,1233.2,inf
R000216,B055,1173.2,7200.0
R000217,B055,1233.2,7200.0
R000217,B059,1233.2,inf
R000218,B055,1233.2,7200.0
R000218,B058,1233.2,inf
R000219,B055,1233.2,7200.0
R000219,B056,1233.2,7200.0
R000220,B055,1293.2,7200.0
R000220,B056,1293.2,7200.0
R000220,B058,1293.2,inf
R000221,B062,972.0,inf
R000222,B061,972.0,10800.0
R000223,B061,1032.0,10800.0
R000223,B062,1032.0,inf
R000224,B060,972.0,10800.0
R000225,B060,1032.0,10800.0
R000225,B062,1032.0,inf
R000226,B060,1032.0,10800.0
R000226,B061,1032.0,10800.0
R000227,B060,1092.0,10800.0
R000227,B061,1092.0,10800.0
R000227,B062,1092.0,inf
R000228,B065,964.8,inf
R000229,B064,964.8,3600.0
R000230,B064,1024.8,3600.0
R000230,B065,1024.8,inf
R000231,B063,964.8,3600.0
R000232,B063,1024.8,3600.0
R000232,B065,1024.8,inf
R000233,B063,1024.8,3600.0
R000233,B064,1024.8,3600.0
R000234,B063,1084.8,3600.0
R000234,B064,1084.8,3600.0
R000234,B065,1084.8,inf
R000235,B068,787.0,inf
R000236,B067,787.0,10800.0
R000237,B067,847.0,10800.0
R000237,B068,847.0,inf
R000238,B066,787.0,10800.0
R000239,B066,847.0,10800.0
R000239,B068,847.0,inf
R000240,B066,847.0,10800.0
R000240,B067,847.0,10800.0
R000241,B066,907.0,10800.0
R000241,B067,907.0,10800.0
R000241,B068,907.0,inf
R000242,B071,1151.8,inf
R000243,B070,1151.8,3600.0
R000244,B070,1211.8,3600.0
R000244,B071,1211.8,inf
R000245,B069,1151.8,3600.0
R000246,B069,1211.8,3600.0
R000246,B071,1211.8,inf
R000247,B069,1211.8,3600.0
R000247,B070,1211.8,3600.0
R000248,B069,1271.8,3600.0
R000248,B070,1271.8,3600.0
R000248,B071,1271.8,inf
R000249,B074,942.7,inf
R000250,B073,942.7,3600.0
R000251,B073,1002.7,3600.0
R000251,B074,1002.7,inf
R000252,B072,942.7,3600.0
R000253,B072,1002.7,3600.0
R000253,B074,1002.7,inf
R000254,B072,1002.7,3600.0
R000254,B073,1002.7,3600.0
R000255,B072,1062.7,3600.0
R000255,B073,1062.7,3600.0
R000255,B074,1062.7,inf
R000256,B077,1121.9,inf
R000257,B076,1121.9,3600.0
R000258,B076,1181.9,3600.0
R000258,B077,1181.9,inf
R000259,B075,1121.9,3600.0
R000260,B075,1181.9,3600.0
R000260,B077,1181.9,inf
R000261,B075,1181.9,3600.0
R000261,B076,1181.9,3600.0
R000262,B075,1241.9,3600.0
R000262,B076,1241.9,3600.0
R000262,B077,1241.9,inf
R000263,B080,1098.2,inf
R000264,B079,1098.2,10800.0
R000265,B079,1158.2,10800.0
R000265,B080,1158.2,inf
R000266,B078,1098.2,7200.0
R000267,B078,1158.2,7200.0
R000267,B080,1158.2,inf
R000268,B078,1158.2,7200.0
R000268,B079,1158.2,10800.0
R000269,B078,1218.2,7200.0
R000269,B079,1218.2,10800.0
R000269,B080,1218.2,inf
R000270,B014,852.9,inf
R000271,B014,918.9,inf
R000271,B015,918.9,inf
R000272,B011,852.9,inf
R000273,B011,918.9,inf
R000273,B014,918.9,inf
R000274,B011,984.9,inf
R000274,B014,984.9,inf
R000274,B015,984.9,inf
R000275,B011,918.9,inf
R000275,B012,918.9,inf
R000276,B011,984.9,inf
R000276,B012,984.9,inf
R000276,B014,984.9,inf
R000277,B011,1050.9,inf
R000277,B012,1050.9,inf
R000277,B014,1050.9,inf
R000277,B015,1050.9,inf
R000278,B011,984.9,inf
R000278,B012,984.9,inf
R000278,B013,984.9,inf
R000279,B011,1050.9,inf
R000279,B012,1050.9,inf
R000279,B013,1050.9,inf
R000279,B014,1050.9,inf
R000280,B011,1116.9,inf
R000280,B012,1116.9,inf
R000280,B013,1116.9,inf
R000280,B014,1116.9,inf
R000280,B015,1116.9,inf
R000281,B003,852.9,3600.0
R000282,B003,918.9,3600.0
R000282,B014,918.9,inf
R000283,B003,984.9,3600.0
R000283,B014,984.9,inf
R000283,B015,984.9,inf
R000284,B003,918.9,3600.0
R000284,B011,918.9,inf
R000285,B003,984.9,3600.0
R000285,B011,984.9,inf
R000285,B014,984.9,inf
R000286,B003,1050.9,3600.0
R000286,B011,1050.9,inf
R000286,B014,1050.9,inf
R000286,B015,1050.9,inf
R000287,B003,984.9,3600.0
R000287,B011,984.9,inf
R000287,B012,984.9,inf
R000288,B003,1050.9,3600.0
R000288,B011,1050.9,inf
R000288,B012,1050.9,inf
R000288,B014,1050.9,inf
R000289,B003,1116.9,3600.0
R000289,B011,1116.9,inf
R000289,B012,1116.9,inf
R000289,B014,1116.9,inf
R000289,B015,1116.9,inf
R000290,B003,1050.9,3600.0
R000290,B011,1050.9,inf
R000290,B012,1050.9,inf
R000290,B013,1050.9,inf
R000291,B003,1116.9,3600.0
R000291,B011,1116.9,inf
R000291,B012,1116.9,inf
R000291,B013,1116.9,inf
R000291,B014,1116.9,inf
R000292,B003,1182.9,3600.0
R000292,B011,1182.9,inf
R000292,B012,1182.9,inf
R000292,B013,1182.9,inf
R000292,B014,1182.9,inf
R000292,B015,1182.9,inf
R000293,B003,918.9,3600.0
R000293,B004,918.9,inf
R000294,B003,984.9,3600.0
R000294,B004,984.9,inf
R000294,B014,984.9,inf
R000295,B003,1050.9,3600.0
R000295,B004,1050.9,inf
R000295,B014,1050.9,inf
R000295,B015,1050.9,inf
R000296,B003,984.9,3600.0
R000296,B004,984.9,inf
R000296,B011,984.9,inf
R000297,B003,1050.9,3600.0
R000297,B004,1050.9,inf
R000297,B011,1050.9,inf
R000297,B014,1050.9,inf
R000298,B003,1116.9,3600.0
R000298,B004,1116.9,inf
R000298,B011,1116.9,inf
R000298,B014,1116.9,inf
R000298,B015,1116.9,inf
R000299,B003,1050.9,3600.0
R000299,B004,1050.9,inf
R000299,B011,1050.9,inf
R000299,B012,1050.9,inf
R000300,B003,1116.9,3600.0
R000300,B004,1116.9,inf
R000300,B011,1116.9,inf
R000300,B012,1116.9,inf
R000300,B014,1116.9,inf
R000301,B003,1182.9,3600.0
R000301,B004,1182.9,inf
R000301,B011,1182.9,inf
R000301,B012,1182.9,inf
R000301,B014,1182.9,inf
R000301,B015,1182.9,inf
R000302,B003,1116.9,3600.0
R000302,B004,1116.9,inf
R000302,B011,1116.9,inf
R000302,B012,1116.9,inf
R000302,B013,1116.9,inf
R000303,B003,1182.9,3600.0
R000303,B004,1182.9,inf
R000303,B011,1182.9,inf
R000303,B012,1182.9,inf
R000303,B013,1182.9,inf
R000303,B014,1182.9,inf
R000304,B003,1248.9,3600.0
R000304,B004,1248.9,inf
R000304,B011,1248.9,inf
R000304,B012,1248.9,inf
R000304,B013,1248.9,inf
R000304,B014,1248.9,inf
R000304,B015,1248.9,inf
R000305,B003,984.9,3600.0
R000305,B004,984.9,inf
R000305,B005,984.9,inf
R000306,B003,1050.9,3600.0
R000306,B004,1050.9,inf
R000306,B005,1050.9,inf
R000306,B014,1050.9,inf
R000307,B003,1116.9,3600.0
R000307,B004,1116.9,inf
R000307,B005,1116.9,inf
R000307,B014,1116.9,inf
R000307,B015,1116.9,inf
R000308,B003,1050.9,3600.0
R000308,B004,1050.9,inf
R000308,B005,1050.9,inf
R000308,B011,1050.9,inf
R000310,B003,1182.9,3600.0
R000310,B004,1182.9,inf
R000310,B005,1182.9,inf
R000310,B011,1182.9,inf
R000310,B014,1182.9,inf
R000310,B015,1182.9,inf
R000311,B003,1116.9,3600.0
R000311,B004,1116.9,inf
R000311,B005,1116.9,inf
R000311,B011,1116.9,inf
R000311,B012,1116.9,inf
R000312,B003,1182.9,3600.0
R000312,B004,1182.9,inf
R000312,B005,1182.9,inf
R000312,B011,1182.9,inf
R000312,B012,1182.9,inf
R000312,B014,1182.9,inf
R000313,B003,1248.9,3600.0
R000313,B004,1248.9,inf
R000313,B005,1248.9,inf
R000313,B011,1248.9,inf
R000313,B012,1248.9,inf
R000313,B014,1248.9,inf
R000313,B015,1248.9,inf
R000314,B003,1182.9,3600.0
R000314,B004,1182.9,inf
R000314,B005,1182.9,inf
R000314,B011,1182.9,inf
R000314,B012,1182.9,inf
R000314,B013,1182.9,inf
R000315,B003,1248.9,3600.0
R000315,B004,1248.9,inf
R000315,B005,1248.9,inf
R000315,B011,1248.9,inf
R000315,B012,1248.9,inf
R000315,B013,1248.9,inf
R000315,B014,1248.9,inf
R000316,B003,1314.9,3600.0
R000316,B004,1314.9,inf
R000316,B005,1314.9,inf
R000316,B011,1314.9,inf
R000316,B012,1314.9,inf
R000316,B013,1314.9,inf
R000316,B014,1314.9,inf
R000316,B015,1314.9,inf
R000317,B003,1050.9,3600.0
R000317,B004,1050.9,inf
R000317,B005,1050.9,inf
R000317,B006,1050.9,inf
R000318,B003,1116.9,3600.0
R000318,B004,1116.9,inf
R000318,B005,1116.9,inf
R000318,B006,1116.9,inf
R000318,B014,1116.9,inf
R000319,B003,1182.9,3600.0
R000319,B004,1182.9,inf
R000319,B005,1182.9,inf
R000319,B006,1182.9,inf
R000319,B014,1182.9,inf
R000319,B015,1182.9,inf
R000320,B003,1116.9,3600.0
R000320,B004,1116.9,inf
R000320,B005,1116.9,inf
R000320,B006,1116.9,inf
R000320,B011,1116.9,inf
R000321,B003,1182.9,3600.0
R000321,B004,1182.9,inf
R000321,B005,1182.9,inf
R000321,B006,1182.9,inf
R000321,B011,1182.9,inf
R000321,B014,1182.9,inf
R000322,B003,1248.9,3600.0
R000322,B004,1248.9,inf
R000322,B005,1248.9,inf
R000322,B006,1248.9,inf
R000322,B011,1248.9,inf
R000322,B014,1248.9,inf
R000322,B015,1248.9,inf
R000323,B003,1182.9,3600.0
R000323,B004,1182.9,inf
R000323,B005,1182.9,inf
R000323,B006,1182.9,inf
R000323,B011,1182.9,inf
R000323,B012,1182.9,inf
R000324,B003,1248.9,3600.0
R000324,B004,1248.9,inf
R000324,B005,1248.9,inf
R000324,B006,1248.9,inf
R000324,B011,1248.9,inf
R000324,B012,1248.9,inf
R000324,B014,1248.9,inf
R000326,B003,1116.9,3600.0
R000326,B004,1116.9,inf
R000326,B005,1116.9,inf
R000326,B006,1116.9,inf
R000326,B007,1116.9,inf
R000327,B003,1182.9,3600.0
R000327,B004,1182.9,inf
R000327,B005,1182.9,inf
R000327,B006,1182.9,inf
R000327,B007,1182.9,inf
R000327,B014,1182.9,inf
R000328,B003,1182.9,3600.0
R000328,B004,1182.9,inf
R000328,B005,1182.9,inf
R000328,B006,1182.9,inf
R000328,B007,1182.9,inf
R000328,B011,1182.9,inf
R000329,B001,852.9,3600.0
R000330,B001,918.9,3600.0
R000330,B014,918.9,inf
R000331,B001,984.9,3600.0
R000331,B014,984.9,inf
R000331,B015,984.9,inf
R000332,B001,918.9,3600.0
R000332,B011,918.9,inf
R000333,B001,984.9,3600.0
R000333,B011,984.9,inf
R000333,B014,984.9,inf
R000334,B001,1050.9,3600.0
R000334,B011,1050.9,inf
R000334,B014,1050.9,inf
R000334,B015,1050.9,inf
R000335,B001,984.9,3600.0
R000335,B011,984.9,inf
R000335,B012,984.9,inf
R000336,B001,1050.9,3600.0
R000336,B011,1050.9,inf
R000336,B012,1050.9,inf
R000336,B014,1050.9,inf
R000337,B001,1116.9,3600.0
R000337,B011,1116.9,inf
R000337,B012,1116.9,inf
R000337,B014,1116.9,inf
R000337,B015,1116.9,inf
R000338,B001,1050.9,3600.0
R000338,B011,1050.9,inf
R000338,B012,1050.9,inf
R000338,B013,1050.9,inf
R000339,B001,1116.9,3600.0
R000339,B011,1116.9,inf
R000339,B012,1116.9,inf
R000339,B013,1116.9,inf
R000339,B014,1116.9,inf
R000340,B001,1182.9,3600.0
R000340,B011,1182.9,inf
R000340,B012,1182.9,inf
R000340,B013,1182.9,inf
R000340,B014,1182.9,inf
R000340,B015,1182.9,inf
R000341,B001,918.9,3600.0
R000341,B003,918.9,3600.0
R000342,B001,984.9,3600.0
R000342,B003,984.9,3600.0
R000342,B014,984.9,inf
R000343,B001,1050.9,3600.0
R000343,B003,1050.9,3600.0
R000343,B014,1050.9,inf
R000343,B015,1050.9,inf
R000344,B001,984.9,3600.0
R000344,B003,984.9,3600.0
R000344,B011,984.9,inf
R000345,B001,1050.9,3600.0
R000345,B003,1050.9,3600.0
R000345,B011,1050.9,inf
R000345,B014,1050.9,inf
R000346,B001,1116.9,3600.0
R000346,B003,1116.9,3600.0
R000346,B011,1116.9,inf
R000346,B014,1116.9,inf
R000346,B015,1116.9,inf
R000347,B001,1050.9,3600.0
R000347,B003,1050.9,3600.0
R000347,B011,1050.9,inf
R000347,B012,1050.9,inf
R000348,B001,1116.9,3600.0
R000348,B003,1116.9,3600.0
R000348,B011,1116.9,inf
R000348,B012,1116.9,inf
R000348,B014,1116.9,inf
R000349,B001,1182.9,3600.0
R000349,B003,1182.9,3600.0
R000349,B011,1182.9,inf
R000349,B012,1182.9,inf
R000349,B014,1182.9,inf
R000349,B015,1182.9,inf
R000350,B001,1116.9,3600.0
R000350,B003,1116.9,3600.0
R000350,B011,1116.9,inf
R000350,B012,1116.9,inf
R000350,B013,1116.9,inf
R000351,B001,1182.9,3600.0
R000351,B003,1182.9,3600.0
R000351,B011,1182.9,inf
R000351,B012,1182.9,inf
R000351,B013,1182.9,inf
R000351,B014,1182.9,inf
R000352,B001,1248.9,3600.0
R000352,B003,1248.9,3600.0
R000352,B011,1248.9,inf
R000352,B012,1248.9,inf
R000352,B013,1248.9,inf
R000352,B014,1248.9,inf
R000352,B015,1248.9,inf
R000353,B001,984.9,3600.0
R000353,B003,984.9,3600.0
R000353,B004,984.9,inf
R000354,B001,1050.9,3600.0
R000354,B003,1050.9,3600.0
R000354,B004,1050.9,inf
R000354,B014,1050.9,inf
R000355,B001,1116.9,3600.0
R000355,B003,1116.9,3600.0
R000355,B004,1116.9,inf
R000355,B014,1116.9,inf
R000355,B015,1116.9,inf
R000356,B001,1050.9,3600.0
R000356,B003,1050.9,3600.0
R000356,B004,1050.9,inf
R000356,B011,1050.9,inf
R000359,B001,1116.9,3600.0
R000359,B003,1116.9,3600.0
R000359,B004,1116.9,inf
R000359,B011,1116.9,inf
R000359,B012,1116.9,inf
R000364,B001,1314.9,3600.0
R000364,B003,1314.9,3600.0
R000364,B004,1314.9,inf
R000364,B011,1314.9,inf
R000364,B012,1314.9,inf
R000364,B013,1314.9,inf
R000364,B014,1314.9,inf
R000364,B015,1314.9,inf
R000365,B001,1050.9,3600.0
R000365,B003,1050.9,3600.0
R000365,B004,1050.9,inf
R000365,B005,1050.9,inf
R000366,B001,1116.9,3600.0
R000366,B003,1116.9,3600.0
R000366,B004,1116.9,inf
R000366,B005,1116.9,inf
R000366,B014,1116.9,inf
R000367,B001,1182.9,3600.0
R000367,B003,1182.9,3600.0
R000367,B004,1182.9,inf
R000367,B005,1182.9,inf
R000367,B014,1182.9,inf
R000367,B015,1182.9,inf
R000368,B001,1116.9,3600.0
R000368,B003,1116.9,3600.0
R000368,B004,1116.9,inf
R000368,B005,1116.9,inf
R000368,B011,1116.9,inf
R000369,B001,1182.9,3600.0
R000369,B003,1182.9,3600.0
R000369,B004,1182.9,inf
R000369,B005,1182.9,inf
R000369,B011,1182.9,inf
R000369,B014,1182.9,inf
R000373,B001,1314.9,3600.0
R000373,B003,1314.9,3600.0
R000373,B004,1314.9,inf
R000373,B005,1314.9,inf
R000373,B011,1314.9,inf
R000373,B012,1314.9,inf
R000373,B014,1314.9,inf
R000373,B015,1314.9,inf
R000374,B001,1248.9,3600.0
R000374,B003,1248.9,3600.0
R000374,B004,1248.9,inf
R000374,B005,1248.9,inf
R000374,B011,1248.9,inf
R000374,B012,1248.9,inf
R000374,B013,1248.9,inf
R000375,B001,1314.9,3600.0
R000375,B003,1314.9,3600.0
R000375,B004,1314.9,inf
R000375,B005,1314.9,inf
R000375,B011,1314.9,inf
R000375,B012,1314.9,inf
R000375,B013,1314.9,inf
R000375,B014,1314.9,inf
R000376,B001,1116.9,3600.0
R000376,B003,1116.9,3600.0
R000376,B004,1116.9,inf
R000376,B005,1116.9,inf
R000376,B006,1116.9,inf
R000377,B001,1182.9,3600.0
R000377,B003,1182.9,3600.0
R000377,B004,1182.9,inf
R000377,B005,1182.9,inf
R000377,B006,1182.9,inf
R000377,B014,1182.9,inf
R000378,B001,1248.9,3600.0
R000378,B003,1248.9,3600.0
R000378,B004,1248.9,inf
R000378,B005,1248.9,inf
R000378,B006,1248.9,inf
R000378,B014,1248.9,inf
R000378,B015,1248.9,inf
R000379,B001,1182.9,3600.0
R000379,B003,1182.9,3600.0
R000379,B004,1182.9,inf
R000379,B005,1182.9,inf
R000379,B006,1182.9,inf
R000379,B011,1182.9,inf
R000380,B001,1248.9,3600.0
R000380,B003,1248.9,3600.0
R000380,B004,1248.9,inf
R000380,B005,1248.9,inf
R000380,B006,1248.9,inf
R000380,B011,1248.9,inf
R000380,B014,1248.9,inf
R000381,B001,1314.9,3600.0
R000381,B003,1314.9,3600.0
R000381,B004,1314.9,inf
R000381,B005,1314.9,inf
R000381,B006,1314.9,inf
R000381,B011,1314.9,inf
R000381,B014,1314.9,inf
R000381,B015,1314.9,inf
R000382,B001,1248.9,3600.0
R000382,B003,1248.9,3600.0
R000382,B004,1248.9,inf
R000382,B005,1248.9,inf
R000382,B006,1248.9,inf
R000382,B011,1248.9,inf
R000382,B012,1248.9,inf
R000383,B001,1182.9,3600.0
R000383,B003,1182.9,3600.0
R000383,B004,1182.9,inf
R000383,B005,1182.9,inf
R000383,B006,1182.9,inf
R000383,B007,1182.9,inf
R000384,B001,1248.9,3600.0
R000384,B003,1248.9,3600.0
R000384,B004,1248.9,inf
R000384,B005,1248.9,inf
R000384,B006,1248.9,inf
R000384,B007,1248.9,inf
R000384,B014,1248.9,inf
R000385,B001,918.9,3600.0
R000385,B002,918.9,inf
R000386,B001,984.9,3600.0
R000386,B002,984.9,inf
R000386,B014,984.9,inf
R000387,B001,1050.9,3600.0
R000387,B002,1050.9,inf
R000387,B014,1050.9,inf
R000387,B015,1050.9,inf
R000388,B001,984.9,3600.0
R000388,B002,984.9,inf
R000388,B011,984.9,inf
R000389,B001,1050.9,3600.0
R000389,B002,1050.9,inf
R000389,B011,1050.9,inf
R000389,B014,1050.9,inf
R000390,B001,1116.9,3600.0
R000390,B002,1116.9,inf
R000390,B011,1116.9,inf
R000390,B014,1116.9,inf
R000390,B015,1116.9,inf
R000391,B001,1050.9,3600.0
R000391,B002,1050.9,inf
R000391,B011,1050.9,inf
R000391,B012,1050.9,inf
R000392,B001,1116.9,3600.0
R000392,B002,1116.9,inf
R000392,B011,1116.9,inf
R000392,B012,1116.9,inf
R000392,B014,1116.9,inf
R000393,B001,1182.9,3600.0
R000393,B002,1182.9,inf
R000393,B011,1182.9,inf
R000393,B012,1182.9,inf
R000393,B014,1182.9,inf
R000393,B015,1182.9,inf
R000394,B001,1116.9,3600.0
R000394,B002,1116.9,inf
R000394,B011,1116.9,inf
R000394,B012,1116.9,inf
R000394,B013,1116.9,inf
R000395,B001,1182.9,3600.0
R000395,B002,1182.9,inf
R000395,B011,1182.9,inf
R000395,B012,1182.9,inf
R000395,B013,1182.9,inf
R000395,B014,1182.9,inf
R000396,B001,1248.9,3600.0
R000396,B002,1248.9,inf
R000396,B011,1248.9,inf
R000396,B012,1248.9,inf
R000396,B013,1248.9,inf
R000396,B014,1248.9,inf
R000396,B015,1248.9,inf
R000397,B001,984.9,3600.0
R000397,B002,984.9,inf
R000397,B003,984.9,3600.0
R000398,B001,1050.9,3600.0
R000398,B002,1050.9,inf
R000398,B003,1050.9,3600.0
R000398,B014,1050.9,inf
R000399,B001,1116.9,3600.0
R000399,B002,1116.9,inf
R000399,B003,1116.9,3600.0
R000399,B014,1116.9,inf
R000399,B015,1116.9,inf
R000400,B001,1050.9,3600.0
R000400,B002,1050.9,inf
R000400,B003,1050.9,3600.0
R000400,B011,1050.9,inf
R000401,B001,1116.9,3600.0
R000401,B002,1116.9,inf
R000401,B003,1116.9,3600.0
R000401,B011,1116.9,inf
R000401,B014,1116.9,inf
R000409,B001,1050.9,3600.0
R000409,B002,1050.9,inf
R000409,B003,1050.9,3600.0
R000409,B004,1050.9,inf
R000410,B001,1116.9,3600.0
R000410,B002,1116.9,inf
R000410,B003,1116.9,3600.0
R000410,B004,1116.9,inf
R000410,B014,1116.9,inf
R000421,B001,1116.9,3600.0
R000421,B002,1116.9,inf
R000421,B003,1116.9,3600.0
R000421,B004,1116.9,inf
R000421,B005,1116.9,inf
R000423,B001,1248.9,3600.0
R000423,B002,1248.9,inf
R000423,B003,1248.9,3600.0
R000423,B004,1248.9,inf
R000423,B005,1248.9,inf
R000423,B014,1248.9,inf
R000423,B015,1248.9,inf
R000432,B001,1182.9,3600.0
R000432,B002,1182.9,inf
R000432,B003,1182.9,3600.0
R000432,B004,1182.9,inf
R000432,B005,1182.9,inf
R000432,B006,1182.9,inf
R000433,B001,1248.9,3600.0
R000433,B002,1248.9,inf
R000433,B003,1248.9,3600.0
R000433,B004,1248.9,inf
R000433,B005,1248.9,inf
R000433,B006,1248.9,inf
R000433,B014,1248.9,inf
R000438,B001,1248.9,3600.0
R000438,B002,1248.9,inf
R000438,B003,1248.9,3600.0
R000438,B004,1248.9,inf
R000438,B005,1248.9,inf
R000438,B006,1248.9,inf
R000438,B007,1248.9,inf
R000439,B023,1158.9,inf
R000440,B021,1158.9,inf
R000441,B021,1224.9,inf
R000441,B023,1224.9,inf
R000442,B021,1224.9,inf
R000442,B022,1224.9,inf
R000443,B021,1290.9,inf
R000443,B022,1290.9,inf
R000443,B023,1290.9,inf
R000444,B017,1158.9,3600.0
R000445,B017,1224.9,3600.0
R000445,B023,1224.9,inf
R000446,B017,1224.9,3600.0
R000446,B021,1224.9,inf
R000447,B017,1290.9,3600.0
R000447,B021,1290.9,inf
R000447,B023,1290.9,inf
R000448,B017,1290.9,3600.0
R000448,B021,1290.9,inf
R000448,B022,1290.9,inf
R000449,B017,1356.9,3600.0
R000449,B021,1356.9,inf
R000449,B022,1356.9,inf
R000449,B023,1356.9,inf
R000450,B017,1224.9,3600.0
R000450,B018,1224.9,inf
R000451,B017,1290.9,3600.0
R000451,B018,1290.9,inf
R000451,B023,1290.9,inf
R000452,B017,1290.9,3600.0
R000452,B018,1290.9,inf
R000452,B021,1290.9,inf
R000453,B017,1356.9,3600.0
R000453,B018,1356.9,inf
R000453,B021,1356.9,inf
R000453,B023,1356.9,inf
R000454,B017,1356.9,3600.0
R000454,B018,1356.9,inf
R000454,B021,1356.9,inf
R000454,B022,1356.9,inf
R000456,B017,1290.9,3600.0
R000456,B018,1290.9,inf
R000456,B019,1290.9,inf
R000457,B017,1356.9,3600.0
R000457,B018,1356.9,inf
R000457,B019,1356.9,inf
R000457,B023,1356.9,inf
R000458,B017,1356.9,3600.0
R000458,B018,1356.9,inf
R000458,B019,1356.9,inf
R000458,B021,1356.9,inf
R000459,B017,1422.9,3600.0
R000459,B018,1422.9,inf
R000459,B019,1422.9,inf
R000459,B021,1422.9,inf
R000459,B023,1422.9,inf
R000460,B017,1422.9,3600.0
R000460,B018,1422.9,inf
R000460,B019,1422.9,inf
R000460,B021,1422.9,inf
R000460,B022,1422.9,inf
R000461,B017,1488.9,3600.0
R000461,B018,1488.9,inf
R000461,B019,1488.9,inf
R000461,B021,1488.9,inf
R000461,B022,1488.9,inf
R000461,B023,1488.9,inf
R000462,B017,1356.9,3600.0
R000462,B018,1356.9,inf
R000462,B019,1356.9,inf
R000462,B020,1356.9,inf
R000463,B017,1422.9,3600.0
R000463,B018,1422.9,inf
R000463,B019,1422.9,inf
R000463,B020,1422.9,inf
R000463,B023,1422.9,inf
R000464,B017,1422.9,3600.0
R000464,B018,1422.9,inf
R000464,B019,1422.9,inf
R000464,B020,1422.9,inf
R000464,B021,1422.9,inf
R000465,B016,1158.9,3600.0
R000466,B016,1224.9,3600.0
R000466,B023,1224.9,inf
R000467,B016,1224.9,3600.0
R000467,B021,1224.9,inf
R000468,B016,1290.9,3600.0
R000468,B021,1290.9,inf
R000468,B023,1290.9,inf
R000469,B016,1290.9,3600.0
R000469,B021,1290.9,inf
R000469,B022,1290.9,inf
R000470,B016,1356.9,3600.0
R000470,B021,1356.9,inf
R000470,B022,1356.9,inf
R000470,B023,1356.9,inf
R000471,B016,1224.9,3600.0
R000471,B017,1224.9,3600.0
R000472,B016,1290.9,3600.0
R000472,B017,1290.9,3600.0
R000472,B023,1290.9,inf
R000473,B016,1290.9,3600.0
R000473,B017,1290.9,3600.0
R000473,B021,1290.9,inf
R000475,B016,1356.9,3600.0
R000475,B017,1356.9,3600.0
R000475,B021,1356.9,inf
R000475,B022,1356.9,inf
R000477,B016,1290.9,3600.0
R000477,B017,1290.9,3600.0
R000477,B018,1290.9,inf
R000478,B016,1356.9,3600.0
R000478,B017,1356.9,3600.0
R000478,B018,1356.9,inf
R000478,B023,1356.9,inf
R000479,B016,1356.9,3600.0
R000479,B017,1356.9,3600.0
R000479,B018,1356.9,inf
R000479,B021,1356.9,inf
R000483,B016,1356.9,3600.0
R000483,B017,1356.9,3600.0
R000483,B018,1356.9,inf
R000483,B019,1356.9,inf
R000484,B016,1422.9,3600.0
R000484,B017,1422.9,3600.0
R000484,B018,1422.9,inf
R000484,B019,1422.9,inf
R000484,B023,1422.9,inf
R000487,B016,1488.9,3600.0
R000487,B017,1488.9,3600.0
R000487,B018,1488.9,inf
R000487,B019,1488.9,inf
R000487,B021,1488.9,inf
R000487,B022,1488.9,inf
R000489,B016,1422.9,3600.0
R000489,B017,1422.9,3600.0
R000489,B018,1422.9,inf
R000489,B019,1422.9,inf
R000489,B020,1422.9,inf
R000490,B016,1488.9,3600.0
R000490,B017,1488.9,3600.0
R000490,B018,1488.9,inf
R000490,B019,1488.9,inf
R000490,B020,1488.9,inf
R000490,B023,1488.9,inf
R000491,B016,1488.9,3600.0
R000491,B017,1488.9,3600.0
R000491,B018,1488.9,inf
R000491,B019,1488.9,inf
R000491,B020,1488.9,inf
R000491,B021,1488.9,inf
R000492,B031,1315.4,inf
R000493,B029,1315.4,inf
R000494,B029,1381.4,inf
R000494,B031,1381.4,inf
R000495,B029,1381.4,inf
R000495,B030,1381.4,inf
R000496,B029,1447.4,inf
R000496,B030,1447.4,inf
R000496,B031,1447.4,inf
R000497,B025,1315.4,7200.0
R000498,B025,1381.4,7200.0
R000498,B031,1381.4,inf
R000499,B025,1381.4,7200.0
R000499,B029,1381.4,inf
R000500,B025,1447.4,7200.0
R000500,B029,1447.4,inf
R000500,B031,1447.4,inf
R000501,B025,1447.4,7200.0
R000501,B029,1447.4,inf
R000501,B030,1447.4,inf
R000502,B025,1513.4,7200.0
R000502,B029,1513.4,inf
R000502,B030,1513.4,inf
R000502,B031,1513.4,inf
R000503,B025,1381.4,7200.0
R000503,B026,1381.4,inf
R000504,B025,1447.4,7200.0
R000504,B026,1447.4,inf
R000504,B031,1447.4,inf
R000505,B025,1447.4,7200.0
R000505,B026,1447.4,inf
R000505,B029,1447.4,inf
R000506,B025,1513.4,7200.0
R000506,B026,1513.4,inf
R000506,B029,1513.4,inf
R000506,B031,1513.4,inf
R000507,B025,1513.4,7200.0
R000507,B026,1513.4,inf
R000507,B029,1513.4,inf
R000507,B030,1513.4,inf
R000508,B025,1579.4,7200.0
R000508,B026,1579.4,inf
R000508,B029,1579.4,inf
R000508,B030,1579.4,inf
R000508,B031,1579.4,inf
R000509,B025,1447.4,7200.0
R000509,B026,1447.4,inf
R000509,B027,1447.4,inf
R000510,B025,1513.4,7200.0
R000510,B026,1513.4,inf
R000510,B027,1513.4,inf
R000510,B031,1513.4,inf
R000511,B025,1513.4,7200.0
R000511,B026,1513.4,inf
R000511,B027,1513.4,inf
R000511,B029,1513.4,inf
R000512,B025,1579.4,7200.0
R000512,B026,1579.4,inf
R000512,B027,1579.4,inf
R000512,B029,1579.4,inf
R000512,B031,1579.4,inf
R000513,B025,1579.4,7200.0
R000513,B026,1579.4,inf
R000513,B027,1579.4,inf
R000513,B029,1579.4,inf
R000513,B030,1579.4,inf
R000514,B025,1645.4,7200.0
R000514,B026,1645.4,inf
R000514,B027,1645.4,inf
R000514,B029,1645.4,inf
R000514,B030,1645.4,inf
R000514,B031,1645.4,inf
R000515,B025,1513.4,7200.0
R000515,B026,1513.4,inf
R000515,B027,1513.4,inf
R000515,B028,1513.4,inf
R000516,B025,1579.4,7200.0
R000516,B026,1579.4,inf
R000516,B027,1579.4,inf
R000516,B028,1579.4,inf
R000516,B031,1579.4,inf
R000517,B025,1579.4,7200.0
R000517,B026,1579.4,inf
R000517,B027,1579.4,inf
R000517,B028,1579.4,inf
R000517,B029,1579.4,inf
R000518,B024,1315.4,7200.0
R000519,B024,1381.4,7200.0
R000519,B031,1381.4,inf
R000520,B024,1381.4,7200.0
R000520,B029,1381.4,inf
R000521,B024,1447.4,7200.0
R000521,B029,1447.4,inf
R000521,B031,1447.4,inf
R000522,B024,1447.4,7200.0
R000522,B029,1447.4,inf
R000522,B030,1447.4,inf
R000523,B024,1513.4,7200.0
R000523,B029,1513.4,inf
R000523,B030,1513.4,inf
R000523,B031,1513.4,inf
R000524,B024,1381.4,7200.0
R000524,B025,1381.4,7200.0
R000525,B024,1447.4,7200.0
R000525,B025,1447.4,7200.0
R000525,B031,1447.4,inf
R000526,B024,1447.4,7200.0
R000526,B025,1447.4,7200.0
R000526,B029,1447.4,inf
R000528,B024,1513.4,7200.0
R000528,B025,1513.4,7200.0
R000528,B029,1513.4,inf
R000528,B030,1513.4,inf
R000530,B024,1447.4,7200.0
R000530,B025,1447.4,7200.0
R000530,B026,1447.4,inf
R000534,B024,1579.4,7200.0
R000534,B025,1579.4,7200.0
R000534,B026,1579.4,inf
R000534,B029,1579.4,inf
R000534,B030,1579.4,inf
R000536,B024,1513.4,7200.0
R000536,B025,1513.4,7200.0
R000536,B026,1513.4,inf
R000536,B027,1513.4,inf
R000540,B024,1645.4,7200.0
R000540,B025,1645.4,7200.0
R000540,B026,1645.4,inf
R000540,B027,1645.4,inf
R000540,B029,1645.4,inf
R000540,B030,1645.4,inf
R000542,B024,1579.4,7200.0
R000542,B025,1579.4,7200.0
R000542,B026,1579.4,inf
R000542,B027,1579.4,inf
R000542,B028,1579.4,inf
R000543,B024,1645.4,7200.0
R000543,B025,1645.4,7200.0
R000543,B026,1645.4,inf
R000543,B027,1645.4,inf
R000543,B028,1645.4,inf
R000543,B031,1645.4,inf
R000544,B024,1645.4,7200.0
R000544,B025,1645.4,7200.0
R000544,B026,1645.4,inf
R000544,B027,1645.4,inf
R000544,B028,1645.4,inf
R000544,B029,1645.4,inf
R000545,B037,1255.6,inf
R000546,B036,1255.6,inf
R000547,B036,1321.6,inf
R000547,B037,1321.6,inf
R000548,B033,1255.6,7200.0
R000549,B033,1321.6,7200.0
R000549,B037,1321.6,inf
R000550,B033,1321.6,7200.0
R000550,B036,1321.6,inf
R000551,B033,1387.6,7200.0
R000551,B036,1387.6,inf
R000551,B037,1387.6,inf
R000552,B033,1321.6,7200.0
R000552,B034,1321.6,inf
R000553,B033,1387.6,7200.0
R000553,B034,1387.6,inf
R000553,B037,1387.6,inf
R000554,B033,1387.6,7200.0
R000554,B034,1387.6,inf
R000554,B036,1387.6,inf
R000555,B033,1453.6,7200.0
R000555,B034,1453.6,inf
R000555,B036,1453.6,inf
R000555,B037,1453.6,inf
R000556,B033,1387.6,7200.0
R000556,B034,1387.6,inf
R000556,B035,1387.6,inf
R000557,B033,1453.6,7200.0
R000557,B034,1453.6,inf
R000557,B035,1453.6,inf
R000557,B037,1453.6,inf
R000558,B033,1453.6,7200.0
R000558,B034,1453.6,inf
R000558,B035,1453.6,inf
R000558,B036,1453.6,inf
R000559,B033,1519.6,7200.0
R000559,B034,1519.6,inf
R000559,B035,1519.6,inf
R000559,B036,1519.6,inf
R000559,B037,1519.6,inf
R000560,B032,1255.6,7200.0
R000561,B032,1321.6,7200.0
R000561,B037,1321.6,inf
R000562,B032,1321.6,7200.0
R000562,B036,1321.6,inf
R000563,B032,1387.6,7200.0
R000563,B036,1387.6,inf
R000563,B037,1387.6,inf
R000564,B032,1321.6,7200.0
R000564,B033,1321.6,7200.0
R000565,B032,1387.6,7200.0
R000565,B033,1387.6,7200.0
R000565,B037,1387.6,inf
R000566,B032,1387.6,7200.0
R000566,B033,1387.6,7200.0
R000566,B036,1387.6,inf
R000567,B032,1453.6,7200.0
R000567,B033,1453.6,7200.0
R000567,B036,1453.6,inf
R000567,B037,1453.6,inf
R000568,B032,1387.6,7200.0
R000568,B033,1387.6,7200.0
R000568,B034,1387.6,inf
R000569,B032,1453.6,7200.0
R000569,B033,1453.6,7200.0
R000569,B034,1453.6,inf
R000569,B037,1453.6,inf
R000571,B032,1519.6,7200.0
R000571,B033,1519.6,7200.0
R000571,B034,1519.6,inf
R000571,B036,1519.6,inf
R000571,B037,1519.6,inf
R000572,B032,1453.6,7200.0
R000572,B033,1453.6,7200.0
R000572,B034,1453.6,inf
R000572,B035,1453.6,inf
R000573,B032,1519.6,7200.0
R000573,B033,1519.6,7200.0
R000573,B034,1519.6,inf
R000573,B035,1519.6,inf
R000573,B037,1519.6,inf
R000574,B032,1519.6,7200.0
R000574,B033,1519.6,7200.0
R000574,B034,1519.6,inf
R000574,B035,1519.6,inf
R000574,B036,1519.6,inf
R000575,B032,1585.6,7200.0
R000575,B033,1585.6,7200.0
R000575,B034,1585.6,inf
R000575,B035,1585.6,inf
R000575,B036,1585.6,inf
R000575,B037,1585.6,inf
R000576,B043,1044.7,inf
R000577,B042,1044.7,inf
R000578,B042,1110.7,inf
R000578,B043,1110.7,inf
R000579,B039,1044.7,10800.0
R000580,B039,1110.7,10800.0
R000580,B043,1110.7,inf
R000581,B039,1110.7,10800.0
R000581,B042,1110.7,inf
R000582,B039,1176.7,10800.0
R000582,B042,1176.7,inf
R000582,B043,1176.7,inf
R000583,B039,1110.7,10800.0
R000583,B040,1110.7,inf
R000584,B039,1176.7,10800.0
R000584,B040,1176.7,inf
R000584,B043,1176.7,inf
R000585,B039,1176.7,10800.0
R000585,B040,1176.7,inf
R000585,B042,1176.7,inf
R000586,B039,1242.7,10800.0
R000586,B040,1242.7,inf
R000586,B042,1242.7,inf
R000586,B043,1242.7,inf
R000587,B039,1176.7,10800.0
R000587,B040,1176.7,inf
R000587,B041,1176.7,inf
R000588,B039,1242.7,10800.0
R000588,B040,1242.7,inf
R000588,B041,1242.7,inf
R000588,B043,1242.7,inf
R000589,B039,1242.7,10800.0
R000589,B040,1242.7,inf
R000589,B041,1242.7,inf
R000589,B042,1242.7,inf
R000590,B039,1308.7,10800.0
R000590,B040,1308.7,inf
R000590,B041,1308.7,inf
R000590,B042,1308.7,inf
R000590,B043,1308.7,inf
R000591,B038,1044.7,10800.0
R000592,B038,1110.7,10800.0
R000592,B043,1110.7,inf
R000593,B038,1110.7,10800.0
R000593,B042,1110.7,inf
R000594,B038,1176.7,10800.0
R000594,B042,1176.7,inf
R000594,B043,1176.7,inf
R000595,B038,1110.7,10800.0
R000595,B039,1110.7,10800.0
R000596,B038,1176.7,10800.0
R000596,B039,1176.7,10800.0
R000596,B043,1176.7,inf
R000597,B038,1176.7,10800.0
R000597,B039,1176.7,10800.0
R000597,B042,1176.7,inf
R000598,B038,1242.7,10800.0
R000598,B039,1242.7,10800.0
R000598,B042,1242.7,inf
R000598,B043,1242.7,inf
R000599,B038,1176.7,10800.0
R000599,B039,1176.7,10800.0
R000599,B040,1176.7,inf
R000600,B038,1242.7,10800.0
R000600,B039,1242.7,10800.0
R000600,B040,1242.7,inf
R000600,B043,1242.7,inf
R000601,B038,1242.7,10800.0
R000601,B039,1242.7,10800.0
R000601,B040,1242.7,inf
R000601,B042,1242.7,inf
R000602,B038,1308.7,10800.0
R000602,B039,1308.7,10800.0
R000602,B040,1308.7,inf
R000602,B042,1308.7,inf
R000602,B043,1308.7,inf
R000603,B038,1242.7,10800.0
R000603,B039,1242.7,10800.0
R000603,B040,1242.7,inf
R000603,B041,1242.7,inf
R000604,B038,1308.7,10800.0
R000604,B039,1308.7,10800.0
R000604,B040,1308.7,inf
R000604,B041,1308.7,inf
R000604,B043,1308.7,inf
R000605,B038,1308.7,10800.0
R000605,B039,1308.7,10800.0
R000605,B040,1308.7,inf
R000605,B041,1308.7,inf
R000605,B042,1308.7,inf
R000606,B038,1374.7,10800.0
R000606,B039,1374.7,10800.0
R000606,B040,1374.7,inf
R000606,B041,1374.7,inf
R000606,B042,1374.7,inf
R000606,B043,1374.7,inf
R000607,B049,879.1,inf
R000608,B048,879.1,inf
R000609,B048,945.1,inf
R000609,B049,945.1,inf
R000610,B045,879.1,3600.0
R000611,B045,945.1,3600.0
R000611,B049,945.1,inf
R000612,B045,945.1,3600.0
R000612,B048,945.1,inf
R000613,B045,1011.1,3600.0
R000613,B048,1011.1,inf
R000613,B049,1011.1,inf
R000614,B045,945.1,3600.0
R000614,B046,945.1,inf
R000615,B045,1011.1,3600.0
R000615,B046,1011.1,inf
R000615,B049,1011.1,inf
R000616,B045,1011.1,3600.0
R000616,B046,1011.1,inf
R000616,B048,1011.1,inf
R000617,B045,1077.1,3600.0
R000617,B046,1077.1,inf
R000617,B048,1077.1,inf
R000617,B049,1077.1,inf
R000618,B045,1011.1,3600.0
R000618,B046,1011.1,inf
R000618,B047,1011.1,inf
R000619,B045,1077.1,3600.0
R000619,B046,1077.1,inf
R000619,B047,1077.1,inf
R000619,B049,1077.1,inf
R000620,B045,1077.1,3600.0
R000620,B046,1077.1,inf
R000620,B047,1077.1,inf
R000620,B048,1077.1,inf
R000621,B045,1143.1,3600.0
R000621,B046,1143.1,inf
R000621,B047,1143.1,inf
R000621,B048,1143.1,inf
R000621,B049,1143.1,inf
R000622,B044,879.1,3600.0
R000623,B044,945.1,3600.0
R000623,B049,945.1,inf
R000624,B044,945.1,3600.0
R000624,B048,945.1,inf
R000625,B044,1011.1,3600.0
R000625,B048,1011.1,inf
R000625,B049,1011.1,inf
R000626,B044,945.1,3600.0
R000626,B045,945.1,3600.0
R000627,B044,1011.1,3600.0
R000627,B045,1011.1,3600.0
R000627,B049,1011.1,inf
R000628,B044,1011.1,3600.0
R000628,B045,1011.1,3600.0
R000628,B048,1011.1,inf
R000629,B044,1077.1,3600.0
R000629,B045,1077.1,3600.0
R000629,B048,1077.1,inf
R000629,B049,1077.1,inf
R000630,B044,1011.1,3600.0
R000630,B045,1011.1,3600.0
R000630,B046,1011.1,inf
R000631,B044,1077.1,3600.0
R000631,B045,1077.1,3600.0
R000631,B046,1077.1,inf
R000631,B049,1077.1,inf
R000632,B044,1077.1,3600.0
R000632,B045,1077.1,3600.0
R000632,B046,1077.1,inf
R000632,B048,1077.1,inf
R000633,B044,1143.1,3600.0
R000633,B045,1143.1,3600.0
R000633,B046,1143.1,inf
R000633,B048,1143.1,inf
R000633,B049,1143.1,inf
R000634,B044,1077.1,3600.0
R000634,B045,1077.1,3600.0
R000634,B046,1077.1,inf
R000634,B047,1077.1,inf
R000635,B044,1143.1,3600.0
R000635,B045,1143.1,3600.0
R000635,B046,1143.1,inf
R000635,B047,1143.1,inf
R000635,B049,1143.1,inf
R000636,B044,1143.1,3600.0
R000636,B045,1143.1,3600.0
R000636,B046,1143.1,inf
R000636,B047,1143.1,inf
R000636,B048,1143.1,inf
R000637,B044,1209.1,3600.0
R000637,B045,1209.1,3600.0
R000637,B046,1209.1,inf
R000637,B047,1209.1,inf
R000637,B048,1209.1,inf
R000637,B049,1209.1,inf
R000638,B054,1083.7,inf
R000639,B053,1083.7,inf
R000640,B053,1149.7,inf
R000640,B054,1149.7,inf
R000641,B051,1083.7,3600.0
R000642,B051,1149.7,3600.0
R000642,B054,1149.7,inf
R000643,B051,1149.7,3600.0
R000643,B053,1149.7,inf
R000644,B051,1215.7,3600.0
R000644,B053,1215.7,inf
R000644,B054,1215.7,inf
R000645,B051,1149.7,3600.0
R000645,B052,1149.7,inf
R000646,B051,1215.7,3600.0
R000646,B052,1215.7,inf
R000646,B054,1215.7,inf
R000647,B051,1215.7,3600.0
R000647,B052,1215.7,inf
R000647,B053,1215.7,inf
R000648,B051,1281.7,3600.0
R000648,B052,1281.7,inf
R000648,B053,1281.7,inf
R000648,B054,1281.7,inf
R000649,B050,1083.7,3600.0
R000650,B050,1149.7,3600.0
R000650,B054,1149.7,inf
R000651,B050,1149.7,3600.0
R000651,B053,1149.7,inf
R000652,B050,1215.7,3600.0
R000652,B053,1215.7,inf
R000652,B054,1215.7,inf
R000653,B050,1149.7,3600.0
R000653,B051,1149.7,3600.0
R000654,B050,1215.7,3600.0
R000654,B051,1215.7,3600.0
R000654,B054,1215.7,inf
R000655,B050,1215.7,3600.0
R000655,B051,1215.7,3600.0
R000655,B053,1215.7,inf
R000656,B050,1281.7,3600.0
R000656,B051,1281.7,3600.0
R000656,B053,1281.7,inf
R000656,B054,1281.7,inf
R000657,B050,1215.7,3600.0
R000657,B051,1215.7,3600.0
R000657,B052,1215.7,inf
R000658,B050,1281.7,3600.0
R000658,B051,1281.7,3600.0
R000658,B052,1281.7,inf
R000658,B054,1281.7,inf
R000659,B050,1281.7,3600.0
R000659,B051,1281.7,3600.0
R000659,B052,1281.7,inf
R000659,B053,1281.7,inf
R000660,B050,1347.7,3600.0
R000660,B051,1347.7,3600.0
R000660,B052,1347.7,inf
R000660,B053,1347.7,inf
R000660,B054,1347.7,inf
R000661,B059,1235.7,inf
R000662,B058,1235.7,inf
R000663,B058,1301.7,inf
R000663,B059,1301.7,inf
R000664,B056,1235.7,7200.0
R000665,B056,1301.7,7200.0
R000665,B059,1301.7,inf
R000666,B056,1301.7,7200.0
R000666,B058,1301.7,inf
R000667,B056,1367.7,7200.0
R000667,B058,1367.7,inf
R000667,B059,1367.7,inf
R000668,B056,1301.7,7200.0
R000668,B057,1301.7,inf
R000669,B056,1367.7,7200.0
R000669,B057,1367.7,inf
R000669,B059,1367.7,inf
R000670,B056,1367.7,7200.0
R000670,B057,1367.7,inf
R000670,B058,1367.7,inf
R000671,B056,1433.7,7200.0
R000671,B057,1433.7,inf
R000671,B058,1433.7,inf
R000671,B059,1433.7,inf
R000672,B055,1235.7,7200.0
R000673,B055,1301.7,7200.0
R000673,B059,1301.7,inf
R000674,B055,1301.7,7200.0
R000674,B058,1301.7,inf
R000675,B055,1367.7,7200.0
R000675,B058,1367.7,inf
R000675,B059,1367.7,inf
R000676,B055,1301.7,7200.0
R000676,B056,1301.7,7200.0
R000677,B055,1367.7,7200.0
R000677,B056,1367.7,7200.0
R000677,B059,1367.7,inf
R000678,B055,1367.7,7200.0
R000678,B056,1367.7,7200.0
R000678,B058,1367.7,inf
R000680,B055,1367.7,7200.0
R000680,B056,1367.7,7200.0
R000680,B057,1367.7,inf
R000681,B055,1433.7,7200.0
R000681,B056,1433.7,7200.0
R000681,B057,1433.7,inf
R000681,B059,1433.7,inf
R000682,B055,1433.7,7200.0
R000682,B056,1433.7,7200.0
R000682,B057,1433.7,inf
R000682,B058,1433.7,inf
R000683,B055,1499.7,7200.0
R000683,B056,1499.7,7200.0
R000683,B057,1499.7,inf
R000683,B058,1499.7,inf
R000683,B059,1499.7,inf
R000684,B062,1025.3,inf
R000685,B061,1025.3,10800.0
R000686,B061,1091.3,10800.0
R000686,B062,1091.3,inf
R000687,B060,1025.3,10800.0
R000688,B060,1091.3,10800.0
R000688,B062,1091.3,inf
R000689,B060,1091.3,10800.0
R000689,B061,1091.3,10800.0
R000690,B060,1157.3,10800.0
R000690,B061,1157.3,10800.0
R000690,B062,1157.3,inf
R000691,B065,1029.8,inf
R000692,B064,1029.8,3600.0
R000693,B064,1095.8,3600.0
R000693,B065,1095.8,inf
R000694,B063,1029.8,3600.0
R000695,B063,1095.8,3600.0
R000695,B065,1095.8,inf
R000696,B063,1095.8,3600.0
R000696,B064,1095.8,3600.0
R000697,B063,1161.8,3600.0
R000697,B064,1161.8,3600.0
R000697,B065,1161.8,inf
R000698,B068,842.5,inf
R000699,B067,842.5,10800.0
R000700,B067,908.5,10800.0
R000700,B068,908.5,inf
R000701,B066,842.5,10800.0
R000702,B066,908.5,10800.0
R000702,B068,908.5,inf
R000703,B066,908.5,10800.0
R000703,B067,908.5,10800.0
R000704,B066,974.5,10800.0
R000704,B067,974.5,10800.0
R000704,B068,974.5,inf
R000705,B071,1220.2,inf
R000706,B070,1220.2,3600.0
R000707,B070,1286.2,3600.0
R000707,B071,1286.2,inf
R000708,B069,1220.2,3600.0
R000709,B069,1286.2,3600.0
R000709,B071,1286.2,inf
R000710,B069,1286.2,3600.0
R000710,B070,1286.2,3600.0
R000711,B069,1352.2,3600.0
R000711,B070,1352.2,3600.0
R000711,B071,1352.2,inf
R000712,B074,1001.6,inf
R000713,B073,1001.6,3600.0
R000714,B073,1067.6,3600.0
R000714,B074,1067.6,inf
R000715,B072,1001.6,3600.0
R000716,B072,1067.6,3600.0
R000716,B074,1067.6,inf
R000717,B072,1067.6,3600.0
R000717,B073,1067.6,3600.0
R000718,B072,1133.6,3600.0
R000718,B073,1133.6,3600.0
R000718,B074,1133.6,inf
R000719,B077,1212.9,inf
R000720,B076,1212.9,3600.0
R000721,B076,1278.9,3600.0
R000721,B077,1278.9,inf
R000722,B075,1212.9,3600.0
R000723,B075,1278.9,3600.0
R000723,B077,1278.9,inf
R000724,B075,1278.9,3600.0
R000724,B076,1278.9,3600.0
R000725,B075,1344.9,3600.0
R000725,B076,1344.9,3600.0
R000725,B077,1344.9,inf
R000726,B080,1173.6,inf
R000727,B079,1173.6,10800.0
R000728,B079,1239.6,10800.0
R000728,B080,1239.6,inf
R000729,B078,1173.6,7200.0
R000730,B078,1239.6,7200.0
R000730,B080,1239.6,inf
R000731,B078,1239.6,7200.0
R000731,B079,1239.6,10800.0
R000732,B078,1305.6,7200.0
R000732,B079,1305.6,10800.0
R000732,B080,1305.6,inf
R000733,B014,879.4,inf
R000733,B016,1501.6,3600.0
R000734,B014,1880.4,inf
R000734,B016,1255.8,3600.0
R000735,B011,879.4,inf
R000735,B021,1501.6,inf
R000736,B011,1880.4,inf
R000736,B021,1255.8,inf
R000737,B011,879.4,inf
R000737,B017,1501.6,3600.0
R000738,B011,1880.4,inf
R000738,B017,1255.8,3600.0
R000739,B011,879.4,inf
R000739,B016,1501.6,3600.0
R000740,B011,1880.4,inf
R000740,B016,1255.8,3600.0
R000741,B003,879.4,3600.0
R000741,B021,1501.6,inf
R000742,B003,1880.4,3600.0
R000742,B021,1255.8,inf
R000743,B003,879.4,3600.0
R000743,B016,1501.6,3600.0
R000745,B001,879.4,3600.0
R000745,B023,1501.6,inf
R000746,B001,1880.4,3600.0
R000746,B023,1255.8,inf
R000747,B001,879.4,3600.0
R000747,B021,1501.6,inf
R000748,B001,1880.4,3600.0
R000748,B021,1255.8,inf
R000749,B001,879.4,3600.0
R000749,B017,1501.6,3600.0
R000750,B001,1880.4,3600.0
R000750,B017,1255.8,3600.0
R000751,B001,879.4,3600.0
R000751,B016,1501.6,3600.0
R000752,B001,1880.4,3600.0
R000752,B016,1255.8,3600.0
R000753,B001,909.4,3600.0
R000753,B016,1561.6,3600.0
R000753,B023,1561.6,inf
R000754,B001,1940.4,3600.0
R000754,B016,1315.8,3600.0
R000754,B023,1315.8,inf
R000757,B001,909.4,3600.0
R000757,B016,1561.6,3600.0
R000757,B017,1561.6,3600.0
R000759,B001,939.4,3600.0
R000759,B014,939.4,inf
R000759,B016,1561.6,3600.0
R000761,B001,939.4,3600.0
R000761,B011,939.4,inf
R000761,B016,1561.6,3600.0
R000763,B001,939.4,3600.0
R000763,B003,939.4,3600.0
R000763,B016,1561.6,3600.0
R000765,B001,939.4,3600.0
R000765,B002,939.4,inf
R000765,B023,1561.6,inf
R000766,B001,1940.4,3600.0
R000766,B002,1940.4,inf
R000766,B023,1285.8,inf
R000767,B001,939.4,3600.0
R000767,B002,939.4,inf
R000767,B021,1561.6,inf
R000768,B001,1940.4,3600.0
R000768,B002,1940.4,inf
R000768,B021,1285.8,inf
R000769,B001,939.4,3600.0
R000769,B002,939.4,inf
R000769,B017,1561.6,3600.0
R000770,B001,1940.4,3600.0
R000770,B002,1940.4,inf
R000770,B017,1285.8,3600.0
R000771,B001,939.4,3600.0
R000771,B002,939.4,inf
R000771,B016,1561.6,3600.0
R000773,B014,879.4,inf
R000773,B024,1907.5,7200.0
R000774,B014,2417.6,inf
R000774,B024,1379.1,7200.0
R000775,B011,879.4,inf
R000775,B029,1907.5,inf
R000776,B011,879.4,inf
R000776,B024,1907.5,7200.0
R000777,B011,2417.6,inf
R000777,B024,1379.1,7200.0
R000778,B003,879.4,3600.0
R000778,B024,1907.5,7200.0
R000779,B001,879.4,3600.0
R000779,B031,1907.5,inf
R000780,B001,2417.6,3600.0
R000780,B031,1379.1,inf
R000781,B001,879.4,3600.0
R000781,B029,1907.5,inf
R000782,B001,2417.6,3600.0
R000782,B029,1379.1,inf
R000783,B001,879.4,3600.0
R000783,B024,1907.5,7200.0
R000785,B001,909.4,3600.0
R000785,B024,1967.5,7200.0
R000785,B031,1967.5,inf
R000786,B001,2477.6,3600.0
R000786,B024,1439.1,7200.0
R000786,B031,1439.1,inf
R000787,B001,909.4,3600.0
R000787,B024,1967.5,7200.0
R000787,B029,1967.5,inf
R000788,B001,2477.6,3600.0
R000788,B024,1439.1,7200.0
R000788,B029,1439.1,inf
R000789,B001,939.4,3600.0
R000789,B014,939.4,inf
R000789,B024,1967.5,7200.0
R000790,B001,939.4,3600.0
R000790,B011,939.4,inf
R000790,B024,1967.5,7200.0
R000791,B001,939.4,3600.0
R000791,B003,939.4,3600.0
R000791,B024,1967.5,7200.0
R000792,B001,939.4,3600.0
R000792,B002,939.4,inf
R000792,B031,1967.5,inf
R000793,B001,2477.6,3600.0
R000793,B002,2477.6,inf
R000793,B031,1409.1,inf
R000794,B001,939.4,3600.0
R000794,B002,939.4,inf
R000794,B029,1967.5,inf
R000795,B001,939.4,3600.0
R000795,B002,939.4,inf
R000795,B024,1967.5,7200.0
R000796,B001,2477.6,3600.0
R000796,B002,2477.6,inf
R000796,B024,1409.1,7200.0
R000797,B014,879.4,inf
R000797,B032,1618.8,7200.0
R000798,B014,2086.0,inf
R000798,B032,1343.6,7200.0
R000799,B011,879.4,inf
R000799,B036,1618.8,inf
R000800,B011,2086.0,inf
R000800,B036,1343.6,inf
R000801,B011,879.4,inf
R000801,B033,1618.8,7200.0
R000802,B011,2086.0,inf
R000802,B033,1343.6,7200.0
R000803,B011,879.4,inf
R000803,B032,1618.8,7200.0
R000804,B011,2086.0,inf
R000804,B032,1343.6,7200.0
R000805,B003,879.4,3600.0
R000805,B036,1618.8,inf
R000806,B003,2086.0,3600.0
R000806,B036,1343.6,inf
R000807,B003,879.4,3600.0
R000807,B032,1618.8,7200.0
R000809,B001,879.4,3600.0
R000809,B037,1618.8,inf
R000810,B001,2086.0,3600.0
R000810,B037,1343.6,inf
R000811,B001,879.4,3600.0
R000811,B036,1618.8,inf
R000812,B001,2086.0,3600.0
R000812,B036,1343.6,inf
R000813,B001,879.4,3600.0
R000813,B033,1618.8,7200.0
R000814,B001,2086.0,3600.0
R000814,B033,1343.6,7200.0
R000815,B001,879.4,3600.0
R000815,B032,1618.8,7200.0
R000817,B001,909.4,3600.0
R000817,B032,1678.8,7200.0
R000817,B037,1678.8,inf
R000818,B001,2146.0,3600.0
R000818,B032,1403.6,7200.0
R000818,B037,1403.6,inf
R000821,B001,909.4,3600.0
R000821,B032,1678.8,7200.0
R000821,B033,1678.8,7200.0
R000822,B001,2146.0,3600.0
R000822,B032,1403.6,7200.0
R000822,B033,1403.6,7200.0
R000823,B001,939.4,3600.0
R000823,B014,939.4,inf
R000823,B032,1678.8,7200.0
R000824,B001,2146.0,3600.0
R000824,B014,2146.0,inf
R000824,B032,1373.6,7200.0
R000825,B001,939.4,3600.0
R000825,B011,939.4,inf
R000825,B032,1678.8,7200.0
R000826,B001,2146.0,3600.0
R000826,B011,2146.0,inf
R000826,B032,1373.6,7200.0
R000827,B001,939.4,3600.0
R000827,B003,939.4,3600.0
R000827,B032,1678.8,7200.0
R000828,B001,2146.0,3600.0
R000828,B003,2146.0,3600.0
R000828,B032,1373.6,7200.0
R000829,B001,939.4,3600.0
R000829,B002,939.4,inf
R000829,B037,1678.8,inf
R000830,B001,2146.0,3600.0
R000830,B002,2146.0,inf
R000830,B037,1373.6,inf
R000831,B001,939.4,3600.0
R000831,B002,939.4,inf
R000831,B036,1678.8,inf
R000832,B001,2146.0,3600.0
R000832,B002,2146.0,inf
R000832,B036,1373.6,inf
R000833,B001,939.4,3600.0
R000833,B002,939.4,inf
R000833,B033,1678.8,7200.0
R000834,B001,2146.0,3600.0
R000834,B002,2146.0,inf
R000834,B033,1373.6,7200.0
R000835,B001,939.4,3600.0
R000835,B002,939.4,inf
R000835,B032,1678.8,7200.0
R000836,B001,2146.0,3600.0
R000836,B002,2146.0,inf
R000836,B032,1373.6,7200.0
R000837,B014,879.4,inf
R000837,B038,1396.5,10800.0
R000838,B014,1618.5,inf
R000838,B038,1100.6,10800.0
R000839,B011,879.4,inf
R000839,B042,1396.5,inf
R000840,B011,1618.5,inf
R000840,B042,1100.6,inf
R000841,B011,879.4,inf
R000841,B039,1396.5,10800.0
R000842,B011,1618.5,inf
R000842,B039,1100.6,10800.0
R000843,B011,879.4,inf
R000843,B038,1396.5,10800.0
R000844,B011,1618.5,inf
R000844,B038,1100.6,10800.0
R000845,B003,879.4,3600.0
R000845,B042,1396.5,inf
R000846,B003,1618.5,3600.0
R000846,B042,1100.6,inf
R000849,B001,879.4,3600.0
R000849,B043,1396.5,inf
R000850,B001,1618.5,3600.0
R000850,B043,1100.6,inf
R000851,B001,879.4,3600.0
R000851,B042,1396.5,inf
R000853,B001,879.4,3600.0
R000853,B039,1396.5,10800.0
R000854,B001,1618.5,3600.0
R000854,B039,1100.6,10800.0
R000857,B001,909.4,3600.0
R000857,B038,1456.5,10800.0
R000857,B043,1456.5,inf
R000858,B001,1678.5,3600.0
R000858,B038,1160.6,10800.0
R000858,B043,1160.6,inf
R000861,B001,909.4,3600.0
R000861,B038,1456.5,10800.0
R000861,B039,1456.5,10800.0
R000869,B001,939.4,3600.0
R000869,B002,939.4,inf
R000869,B043,1456.5,inf
R000870,B001,1678.5,3600.0
R000870,B002,1678.5,inf
R000870,B043,1130.6,inf
R000877,B014,879.4,inf
R000877,B044,1602.4,3600.0
R000878,B014,1636.8,inf
R000878,B044,905.1,3600.0
R000879,B011,879.4,inf
R000879,B048,1602.4,inf
R000880,B011,1636.8,inf
R000880,B048,905.1,inf
R000881,B011,879.4,inf
R000881,B045,1602.4,3600.0
R000882,B011,1636.8,inf
R000882,B045,905.1,3600.0
R000883,B011,879.4,inf
R000883,B044,1602.4,3600.0
R000884,B011,1636.8,inf
R000884,B044,905.1,3600.0
R000885,B003,879.4,3600.0
R000885,B048,1602.4,inf
R000886,B003,1636.8,3600.0
R000886,B048,905.1,inf
R000887,B003,879.4,3600.0
R000887,B044,1602.4,3600.0
R000888,B003,1636.8,3600.0
R000888,B044,905.1,3600.0
R000889,B001,879.4,3600.0
R000889,B049,1602.4,inf
R000890,B001,1636.8,3600.0
R000890,B049,905.1,inf
R000891,B001,879.4,3600.0
R000891,B048,1602.4,inf
R000893,B001,879.4,3600.0
R000893,B045,1602.4,3600.0
R000894,B001,1636.8,3600.0
R000894,B045,905.1,3600.0
R000897,B001,909.4,3600.0
R000897,B044,1662.4,3600.0
R000897,B049,1662.4,inf
R000898,B001,1696.8,3600.0
R000898,B044,965.1,3600.0
R000898,B049,965.1,inf
R000901,B001,909.4,3600.0
R000901,B044,1662.4,3600.0
R000901,B045,1662.4,3600.0
R000903,B001,939.4,3600.0
R000903,B014,939.4,inf
R000903,B044,1662.4,3600.0
R000904,B001,1696.8,3600.0
R000904,B014,1696.8,inf
R000904,B044,935.1,3600.0
R000907,B001,939.4,3600.0
R000907,B003,939.4,3600.0
R000907,B044,1662.4,3600.0
R000908,B001,1696.8,3600.0
R000908,B003,1696.8,3600.0
R000908,B044,935.1,3600.0
R000909,B001,939.4,3600.0
R000909,B002,939.4,inf
R000909,B049,1662.4,inf
R000910,B001,1696.8,3600.0
R000910,B002,1696.8,inf
R000910,B049,935.1,inf
R000911,B001,939.4,3600.0
R000911,B002,939.4,inf
R000911,B048,1662.4,inf
R000912,B001,1696.8,3600.0
R000912,B002,1696.8,inf
R000912,B048,935.1,inf
R000917,B014,879.4,inf
R000917,B050,1612.3,3600.0
R000918,B014,1855.2,inf
R000918,B050,1111.3,3600.0
R000919,B011,879.4,inf
R000919,B053,1612.3,inf
R000920,B011,1855.2,inf
R000920,B053,1111.3,inf
R000921,B011,879.4,inf
R000921,B051,1612.3,3600.0
R000922,B011,1855.2,inf
R000922,B051,1111.3,3600.0
R000923,B011,879.4,inf
R000923,B050,1612.3,3600.0
R000924,B011,1855.2,inf
R000924,B050,1111.3,3600.0
R000925,B003,879.4,3600.0
R000925,B053,1612.3,inf
R000926,B003,1855.2,3600.0
R000926,B053,1111.3,inf
R000927,B003,879.4,3600.0
R000927,B050,1612.3,3600.0
R000929,B001,879.4,3600.0
R000929,B054,1612.3,inf
R000930,B001,1855.2,3600.0
R000930,B054,1111.3,inf
R000931,B001,879.4,3600.0
R000931,B053,1612.3,inf
R000932,B001,1855.2,3600.0
R000932,B053,1111.3,inf
R000933,B001,879.4,3600.0
R000933,B051,1612.3,3600.0
R000934,B001,1855.2,3600.0
R000934,B051,1111.3,3600.0
R000935,B001,879.4,3600.0
R000935,B050,1612.3,3600.0
R000937,B001,909.4,3600.0
R000937,B050,1672.3,3600.0
R000937,B054,1672.3,inf
R000938,B001,1915.2,3600.0
R000938,B050,1171.3,3600.0
R000938,B054,1171.3,inf
R000941,B001,909.4,3600.0
R000941,B050,1672.3,3600.0
R000941,B051,1672.3,3600.0
R000942,B001,1915.2,3600.0
R000942,B050,1171.3,3600.0
R000942,B051,1171.3,3600.0
R000943,B001,939.4,3600.0
R000943,B014,939.4,inf
R000943,B050,1672.3,3600.0
R000945,B001,939.4,3600.0
R000945,B011,939.4,inf
R000945,B050,1672.3,3600.0
R000947,B001,939.4,3600.0
R000947,B003,939.4,3600.0
R000947,B050,1672.3,3600.0
R000949,B001,939.4,3600.0
R000949,B002,939.4,inf
R000949,B054,1672.3,inf
R000950,B001,1915.2,3600.0
R000950,B002,1915.2,inf
R000950,B054,1141.3,inf
R000951,B001,939.4,3600.0
R000951,B002,939.4,inf
R000951,B053,1672.3,inf
R000952,B001,1915.2,3600.0
R000952,B002,1915.2,inf
R000952,B053,1141.3,inf
R000953,B001,939.4,3600.0
R000953,B002,939.4,inf
R000953,B051,1672.3,3600.0
R000954,B001,1915.2,3600.0
R000954,B002,1915.2,inf
R000954,B051,1141.3,3600.0
R000955,B001,939.4,3600.0
R000955,B002,939.4,inf
R000955,B050,1672.3,3600.0
R000958,B014,2122.0,inf
R000958,B055,1338.3,7200.0
R000962,B011,2122.0,inf
R000962,B056,1338.3,7200.0
R000964,B011,2122.0,inf
R000964,B055,1338.3,7200.0
R000968,B001,879.4,3600.0
R000968,B059,1657.2,inf
R000969,B001,2122.0,3600.0
R000969,B059,1338.3,inf
R000987,B001,939.4,3600.0
R000987,B002,939.4,inf
R000987,B059,1717.2,inf
R000988,B001,2182.0,3600.0
R000988,B002,2182.0,inf
R000988,B059,1368.3,inf
R000991,B001,939.4,3600.0
R000991,B002,939.4,inf
R000991,B056,1717.2,7200.0
R000992,B001,2182.0,3600.0
R000992,B002,2182.0,inf
R000992,B056,1368.3,7200.0
R000995,B014,879.4,inf
R000995,B060,1342.7,10800.0
R000996,B014,1563.7,inf
R000996,B060,1097.4,10800.0
R000997,B011,879.4,inf
R000997,B062,1342.7,inf
R000998,B011,1563.7,inf
R000998,B062,1097.4,inf
R000999,B011,879.4,inf
R000999,B061,1342.7,10800.0
R001000,B011,1563.7,inf
R001000,B061,1097.4,10800.0
R001001,B011,879.4,inf
R001001,B060,1342.7,10800.0
R001002,B011,1563.7,inf
R001002,B060,1097.4,10800.0
R001003,B003,879.4,3600.0
R001003,B062,1342.7,inf
R001004,B003,1563.7,3600.0
R001004,B062,1097.4,inf
R001005,B003,879.4,3600.0
R001005,B060,1342.7,10800.0
R001007,B001,879.4,3600.0
R001007,B062,1342.7,inf
R001008,B001,1563.7,3600.0
R001008,B062,1097.4,inf
R001009,B001,879.4,3600.0
R001009,B061,1342.7,10800.0
R001010,B001,1563.7,3600.0
R001010,B061,1097.4,10800.0
R001011,B001,879.4,3600.0
R001011,B060,1342.7,10800.0
R001012,B001,1563.7,3600.0
R001012,B060,1097.4,10800.0
R001013,B001,909.4,3600.0
R001013,B060,1402.7,10800.0
R001013,B062,1402.7,inf
R001014,B001,1623.7,3600.0
R001014,B060,1157.4,10800.0
R001014,B062,1157.4,inf
R001015,B001,909.4,3600.0
R001015,B060,1402.7,10800.0
R001015,B061,1402.7,10800.0
R001016,B001,1623.7,3600.0
R001016,B060,1157.4,10800.0
R001016,B061,1157.4,10800.0
R001017,B001,939.4,3600.0
R001017,B014,939.4,inf
R001017,B060,1402.7,10800.0
R001023,B001,939.4,3600.0
R001023,B002,939.4,inf
R001023,B062,1402.7,inf
R001025,B001,939.4,3600.0
R001025,B002,939.4,inf
R001025,B061,1402.7,10800.0
R001026,B001,1623.7,3600.0
R001026,B002,1623.7,inf
R001026,B061,1127.4,10800.0
R001027,B001,939.4,3600.0
R001027,B002,939.4,inf
R001027,B060,1402.7,10800.0
R001029,B014,879.4,inf
R001029,B063,1482.5,3600.0
R001030,B014,1688.8,inf
R001030,B063,1074.5,3600.0
R001031,B011,879.4,inf
R001031,B065,1482.5,inf
R001032,B011,1688.8,inf
R001032,B065,1074.5,inf
R001033,B011,879.4,inf
R001033,B064,1482.5,3600.0
R001034,B011,1688.8,inf
R001034,B064,1074.5,3600.0
R001035,B011,879.4,inf
R001035,B063,1482.5,3600.0
R001036,B011,1688.8,inf
R001036,B063,1074.5,3600.0
R001037,B003,879.4,3600.0
R001037,B065,1482.5,inf
R001038,B003,1688.8,3600.0
R001038,B065,1074.5,inf
R001039,B003,879.4,3600.0
R001039,B063,1482.5,3600.0
R001041,B001,879.4,3600.0
R001041,B065,1482.5,inf
R001043,B001,879.4,3600.0
R001043,B064,1482.5,3600.0
R001044,B001,1688.8,3600.0
R001044,B064,1074.5,3600.0
R001049,B001,909.4,3600.0
R001049,B063,1542.5,3600.0
R001049,B064,1542.5,3600.0
R001063,B014,879.4,inf
R001063,B066,1311.7,10800.0
R001064,B014,1298.2,inf
R001064,B066,864.0,10800.0
R001065,B011,879.4,inf
R001065,B068,1311.7,inf
R001066,B011,1298.2,inf
R001066,B068,864.0,inf
R001067,B011,879.4,inf
R001067,B067,1311.7,10800.0
R001068,B011,1298.2,inf
R001068,B067,864.0,10800.0
R001069,B011,879.4,inf
R001069,B066,1311.7,10800.0
R001070,B011,1298.2,inf
R001070,B066,864.0,10800.0
R001071,B003,879.4,3600.0
R001071,B068,1311.7,inf
R001072,B003,1298.2,3600.0
R001072,B068,864.0,inf
R001073,B003,879.4,3600.0
R001073,B066,1311.7,10800.0
R001074,B003,1298.2,3600.0
R001074,B066,864.0,10800.0
R001075,B001,879.4,3600.0
R001075,B068,1311.7,inf
R001076,B001,1298.2,3600.0
R001076,B068,864.0,inf
R001077,B001,879.4,3600.0
R001077,B067,1311.7,10800.0
R001078,B001,1298.2,3600.0
R001078,B067,864.0,10800.0
R001079,B001,879.4,3600.0
R001079,B066,1311.7,10800.0
R001080,B001,1298.2,3600.0
R001080,B066,864.0,10800.0
R001082,B001,1358.2,3600.0
R001082,B066,924.0,10800.0
R001082,B068,924.0,inf
R001083,B001,909.4,3600.0
R001083,B066,1371.7,10800.0
R001083,B067,1371.7,10800.0
R001084,B001,1358.2,3600.0
R001084,B066,924.0,10800.0
R001084,B067,924.0,10800.0
R001085,B001,939.4,3600.0
R001085,B014,939.4,inf
R001085,B066,1371.7,10800.0
R001086,B001,1358.2,3600.0
R001086,B014,1358.2,inf
R001086,B066,894.0,10800.0
R001087,B001,939.4,3600.0
R001087,B011,939.4,inf
R001087,B066,1371.7,10800.0
R001089,B001,939.4,3600.0
R001089,B003,939.4,3600.0
R001089,B066,1371.7,10800.0
R001091,B001,939.4,3600.0
R001091,B002,939.4,inf
R001091,B068,1371.7,inf
R001092,B001,1358.2,3600.0
R001092,B002,1358.2,inf
R001092,B068,894.0,inf
R001093,B001,939.4,3600.0
R001093,B002,939.4,inf
R001093,B067,1371.7,10800.0
R001094,B001,1358.2,3600.0
R001094,B002,1358.2,inf
R001094,B067,894.0,10800.0
R001095,B001,939.4,3600.0
R001095,B002,939.4,inf
R001095,B066,1371.7,10800.0
R001096,B001,1358.2,3600.0
R001096,B002,1358.2,inf
R001096,B066,894.0,10800.0
R001097,B014,879.4,inf
R001097,B069,1596.9,3600.0
R001098,B014,2029.1,inf
R001098,B069,1305.1,3600.0
R001099,B011,879.4,inf
R001099,B071,1596.9,inf
R001100,B011,2029.1,inf
R001100,B071,1305.1,inf
R001101,B011,879.4,inf
R001101,B070,1596.9,3600.0
R001102,B011,2029.1,inf
R001102,B070,1305.1,3600.0
R001103,B011,879.4,inf
R001103,B069,1596.9,3600.0
R001104,B011,2029.1,inf
R001104,B069,1305.1,3600.0
R001105,B003,879.4,3600.0
R001105,B071,1596.9,inf
R001106,B003,2029.1,3600.0
R001106,B071,1305.1,inf
R001107,B003,879.4,3600.0
R001107,B069,1596.9,3600.0
R001109,B001,879.4,3600.0
R001109,B071,1596.9,inf
R001110,B001,2029.1,3600.0
R001110,B071,1305.1,inf
R001111,B001,879.4,3600.0
R001111,B070,1596.9,3600.0
R001112,B001,2029.1,3600.0
R001112,B070,1305.1,3600.0
R001113,B001,879.4,3600.0
R001113,B069,1596.9,3600.0
R001114,B001,2029.1,3600.0
R001114,B069,1305.1,3600.0
R001117,B001,909.4,3600.0
R001117,B069,1656.9,3600.0
R001117,B070,1656.9,3600.0
R001118,B001,2089.1,3600.0
R001118,B069,1365.1,3600.0
R001118,B070,1365.1,3600.0
R001119,B001,939.4,3600.0
R001119,B014,939.4,inf
R001119,B069,1656.9,3600.0
R001120,B001,2089.1,3600.0
R001120,B014,2089.1,inf
R001120,B069,1335.1,3600.0
R001121,B001,939.4,3600.0
R001121,B011,939.4,inf
R001121,B069,1656.9,3600.0
R001123,B001,939.4,3600.0
R001123,B003,939.4,3600.0
R001123,B069,1656.9,3600.0
R001125,B001,939.4,3600.0
R001125,B002,939.4,inf
R001125,B071,1656.9,inf
R001126,B001,2089.1,3600.0
R001126,B002,2089.1,inf
R001126,B071,1335.1,inf
R001127,B001,939.4,3600.0
R001127,B002,939.4,inf
R001127,B070,1656.9,3600.0
R001128,B001,2089.1,3600.0
R001128,B002,2089.1,inf
R001128,B070,1335.1,3600.0
R001129,B001,939.4,3600.0
R001129,B002,939.4,inf
R001129,B069,1656.9,3600.0
R001131,B014,879.4,inf
R001131,B072,1376.0,3600.0
R001132,B014,1561.4,inf
R001132,B072,1053.5,3600.0
R001133,B011,879.4,inf
R001133,B074,1376.0,inf
R001134,B011,1561.4,inf
R001134,B074,1053.5,inf
R001135,B011,879.4,inf
R001135,B073,1376.0,3600.0
R001136,B011,1561.4,inf
R001136,B073,1053.5,3600.0
R001137,B011,879.4,inf
R001137,B072,1376.0,3600.0
R001138,B011,1561.4,inf
R001138,B072,1053.5,3600.0
R001139,B003,879.4,3600.0
R001139,B074,1376.0,inf
R001140,B003,1561.4,3600.0
R001140,B074,1053.5,inf
R001141,B003,879.4,3600.0
R001141,B072,1376.0,3600.0
R001143,B001,879.4,3600.0
R001143,B074,1376.0,inf
R001144,B001,1561.4,3600.0
R001144,B074,1053.5,inf
R001145,B001,879.4,3600.0
R001145,B073,1376.0,3600.0
R001146,B001,1561.4,3600.0
R001146,B073,1053.5,3600.0
R001147,B001,879.4,3600.0
R001147,B072,1376.0,3600.0
R001148,B001,1561.4,3600.0
R001148,B072,1053.5,3600.0
R001149,B001,909.4,3600.0
R001149,B072,1436.0,3600.0
R001149,B074,1436.0,inf
R001151,B001,909.4,3600.0
R001151,B072,1436.0,3600.0
R001151,B073,1436.0,3600.0
R001152,B001,1621.4,3600.0
R001152,B072,1113.5,3600.0
R001152,B073,1113.5,3600.0
R001159,B001,939.4,3600.0
R001159,B002,939.4,inf
R001159,B074,1436.0,inf
R001161,B001,939.4,3600.0
R001161,B002,939.4,inf
R001161,B073,1436.0,3600.0
R001163,B001,939.4,3600.0
R001163,B002,939.4,inf
R001163,B072,1436.0,3600.0
R001165,B014,879.4,inf
R001165,B075,1730.9,3600.0
R001166,B014,2104.7,inf
R001166,B075,1242.0,3600.0
R001167,B011,879.4,inf
R001167,B077,1730.9,inf
R001168,B011,2104.7,inf
R001168,B077,1242.0,inf
R001169,B011,879.4,inf
R001169,B076,1730.9,3600.0
R001170,B011,2104.7,inf
R001170,B076,1242.0,3600.0
R001171,B011,879.4,inf
R001171,B075,1730.9,3600.0
R001172,B011,2104.7,inf
R001172,B075,1242.0,3600.0
R001173,B003,879.4,3600.0
R001173,B077,1730.9,inf
R001174,B003,2104.7,3600.0
R001174,B077,1242.0,inf
R001175,B003,879.4,3600.0
R001175,B075,1730.9,3600.0
R001177,B001,879.4,3600.0
R001177,B077,1730.9,inf
R001179,B001,879.4,3600.0
R001179,B076,1730.9,3600.0
R001180,B001,2104.7,3600.0
R001180,B076,1242.0,3600.0
R001185,B001,909.4,3600.0
R001185,B075,1790.9,3600.0
R001185,B076,1790.9,3600.0
R001193,B001,939.4,3600.0
R001193,B002,939.4,inf
R001193,B077,1790.9,inf
R001199,B014,879.4,inf
R001199,B078,1704.1,7200.0
R001200,B014,2072.7,inf
R001200,B078,1228.5,7200.0
R001201,B011,879.4,inf
R001201,B080,1704.1,inf
R001202,B011,2072.7,inf
R001202,B080,1228.5,inf
R001203,B011,879.4,inf
R001203,B079,1704.1,10800.0
R001204,B011,2072.7,inf
R001204,B079,1228.5,10800.0
R001205,B011,879.4,inf
R001205,B078,1704.1,7200.0
R001206,B011,2072.7,inf
R001206,B078,1228.5,7200.0
R001207,B003,879.4,3600.0
R001207,B080,1704.1,inf
R001208,B003,2072.7,3600.0
R001208,B080,1228.5,inf
R001209,B003,879.4,3600.0
R001209,B078,1704.1,7200.0
R001210,B003,2072.7,3600.0
R001210,B078,1228.5,7200.0
R001211,B001,879.4,3600.0
R001211,B080,1704.1,inf
R001212,B001,2072.7,3600.0
R001212,B080,1228.5,inf
R001213,B001,879.4,3600.0
R001213,B079,1704.1,10800.0
R001214,B001,2072.7,3600.0
R001214,B079,1228.5,10800.0
R001216,B001,2072.7,3600.0
R001216,B078,1228.5,7200.0
R001219,B001,909.4,3600.0
R001219,B078,1764.1,7200.0
R001219,B079,1764.1,10800.0
R001220,B001,2132.7,3600.0
R001220,B078,1288.5,7200.0
R001220,B079,1288.5,10800.0
R001221,B001,939.4,3600.0
R001221,B014,939.4,inf
R001221,B078,1764.1,7200.0
R001222,B001,2132.7,3600.0
R001222,B014,2132.7,inf
R001222,B078,1258.5,7200.0
R001223,B001,939.4,3600.0
R001223,B011,939.4,inf
R001223,B078,1764.1,7200.0
R001224,B001,2132.7,3600.0
R001224,B011,2132.7,inf
R001224,B078,1258.5,7200.0
R001225,B001,939.4,3600.0
R001225,B003,939.4,3600.0
R001225,B078,1764.1,7200.0
R001226,B001,2132.7,3600.0
R001226,B003,2132.7,3600.0
R001226,B078,1258.5,7200.0
R001227,B001,939.4,3600.0
R001227,B002,939.4,inf
R001227,B080,1764.1,inf
R001228,B001,2132.7,3600.0
R001228,B002,2132.7,inf
R001228,B080,1258.5,inf
R001229,B001,939.4,3600.0
R001229,B002,939.4,inf
R001229,B079,1764.1,10800.0
R001230,B001,2132.7,3600.0
R001230,B002,2132.7,inf
R001230,B079,1258.5,10800.0
R001231,B001,939.4,3600.0
R001231,B002,939.4,inf
R001231,B078,1764.1,7200.0
R001232,B001,2132.7,3600.0
R001232,B002,2132.7,inf
R001232,B078,1258.5,7200.0
R001233,B023,1255.8,inf
R001233,B032,1703.2,7200.0
R001234,B023,1791.6,inf
R001234,B032,1343.6,7200.0
R001238,B021,1791.6,inf
R001238,B033,1343.6,7200.0
R001242,B017,1255.8,3600.0
R001242,B032,1703.2,7200.0
R001264,B023,1255.8,inf
R001264,B038,1872.5,10800.0
R001265,B023,1715.7,inf
R001265,B038,1100.6,10800.0
R001269,B021,1715.7,inf
R001269,B039,1100.6,10800.0
R001271,B021,1715.7,inf
R001271,B038,1100.6,10800.0
R001272,B017,1255.8,3600.0
R001272,B042,1872.5,inf
R001274,B017,1255.8,3600.0
R001274,B038,1872.5,10800.0
R001296,B023,1255.8,inf
R001296,B060,1655.6,10800.0
R001297,B023,1497.9,inf
R001297,B060,1097.4,10800.0
R001298,B021,1255.8,inf
R001298,B062,1655.6,inf
R001299,B021,1497.9,inf
R001299,B062,1097.4,inf
R001300,B021,1255.8,inf
R001300,B061,1655.6,10800.0
R001301,B021,1497.9,inf
R001301,B061,1097.4,10800.0
R001302,B021,1255.8,inf
R001302,B060,1655.6,10800.0
R001303,B021,1497.9,inf
R001303,B060,1097.4,10800.0
R001304,B017,1255.8,3600.0
R001304,B062,1655.6,inf
R001305,B017,1497.9,3600.0
R001305,B062,1097.4,inf
R001306,B017,1255.8,3600.0
R001306,B060,1655.6,10800.0
R001307,B017,1497.9,3600.0
R001307,B060,1097.4,10800.0
R001308,B016,1255.8,3600.0
R001308,B062,1655.6,inf
R001309,B016,1497.9,3600.0
R001309,B062,1097.4,inf
R001310,B016,1255.8,3600.0
R001310,B061,1655.6,10800.0
R001311,B016,1497.9,3600.0
R001311,B061,1097.4,10800.0
R001312,B016,1255.8,3600.0
R001312,B060,1655.6,10800.0
R001313,B016,1497.9,3600.0
R001313,B060,1097.4,10800.0
R001318,B016,1315.8,3600.0
R001318,B023,1315.8,inf
R001318,B060,1715.6,10800.0
R001319,B016,1557.9,3600.0
R001319,B023,1557.9,inf
R001319,B060,1127.4,10800.0
R001325,B023,1905.0,inf
R001325,B063,1074.5,3600.0
R001329,B016,1255.8,3600.0
R001329,B065,2077.5,inf
R001340,B023,1255.8,inf
R001340,B066,2025.6,10800.0
R001341,B023,1633.3,inf
R001341,B066,864.0,10800.0
R001342,B021,1255.8,inf
R001342,B068,2025.6,inf
R001343,B021,1633.3,inf
R001343,B068,864.0,inf
R001344,B021,1255.8,inf
R001344,B067,2025.6,10800.0
R001345,B021,1633.3,inf
R001345,B067,864.0,10800.0
R001346,B021,1255.8,inf
R001346,B066,2025.6,10800.0
R001347,B021,1633.3,inf
R001347,B066,864.0,10800.0
R001348,B017,1255.8,3600.0
R001348,B068,2025.6,inf
R001349,B017,1633.3,3600.0
R001349,B068,864.0,inf
R001350,B017,1255.8,3600.0
R001350,B066,2025.6,10800.0
R001351,B017,1633.3,3600.0
R001351,B066,864.0,10800.0
R001352,B016,1255.8,3600.0
R001352,B068,2025.6,inf
R001353,B016,1633.3,3600.0
R001353,B068,864.0,inf
R001354,B016,1255.8,3600.0
R001354,B067,2025.6,10800.0
R001356,B016,1255.8,3600.0
R001356,B066,2025.6,10800.0
R001358,B016,1285.8,3600.0
R001358,B066,2085.6,10800.0
R001358,B068,2085.6,inf
R001359,B016,1693.3,3600.0
R001359,B066,924.0,10800.0
R001359,B068,924.0,inf
R001360,B016,1285.8,3600.0
R001360,B066,2085.6,10800.0
R001360,B067,2085.6,10800.0
R001361,B016,1693.3,3600.0
R001361,B066,924.0,10800.0
R001361,B067,924.0,10800.0
R001362,B016,1315.8,3600.0
R001362,B023,1315.8,inf
R001362,B066,2085.6,10800.0
R001363,B016,1693.3,3600.0
R001363,B023,1693.3,inf
R001363,B066,894.0,10800.0
R001364,B016,1315.8,3600.0
R001364,B021,1315.8,inf
R001364,B066,2085.6,10800.0
R001366,B016,1315.8,3600.0
R001366,B017,1315.8,3600.0
R001366,B066,2085.6,10800.0
R001367,B016,1693.3,3600.0
R001367,B017,1693.3,3600.0
R001367,B066,894.0,10800.0
R001375,B016,1255.8,3600.0
R001375,B071,1806.0,inf
R001399,B016,1255.8,3600.0
R001399,B074,1878.3,inf
R001415,B031,1379.1,inf
R001415,B044,2206.8,3600.0
R001416,B031,1731.2,inf
R001416,B044,905.1,3600.0
R001417,B029,1379.1,inf
R001417,B048,2206.8,inf
R001418,B029,1731.2,inf
R001418,B048,905.1,inf
R001419,B029,1379.1,inf
R001419,B045,2206.8,3600.0
R001421,B029,1379.1,inf
R001421,B044,2206.8,3600.0
R001423,B025,1379.1,7200.0
R001423,B048,2206.8,inf
R001424,B025,1731.2,7200.0
R001424,B048,905.1,inf
R001425,B025,1379.1,7200.0
R001425,B044,2206.8,3600.0
R001426,B025,1731.2,7200.0
R001426,B044,905.1,3600.0
R001427,B024,1379.1,7200.0
R001427,B049,2206.8,inf
R001429,B024,1379.1,7200.0
R001429,B048,2206.8,inf
R001431,B024,1379.1,7200.0
R001431,B045,2206.8,3600.0
R001432,B024,1731.2,7200.0
R001432,B045,905.1,3600.0
R001433,B024,1379.1,7200.0
R001433,B044,2206.8,3600.0
R001445,B024,1439.1,7200.0
R001445,B025,1439.1,7200.0
R001445,B044,2266.8,3600.0
R001446,B024,1791.2,7200.0
R001446,B025,1791.2,7200.0
R001446,B044,935.1,3600.0
R001447,B031,1379.1,inf
R001447,B050,1835.8,3600.0
R001448,B031,1568.6,inf
R001448,B050,1111.3,3600.0
R001449,B029,1379.1,inf
R001449,B053,1835.8,inf
R001450,B029,1568.6,inf
R001450,B053,1111.3,inf
R001451,B029,1379.1,inf
R001451,B051,1835.8,3600.0
R001452,B029,1568.6,inf
R001452,B051,1111.3,3600.0
R001453,B029,1379.1,inf
R001453,B050,1835.8,3600.0
R001454,B029,1568.6,inf
R001454,B050,1111.3,3600.0
R001455,B025,1379.1,7200.0
R001455,B053,1835.8,inf
R001456,B025,1568.6,7200.0
R001456,B053,1111.3,inf
R001457,B025,1379.1,7200.0
R001457,B050,1835.8,3600.0
R001458,B025,1568.6,7200.0
R001458,B050,1111.3,3600.0
R001459,B024,1379.1,7200.0
R001459,B054,1835.8,inf
R001460,B024,1568.6,7200.0
R001460,B054,1111.3,inf
R001462,B024,1568.6,7200.0
R001462,B053,1111.3,inf
R001463,B024,1379.1,7200.0
R001463,B051,1835.8,3600.0
R001464,B024,1568.6,7200.0
R001464,B051,1111.3,3600.0
R001465,B024,1379.1,7200.0
R001465,B050,1835.8,3600.0
R001466,B024,1568.6,7200.0
R001466,B050,1111.3,3600.0
R001468,B024,1628.6,7200.0
R001468,B050,1171.3,3600.0
R001468,B054,1171.3,inf
R001473,B024,1439.1,7200.0
R001473,B031,1439.1,inf
R001473,B050,1895.8,3600.0
R001474,B024,1628.6,7200.0
R001474,B031,1628.6,inf
R001474,B050,1141.3,3600.0
R001475,B024,1439.1,7200.0
R001475,B029,1439.1,inf
R001475,B050,1895.8,3600.0
R001476,B024,1628.6,7200.0
R001476,B029,1628.6,inf
R001476,B050,1141.3,3600.0
R001477,B024,1439.1,7200.0
R001477,B025,1439.1,7200.0
R001477,B050,1895.8,3600.0
R001478,B024,1628.6,7200.0
R001478,B025,1628.6,7200.0
R001478,B050,1141.3,3600.0
R001479,B031,1379.1,inf
R001479,B066,2199.8,10800.0
R001480,B031,1676.2,inf
R001480,B066,864.0,10800.0
R001482,B029,1676.2,inf
R001482,B068,864.0,inf
R001483,B029,1379.1,inf
R001483,B067,2199.8,10800.0
R001484,B029,1676.2,inf
R001484,B067,864.0,10800.0
R001485,B029,1379.1,inf
R001485,B066,2199.8,10800.0
R001486,B029,1676.2,inf
R001486,B066,864.0,10800.0
R001487,B025,1379.1,7200.0
R001487,B068,2199.8,inf
R001488,B025,1676.2,7200.0
R001488,B068,864.0,inf
R001489,B025,1379.1,7200.0
R001489,B066,2199.8,10800.0
R001490,B025,1676.2,7200.0
R001490,B066,864.0,10800.0
R001492,B024,1676.2,7200.0
R001492,B068,864.0,inf
R001494,B024,1676.2,7200.0
R001494,B067,864.0,10800.0
R001495,B024,1379.1,7200.0
R001495,B066,2199.8,10800.0
R001496,B024,1676.2,7200.0
R001496,B066,864.0,10800.0
R001498,B024,1736.2,7200.0
R001498,B066,924.0,10800.0
R001498,B068,924.0,inf
R001500,B024,1736.2,7200.0
R001500,B066,924.0,10800.0
R001500,B067,924.0,10800.0
R001501,B024,1439.1,7200.0
R001501,B031,1439.1,inf
R001501,B066,2259.8,10800.0
R001502,B024,1736.2,7200.0
R001502,B031,1736.2,inf
R001502,B066,894.0,10800.0
R001507,B031,1379.1,inf
R001507,B078,1832.1,7200.0
R001508,B031,1690.6,inf
R001508,B078,1228.5,7200.0
R001511,B029,1379.1,inf
R001511,B079,1832.1,10800.0
R001512,B029,1690.6,inf
R001512,B079,1228.5,10800.0
R001514,B029,1690.6,inf
R001514,B078,1228.5,7200.0
R001515,B025,1379.1,7200.0
R001515,B080,1832.1,inf
R001519,B024,1379.1,7200.0
R001519,B080,1832.1,inf
R001521,B024,1379.1,7200.0
R001521,B079,1832.1,10800.0
R001530,B024,1750.6,7200.0
R001530,B031,1750.6,inf
R001530,B078,1258.5,7200.0
R001535,B037,1343.6,inf
R001535,B038,1855.8,10800.0
R001536,B037,1610.6,inf
R001536,B038,1100.6,10800.0
R001540,B036,1610.6,inf
R001540,B039,1100.6,10800.0
R001541,B036,1343.6,inf
R001541,B038,1855.8,10800.0
R001542,B036,1610.6,inf
R001542,B038,1100.6,10800.0
R001543,B033,1343.6,7200.0
R001543,B042,1855.8,inf
R001545,B033,1343.6,7200.0
R001545,B038,1855.8,10800.0
R001546,B033,1610.6,7200.0
R001546,B038,1100.6,10800.0
R001548,B032,1610.6,7200.0
R001548,B043,1100.6,inf
R001553,B032,1343.6,7200.0
R001553,B038,1855.8,10800.0
R001554,B032,1610.6,7200.0
R001554,B038,1100.6,10800.0
R001568,B037,1837.7,inf
R001568,B055,1338.3,7200.0
R001570,B036,1837.7,inf
R001570,B055,1338.3,7200.0
R001571,B032,1343.6,7200.0
R001571,B059,1840.1,inf
R001572,B032,1837.7,7200.0
R001572,B059,1338.3,inf
R001573,B032,1343.6,7200.0
R001573,B058,1840.1,inf
R001574,B032,1837.7,7200.0
R001574,B058,1338.3,inf
R001575,B032,1343.6,7200.0
R001575,B055,1840.1,7200.0
R001576,B032,1837.7,7200.0
R001576,B055,1338.3,7200.0
R001577,B032,1897.7,7200.0
R001577,B055,1398.3,7200.0
R001577,B059,1398.3,inf
R001579,B037,1343.6,inf
R001579,B060,1843.4,10800.0
R001580,B037,1597.2,inf
R001580,B060,1097.4,10800.0
R001581,B036,1343.6,inf
R001581,B062,1843.4,inf
R001582,B036,1597.2,inf
R001582,B062,1097.4,inf
R001583,B036,1343.6,inf
R001583,B061,1843.4,10800.0
R001584,B036,1597.2,inf
R001584,B061,1097.4,10800.0
R001585,B036,1343.6,inf
R001585,B060,1843.4,10800.0
R001586,B036,1597.2,inf
R001586,B060,1097.4,10800.0
R001587,B033,1343.6,7200.0
R001587,B062,1843.4,inf
R001588,B033,1597.2,7200.0
R001588,B062,1097.4,inf
R001589,B033,1343.6,7200.0
R001589,B060,1843.4,10800.0
R001590,B033,1597.2,7200.0
R001590,B060,1097.4,10800.0
R001591,B032,1343.6,7200.0
R001591,B062,1843.4,inf
R001592,B032,1597.2,7200.0
R001592,B062,1097.4,inf
R001593,B032,1343.6,7200.0
R001593,B061,1843.4,10800.0
R001594,B032,1597.2,7200.0
R001594,B061,1097.4,10800.0
R001595,B032,1343.6,7200.0
R001595,B060,1843.4,10800.0
R001596,B032,1597.2,7200.0
R001596,B060,1097.4,10800.0
R001607,B037,1343.6,inf
R001607,B066,2079.4,10800.0
R001608,B037,1598.6,inf
R001608,B066,864.0,10800.0
R001612,B036,1598.6,inf
R001612,B067,864.0,10800.0
R001614,B036,1598.6,inf
R001614,B066,864.0,10800.0
R001615,B033,1343.6,7200.0
R001615,B068,2079.4,inf
R001617,B033,1343.6,7200.0
R001617,B066,2079.4,10800.0
R001618,B033,1598.6,7200.0
R001618,B066,864.0,10800.0
R001619,B032,1343.6,7200.0
R001619,B068,2079.4,inf
R001621,B032,1343.6,7200.0
R001621,B067,2079.4,10800.0
R001630,B032,1658.6,7200.0
R001630,B037,1658.6,inf
R001630,B066,894.0,10800.0
R001640,B043,1100.6,inf
R001640,B044,1905.7,3600.0
R001641,B043,1718.1,inf
R001641,B044,905.1,3600.0
R001642,B042,1100.6,inf
R001642,B048,1905.7,inf
R001643,B042,1718.1,inf
R001643,B048,905.1,inf
R001644,B042,1100.6,inf
R001644,B045,1905.7,3600.0
R001645,B042,1718.1,inf
R001645,B045,905.1,3600.0
R001646,B042,1100.6,inf
R001646,B044,1905.7,3600.0
R001647,B042,1718.1,inf
R001647,B044,905.1,3600.0
R001648,B039,1100.6,10800.0
R001648,B048,1905.7,inf
R001649,B039,1718.1,10800.0
R001649,B048,905.1,inf
R001650,B039,1100.6,10800.0
R001650,B044,1905.7,3600.0
R001651,B039,1718.1,10800.0
R001651,B044,905.1,3600.0
R001652,B038,1100.6,10800.0
R001652,B049,1905.7,inf
R001653,B038,1718.1,10800.0
R001653,B049,905.1,inf
R001654,B038,1100.6,10800.0
R001654,B048,1905.7,inf
R001655,B038,1718.1,10800.0
R001655,B048,905.1,inf
R001657,B038,1718.1,10800.0
R001657,B045,905.1,3600.0
R001659,B038,1718.1,10800.0
R001659,B044,905.1,3600.0
R001660,B038,1130.6,10800.0
R001660,B044,1965.7,3600.0
R001660,B049,1965.7,inf
R001661,B038,1778.1,10800.0
R001661,B044,965.1,3600.0
R001661,B049,965.1,inf
R001662,B038,1130.6,10800.0
R001662,B044,1965.7,3600.0
R001662,B048,1965.7,inf
R001663,B038,1778.1,10800.0
R001663,B044,965.1,3600.0
R001663,B048,965.1,inf
R001664,B038,1130.6,10800.0
R001664,B044,1965.7,3600.0
R001664,B045,1965.7,3600.0
R001665,B038,1778.1,10800.0
R001665,B044,965.1,3600.0
R001665,B045,965.1,3600.0
R001666,B038,1160.6,10800.0
R001666,B043,1160.6,inf
R001666,B044,1965.7,3600.0
R001667,B038,1778.1,10800.0
R001667,B043,1778.1,inf
R001667,B044,935.1,3600.0
R001668,B038,1160.6,10800.0
R001668,B042,1160.6,inf
R001668,B044,1965.7,3600.0
R001669,B038,1778.1,10800.0
R001669,B042,1778.1,inf
R001669,B044,935.1,3600.0
R001670,B038,1160.6,10800.0
R001670,B039,1160.6,10800.0
R001670,B044,1965.7,3600.0
R001671,B038,1778.1,10800.0
R001671,B039,1778.1,10800.0
R001671,B044,935.1,3600.0
R001679,B042,1867.3,inf
R001679,B050,1111.3,3600.0
R001680,B039,1100.6,10800.0
R001680,B053,1846.4,inf
R001684,B038,1100.6,10800.0
R001684,B054,1846.4,inf
R001685,B038,1867.3,10800.0
R001685,B054,1111.3,inf
R001686,B038,1100.6,10800.0
R001686,B053,1846.4,inf
R001689,B038,1867.3,10800.0
R001689,B051,1111.3,3600.0
R001691,B038,1867.3,10800.0
R001691,B050,1111.3,3600.0
R001705,B043,1873.0,inf
R001705,B055,1338.3,7200.0
R001708,B042,1100.6,inf
R001708,B056,1630.2,7200.0
R001709,B042,1873.0,inf
R001709,B056,1338.3,7200.0
R001711,B042,1873.0,inf
R001711,B055,1338.3,7200.0
R001712,B039,1100.6,10800.0
R001712,B058,1630.2,inf
R001713,B039,1873.0,10800.0
R001713,B058,1338.3,inf
R001716,B038,1100.6,10800.0
R001716,B059,1630.2,inf
R001717,B038,1873.0,10800.0
R001717,B059,1338.3,inf
R001718,B038,1100.6,10800.0
R001718,B058,1630.2,inf
R001719,B038,1873.0,10800.0
R001719,B058,1338.3,inf
R001720,B038,1100.6,10800.0
R001720,B056,1630.2,7200.0
R001721,B038,1873.0,10800.0
R001721,B056,1338.3,7200.0
R001722,B038,1100.6,10800.0
R001722,B055,1630.2,7200.0
R001723,B038,1873.0,10800.0
R001723,B055,1338.3,7200.0
R001736,B043,1100.6,inf
R001736,B060,1610.7,10800.0
R001737,B043,1609.8,inf
R001737,B060,1097.4,10800.0
R001741,B042,1609.8,inf
R001741,B061,1097.4,10800.0
R001743,B042,1609.8,inf
R001743,B060,1097.4,10800.0
R001744,B039,1100.6,10800.0
R001744,B062,1610.7,inf
R001745,B039,1609.8,10800.0
R001745,B062,1097.4,inf
R001748,B038,1100.6,10800.0
R001748,B062,1610.7,inf
R001758,B038,1160.6,10800.0
R001758,B043,1160.6,inf
R001758,B060,1670.7,10800.0
R001759,B038,1669.8,10800.0
R001759,B043,1669.8,inf
R001759,B060,1127.4,10800.0
R001772,B039,1100.6,10800.0
R001772,B065,1947.3,inf
R001776,B038,1100.6,10800.0
R001776,B065,1947.3,inf
R001779,B038,1931.6,10800.0
R001779,B064,1074.5,3600.0
R001792,B043,1100.6,inf
R001792,B066,1620.1,10800.0
R001793,B043,1384.5,inf
R001793,B066,864.0,10800.0
R001794,B042,1100.6,inf
R001794,B068,1620.1,inf
R001795,B042,1384.5,inf
R001795,B068,864.0,inf
R001796,B042,1100.6,inf
R001796,B067,1620.1,10800.0
R001797,B042,1384.5,inf
R001797,B067,864.0,10800.0
R001798,B042,1100.6,inf
R001798,B066,1620.1,10800.0
R001799,B042,1384.5,inf
R001799,B066,864.0,10800.0
R001800,B039,1100.6,10800.0
R001800,B068,1620.1,inf
R001801,B039,1384.5,10800.0
R001801,B068,864.0,inf
R001802,B039,1100.6,10800.0
R001802,B066,1620.1,10800.0
R001803,B039,1384.5,10800.0
R001803,B066,864.0,10800.0
R001804,B038,1100.6,10800.0
R001804,B068,1620.1,inf
R001805,B038,1384.5,10800.0
R001805,B068,864.0,inf
R001807,B038,1384.5,10800.0
R001807,B067,864.0,10800.0
R001808,B038,1100.6,10800.0
R001808,B066,1620.1,10800.0
R001809,B038,1384.5,10800.0
R001809,B066,864.0,10800.0
R001811,B038,1444.5,10800.0
R001811,B066,924.0,10800.0
R001811,B068,924.0,inf
R001814,B038,1160.6,10800.0
R001814,B043,1160.6,inf
R001814,B066,1680.1,10800.0
R001815,B038,1444.5,10800.0
R001815,B043,1444.5,inf
R001815,B066,894.0,10800.0
R001816,B038,1160.6,10800.0
R001816,B042,1160.6,inf
R001816,B066,1680.1,10800.0
R001817,B038,1444.5,10800.0
R001817,B042,1444.5,inf
R001817,B066,894.0,10800.0
R001818,B038,1160.6,10800.0
R001818,B039,1160.6,10800.0
R001818,B066,1680.1,10800.0
R001819,B038,1444.5,10800.0
R001819,B039,1444.5,10800.0
R001819,B066,894.0,10800.0
R001821,B043,2048.3,inf
R001821,B069,1305.1,3600.0
R001824,B042,2048.3,inf
R001824,B069,1305.1,3600.0
R001826,B038,1100.6,10800.0
R001826,B071,1838.1,inf
R001827,B038,2048.3,10800.0
R001827,B071,1305.1,inf
R001843,B039,1100.6,10800.0
R001843,B074,1784.1,inf
R001847,B038,1100.6,10800.0
R001847,B074,1784.1,inf
R001868,B042,1938.5,inf
R001868,B079,1228.5,10800.0
R001871,B039,1100.6,10800.0
R001871,B080,1792.0,inf
R001875,B038,1100.6,10800.0
R001875,B080,1792.0,inf
R001891,B049,905.1,inf
R001891,B050,1483.4,3600.0
R001903,B044,905.1,3600.0
R001903,B054,1483.4,inf
R001904,B044,1691.9,3600.0
R001904,B054,1111.3,inf
R001908,B044,1691.9,3600.0
R001908,B051,1111.3,3600.0
R001917,B044,965.1,3600.0
R001917,B049,965.1,inf
R001917,B050,1543.4,3600.0
R001923,B049,905.1,inf
R001923,B060,1814.7,10800.0
R001924,B049,2001.3,inf
R001924,B060,1097.4,10800.0
R001925,B048,905.1,inf
R001925,B062,1814.7,inf
R001926,B048,2001.3,inf
R001926,B062,1097.4,inf
R001927,B048,905.1,inf
R001927,B061,1814.7,10800.0
R001928,B048,2001.3,inf
R001928,B061,1097.4,10800.0
R001930,B048,2001.3,inf
R001930,B060,1097.4,10800.0
R001931,B045,905.1,3600.0
R001931,B062,1814.7,inf
R001932,B045,2001.3,3600.0
R001932,B062,1097.4,inf
R001934,B045,2001.3,3600.0
R001934,B060,1097.4,10800.0
R001935,B044,905.1,3600.0
R001935,B062,1814.7,inf
R001936,B044,2001.3,3600.0
R001936,B062,1097.4,inf
R001937,B044,905.1,3600.0
R001937,B061,1814.7,10800.0
R001938,B044,2001.3,3600.0
R001938,B061,1097.4,10800.0
R001940,B044,2001.3,3600.0
R001940,B060,1097.4,10800.0
R001941,B044,935.1,3600.0
R001941,B060,1874.7,10800.0
R001941,B062,1874.7,inf
R001942,B044,2061.3,3600.0
R001942,B060,1157.4,10800.0
R001942,B062,1157.4,inf
R001943,B044,935.1,3600.0
R001943,B060,1874.7,10800.0
R001943,B061,1874.7,10800.0
R001944,B044,2061.3,3600.0
R001944,B060,1157.4,10800.0
R001944,B061,1157.4,10800.0
R001945,B044,965.1,3600.0
R001945,B049,965.1,inf
R001945,B060,1874.7,10800.0
R001946,B044,2061.3,3600.0
R001946,B049,2061.3,inf
R001946,B060,1127.4,10800.0
R001947,B044,965.1,3600.0
R001947,B048,965.1,inf
R001947,B060,1874.7,10800.0
R001948,B044,2061.3,3600.0
R001948,B048,2061.3,inf
R001948,B060,1127.4,10800.0
R001949,B044,965.1,3600.0
R001949,B045,965.1,3600.0
R001949,B060,1874.7,10800.0
R001950,B044,2061.3,3600.0
R001950,B045,2061.3,3600.0
R001950,B060,1127.4,10800.0
R001952,B049,1988.2,inf
R001952,B063,1074.5,3600.0
R001953,B048,905.1,inf
R001953,B065,1816.3,inf
R001954,B048,1988.2,inf
R001954,B065,1074.5,inf
R001955,B048,905.1,inf
R001955,B064,1816.3,3600.0
R001956,B048,1988.2,inf
R001956,B064,1074.5,3600.0
R001958,B048,1988.2,inf
R001958,B063,1074.5,3600.0
R001959,B045,905.1,3600.0
R001959,B065,1816.3,inf
R001960,B045,1988.2,3600.0
R001960,B065,1074.5,inf
R001961,B045,905.1,3600.0
R001961,B063,1816.3,3600.0
R001962,B045,1988.2,3600.0
R001962,B063,1074.5,3600.0
R001963,B044,905.1,3600.0
R001963,B065,1816.3,inf
R001964,B044,1988.2,3600.0
R001964,B065,1074.5,inf
R001965,B044,905.1,3600.0
R001965,B064,1816.3,3600.0
R001966,B044,1988.2,3600.0
R001966,B064,1074.5,3600.0
R001968,B044,1988.2,3600.0
R001968,B063,1074.5,3600.0
R001969,B044,935.1,3600.0
R001969,B063,1876.3,3600.0
R001969,B065,1876.3,inf
R001970,B044,2048.2,3600.0
R001970,B063,1134.5,3600.0
R001970,B065,1134.5,inf
R001971,B044,935.1,3600.0
R001971,B063,1876.3,3600.0
R001971,B064,1876.3,3600.0
R001972,B044,2048.2,3600.0
R001972,B063,1134.5,3600.0
R001972,B064,1134.5,3600.0
R001973,B044,965.1,3600.0
R001973,B049,965.1,inf
R001973,B063,1876.3,3600.0
R001974,B044,2048.2,3600.0
R001974,B049,2048.2,inf
R001974,B063,1104.5,3600.0
R001975,B044,965.1,3600.0
R001975,B048,965.1,inf
R001975,B063,1876.3,3600.0
R001976,B044,2048.2,3600.0
R001976,B048,2048.2,inf
R001976,B063,1104.5,3600.0
R001977,B044,965.1,3600.0
R001977,B045,965.1,3600.0
R001977,B063,1876.3,3600.0
R001978,B044,2048.2,3600.0
R001978,B045,2048.2,3600.0
R001978,B063,1104.5,3600.0
R001979,B049,905.1,inf
R001979,B066,1473.7,10800.0
R001980,B049,1425.7,inf
R001980,B066,864.0,10800.0
R001981,B048,905.1,inf
R001981,B068,1473.7,inf
R001982,B048,1425.7,inf
R001982,B068,864.0,inf
R001983,B048,905.1,inf
R001983,B067,1473.7,10800.0
R001984,B048,1425.7,inf
R001984,B067,864.0,10800.0
R001985,B048,905.1,inf
R001985,B066,1473.7,10800.0
R001986,B048,1425.7,inf
R001986,B066,864.0,10800.0
R001987,B045,905.1,3600.0
R001987,B068,1473.7,inf
R001988,B045,1425.7,3600.0
R001988,B068,864.0,inf
R001989,B045,905.1,3600.0
R001989,B066,1473.7,10800.0
R001990,B045,1425.7,3600.0
R001990,B066,864.0,10800.0
R001991,B044,905.1,3600.0
R001991,B068,1473.7,inf
R001992,B044,1425.7,3600.0
R001992,B068,864.0,inf
R001995,B044,905.1,3600.0
R001995,B066,1473.7,10800.0
R001996,B044,1425.7,3600.0
R001996,B066,864.0,10800.0
R002001,B044,965.1,3600.0
R002001,B049,965.1,inf
R002001,B066,1533.7,10800.0
R002002,B044,1485.7,3600.0
R002002,B049,1485.7,inf
R002002,B066,894.0,10800.0
R002003,B044,965.1,3600.0
R002003,B048,965.1,inf
R002003,B066,1533.7,10800.0
R002004,B044,1485.7,3600.0
R002004,B048,1485.7,inf
R002004,B066,894.0,10800.0
R002005,B044,965.1,3600.0
R002005,B045,965.1,3600.0
R002005,B066,1533.7,10800.0
R002007,B049,905.1,inf
R002007,B072,1776.4,3600.0
R002009,B048,905.1,inf
R002009,B074,1776.4,inf
R002010,B048,1927.4,inf
R002010,B074,1053.5,inf
R002011,B048,905.1,inf
R002011,B073,1776.4,3600.0
R002012,B048,1927.4,inf
R002012,B073,1053.5,3600.0
R002013,B048,905.1,inf
R002013,B072,1776.4,3600.0
R002014,B048,1927.4,inf
R002014,B072,1053.5,3600.0
R002015,B045,905.1,3600.0
R002015,B074,1776.4,inf
R002016,B045,1927.4,3600.0
R002016,B074,1053.5,inf
R002017,B045,905.1,3600.0
R002017,B072,1776.4,3600.0
R002019,B044,905.1,3600.0
R002019,B074,1776.4,inf
R002020,B044,1927.4,3600.0
R002020,B074,1053.5,inf
R002021,B044,905.1,3600.0
R002021,B073,1776.4,3600.0
R002022,B044,1927.4,3600.0
R002022,B073,1053.5,3600.0
R002023,B044,905.1,3600.0
R002023,B072,1776.4,3600.0
R002025,B044,935.1,3600.0
R002025,B072,1836.4,3600.0
R002025,B074,1836.4,inf
R002026,B044,1987.4,3600.0
R002026,B072,1113.5,3600.0
R002026,B074,1113.5,inf
R002027,B044,935.1,3600.0
R002027,B072,1836.4,3600.0
R002027,B073,1836.4,3600.0
R002028,B044,1987.4,3600.0
R002028,B072,1113.5,3600.0
R002028,B073,1113.5,3600.0
R002029,B044,965.1,3600.0
R002029,B049,965.1,inf
R002029,B072,1836.4,3600.0
R002030,B044,1987.4,3600.0
R002030,B049,1987.4,inf
R002030,B072,1083.5,3600.0
R002031,B044,965.1,3600.0
R002031,B048,965.1,inf
R002031,B072,1836.4,3600.0
R002032,B044,1987.4,3600.0
R002032,B048,1987.4,inf
R002032,B072,1083.5,3600.0
R002033,B044,965.1,3600.0
R002033,B045,965.1,3600.0
R002033,B072,1836.4,3600.0
R002034,B044,1987.4,3600.0
R002034,B045,1987.4,3600.0
R002034,B072,1083.5,3600.0
R002035,B049,905.1,inf
R002035,B075,1999.9,3600.0
R002036,B049,2339.2,inf
R002036,B075,1242.0,3600.0
R002037,B048,905.1,inf
R002037,B077,1999.9,inf
R002038,B048,2339.2,inf
R002038,B077,1242.0,inf
R002039,B048,905.1,inf
R002039,B076,1999.9,3600.0
R002040,B048,2339.2,inf
R002040,B076,1242.0,3600.0
R002041,B048,905.1,inf
R002041,B075,1999.9,3600.0
R002043,B045,905.1,3600.0
R002043,B077,1999.9,inf
R002044,B045,905.1,3600.0
R002044,B075,1999.9,3600.0
R002045,B044,905.1,3600.0
R002045,B077,1999.9,inf
R002046,B044,2339.2,3600.0
R002046,B077,1242.0,inf
R002047,B044,905.1,3600.0
R002047,B076,1999.9,3600.0
R002048,B044,2339.2,3600.0
R002048,B076,1242.0,3600.0
R002049,B044,905.1,3600.0
R002049,B075,1999.9,3600.0
R002051,B044,935.1,3600.0
R002051,B075,2059.9,3600.0
R002051,B077,2059.9,inf
R002052,B044,2399.2,3600.0
R002052,B075,1302.0,3600.0
R002052,B077,1302.0,inf
R002053,B044,2399.2,3600.0
R002053,B075,1302.0,3600.0
R002053,B076,1302.0,3600.0
R002054,B044,965.1,3600.0
R002054,B049,965.1,inf
R002054,B075,2059.9,3600.0
R002055,B044,2399.2,3600.0
R002055,B049,2399.2,inf
R002055,B075,1272.0,3600.0
R002056,B044,965.1,3600.0
R002056,B048,965.1,inf
R002056,B075,2059.9,3600.0
R002057,B044,2399.2,3600.0
R002057,B048,2399.2,inf
R002057,B075,1272.0,3600.0
R002058,B044,965.1,3600.0
R002058,B045,965.1,3600.0
R002058,B075,2059.9,3600.0
R002060,B049,1994.0,inf
R002060,B078,1228.5,7200.0
R002064,B048,1994.0,inf
R002064,B079,1228.5,10800.0
R002067,B045,905.1,3600.0
R002067,B080,1659.8,inf
R002069,B045,905.1,3600.0
R002069,B078,1659.8,7200.0
R002071,B044,905.1,3600.0
R002071,B080,1659.8,inf
R002073,B044,905.1,3600.0
R002073,B079,1659.8,10800.0
R002075,B044,905.1,3600.0
R002075,B078,1659.8,7200.0
R002088,B054,1111.3,inf
R002088,B060,2001.9,10800.0
R002089,B054,1980.0,inf
R002089,B060,1097.4,10800.0
R002093,B053,1980.0,inf
R002093,B061,1097.4,10800.0
R002095,B053,1980.0,inf
R002095,B060,1097.4,10800.0
R002117,B054,2033.9,inf
R002117,B063,1074.5,3600.0
R002136,B054,1111.3,inf
R002136,B066,1648.2,10800.0
R002137,B054,1391.7,inf
R002137,B066,864.0,10800.0
R002139,B053,1391.7,inf
R002139,B068,864.0,inf
R002140,B053,1111.3,inf
R002140,B067,1648.2,10800.0
R002141,B053,1391.7,inf
R002141,B067,864.0,10800.0
R002142,B053,1111.3,inf
R002142,B066,1648.2,10800.0
R002143,B053,1391.7,inf
R002143,B066,864.0,10800.0
R002144,B051,1111.3,3600.0
R002144,B068,1648.2,inf
R002145,B051,1391.7,3600.0
R002145,B068,864.0,inf
R002146,B051,1111.3,3600.0
R002146,B066,1648.2,10800.0
R002147,B051,1391.7,3600.0
R002147,B066,864.0,10800.0
R002149,B050,1391.7,3600.0
R002149,B068,864.0,inf
R002150,B050,1111.3,3600.0
R002150,B067,1648.2,10800.0
R002151,B050,1391.7,3600.0
R002151,B067,864.0,10800.0
R002152,B050,1111.3,3600.0
R002152,B066,1648.2,10800.0
R002153,B050,1391.7,3600.0
R002153,B066,864.0,10800.0
R002155,B050,1451.7,3600.0
R002155,B066,924.0,10800.0
R002155,B068,924.0,inf
R002157,B050,1451.7,3600.0
R002157,B066,924.0,10800.0
R002157,B067,924.0,10800.0
R002158,B050,1171.3,3600.0
R002158,B054,1171.3,inf
R002158,B066,1708.2,10800.0
R002159,B050,1451.7,3600.0
R002159,B054,1451.7,inf
R002159,B066,894.0,10800.0
R002160,B050,1171.3,3600.0
R002160,B053,1171.3,inf
R002160,B066,1708.2,10800.0
R002161,B050,1451.7,3600.0
R002161,B053,1451.7,inf
R002161,B066,894.0,10800.0
R002162,B050,1171.3,3600.0
R002162,B051,1171.3,3600.0
R002162,B066,1708.2,10800.0
R002165,B054,1964.3,inf
R002165,B072,1053.5,3600.0
R002171,B051,1111.3,3600.0
R002171,B074,2021.8,inf
R002174,B050,1111.3,3600.0
R002174,B074,2021.8,inf
R002189,B054,1665.5,inf
R002189,B078,1228.5,7200.0
R002192,B053,1111.3,inf
R002192,B079,1539.8,10800.0
R002193,B053,1665.5,inf
R002193,B079,1228.5,10800.0
R002198,B051,1111.3,3600.0
R002198,B078,1539.8,7200.0
R002200,B050,1111.3,3600.0
R002200,B080,1539.8,inf
R002204,B050,1111.3,3600.0
R002204,B078,1539.8,7200.0
R002216,B059,1338.3,inf
R002216,B060,2039.2,10800.0
R002217,B059,1795.5,inf
R002217,B060,1097.4,10800.0
R002221,B059,1338.3,inf
R002221,B066,2091.7,10800.0
R002222,B059,1613.4,inf
R002222,B066,864.0,10800.0
R002223,B058,1338.3,inf
R002223,B068,2091.7,inf
R002224,B058,1613.4,inf
R002224,B068,864.0,inf
R002225,B058,1338.3,inf
R002225,B067,2091.7,10800.0
R002226,B058,1613.4,inf
R002226,B067,864.0,10800.0
R002227,B058,1338.3,inf
R002227,B066,2091.7,10800.0
R002228,B058,1613.4,inf
R002228,B066,864.0,10800.0
R002229,B056,1338.3,7200.0
R002229,B068,2091.7,inf
R002230,B056,1613.4,7200.0
R002230,B068,864.0,inf
R002231,B056,1338.3,7200.0
R002231,B066,2091.7,10800.0
R002232,B056,1613.4,7200.0
R002232,B066,864.0,10800.0
R002233,B055,1338.3,7200.0
R002233,B068,2091.7,inf
R002234,B055,1613.4,7200.0
R002234,B068,864.0,inf
R002235,B055,1338.3,7200.0
R002235,B067,2091.7,10800.0
R002236,B055,1613.4,7200.0
R002236,B067,864.0,10800.0
R002237,B055,1338.3,7200.0
R002237,B066,2091.7,10800.0
R002238,B055,1613.4,7200.0
R002238,B066,864.0,10800.0
R002239,B055,1368.3,7200.0
R002239,B066,2151.7,10800.0
R002239,B068,2151.7,inf
R002240,B055,1673.4,7200.0
R002240,B066,924.0,10800.0
R002240,B068,924.0,inf
R002241,B055,1368.3,7200.0
R002241,B066,2151.7,10800.0
R002241,B067,2151.7,10800.0
R002242,B055,1673.4,7200.0
R002242,B066,924.0,10800.0
R002242,B067,924.0,10800.0
R002243,B055,1398.3,7200.0
R002243,B059,1398.3,inf
R002243,B066,2151.7,10800.0
R002244,B055,1673.4,7200.0
R002244,B059,1673.4,inf
R002244,B066,894.0,10800.0
R002245,B055,1398.3,7200.0
R002245,B058,1398.3,inf
R002245,B066,2151.7,10800.0
R002246,B055,1673.4,7200.0
R002246,B058,1673.4,inf
R002246,B066,894.0,10800.0
R002247,B055,1398.3,7200.0
R002247,B056,1398.3,7200.0
R002247,B066,2151.7,10800.0
R002248,B055,1673.4,7200.0
R002248,B056,1673.4,7200.0
R002248,B066,894.0,10800.0
R002250,B059,1991.2,inf
R002250,B078,1228.5,7200.0
R002252,B058,1991.2,inf
R002252,B078,1228.5,7200.0
R002253,B055,1338.3,7200.0
R002253,B080,2087.4,inf
R002263,B062,1780.8,inf
R002263,B064,1074.5,3600.0
R002265,B062,1780.8,inf
R002265,B063,1074.5,3600.0
R002266,B061,1097.4,10800.0
R002266,B065,1795.6,inf
R002267,B061,1780.8,10800.0
R002267,B065,1074.5,inf
R002270,B060,1097.4,10800.0
R002270,B065,1795.6,inf
R002271,B060,1780.8,10800.0
R002271,B065,1074.5,inf
R002273,B060,1780.8,10800.0
R002273,B064,1074.5,3600.0
R002275,B060,1780.8,10800.0
R002275,B063,1074.5,3600.0
R002287,B062,1473.3,inf
R002287,B067,864.0,10800.0
R002289,B062,1473.3,inf
R002289,B066,864.0,10800.0
R002290,B061,1097.4,10800.0
R002290,B068,1707.9,inf
R002294,B060,1097.4,10800.0
R002294,B068,1707.9,inf
R002305,B060,1533.3,10800.0
R002305,B062,1533.3,inf
R002305,B066,894.0,10800.0
R002311,B062,1811.9,inf
R002311,B070,1305.1,3600.0
R002313,B062,1811.9,inf
R002313,B069,1305.1,3600.0
R002314,B061,1097.4,10800.0
R002314,B071,1600.8,inf
R002315,B061,1811.9,10800.0
R002315,B071,1305.1,inf
R002317,B061,1811.9,10800.0
R002317,B069,1305.1,3600.0
R002318,B060,1097.4,10800.0
R002318,B071,1600.8,inf
R002319,B060,1811.9,10800.0
R002319,B071,1305.1,inf
R002321,B060,1811.9,10800.0
R002321,B070,1305.1,3600.0
R002335,B062,1565.6,inf
R002335,B073,1053.5,3600.0
R002337,B062,1565.6,inf
R002337,B072,1053.5,3600.0
R002338,B061,1097.4,10800.0
R002338,B074,1601.3,inf
R002339,B061,1565.6,10800.0
R002339,B074,1053.5,inf
R002342,B060,1097.4,10800.0
R002342,B074,1601.3,inf
R002343,B060,1565.6,10800.0
R002343,B074,1053.5,inf
R002345,B060,1565.6,10800.0
R002345,B073,1053.5,3600.0
R002361,B060,1097.4,10800.0
R002361,B077,1993.4,inf
R002362,B060,2146.1,10800.0
R002362,B077,1242.0,inf
R002364,B060,2146.1,10800.0
R002364,B076,1242.0,3600.0
R002374,B062,2114.8,inf
R002374,B078,1228.5,7200.0
R002376,B060,1097.4,10800.0
R002376,B080,1967.3,inf
R002386,B065,1641.9,inf
R002386,B067,864.0,10800.0
R002388,B065,1641.9,inf
R002388,B066,864.0,10800.0
R002389,B064,1074.5,3600.0
R002389,B068,1861.7,inf
R002390,B064,1641.9,3600.0
R002390,B068,864.0,inf
R002391,B064,1074.5,3600.0
R002391,B066,1861.7,10800.0
R002392,B064,1641.9,3600.0
R002392,B066,864.0,10800.0
R002397,B063,1074.5,3600.0
R002397,B066,1861.7,10800.0
R002410,B065,1928.8,inf
R002410,B070,1305.1,3600.0
R002413,B064,1074.5,3600.0
R002413,B071,1702.9,inf
R002431,B065,1074.5,inf
R002431,B074,1481.5,inf
R002432,B065,1460.6,inf
R002432,B074,1053.5,inf
R002433,B065,1074.5,inf
R002433,B073,1481.5,3600.0
R002434,B065,1460.6,inf
R002434,B073,1053.5,3600.0
R002435,B065,1074.5,inf
R002435,B072,1481.5,3600.0
R002436,B065,1460.6,inf
R002436,B072,1053.5,3600.0
R002437,B064,1074.5,3600.0
R002437,B074,1481.5,inf
R002438,B064,1460.6,3600.0
R002438,B074,1053.5,inf
R002439,B064,1074.5,3600.0
R002439,B072,1481.5,3600.0
R002440,B064,1460.6,3600.0
R002440,B072,1053.5,3600.0
R002441,B063,1074.5,3600.0
R002441,B074,1481.5,inf
R002442,B063,1460.6,3600.0
R002442,B074,1053.5,inf
R002443,B063,1074.5,3600.0
R002443,B073,1481.5,3600.0
R002444,B063,1460.6,3600.0
R002444,B073,1053.5,3600.0
R002445,B063,1074.5,3600.0
R002445,B072,1481.5,3600.0
R002446,B063,1460.6,3600.0
R002446,B072,1053.5,3600.0
R002448,B063,1520.6,3600.0
R002448,B072,1113.5,3600.0
R002448,B074,1113.5,inf
R002451,B063,1134.5,3600.0
R002451,B065,1134.5,inf
R002451,B072,1541.5,3600.0
R002452,B063,1520.6,3600.0
R002452,B065,1520.6,inf
R002452,B072,1083.5,3600.0
R002453,B063,1134.5,3600.0
R002453,B064,1134.5,3600.0
R002453,B072,1541.5,3600.0
R002454,B063,1520.6,3600.0
R002454,B064,1520.6,3600.0
R002454,B072,1083.5,3600.0
R002455,B065,1074.5,inf
R002455,B077,1537.6,inf
R002456,B065,1705.1,inf
R002456,B077,1242.0,inf
R002457,B065,1074.5,inf
R002457,B076,1537.6,3600.0
R002458,B065,1705.1,inf
R002458,B076,1242.0,3600.0
R002459,B065,1074.5,inf
R002459,B075,1537.6,3600.0
R002460,B065,1705.1,inf
R002460,B075,1242.0,3600.0
R002461,B064,1074.5,3600.0
R002461,B077,1537.6,inf
R002463,B064,1074.5,3600.0
R002463,B075,1537.6,3600.0
R002464,B064,1705.1,3600.0
R002464,B075,1242.0,3600.0
R002465,B063,1074.5,3600.0
R002465,B077,1537.6,inf
R002466,B063,1705.1,3600.0
R002466,B077,1242.0,inf
R002467,B063,1074.5,3600.0
R002467,B076,1537.6,3600.0
R002468,B063,1705.1,3600.0
R002468,B076,1242.0,3600.0
R002469,B063,1074.5,3600.0
R002469,B075,1537.6,3600.0
R002470,B063,1705.1,3600.0
R002470,B075,1242.0,3600.0
R002471,B063,1104.5,3600.0
R002471,B075,1597.6,3600.0
R002471,B077,1597.6,inf
R002472,B063,1765.1,3600.0
R002472,B075,1302.0,3600.0
R002472,B077,1302.0,inf
R002473,B063,1104.5,3600.0
R002473,B075,1597.6,3600.0
R002473,B076,1597.6,3600.0
R002474,B063,1765.1,3600.0
R002474,B075,1302.0,3600.0
R002474,B076,1302.0,3600.0
R002475,B063,1134.5,3600.0
R002475,B065,1134.5,inf
R002475,B075,1597.6,3600.0
R002479,B068,864.0,inf
R002479,B071,1744.4,inf
R002480,B068,2190.1,inf
R002480,B071,1305.1,inf
R002481,B068,864.0,inf
R002481,B070,1744.4,3600.0
R002482,B068,2190.1,inf
R002482,B070,1305.1,3600.0
R002484,B068,2190.1,inf
R002484,B069,1305.1,3600.0
R002485,B067,864.0,10800.0
R002485,B071,1744.4,inf
R002487,B067,2190.1,10800.0
R002487,B069,1305.1,3600.0
R002488,B066,864.0,10800.0
R002488,B071,1744.4,inf
R002489,B066,2190.1,10800.0
R002489,B071,1305.1,inf
R002490,B066,864.0,10800.0
R002490,B070,1744.4,3600.0
R002491,B066,2190.1,10800.0
R002491,B070,1305.1,3600.0
R002493,B066,2190.1,10800.0
R002493,B069,1305.1,3600.0
R002494,B066,894.0,10800.0
R002494,B069,1804.4,3600.0
R002494,B071,1804.4,inf
R002496,B066,894.0,10800.0
R002496,B069,1804.4,3600.0
R002496,B070,1804.4,3600.0
R002498,B066,924.0,10800.0
R002498,B068,924.0,inf
R002498,B069,1804.4,3600.0
R002499,B066,2250.1,10800.0
R002499,B068,2250.1,inf
R002499,B069,1335.1,3600.0
R002500,B066,924.0,10800.0
R002500,B067,924.0,10800.0
R002500,B069,1804.4,3600.0
R002503,B068,864.0,inf
R002503,B073,1545.4,3600.0
R002504,B068,1744.3,inf
R002504,B073,1053.5,3600.0
R002506,B068,1744.3,inf
R002506,B072,1053.5,3600.0
R002507,B067,864.0,10800.0
R002507,B074,1545.4,inf
R002510,B067,1744.3,10800.0
R002510,B072,1053.5,3600.0
R002511,B066,864.0,10800.0
R002511,B074,1545.4,inf
R002513,B066,864.0,10800.0
R002513,B073,1545.4,3600.0
R002514,B066,1744.3,10800.0
R002514,B073,1053.5,3600.0
R002516,B066,1744.3,10800.0
R002516,B072,1053.5,3600.0
R002526,B068,2267.4,inf
R002526,B077,1242.0,inf
R002527,B068,864.0,inf
R002527,B076,1880.1,3600.0
R002528,B068,2267.4,inf
R002528,B076,1242.0,3600.0
R002530,B068,2267.4,inf
R002530,B075,1242.0,3600.0
R002531,B067,864.0,10800.0
R002531,B077,1880.1,inf
R002532,B067,2267.4,10800.0
R002532,B077,1242.0,inf
R002534,B067,2267.4,10800.0
R002534,B075,1242.0,3600.0
R002535,B066,864.0,10800.0
R002535,B077,1880.1,inf
R002536,B066,2267.4,10800.0
R002536,B077,1242.0,inf
R002538,B066,2267.4,10800.0
R002538,B076,1242.0,3600.0
R002540,B066,2267.4,10800.0
R002540,B075,1242.0,3600.0
R002549,B068,864.0,inf
R002549,B080,1503.7,inf
R002550,B068,1885.8,inf
R002550,B080,1228.5,inf
R002551,B068,864.0,inf
R002551,B079,1503.7,10800.0
R002552,B068,1885.8,inf
R002552,B079,1228.5,10800.0
R002553,B068,864.0,inf
R002553,B078,1503.7,7200.0
R002554,B068,1885.8,inf
R002554,B078,1228.5,7200.0
R002555,B067,864.0,10800.0
R002555,B080,1503.7,inf
R002556,B067,1885.8,10800.0
R002556,B080,1228.5,inf
R002557,B067,864.0,10800.0
R002557,B078,1503.7,7200.0
R002558,B067,1885.8,10800.0
R002558,B078,1228.5,7200.0
R002559,B066,864.0,10800.0
R002559,B080,1503.7,inf
R002560,B066,1885.8,10800.0
R002560,B080,1228.5,inf
R002561,B066,864.0,10800.0
R002561,B079,1503.7,10800.0
R002562,B066,1885.8,10800.0
R002562,B079,1228.5,10800.0
R002563,B066,864.0,10800.0
R002563,B078,1503.7,7200.0
R002564,B066,1885.8,10800.0
R002564,B078,1228.5,7200.0
R002565,B066,894.0,10800.0
R002565,B078,1563.7,7200.0
R002565,B080,1563.7,inf
R002566,B066,1945.8,10800.0
R002566,B078,1288.5,7200.0
R002566,B080,1288.5,inf
R002567,B066,894.0,10800.0
R002567,B078,1563.7,7200.0
R002567,B079,1563.7,10800.0
R002568,B066,1945.8,10800.0
R002568,B078,1288.5,7200.0
R002568,B079,1288.5,10800.0
R002569,B066,924.0,10800.0
R002569,B068,924.0,inf
R002569,B078,1563.7,7200.0
R002573,B071,1305.1,inf
R002573,B074,1810.0,inf
R002575,B071,1305.1,inf
R002575,B073,1810.0,3600.0
R002576,B071,1563.2,inf
R002576,B073,1053.5,3600.0
R002577,B071,1305.1,inf
R002577,B072,1810.0,3600.0
R002578,B071,1563.2,inf
R002578,B072,1053.5,3600.0
R002579,B070,1305.1,3600.0
R002579,B074,1810.0,inf
R002580,B070,1563.2,3600.0
R002580,B074,1053.5,inf
R002581,B070,1305.1,3600.0
R002581,B072,1810.0,3600.0
R002582,B070,1563.2,3600.0
R002582,B072,1053.5,3600.0
R002583,B069,1305.1,3600.0
R002583,B074,1810.0,inf
R002584,B069,1563.2,3600.0
R002584,B074,1053.5,inf
R002585,B069,1305.1,3600.0
R002585,B073,1810.0,3600.0
R002587,B069,1305.1,3600.0
R002587,B072,1810.0,3600.0
R002588,B069,1563.2,3600.0
R002588,B072,1053.5,3600.0
R002594,B069,1623.2,3600.0
R002594,B071,1623.2,inf
R002594,B072,1083.5,3600.0
R002603,B074,1816.9,inf
R002603,B076,1242.0,3600.0
R002605,B074,1816.9,inf
R002605,B075,1242.0,3600.0
R002606,B073,1053.5,3600.0
R002606,B077,1628.4,inf
R002610,B072,1053.5,3600.0
R002610,B077,1628.4,inf
R002624,B014,828.3,inf
R002624,B023,1377.6,inf
R002625,B014,1683.6,inf
R002625,B023,1131.9,inf
R002626,B014,828.3,inf
R002626,B021,1377.6,inf
R002628,B014,828.3,inf
R002628,B017,1377.6,3600.0
R002629,B014,1683.6,inf
R002629,B017,1131.9,3600.0
R002630,B014,828.3,inf
R002630,B016,1377.6,3600.0
R002631,B014,1683.6,inf
R002631,B016,1131.9,3600.0
R002632,B011,828.3,inf
R002632,B023,1377.6,inf
R002633,B011,1683.6,inf
R002633,B023,1131.9,inf
R002636,B011,828.3,inf
R002636,B017,1377.6,3600.0
R002637,B011,1683.6,inf
R002637,B017,1131.9,3600.0
R002638,B011,828.3,inf
R002638,B016,1377.6,3600.0
R002651,B003,1683.6,3600.0
R002651,B017,1131.9,3600.0
R002658,B001,828.3,3600.0
R002658,B023,1377.6,inf
R002659,B001,1683.6,3600.0
R002659,B023,1131.9,inf
R002660,B001,828.3,3600.0
R002660,B021,1377.6,inf
R002661,B001,1683.6,3600.0
R002661,B021,1131.9,inf
R002662,B001,858.3,3600.0
R002662,B021,1437.6,inf
R002662,B022,1437.6,inf
R002663,B001,1743.6,3600.0
R002663,B021,1191.9,inf
R002663,B022,1191.9,inf
R002664,B001,828.3,3600.0
R002664,B017,1377.6,3600.0
R002665,B001,1683.6,3600.0
R002665,B017,1131.9,3600.0
R002668,B001,828.3,3600.0
R002668,B016,1377.6,3600.0
R002669,B001,1683.6,3600.0
R002669,B016,1131.9,3600.0
R002681,B001,1743.6,3600.0
R002681,B011,1743.6,inf
R002681,B017,1161.9,3600.0
R002688,B001,888.3,3600.0
R002688,B002,888.3,inf
R002688,B023,1437.6,inf
R002690,B001,888.3,3600.0
R002690,B002,888.3,inf
R002690,B021,1437.6,inf
R002692,B001,888.3,3600.0
R002692,B002,888.3,inf
R002692,B017,1437.6,3600.0
R002693,B001,1743.6,3600.0
R002693,B002,1743.6,inf
R002693,B017,1161.9,3600.0
R002694,B001,888.3,3600.0
R002694,B002,888.3,inf
R002694,B016,1437.6,3600.0
R002708,B014,828.3,inf
R002708,B031,1729.0,inf
R002709,B014,2169.1,inf
R002709,B031,1258.1,inf
R002710,B014,828.3,inf
R002710,B029,1729.0,inf
R002712,B014,828.3,inf
R002712,B025,1729.0,7200.0
R002713,B014,2169.1,inf
R002713,B025,1258.1,7200.0
R002714,B014,828.3,inf
R002714,B024,1729.0,7200.0
R002715,B014,2169.1,inf
R002715,B024,1258.1,7200.0
R002716,B011,828.3,inf
R002716,B031,1729.0,inf
R002717,B011,2169.1,inf
R002717,B031,1258.1,inf
R002722,B011,2169.1,inf
R002722,B024,1258.1,7200.0
R002725,B011,888.3,inf
R002725,B012,888.3,inf
R002725,B024,1789.0,7200.0
R002732,B001,828.3,3600.0
R002732,B031,1729.0,inf
R002733,B001,2169.1,3600.0
R002733,B031,1258.1,inf
R002734,B001,828.3,3600.0
R002734,B029,1729.0,inf
R002736,B001,858.3,3600.0
R002736,B029,1789.0,inf
R002736,B030,1789.0,inf
R002737,B001,2229.1,3600.0
R002737,B029,1318.1,inf
R002737,B030,1318.1,inf
R002738,B001,828.3,3600.0
R002738,B025,1729.0,7200.0
R002739,B001,2169.1,3600.0
R002739,B025,1258.1,7200.0
R002740,B001,828.3,3600.0
R002740,B024,1729.0,7200.0
R002749,B001,2229.1,3600.0
R002749,B014,2229.1,inf
R002749,B024,1288.1,7200.0
R002750,B001,888.3,3600.0
R002750,B011,888.3,inf
R002750,B029,1789.0,inf
R002751,B001,2229.1,3600.0
R002751,B011,2229.1,inf
R002751,B029,1288.1,inf
R002752,B001,888.3,3600.0
R002752,B011,888.3,inf
R002752,B025,1789.0,7200.0
R002754,B001,2229.1,3600.0
R002754,B011,2229.1,inf
R002754,B024,1288.1,7200.0
R002755,B001,888.3,3600.0
R002755,B003,888.3,3600.0
R002755,B029,1789.0,inf
R002757,B001,888.3,3600.0
R002757,B002,888.3,inf
R002757,B031,1789.0,inf
R002758,B001,2229.1,3600.0
R002758,B002,2229.1,inf
R002758,B031,1288.1,inf
R002759,B001,888.3,3600.0
R002759,B002,888.3,inf
R002759,B029,1789.0,inf
R002760,B001,2229.1,3600.0
R002760,B002,2229.1,inf
R002760,B029,1288.1,inf
R002761,B001,888.3,3600.0
R002761,B002,888.3,inf
R002761,B025,1789.0,7200.0
R002762,B001,2229.1,3600.0
R002762,B002,2229.1,inf
R002762,B025,1288.1,7200.0
R002764,B001,2229.1,3600.0
R002764,B002,2229.1,inf
R002764,B024,1288.1,7200.0
R002765,B001,918.3,3600.0
R002765,B002,918.3,inf
R002765,B024,1849.0,7200.0
R002765,B031,1849.0,inf
R002766,B001,2289.1,3600.0
R002766,B002,2289.1,inf
R002766,B024,1348.1,7200.0
R002766,B031,1348.1,inf
R002767,B001,918.3,3600.0
R002767,B002,918.3,inf
R002767,B024,1849.0,7200.0
R002767,B029,1849.0,inf
R002768,B001,2289.1,3600.0
R002768,B002,2289.1,inf
R002768,B024,1348.1,7200.0
R002768,B029,1348.1,inf
R002769,B001,948.3,3600.0
R002769,B002,948.3,inf
R002769,B014,948.3,inf
R002769,B024,1849.0,7200.0
R002770,B001,2289.1,3600.0
R002770,B002,2289.1,inf
R002770,B014,2289.1,inf
R002770,B024,1318.1,7200.0
R002771,B001,948.3,3600.0
R002771,B002,948.3,inf
R002771,B011,948.3,inf
R002771,B024,1849.0,7200.0
R002772,B001,2289.1,3600.0
R002772,B002,2289.1,inf
R002772,B011,2289.1,inf
R002772,B024,1318.1,7200.0
R002773,B001,948.3,3600.0
R002773,B002,948.3,inf
R002773,B003,948.3,3600.0
R002773,B024,1849.0,7200.0
R002774,B014,828.3,inf
R002774,B037,1485.2,inf
R002775,B014,1874.4,inf
R002775,B037,1214.5,inf
R002776,B014,828.3,inf
R002776,B036,1485.2,inf
R002777,B014,1874.4,inf
R002777,B036,1214.5,inf
R002778,B014,828.3,inf
R002778,B033,1485.2,7200.0
R002779,B014,1874.4,inf
R002779,B033,1214.5,7200.0
R002780,B014,828.3,inf
R002780,B032,1485.2,7200.0
R002781,B014,1874.4,inf
R002781,B032,1214.5,7200.0
R002782,B011,828.3,inf
R002782,B037,1485.2,inf
R002783,B011,1874.4,inf
R002783,B037,1214.5,inf
R002784,B011,828.3,inf
R002784,B036,1485.2,inf
R002785,B011,1874.4,inf
R002785,B036,1214.5,inf
R002786,B011,828.3,inf
R002786,B033,1485.2,7200.0
R002787,B011,1874.4,inf
R002787,B033,1214.5,7200.0
R002788,B011,828.3,inf
R002788,B032,1485.2,7200.0
R002789,B011,1874.4,inf
R002789,B032,1214.5,7200.0
R002794,B011,888.3,inf
R002794,B012,888.3,inf
R002794,B032,1545.2,7200.0
R002795,B011,1934.4,inf
R002795,B012,1934.4,inf
R002795,B032,1244.5,7200.0
R002797,B003,1874.4,3600.0
R002797,B037,1214.5,inf
R002799,B003,1874.4,3600.0
R002799,B036,1214.5,inf
R002800,B003,828.3,3600.0
R002800,B033,1485.2,7200.0
R002802,B003,1874.4,3600.0
R002802,B032,1214.5,7200.0
R002806,B001,828.3,3600.0
R002806,B037,1485.2,inf
R002807,B001,1874.4,3600.0
R002807,B037,1214.5,inf
R002808,B001,828.3,3600.0
R002808,B036,1485.2,inf
R002809,B001,1874.4,3600.0
R002809,B036,1214.5,inf
R002810,B001,828.3,3600.0
R002810,B033,1485.2,7200.0
R002811,B001,1874.4,3600.0
R002811,B033,1214.5,7200.0
R002814,B001,828.3,3600.0
R002814,B032,1485.2,7200.0
R002815,B001,1874.4,3600.0
R002815,B032,1214.5,7200.0
R002823,B001,1934.4,3600.0
R002823,B014,1934.4,inf
R002823,B032,1244.5,7200.0
R002825,B001,1934.4,3600.0
R002825,B011,1934.4,inf
R002825,B036,1244.5,inf
R002826,B001,888.3,3600.0
R002826,B011,888.3,inf
R002826,B033,1545.2,7200.0
R002827,B001,1934.4,3600.0
R002827,B011,1934.4,inf
R002827,B033,1244.5,7200.0
R002829,B001,1934.4,3600.0
R002829,B011,1934.4,inf
R002829,B032,1244.5,7200.0
R002831,B001,1934.4,3600.0
R002831,B003,1934.4,3600.0
R002831,B036,1244.5,inf
R002833,B001,1934.4,3600.0
R002833,B003,1934.4,3600.0
R002833,B032,1244.5,7200.0
R002834,B001,888.3,3600.0
R002834,B002,888.3,inf
R002834,B037,1545.2,inf
R002835,B001,1934.4,3600.0
R002835,B002,1934.4,inf
R002835,B037,1244.5,inf
R002837,B001,1934.4,3600.0
R002837,B002,1934.4,inf
R002837,B036,1244.5,inf
R002838,B001,888.3,3600.0
R002838,B002,888.3,inf
R002838,B033,1545.2,7200.0
R002839,B001,1934.4,3600.0
R002839,B002,1934.4,inf
R002839,B033,1244.5,7200.0
R002840,B001,888.3,3600.0
R002840,B002,888.3,inf
R002840,B032,1545.2,7200.0
R002846,B001,918.3,3600.0
R002846,B002,918.3,inf
R002846,B032,1605.2,7200.0
R002846,B033,1605.2,7200.0
R002847,B001,1994.4,3600.0
R002847,B002,1994.4,inf
R002847,B032,1304.5,7200.0
R002847,B033,1304.5,7200.0
R002854,B014,828.3,inf
R002854,B043,1296.5,inf
R002855,B014,1481.2,inf
R002855,B043,1012.3,inf
R002856,B014,828.3,inf
R002856,B042,1296.5,inf
R002857,B014,1481.2,inf
R002857,B042,1012.3,inf
R002858,B014,828.3,inf
R002858,B039,1296.5,10800.0
R002859,B014,1481.2,inf
R002859,B039,1012.3,10800.0
R002860,B014,828.3,inf
R002860,B038,1296.5,10800.0
R002861,B014,1481.2,inf
R002861,B038,1012.3,10800.0
R002862,B011,828.3,inf
R002862,B043,1296.5,inf
R002863,B011,1481.2,inf
R002863,B043,1012.3,inf
R002864,B011,828.3,inf
R002864,B042,1296.5,inf
R002869,B011,1481.2,inf
R002869,B038,1012.3,10800.0
R002874,B011,888.3,inf
R002874,B012,888.3,inf
R002874,B038,1356.5,10800.0
R002875,B011,1541.2,inf
R002875,B012,1541.2,inf
R002875,B038,1042.3,10800.0
R002888,B001,828.3,3600.0
R002888,B043,1296.5,inf
R002890,B001,828.3,3600.0
R002890,B042,1296.5,inf
R002892,B001,828.3,3600.0
R002892,B039,1296.5,10800.0
R002896,B001,828.3,3600.0
R002896,B038,1296.5,10800.0
R002898,B001,858.3,3600.0
R002898,B038,1356.5,10800.0
R002898,B043,1356.5,inf
R002936,B014,828.3,inf
R002936,B049,1463.0,inf
R002937,B014,1495.5,inf
R002937,B049,852.1,inf
R002938,B014,828.3,inf
R002938,B048,1463.0,inf
R002939,B014,1495.5,inf
R002939,B048,852.1,inf
R002940,B014,828.3,inf
R002940,B045,1463.0,3600.0
R002941,B014,1495.5,inf
R002941,B045,852.1,3600.0
R002944,B011,828.3,inf
R002944,B049,1463.0,inf
R002945,B011,1495.5,inf
R002945,B049,852.1,inf
R002946,B011,828.3,inf
R002946,B048,1463.0,inf
R002956,B011,888.3,inf
R002956,B012,888.3,inf
R002956,B044,1523.0,3600.0
R002957,B011,1555.5,inf
R002957,B012,1555.5,inf
R002957,B044,882.1,3600.0
R002966,B003,858.3,3600.0
R002966,B044,1523.0,3600.0
R002966,B048,1523.0,inf
R002969,B003,1555.5,3600.0
R002969,B011,1555.5,inf
R002969,B044,882.1,3600.0
R002978,B001,828.3,3600.0
R002978,B044,1463.0,3600.0
R002979,B001,1495.5,3600.0
R002979,B044,852.1,3600.0
R002980,B001,858.3,3600.0
R002980,B044,1523.0,3600.0
R002980,B049,1523.0,inf
R003001,B001,1555.5,3600.0
R003001,B002,1555.5,inf
R003001,B048,882.1,inf
R003002,B001,888.3,3600.0
R003002,B002,888.3,inf
R003002,B045,1523.0,3600.0
R003003,B001,1555.5,3600.0
R003003,B002,1555.5,inf
R003003,B045,882.1,3600.0
R003004,B001,888.3,3600.0
R003004,B002,888.3,inf
R003004,B044,1523.0,3600.0
R003018,B014,828.3,inf
R003018,B054,1474.9,inf
R003019,B014,1693.3,inf
R003019,B054,1035.7,inf
R003020,B014,828.3,inf
R003020,B053,1474.9,inf
R003021,B014,1693.3,inf
R003021,B053,1035.7,inf
R003022,B014,828.3,inf
R003022,B051,1474.9,3600.0
R003023,B014,1693.3,inf
R003023,B051,1035.7,3600.0
R003026,B011,828.3,inf
R003026,B054,1474.9,inf
R003027,B011,1693.3,inf
R003027,B054,1035.7,inf
R003028,B011,828.3,inf
R003028,B053,1474.9,inf
R003030,B011,828.3,inf
R003030,B051,1474.9,3600.0
R003038,B011,888.3,inf
R003038,B012,888.3,inf
R003038,B050,1534.9,3600.0
R003039,B011,1753.3,inf
R003039,B012,1753.3,inf
R003039,B050,1065.7,3600.0
R003040,B003,828.3,3600.0
R003040,B054,1474.9,inf
R003042,B003,828.3,3600.0
R003042,B053,1474.9,inf
R003044,B003,828.3,3600.0
R003044,B051,1474.9,3600.0
R003050,B003,888.3,3600.0
R003050,B011,888.3,inf
R003050,B050,1534.9,3600.0
R003052,B001,828.3,3600.0
R003052,B054,1474.9,inf
R003054,B001,828.3,3600.0
R003054,B053,1474.9,inf
R003056,B001,828.3,3600.0
R003056,B051,1474.9,3600.0
R003060,B001,828.3,3600.0
R003060,B050,1474.9,3600.0
R003068,B001,888.3,3600.0
R003068,B014,888.3,inf
R003068,B050,1534.9,3600.0
R003070,B001,888.3,3600.0
R003070,B011,888.3,inf
R003070,B053,1534.9,inf
R003071,B001,1753.3,3600.0
R003071,B011,1753.3,inf
R003071,B053,1065.7,inf
R003072,B001,888.3,3600.0
R003072,B011,888.3,inf
R003072,B051,1534.9,3600.0
R003073,B001,1753.3,3600.0
R003073,B011,1753.3,inf
R003073,B051,1065.7,3600.0
R003074,B001,888.3,3600.0
R003074,B011,888.3,inf
R003074,B050,1534.9,3600.0
R003076,B001,888.3,3600.0
R003076,B003,888.3,3600.0
R003076,B053,1534.9,inf
R003078,B001,888.3,3600.0
R003078,B003,888.3,3600.0
R003078,B050,1534.9,3600.0
R003080,B001,888.3,3600.0
R003080,B002,888.3,inf
R003080,B054,1534.9,inf
R003081,B001,1753.3,3600.0
R003081,B002,1753.3,inf
R003081,B054,1065.7,inf
R003082,B001,888.3,3600.0
R003082,B002,888.3,inf
R003082,B053,1534.9,inf
R003084,B001,888.3,3600.0
R003084,B002,888.3,inf
R003084,B051,1534.9,3600.0
R003085,B001,1753.3,3600.0
R003085,B002,1753.3,inf
R003085,B051,1065.7,3600.0
R003086,B001,888.3,3600.0
R003086,B002,888.3,inf
R003086,B050,1534.9,3600.0
R003088,B001,918.3,3600.0
R003088,B002,918.3,inf
R003088,B050,1594.9,3600.0
R003088,B054,1594.9,inf
R003094,B001,948.3,3600.0
R003094,B002,948.3,inf
R003094,B014,948.3,inf
R003094,B050,1594.9,3600.0
R003096,B001,948.3,3600.0
R003096,B002,948.3,inf
R003096,B011,948.3,inf
R003096,B050,1594.9,3600.0
R003098,B001,948.3,3600.0
R003098,B002,948.3,inf
R003098,B003,948.3,3600.0
R003098,B050,1594.9,3600.0
R003113,B011,1887.1,inf
R003113,B056,1203.2,7200.0
R003121,B011,1947.1,inf
R003121,B012,1947.1,inf
R003121,B055,1233.2,7200.0
R003176,B014,828.3,inf
R003176,B062,1247.3,inf
R003177,B014,1424.0,inf
R003177,B062,1002.0,inf
R003178,B014,828.3,inf
R003178,B061,1247.3,10800.0
R003179,B014,1424.0,inf
R003179,B061,1002.0,10800.0
R003180,B014,828.3,inf
R003180,B060,1247.3,10800.0
R003181,B014,1424.0,inf
R003181,B060,1002.0,10800.0
R003182,B011,828.3,inf
R003182,B062,1247.3,inf
R003183,B011,1424.0,inf
R003183,B062,1002.0,inf
R003184,B011,828.3,inf
R003184,B061,1247.3,10800.0
R003185,B011,1424.0,inf
R003185,B061,1002.0,10800.0
R003186,B011,828.3,inf
R003186,B060,1247.3,10800.0
R003187,B011,1424.0,inf
R003187,B060,1002.0,10800.0
R003192,B011,888.3,inf
R003192,B012,888.3,inf
R003192,B060,1307.3,10800.0
R003193,B011,1484.0,inf
R003193,B012,1484.0,inf
R003193,B060,1032.0,10800.0
R003204,B001,828.3,3600.0
R003204,B062,1247.3,inf
R003205,B001,1424.0,3600.0
R003205,B062,1002.0,inf
R003206,B001,828.3,3600.0
R003206,B061,1247.3,10800.0
R003207,B001,1424.0,3600.0
R003207,B061,1002.0,10800.0
R003210,B001,828.3,3600.0
R003210,B060,1247.3,10800.0
R003211,B001,1424.0,3600.0
R003211,B060,1002.0,10800.0
R003212,B001,858.3,3600.0
R003212,B060,1307.3,10800.0
R003212,B062,1307.3,inf
R003214,B001,858.3,3600.0
R003214,B060,1307.3,10800.0
R003214,B061,1307.3,10800.0
R003216,B001,888.3,3600.0
R003216,B014,888.3,inf
R003216,B060,1307.3,10800.0
R003228,B001,888.3,3600.0
R003228,B002,888.3,inf
R003228,B062,1307.3,inf
R003230,B001,888.3,3600.0
R003230,B002,888.3,inf
R003230,B061,1307.3,10800.0
R003232,B001,888.3,3600.0
R003232,B002,888.3,inf
R003232,B060,1307.3,10800.0
R003244,B014,828.3,inf
R003244,B065,1369.6,inf
R003245,B014,1547.3,inf
R003245,B065,994.8,inf
R003246,B014,828.3,inf
R003246,B064,1369.6,3600.0
R003247,B014,1547.3,inf
R003247,B064,994.8,3600.0
R003248,B014,828.3,inf
R003248,B063,1369.6,3600.0
R003249,B014,1547.3,inf
R003249,B063,994.8,3600.0
R003250,B011,828.3,inf
R003250,B065,1369.6,inf
R003251,B011,1547.3,inf
R003251,B065,994.8,inf
R003252,B011,828.3,inf
R003252,B064,1369.6,3600.0
R003253,B011,1547.3,inf
R003253,B064,994.8,3600.0
R003254,B011,828.3,inf
R003254,B063,1369.6,3600.0
R003275,B001,1547.3,3600.0
R003275,B064,994.8,3600.0
R003278,B001,828.3,3600.0
R003278,B063,1369.6,3600.0
R003281,B001,1607.3,3600.0
R003281,B063,1054.8,3600.0
R003281,B065,1054.8,inf
R003312,B014,828.3,inf
R003312,B068,1221.5,inf
R003313,B014,1212.1,inf
R003313,B068,817.0,inf
R003314,B014,828.3,inf
R003314,B067,1221.5,10800.0
R003315,B014,1212.1,inf
R003315,B067,817.0,10800.0
R003316,B014,828.3,inf
R003316,B066,1221.5,10800.0
R003317,B014,1212.1,inf
R003317,B066,817.0,10800.0
R003318,B011,828.3,inf
R003318,B068,1221.5,inf
R003319,B011,1212.1,inf
R003319,B068,817.0,inf
R003320,B011,828.3,inf
R003320,B067,1221.5,10800.0
R003321,B011,1212.1,inf
R003321,B067,817.0,10800.0
R003322,B011,828.3,inf
R003322,B066,1221.5,10800.0
R003323,B011,1212.1,inf
R003323,B066,817.0,10800.0
R003325,B011,1272.1,inf
R003325,B066,877.0,10800.0
R003325,B068,877.0,inf
R003327,B011,1272.1,inf
R003327,B066,877.0,10800.0
R003327,B067,877.0,10800.0
R003328,B011,888.3,inf
R003328,B012,888.3,inf
R003328,B066,1281.5,10800.0
R003329,B011,1272.1,inf
R003329,B012,1272.1,inf
R003329,B066,847.0,10800.0
R003330,B003,828.3,3600.0
R003330,B068,1221.5,inf
R003332,B003,828.3,3600.0
R003332,B067,1221.5,10800.0
R003333,B003,1212.1,3600.0
R003333,B067,817.0,10800.0
R003334,B003,828.3,3600.0
R003334,B066,1221.5,10800.0
R003338,B003,888.3,3600.0
R003338,B011,888.3,inf
R003338,B066,1281.5,10800.0
R003339,B003,1272.1,3600.0
R003339,B011,1272.1,inf
R003339,B066,847.0,10800.0
R003340,B001,828.3,3600.0
R003340,B068,1221.5,inf
R003341,B001,1212.1,3600.0
R003341,B068,817.0,inf
R003343,B001,1212.1,3600.0
R003343,B067,817.0,10800.0
R003346,B001,828.3,3600.0
R003346,B066,1221.5,10800.0
R003347,B001,1212.1,3600.0
R003347,B066,817.0,10800.0
R003349,B001,1272.1,3600.0
R003349,B066,877.0,10800.0
R003349,B068,877.0,inf
R003351,B001,1272.1,3600.0
R003351,B066,877.0,10800.0
R003351,B067,877.0,10800.0
R003354,B001,888.3,3600.0
R003354,B011,888.3,inf
R003354,B068,1281.5,inf
R003355,B001,1272.1,3600.0
R003355,B011,1272.1,inf
R003355,B068,847.0,inf
R003356,B001,888.3,3600.0
R003356,B011,888.3,inf
R003356,B067,1281.5,10800.0
R003357,B001,1272.1,3600.0
R003357,B011,1272.1,inf
R003357,B067,847.0,10800.0
R003358,B001,888.3,3600.0
R003358,B011,888.3,inf
R003358,B066,1281.5,10800.0
R003359,B001,1272.1,3600.0
R003359,B011,1272.1,inf
R003359,B066,847.0,10800.0
R003363,B001,1272.1,3600.0
R003363,B003,1272.1,3600.0
R003363,B066,847.0,10800.0
R003364,B001,888.3,3600.0
R003364,B002,888.3,inf
R003364,B068,1281.5,inf
R003365,B001,1272.1,3600.0
R003365,B002,1272.1,inf
R003365,B068,847.0,inf
R003366,B001,888.3,3600.0
R003366,B002,888.3,inf
R003366,B067,1281.5,10800.0
R003367,B001,1272.1,3600.0
R003367,B002,1272.1,inf
R003367,B067,847.0,10800.0
R003368,B001,888.3,3600.0
R003368,B002,888.3,inf
R003368,B066,1281.5,10800.0
R003369,B001,1272.1,3600.0
R003369,B002,1272.1,inf
R003369,B066,847.0,10800.0
R003370,B001,918.3,3600.0
R003370,B002,918.3,inf
R003370,B066,1341.5,10800.0
R003370,B068,1341.5,inf
R003371,B001,1332.1,3600.0
R003371,B002,1332.1,inf
R003371,B066,907.0,10800.0
R003371,B068,907.0,inf
R003372,B001,918.3,3600.0
R003372,B002,918.3,inf
R003372,B066,1341.5,10800.0
R003372,B067,1341.5,10800.0
R003373,B001,1332.1,3600.0
R003373,B002,1332.1,inf
R003373,B066,907.0,10800.0
R003373,B067,907.0,10800.0
R003374,B001,948.3,3600.0
R003374,B002,948.3,inf
R003374,B014,948.3,inf
R003374,B066,1341.5,10800.0
R003376,B001,948.3,3600.0
R003376,B002,948.3,inf
R003376,B011,948.3,inf
R003376,B066,1341.5,10800.0
R003379,B001,1332.1,3600.0
R003379,B002,1332.1,inf
R003379,B003,1332.1,3600.0
R003379,B066,877.0,10800.0
R003380,B014,828.3,inf
R003380,B071,1467.6,inf
R003381,B014,1827.5,inf
R003381,B071,1181.8,inf
R003382,B014,828.3,inf
R003382,B070,1467.6,3600.0
R003383,B014,1827.5,inf
R003383,B070,1181.8,3600.0
R003384,B014,828.3,inf
R003384,B069,1467.6,3600.0
R003385,B014,1827.5,inf
R003385,B069,1181.8,3600.0
R003386,B011,828.3,inf
R003386,B071,1467.6,inf
R003387,B011,1827.5,inf
R003387,B071,1181.8,inf
R003388,B011,828.3,inf
R003388,B070,1467.6,3600.0
R003389,B011,1827.5,inf
R003389,B070,1181.8,3600.0
R003390,B011,828.3,inf
R003390,B069,1467.6,3600.0
R003391,B011,1827.5,inf
R003391,B069,1181.8,3600.0
R003397,B011,1887.5,inf
R003397,B012,1887.5,inf
R003397,B069,1211.8,3600.0
R003398,B003,828.3,3600.0
R003398,B071,1467.6,inf
R003399,B003,1827.5,3600.0
R003399,B071,1181.8,inf
R003400,B003,828.3,3600.0
R003400,B070,1467.6,3600.0
R003401,B003,1827.5,3600.0
R003401,B070,1181.8,3600.0
R003403,B003,1827.5,3600.0
R003403,B069,1181.8,3600.0
R003407,B003,1887.5,3600.0
R003407,B011,1887.5,inf
R003407,B069,1211.8,3600.0
R003408,B001,828.3,3600.0
R003408,B071,1467.6,inf
R003409,B001,1827.5,3600.0
R003409,B071,1181.8,inf
R003410,B001,828.3,3600.0
R003410,B070,1467.6,3600.0
R003411,B001,1827.5,3600.0
R003411,B070,1181.8,3600.0
R003414,B001,828.3,3600.0
R003414,B069,1467.6,3600.0
R003415,B001,1827.5,3600.0
R003415,B069,1181.8,3600.0
R003421,B001,1887.5,3600.0
R003421,B014,1887.5,inf
R003421,B069,1211.8,3600.0
R003423,B001,1887.5,3600.0
R003423,B011,1887.5,inf
R003423,B071,1211.8,inf
R003424,B001,888.3,3600.0
R003424,B011,888.3,inf
R003424,B070,1527.6,3600.0
R003425,B001,1887.5,3600.0
R003425,B011,1887.5,inf
R003425,B070,1211.8,3600.0
R003427,B001,1887.5,3600.0
R003427,B011,1887.5,inf
R003427,B069,1211.8,3600.0
R003429,B001,1887.5,3600.0
R003429,B003,1887.5,3600.0
R003429,B071,1211.8,inf
R003432,B001,888.3,3600.0
R003432,B002,888.3,inf
R003432,B071,1527.6,inf
R003433,B001,1887.5,3600.0
R003433,B002,1887.5,inf
R003433,B071,1211.8,inf
R003434,B001,888.3,3600.0
R003434,B002,888.3,inf
R003434,B070,1527.6,3600.0
R003435,B001,1887.5,3600.0
R003435,B002,1887.5,inf
R003435,B070,1211.8,3600.0
R003436,B001,888.3,3600.0
R003436,B002,888.3,inf
R003436,B069,1527.6,3600.0
R003439,B001,1947.5,3600.0
R003439,B002,1947.5,inf
R003439,B069,1271.8,3600.0
R003439,B071,1271.8,inf
R003441,B001,1947.5,3600.0
R003441,B002,1947.5,inf
R003441,B069,1271.8,3600.0
R003441,B070,1271.8,3600.0
R003445,B001,1947.5,3600.0
R003445,B002,1947.5,inf
R003445,B011,1947.5,inf
R003445,B069,1241.8,3600.0
R003448,B014,828.3,inf
R003448,B074,1276.7,inf
R003449,B014,1432.3,inf
R003449,B074,972.7,inf
R003450,B014,828.3,inf
R003450,B073,1276.7,3600.0
R003451,B014,1432.3,inf
R003451,B073,972.7,3600.0
R003452,B014,828.3,inf
R003452,B072,1276.7,3600.0
R003453,B014,1432.3,inf
R003453,B072,972.7,3600.0
R003454,B011,828.3,inf
R003454,B074,1276.7,inf
R003455,B011,1432.3,inf
R003455,B074,972.7,inf
R003456,B011,828.3,inf
R003456,B073,1276.7,3600.0
R003457,B011,1432.3,inf
R003457,B073,972.7,3600.0
R003458,B011,828.3,inf
R003458,B072,1276.7,3600.0
R003464,B011,888.3,inf
R003464,B012,888.3,inf
R003464,B072,1336.7,3600.0
R003465,B011,1492.3,inf
R003465,B012,1492.3,inf
R003465,B072,1002.7,3600.0
R003472,B003,858.3,3600.0
R003472,B072,1336.7,3600.0
R003472,B074,1336.7,inf
R003473,B003,1492.3,3600.0
R003473,B072,1032.7,3600.0
R003473,B074,1032.7,inf
R003474,B003,888.3,3600.0
R003474,B011,888.3,inf
R003474,B072,1336.7,3600.0
R003475,B003,1492.3,3600.0
R003475,B011,1492.3,inf
R003475,B072,1002.7,3600.0
R003476,B001,828.3,3600.0
R003476,B074,1276.7,inf
R003477,B001,1432.3,3600.0
R003477,B074,972.7,inf
R003478,B001,828.3,3600.0
R003478,B073,1276.7,3600.0
R003479,B001,1432.3,3600.0
R003479,B073,972.7,3600.0
R003482,B001,828.3,3600.0
R003482,B072,1276.7,3600.0
R003483,B001,1432.3,3600.0
R003483,B072,972.7,3600.0
R003484,B001,858.3,3600.0
R003484,B072,1336.7,3600.0
R003484,B074,1336.7,inf
R003485,B001,1492.3,3600.0
R003485,B072,1032.7,3600.0
R003485,B074,1032.7,inf
R003500,B001,888.3,3600.0
R003500,B002,888.3,inf
R003500,B074,1336.7,inf
R003502,B001,888.3,3600.0
R003502,B002,888.3,inf
R003502,B073,1336.7,3600.0
R003504,B001,888.3,3600.0
R003504,B002,888.3,inf
R003504,B072,1336.7,3600.0
R003516,B014,828.3,inf
R003516,B077,1593.2,inf
R003517,B014,1927.9,inf
R003517,B077,1151.9,inf
R003518,B014,828.3,inf
R003518,B076,1593.2,3600.0
R003519,B014,1927.9,inf
R003519,B076,1151.9,3600.0
R003520,B014,828.3,inf
R003520,B075,1593.2,3600.0
R003521,B014,1927.9,inf
R003521,B075,1151.9,3600.0
R003522,B011,828.3,inf
R003522,B077,1593.2,inf
R003523,B011,1927.9,inf
R003523,B077,1151.9,inf
R003524,B011,828.3,inf
R003524,B076,1593.2,3600.0
R003525,B011,1927.9,inf
R003525,B076,1151.9,3600.0
R003526,B011,828.3,inf
R003526,B075,1593.2,3600.0
R003527,B011,1927.9,inf
R003527,B075,1151.9,3600.0
R003534,B003,828.3,3600.0
R003534,B077,1593.2,inf
R003584,B014,828.3,inf
R003584,B080,1561.5,inf
R003585,B014,1880.8,inf
R003585,B080,1128.2,inf
R003586,B014,828.3,inf
R003586,B079,1561.5,10800.0
R003587,B014,1880.8,inf
R003587,B079,1128.2,10800.0
R003588,B014,828.3,inf
R003588,B078,1561.5,7200.0
R003589,B014,1880.8,inf
R003589,B078,1128.2,7200.0
R003590,B011,828.3,inf
R003590,B080,1561.5,inf
R003591,B011,1880.8,inf
R003591,B080,1128.2,inf
R003592,B011,828.3,inf
R003592,B079,1561.5,10800.0
R003593,B011,1880.8,inf
R003593,B079,1128.2,10800.0
R003594,B011,828.3,inf
R003594,B078,1561.5,7200.0
R003595,B011,1880.8,inf
R003595,B078,1128.2,7200.0
R003600,B011,888.3,inf
R003600,B012,888.3,inf
R003600,B078,1621.5,7200.0
R003601,B011,1940.8,inf
R003601,B012,1940.8,inf
R003601,B078,1158.2,7200.0
R003602,B003,828.3,3600.0
R003602,B080,1561.5,inf
R003603,B003,1880.8,3600.0
R003603,B080,1128.2,inf
R003604,B003,828.3,3600.0
R003604,B079,1561.5,10800.0
R003605,B003,1880.8,3600.0
R003605,B079,1128.2,10800.0
R003606,B003,828.3,3600.0
R003606,B078,1561.5,7200.0
R003610,B003,888.3,3600.0
R003610,B011,888.3,inf
R003610,B078,1621.5,7200.0
R003612,B001,828.3,3600.0
R003612,B080,1561.5,inf
R003614,B001,828.3,3600.0
R003614,B079,1561.5,10800.0
R003615,B001,1880.8,3600.0
R003615,B079,1128.2,10800.0
R003618,B001,828.3,3600.0
R003618,B078,1561.5,7200.0
R003624,B001,888.3,3600.0
R003624,B014,888.3,inf
R003624,B078,1621.5,7200.0
R003626,B001,888.3,3600.0
R003626,B011,888.3,inf
R003626,B080,1621.5,inf
R003627,B001,1940.8,3600.0
R003627,B011,1940.8,inf
R003627,B080,1158.2,inf
R003628,B001,888.3,3600.0
R003628,B011,888.3,inf
R003628,B079,1621.5,10800.0
R003629,B001,1940.8,3600.0
R003629,B011,1940.8,inf
R003629,B079,1158.2,10800.0
R003630,B001,888.3,3600.0
R003630,B011,888.3,inf
R003630,B078,1621.5,7200.0
R003632,B001,888.3,3600.0
R003632,B003,888.3,3600.0
R003632,B080,1621.5,inf
R003633,B001,1940.8,3600.0
R003633,B003,1940.8,3600.0
R003633,B080,1158.2,inf
R003636,B001,888.3,3600.0
R003636,B002,888.3,inf
R003636,B080,1621.5,inf
R003637,B001,1940.8,3600.0
R003637,B002,1940.8,inf
R003637,B080,1158.2,inf
R003638,B001,888.3,3600.0
R003638,B002,888.3,inf
R003638,B079,1621.5,10800.0
R003639,B001,1940.8,3600.0
R003639,B002,1940.8,inf
R003639,B079,1158.2,10800.0
R003640,B001,888.3,3600.0
R003640,B002,888.3,inf
R003640,B078,1621.5,7200.0
R003646,B001,948.3,3600.0
R003646,B002,948.3,inf
R003646,B014,948.3,inf
R003646,B078,1681.5,7200.0
R003647,B001,2000.8,3600.0
R003647,B002,2000.8,inf
R003647,B014,2000.8,inf
R003647,B078,1188.2,7200.0
R003648,B001,948.3,3600.0
R003648,B002,948.3,inf
R003648,B011,948.3,inf
R003648,B078,1681.5,7200.0
R003649,B001,2000.8,3600.0
R003649,B002,2000.8,inf
R003649,B011,2000.8,inf
R003649,B078,1188.2,7200.0
R003650,B001,948.3,3600.0
R003650,B002,948.3,inf
R003650,B003,948.3,3600.0
R003650,B078,1681.5,7200.0
R003651,B001,2000.8,3600.0
R003651,B002,2000.8,inf
R003651,B003,2000.8,3600.0
R003651,B078,1188.2,7200.0
R003671,B021,1191.9,inf
R003671,B022,1191.9,inf
R003671,B032,1601.8,7200.0
R003672,B021,1685.1,inf
R003672,B022,1685.1,inf
R003672,B032,1244.5,7200.0
R003711,B023,1569.4,inf
R003711,B039,1012.3,10800.0
R003713,B023,1569.4,inf
R003713,B038,1012.3,10800.0
R003719,B021,1569.4,inf
R003719,B039,1012.3,10800.0
R003726,B021,1191.9,inf
R003726,B022,1191.9,inf
R003726,B038,1750.6,10800.0
R003727,B021,1629.4,inf
R003727,B022,1629.4,inf
R003727,B038,1042.3,10800.0
R003767,B023,1131.9,inf
R003767,B049,2015.3,inf
R003768,B023,1741.8,inf
R003768,B049,852.1,inf
R003769,B023,1131.9,inf
R003769,B048,2015.3,inf
R003770,B023,1741.8,inf
R003770,B048,852.1,inf
R003771,B023,1741.8,inf
R003771,B045,852.1,3600.0
R003772,B023,1131.9,inf
R003772,B044,2015.3,3600.0
R003773,B023,1741.8,inf
R003773,B044,852.1,3600.0
R003774,B021,1131.9,inf
R003774,B049,2015.3,inf
R003775,B021,1741.8,inf
R003775,B049,852.1,inf
R003776,B021,1741.8,inf
R003776,B048,852.1,inf
R003777,B021,1131.9,inf
R003777,B044,2015.3,3600.0
R003778,B021,1741.8,inf
R003778,B044,852.1,3600.0
R003779,B021,1801.8,inf
R003779,B044,912.1,3600.0
R003779,B048,912.1,inf
R003780,B016,1131.9,3600.0
R003780,B049,2015.3,inf
R003781,B016,1741.8,3600.0
R003781,B049,852.1,inf
R003782,B016,1131.9,3600.0
R003782,B048,2015.3,inf
R003783,B016,1741.8,3600.0
R003783,B048,852.1,inf
R003784,B016,1741.8,3600.0
R003784,B045,852.1,3600.0
R003785,B016,1801.8,3600.0
R003785,B045,912.1,3600.0
R003785,B048,912.1,inf
R003786,B016,1131.9,3600.0
R003786,B044,2015.3,3600.0
R003787,B016,1741.8,3600.0
R003787,B044,852.1,3600.0
R003788,B016,1161.9,3600.0
R003788,B044,2075.3,3600.0
R003788,B049,2075.3,inf
R003789,B016,1801.8,3600.0
R003789,B044,912.1,3600.0
R003789,B049,912.1,inf
R003790,B016,1801.8,3600.0
R003790,B044,912.1,3600.0
R003790,B048,912.1,inf
R003791,B016,1801.8,3600.0
R003791,B044,912.1,3600.0
R003791,B045,912.1,3600.0
R003792,B016,1191.9,3600.0
R003792,B023,1191.9,inf
R003792,B044,2075.3,3600.0
R003794,B016,1191.9,3600.0
R003794,B021,1191.9,inf
R003794,B044,2075.3,3600.0
R003795,B016,1801.8,3600.0
R003795,B021,1801.8,inf
R003795,B044,882.1,3600.0
R003799,B023,1901.2,inf
R003799,B050,1035.7,3600.0
R003801,B021,1901.2,inf
R003801,B050,1035.7,3600.0
R003819,B016,1804.8,3600.0
R003819,B058,1203.2,inf
R003820,B016,1131.9,3600.0
R003820,B055,1730.1,7200.0
R003823,B016,1191.9,3600.0
R003823,B023,1191.9,inf
R003823,B055,1790.1,7200.0
R003824,B023,1131.9,inf
R003824,B062,1502.9,inf
R003825,B023,1373.6,inf
R003825,B062,1002.0,inf
R003826,B023,1131.9,inf
R003826,B061,1502.9,10800.0
R003827,B023,1373.6,inf
R003827,B061,1002.0,10800.0
R003828,B023,1131.9,inf
R003828,B060,1502.9,10800.0
R003829,B023,1373.6,inf
R003829,B060,1002.0,10800.0
R003832,B021,1131.9,inf
R003832,B061,1502.9,10800.0
R003833,B021,1373.6,inf
R003833,B061,1002.0,10800.0
R003834,B021,1131.9,inf
R003834,B060,1502.9,10800.0
R003835,B021,1373.6,inf
R003835,B060,1002.0,10800.0
R003840,B021,1191.9,inf
R003840,B022,1191.9,inf
R003840,B060,1562.9,10800.0
R003841,B021,1433.6,inf
R003841,B022,1433.6,inf
R003841,B060,1032.0,10800.0
R003842,B017,1131.9,3600.0
R003842,B062,1502.9,inf
R003843,B017,1373.6,3600.0
R003843,B062,1002.0,inf
R003846,B017,1131.9,3600.0
R003846,B060,1502.9,10800.0
R003847,B017,1373.6,3600.0
R003847,B060,1002.0,10800.0
R003852,B016,1131.9,3600.0
R003852,B062,1502.9,inf
R003855,B016,1373.6,3600.0
R003855,B061,1002.0,10800.0
R003858,B016,1131.9,3600.0
R003858,B060,1502.9,10800.0
R003859,B016,1373.6,3600.0
R003859,B060,1002.0,10800.0
R003880,B023,1726.4,inf
R003880,B063,994.8,3600.0
R003885,B021,1726.4,inf
R003885,B063,994.8,3600.0
R003891,B017,1131.9,3600.0
R003891,B065,1854.6,inf
R003895,B016,1131.9,3600.0
R003895,B065,1854.6,inf
R003917,B023,1489.8,inf
R003917,B067,817.0,10800.0
R003919,B023,1489.8,inf
R003919,B066,817.0,10800.0
R003923,B021,1489.8,inf
R003923,B067,817.0,10800.0
R003925,B021,1489.8,inf
R003925,B066,817.0,10800.0
R003927,B021,1549.8,inf
R003927,B066,877.0,10800.0
R003927,B068,877.0,inf
R003929,B021,1549.8,inf
R003929,B066,877.0,10800.0
R003929,B067,877.0,10800.0
R003930,B021,1191.9,inf
R003930,B022,1191.9,inf
R003930,B066,1865.2,10800.0
R003931,B021,1549.8,inf
R003931,B022,1549.8,inf
R003931,B066,847.0,10800.0
R003932,B017,1131.9,3600.0
R003932,B068,1805.2,inf
R003935,B017,1131.9,3600.0
R003935,B066,1805.2,10800.0
R003937,B017,1161.9,3600.0
R003937,B066,1865.2,10800.0
R003937,B068,1865.2,inf
R003938,B017,1549.8,3600.0
R003938,B066,877.0,10800.0
R003938,B068,877.0,inf
R003939,B017,1191.9,3600.0
R003939,B021,1191.9,inf
R003939,B066,1865.2,10800.0
R003941,B016,1131.9,3600.0
R003941,B068,1805.2,inf
R003946,B016,1131.9,3600.0
R003946,B066,1805.2,10800.0
R003960,B016,1191.9,3600.0
R003960,B017,1191.9,3600.0
R003960,B068,1865.2,inf
R003962,B016,1191.9,3600.0
R003962,B017,1191.9,3600.0
R003962,B066,1865.2,10800.0
R003980,B017,1131.9,3600.0
R003980,B071,1630.9,inf
R003984,B016,1131.9,3600.0
R003984,B071,1630.9,inf
R004013,B021,1528.1,inf
R004013,B072,972.7,3600.0
R004020,B017,1131.9,3600.0
R004020,B074,1678.4,inf
R004029,B016,1131.9,3600.0
R004029,B074,1678.4,inf
R004054,B016,1131.9,3600.0
R004054,B078,1998.1,7200.0
R004060,B031,1842.2,inf
R004060,B039,1012.3,10800.0
R004062,B031,1842.2,inf
R004062,B038,1012.3,10800.0
R004068,B029,1842.2,inf
R004068,B038,1012.3,10800.0
R004069,B029,1902.2,inf
R004069,B038,1072.3,10800.0
R004069,B042,1072.3,inf
R004070,B025,1258.1,7200.0
R004070,B038,2097.6,10800.0
R004071,B024,1258.1,7200.0
R004071,B043,2097.6,inf
R004087,B031,1258.1,inf
R004087,B049,2005.6,inf
R004089,B031,1258.1,inf
R004089,B048,2005.6,inf
R004091,B031,1258.1,inf
R004091,B045,2005.6,3600.0
R004093,B031,1258.1,inf
R004093,B044,2005.6,3600.0
R004094,B031,1598.0,inf
R004094,B044,852.1,3600.0
R004101,B029,1258.1,inf
R004101,B044,2005.6,3600.0
R004103,B029,1288.1,inf
R004103,B044,2065.6,3600.0
R004103,B048,2065.6,inf
R004105,B029,1288.1,inf
R004105,B044,2065.6,3600.0
R004105,B045,2065.6,3600.0
R004107,B029,1318.1,inf
R004107,B030,1318.1,inf
R004107,B044,2065.6,3600.0
R004108,B029,1658.0,inf
R004108,B030,1658.0,inf
R004108,B044,882.1,3600.0
R004109,B025,1258.1,7200.0
R004109,B049,2005.6,inf
R004111,B025,1258.1,7200.0
R004111,B048,2005.6,inf
R004114,B025,1258.1,7200.0
R004114,B044,2005.6,3600.0
R004116,B025,1288.1,7200.0
R004116,B044,2065.6,3600.0
R004116,B048,2065.6,inf
R004120,B024,1258.1,7200.0
R004120,B049,2005.6,inf
R004122,B024,1258.1,7200.0
R004122,B048,2005.6,inf
R004147,B031,1258.1,inf
R004147,B054,1669.2,inf
R004148,B031,1447.5,inf
R004148,B054,1035.7,inf
R004149,B031,1258.1,inf
R004149,B053,1669.2,inf
R004150,B031,1447.5,inf
R004150,B053,1035.7,inf
R004153,B031,1258.1,inf
R004153,B050,1669.2,3600.0
R004154,B031,1447.5,inf
R004154,B050,1035.7,3600.0
R004156,B029,1447.5,inf
R004156,B054,1035.7,inf
R004158,B029,1447.5,inf
R004158,B053,1035.7,inf
R004159,B029,1258.1,inf
R004159,B051,1669.2,3600.0
R004161,B029,1258.1,inf
R004161,B050,1669.2,3600.0
R004162,B029,1447.5,inf
R004162,B050,1035.7,3600.0
R004167,B029,1318.1,inf
R004167,B030,1318.1,inf
R004167,B050,1729.2,3600.0
R004168,B029,1507.5,inf
R004168,B030,1507.5,inf
R004168,B050,1065.7,3600.0
R004169,B025,1258.1,7200.0
R004169,B054,1669.2,inf
R004170,B025,1447.5,7200.0
R004170,B054,1035.7,inf
R004171,B025,1258.1,7200.0
R004171,B053,1669.2,inf
R004172,B025,1447.5,7200.0
R004172,B053,1035.7,inf
R004175,B025,1258.1,7200.0
R004175,B050,1669.2,3600.0
R004176,B025,1447.5,7200.0
R004176,B050,1035.7,3600.0
R004181,B024,1258.1,7200.0
R004181,B054,1669.2,inf
R004182,B024,1447.5,7200.0
R004182,B054,1035.7,inf
R004184,B024,1447.5,7200.0
R004184,B053,1035.7,inf
R004185,B024,1258.1,7200.0
R004185,B051,1669.2,3600.0
R004186,B024,1447.5,7200.0
R004186,B051,1035.7,3600.0
R004189,B024,1258.1,7200.0
R004189,B050,1669.2,3600.0
R004190,B024,1447.5,7200.0
R004190,B050,1035.7,3600.0
R004192,B024,1507.5,7200.0
R004192,B050,1095.7,3600.0
R004192,B054,1095.7,inf
R004197,B024,1318.1,7200.0
R004197,B031,1318.1,inf
R004197,B050,1729.2,3600.0
R004198,B024,1507.5,7200.0
R004198,B031,1507.5,inf
R004198,B050,1065.7,3600.0
R004204,B024,1507.5,7200.0
R004204,B029,1507.5,inf
R004204,B050,1065.7,3600.0
R004208,B024,1507.5,7200.0
R004208,B025,1507.5,7200.0
R004208,B050,1065.7,3600.0
R004209,B031,1258.1,inf
R004209,B068,1989.6,inf
R004211,B031,1258.1,inf
R004211,B067,1989.6,10800.0
R004212,B031,1540.1,inf
R004212,B067,817.0,10800.0
R004213,B031,1258.1,inf
R004213,B066,1989.6,10800.0
R004214,B031,1540.1,inf
R004214,B066,817.0,10800.0
R004215,B029,1258.1,inf
R004215,B068,1989.6,inf
R004217,B029,1258.1,inf
R004217,B067,1989.6,10800.0
R004218,B029,1540.1,inf
R004218,B067,817.0,10800.0
R004219,B029,1258.1,inf
R004219,B066,1989.6,10800.0
R004220,B029,1540.1,inf
R004220,B066,817.0,10800.0
R004221,B029,1288.1,inf
R004221,B066,2049.6,10800.0
R004221,B068,2049.6,inf
R004222,B029,1600.1,inf
R004222,B066,877.0,10800.0
R004222,B068,877.0,inf
R004223,B029,1288.1,inf
R004223,B066,2049.6,10800.0
R004223,B067,2049.6,10800.0
R004224,B029,1600.1,inf
R004224,B066,877.0,10800.0
R004224,B067,877.0,10800.0
R004225,B029,1318.1,inf
R004225,B030,1318.1,inf
R004225,B066,2049.6,10800.0
R004226,B029,1600.1,inf
R004226,B030,1600.1,inf
R004226,B066,847.0,10800.0
R004227,B025,1258.1,7200.0
R004227,B068,1989.6,inf
R004230,B025,1258.1,7200.0
R004230,B066,1989.6,10800.0
R004232,B025,1288.1,7200.0
R004232,B066,2049.6,10800.0
R004232,B068,2049.6,inf
R004236,B024,1258.1,7200.0
R004236,B068,1989.6,inf
R004238,B024,1258.1,7200.0
R004238,B067,1989.6,10800.0
R004241,B024,1258.1,7200.0
R004241,B066,1989.6,10800.0
R004243,B024,1288.1,7200.0
R004243,B066,2049.6,10800.0
R004243,B068,2049.6,inf
R004245,B024,1288.1,7200.0
R004245,B066,2049.6,10800.0
R004245,B067,2049.6,10800.0
R004261,B031,1258.1,inf
R004261,B079,1667.5,10800.0
R004262,B031,1546.7,inf
R004262,B079,1128.2,10800.0
R004268,B029,1546.7,inf
R004268,B079,1128.2,10800.0
R004275,B029,1318.1,inf
R004275,B030,1318.1,inf
R004275,B078,1727.5,7200.0
R004276,B029,1606.7,inf
R004276,B030,1606.7,inf
R004276,B078,1158.2,7200.0
R004286,B024,1258.1,7200.0
R004286,B080,1667.5,inf
R004288,B024,1258.1,7200.0
R004288,B079,1667.5,10800.0
R004315,B037,1478.6,inf
R004315,B039,1012.3,10800.0
R004316,B037,1214.5,inf
R004316,B038,1683.1,10800.0
R004317,B037,1478.6,inf
R004317,B038,1012.3,10800.0
R004323,B036,1478.6,inf
R004323,B039,1012.3,10800.0
R004324,B036,1214.5,inf
R004324,B038,1683.1,10800.0
R004325,B036,1478.6,inf
R004325,B038,1012.3,10800.0
R004330,B033,1214.5,7200.0
R004330,B043,1683.1,inf
R004334,B033,1214.5,7200.0
R004334,B039,1683.1,10800.0
R004336,B033,1214.5,7200.0
R004336,B038,1683.1,10800.0
R004337,B033,1478.6,7200.0
R004337,B038,1012.3,10800.0
R004350,B032,1214.5,7200.0
R004350,B038,1683.1,10800.0
R004351,B032,1478.6,7200.0
R004351,B038,1012.3,10800.0
R004370,B037,1214.5,inf
R004370,B049,2086.5,inf
R004371,B037,1729.8,inf
R004371,B049,852.1,inf
R004372,B037,1729.8,inf
R004372,B048,852.1,inf
R004373,B037,1729.8,inf
R004373,B045,852.1,3600.0
R004374,B037,1214.5,inf
R004374,B044,2086.5,3600.0
R004375,B037,1729.8,inf
R004375,B044,852.1,3600.0
R004376,B036,1214.5,inf
R004376,B049,2086.5,inf
R004377,B036,1729.8,inf
R004377,B049,852.1,inf
R004378,B036,1729.8,inf
R004378,B048,852.1,inf
R004379,B036,1214.5,inf
R004379,B044,2086.5,3600.0
R004380,B036,1729.8,inf
R004380,B044,852.1,3600.0
R004381,B036,1789.8,inf
R004381,B044,912.1,3600.0
R004381,B048,912.1,inf
R004383,B032,1729.8,7200.0
R004383,B049,852.1,inf
R004385,B032,1729.8,7200.0
R004385,B048,852.1,inf
R004386,B032,1729.8,7200.0
R004386,B045,852.1,3600.0
R004387,B032,1789.8,7200.0
R004387,B045,912.1,3600.0
R004387,B048,912.1,inf
R004389,B032,1729.8,7200.0
R004389,B044,852.1,3600.0
R004390,B032,1244.5,7200.0
R004390,B044,2146.5,3600.0
R004390,B049,2146.5,inf
R004391,B032,1789.8,7200.0
R004391,B044,912.1,3600.0
R004391,B049,912.1,inf
R004392,B032,1789.8,7200.0
R004392,B044,912.1,3600.0
R004392,B048,912.1,inf
R004393,B032,1789.8,7200.0
R004393,B044,912.1,3600.0
R004393,B045,912.1,3600.0
R004394,B032,1274.5,7200.0
R004394,B037,1274.5,inf
R004394,B044,2146.5,3600.0
R004395,B032,1789.8,7200.0
R004395,B037,1789.8,inf
R004395,B044,882.1,3600.0
R004396,B032,1274.5,7200.0
R004396,B036,1274.5,inf
R004396,B044,2146.5,3600.0
R004397,B032,1789.8,7200.0
R004397,B036,1789.8,inf
R004397,B044,882.1,3600.0
R004421,B037,1214.5,inf
R004421,B058,1667.6,inf
R004422,B037,1659.1,inf
R004422,B058,1203.2,inf
R004424,B037,1659.1,inf
R004424,B056,1203.2,7200.0
R004425,B037,1214.5,inf
R004425,B055,1667.6,7200.0
R004426,B037,1659.1,inf
R004426,B055,1203.2,7200.0
R004428,B036,1659.1,inf
R004428,B059,1203.2,inf
R004435,B033,1214.5,7200.0
R004435,B059,1667.6,inf
R004438,B032,1214.5,7200.0
R004438,B059,1667.6,inf
R004439,B032,1659.1,7200.0
R004439,B059,1203.2,inf
R004440,B032,1214.5,7200.0
R004440,B058,1667.6,inf
R004442,B032,1214.5,7200.0
R004442,B056,1667.6,7200.0
R004443,B032,1659.1,7200.0
R004443,B056,1203.2,7200.0
R004458,B037,1214.5,inf
R004458,B062,1664.4,inf
R004459,B037,1452.0,inf
R004459,B062,1002.0,inf
R004460,B037,1214.5,inf
R004460,B061,1664.4,10800.0
R004461,B037,1452.0,inf
R004461,B061,1002.0,10800.0
R004462,B037,1214.5,inf
R004462,B060,1664.4,10800.0
R004463,B037,1452.0,inf
R004463,B060,1002.0,10800.0
R004466,B036,1214.5,inf
R004466,B061,1664.4,10800.0
R004467,B036,1452.0,inf
R004467,B061,1002.0,10800.0
R004468,B036,1214.5,inf
R004468,B060,1664.4,10800.0
R004469,B036,1452.0,inf
R004469,B060,1002.0,10800.0
R004474,B033,1214.5,7200.0
R004474,B062,1664.4,inf
R004475,B033,1452.0,7200.0
R004475,B062,1002.0,inf
R004478,B033,1452.0,7200.0
R004478,B060,1002.0,10800.0
R004484,B032,1452.0,7200.0
R004484,B062,1002.0,inf
R004485,B032,1214.5,7200.0
R004485,B061,1664.4,10800.0
R004489,B032,1214.5,7200.0
R004489,B060,1664.4,10800.0
R004490,B032,1452.0,7200.0
R004490,B060,1002.0,10800.0
R004520,B037,1461.3,inf
R004520,B067,817.0,10800.0
R004522,B037,1461.3,inf
R004522,B066,817.0,10800.0
R004526,B036,1461.3,inf
R004526,B067,817.0,10800.0
R004528,B036,1461.3,inf
R004528,B066,817.0,10800.0
R004530,B036,1521.3,inf
R004530,B066,877.0,10800.0
R004530,B068,877.0,inf
R004532,B036,1521.3,inf
R004532,B066,877.0,10800.0
R004532,B067,877.0,10800.0
R004533,B033,1214.5,7200.0
R004533,B068,1859.9,inf
R004536,B033,1214.5,7200.0
R004536,B066,1859.9,10800.0
R004537,B033,1461.3,7200.0
R004537,B066,817.0,10800.0
R004542,B032,1214.5,7200.0
R004542,B068,1859.9,inf
R004544,B032,1214.5,7200.0
R004544,B067,1859.9,10800.0
R004548,B032,1461.3,7200.0
R004548,B066,817.0,10800.0
R004575,B037,1631.3,inf
R004575,B072,972.7,3600.0
R004578,B036,1631.3,inf
R004578,B073,972.7,3600.0
R004580,B036,1631.3,inf
R004580,B072,972.7,3600.0
R004583,B033,1631.3,7200.0
R004583,B072,972.7,3600.0
R004584,B032,1214.5,7200.0
R004584,B074,1864.8,inf
R004586,B032,1631.3,7200.0
R004586,B073,972.7,3600.0
R004589,B032,1631.3,7200.0
R004589,B072,972.7,3600.0
R004605,B032,1214.5,7200.0
R004605,B080,2012.2,inf
R004613,B043,1012.3,inf
R004613,B049,1715.2,inf
R004614,B043,1563.0,inf
R004614,B049,852.1,inf
R004615,B043,1012.3,inf
R004615,B048,1715.2,inf
R004616,B043,1563.0,inf
R004616,B048,852.1,inf
R004617,B043,1012.3,inf
R004617,B045,1715.2,3600.0
R004618,B043,1563.0,inf
R004618,B045,852.1,3600.0
R004619,B043,1012.3,inf
R004619,B044,1715.2,3600.0
R004620,B043,1563.0,inf
R004620,B044,852.1,3600.0
R004621,B042,1012.3,inf
R004621,B049,1715.2,inf
R004622,B042,1563.0,inf
R004622,B049,852.1,inf
R004623,B042,1012.3,inf
R004623,B048,1715.2,inf
R004625,B042,1012.3,inf
R004625,B045,1715.2,3600.0
R004626,B042,1563.0,inf
R004626,B045,852.1,3600.0
R004627,B042,1012.3,inf
R004627,B044,1715.2,3600.0
R004629,B042,1042.3,inf
R004629,B044,1775.2,3600.0
R004629,B048,1775.2,inf
R004630,B042,1623.0,inf
R004630,B044,912.1,3600.0
R004630,B048,912.1,inf
R004631,B042,1042.3,inf
R004631,B044,1775.2,3600.0
R004631,B045,1775.2,3600.0
R004632,B042,1623.0,inf
R004632,B044,912.1,3600.0
R004632,B045,912.1,3600.0
R004633,B039,1012.3,10800.0
R004633,B049,1715.2,inf
R004634,B039,1563.0,10800.0
R004634,B049,852.1,inf
R004635,B039,1012.3,10800.0
R004635,B048,1715.2,inf
R004636,B039,1563.0,10800.0
R004636,B048,852.1,inf
R004637,B039,1012.3,10800.0
R004637,B045,1715.2,3600.0
R004638,B039,1563.0,10800.0
R004638,B045,852.1,3600.0
R004639,B039,1012.3,10800.0
R004639,B044,1715.2,3600.0
R004641,B039,1042.3,10800.0
R004641,B044,1775.2,3600.0
R004641,B048,1775.2,inf
R004642,B039,1623.0,10800.0
R004642,B044,912.1,3600.0
R004642,B048,912.1,inf
R004645,B038,1012.3,10800.0
R004645,B049,1715.2,inf
R004647,B038,1012.3,10800.0
R004647,B048,1715.2,inf
R004649,B038,1012.3,10800.0
R004649,B045,1715.2,3600.0
R004650,B038,1563.0,10800.0
R004650,B045,852.1,3600.0
R004651,B038,1042.3,10800.0
R004651,B045,1775.2,3600.0
R004651,B048,1775.2,inf
R004652,B038,1623.0,10800.0
R004652,B045,912.1,3600.0
R004652,B048,912.1,inf
R004653,B038,1012.3,10800.0
R004653,B044,1715.2,3600.0
R004655,B038,1042.3,10800.0
R004655,B044,1775.2,3600.0
R004655,B049,1775.2,inf
R004656,B038,1623.0,10800.0
R004656,B044,912.1,3600.0
R004656,B049,912.1,inf
R004657,B038,1042.3,10800.0
R004657,B044,1775.2,3600.0
R004657,B048,1775.2,inf
R004658,B038,1623.0,10800.0
R004658,B044,912.1,3600.0
R004658,B048,912.1,inf
R004659,B038,1042.3,10800.0
R004659,B044,1775.2,3600.0
R004659,B045,1775.2,3600.0
R004660,B038,1623.0,10800.0
R004660,B044,912.1,3600.0
R004660,B045,912.1,3600.0
R004693,B039,1012.3,10800.0
R004693,B054,1679.8,inf
R004695,B039,1012.3,10800.0
R004695,B053,1679.8,inf
R004705,B038,1012.3,10800.0
R004705,B054,1679.8,inf
R004707,B038,1012.3,10800.0
R004707,B053,1679.8,inf
R004710,B038,1713.5,10800.0
R004710,B051,1035.7,3600.0
R004738,B043,1687.0,inf
R004738,B056,1203.2,7200.0
R004746,B042,1687.0,inf
R004746,B056,1203.2,7200.0
R004753,B039,1012.3,10800.0
R004753,B059,1491.1,inf
R004754,B039,1687.0,10800.0
R004754,B059,1203.2,inf
R004755,B039,1012.3,10800.0
R004755,B058,1491.1,inf
R004763,B038,1012.3,10800.0
R004763,B059,1491.1,inf
R004764,B038,1687.0,10800.0
R004764,B059,1203.2,inf
R004765,B038,1012.3,10800.0
R004765,B058,1491.1,inf
R004767,B038,1012.3,10800.0
R004767,B056,1491.1,7200.0
R004768,B038,1687.0,10800.0
R004768,B056,1203.2,7200.0
R004771,B038,1012.3,10800.0
R004771,B055,1491.1,7200.0
R004772,B038,1687.0,10800.0
R004772,B055,1203.2,7200.0
R004794,B043,1470.3,inf
R004794,B061,1002.0,10800.0
R004796,B043,1470.3,inf
R004796,B060,1002.0,10800.0
R004800,B042,1470.3,inf
R004800,B061,1002.0,10800.0
R004802,B042,1470.3,inf
R004802,B060,1002.0,10800.0
R004807,B039,1012.3,10800.0
R004807,B062,1478.3,inf
R004817,B038,1012.3,10800.0
R004817,B062,1478.3,inf
R004857,B039,1012.3,10800.0
R004857,B065,1752.9,inf
R004860,B039,1745.9,10800.0
R004860,B064,994.8,3600.0
R004867,B038,1012.3,10800.0
R004867,B065,1752.9,inf
R004891,B043,1290.7,inf
R004891,B068,817.0,inf
R004892,B043,1012.3,inf
R004892,B067,1484.8,10800.0
R004893,B043,1290.7,inf
R004893,B067,817.0,10800.0
R004894,B043,1012.3,inf
R004894,B066,1484.8,10800.0
R004895,B043,1290.7,inf
R004895,B066,817.0,10800.0
R004897,B042,1290.7,inf
R004897,B068,817.0,inf
R004899,B042,1290.7,inf
R004899,B067,817.0,10800.0
R004900,B042,1012.3,inf
R004900,B066,1484.8,10800.0
R004901,B042,1290.7,inf
R004901,B066,817.0,10800.0
R004903,B042,1350.7,inf
R004903,B066,877.0,10800.0
R004903,B068,877.0,inf
R004905,B042,1350.7,inf
R004905,B066,877.0,10800.0
R004905,B067,877.0,10800.0
R004906,B039,1012.3,10800.0
R004906,B068,1484.8,inf
R004907,B039,1290.7,10800.0
R004907,B068,817.0,inf
R004909,B039,1290.7,10800.0
R004909,B067,817.0,10800.0
R004910,B039,1012.3,10800.0
R004910,B066,1484.8,10800.0
R004911,B039,1290.7,10800.0
R004911,B066,817.0,10800.0
R004917,B038,1290.7,10800.0
R004917,B068,817.0,inf
R004919,B038,1290.7,10800.0
R004919,B067,817.0,10800.0
R004922,B038,1012.3,10800.0
R004922,B066,1484.8,10800.0
R004923,B038,1290.7,10800.0
R004923,B066,817.0,10800.0
R004925,B038,1350.7,10800.0
R004925,B066,877.0,10800.0
R004925,B068,877.0,inf
R004929,B038,1350.7,10800.0
R004929,B043,1350.7,inf
R004929,B066,847.0,10800.0
R004935,B038,1350.7,10800.0
R004935,B042,1350.7,inf
R004935,B066,847.0,10800.0
R004943,B043,1831.4,inf
R004943,B070,1181.8,3600.0
R004953,B039,1012.3,10800.0
R004953,B071,1656.2,inf
R004957,B038,1012.3,10800.0
R004957,B071,1656.2,inf
R004962,B038,1831.4,10800.0
R004962,B069,1181.8,3600.0
R004978,B043,1579.7,inf
R004978,B073,972.7,3600.0
R004980,B043,1579.7,inf
R004980,B072,972.7,3600.0
R004986,B042,1579.7,inf
R004986,B072,972.7,3600.0
R004991,B039,1012.3,10800.0
R004991,B074,1608.8,inf
R005001,B038,1012.3,10800.0
R005001,B074,1608.8,inf
R005034,B038,1012.3,10800.0
R005034,B077,1962.7,inf
R005051,B043,1775.7,inf
R005051,B079,1128.2,10800.0
R005064,B039,1012.3,10800.0
R005064,B080,1641.1,inf
R005074,B038,1012.3,10800.0
R005074,B080,1641.1,inf
R005135,B044,1574.3,3600.0
R005135,B051,1035.7,3600.0
R005138,B044,852.1,3600.0
R005138,B050,1388.4,3600.0
R005158,B049,852.1,inf
R005158,B059,1774.7,inf
R005170,B045,852.1,3600.0
R005170,B059,1774.7,inf
R005189,B049,852.1,inf
R005189,B062,1633.7,inf
R005190,B049,1778.0,inf
R005190,B062,1002.0,inf
R005191,B049,852.1,inf
R005191,B061,1633.7,10800.0
R005192,B049,1778.0,inf
R005192,B061,1002.0,10800.0
R005194,B049,1778.0,inf
R005194,B060,1002.0,10800.0
R005195,B048,852.1,inf
R005195,B062,1633.7,inf
R005196,B048,1778.0,inf
R005196,B062,1002.0,inf
R005197,B048,852.1,inf
R005197,B061,1633.7,10800.0
R005198,B048,1778.0,inf
R005198,B061,1002.0,10800.0
R005199,B048,852.1,inf
R005199,B060,1633.7,10800.0
R005200,B048,1778.0,inf
R005200,B060,1002.0,10800.0
R005206,B045,1778.0,3600.0
R005206,B062,1002.0,inf
R005208,B045,1778.0,3600.0
R005208,B061,1002.0,10800.0
R005209,B045,852.1,3600.0
R005209,B060,1633.7,10800.0
R005210,B045,1778.0,3600.0
R005210,B060,1002.0,10800.0
R005213,B045,912.1,3600.0
R005213,B048,912.1,inf
R005213,B060,1693.7,10800.0
R005215,B044,1778.0,3600.0
R005215,B062,1002.0,inf
R005216,B044,852.1,3600.0
R005216,B061,1633.7,10800.0
R005217,B044,1778.0,3600.0
R005217,B061,1002.0,10800.0
R005221,B044,1778.0,3600.0
R005221,B060,1002.0,10800.0
R005226,B044,912.1,3600.0
R005226,B049,912.1,inf
R005226,B060,1693.7,10800.0
R005227,B044,1838.0,3600.0
R005227,B049,1838.0,inf
R005227,B060,1032.0,10800.0
R005228,B044,912.1,3600.0
R005228,B048,912.1,inf
R005228,B062,1693.7,inf
R005229,B044,1838.0,3600.0
R005229,B048,1838.0,inf
R005229,B062,1032.0,inf
R005230,B044,912.1,3600.0
R005230,B048,912.1,inf
R005230,B061,1693.7,10800.0
R005231,B044,1838.0,3600.0
R005231,B048,1838.0,inf
R005231,B061,1032.0,10800.0
R005232,B044,912.1,3600.0
R005232,B048,912.1,inf
R005232,B060,1693.7,10800.0
R005233,B044,1838.0,3600.0
R005233,B048,1838.0,inf
R005233,B060,1032.0,10800.0
R005234,B044,912.1,3600.0
R005234,B045,912.1,3600.0
R005234,B062,1693.7,inf
R005235,B044,1838.0,3600.0
R005235,B045,1838.0,3600.0
R005235,B062,1032.0,inf
R005236,B044,912.1,3600.0
R005236,B045,912.1,3600.0
R005236,B060,1693.7,10800.0
R005237,B044,1838.0,3600.0
R005237,B045,1838.0,3600.0
R005237,B060,1032.0,10800.0
R005238,B049,852.1,inf
R005238,B065,1631.5,inf
R005240,B049,852.1,inf
R005240,B064,1631.5,3600.0
R005241,B049,1776.7,inf
R005241,B064,994.8,3600.0
R005242,B049,852.1,inf
R005242,B063,1631.5,3600.0
R005244,B048,852.1,inf
R005244,B065,1631.5,inf
R005245,B048,1776.7,inf
R005245,B065,994.8,inf
R005246,B048,852.1,inf
R005246,B064,1631.5,3600.0
R005247,B048,1776.7,inf
R005247,B064,994.8,3600.0
R005248,B048,852.1,inf
R005248,B063,1631.5,3600.0
R005254,B045,852.1,3600.0
R005254,B065,1631.5,inf
R005256,B045,852.1,3600.0
R005256,B064,1631.5,3600.0
R005257,B045,1776.7,3600.0
R005257,B064,994.8,3600.0
R005258,B045,852.1,3600.0
R005258,B063,1631.5,3600.0
R005262,B045,912.1,3600.0
R005262,B048,912.1,inf
R005262,B063,1691.5,3600.0
R005263,B045,1836.7,3600.0
R005263,B048,1836.7,inf
R005263,B063,1024.8,3600.0
R005264,B044,852.1,3600.0
R005264,B065,1631.5,inf
R005265,B044,1776.7,3600.0
R005265,B065,994.8,inf
R005266,B044,852.1,3600.0
R005266,B064,1631.5,3600.0
R005267,B044,1776.7,3600.0
R005267,B064,994.8,3600.0
R005270,B044,852.1,3600.0
R005270,B063,1631.5,3600.0
R005276,B044,912.1,3600.0
R005276,B049,912.1,inf
R005276,B063,1691.5,3600.0
R005277,B044,1836.7,3600.0
R005277,B049,1836.7,inf
R005277,B063,1024.8,3600.0
R005278,B044,912.1,3600.0
R005278,B048,912.1,inf
R005278,B065,1691.5,inf
R005279,B044,1836.7,3600.0
R005279,B048,1836.7,inf
R005279,B065,1024.8,inf
R005280,B044,912.1,3600.0
R005280,B048,912.1,inf
R005280,B064,1691.5,3600.0
R005281,B044,1836.7,3600.0
R005281,B048,1836.7,inf
R005281,B064,1024.8,3600.0
R005282,B044,912.1,3600.0
R005282,B048,912.1,inf
R005282,B063,1691.5,3600.0
R005283,B044,1836.7,3600.0
R005283,B048,1836.7,inf
R005283,B063,1024.8,3600.0
R005284,B044,912.1,3600.0
R005284,B045,912.1,3600.0
R005284,B065,1691.5,inf
R005285,B044,1836.7,3600.0
R005285,B045,1836.7,3600.0
R005285,B065,1024.8,inf
R005286,B044,912.1,3600.0
R005286,B045,912.1,3600.0
R005286,B063,1691.5,3600.0
R005287,B044,1836.7,3600.0
R005287,B045,1836.7,3600.0
R005287,B063,1024.8,3600.0
R005288,B049,852.1,inf
R005288,B068,1363.7,inf
R005289,B049,1321.8,inf
R005289,B068,817.0,inf
R005290,B049,852.1,inf
R005290,B067,1363.7,10800.0
R005291,B049,1321.8,inf
R005291,B067,817.0,10800.0
R005292,B049,852.1,inf
R005292,B066,1363.7,10800.0
R005293,B049,1321.8,inf
R005293,B066,817.0,10800.0
R005294,B048,852.1,inf
R005294,B068,1363.7,inf
R005296,B048,852.1,inf
R005296,B067,1363.7,10800.0
R005297,B048,1321.8,inf
R005297,B067,817.0,10800.0
R005298,B048,852.1,inf
R005298,B066,1363.7,10800.0
R005299,B048,1321.8,inf
R005299,B066,817.0,10800.0
R005301,B048,1381.8,inf
R005301,B066,877.0,10800.0
R005301,B068,877.0,inf
R005303,B048,1381.8,inf
R005303,B066,877.0,10800.0
R005303,B067,877.0,10800.0
R005304,B045,852.1,3600.0
R005304,B068,1363.7,inf
R005308,B045,852.1,3600.0
R005308,B066,1363.7,10800.0
R005314,B044,852.1,3600.0
R005314,B068,1363.7,inf
R005315,B044,1321.8,3600.0
R005315,B068,817.0,inf
R005316,B044,852.1,3600.0
R005316,B067,1363.7,10800.0
R005320,B044,852.1,3600.0
R005320,B066,1363.7,10800.0
R005321,B044,1321.8,3600.0
R005321,B066,817.0,10800.0
R005326,B044,912.1,3600.0
R005326,B049,912.1,inf
R005326,B066,1423.7,10800.0
R005332,B044,912.1,3600.0
R005332,B048,912.1,inf
R005332,B066,1423.7,10800.0
R005336,B044,912.1,3600.0
R005336,B045,912.1,3600.0
R005336,B066,1423.7,10800.0
R005338,B049,852.1,inf
R005338,B069,1800.4,3600.0
R005339,B048,852.1,inf
R005339,B069,1800.4,3600.0
R005340,B045,852.1,3600.0
R005340,B069,1800.4,3600.0
R005341,B044,852.1,3600.0
R005341,B069,1800.4,3600.0
R005342,B044,2127.8,3600.0
R005342,B069,1181.8,3600.0
R005343,B044,912.1,3600.0
R005343,B049,912.1,inf
R005343,B069,1860.4,3600.0
R005344,B044,912.1,3600.0
R005344,B048,912.1,inf
R005344,B069,1860.4,3600.0
R005345,B049,852.1,inf
R005345,B074,1593.8,inf
R005346,B049,1717.0,inf
R005346,B074,972.7,inf
R005347,B049,852.1,inf
R005347,B073,1593.8,3600.0
R005348,B049,1717.0,inf
R005348,B073,972.7,3600.0
R005350,B049,1717.0,inf
R005350,B072,972.7,3600.0
R005352,B048,1717.0,inf
R005352,B074,972.7,inf
R005353,B048,852.1,inf
R005353,B073,1593.8,3600.0
R005354,B048,1717.0,inf
R005354,B073,972.7,3600.0
R005356,B048,1717.0,inf
R005356,B072,972.7,3600.0
R005362,B045,1717.0,3600.0
R005362,B074,972.7,inf
R005364,B045,1717.0,3600.0
R005364,B073,972.7,3600.0
R005366,B045,1717.0,3600.0
R005366,B072,972.7,3600.0
R005369,B045,912.1,3600.0
R005369,B048,912.1,inf
R005369,B072,1653.8,3600.0
R005370,B045,1777.0,3600.0
R005370,B048,1777.0,inf
R005370,B072,1002.7,3600.0
R005371,B044,852.1,3600.0
R005371,B074,1593.8,inf
R005372,B044,1717.0,3600.0
R005372,B074,972.7,inf
R005373,B044,852.1,3600.0
R005373,B073,1593.8,3600.0
R005374,B044,1717.0,3600.0
R005374,B073,972.7,3600.0
R005378,B044,1717.0,3600.0
R005378,B072,972.7,3600.0
R005383,B044,912.1,3600.0
R005383,B049,912.1,inf
R005383,B072,1653.8,3600.0
R005384,B044,1777.0,3600.0
R005384,B049,1777.0,inf
R005384,B072,1002.7,3600.0
R005385,B044,912.1,3600.0
R005385,B048,912.1,inf
R005385,B074,1653.8,inf
R005386,B044,1777.0,3600.0
R005386,B048,1777.0,inf
R005386,B074,1002.7,inf
R005387,B044,912.1,3600.0
R005387,B048,912.1,inf
R005387,B073,1653.8,3600.0
R005388,B044,1777.0,3600.0
R005388,B048,1777.0,inf
R005388,B073,1002.7,3600.0
R005389,B044,912.1,3600.0
R005389,B048,912.1,inf
R005389,B072,1653.8,3600.0
R005390,B044,1777.0,3600.0
R005390,B048,1777.0,inf
R005390,B072,1002.7,3600.0
R005391,B044,912.1,3600.0
R005391,B045,912.1,3600.0
R005391,B074,1653.8,inf
R005392,B044,1777.0,3600.0
R005392,B045,1777.0,3600.0
R005392,B074,1002.7,inf
R005393,B044,912.1,3600.0
R005393,B045,912.1,3600.0
R005393,B072,1653.8,3600.0
R005394,B044,1777.0,3600.0
R005394,B045,1777.0,3600.0
R005394,B072,1002.7,3600.0
R005396,B049,2106.0,inf
R005396,B077,1151.9,inf
R005397,B049,852.1,inf
R005397,B076,1803.8,3600.0
R005398,B049,2106.0,inf
R005398,B076,1151.9,3600.0
R005399,B049,852.1,inf
R005399,B075,1803.8,3600.0
R005400,B049,2106.0,inf
R005400,B075,1151.9,3600.0
R005401,B048,852.1,inf
R005401,B077,1803.8,inf
R005402,B048,2106.0,inf
R005402,B077,1151.9,inf
R005403,B048,852.1,inf
R005403,B076,1803.8,3600.0
R005404,B048,2106.0,inf
R005404,B076,1151.9,3600.0
R005406,B048,2106.0,inf
R005406,B075,1151.9,3600.0
R005411,B045,852.1,3600.0
R005411,B077,1803.8,inf
R005412,B045,2106.0,3600.0
R005412,B077,1151.9,inf
R005413,B045,852.1,3600.0
R005413,B076,1803.8,3600.0
R005415,B045,2106.0,3600.0
R005415,B075,1151.9,3600.0
R005417,B045,912.1,3600.0
R005417,B048,912.1,inf
R005417,B075,1863.8,3600.0
R005419,B044,2106.0,3600.0
R005419,B077,1151.9,inf
R005420,B044,852.1,3600.0
R005420,B076,1803.8,3600.0
R005421,B044,2106.0,3600.0
R005421,B076,1151.9,3600.0
R005424,B044,2106.0,3600.0
R005424,B075,1151.9,3600.0
R005429,B044,912.1,3600.0
R005429,B049,912.1,inf
R005429,B075,1863.8,3600.0
R005430,B044,2166.0,3600.0
R005430,B049,2166.0,inf
R005430,B075,1181.9,3600.0
R005431,B044,912.1,3600.0
R005431,B048,912.1,inf
R005431,B077,1863.8,inf
R005432,B044,2166.0,3600.0
R005432,B048,2166.0,inf
R005432,B077,1181.9,inf
R005433,B044,912.1,3600.0
R005433,B048,912.1,inf
R005433,B076,1863.8,3600.0
R005434,B044,912.1,3600.0
R005434,B048,912.1,inf
R005434,B075,1863.8,3600.0
R005435,B044,2166.0,3600.0
R005435,B048,2166.0,inf
R005435,B075,1181.9,3600.0
R005436,B044,912.1,3600.0
R005436,B045,912.1,3600.0
R005436,B077,1863.8,inf
R005437,B044,912.1,3600.0
R005437,B045,912.1,3600.0
R005437,B075,1863.8,3600.0
R005441,B049,1815.3,inf
R005441,B079,1128.2,10800.0
R005454,B045,852.1,3600.0
R005454,B080,1528.4,inf
R005458,B045,852.1,3600.0
R005458,B078,1528.4,7200.0
R005464,B044,852.1,3600.0
R005464,B080,1528.4,inf
R005466,B044,852.1,3600.0
R005466,B079,1528.4,10800.0
R005525,B054,1769.6,inf
R005525,B061,1002.0,10800.0
R005527,B054,1769.6,inf
R005527,B060,1002.0,10800.0
R005531,B053,1769.6,inf
R005531,B061,1002.0,10800.0
R005533,B053,1769.6,inf
R005533,B060,1002.0,10800.0
R005570,B054,1811.1,inf
R005570,B064,994.8,3600.0
R005576,B053,1811.1,inf
R005576,B064,994.8,3600.0
R005608,B054,1297.6,inf
R005608,B068,817.0,inf
R005609,B054,1035.7,inf
R005609,B067,1525.4,10800.0
R005610,B054,1297.6,inf
R005610,B067,817.0,10800.0
R005611,B054,1035.7,inf
R005611,B066,1525.4,10800.0
R005612,B054,1297.6,inf
R005612,B066,817.0,10800.0
R005614,B053,1297.6,inf
R005614,B068,817.0,inf
R005615,B053,1035.7,inf
R005615,B067,1525.4,10800.0
R005616,B053,1297.6,inf
R005616,B067,817.0,10800.0
R005617,B053,1035.7,inf
R005617,B066,1525.4,10800.0
R005618,B053,1297.6,inf
R005618,B066,817.0,10800.0
R005620,B053,1357.6,inf
R005620,B066,877.0,10800.0
R005620,B068,877.0,inf
R005622,B053,1357.6,inf
R005622,B066,877.0,10800.0
R005622,B067,877.0,10800.0
R005623,B051,1035.7,3600.0
R005623,B068,1525.4,inf
R005625,B051,1035.7,3600.0
R005625,B067,1525.4,10800.0
R005626,B051,1297.6,3600.0
R005626,B067,817.0,10800.0
R005627,B051,1035.7,3600.0
R005627,B066,1525.4,10800.0
R005628,B051,1297.6,3600.0
R005628,B066,817.0,10800.0
R005630,B051,1357.6,3600.0
R005630,B066,877.0,10800.0
R005630,B068,877.0,inf
R005634,B050,1297.6,3600.0
R005634,B068,817.0,inf
R005635,B050,1035.7,3600.0
R005635,B067,1525.4,10800.0
R005636,B050,1297.6,3600.0
R005636,B067,817.0,10800.0
R005639,B050,1035.7,3600.0
R005639,B066,1525.4,10800.0
R005640,B050,1297.6,3600.0
R005640,B066,817.0,10800.0
R005646,B050,1357.6,3600.0
R005646,B054,1357.6,inf
R005646,B066,847.0,10800.0
R005652,B050,1357.6,3600.0
R005652,B053,1357.6,inf
R005652,B066,847.0,10800.0
R005704,B050,1035.7,3600.0
R005704,B077,2030.0,inf
R005713,B054,1035.7,inf
R005713,B079,1427.1,10800.0
R005714,B054,1528.0,inf
R005714,B079,1128.2,10800.0
R005720,B053,1528.0,inf
R005720,B079,1128.2,10800.0
R005727,B051,1035.7,3600.0
R005727,B080,1427.1,inf
R005729,B051,1035.7,3600.0
R005729,B079,1427.1,10800.0
R005731,B051,1035.7,3600.0
R005731,B078,1427.1,7200.0
R005737,B050,1035.7,3600.0
R005737,B080,1427.1,inf
R005739,B050,1035.7,3600.0
R005739,B079,1427.1,10800.0
R005740,B050,1528.0,3600.0
R005740,B079,1128.2,10800.0
R005743,B050,1035.7,3600.0
R005743,B078,1427.1,7200.0
R005744,B050,1528.0,3600.0
R005744,B078,1128.2,7200.0
R005745,B050,1065.7,3600.0
R005745,B078,1487.1,7200.0
R005745,B080,1487.1,inf
R005746,B050,1588.0,3600.0
R005746,B078,1188.2,7200.0
R005746,B080,1188.2,inf
R005747,B050,1065.7,3600.0
R005747,B078,1487.1,7200.0
R005747,B079,1487.1,10800.0
R005748,B050,1588.0,3600.0
R005748,B078,1188.2,7200.0
R005748,B079,1188.2,10800.0
R005749,B050,1095.7,3600.0
R005749,B054,1095.7,inf
R005749,B078,1487.1,7200.0
R005759,B050,1095.7,3600.0
R005759,B051,1095.7,3600.0
R005759,B078,1487.1,7200.0
R005763,B059,1616.5,inf
R005763,B061,1002.0,10800.0
R005765,B059,1616.5,inf
R005765,B060,1002.0,10800.0
R005768,B058,1616.5,inf
R005768,B061,1002.0,10800.0
R005770,B058,1616.5,inf
R005770,B060,1002.0,10800.0
R005774,B055,1203.2,7200.0
R005774,B062,1820.4,inf
R005776,B055,1203.2,7200.0
R005776,B061,1820.4,10800.0
R005778,B055,1203.2,7200.0
R005778,B060,1820.4,10800.0
R005790,B059,1203.2,inf
R005790,B068,1867.4,inf
R005791,B059,1477.3,inf
R005791,B068,817.0,inf
R005792,B059,1203.2,inf
R005792,B067,1867.4,10800.0
R005793,B059,1477.3,inf
R005793,B067,817.0,10800.0
R005794,B059,1203.2,inf
R005794,B066,1867.4,10800.0
R005795,B059,1477.3,inf
R005795,B066,817.0,10800.0
R005796,B058,1203.2,inf
R005796,B068,1867.4,inf
R005797,B058,1477.3,inf
R005797,B068,817.0,inf
R005798,B058,1203.2,inf
R005798,B067,1867.4,10800.0
R005799,B058,1477.3,inf
R005799,B067,817.0,10800.0
R005800,B058,1203.2,inf
R005800,B066,1867.4,10800.0
R005801,B058,1477.3,inf
R005801,B066,817.0,10800.0
R005802,B058,1233.2,inf
R005802,B066,1927.4,10800.0
R005802,B068,1927.4,inf
R005803,B058,1537.3,inf
R005803,B066,877.0,10800.0
R005803,B068,877.0,inf
R005804,B058,1537.3,inf
R005804,B066,877.0,10800.0
R005804,B067,877.0,10800.0
R005805,B056,1203.2,7200.0
R005805,B068,1867.4,inf
R005806,B056,1477.3,7200.0
R005806,B068,817.0,inf
R005807,B056,1477.3,7200.0
R005807,B067,817.0,10800.0
R005808,B056,1203.2,7200.0
R005808,B066,1867.4,10800.0
R005809,B056,1477.3,7200.0
R005809,B066,817.0,10800.0
R005810,B056,1233.2,7200.0
R005810,B066,1927.4,10800.0
R005810,B068,1927.4,inf
R005811,B056,1537.3,7200.0
R005811,B066,877.0,10800.0
R005811,B068,877.0,inf
R005813,B056,1537.3,7200.0
R005813,B058,1537.3,inf
R005813,B066,847.0,10800.0
R005814,B055,1203.2,7200.0
R005814,B068,1867.4,inf
R005815,B055,1477.3,7200.0
R005815,B068,817.0,inf
R005816,B055,1203.2,7200.0
R005816,B067,1867.4,10800.0
R005817,B055,1477.3,7200.0
R005817,B067,817.0,10800.0
R005818,B055,1537.3,7200.0
R005818,B067,877.0,10800.0
R005818,B068,877.0,inf
R005819,B055,1203.2,7200.0
R005819,B066,1867.4,10800.0
R005820,B055,1477.3,7200.0
R005820,B066,817.0,10800.0
R005821,B055,1233.2,7200.0
R005821,B066,1927.4,10800.0
R005821,B068,1927.4,inf
R005822,B055,1537.3,7200.0
R005822,B066,877.0,10800.0
R005822,B068,877.0,inf
R005823,B055,1233.2,7200.0
R005823,B066,1927.4,10800.0
R005823,B067,1927.4,10800.0
R005824,B055,1537.3,7200.0
R005824,B066,877.0,10800.0
R005824,B067,877.0,10800.0
R005825,B055,1263.2,7200.0
R005825,B059,1263.2,inf
R005825,B066,1927.4,10800.0
R005826,B055,1537.3,7200.0
R005826,B059,1537.3,inf
R005826,B066,847.0,10800.0
R005832,B055,1537.3,7200.0
R005832,B058,1537.3,inf
R005832,B066,847.0,10800.0
R005834,B055,1537.3,7200.0
R005834,B056,1537.3,7200.0
R005834,B068,847.0,inf
R005836,B055,1537.3,7200.0
R005836,B056,1537.3,7200.0
R005836,B066,847.0,10800.0
R005841,B059,1825.3,inf
R005841,B079,1128.2,10800.0
R005843,B059,1825.3,inf
R005843,B078,1128.2,7200.0
R005846,B058,1825.3,inf
R005846,B079,1128.2,10800.0
R005853,B055,1203.2,7200.0
R005853,B080,1886.6,inf
R005855,B055,1203.2,7200.0
R005855,B079,1886.6,10800.0
R005872,B062,1624.9,inf
R005872,B064,994.8,3600.0
R005879,B061,1002.0,10800.0
R005879,B065,1623.9,inf
R005889,B060,1002.0,10800.0
R005889,B065,1623.9,inf
R005892,B060,1624.9,10800.0
R005892,B064,994.8,3600.0
R005896,B060,1624.9,10800.0
R005896,B063,994.8,3600.0
R005914,B062,1354.3,inf
R005914,B067,817.0,10800.0
R005916,B062,1354.3,inf
R005916,B066,817.0,10800.0
R005918,B062,1414.3,inf
R005918,B066,877.0,10800.0
R005918,B068,877.0,inf
R005920,B062,1414.3,inf
R005920,B066,877.0,10800.0
R005920,B067,877.0,10800.0
R005956,B062,1639.1,inf
R005956,B070,1181.8,3600.0
R005963,B061,1002.0,10800.0
R005963,B071,1455.9,inf
R005973,B060,1002.0,10800.0
R005973,B071,1455.9,inf
R005980,B060,1639.1,10800.0
R005980,B069,1181.8,3600.0
R006005,B061,1002.0,10800.0
R006005,B074,1452.2,inf
R006015,B060,1002.0,10800.0
R006015,B074,1452.2,inf
R006040,B062,1950.4,inf
R006040,B076,1151.9,3600.0
R006042,B062,1950.4,inf
R006042,B075,1151.9,3600.0
R006046,B061,1002.0,10800.0
R006046,B077,1792.5,inf
R006052,B060,1002.0,10800.0
R006052,B077,1792.5,inf
R006063,B060,1062.0,10800.0
R006063,B062,1062.0,inf
R006063,B077,1852.5,inf
R006073,B062,1908.6,inf
R006073,B079,1128.2,10800.0
R006075,B062,1908.6,inf
R006075,B078,1128.2,7200.0
R006078,B061,1002.0,10800.0
R006078,B080,1766.1,inf
R006080,B061,1908.6,10800.0
R006080,B078,1128.2,7200.0
R006082,B060,1002.0,10800.0
R006082,B080,1766.1,inf
R006099,B065,1497.2,inf
R006099,B067,817.0,10800.0
R006101,B065,1497.2,inf
R006101,B066,817.0,10800.0
R006103,B065,1557.2,inf
R006103,B066,877.0,10800.0
R006103,B068,877.0,inf
R006105,B065,1557.2,inf
R006105,B066,877.0,10800.0
R006105,B067,877.0,10800.0
R006110,B064,994.8,3600.0
R006110,B066,1684.3,10800.0
R006156,B063,994.8,3600.0
R006156,B071,1557.1,inf
R006178,B065,994.8,inf
R006178,B074,1378.8,inf
R006180,B065,994.8,inf
R006180,B073,1378.8,3600.0
R006181,B065,1356.7,inf
R006181,B073,972.7,3600.0
R006182,B065,994.8,inf
R006182,B072,1378.8,3600.0
R006183,B065,1356.7,inf
R006183,B072,972.7,3600.0
R006188,B064,994.8,3600.0
R006188,B074,1378.8,inf
R006189,B064,1356.7,3600.0
R006189,B074,972.7,inf
R006192,B064,994.8,3600.0
R006192,B072,1378.8,3600.0
R006193,B064,1356.7,3600.0
R006193,B072,972.7,3600.0
R006198,B063,994.8,3600.0
R006198,B074,1378.8,inf
R006199,B063,1356.7,3600.0
R006199,B074,972.7,inf
R006200,B063,994.8,3600.0
R006200,B073,1378.8,3600.0
R006201,B063,1356.7,3600.0
R006201,B073,972.7,3600.0
R006204,B063,994.8,3600.0
R006204,B072,1378.8,3600.0
R006205,B063,1356.7,3600.0
R006205,B072,972.7,3600.0
R006214,B063,1054.8,3600.0
R006214,B065,1054.8,inf
R006214,B072,1438.8,3600.0
R006215,B063,1416.7,3600.0
R006215,B065,1416.7,inf
R006215,B072,1002.7,3600.0
R006218,B063,1054.8,3600.0
R006218,B064,1054.8,3600.0
R006218,B072,1438.8,3600.0
R006220,B065,994.8,inf
R006220,B077,1428.7,inf
R006221,B065,1585.7,inf
R006221,B077,1151.9,inf
R006224,B065,994.8,inf
R006224,B075,1428.7,3600.0
R006225,B065,1585.7,inf
R006225,B075,1151.9,3600.0
R006230,B064,994.8,3600.0
R006230,B077,1428.7,inf
R006231,B064,1585.7,3600.0
R006231,B077,1151.9,inf
R006232,B064,994.8,3600.0
R006232,B076,1428.7,3600.0
R006233,B064,1585.7,3600.0
R006233,B076,1151.9,3600.0
R006234,B064,994.8,3600.0
R006234,B075,1428.7,3600.0
R006240,B063,994.8,3600.0
R006240,B077,1428.7,inf
R006241,B063,1585.7,3600.0
R006241,B077,1151.9,inf
R006242,B063,994.8,3600.0
R006242,B076,1428.7,3600.0
R006243,B063,1585.7,3600.0
R006243,B076,1151.9,3600.0
R006246,B063,994.8,3600.0
R006246,B075,1428.7,3600.0
R006247,B063,1585.7,3600.0
R006247,B075,1151.9,3600.0
R006248,B063,1024.8,3600.0
R006248,B075,1488.7,3600.0
R006248,B077,1488.7,inf
R006249,B063,1645.7,3600.0
R006249,B075,1211.9,3600.0
R006249,B077,1211.9,inf
R006250,B063,1024.8,3600.0
R006250,B075,1488.7,3600.0
R006250,B076,1488.7,3600.0
R006251,B063,1645.7,3600.0
R006251,B075,1211.9,3600.0
R006251,B076,1211.9,3600.0
R006256,B063,1054.8,3600.0
R006256,B065,1054.8,inf
R006256,B075,1488.7,3600.0
R006265,B063,994.8,3600.0
R006265,B078,1933.8,7200.0
R006272,B068,1951.9,inf
R006272,B070,1181.8,3600.0
R006274,B068,1951.9,inf
R006274,B069,1181.8,3600.0
R006279,B067,817.0,10800.0
R006279,B071,1582.5,inf
R006283,B067,1951.9,10800.0
R006283,B069,1181.8,3600.0
R006286,B066,817.0,10800.0
R006286,B071,1582.5,inf
R006289,B066,1951.9,10800.0
R006289,B070,1181.8,3600.0
R006293,B066,1951.9,10800.0
R006293,B069,1181.8,3600.0
R006298,B066,877.0,10800.0
R006298,B068,877.0,inf
R006298,B071,1642.5,inf
R006299,B066,2011.9,10800.0
R006299,B068,2011.9,inf
R006299,B071,1211.8,inf
R006300,B066,877.0,10800.0
R006300,B068,877.0,inf
R006300,B070,1642.5,3600.0
R006303,B066,877.0,10800.0
R006303,B067,877.0,10800.0
R006303,B071,1642.5,inf
R006316,B067,817.0,10800.0
R006316,B074,1411.4,inf
R006326,B066,817.0,10800.0
R006326,B074,1411.4,inf
R006338,B066,877.0,10800.0
R006338,B068,877.0,inf
R006338,B074,1471.4,inf
R006344,B066,877.0,10800.0
R006344,B067,877.0,10800.0
R006344,B074,1471.4,inf
R006353,B068,2058.5,inf
R006353,B075,1151.9,3600.0
R006358,B067,817.0,10800.0
R006358,B077,1714.4,inf
R006361,B067,2058.5,10800.0
R006361,B076,1151.9,3600.0
R006363,B067,2058.5,10800.0
R006363,B075,1151.9,3600.0
R006367,B066,817.0,10800.0
R006367,B077,1714.4,inf
R006370,B066,2058.5,10800.0
R006370,B076,1151.9,3600.0
R006374,B066,2058.5,10800.0
R006374,B075,1151.9,3600.0
R006379,B066,877.0,10800.0
R006379,B068,877.0,inf
R006379,B077,1774.4,inf
R006385,B066,877.0,10800.0
R006385,B067,877.0,10800.0
R006385,B077,1774.4,inf
R006389,B068,817.0,inf
R006389,B080,1399.0,inf
R006390,B068,1727.7,inf
R006390,B080,1128.2,inf
R006391,B068,817.0,inf
R006391,B079,1399.0,10800.0
R006392,B068,1727.7,inf
R006392,B079,1128.2,10800.0
R006393,B068,817.0,inf
R006393,B078,1399.0,7200.0
R006394,B068,1727.7,inf
R006394,B078,1128.2,7200.0
R006399,B067,817.0,10800.0
R006399,B080,1399.0,inf
R006400,B067,1727.7,10800.0
R006400,B080,1128.2,inf
R006401,B067,817.0,10800.0
R006401,B079,1399.0,10800.0
R006402,B067,1727.7,10800.0
R006402,B079,1128.2,10800.0
R006403,B067,817.0,10800.0
R006403,B078,1399.0,7200.0
R006404,B067,1727.7,10800.0
R006404,B078,1128.2,7200.0
R006409,B066,817.0,10800.0
R006409,B080,1399.0,inf
R006410,B066,1727.7,10800.0
R006410,B080,1128.2,inf
R006411,B066,817.0,10800.0
R006411,B079,1399.0,10800.0
R006412,B066,1727.7,10800.0
R006412,B079,1128.2,10800.0
R006415,B066,817.0,10800.0
R006415,B078,1399.0,7200.0
R006416,B066,1727.7,10800.0
R006416,B078,1128.2,7200.0
R006417,B066,847.0,10800.0
R006417,B078,1459.0,7200.0
R006417,B080,1459.0,inf
R006418,B066,1787.7,10800.0
R006418,B078,1188.2,7200.0
R006418,B080,1188.2,inf
R006419,B066,847.0,10800.0
R006419,B078,1459.0,7200.0
R006419,B079,1459.0,10800.0
R006421,B066,877.0,10800.0
R006421,B068,877.0,inf
R006421,B080,1459.0,inf
R006425,B066,877.0,10800.0
R006425,B068,877.0,inf
R006425,B078,1459.0,7200.0
R006427,B066,877.0,10800.0
R006427,B067,877.0,10800.0
R006427,B080,1459.0,inf
R006431,B071,1181.8,inf
R006431,B074,1638.9,inf
R006432,B071,1434.6,inf
R006432,B074,972.7,inf
R006433,B071,1181.8,inf
R006433,B073,1638.9,3600.0
R006434,B071,1434.6,inf
R006434,B073,972.7,3600.0
R006435,B071,1181.8,inf
R006435,B072,1638.9,3600.0
R006436,B071,1434.6,inf
R006436,B072,972.7,3600.0
R006441,B070,1181.8,3600.0
R006441,B074,1638.9,inf
R006442,B070,1434.6,3600.0
R006442,B074,972.7,inf
R006443,B070,1181.8,3600.0
R006443,B073,1638.9,3600.0
R006445,B070,1181.8,3600.0
R006445,B072,1638.9,3600.0
R006446,B070,1434.6,3600.0
R006446,B072,972.7,3600.0
R006451,B069,1181.8,3600.0
R006451,B074,1638.9,inf
R006452,B069,1434.6,3600.0
R006452,B074,972.7,inf
R006453,B069,1181.8,3600.0
R006453,B073,1638.9,3600.0
R006457,B069,1181.8,3600.0
R006457,B072,1638.9,3600.0
R006458,B069,1434.6,3600.0
R006458,B072,972.7,3600.0
R006475,B071,1857.6,inf
R006475,B076,1151.9,3600.0
R006498,B074,1674.4,inf
R006498,B076,1151.9,3600.0
R006500,B074,1674.4,inf
R006500,B075,1151.9,3600.0
R006505,B073,972.7,3600.0
R006505,B077,1495.3,inf
R006540,B074,1990.4,inf
R006540,B078,1128.2,7200.0
R006541,B073,972.7,3600.0
R006541,B078,1826.7,7200.0
R006553,B014,882.9,inf
R006553,B023,1485.5,inf
R006555,B014,882.9,inf
R006555,B021,1485.5,inf
R006559,B014,912.9,inf
R006559,B021,1551.5,inf
R006559,B022,1551.5,inf
R006563,B014,882.9,inf
R006563,B017,1485.5,3600.0
R006564,B014,1795.1,inf
R006564,B017,1188.9,3600.0
R006575,B014,912.9,inf
R006575,B017,1551.5,3600.0
R006575,B018,1551.5,inf
R006576,B014,1861.1,inf
R006576,B017,1254.9,3600.0
R006576,B018,1254.9,inf
R006587,B014,942.9,inf
R006587,B017,1617.5,3600.0
R006587,B018,1617.5,inf
R006587,B019,1617.5,inf
R006588,B014,1927.1,inf
R006588,B017,1320.9,3600.0
R006588,B018,1320.9,inf
R006588,B019,1320.9,inf
R006598,B014,972.9,inf
R006598,B017,1683.5,3600.0
R006598,B018,1683.5,inf
R006598,B019,1683.5,inf
R006598,B020,1683.5,inf
R006599,B014,1993.1,inf
R006599,B017,1386.9,3600.0
R006599,B018,1386.9,inf
R006599,B019,1386.9,inf
R006599,B020,1386.9,inf
R006602,B014,882.9,inf
R006602,B016,1485.5,3600.0
R006686,B014,1993.1,inf
R006686,B015,1993.1,inf
R006686,B017,1350.9,3600.0
R006686,B018,1350.9,inf
R006686,B019,1350.9,inf
R006693,B014,1038.9,inf
R006693,B015,1038.9,inf
R006693,B017,1749.5,3600.0
R006693,B018,1749.5,inf
R006693,B019,1749.5,inf
R006693,B020,1749.5,inf
R006763,B011,1861.1,inf
R006763,B017,1254.9,3600.0
R006763,B018,1254.9,inf
R006775,B011,1927.1,inf
R006775,B017,1320.9,3600.0
R006775,B018,1320.9,inf
R006775,B019,1320.9,inf
R006786,B011,1993.1,inf
R006786,B017,1386.9,3600.0
R006786,B018,1386.9,inf
R006786,B019,1386.9,inf
R006786,B020,1386.9,inf
R006790,B011,1795.1,inf
R006790,B016,1188.9,3600.0
R006962,B011,1104.9,inf
R006962,B014,1104.9,inf
R006962,B015,1104.9,inf
R006962,B017,1815.5,3600.0
R006962,B018,1815.5,inf
R006962,B019,1815.5,inf
R006962,B020,1815.5,inf
R007123,B011,1104.9,inf
R007123,B012,1104.9,inf
R007123,B014,1104.9,inf
R007123,B017,1815.5,3600.0
R007123,B018,1815.5,inf
R007123,B019,1815.5,inf
R007123,B020,1815.5,inf
R007245,B011,1993.1,inf
R007245,B012,1993.1,inf
R007245,B013,1993.1,inf
R007245,B017,1314.9,3600.0
R007245,B018,1314.9,inf
R007505,B003,1927.1,3600.0
R007505,B014,1927.1,inf
R007505,B017,1284.9,3600.0
R007505,B018,1284.9,inf
R008347,B003,2059.1,3600.0
R008347,B004,2059.1,inf
R008347,B011,2059.1,inf
R008347,B012,2059.1,inf
R008347,B021,1344.9,inf
R008347,B022,1344.9,inf
R008665,B001,882.9,3600.0
R008665,B023,1485.5,inf
R008666,B001,1795.1,3600.0
R008666,B023,1188.9,inf
R008667,B001,882.9,3600.0
R008667,B021,1485.5,inf
R008668,B001,1795.1,3600.0
R008668,B021,1188.9,inf
R008671,B001,912.9,3600.0
R008671,B021,1551.5,inf
R008671,B022,1551.5,inf
R008672,B001,1861.1,3600.0
R008672,B021,1254.9,inf
R008672,B022,1254.9,inf
R008675,B001,882.9,3600.0
R008675,B017,1485.5,3600.0
R008676,B001,1795.1,3600.0
R008676,B017,1188.9,3600.0
R008687,B001,912.9,3600.0
R008687,B017,1551.5,3600.0
R008687,B018,1551.5,inf
R008688,B001,1861.1,3600.0
R008688,B017,1254.9,3600.0
R008688,B018,1254.9,inf
R008699,B001,942.9,3600.0
R008699,B017,1617.5,3600.0
R008699,B018,1617.5,inf
R008699,B019,1617.5,inf
R008700,B001,1927.1,3600.0
R008700,B017,1320.9,3600.0
R008700,B018,1320.9,inf
R008700,B019,1320.9,inf
R008711,B001,972.9,3600.0
R008711,B017,1683.5,3600.0
R008711,B018,1683.5,inf
R008711,B019,1683.5,inf
R008711,B020,1683.5,inf
R008712,B001,1993.1,3600.0
R008712,B017,1386.9,3600.0
R008712,B018,1386.9,inf
R008712,B019,1386.9,inf
R008712,B020,1386.9,inf
R008717,B001,882.9,3600.0
R008717,B016,1485.5,3600.0
R008718,B001,1795.1,3600.0
R008718,B016,1188.9,3600.0
R008778,B001,1861.1,3600.0
R008778,B014,1861.1,inf
R008778,B017,1218.9,3600.0
R008812,B001,2059.1,3600.0
R008812,B014,2059.1,inf
R008812,B017,1416.9,3600.0
R008812,B018,1416.9,inf
R008812,B019,1416.9,inf
R008812,B020,1416.9,inf
R008870,B001,1927.1,3600.0
R008870,B014,1927.1,inf
R008870,B015,1927.1,inf
R008870,B017,1248.9,3600.0
R008901,B001,1104.9,3600.0
R008901,B014,1104.9,inf
R008901,B015,1104.9,inf
R008901,B017,1815.5,3600.0
R008901,B018,1815.5,inf
R008901,B019,1815.5,inf
R008901,B020,1815.5,inf
R008955,B001,1861.1,3600.0
R008955,B011,1861.1,inf
R008955,B017,1218.9,3600.0
R008979,B001,1993.1,3600.0
R008979,B011,1993.1,inf
R008979,B017,1350.9,3600.0
R008979,B018,1350.9,inf
R008979,B019,1350.9,inf
R008988,B001,2059.1,3600.0
R008988,B011,2059.1,inf
R008988,B017,1416.9,3600.0
R008988,B018,1416.9,inf
R008988,B019,1416.9,inf
R008988,B020,1416.9,inf
R009046,B001,1927.1,3600.0
R009046,B011,1927.1,inf
R009046,B014,1927.1,inf
R009046,B017,1248.9,3600.0
R009075,B001,1104.9,3600.0
R009075,B011,1104.9,inf
R009075,B014,1104.9,inf
R009075,B017,1815.5,3600.0
R009075,B018,1815.5,inf
R009075,B019,1815.5,inf
R009075,B020,1815.5,inf
R009140,B001,2059.1,3600.0
R009140,B011,2059.1,inf
R009140,B014,2059.1,inf
R009140,B015,2059.1,inf
R009140,B017,1344.9,3600.0
R009140,B018,1344.9,inf
R009149,B001,2125.1,3600.0
R009149,B011,2125.1,inf
R009149,B014,2125.1,inf
R009149,B015,2125.1,inf
R009149,B017,1410.9,3600.0
R009149,B018,1410.9,inf
R009149,B019,1410.9,inf
R009221,B001,2059.1,3600.0
R009221,B011,2059.1,inf
R009221,B012,2059.1,inf
R009221,B017,1380.9,3600.0
R009221,B018,1380.9,inf
R009221,B019,1380.9,inf
R009226,B001,1104.9,3600.0
R009226,B011,1104.9,inf
R009226,B012,1104.9,inf
R009226,B017,1815.5,3600.0
R009226,B018,1815.5,inf
R009226,B019,1815.5,inf
R009226,B020,1815.5,inf
R009360,B001,1206.9,3600.0
R009360,B011,1206.9,inf
R009360,B012,1206.9,inf
R009360,B014,1206.9,inf
R009360,B015,1206.9,inf
R009360,B017,1881.5,3600.0
R009360,B018,1881.5,inf
R009360,B019,1881.5,inf
R009411,B001,2059.1,3600.0
R009411,B011,2059.1,inf
R009411,B012,2059.1,inf
R009411,B013,2059.1,inf
R009411,B017,1344.9,3600.0
R009411,B018,1344.9,inf
R009524,B001,1242.9,3600.0
R009524,B011,1242.9,inf
R009524,B012,1242.9,inf
R009524,B013,1242.9,inf
R009524,B014,1242.9,inf
R009524,B015,1242.9,inf
R009524,B017,1881.5,3600.0
R009524,B018,1881.5,inf
R009576,B001,1993.1,3600.0
R009576,B003,1993.1,3600.0
R009576,B017,1350.9,3600.0
R009576,B018,1350.9,inf
R009576,B019,1350.9,inf
R009657,B001,2059.1,3600.0
R009657,B003,2059.1,3600.0
R009657,B014,2059.1,inf
R009657,B017,1380.9,3600.0
R009657,B018,1380.9,inf
R009657,B019,1380.9,inf
R009896,B001,2125.1,3600.0
R009896,B003,2125.1,3600.0
R009896,B011,2125.1,inf
R009896,B014,2125.1,inf
R009896,B015,2125.1,inf
R009896,B021,1374.9,inf
R009896,B022,1374.9,inf
R009998,B001,2125.1,3600.0
R009998,B003,2125.1,3600.0
R009998,B011,2125.1,inf
R009998,B012,2125.1,inf
R009998,B014,2125.1,inf
R009998,B021,1374.9,inf
R009998,B022,1374.9,inf
R010126,B001,1308.9,3600.0
R010126,B003,1308.9,3600.0
R010126,B011,1308.9,inf
R010126,B012,1308.9,inf
R010126,B013,1308.9,inf
R010126,B014,1308.9,inf
R010126,B015,1308.9,inf
R010126,B021,1947.5,inf
R010126,B022,1947.5,inf
R010141,B001,1993.1,3600.0
R010141,B003,1993.1,3600.0
R010141,B004,1993.1,inf
R010141,B021,1314.9,inf
R010141,B022,1314.9,inf
R010608,B001,948.9,3600.0
R010608,B002,948.9,inf
R010608,B023,1551.5,inf
R010610,B001,948.9,3600.0
R010610,B002,948.9,inf
R010610,B021,1551.5,inf
R010614,B001,978.9,3600.0
R010614,B002,978.9,inf
R010614,B021,1617.5,inf
R010614,B022,1617.5,inf
R010618,B001,948.9,3600.0
R010618,B002,948.9,inf
R010618,B017,1551.5,3600.0
R010630,B001,978.9,3600.0
R010630,B002,978.9,inf
R010630,B017,1617.5,3600.0
R010630,B018,1617.5,inf
R010642,B001,1008.9,3600.0
R010642,B002,1008.9,inf
R010642,B017,1683.5,3600.0
R010642,B018,1683.5,inf
R010642,B019,1683.5,inf
R010653,B001,1038.9,3600.0
R010653,B002,1038.9,inf
R010653,B017,1749.5,3600.0
R010653,B018,1749.5,inf
R010653,B019,1749.5,inf
R010653,B020,1749.5,inf
R010654,B001,2059.1,3600.0
R010654,B002,2059.1,inf
R010654,B017,1416.9,3600.0
R010654,B018,1416.9,inf
R010654,B019,1416.9,inf
R010654,B020,1416.9,inf
R010657,B001,948.9,3600.0
R010657,B002,948.9,inf
R010657,B016,1551.5,3600.0
R010835,B001,1170.9,3600.0
R010835,B002,1170.9,inf
R010835,B014,1170.9,inf
R010835,B015,1170.9,inf
R010835,B017,1881.5,3600.0
R010835,B018,1881.5,inf
R010835,B019,1881.5,inf
R010835,B020,1881.5,inf
R011000,B001,1170.9,3600.0
R011000,B002,1170.9,inf
R011000,B011,1170.9,inf
R011000,B014,1170.9,inf
R011000,B017,1881.5,3600.0
R011000,B018,1881.5,inf
R011000,B019,1881.5,inf
R011000,B020,1881.5,inf
R011127,B001,2059.1,3600.0
R011127,B002,2059.1,inf
R011127,B011,2059.1,inf
R011127,B012,2059.1,inf
R011127,B017,1344.9,3600.0
R011127,B018,1344.9,inf
R011142,B001,1170.9,3600.0
R011142,B002,1170.9,inf
R011142,B011,1170.9,inf
R011142,B012,1170.9,inf
R011142,B017,1881.5,3600.0
R011142,B018,1881.5,inf
R011142,B019,1881.5,inf
R011142,B020,1881.5,inf
R011202,B001,2125.1,3600.0
R011202,B002,2125.1,inf
R011202,B011,2125.1,inf
R011202,B012,2125.1,inf
R011202,B014,2125.1,inf
R011202,B017,1374.9,3600.0
R011202,B018,1374.9,inf
R011265,B001,2191.1,3600.0
R011265,B002,2191.1,inf
R011265,B011,2191.1,inf
R011265,B012,2191.1,inf
R011265,B014,2191.1,inf
R011265,B015,2191.1,inf
R011265,B017,1404.9,3600.0
R011265,B018,1404.9,inf
R011268,B001,1272.9,3600.0
R011268,B002,1272.9,inf
R011268,B011,1272.9,inf
R011268,B012,1272.9,inf
R011268,B014,1272.9,inf
R011268,B015,1272.9,inf
R011268,B017,1947.5,3600.0
R011268,B018,1947.5,inf
R011268,B019,1947.5,inf
R011288,B001,1302.9,3600.0
R011288,B002,1302.9,inf
R011288,B011,1302.9,inf
R011288,B012,1302.9,inf
R011288,B014,1302.9,inf
R011288,B015,1302.9,inf
R011288,B016,2013.5,3600.0
R011288,B017,2013.5,3600.0
R011288,B018,2013.5,inf
R011288,B019,2013.5,inf
R011311,B001,2125.1,3600.0
R011311,B002,2125.1,inf
R011311,B011,2125.1,inf
R011311,B012,2125.1,inf
R011311,B013,2125.1,inf
R011311,B017,1374.9,3600.0
R011311,B018,1374.9,inf
R011317,B001,1206.9,3600.0
R011317,B002,1206.9,inf
R011317,B011,1206.9,inf
R011317,B012,1206.9,inf
R011317,B013,1206.9,inf
R011317,B017,1881.5,3600.0
R011317,B018,1881.5,inf
R011317,B019,1881.5,inf
R011371,B001,1272.9,3600.0
R011371,B002,1272.9,inf
R011371,B011,1272.9,inf
R011371,B012,1272.9,inf
R011371,B013,1272.9,inf
R011371,B014,1272.9,inf
R011371,B017,1947.5,3600.0
R011371,B018,1947.5,inf
R011371,B019,1947.5,inf
R011401,B001,1308.9,3600.0
R011401,B002,1308.9,inf
R011401,B011,1308.9,inf
R011401,B012,1308.9,inf
R011401,B013,1308.9,inf
R011401,B014,1308.9,inf
R011401,B015,1308.9,inf
R011401,B021,1947.5,inf
R011401,B022,1947.5,inf
R011402,B001,2257.1,3600.0
R011402,B002,2257.1,inf
R011402,B011,2257.1,inf
R011402,B012,2257.1,inf
R011402,B013,2257.1,inf
R011402,B014,2257.1,inf
R011402,B015,2257.1,inf
R011402,B021,1434.9,inf
R011402,B022,1434.9,inf
R011404,B001,2191.1,3600.0
R011404,B002,2191.1,inf
R011404,B011,2191.1,inf
R011404,B012,2191.1,inf
R011404,B013,2191.1,inf
R011404,B014,2191.1,inf
R011404,B015,2191.1,inf
R011404,B017,1368.9,3600.0
R011407,B001,1308.9,3600.0
R011407,B002,1308.9,inf
R011407,B011,1308.9,inf
R011407,B012,1308.9,inf
R011407,B013,1308.9,inf
R011407,B014,1308.9,inf
R011407,B015,1308.9,inf
R011407,B017,1947.5,3600.0
R011407,B018,1947.5,inf
R011419,B001,1338.9,3600.0
R011419,B002,1338.9,inf
R011419,B011,1338.9,inf
R011419,B012,1338.9,inf
R011419,B013,1338.9,inf
R011419,B014,1338.9,inf
R011419,B015,1338.9,inf
R011419,B016,2013.5,3600.0
R011419,B017,2013.5,3600.0
R011419,B018,2013.5,inf
R011574,B001,2125.1,3600.0
R011574,B002,2125.1,inf
R011574,B003,2125.1,3600.0
R011574,B014,2125.1,inf
R011574,B015,2125.1,inf
R011574,B021,1374.9,inf
R011574,B022,1374.9,inf
R011594,B001,1206.9,3600.0
R011594,B002,1206.9,inf
R011594,B003,1206.9,3600.0
R011594,B014,1206.9,inf
R011594,B015,1206.9,inf
R011594,B017,1881.5,3600.0
R011594,B018,1881.5,inf
R011594,B019,1881.5,inf
R011631,B001,2059.1,3600.0
R011631,B002,2059.1,inf
R011631,B003,2059.1,3600.0
R011631,B011,2059.1,inf
R011631,B021,1344.9,inf
R011631,B022,1344.9,inf
R011717,B001,1206.9,3600.0
R011717,B002,1206.9,inf
R011717,B003,1206.9,3600.0
R011717,B011,1206.9,inf
R011717,B014,1206.9,inf
R011717,B017,1881.5,3600.0
R011717,B018,1881.5,inf
R011717,B019,1881.5,inf
R011762,B001,1242.9,3600.0
R011762,B002,1242.9,inf
R011762,B003,1242.9,3600.0
R011762,B011,1242.9,inf
R011762,B014,1242.9,inf
R011762,B015,1242.9,inf
R011762,B017,1881.5,3600.0
R011762,B018,1881.5,inf
R011807,B001,1206.9,3600.0
R011807,B002,1206.9,inf
R011807,B003,1206.9,3600.0
R011807,B011,1206.9,inf
R011807,B012,1206.9,inf
R011807,B017,1881.5,3600.0
R011807,B018,1881.5,inf
R011807,B019,1881.5,inf
R011874,B001,1308.9,3600.0
R011874,B002,1308.9,inf
R011874,B003,1308.9,3600.0
R011874,B011,1308.9,inf
R011874,B012,1308.9,inf
R011874,B014,1308.9,inf
R011874,B015,1308.9,inf
R011874,B021,1947.5,inf
R011874,B022,1947.5,inf
R011878,B001,1308.9,3600.0
R011878,B002,1308.9,inf
R011878,B003,1308.9,3600.0
R011878,B011,1308.9,inf
R011878,B012,1308.9,inf
R011878,B014,1308.9,inf
R011878,B015,1308.9,inf
R011878,B017,1947.5,3600.0
R011878,B018,1947.5,inf
R011888,B001,1338.9,3600.0
R011888,B002,1338.9,inf
R011888,B003,1338.9,3600.0
R011888,B011,1338.9,inf
R011888,B012,1338.9,inf
R011888,B014,1338.9,inf
R011888,B015,1338.9,inf
R011888,B016,2013.5,3600.0
R011888,B017,2013.5,3600.0
R011888,B018,2013.5,inf
R011929,B001,1308.9,3600.0
R011929,B002,1308.9,inf
R011929,B003,1308.9,3600.0
R011929,B011,1308.9,inf
R011929,B012,1308.9,inf
R011929,B013,1308.9,inf
R011929,B014,1308.9,inf
R011929,B021,1947.5,inf
R011929,B022,1947.5,inf
R011933,B001,1308.9,3600.0
R011933,B002,1308.9,inf
R011933,B003,1308.9,3600.0
R011933,B011,1308.9,inf
R011933,B012,1308.9,inf
R011933,B013,1308.9,inf
R011933,B014,1308.9,inf
R011933,B017,1947.5,3600.0
R011933,B018,1947.5,inf
R011945,B001,1344.9,3600.0
R011945,B002,1344.9,inf
R011945,B003,1344.9,3600.0
R011945,B011,1344.9,inf
R011945,B012,1344.9,inf
R011945,B013,1344.9,inf
R011945,B014,1344.9,inf
R011945,B015,1344.9,inf
R011945,B017,1947.5,3600.0
R012144,B001,1308.9,3600.0
R012144,B002,1308.9,inf
R012144,B003,1308.9,3600.0
R012144,B004,1308.9,inf
R012144,B011,1308.9,inf
R012144,B014,1308.9,inf
R012144,B015,1308.9,inf
R012144,B021,1947.5,inf
R012144,B022,1947.5,inf
R012195,B001,1344.9,3600.0
R012195,B002,1344.9,inf
R012195,B003,1344.9,3600.0
R012195,B004,1344.9,inf
R012195,B011,1344.9,inf
R012195,B012,1344.9,inf
R012195,B014,1344.9,inf
R012195,B015,1344.9,inf
R012195,B017,1947.5,3600.0
R012198,B001,1374.9,3600.0
R012198,B002,1374.9,inf
R012198,B003,1374.9,3600.0
R012198,B004,1374.9,inf
R012198,B011,1374.9,inf
R012198,B012,1374.9,inf
R012198,B014,1374.9,inf
R012198,B015,1374.9,inf
R012198,B016,2013.5,3600.0
R012198,B017,2013.5,3600.0
R012202,B001,1308.9,3600.0
R012202,B002,1308.9,inf
R012202,B003,1308.9,3600.0
R012202,B004,1308.9,inf
R012202,B011,1308.9,inf
R012202,B012,1308.9,inf
R012202,B013,1308.9,inf
R012202,B021,1947.5,inf
R012202,B022,1947.5,inf
R012214,B001,1344.9,3600.0
R012214,B002,1344.9,inf
R012214,B003,1344.9,3600.0
R012214,B004,1344.9,inf
R012214,B011,1344.9,inf
R012214,B012,1344.9,inf
R012214,B013,1344.9,inf
R012214,B014,1344.9,inf
R012214,B017,1947.5,3600.0
R012218,B001,1410.9,3600.0
R012218,B002,1410.9,inf
R012218,B003,1410.9,3600.0
R012218,B004,1410.9,inf
R012218,B011,1410.9,inf
R012218,B012,1410.9,inf
R012218,B013,1410.9,inf
R012218,B014,1410.9,inf
R012218,B015,1410.9,inf
R012218,B016,2013.5,3600.0
R012352,B014,2410.1,inf
R012352,B029,1411.4,inf
R012352,B030,1411.4,inf
R012353,B014,942.9,inf
R012353,B029,1998.2,inf
R012353,B030,1998.2,inf
R012353,B031,1998.2,inf
R012354,B014,2476.1,inf
R012354,B029,1477.4,inf
R012354,B030,1477.4,inf
R012354,B031,1477.4,inf
R012356,B014,2344.1,inf
R012356,B025,1345.4,7200.0
R012363,B014,942.9,inf
R012363,B025,1998.2,7200.0
R012363,B029,1998.2,inf
R012363,B030,1998.2,inf
R012364,B014,2476.1,inf
R012364,B025,1477.4,7200.0
R012364,B029,1477.4,inf
R012364,B030,1477.4,inf
R012376,B014,942.9,inf
R012376,B024,1998.2,7200.0
R012376,B029,1998.2,inf
R012376,B030,1998.2,inf
R012377,B014,2476.1,inf
R012377,B024,1477.4,7200.0
R012377,B029,1477.4,inf
R012377,B030,1477.4,inf
R012442,B011,2344.1,inf
R012442,B025,1345.4,7200.0
R012452,B011,2410.1,inf
R012452,B025,1411.4,7200.0
R012452,B026,1411.4,inf
R012454,B011,2344.1,inf
R012454,B024,1345.4,7200.0
R012646,B011,1176.9,inf
R012646,B012,1176.9,inf
R012646,B013,1176.9,inf
R012646,B014,1176.9,inf
R012646,B015,1176.9,inf
R012646,B029,2196.2,inf
R012646,B030,2196.2,inf
R012846,B003,948.9,3600.0
R012846,B004,948.9,inf
R012846,B025,1932.2,7200.0
R012849,B003,948.9,3600.0
R012849,B004,948.9,inf
R012849,B024,1932.2,7200.0
R013067,B001,1044.9,3600.0
R013067,B014,1044.9,inf
R013067,B015,1044.9,inf
R013067,B025,2064.2,7200.0
R013067,B026,2064.2,inf
R013140,B001,1044.9,3600.0
R013140,B011,1044.9,inf
R013140,B014,1044.9,inf
R013140,B025,2064.2,7200.0
R013140,B026,2064.2,inf
R013191,B001,1044.9,3600.0
R013191,B011,1044.9,inf
R013191,B012,1044.9,inf
R013191,B025,2064.2,7200.0
R013191,B026,2064.2,inf
R013270,B001,1242.9,3600.0
R013270,B011,1242.9,inf
R013270,B012,1242.9,inf
R013270,B013,1242.9,inf
R013270,B014,1242.9,inf
R013270,B015,1242.9,inf
R013270,B029,2262.2,inf
R013270,B030,2262.2,inf
R013413,B001,1212.9,3600.0
R013413,B003,1212.9,3600.0
R013413,B011,1212.9,inf
R013413,B012,1212.9,inf
R013413,B014,1212.9,inf
R013413,B015,1212.9,inf
R013413,B025,2196.2,7200.0
R013432,B001,1278.9,3600.0
R013432,B003,1278.9,3600.0
R013432,B011,1278.9,inf
R013432,B012,1278.9,inf
R013432,B013,1278.9,inf
R013432,B014,1278.9,inf
R013432,B015,1278.9,inf
R013432,B031,2262.2,inf
R013433,B001,1278.9,3600.0
R013433,B003,1278.9,3600.0
R013433,B011,1278.9,inf
R013433,B012,1278.9,inf
R013433,B013,1278.9,inf
R013433,B014,1278.9,inf
R013433,B015,1278.9,inf
R013433,B029,2262.2,inf
R013549,B001,948.9,3600.0
R013549,B002,948.9,inf
R013549,B024,1932.2,7200.0
R013591,B001,1044.9,3600.0
R013591,B002,1044.9,inf
R013591,B014,1044.9,inf
R013591,B025,2064.2,7200.0
R013591,B026,2064.2,inf
R013626,B001,1110.9,3600.0
R013626,B002,1110.9,inf
R013626,B014,1110.9,inf
R013626,B015,1110.9,inf
R013626,B025,2130.2,7200.0
R013626,B026,2130.2,inf
R013659,B001,1044.9,3600.0
R013659,B002,1044.9,inf
R013659,B011,1044.9,inf
R013659,B025,2064.2,7200.0
R013659,B026,2064.2,inf
R013760,B001,1242.9,3600.0
R013760,B002,1242.9,inf
R013760,B011,1242.9,inf
R013760,B012,1242.9,inf
R013760,B014,1242.9,inf
R013760,B015,1242.9,inf
R013760,B029,2262.2,inf
R013760,B030,2262.2,inf
R013761,B001,1212.9,3600.0
R013761,B002,1212.9,inf
R013761,B011,1212.9,inf
R013761,B012,1212.9,inf
R013761,B014,1212.9,inf
R013761,B015,1212.9,inf
R013761,B025,2196.2,7200.0
R013767,B001,1272.9,3600.0
R013767,B002,1272.9,inf
R013767,B011,1272.9,inf
R013767,B012,1272.9,inf
R013767,B014,1272.9,inf
R013767,B015,1272.9,inf
R013767,B024,2328.2,7200.0
R013767,B029,2328.2,inf
R013767,B030,2328.2,inf
R013787,B001,1242.9,3600.0
R013787,B002,1242.9,inf
R013787,B011,1242.9,inf
R013787,B012,1242.9,inf
R013787,B013,1242.9,inf
R013787,B014,1242.9,inf
R013787,B029,2262.2,inf
R013787,B030,2262.2,inf
R013788,B001,1212.9,3600.0
R013788,B002,1212.9,inf
R013788,B011,1212.9,inf
R013788,B012,1212.9,inf
R013788,B013,1212.9,inf
R013788,B014,1212.9,inf
R013788,B025,2196.2,7200.0
R013794,B001,1272.9,3600.0
R013794,B002,1272.9,inf
R013794,B011,1272.9,inf
R013794,B012,1272.9,inf
R013794,B013,1272.9,inf
R013794,B014,1272.9,inf
R013794,B024,2328.2,7200.0
R013794,B029,2328.2,inf
R013794,B030,2328.2,inf
R013796,B001,1278.9,3600.0
R013796,B002,1278.9,inf
R013796,B011,1278.9,inf
R013796,B012,1278.9,inf
R013796,B013,1278.9,inf
R013796,B014,1278.9,inf
R013796,B015,1278.9,inf
R013796,B031,2262.2,inf
R013797,B001,1278.9,3600.0
R013797,B002,1278.9,inf
R013797,B011,1278.9,inf
R013797,B012,1278.9,inf
R013797,B013,1278.9,inf
R013797,B014,1278.9,inf
R013797,B015,1278.9,inf
R013797,B029,2262.2,inf
R013798,B001,1308.9,3600.0
R013798,B002,1308.9,inf
R013798,B011,1308.9,inf
R013798,B012,1308.9,inf
R013798,B013,1308.9,inf
R013798,B014,1308.9,inf
R013798,B015,1308.9,inf
R013798,B029,2328.2,inf
R013798,B031,2328.2,inf
R013799,B001,1308.9,3600.0
R013799,B002,1308.9,inf
R013799,B011,1308.9,inf
R013799,B012,1308.9,inf
R013799,B013,1308.9,inf
R013799,B014,1308.9,inf
R013799,B015,1308.9,inf
R013799,B029,2328.2,inf
R013799,B030,2328.2,inf
R013800,B001,1278.9,3600.0
R013800,B002,1278.9,inf
R013800,B011,1278.9,inf
R013800,B012,1278.9,inf
R013800,B013,1278.9,inf
R013800,B014,1278.9,inf
R013800,B015,1278.9,inf
R013800,B025,2262.2,7200.0
R013803,B001,1308.9,3600.0
R013803,B002,1308.9,inf
R013803,B011,1308.9,inf
R013803,B012,1308.9,inf
R013803,B013,1308.9,inf
R013803,B014,1308.9,inf
R013803,B015,1308.9,inf
R013803,B024,2328.2,7200.0
R013803,B029,2328.2,inf
R013890,B001,1242.9,3600.0
R013890,B002,1242.9,inf
R013890,B003,1242.9,3600.0
R013890,B011,1242.9,inf
R013890,B014,1242.9,inf
R013890,B015,1242.9,inf
R013890,B029,2262.2,inf
R013890,B030,2262.2,inf
R013891,B001,1212.9,3600.0
R013891,B002,1212.9,inf
R013891,B003,1212.9,3600.0
R013891,B011,1212.9,inf
R013891,B014,1212.9,inf
R013891,B015,1212.9,inf
R013891,B025,2196.2,7200.0
R013912,B001,1242.9,3600.0
R013912,B002,1242.9,inf
R013912,B003,1242.9,3600.0
R013912,B011,1242.9,inf
R013912,B012,1242.9,inf
R013912,B014,1242.9,inf
R013912,B029,2262.2,inf
R013912,B030,2262.2,inf
R013913,B001,1212.9,3600.0
R013913,B002,1212.9,inf
R013913,B003,1212.9,3600.0
R013913,B011,1212.9,inf
R013913,B012,1212.9,inf
R013913,B014,1212.9,inf
R013913,B025,2196.2,7200.0
R013917,B001,1278.9,3600.0
R013917,B002,1278.9,inf
R013917,B003,1278.9,3600.0
R013917,B011,1278.9,inf
R013917,B012,1278.9,inf
R013917,B014,1278.9,inf
R013917,B015,1278.9,inf
R013917,B031,2262.2,inf
R013918,B001,1278.9,3600.0
R013918,B002,1278.9,inf
R013918,B003,1278.9,3600.0
R013918,B011,1278.9,inf
R013918,B012,1278.9,inf
R013918,B014,1278.9,inf
R013918,B015,1278.9,inf
R013918,B029,2262.2,inf
R013921,B001,1308.9,3600.0
R013921,B002,1308.9,inf
R013921,B003,1308.9,3600.0
R013921,B011,1308.9,inf
R013921,B012,1308.9,inf
R013921,B014,1308.9,inf
R013921,B015,1308.9,inf
R013921,B024,2328.2,7200.0
R013921,B029,2328.2,inf
R013925,B001,1212.9,3600.0
R013925,B002,1212.9,inf
R013925,B003,1212.9,3600.0
R013925,B011,1212.9,inf
R013925,B012,1212.9,inf
R013925,B013,1212.9,inf
R013925,B025,2196.2,7200.0
R013929,B001,1278.9,3600.0
R013929,B002,1278.9,inf
R013929,B003,1278.9,3600.0
R013929,B011,1278.9,inf
R013929,B012,1278.9,inf
R013929,B013,1278.9,inf
R013929,B014,1278.9,inf
R013929,B031,2262.2,inf
R013930,B001,1278.9,3600.0
R013930,B002,1278.9,inf
R013930,B003,1278.9,3600.0
R013930,B011,1278.9,inf
R013930,B012,1278.9,inf
R013930,B013,1278.9,inf
R013930,B014,1278.9,inf
R013930,B029,2262.2,inf
R013931,B001,1278.9,3600.0
R013931,B002,1278.9,inf
R013931,B003,1278.9,3600.0
R013931,B011,1278.9,inf
R013931,B012,1278.9,inf
R013931,B013,1278.9,inf
R013931,B014,1278.9,inf
R013931,B024,2262.2,7200.0
R013934,B001,1344.9,3600.0
R013934,B002,1344.9,inf
R013934,B003,1344.9,3600.0
R013934,B011,1344.9,inf
R013934,B012,1344.9,inf
R013934,B013,1344.9,inf
R013934,B014,1344.9,inf
R013934,B015,1344.9,inf
R013934,B031,2328.2,inf
R013935,B001,1344.9,3600.0
R013935,B002,1344.9,inf
R013935,B003,1344.9,3600.0
R013935,B011,1344.9,inf
R013935,B012,1344.9,inf
R013935,B013,1344.9,inf
R013935,B014,1344.9,inf
R013935,B015,1344.9,inf
R013935,B024,2328.2,7200.0
R013961,B001,1212.9,3600.0
R013961,B002,1212.9,inf
R013961,B003,1212.9,3600.0
R013961,B004,1212.9,inf
R013961,B014,1212.9,inf
R013961,B015,1212.9,inf
R013961,B025,2196.2,7200.0
R013978,B001,1278.9,3600.0
R013978,B002,1278.9,inf
R013978,B003,1278.9,3600.0
R013978,B004,1278.9,inf
R013978,B011,1278.9,inf
R013978,B014,1278.9,inf
R013978,B015,1278.9,inf
R013978,B031,2262.2,inf
R013979,B001,1278.9,3600.0
R013979,B002,1278.9,inf
R013979,B003,1278.9,3600.0
R013979,B004,1278.9,inf
R013979,B011,1278.9,inf
R013979,B014,1278.9,inf
R013979,B015,1278.9,inf
R013979,B029,2262.2,inf
R013980,B001,1278.9,3600.0
R013980,B002,1278.9,inf
R013980,B003,1278.9,3600.0
R013980,B004,1278.9,inf
R013980,B011,1278.9,inf
R013980,B014,1278.9,inf
R013980,B015,1278.9,inf
R013980,B024,2262.2,7200.0
R013987,B001,1278.9,3600.0
R013987,B002,1278.9,inf
R013987,B003,1278.9,3600.0
R013987,B004,1278.9,inf
R013987,B011,1278.9,inf
R013987,B012,1278.9,inf
R013987,B014,1278.9,inf
R013987,B031,2262.2,inf
R013988,B001,1278.9,3600.0
R013988,B002,1278.9,inf
R013988,B003,1278.9,3600.0
R013988,B004,1278.9,inf
R013988,B011,1278.9,inf
R013988,B012,1278.9,inf
R013988,B014,1278.9,inf
R013988,B024,2262.2,7200.0
R013989,B001,1344.9,3600.0
R013989,B002,1344.9,inf
R013989,B003,1344.9,3600.0
R013989,B004,1344.9,inf
R013989,B011,1344.9,inf
R013989,B012,1344.9,inf
R013989,B014,1344.9,inf
R013989,B015,1344.9,inf
R013989,B024,2328.2,7200.0
R013990,B001,1278.9,3600.0
R013990,B002,1278.9,inf
R013990,B003,1278.9,3600.0
R013990,B004,1278.9,inf
R013990,B011,1278.9,inf
R013990,B012,1278.9,inf
R013990,B013,1278.9,inf
R013990,B031,2262.2,inf
R013991,B001,1278.9,3600.0
R013991,B002,1278.9,inf
R013991,B003,1278.9,3600.0
R013991,B004,1278.9,inf
R013991,B011,1278.9,inf
R013991,B012,1278.9,inf
R013991,B013,1278.9,inf
R013991,B024,2262.2,7200.0
R014001,B001,1278.9,3600.0
R014001,B002,1278.9,inf
R014001,B003,1278.9,3600.0
R014001,B004,1278.9,inf
R014001,B005,1278.9,inf
R014001,B014,1278.9,inf
R014001,B015,1278.9,inf
R014001,B024,2262.2,7200.0
R014004,B001,1278.9,3600.0
R014004,B002,1278.9,inf
R014004,B003,1278.9,3600.0
R014004,B004,1278.9,inf
R014004,B005,1278.9,inf
R014004,B011,1278.9,inf
R014004,B014,1278.9,inf
R014004,B024,2262.2,7200.0
R014006,B014,882.9,inf
R014006,B037,1608.9,inf
R014007,B014,2016.0,inf
R014007,B037,1285.6,inf
R014009,B014,2016.0,inf
R014009,B036,1285.6,inf
R014010,B014,912.9,inf
R014010,B036,1674.9,inf
R014010,B037,1674.9,inf
R014011,B014,2082.0,inf
R014011,B036,1351.6,inf
R014011,B037,1351.6,inf
R014013,B014,2016.0,inf
R014013,B033,1285.6,7200.0
R014014,B014,912.9,inf
R014014,B033,1674.9,7200.0
R014014,B037,1674.9,inf
R014021,B014,2082.0,inf
R014021,B033,1351.6,7200.0
R014021,B034,1351.6,inf
R014027,B014,2214.0,inf
R014027,B033,1483.6,7200.0
R014027,B034,1483.6,inf
R014027,B036,1483.6,inf
R014027,B037,1483.6,inf
R014036,B014,2016.0,inf
R014036,B032,1285.6,7200.0
R014059,B014,972.9,inf
R014059,B032,1806.9,7200.0
R014059,B033,1806.9,7200.0
R014059,B034,1806.9,inf
R014059,B035,1806.9,inf
R014060,B014,2214.0,inf
R014060,B032,1483.6,7200.0
R014060,B033,1483.6,7200.0
R014060,B034,1483.6,inf
R014060,B035,1483.6,inf
R014061,B014,1002.9,inf
R014061,B032,1872.9,7200.0
R014061,B033,1872.9,7200.0
R014061,B034,1872.9,inf
R014061,B035,1872.9,inf
R014061,B037,1872.9,inf
R014062,B014,2280.0,inf
R014062,B032,1549.6,7200.0
R014062,B033,1549.6,7200.0
R014062,B034,1549.6,inf
R014062,B035,1549.6,inf
R014062,B037,1549.6,inf
R014063,B014,1002.9,inf
R014063,B032,1872.9,7200.0
R014063,B033,1872.9,7200.0
R014063,B034,1872.9,inf
R014063,B035,1872.9,inf
R014063,B036,1872.9,inf
R014064,B014,2280.0,inf
R014064,B032,1549.6,7200.0
R014064,B033,1549.6,7200.0
R014064,B034,1549.6,inf
R014064,B035,1549.6,inf
R014064,B036,1549.6,inf
R014068,B014,2082.0,inf
R014068,B015,2082.0,inf
R014068,B036,1315.6,inf
R014072,B014,2082.0,inf
R014072,B015,2082.0,inf
R014072,B033,1315.6,7200.0
R014080,B014,2148.0,inf
R014080,B015,2148.0,inf
R014080,B033,1381.6,7200.0
R014080,B034,1381.6,inf
R014087,B014,1008.9,inf
R014087,B015,1008.9,inf
R014087,B033,1806.9,7200.0
R014087,B034,1806.9,inf
R014087,B035,1806.9,inf
R014088,B014,2214.0,inf
R014088,B015,2214.0,inf
R014088,B033,1447.6,7200.0
R014088,B034,1447.6,inf
R014088,B035,1447.6,inf
R014093,B014,2082.0,inf
R014093,B015,2082.0,inf
R014093,B032,1315.6,7200.0
R014127,B011,2016.0,inf
R014127,B033,1285.6,7200.0
R014135,B011,2082.0,inf
R014135,B033,1351.6,7200.0
R014135,B034,1351.6,inf
R014143,B011,2148.0,inf
R014143,B033,1417.6,7200.0
R014143,B034,1417.6,inf
R014143,B035,1417.6,inf
R014193,B011,2148.0,inf
R014193,B014,2148.0,inf
R014193,B033,1381.6,7200.0
R014193,B034,1381.6,inf
R014201,B011,2214.0,inf
R014201,B014,2214.0,inf
R014201,B033,1447.6,7200.0
R014201,B034,1447.6,inf
R014201,B035,1447.6,inf
R014302,B011,2214.0,inf
R014302,B012,2214.0,inf
R014302,B033,1447.6,7200.0
R014302,B034,1447.6,inf
R014302,B035,1447.6,inf
R014521,B003,882.9,3600.0
R014521,B037,1608.9,inf
R014523,B003,882.9,3600.0
R014523,B036,1608.9,inf
R014527,B003,882.9,3600.0
R014527,B033,1608.9,7200.0
R014544,B003,2148.0,3600.0
R014544,B033,1417.6,7200.0
R014544,B034,1417.6,inf
R014544,B035,1417.6,inf
R014623,B003,2148.0,3600.0
R014623,B014,2148.0,inf
R014623,B015,2148.0,inf
R014623,B037,1345.6,inf
R014688,B003,2082.0,3600.0
R014688,B011,2082.0,inf
R014688,B032,1315.6,7200.0
R015016,B003,2214.0,3600.0
R015016,B004,2214.0,inf
R015016,B014,2214.0,inf
R015016,B015,2214.0,inf
R015016,B032,1375.6,7200.0
R015031,B003,2148.0,3600.0
R015031,B004,2148.0,inf
R015031,B011,2148.0,inf
R015031,B036,1345.6,inf
R015061,B003,2214.0,3600.0
R015061,B004,2214.0,inf
R015061,B011,2214.0,inf
R015061,B014,2214.0,inf
R015061,B036,1375.6,inf
R015338,B001,882.9,3600.0
R015338,B037,1608.9,inf
R015340,B001,882.9,3600.0
R015340,B036,1608.9,inf
R015344,B001,882.9,3600.0
R015344,B033,1608.9,7200.0
R015352,B001,912.9,3600.0
R015352,B033,1674.9,7200.0
R015352,B034,1674.9,inf
R015353,B001,2082.0,3600.0
R015353,B033,1351.6,7200.0
R015353,B034,1351.6,inf
R015360,B001,942.9,3600.0
R015360,B033,1740.9,7200.0
R015360,B034,1740.9,inf
R015360,B035,1740.9,inf
R015361,B001,2148.0,3600.0
R015361,B033,1417.6,7200.0
R015361,B034,1417.6,inf
R015361,B035,1417.6,inf
R015368,B001,882.9,3600.0
R015368,B032,1608.9,7200.0
R015421,B001,2214.0,3600.0
R015421,B014,2214.0,inf
R015421,B033,1447.6,7200.0
R015421,B034,1447.6,inf
R015421,B035,1447.6,inf
R015457,B001,2148.0,3600.0
R015457,B014,2148.0,inf
R015457,B015,2148.0,inf
R015457,B037,1345.6,inf
R015509,B001,2082.0,3600.0
R015509,B011,2082.0,inf
R015509,B037,1315.6,inf
R015765,B001,1206.9,3600.0
R015765,B011,1206.9,inf
R015765,B012,1206.9,inf
R015765,B014,1206.9,inf
R015765,B015,1206.9,inf
R015765,B033,2004.9,7200.0
R015765,B034,2004.9,inf
R015765,B035,2004.9,inf
R015831,B001,2280.0,3600.0
R015831,B011,2280.0,inf
R015831,B012,2280.0,inf
R015831,B013,2280.0,inf
R015831,B014,2280.0,inf
R015831,B033,1405.6,7200.0
R015841,B001,1206.9,3600.0
R015841,B011,1206.9,inf
R015841,B012,1206.9,inf
R015841,B013,1206.9,inf
R015841,B014,1206.9,inf
R015841,B033,2004.9,7200.0
R015841,B034,2004.9,inf
R015841,B035,2004.9,inf
R015859,B001,2346.0,3600.0
R015859,B011,2346.0,inf
R015859,B012,2346.0,inf
R015859,B013,2346.0,inf
R015859,B014,2346.0,inf
R015859,B015,2346.0,inf
R015859,B037,1435.6,inf
R015888,B001,2082.0,3600.0
R015888,B003,2082.0,3600.0
R015888,B033,1315.6,7200.0
R015939,B001,2148.0,3600.0
R015939,B003,2148.0,3600.0
R015939,B014,2148.0,inf
R015939,B033,1345.6,7200.0
R015983,B001,2214.0,3600.0
R015983,B003,2214.0,3600.0
R015983,B014,2214.0,inf
R015983,B015,2214.0,inf
R015983,B033,1375.6,7200.0
R016021,B001,2148.0,3600.0
R016021,B003,2148.0,3600.0
R016021,B011,2148.0,inf
R016021,B033,1345.6,7200.0
R016063,B001,2214.0,3600.0
R016063,B003,2214.0,3600.0
R016063,B011,2214.0,inf
R016063,B014,2214.0,inf
R016063,B033,1375.6,7200.0
R016099,B001,2280.0,3600.0
R016099,B003,2280.0,3600.0
R016099,B011,2280.0,inf
R016099,B014,2280.0,inf
R016099,B015,2280.0,inf
R016099,B033,1405.6,7200.0
R016202,B001,2280.0,3600.0
R016202,B003,2280.0,3600.0
R016202,B011,2280.0,inf
R016202,B012,2280.0,inf
R016202,B013,2280.0,inf
R016202,B036,1405.6,inf
R016242,B001,1278.9,3600.0
R016242,B003,1278.9,3600.0
R016242,B011,1278.9,inf
R016242,B012,1278.9,inf
R016242,B013,1278.9,inf
R016242,B014,1278.9,inf
R016242,B015,1278.9,inf
R016242,B033,2004.9,7200.0
R016287,B001,2214.0,3600.0
R016287,B003,2214.0,3600.0
R016287,B004,2214.0,inf
R016287,B014,2214.0,inf
R016287,B036,1375.6,inf
R016453,B001,1344.9,3600.0
R016453,B003,1344.9,3600.0
R016453,B004,1344.9,inf
R016453,B011,1344.9,inf
R016453,B012,1344.9,inf
R016453,B013,1344.9,inf
R016453,B014,1344.9,inf
R016453,B015,1344.9,inf
R016453,B036,2070.9,inf
R016526,B001,1278.9,3600.0
R016526,B003,1278.9,3600.0
R016526,B004,1278.9,inf
R016526,B005,1278.9,inf
R016526,B011,1278.9,inf
R016526,B014,1278.9,inf
R016526,B015,1278.9,inf
R016526,B033,2004.9,7200.0
R016544,B001,1344.9,3600.0
R016544,B003,1344.9,3600.0
R016544,B004,1344.9,inf
R016544,B005,1344.9,inf
R016544,B011,1344.9,inf
R016544,B012,1344.9,inf
R016544,B014,1344.9,inf
R016544,B015,1344.9,inf
R016544,B032,2070.9,7200.0
R016550,B001,1344.9,3600.0
R016550,B003,1344.9,3600.0
R016550,B004,1344.9,inf
R016550,B005,1344.9,inf
R016550,B011,1344.9,inf
R016550,B012,1344.9,inf
R016550,B013,1344.9,inf
R016550,B014,1344.9,inf
R016550,B032,2070.9,7200.0
R016604,B001,1008.9,3600.0
R016604,B002,1008.9,inf
R016604,B033,1806.9,7200.0
R016604,B034,1806.9,inf
R016604,B035,1806.9,inf
R016611,B001,948.9,3600.0
R016611,B002,948.9,inf
R016611,B032,1674.9,7200.0
R016664,B001,2280.0,3600.0
R016664,B002,2280.0,inf
R016664,B014,2280.0,inf
R016664,B033,1477.6,7200.0
R016664,B034,1477.6,inf
R016664,B035,1477.6,inf
R016697,B001,2214.0,3600.0
R016697,B002,2214.0,inf
R016697,B014,2214.0,inf
R016697,B015,2214.0,inf
R016697,B037,1375.6,inf
R016748,B001,2148.0,3600.0
R016748,B002,2148.0,inf
R016748,B011,2148.0,inf
R016748,B036,1345.6,inf
R016768,B001,2280.0,3600.0
R016768,B002,2280.0,inf
R016768,B011,2280.0,inf
R016768,B033,1477.6,7200.0
R016768,B034,1477.6,inf
R016768,B035,1477.6,inf
R016802,B001,2214.0,3600.0
R016802,B002,2214.0,inf
R016802,B011,2214.0,inf
R016802,B014,2214.0,inf
R016802,B036,1375.6,inf
R016865,B001,1206.9,3600.0
R016865,B002,1206.9,inf
R016865,B011,1206.9,inf
R016865,B014,1206.9,inf
R016865,B015,1206.9,inf
R016865,B033,2004.9,7200.0
R016865,B034,2004.9,inf
R016865,B035,2004.9,inf
R016867,B001,2280.0,3600.0
R016867,B002,2280.0,inf
R016867,B011,2280.0,inf
R016867,B014,2280.0,inf
R016867,B015,2280.0,inf
R016867,B032,1405.6,7200.0
R016911,B001,2214.0,3600.0
R016911,B002,2214.0,inf
R016911,B011,2214.0,inf
R016911,B012,2214.0,inf
R016911,B032,1375.6,7200.0
R016951,B001,1206.9,3600.0
R016951,B002,1206.9,inf
R016951,B011,1206.9,inf
R016951,B012,1206.9,inf
R016951,B014,1206.9,inf
R016951,B033,2004.9,7200.0
R016951,B034,2004.9,inf
R016951,B035,2004.9,inf
R016987,B001,1272.9,3600.0
R016987,B002,1272.9,inf
R016987,B011,1272.9,inf
R016987,B012,1272.9,inf
R016987,B014,1272.9,inf
R016987,B015,1272.9,inf
R016987,B033,2070.9,7200.0
R016987,B034,2070.9,inf
R016987,B035,2070.9,inf
R017003,B001,2280.0,3600.0
R017003,B002,2280.0,inf
R017003,B011,2280.0,inf
R017003,B012,2280.0,inf
R017003,B013,2280.0,inf
R017003,B037,1405.6,inf
R017019,B001,1206.9,3600.0
R017019,B002,1206.9,inf
R017019,B011,1206.9,inf
R017019,B012,1206.9,inf
R017019,B013,1206.9,inf
R017019,B033,2004.9,7200.0
R017019,B034,2004.9,inf
R017019,B035,2004.9,inf
R017039,B001,2346.0,3600.0
R017039,B002,2346.0,inf
R017039,B011,2346.0,inf
R017039,B012,2346.0,inf
R017039,B013,2346.0,inf
R017039,B014,2346.0,inf
R017039,B037,1435.6,inf
R017049,B001,1242.9,3600.0
R017049,B002,1242.9,inf
R017049,B011,1242.9,inf
R017049,B012,1242.9,inf
R017049,B013,1242.9,inf
R017049,B014,1242.9,inf
R017049,B033,2004.9,7200.0
R017049,B034,2004.9,inf
R017069,B001,2412.0,3600.0
R017069,B002,2412.0,inf
R017069,B011,2412.0,inf
R017069,B012,2412.0,inf
R017069,B013,2412.0,inf
R017069,B014,2412.0,inf
R017069,B015,2412.0,inf
R017069,B037,1465.6,inf
R017071,B001,2412.0,3600.0
R017071,B002,2412.0,inf
R017071,B011,2412.0,inf
R017071,B012,2412.0,inf
R017071,B013,2412.0,inf
R017071,B014,2412.0,inf
R017071,B015,2412.0,inf
R017071,B036,1465.6,inf
R017073,B001,1278.9,3600.0
R017073,B002,1278.9,inf
R017073,B011,1278.9,inf
R017073,B012,1278.9,inf
R017073,B013,1278.9,inf
R017073,B014,1278.9,inf
R017073,B015,1278.9,inf
R017073,B033,2004.9,7200.0
R017076,B001,1308.9,3600.0
R017076,B002,1308.9,inf
R017076,B011,1308.9,inf
R017076,B012,1308.9,inf
R017076,B013,1308.9,inf
R017076,B014,1308.9,inf
R017076,B015,1308.9,inf
R017076,B033,2070.9,7200.0
R017076,B034,2070.9,inf
R017084,B001,1338.9,3600.0
R017084,B002,1338.9,inf
R017084,B011,1338.9,inf
R017084,B012,1338.9,inf
R017084,B013,1338.9,inf
R017084,B014,1338.9,inf
R017084,B015,1338.9,inf
R017084,B032,2136.9,7200.0
R017084,B033,2136.9,7200.0
R017084,B034,2136.9,inf
R017100,B001,2214.0,3600.0
R017100,B002,2214.0,inf
R017100,B003,2214.0,3600.0
R017100,B033,1411.6,7200.0
R017100,B034,1411.6,inf
R017147,B001,2280.0,3600.0
R017147,B002,2280.0,inf
R017147,B003,2280.0,3600.0
R017147,B014,2280.0,inf
R017147,B033,1441.6,7200.0
R017147,B034,1441.6,inf
R017191,B001,1206.9,3600.0
R017191,B002,1206.9,inf
R017191,B003,1206.9,3600.0
R017191,B014,1206.9,inf
R017191,B015,1206.9,inf
R017191,B033,2004.9,7200.0
R017191,B034,2004.9,inf
R017191,B035,2004.9,inf
R017193,B001,2280.0,3600.0
R017193,B002,2280.0,inf
R017193,B003,2280.0,3600.0
R017193,B014,2280.0,inf
R017193,B015,2280.0,inf
R017193,B032,1405.6,7200.0
R017224,B001,2280.0,3600.0
R017224,B002,2280.0,inf
R017224,B003,2280.0,3600.0
R017224,B011,2280.0,inf
R017224,B033,1441.6,7200.0
R017224,B034,1441.6,inf
R017230,B001,2214.0,3600.0
R017230,B002,2214.0,inf
R017230,B003,2214.0,3600.0
R017230,B011,2214.0,inf
R017230,B032,1375.6,7200.0
R017265,B001,1206.9,3600.0
R017265,B002,1206.9,inf
R017265,B003,1206.9,3600.0
R017265,B011,1206.9,inf
R017265,B014,1206.9,inf
R017265,B033,2004.9,7200.0
R017265,B034,2004.9,inf
R017265,B035,2004.9,inf
R017283,B001,2346.0,3600.0
R017283,B002,2346.0,inf
R017283,B003,2346.0,3600.0
R017283,B011,2346.0,inf
R017283,B014,2346.0,inf
R017283,B015,2346.0,inf
R017283,B037,1435.6,inf
R017291,B001,1242.9,3600.0
R017291,B002,1242.9,inf
R017291,B003,1242.9,3600.0
R017291,B011,1242.9,inf
R017291,B014,1242.9,inf
R017291,B015,1242.9,inf
R017291,B033,2004.9,7200.0
R017291,B034,2004.9,inf
R017345,B001,1242.9,3600.0
R017345,B002,1242.9,inf
R017345,B003,1242.9,3600.0
R017345,B011,1242.9,inf
R017345,B012,1242.9,inf
R017345,B014,1242.9,inf
R017345,B033,2004.9,7200.0
R017345,B034,2004.9,inf
R017365,B001,1308.9,3600.0
R017365,B002,1308.9,inf
R017365,B003,1308.9,3600.0
R017365,B011,1308.9,inf
R017365,B012,1308.9,inf
R017365,B014,1308.9,inf
R017365,B015,1308.9,inf
R017365,B033,2070.9,7200.0
R017365,B034,2070.9,inf
R017371,B001,1338.9,3600.0
R017371,B002,1338.9,inf
R017371,B003,1338.9,3600.0
R017371,B011,1338.9,inf
R017371,B012,1338.9,inf
R017371,B014,1338.9,inf
R017371,B015,1338.9,inf
R017371,B032,2136.9,7200.0
R017371,B033,2136.9,7200.0
R017371,B034,2136.9,inf
R017398,B001,1308.9,3600.0
R017398,B002,1308.9,inf
R017398,B003,1308.9,3600.0
R017398,B011,1308.9,inf
R017398,B012,1308.9,inf
R017398,B013,1308.9,inf
R017398,B014,1308.9,inf
R017398,B033,2070.9,7200.0
R017398,B034,2070.9,inf
R017406,B001,1344.9,3600.0
R017406,B002,1344.9,inf
R017406,B003,1344.9,3600.0
R017406,B011,1344.9,inf
R017406,B012,1344.9,inf
R017406,B013,1344.9,inf
R017406,B014,1344.9,inf
R017406,B015,1344.9,inf
R017406,B037,2070.9,inf
R017407,B001,1344.9,3600.0
R017407,B002,1344.9,inf
R017407,B003,1344.9,3600.0
R017407,B011,1344.9,inf
R017407,B012,1344.9,inf
R017407,B013,1344.9,inf
R017407,B014,1344.9,inf
R017407,B015,1344.9,inf
R017407,B036,2070.9,inf
R017408,B001,1344.9,3600.0
R017408,B002,1344.9,inf
R017408,B003,1344.9,3600.0
R017408,B011,1344.9,inf
R017408,B012,1344.9,inf
R017408,B013,1344.9,inf
R017408,B014,1344.9,inf
R017408,B015,1344.9,inf
R017408,B033,2070.9,7200.0
R017531,B001,1278.9,3600.0
R017531,B002,1278.9,inf
R017531,B003,1278.9,3600.0
R017531,B004,1278.9,inf
R017531,B011,1278.9,inf
R017531,B014,1278.9,inf
R017531,B015,1278.9,inf
R017531,B033,2004.9,7200.0
R017567,B001,1344.9,3600.0
R017567,B002,1344.9,inf
R017567,B003,1344.9,3600.0
R017567,B004,1344.9,inf
R017567,B011,1344.9,inf
R017567,B012,1344.9,inf
R017567,B014,1344.9,inf
R017567,B015,1344.9,inf
R017567,B037,2070.9,inf
R017568,B001,1344.9,3600.0
R017568,B002,1344.9,inf
R017568,B003,1344.9,3600.0
R017568,B004,1344.9,inf
R017568,B011,1344.9,inf
R017568,B012,1344.9,inf
R017568,B014,1344.9,inf
R017568,B015,1344.9,inf
R017568,B036,2070.9,inf
R017569,B001,1344.9,3600.0
R017569,B002,1344.9,inf
R017569,B003,1344.9,3600.0
R017569,B004,1344.9,inf
R017569,B011,1344.9,inf
R017569,B012,1344.9,inf
R017569,B014,1344.9,inf
R017569,B015,1344.9,inf
R017569,B033,2070.9,7200.0
R017584,B001,1344.9,3600.0
R017584,B002,1344.9,inf
R017584,B003,1344.9,3600.0
R017584,B004,1344.9,inf
R017584,B011,1344.9,inf
R017584,B012,1344.9,inf
R017584,B013,1344.9,inf
R017584,B014,1344.9,inf
R017584,B037,2070.9,inf
R017585,B001,1344.9,3600.0
R017585,B002,1344.9,inf
R017585,B003,1344.9,3600.0
R017585,B004,1344.9,inf
R017585,B011,1344.9,inf
R017585,B012,1344.9,inf
R017585,B013,1344.9,inf
R017585,B014,1344.9,inf
R017585,B036,2070.9,inf
R017586,B001,1344.9,3600.0
R017586,B002,1344.9,inf
R017586,B003,1344.9,3600.0
R017586,B004,1344.9,inf
R017586,B011,1344.9,inf
R017586,B012,1344.9,inf
R017586,B013,1344.9,inf
R017586,B014,1344.9,inf
R017586,B033,2070.9,7200.0
R017590,B001,1410.9,3600.0
R017590,B002,1410.9,inf
R017590,B003,1410.9,3600.0
R017590,B004,1410.9,inf
R017590,B011,1410.9,inf
R017590,B012,1410.9,inf
R017590,B013,1410.9,inf
R017590,B014,1410.9,inf
R017590,B015,1410.9,inf
R017590,B032,2136.9,7200.0
R017652,B001,1344.9,3600.0
R017652,B002,1344.9,inf
R017652,B003,1344.9,3600.0
R017652,B004,1344.9,inf
R017652,B005,1344.9,inf
R017652,B011,1344.9,inf
R017652,B014,1344.9,inf
R017652,B015,1344.9,inf
R017652,B037,2070.9,inf
R017653,B001,1344.9,3600.0
R017653,B002,1344.9,inf
R017653,B003,1344.9,3600.0
R017653,B004,1344.9,inf
R017653,B005,1344.9,inf
R017653,B011,1344.9,inf
R017653,B014,1344.9,inf
R017653,B015,1344.9,inf
R017653,B036,2070.9,inf
R017654,B001,1344.9,3600.0
R017654,B002,1344.9,inf
R017654,B003,1344.9,3600.0
R017654,B004,1344.9,inf
R017654,B005,1344.9,inf
R017654,B011,1344.9,inf
R017654,B014,1344.9,inf
R017654,B015,1344.9,inf
R017654,B032,2070.9,7200.0
R017660,B001,1278.9,3600.0
R017660,B002,1278.9,inf
R017660,B003,1278.9,3600.0
R017660,B004,1278.9,inf
R017660,B005,1278.9,inf
R017660,B011,1278.9,inf
R017660,B012,1278.9,inf
R017660,B033,2004.9,7200.0
R017664,B001,1344.9,3600.0
R017664,B002,1344.9,inf
R017664,B003,1344.9,3600.0
R017664,B004,1344.9,inf
R017664,B005,1344.9,inf
R017664,B011,1344.9,inf
R017664,B012,1344.9,inf
R017664,B014,1344.9,inf
R017664,B037,2070.9,inf
R017665,B001,1344.9,3600.0
R017665,B002,1344.9,inf
R017665,B003,1344.9,3600.0
R017665,B004,1344.9,inf
R017665,B005,1344.9,inf
R017665,B011,1344.9,inf
R017665,B012,1344.9,inf
R017665,B014,1344.9,inf
R017665,B036,2070.9,inf
R017666,B001,1344.9,3600.0
R017666,B002,1344.9,inf
R017666,B003,1344.9,3600.0
R017666,B004,1344.9,inf
R017666,B005,1344.9,inf
R017666,B011,1344.9,inf
R017666,B012,1344.9,inf
R017666,B014,1344.9,inf
R017666,B032,2070.9,7200.0
R017668,B001,1410.9,3600.0
R017668,B002,1410.9,inf
R017668,B003,1410.9,3600.0
R017668,B004,1410.9,inf
R017668,B005,1410.9,inf
R017668,B011,1410.9,inf
R017668,B012,1410.9,inf
R017668,B014,1410.9,inf
R017668,B015,1410.9,inf
R017668,B032,2136.9,7200.0
R017669,B001,1344.9,3600.0
R017669,B002,1344.9,inf
R017669,B003,1344.9,3600.0
R017669,B004,1344.9,inf
R017669,B005,1344.9,inf
R017669,B011,1344.9,inf
R017669,B012,1344.9,inf
R017669,B013,1344.9,inf
R017669,B037,2070.9,inf
R017670,B001,1344.9,3600.0
R017670,B002,1344.9,inf
R017670,B003,1344.9,3600.0
R017670,B004,1344.9,inf
R017670,B005,1344.9,inf
R017670,B011,1344.9,inf
R017670,B012,1344.9,inf
R017670,B013,1344.9,inf
R017670,B036,2070.9,inf
R017686,B001,1344.9,3600.0
R017686,B002,1344.9,inf
R017686,B003,1344.9,3600.0
R017686,B004,1344.9,inf
R017686,B005,1344.9,inf
R017686,B006,1344.9,inf
R017686,B014,1344.9,inf
R017686,B015,1344.9,inf
R017686,B037,2070.9,inf
R017687,B001,1344.9,3600.0
R017687,B002,1344.9,inf
R017687,B003,1344.9,3600.0
R017687,B004,1344.9,inf
R017687,B005,1344.9,inf
R017687,B006,1344.9,inf
R017687,B014,1344.9,inf
R017687,B015,1344.9,inf
R017687,B032,2070.9,7200.0
R017692,B001,1344.9,3600.0
R017692,B002,1344.9,inf
R017692,B003,1344.9,3600.0
R017692,B004,1344.9,inf
R017692,B005,1344.9,inf
R017692,B006,1344.9,inf
R017692,B011,1344.9,inf
R017692,B014,1344.9,inf
R017692,B032,2070.9,7200.0
R017696,B014,882.9,inf
R017696,B042,1408.0,inf
R017697,B014,1600.9,inf
R017697,B042,1074.7,inf
R017698,B014,912.9,inf
R017698,B042,1474.0,inf
R017698,B043,1474.0,inf
R017699,B014,1666.9,inf
R017699,B042,1140.7,inf
R017699,B043,1140.7,inf
R017704,B014,912.9,inf
R017704,B039,1474.0,10800.0
R017704,B042,1474.0,inf
R017705,B014,1666.9,inf
R017705,B039,1140.7,10800.0
R017705,B042,1140.7,inf
R017706,B014,942.9,inf
R017706,B039,1540.0,10800.0
R017706,B042,1540.0,inf
R017706,B043,1540.0,inf
R017707,B014,1732.9,inf
R017707,B039,1206.7,10800.0
R017707,B042,1206.7,inf
R017707,B043,1206.7,inf
R017708,B014,912.9,inf
R017708,B039,1474.0,10800.0
R017708,B040,1474.0,inf
R017709,B014,1666.9,inf
R017709,B039,1140.7,10800.0
R017709,B040,1140.7,inf
R017710,B014,942.9,inf
R017710,B039,1540.0,10800.0
R017710,B040,1540.0,inf
R017710,B043,1540.0,inf
R017711,B014,1732.9,inf
R017711,B039,1206.7,10800.0
R017711,B040,1206.7,inf
R017711,B043,1206.7,inf
R017712,B014,942.9,inf
R017712,B039,1540.0,10800.0
R017712,B040,1540.0,inf
R017712,B042,1540.0,inf
R017713,B014,1732.9,inf
R017713,B039,1206.7,10800.0
R017713,B040,1206.7,inf
R017713,B042,1206.7,inf
R017714,B014,972.9,inf
R017714,B039,1606.0,10800.0
R017714,B040,1606.0,inf
R017714,B042,1606.0,inf
R017714,B043,1606.0,inf
R017717,B014,1732.9,inf
R017717,B039,1206.7,10800.0
R017717,B040,1206.7,inf
R017717,B041,1206.7,inf
R017749,B014,1798.9,inf
R017749,B038,1272.7,10800.0
R017749,B039,1272.7,10800.0
R017749,B040,1272.7,inf
R017749,B041,1272.7,inf
R017750,B014,1002.9,inf
R017750,B038,1672.0,10800.0
R017750,B039,1672.0,10800.0
R017750,B040,1672.0,inf
R017750,B041,1672.0,inf
R017750,B043,1672.0,inf
R017751,B014,1864.9,inf
R017751,B038,1338.7,10800.0
R017751,B039,1338.7,10800.0
R017751,B040,1338.7,inf
R017751,B041,1338.7,inf
R017751,B043,1338.7,inf
R017752,B014,1002.9,inf
R017752,B038,1672.0,10800.0
R017752,B039,1672.0,10800.0
R017752,B040,1672.0,inf
R017752,B041,1672.0,inf
R017752,B042,1672.0,inf
R017753,B014,1864.9,inf
R017753,B038,1338.7,10800.0
R017753,B039,1338.7,10800.0
R017753,B040,1338.7,inf
R017753,B041,1338.7,inf
R017753,B042,1338.7,inf
R017754,B014,1032.9,inf
R017754,B038,1738.0,10800.0
R017754,B039,1738.0,10800.0
R017754,B040,1738.0,inf
R017754,B041,1738.0,inf
R017754,B042,1738.0,inf
R017754,B043,1738.0,inf
R017755,B014,1930.9,inf
R017755,B038,1404.7,10800.0
R017755,B039,1404.7,10800.0
R017755,B040,1404.7,inf
R017755,B041,1404.7,inf
R017755,B042,1404.7,inf
R017755,B043,1404.7,inf
R017778,B014,1008.9,inf
R017778,B015,1008.9,inf
R017778,B039,1606.0,10800.0
R017778,B040,1606.0,inf
R017778,B041,1606.0,inf
R019336,B003,1014.9,3600.0
R019336,B004,1014.9,inf
R019336,B005,1014.9,inf
R019336,B043,1540.0,inf
R019338,B003,1014.9,3600.0
R019338,B004,1014.9,inf
R019338,B005,1014.9,inf
R019338,B042,1540.0,inf
R019342,B003,1014.9,3600.0
R019342,B004,1014.9,inf
R019342,B005,1014.9,inf
R019342,B039,1540.0,10800.0
R023112,B001,1278.9,3600.0
R023112,B002,1278.9,inf
R023112,B003,1278.9,3600.0
R023112,B004,1278.9,inf
R023112,B005,1278.9,inf
R023112,B011,1278.9,inf
R023112,B012,1278.9,inf
R023112,B039,1804.0,10800.0
R023113,B001,1996.9,3600.0
R023113,B002,1996.9,inf
R023113,B003,1996.9,3600.0
R023113,B004,1996.9,inf
R023113,B005,1996.9,inf
R023113,B011,1996.9,inf
R023113,B012,1996.9,inf
R023113,B039,1254.7,10800.0
R023141,B001,1212.9,3600.0
R023141,B002,1212.9,inf
R023141,B003,1212.9,3600.0
R023141,B004,1212.9,inf
R023141,B005,1212.9,inf
R023141,B006,1212.9,inf
R023141,B039,1738.0,10800.0
R023142,B001,1930.9,3600.0
R023142,B002,1930.9,inf
R023142,B003,1930.9,3600.0
R023142,B004,1930.9,inf
R023142,B005,1930.9,inf
R023142,B006,1930.9,inf
R023142,B039,1224.7,10800.0
R023151,B001,1242.9,3600.0
R023151,B002,1242.9,inf
R023151,B003,1242.9,3600.0
R023151,B004,1242.9,inf
R023151,B005,1242.9,inf
R023151,B006,1242.9,inf
R023151,B038,1804.0,10800.0
R023151,B039,1804.0,10800.0
R023152,B001,1996.9,3600.0
R023152,B002,1996.9,inf
R023152,B003,1996.9,3600.0
R023152,B004,1996.9,inf
R023152,B005,1996.9,inf
R023152,B006,1996.9,inf
R023152,B038,1290.7,10800.0
R023152,B039,1290.7,10800.0
R023167,B001,1996.9,3600.0
R023167,B002,1996.9,inf
R023167,B003,1996.9,3600.0
R023167,B004,1996.9,inf
R023167,B005,1996.9,inf
R023167,B006,1996.9,inf
R023167,B011,1996.9,inf
R023167,B043,1254.7,inf
R023172,B001,1308.9,3600.0
R023172,B002,1308.9,inf
R023172,B003,1308.9,3600.0
R023172,B004,1308.9,inf
R023172,B005,1308.9,inf
R023172,B006,1308.9,inf
R023172,B011,1308.9,inf
R023172,B038,1870.0,10800.0
R023172,B043,1870.0,inf
R023173,B001,2062.9,3600.0
R023173,B002,2062.9,inf
R023173,B003,2062.9,3600.0
R023173,B004,2062.9,inf
R023173,B005,2062.9,inf
R023173,B006,2062.9,inf
R023173,B011,2062.9,inf
R023173,B038,1320.7,10800.0
R023173,B043,1320.7,inf
R023174,B001,1344.9,3600.0
R023174,B002,1344.9,inf
R023174,B003,1344.9,3600.0
R023174,B004,1344.9,inf
R023174,B005,1344.9,inf
R023174,B006,1344.9,inf
R023174,B011,1344.9,inf
R023174,B014,1344.9,inf
R023174,B038,1870.0,10800.0
R023175,B001,1278.9,3600.0
R023175,B002,1278.9,inf
R023175,B003,1278.9,3600.0
R023175,B004,1278.9,inf
R023175,B005,1278.9,inf
R023175,B006,1278.9,inf
R023175,B007,1278.9,inf
R023175,B038,1804.0,10800.0
R023178,B014,882.9,inf
R023178,B048,1575.5,inf
R023184,B014,912.9,inf
R023184,B045,1641.5,3600.0
R023184,B049,1641.5,inf
R023190,B014,912.9,inf
R023190,B045,1641.5,3600.0
R023190,B046,1641.5,inf
R023191,B014,1680.8,inf
R023191,B045,975.1,3600.0
R023191,B046,975.1,inf
R023192,B014,942.9,inf
R023192,B045,1707.5,3600.0
R023192,B046,1707.5,inf
R023192,B049,1707.5,inf
R023193,B014,1746.8,inf
R023193,B045,1041.1,3600.0
R023193,B046,1041.1,inf
R023193,B049,1041.1,inf
R023194,B014,942.9,inf
R023194,B045,1707.5,3600.0
R023194,B046,1707.5,inf
R023194,B048,1707.5,inf
R023195,B014,1746.8,inf
R023195,B045,1041.1,3600.0
R023195,B046,1041.1,inf
R023195,B048,1041.1,inf
R023196,B014,972.9,inf
R023196,B045,1773.5,3600.0
R023196,B046,1773.5,inf
R023196,B048,1773.5,inf
R023196,B049,1773.5,inf
R023199,B014,1746.8,inf
R023199,B045,1041.1,3600.0
R023199,B046,1041.1,inf
R023199,B047,1041.1,inf
R023203,B014,1812.8,inf
R023203,B045,1107.1,3600.0
R023203,B046,1107.1,inf
R023203,B047,1107.1,inf
R023203,B048,1107.1,inf
R023207,B014,1614.8,inf
R023207,B044,909.1,3600.0
R023210,B014,912.9,inf
R023210,B044,1641.5,3600.0
R023210,B048,1641.5,inf
R023212,B014,942.9,inf
R023212,B044,1707.5,3600.0
R023212,B048,1707.5,inf
R023212,B049,1707.5,inf
R023213,B014,1746.8,inf
R023213,B044,1041.1,3600.0
R023213,B048,1041.1,inf
R023213,B049,1041.1,inf
R023214,B014,912.9,inf
R023214,B044,1641.5,3600.0
R023214,B045,1641.5,3600.0
R023215,B014,1680.8,inf
R023215,B044,975.1,3600.0
R023215,B045,975.1,3600.0
R023216,B014,942.9,inf
R023216,B044,1707.5,3600.0
R023216,B045,1707.5,3600.0
R023216,B049,1707.5,inf
R023217,B014,1746.8,inf
R023217,B044,1041.1,3600.0
R023217,B045,1041.1,3600.0
R023217,B049,1041.1,inf
R023218,B014,942.9,inf
R023218,B044,1707.5,3600.0
R023218,B045,1707.5,3600.0
R023218,B048,1707.5,inf
R023220,B014,972.9,inf
R023220,B044,1773.5,3600.0
R023220,B045,1773.5,3600.0
R023220,B048,1773.5,inf
R023220,B049,1773.5,inf
R023221,B014,1812.8,inf
R023221,B044,1107.1,3600.0
R023221,B045,1107.1,3600.0
R023221,B048,1107.1,inf
R023221,B049,1107.1,inf
R023224,B014,972.9,inf
R023224,B044,1773.5,3600.0
R023224,B045,1773.5,3600.0
R023224,B046,1773.5,inf
R023224,B049,1773.5,inf
R023225,B014,1812.8,inf
R023225,B044,1107.1,3600.0
R023225,B045,1107.1,3600.0
R023225,B046,1107.1,inf
R023225,B049,1107.1,inf
R023226,B014,972.9,inf
R023226,B044,1773.5,3600.0
R023226,B045,1773.5,3600.0
R023226,B046,1773.5,inf
R023226,B048,1773.5,inf
R023227,B014,1812.8,inf
R023227,B044,1107.1,3600.0
R023227,B045,1107.1,3600.0
R023227,B046,1107.1,inf
R023227,B048,1107.1,inf
R023228,B014,1002.9,inf
R023228,B044,1839.5,3600.0
R023228,B045,1839.5,3600.0
R023228,B046,1839.5,inf
R023228,B048,1839.5,inf
R023228,B049,1839.5,inf
R023229,B014,1878.8,inf
R023229,B044,1173.1,3600.0
R023229,B045,1173.1,3600.0
R023229,B046,1173.1,inf
R023229,B048,1173.1,inf
R023229,B049,1173.1,inf
R023230,B014,972.9,inf
R023230,B044,1773.5,3600.0
R023230,B045,1773.5,3600.0
R023230,B046,1773.5,inf
R023230,B047,1773.5,inf
R023231,B014,1812.8,inf
R023231,B044,1107.1,3600.0
R023231,B045,1107.1,3600.0
R023231,B046,1107.1,inf
R023231,B047,1107.1,inf
R023232,B014,1002.9,inf
R023232,B044,1839.5,3600.0
R023232,B045,1839.5,3600.0
R023232,B046,1839.5,inf
R023232,B047,1839.5,inf
R023232,B049,1839.5,inf
R023233,B014,1878.8,inf
R023233,B044,1173.1,3600.0
R023233,B045,1173.1,3600.0
R023233,B046,1173.1,inf
R023233,B047,1173.1,inf
R023233,B049,1173.1,inf
R023234,B014,1002.9,inf
R023234,B044,1839.5,3600.0
R023234,B045,1839.5,3600.0
R023234,B046,1839.5,inf
R023234,B047,1839.5,inf
R023234,B048,1839.5,inf
R023235,B014,1878.8,inf
R023235,B044,1173.1,3600.0
R023235,B045,1173.1,3600.0
R023235,B046,1173.1,inf
R023235,B047,1173.1,inf
R023235,B048,1173.1,inf
R023238,B014,948.9,inf
R023238,B015,948.9,inf
R023238,B049,1641.5,inf
R023239,B014,1680.8,inf
R023239,B015,1680.8,inf
R023239,B049,939.1,inf
R023242,B014,978.9,inf
R023242,B015,978.9,inf
R023242,B048,1707.5,inf
R023242,B049,1707.5,inf
R023243,B014,1746.8,inf
R023243,B015,1746.8,inf
R023243,B048,1005.1,inf
R023243,B049,1005.1,inf
R023246,B014,978.9,inf
R023246,B015,978.9,inf
R023246,B045,1707.5,3600.0
R023246,B049,1707.5,inf
R023247,B014,1746.8,inf
R023247,B015,1746.8,inf
R023247,B045,1005.1,3600.0
R023247,B049,1005.1,inf
R023250,B014,1008.9,inf
R023250,B015,1008.9,inf
R023250,B045,1773.5,3600.0
R023250,B048,1773.5,inf
R023250,B049,1773.5,inf
R023251,B014,1812.8,inf
R023251,B015,1812.8,inf
R023251,B045,1071.1,3600.0
R023251,B048,1071.1,inf
R023251,B049,1071.1,inf
R023292,B014,1038.9,inf
R023292,B015,1038.9,inf
R023292,B044,1839.5,3600.0
R023292,B045,1839.5,3600.0
R023292,B046,1839.5,inf
R023292,B047,1839.5,inf
R023293,B014,1878.8,inf
R023293,B015,1878.8,inf
R023293,B044,1137.1,3600.0
R023293,B045,1137.1,3600.0
R023293,B046,1137.1,inf
R023293,B047,1137.1,inf
R023294,B014,1068.9,inf
R023294,B015,1068.9,inf
R023294,B044,1905.5,3600.0
R023294,B045,1905.5,3600.0
R023294,B046,1905.5,inf
R023294,B047,1905.5,inf
R023294,B049,1905.5,inf
R023295,B014,1944.8,inf
R023295,B015,1944.8,inf
R023295,B044,1203.1,3600.0
R023295,B045,1203.1,3600.0
R023295,B046,1203.1,inf
R023295,B047,1203.1,inf
R023295,B049,1203.1,inf
R023296,B014,1068.9,inf
R023296,B015,1068.9,inf
R023296,B044,1905.5,3600.0
R023296,B045,1905.5,3600.0
R023296,B046,1905.5,inf
R023296,B047,1905.5,inf
R023296,B048,1905.5,inf
R023297,B014,1944.8,inf
R023297,B015,1944.8,inf
R023297,B044,1203.1,3600.0
R023297,B045,1203.1,3600.0
R023297,B046,1203.1,inf
R023297,B047,1203.1,inf
R023297,B048,1203.1,inf
R023298,B014,1098.9,inf
R023298,B015,1098.9,inf
R023298,B044,1971.5,3600.0
R023298,B045,1971.5,3600.0
R023298,B046,1971.5,inf
R023298,B047,1971.5,inf
R023298,B048,1971.5,inf
R023298,B049,1971.5,inf
R023299,B014,2010.8,inf
R023299,B015,2010.8,inf
R023299,B044,1269.1,3600.0
R023299,B045,1269.1,3600.0
R023299,B046,1269.1,inf
R023299,B047,1269.1,inf
R023299,B048,1269.1,inf
R023299,B049,1269.1,inf
R023309,B011,1680.8,inf
R023309,B045,975.1,3600.0
R023309,B049,975.1,inf
R023310,B011,912.9,inf
R023310,B045,1641.5,3600.0
R023310,B048,1641.5,inf
R023311,B011,1680.8,inf
R023311,B045,975.1,3600.0
R023311,B048,975.1,inf
R023315,B011,1680.8,inf
R023315,B045,975.1,3600.0
R023315,B046,975.1,inf
R023354,B011,972.9,inf
R023354,B044,1773.5,3600.0
R023354,B045,1773.5,3600.0
R023354,B046,1773.5,inf
R023354,B047,1773.5,inf
R023391,B011,1944.8,inf
R023391,B014,1944.8,inf
R023391,B045,1203.1,3600.0
R023391,B046,1203.1,inf
R023391,B047,1203.1,inf
R023391,B048,1203.1,inf
R023391,B049,1203.1,inf
R023663,B011,1812.8,inf
R023663,B012,1812.8,inf
R023663,B013,1812.8,inf
R023663,B048,1035.1,inf
R023663,B049,1035.1,inf
R023664,B011,1014.9,inf
R023664,B012,1014.9,inf
R023664,B013,1014.9,inf
R023664,B045,1707.5,3600.0
R023665,B011,1746.8,inf
R023665,B012,1746.8,inf
R023665,B013,1746.8,inf
R023665,B045,969.1,3600.0
R023666,B011,1044.9,inf
R023666,B012,1044.9,inf
R023666,B013,1044.9,inf
R023666,B045,1773.5,3600.0
R023666,B049,1773.5,inf
R023667,B011,1812.8,inf
R023667,B012,1812.8,inf
R023667,B013,1812.8,inf
R023667,B045,1035.1,3600.0
R023667,B049,1035.1,inf
R023668,B011,1044.9,inf
R023668,B012,1044.9,inf
R023668,B013,1044.9,inf
R023668,B045,1773.5,3600.0
R023668,B048,1773.5,inf
R023669,B011,1812.8,inf
R023669,B012,1812.8,inf
R023669,B013,1812.8,inf
R023669,B045,1035.1,3600.0
R023669,B048,1035.1,inf
R023722,B011,1110.9,inf
R023722,B012,1110.9,inf
R023722,B013,1110.9,inf
R023722,B014,1110.9,inf
R023722,B048,1839.5,inf
R023722,B049,1839.5,inf
R023812,B003,882.9,3600.0
R023812,B049,1575.5,inf
R024304,B003,1110.9,3600.0
R024304,B011,1110.9,inf
R024304,B012,1110.9,inf
R024304,B013,1110.9,inf
R024304,B045,1839.5,3600.0
R024304,B048,1839.5,inf
R024305,B003,1878.8,3600.0
R024305,B011,1878.8,inf
R024305,B012,1878.8,inf
R024305,B013,1878.8,inf
R024305,B045,1065.1,3600.0
R024305,B048,1065.1,inf
R024306,B003,1140.9,3600.0
R024306,B011,1140.9,inf
R024306,B012,1140.9,inf
R024306,B013,1140.9,inf
R024306,B045,1905.5,3600.0
R024306,B048,1905.5,inf
R024306,B049,1905.5,inf
R024307,B003,1944.8,3600.0
R024307,B011,1944.8,inf
R024307,B012,1944.8,inf
R024307,B013,1944.8,inf
R024307,B045,1131.1,3600.0
R024307,B048,1131.1,inf
R024307,B049,1131.1,inf
R024308,B003,1110.9,3600.0
R024308,B011,1110.9,inf
R024308,B012,1110.9,inf
R024308,B013,1110.9,inf
R024308,B045,1839.5,3600.0
R024308,B046,1839.5,inf
R024309,B003,1878.8,3600.0
R024309,B011,1878.8,inf
R024309,B012,1878.8,inf
R024309,B013,1878.8,inf
R024309,B045,1065.1,3600.0
R024309,B046,1065.1,inf
R024411,B003,1746.8,3600.0
R024411,B004,1746.8,inf
R024411,B045,1005.1,3600.0
R024411,B049,1005.1,inf
R024818,B003,1014.9,3600.0
R024818,B004,1014.9,inf
R024818,B005,1014.9,inf
R024818,B049,1707.5,inf
R024820,B003,1014.9,3600.0
R024820,B004,1014.9,inf
R024820,B005,1014.9,inf
R024820,B048,1707.5,inf
R024829,B003,1812.8,3600.0
R024829,B004,1812.8,inf
R024829,B005,1812.8,inf
R024829,B045,1035.1,3600.0
R024829,B048,1035.1,inf
R024830,B003,1074.9,3600.0
R024830,B004,1074.9,inf
R024830,B005,1074.9,inf
R024830,B045,1839.5,3600.0
R024830,B048,1839.5,inf
R024830,B049,1839.5,inf
R024831,B003,1878.8,3600.0
R024831,B004,1878.8,inf
R024831,B005,1878.8,inf
R024831,B045,1101.1,3600.0
R024831,B048,1101.1,inf
R024831,B049,1101.1,inf
R024832,B003,1044.9,3600.0
R024832,B004,1044.9,inf
R024832,B005,1044.9,inf
R024832,B045,1773.5,3600.0
R024832,B046,1773.5,inf
R024833,B003,1812.8,3600.0
R024833,B004,1812.8,inf
R024833,B005,1812.8,inf
R024833,B045,1035.1,3600.0
R024833,B046,1035.1,inf
R024834,B003,1074.9,3600.0
R024834,B004,1074.9,inf
R024834,B005,1074.9,inf
R024834,B045,1839.5,3600.0
R024834,B046,1839.5,inf
R024834,B049,1839.5,inf
R025050,B003,1080.9,3600.0
R025050,B004,1080.9,inf
R025050,B005,1080.9,inf
R025050,B006,1080.9,inf
R025050,B049,1773.5,inf
R025051,B003,1812.8,3600.0
R025051,B004,1812.8,inf
R025051,B005,1812.8,inf
R025051,B006,1812.8,inf
R025051,B049,999.1,inf
R025053,B003,1812.8,3600.0
R025053,B004,1812.8,inf
R025053,B005,1812.8,inf
R025053,B006,1812.8,inf
R025053,B048,999.1,inf
R025054,B003,1110.9,3600.0
R025054,B004,1110.9,inf
R025054,B005,1110.9,inf
R025054,B006,1110.9,inf
R025054,B048,1839.5,inf
R025054,B049,1839.5,inf
R025055,B003,1878.8,3600.0
R025055,B004,1878.8,inf
R025055,B005,1878.8,inf
R025055,B006,1878.8,inf
R025055,B048,1065.1,inf
R025055,B049,1065.1,inf
R025056,B003,1080.9,3600.0
R025056,B004,1080.9,inf
R025056,B005,1080.9,inf
R025056,B006,1080.9,inf
R025056,B045,1773.5,3600.0
R025057,B003,1812.8,3600.0
R025057,B004,1812.8,inf
R025057,B005,1812.8,inf
R025057,B006,1812.8,inf
R025057,B045,999.1,3600.0
R025058,B003,1110.9,3600.0
R025058,B004,1110.9,inf
R025058,B005,1110.9,inf
R025058,B006,1110.9,inf
R025058,B045,1839.5,3600.0
R025058,B049,1839.5,inf
R025139,B003,1212.9,3600.0
R025139,B004,1212.9,inf
R025139,B005,1212.9,inf
R025139,B006,1212.9,inf
R025139,B007,1212.9,inf
R025139,B014,1212.9,inf
R025139,B044,1905.5,3600.0
R025140,B001,882.9,3600.0
R025140,B049,1575.5,inf
R025141,B001,1614.8,3600.0
R025141,B049,909.1,inf
R025142,B001,882.9,3600.0
R025142,B048,1575.5,inf
R025143,B001,1614.8,3600.0
R025143,B048,909.1,inf
R025144,B001,912.9,3600.0
R025144,B048,1641.5,inf
R025144,B049,1641.5,inf
R026325,B001,1944.8,3600.0
R026325,B003,1944.8,3600.0
R026325,B011,1944.8,inf
R026325,B012,1944.8,inf
R026325,B013,1944.8,inf
R026325,B014,1944.8,inf
R026325,B044,1059.1,3600.0
R026326,B001,1242.9,3600.0
R026326,B003,1242.9,3600.0
R026326,B011,1242.9,inf
R026326,B012,1242.9,inf
R026326,B013,1242.9,inf
R026326,B014,1242.9,inf
R026326,B044,1971.5,3600.0
R026326,B049,1971.5,inf
R026327,B001,2010.8,3600.0
R026327,B003,2010.8,3600.0
R026327,B011,2010.8,inf
R026327,B012,2010.8,inf
R026327,B013,2010.8,inf
R026327,B014,2010.8,inf
R026327,B044,1125.1,3600.0
R026327,B049,1125.1,inf
R026328,B001,1242.9,3600.0
R026328,B003,1242.9,3600.0
R026328,B011,1242.9,inf
R026328,B012,1242.9,inf
R026328,B013,1242.9,inf
R026328,B014,1242.9,inf
R026328,B044,1971.5,3600.0
R026328,B048,1971.5,inf
R026329,B001,2010.8,3600.0
R026329,B003,2010.8,3600.0
R026329,B011,2010.8,inf
R026329,B012,2010.8,inf
R026329,B013,2010.8,inf
R026329,B014,2010.8,inf
R026329,B044,1125.1,3600.0
R026329,B048,1125.1,inf
R026330,B001,1272.9,3600.0
R026330,B003,1272.9,3600.0
R026330,B011,1272.9,inf
R026330,B012,1272.9,inf
R026330,B013,1272.9,inf
R026330,B014,1272.9,inf
R026330,B044,2037.5,3600.0
R026330,B048,2037.5,inf
R026330,B049,2037.5,inf
R026335,B001,2076.8,3600.0
R026335,B003,2076.8,3600.0
R026335,B011,2076.8,inf
R026335,B012,2076.8,inf
R026335,B013,2076.8,inf
R026335,B014,2076.8,inf
R026335,B044,1191.1,3600.0
R026335,B045,1191.1,3600.0
R026335,B049,1191.1,inf
R026934,B001,1242.9,3600.0
R026934,B003,1242.9,3600.0
R026934,B004,1242.9,inf
R026934,B005,1242.9,inf
R026934,B006,1242.9,inf
R026934,B014,1242.9,inf
R026934,B048,1971.5,inf
R026934,B049,1971.5,inf
R026935,B001,2010.8,3600.0
R026935,B003,2010.8,3600.0
R026935,B004,2010.8,inf
R026935,B005,2010.8,inf
R026935,B006,2010.8,inf
R026935,B014,2010.8,inf
R026935,B048,1125.1,inf
R026935,B049,1125.1,inf
R026936,B001,1212.9,3600.0
R026936,B003,1212.9,3600.0
R026936,B004,1212.9,inf
R026936,B005,1212.9,inf
R026936,B006,1212.9,inf
R026936,B014,1212.9,inf
R026936,B045,1905.5,3600.0
R026937,B001,1944.8,3600.0
R026937,B003,1944.8,3600.0
R026937,B004,1944.8,inf
R026937,B005,1944.8,inf
R026937,B006,1944.8,inf
R026937,B014,1944.8,inf
R026937,B045,1059.1,3600.0
R026938,B001,1212.9,3600.0
R026938,B003,1212.9,3600.0
R026938,B004,1212.9,inf
R026938,B005,1212.9,inf
R026938,B006,1212.9,inf
R026938,B014,1212.9,inf
R026938,B044,1905.5,3600.0
R026968,B001,1212.9,3600.0
R026968,B003,1212.9,3600.0
R026968,B004,1212.9,inf
R026968,B005,1212.9,inf
R026968,B006,1212.9,inf
R026968,B007,1212.9,inf
R026968,B049,1905.5,inf
R027712,B001,1110.9,3600.0
R027712,B002,1110.9,inf
R027712,B003,1110.9,3600.0
R027712,B014,1110.9,inf
R027712,B044,1839.5,3600.0
R027712,B049,1839.5,inf
R027713,B001,1878.8,3600.0
R027713,B002,1878.8,inf
R027713,B003,1878.8,3600.0
R027713,B014,1878.8,inf
R027713,B044,1065.1,3600.0
R027713,B049,1065.1,inf
R027714,B001,1110.9,3600.0
R027714,B002,1110.9,inf
R027714,B003,1110.9,3600.0
R027714,B014,1110.9,inf
R027714,B044,1839.5,3600.0
R027714,B048,1839.5,inf
R027715,B001,1878.8,3600.0
R027715,B002,1878.8,inf
R027715,B003,1878.8,3600.0
R027715,B014,1878.8,inf
R027715,B044,1065.1,3600.0
R027715,B048,1065.1,inf
R027716,B001,1140.9,3600.0
R027716,B002,1140.9,inf
R027716,B003,1140.9,3600.0
R027716,B014,1140.9,inf
R027716,B044,1905.5,3600.0
R027716,B048,1905.5,inf
R027716,B049,1905.5,inf
R027717,B001,1944.8,3600.0
R027717,B002,1944.8,inf
R027717,B003,1944.8,3600.0
R027717,B014,1944.8,inf
R027717,B044,1131.1,3600.0
R027717,B048,1131.1,inf
R027717,B049,1131.1,inf
R027718,B001,1110.9,3600.0
R027718,B002,1110.9,inf
R027718,B003,1110.9,3600.0
R027718,B014,1110.9,inf
R027718,B044,1839.5,3600.0
R027718,B045,1839.5,3600.0
R027919,B001,1944.8,3600.0
R027919,B002,1944.8,inf
R027919,B003,1944.8,3600.0
R027919,B011,1944.8,inf
R027919,B014,1944.8,inf
R027919,B015,1944.8,inf
R027919,B044,1059.1,3600.0
R028646,B001,2076.8,3600.0
R028646,B002,2076.8,inf
R028646,B003,2076.8,3600.0
R028646,B004,2076.8,inf
R028646,B005,2076.8,inf
R028646,B006,2076.8,inf
R028646,B014,2076.8,inf
R028646,B015,2076.8,inf
R028646,B049,1119.1,inf
R028647,B001,1344.9,3600.0
R028647,B002,1344.9,inf
R028647,B003,1344.9,3600.0
R028647,B004,1344.9,inf
R028647,B005,1344.9,inf
R028647,B006,1344.9,inf
R028647,B014,1344.9,inf
R028647,B015,1344.9,inf
R028647,B044,2037.5,3600.0
R028648,B001,2076.8,3600.0
R028648,B002,2076.8,inf
R028648,B003,2076.8,3600.0
R028648,B004,2076.8,inf
R028648,B005,2076.8,inf
R028648,B006,2076.8,inf
R028648,B014,2076.8,inf
R028648,B015,2076.8,inf
R028648,B044,1119.1,3600.0
R028649,B001,1278.9,3600.0
R028649,B002,1278.9,inf
R028649,B003,1278.9,3600.0
R028649,B004,1278.9,inf
R028649,B005,1278.9,inf
R028649,B006,1278.9,inf
R028649,B011,1278.9,inf
R028649,B049,1971.5,inf
R028650,B001,2010.8,3600.0
R028650,B002,2010.8,inf
R028650,B003,2010.8,3600.0
R028650,B004,2010.8,inf
R028650,B005,2010.8,inf
R028650,B006,2010.8,inf
R028650,B011,2010.8,inf
R028650,B049,1089.1,inf
R028651,B001,1278.9,3600.0
R028651,B002,1278.9,inf
R028651,B003,1278.9,3600.0
R028651,B004,1278.9,inf
R028651,B005,1278.9,inf
R028651,B006,1278.9,inf
R028651,B011,1278.9,inf
R028651,B048,1971.5,inf
R028682,B014,1838.9,inf
R028682,B050,1113.7,3600.0
R028697,B014,942.9,inf
R028697,B050,1723.6,3600.0
R028697,B051,1723.6,3600.0
R028697,B052,1723.6,inf
R028711,B014,948.9,inf
R028711,B015,948.9,inf
R028711,B051,1657.6,3600.0
R028757,B011,882.9,inf
R028757,B051,1591.6,3600.0
R028758,B011,1838.9,inf
R028758,B051,1113.7,3600.0
R028766,B011,1904.9,inf
R028766,B051,1179.7,3600.0
R028766,B052,1179.7,inf
R028811,B011,978.9,inf
R028811,B014,978.9,inf
R028811,B051,1723.6,3600.0
R028811,B052,1723.6,inf
R029157,B003,882.9,3600.0
R029157,B053,1591.6,inf
R030524,B001,1044.9,3600.0
R030524,B011,1044.9,inf
R030524,B014,1044.9,inf
R030524,B051,1789.6,3600.0
R030524,B052,1789.6,inf
R030700,B001,1146.9,3600.0
R030700,B011,1146.9,inf
R030700,B012,1146.9,inf
R030700,B014,1146.9,inf
R030700,B015,1146.9,inf
R030700,B051,1855.6,3600.0
R030708,B001,1176.9,3600.0
R030708,B011,1176.9,inf
R030708,B012,1176.9,inf
R030708,B014,1176.9,inf
R030708,B015,1176.9,inf
R030708,B051,1921.6,3600.0
R030708,B052,1921.6,inf
R030750,B001,1110.9,3600.0
R030750,B011,1110.9,inf
R030750,B012,1110.9,inf
R030750,B013,1110.9,inf
R030750,B051,1855.6,3600.0
R030750,B052,1855.6,inf
R030796,B001,1176.9,3600.0
R030796,B011,1176.9,inf
R030796,B012,1176.9,inf
R030796,B013,1176.9,inf
R030796,B014,1176.9,inf
R030796,B051,1921.6,3600.0
R030796,B052,1921.6,inf
R030864,B001,948.9,3600.0
R030864,B003,948.9,3600.0
R030864,B051,1657.6,3600.0
R031094,B001,1146.9,3600.0
R031094,B003,1146.9,3600.0
R031094,B011,1146.9,inf
R031094,B014,1146.9,inf
R031094,B015,1146.9,inf
R031094,B051,1855.6,3600.0
R031230,B001,1242.9,3600.0
R031230,B003,1242.9,3600.0
R031230,B011,1242.9,inf
R031230,B012,1242.9,inf
R031230,B014,1242.9,inf
R031230,B015,1242.9,inf
R031230,B051,1987.6,3600.0
R031230,B052,1987.6,inf
R031326,B001,1278.9,3600.0
R031326,B003,1278.9,3600.0
R031326,B011,1278.9,inf
R031326,B012,1278.9,inf
R031326,B013,1278.9,inf
R031326,B014,1278.9,inf
R031326,B015,1278.9,inf
R031326,B051,1987.6,3600.0
R031684,B001,1344.9,3600.0
R031684,B003,1344.9,3600.0
R031684,B004,1344.9,inf
R031684,B011,1344.9,inf
R031684,B012,1344.9,inf
R031684,B013,1344.9,inf
R031684,B014,1344.9,inf
R031684,B015,1344.9,inf
R031684,B053,2053.6,inf
R031816,B001,1278.9,3600.0
R031816,B003,1278.9,3600.0
R031816,B004,1278.9,inf
R031816,B005,1278.9,inf
R031816,B011,1278.9,inf
R031816,B014,1278.9,inf
R031816,B015,1278.9,inf
R031816,B054,1987.6,inf
R031819,B001,1278.9,3600.0
R031819,B003,1278.9,3600.0
R031819,B004,1278.9,inf
R031819,B005,1278.9,inf
R031819,B011,1278.9,inf
R031819,B014,1278.9,inf
R031819,B015,1278.9,inf
R031819,B051,1987.6,3600.0
R031843,B001,1344.9,3600.0
R031843,B003,1344.9,3600.0
R031843,B004,1344.9,inf
R031843,B005,1344.9,inf
R031843,B011,1344.9,inf
R031843,B012,1344.9,inf
R031843,B014,1344.9,inf
R031843,B015,1344.9,inf
R031843,B050,2053.6,3600.0
R031849,B001,1344.9,3600.0
R031849,B003,1344.9,3600.0
R031849,B004,1344.9,inf
R031849,B005,1344.9,inf
R031849,B011,1344.9,inf
R031849,B012,1344.9,inf
R031849,B013,1344.9,inf
R031849,B014,1344.9,inf
R031849,B050,2053.6,3600.0
R032164,B001,1080.9,3600.0
R032164,B002,1080.9,inf
R032164,B011,1080.9,inf
R032164,B012,1080.9,inf
R032164,B054,1789.6,inf
R032270,B001,1242.9,3600.0
R032270,B002,1242.9,inf
R032270,B011,1242.9,inf
R032270,B012,1242.9,inf
R032270,B014,1242.9,inf
R032270,B015,1242.9,inf
R032270,B051,1987.6,3600.0
R032270,B052,1987.6,inf
R032342,B001,1212.9,3600.0
R032342,B002,1212.9,inf
R032342,B011,1212.9,inf
R032342,B012,1212.9,inf
R032342,B013,1212.9,inf
R032342,B014,1212.9,inf
R032342,B053,1921.6,inf
R032354,B001,1242.9,3600.0
R032354,B002,1242.9,inf
R032354,B011,1242.9,inf
R032354,B012,1242.9,inf
R032354,B013,1242.9,inf
R032354,B014,1242.9,inf
R032354,B051,1987.6,3600.0
R032354,B052,1987.6,inf
R032394,B001,1308.9,3600.0
R032394,B002,1308.9,inf
R032394,B011,1308.9,inf
R032394,B012,1308.9,inf
R032394,B013,1308.9,inf
R032394,B014,1308.9,inf
R032394,B015,1308.9,inf
R032394,B051,2053.6,3600.0
R032394,B052,2053.6,inf
R032774,B001,1308.9,3600.0
R032774,B002,1308.9,inf
R032774,B003,1308.9,3600.0
R032774,B011,1308.9,inf
R032774,B012,1308.9,inf
R032774,B014,1308.9,inf
R032774,B015,1308.9,inf
R032774,B051,2053.6,3600.0
R032774,B052,2053.6,inf
R032802,B001,1242.9,3600.0
R032802,B002,1242.9,inf
R032802,B003,1242.9,3600.0
R032802,B011,1242.9,inf
R032802,B012,1242.9,inf
R032802,B013,1242.9,inf
R032802,B051,1987.6,3600.0
R032802,B052,1987.6,inf
R032838,B001,1308.9,3600.0
R032838,B002,1308.9,inf
R032838,B003,1308.9,3600.0
R032838,B011,1308.9,inf
R032838,B012,1308.9,inf
R032838,B013,1308.9,inf
R032838,B014,1308.9,inf
R032838,B051,2053.6,3600.0
R032838,B052,2053.6,inf
R032854,B001,1344.9,3600.0
R032854,B002,1344.9,inf
R032854,B003,1344.9,3600.0
R032854,B011,1344.9,inf
R032854,B012,1344.9,inf
R032854,B013,1344.9,inf
R032854,B014,1344.9,inf
R032854,B015,1344.9,inf
R032854,B054,2053.6,inf
R032856,B001,1344.9,3600.0
R032856,B002,1344.9,inf
R032856,B003,1344.9,3600.0
R032856,B011,1344.9,inf
R032856,B012,1344.9,inf
R032856,B013,1344.9,inf
R032856,B014,1344.9,inf
R032856,B015,1344.9,inf
R032856,B053,2053.6,inf
R032858,B001,1344.9,3600.0
R032858,B002,1344.9,inf
R032858,B003,1344.9,3600.0
R032858,B011,1344.9,inf
R032858,B012,1344.9,inf
R032858,B013,1344.9,inf
R032858,B014,1344.9,inf
R032858,B015,1344.9,inf
R032858,B051,2053.6,3600.0
R032860,B001,1344.9,3600.0
R032860,B002,1344.9,inf
R032860,B003,1344.9,3600.0
R032860,B011,1344.9,inf
R032860,B012,1344.9,inf
R032860,B013,1344.9,inf
R032860,B014,1344.9,inf
R032860,B015,1344.9,inf
R032860,B050,2053.6,3600.0
R032968,B001,1242.9,3600.0
R032968,B002,1242.9,inf
R032968,B003,1242.9,3600.0
R032968,B004,1242.9,inf
R032968,B014,1242.9,inf
R032968,B015,1242.9,inf
R032968,B051,1987.6,3600.0
R032968,B052,1987.6,inf
R033070,B001,1278.9,3600.0
R033070,B002,1278.9,inf
R033070,B003,1278.9,3600.0
R033070,B004,1278.9,inf
R033070,B011,1278.9,inf
R033070,B014,1278.9,inf
R033070,B015,1278.9,inf
R033070,B051,1987.6,3600.0
R033123,B001,1278.9,3600.0
R033123,B002,1278.9,inf
R033123,B003,1278.9,3600.0
R033123,B004,1278.9,inf
R033123,B011,1278.9,inf
R033123,B012,1278.9,inf
R033123,B014,1278.9,inf
R033123,B051,1987.6,3600.0
R033139,B001,1344.9,3600.0
R033139,B002,1344.9,inf
R033139,B003,1344.9,3600.0
R033139,B004,1344.9,inf
R033139,B011,1344.9,inf
R033139,B012,1344.9,inf
R033139,B014,1344.9,inf
R033139,B015,1344.9,inf
R033139,B054,2053.6,inf
R033141,B001,1344.9,3600.0
R033141,B002,1344.9,inf
R033141,B003,1344.9,3600.0
R033141,B004,1344.9,inf
R033141,B011,1344.9,inf
R033141,B012,1344.9,inf
R033141,B014,1344.9,inf
R033141,B015,1344.9,inf
R033141,B053,2053.6,inf
R033143,B001,1344.9,3600.0
R033143,B002,1344.9,inf
R033143,B003,1344.9,3600.0
R033143,B004,1344.9,inf
R033143,B011,1344.9,inf
R033143,B012,1344.9,inf
R033143,B014,1344.9,inf
R033143,B015,1344.9,inf
R033143,B051,2053.6,3600.0
R033144,B001,1344.9,3600.0
R033144,B002,1344.9,inf
R033144,B003,1344.9,3600.0
R033144,B004,1344.9,inf
R033144,B011,1344.9,inf
R033144,B012,1344.9,inf
R033144,B014,1344.9,inf
R033144,B015,1344.9,inf
R033144,B050,2053.6,3600.0
R033151,B001,1278.9,3600.0
R033151,B002,1278.9,inf
R033151,B003,1278.9,3600.0
R033151,B004,1278.9,inf
R033151,B011,1278.9,inf
R033151,B012,1278.9,inf
R033151,B013,1278.9,inf
R033151,B053,1987.6,inf
R033155,B001,1278.9,3600.0
R033155,B002,1278.9,inf
R033155,B003,1278.9,3600.0
R033155,B004,1278.9,inf
R033155,B011,1278.9,inf
R033155,B012,1278.9,inf
R033155,B013,1278.9,inf
R033155,B051,1987.6,3600.0
R033169,B001,1344.9,3600.0
R033169,B002,1344.9,inf
R033169,B003,1344.9,3600.0
R033169,B004,1344.9,inf
R033169,B011,1344.9,inf
R033169,B012,1344.9,inf
R033169,B013,1344.9,inf
R033169,B014,1344.9,inf
R033169,B054,2053.6,inf
R033171,B001,1344.9,3600.0
R033171,B002,1344.9,inf
R033171,B003,1344.9,3600.0
R033171,B004,1344.9,inf
R033171,B011,1344.9,inf
R033171,B012,1344.9,inf
R033171,B013,1344.9,inf
R033171,B014,1344.9,inf
R033171,B053,2053.6,inf
R033173,B001,1344.9,3600.0
R033173,B002,1344.9,inf
R033173,B003,1344.9,3600.0
R033173,B004,1344.9,inf
R033173,B011,1344.9,inf
R033173,B012,1344.9,inf
R033173,B013,1344.9,inf
R033173,B014,1344.9,inf
R033173,B051,2053.6,3600.0
R033174,B001,1344.9,3600.0
R033174,B002,1344.9,inf
R033174,B003,1344.9,3600.0
R033174,B004,1344.9,inf
R033174,B011,1344.9,inf
R033174,B012,1344.9,inf
R033174,B013,1344.9,inf
R033174,B014,1344.9,inf
R033174,B050,2053.6,3600.0
R033178,B001,1410.9,3600.0
R033178,B002,1410.9,inf
R033178,B003,1410.9,3600.0
R033178,B004,1410.9,inf
R033178,B011,1410.9,inf
R033178,B012,1410.9,inf
R033178,B013,1410.9,inf
R033178,B014,1410.9,inf
R033178,B015,1410.9,inf
R033178,B050,2119.6,3600.0
R033291,B001,1344.9,3600.0
R033291,B002,1344.9,inf
R033291,B003,1344.9,3600.0
R033291,B004,1344.9,inf
R033291,B005,1344.9,inf
R033291,B011,1344.9,inf
R033291,B014,1344.9,inf
R033291,B015,1344.9,inf
R033291,B054,2053.6,inf
R033292,B001,1344.9,3600.0
R033292,B002,1344.9,inf
R033292,B003,1344.9,3600.0
R033292,B004,1344.9,inf
R033292,B005,1344.9,inf
R033292,B011,1344.9,inf
R033292,B014,1344.9,inf
R033292,B015,1344.9,inf
R033292,B053,2053.6,inf
R033293,B001,1344.9,3600.0
R033293,B002,1344.9,inf
R033293,B003,1344.9,3600.0
R033293,B004,1344.9,inf
R033293,B005,1344.9,inf
R033293,B011,1344.9,inf
R033293,B014,1344.9,inf
R033293,B015,1344.9,inf
R033293,B050,2053.6,3600.0
R033306,B001,1344.9,3600.0
R033306,B002,1344.9,inf
R033306,B003,1344.9,3600.0
R033306,B004,1344.9,inf
R033306,B005,1344.9,inf
R033306,B011,1344.9,inf
R033306,B012,1344.9,inf
R033306,B014,1344.9,inf
R033306,B054,2053.6,inf
R033307,B001,1344.9,3600.0
R033307,B002,1344.9,inf
R033307,B003,1344.9,3600.0
R033307,B004,1344.9,inf
R033307,B005,1344.9,inf
R033307,B011,1344.9,inf
R033307,B012,1344.9,inf
R033307,B014,1344.9,inf
R033307,B053,2053.6,inf
R033308,B001,1344.9,3600.0
R033308,B002,1344.9,inf
R033308,B003,1344.9,3600.0
R033308,B004,1344.9,inf
R033308,B005,1344.9,inf
R033308,B011,1344.9,inf
R033308,B012,1344.9,inf
R033308,B014,1344.9,inf
R033308,B050,2053.6,3600.0
R033310,B001,1410.9,3600.0
R033310,B002,1410.9,inf
R033310,B003,1410.9,3600.0
R033310,B004,1410.9,inf
R033310,B005,1410.9,inf
R033310,B011,1410.9,inf
R033310,B012,1410.9,inf
R033310,B014,1410.9,inf
R033310,B015,1410.9,inf
R033310,B050,2119.6,3600.0
R033311,B001,1344.9,3600.0
R033311,B002,1344.9,inf
R033311,B003,1344.9,3600.0
R033311,B004,1344.9,inf
R033311,B005,1344.9,inf
R033311,B011,1344.9,inf
R033311,B012,1344.9,inf
R033311,B013,1344.9,inf
R033311,B054,2053.6,inf
R033312,B001,1344.9,3600.0
R033312,B002,1344.9,inf
R033312,B003,1344.9,3600.0
R033312,B004,1344.9,inf
R033312,B005,1344.9,inf
R033312,B011,1344.9,inf
R033312,B012,1344.9,inf
R033312,B013,1344.9,inf
R033312,B053,2053.6,inf
R033313,B001,1344.9,3600.0
R033313,B002,1344.9,inf
R033313,B003,1344.9,3600.0
R033313,B004,1344.9,inf
R033313,B005,1344.9,inf
R033313,B011,1344.9,inf
R033313,B012,1344.9,inf
R033313,B013,1344.9,inf
R033313,B050,2053.6,3600.0
R033333,B001,1344.9,3600.0
R033333,B002,1344.9,inf
R033333,B003,1344.9,3600.0
R033333,B004,1344.9,inf
R033333,B005,1344.9,inf
R033333,B006,1344.9,inf
R033333,B014,1344.9,inf
R033333,B015,1344.9,inf
R033333,B054,2053.6,inf
R033334,B001,1344.9,3600.0
R033334,B002,1344.9,inf
R033334,B003,1344.9,3600.0
R033334,B004,1344.9,inf
R033334,B005,1344.9,inf
R033334,B006,1344.9,inf
R033334,B014,1344.9,inf
R033334,B015,1344.9,inf
R033334,B050,2053.6,3600.0
R033348,B014,2010.3,inf
R033348,B056,1265.7,7200.0
R033364,B014,2010.3,inf
R033364,B055,1265.7,7200.0
R033443,B011,2076.3,inf
R033443,B056,1331.7,7200.0
R033443,B057,1331.7,inf
R033451,B011,2010.3,inf
R033451,B055,1265.7,7200.0
R034142,B003,1014.9,3600.0
R034142,B004,1014.9,inf
R034142,B005,1014.9,inf
R034142,B059,1750.8,inf
R034143,B003,1014.9,3600.0
R034143,B004,1014.9,inf
R034143,B005,1014.9,inf
R034143,B058,1750.8,inf
R034220,B003,1080.9,3600.0
R034220,B004,1080.9,inf
R034220,B005,1080.9,inf
R034220,B006,1080.9,inf
R034220,B058,1816.8,inf
R034222,B003,1080.9,3600.0
R034222,B004,1080.9,inf
R034222,B005,1080.9,inf
R034222,B006,1080.9,inf
R034222,B056,1816.8,7200.0
R034245,B001,882.9,3600.0
R034245,B059,1618.8,inf
R034247,B001,882.9,3600.0
R034247,B058,1618.8,inf
R034251,B001,882.9,3600.0
R034251,B056,1618.8,7200.0
R034267,B001,882.9,3600.0
R034267,B055,1618.8,7200.0
R034881,B001,1278.9,3600.0
R034881,B003,1278.9,3600.0
R034881,B011,1278.9,inf
R034881,B012,1278.9,inf
R034881,B013,1278.9,inf
R034881,B014,1278.9,inf
R034881,B015,1278.9,inf
R034881,B056,2014.8,7200.0
R034998,B001,1278.9,3600.0
R034998,B003,1278.9,3600.0
R034998,B004,1278.9,inf
R034998,B011,1278.9,inf
R034998,B012,1278.9,inf
R034998,B014,1278.9,inf
R034998,B015,1278.9,inf
R034998,B056,2014.8,7200.0
R035016,B001,1344.9,3600.0
R035016,B003,1344.9,3600.0
R035016,B004,1344.9,inf
R035016,B011,1344.9,inf
R035016,B012,1344.9,inf
R035016,B013,1344.9,inf
R035016,B014,1344.9,inf
R035016,B015,1344.9,inf
R035016,B058,2080.8,inf
R035017,B001,1344.9,3600.0
R035017,B003,1344.9,3600.0
R035017,B004,1344.9,inf
R035017,B011,1344.9,inf
R035017,B012,1344.9,inf
R035017,B013,1344.9,inf
R035017,B014,1344.9,inf
R035017,B015,1344.9,inf
R035017,B055,2080.8,7200.0
R035076,B001,1344.9,3600.0
R035076,B003,1344.9,3600.0
R035076,B004,1344.9,inf
R035076,B005,1344.9,inf
R035076,B011,1344.9,inf
R035076,B012,1344.9,inf
R035076,B014,1344.9,inf
R035076,B015,1344.9,inf
R035076,B055,2080.8,7200.0
R035440,B001,1278.9,3600.0
R035440,B002,1278.9,inf
R035440,B011,1278.9,inf
R035440,B012,1278.9,inf
R035440,B013,1278.9,inf
R035440,B014,1278.9,inf
R035440,B015,1278.9,inf
R035440,B059,2014.8,inf
R035443,B001,1278.9,3600.0
R035443,B002,1278.9,inf
R035443,B011,1278.9,inf
R035443,B012,1278.9,inf
R035443,B013,1278.9,inf
R035443,B014,1278.9,inf
R035443,B015,1278.9,inf
R035443,B056,2014.8,7200.0
R035628,B001,1278.9,3600.0
R035628,B002,1278.9,inf
R035628,B003,1278.9,3600.0
R035628,B011,1278.9,inf
R035628,B012,1278.9,inf
R035628,B014,1278.9,inf
R035628,B015,1278.9,inf
R035628,B056,2014.8,7200.0
R035651,B001,1278.9,3600.0
R035651,B002,1278.9,inf
R035651,B003,1278.9,3600.0
R035651,B011,1278.9,inf
R035651,B012,1278.9,inf
R035651,B013,1278.9,inf
R035651,B014,1278.9,inf
R035651,B056,2014.8,7200.0
R035658,B001,1344.9,3600.0
R035658,B002,1344.9,inf
R035658,B003,1344.9,3600.0
R035658,B011,1344.9,inf
R035658,B012,1344.9,inf
R035658,B013,1344.9,inf
R035658,B014,1344.9,inf
R035658,B015,1344.9,inf
R035658,B059,2080.8,inf
R035659,B001,1344.9,3600.0
R035659,B002,1344.9,inf
R035659,B003,1344.9,3600.0
R035659,B011,1344.9,inf
R035659,B012,1344.9,inf
R035659,B013,1344.9,inf
R035659,B014,1344.9,inf
R035659,B015,1344.9,inf
R035659,B058,2080.8,inf
R035660,B001,1344.9,3600.0
R035660,B002,1344.9,inf
R035660,B003,1344.9,3600.0
R035660,B011,1344.9,inf
R035660,B012,1344.9,inf
R035660,B013,1344.9,inf
R035660,B014,1344.9,inf
R035660,B015,1344.9,inf
R035660,B056,2080.8,7200.0
R035661,B001,1344.9,3600.0
R035661,B002,1344.9,inf
R035661,B003,1344.9,3600.0
R035661,B011,1344.9,inf
R035661,B012,1344.9,inf
R035661,B013,1344.9,inf
R035661,B014,1344.9,inf
R035661,B015,1344.9,inf
R035661,B055,2080.8,7200.0
R035662,B001,1374.9,3600.0
R035662,B002,1374.9,inf
R035662,B003,1374.9,3600.0
R035662,B011,1374.9,inf
R035662,B012,1374.9,inf
R035662,B013,1374.9,inf
R035662,B014,1374.9,inf
R035662,B015,1374.9,inf
R035662,B055,2146.8,7200.0
R035662,B058,2146.8,inf
R035663,B001,1374.9,3600.0
R035663,B002,1374.9,inf
R035663,B003,1374.9,3600.0
R035663,B011,1374.9,inf
R035663,B012,1374.9,inf
R035663,B013,1374.9,inf
R035663,B014,1374.9,inf
R035663,B015,1374.9,inf
R035663,B055,2146.8,7200.0
R035663,B056,2146.8,7200.0
R035762,B001,1344.9,3600.0
R035762,B002,1344.9,inf
R035762,B003,1344.9,3600.0
R035762,B004,1344.9,inf
R035762,B011,1344.9,inf
R035762,B012,1344.9,inf
R035762,B014,1344.9,inf
R035762,B015,1344.9,inf
R035762,B059,2080.8,inf
R035763,B001,1344.9,3600.0
R035763,B002,1344.9,inf
R035763,B003,1344.9,3600.0
R035763,B004,1344.9,inf
R035763,B011,1344.9,inf
R035763,B012,1344.9,inf
R035763,B014,1344.9,inf
R035763,B015,1344.9,inf
R035763,B058,2080.8,inf
R035764,B001,1344.9,3600.0
R035764,B002,1344.9,inf
R035764,B003,1344.9,3600.0
R035764,B004,1344.9,inf
R035764,B011,1344.9,inf
R035764,B012,1344.9,inf
R035764,B014,1344.9,inf
R035764,B015,1344.9,inf
R035764,B055,2080.8,7200.0
R035765,B001,1374.9,3600.0
R035765,B002,1374.9,inf
R035765,B003,1374.9,3600.0
R035765,B004,1374.9,inf
R035765,B011,1374.9,inf
R035765,B012,1374.9,inf
R035765,B014,1374.9,inf
R035765,B015,1374.9,inf
R035765,B055,2146.8,7200.0
R035765,B058,2146.8,inf
R035773,B001,1344.9,3600.0
R035773,B002,1344.9,inf
R035773,B003,1344.9,3600.0
R035773,B004,1344.9,inf
R035773,B011,1344.9,inf
R035773,B012,1344.9,inf
R035773,B013,1344.9,inf
R035773,B014,1344.9,inf
R035773,B059,2080.8,inf
R035774,B001,1344.9,3600.0
R035774,B002,1344.9,inf
R035774,B003,1344.9,3600.0
R035774,B004,1344.9,inf
R035774,B011,1344.9,inf
R035774,B012,1344.9,inf
R035774,B013,1344.9,inf
R035774,B014,1344.9,inf
R035774,B058,2080.8,inf
R035776,B001,1374.9,3600.0
R035776,B002,1374.9,inf
R035776,B003,1374.9,3600.0
R035776,B004,1374.9,inf
R035776,B011,1374.9,inf
R035776,B012,1374.9,inf
R035776,B013,1374.9,inf
R035776,B014,1374.9,inf
R035776,B055,2146.8,7200.0
R035776,B059,2146.8,inf
R035777,B001,1374.9,3600.0
R035777,B002,1374.9,inf
R035777,B003,1374.9,3600.0
R035777,B004,1374.9,inf
R035777,B011,1374.9,inf
R035777,B012,1374.9,inf
R035777,B013,1374.9,inf
R035777,B014,1374.9,inf
R035777,B055,2146.8,7200.0
R035777,B058,2146.8,inf
R035778,B001,1410.9,3600.0
R035778,B002,1410.9,inf
R035778,B003,1410.9,3600.0
R035778,B004,1410.9,inf
R035778,B011,1410.9,inf
R035778,B012,1410.9,inf
R035778,B013,1410.9,inf
R035778,B014,1410.9,inf
R035778,B015,1410.9,inf
R035778,B055,2146.8,7200.0
R035821,B001,1344.9,3600.0
R035821,B002,1344.9,inf
R035821,B003,1344.9,3600.0
R035821,B004,1344.9,inf
R035821,B005,1344.9,inf
R035821,B011,1344.9,inf
R035821,B014,1344.9,inf
R035821,B015,1344.9,inf
R035821,B059,2080.8,inf
R035822,B001,1344.9,3600.0
R035822,B002,1344.9,inf
R035822,B003,1344.9,3600.0
R035822,B004,1344.9,inf
R035822,B005,1344.9,inf
R035822,B011,1344.9,inf
R035822,B014,1344.9,inf
R035822,B015,1344.9,inf
R035822,B055,2080.8,7200.0
R035828,B001,1344.9,3600.0
R035828,B002,1344.9,inf
R035828,B003,1344.9,3600.0
R035828,B004,1344.9,inf
R035828,B005,1344.9,inf
R035828,B011,1344.9,inf
R035828,B012,1344.9,inf
R035828,B014,1344.9,inf
R035828,B059,2080.8,inf
R035829,B001,1344.9,3600.0
R035829,B002,1344.9,inf
R035829,B003,1344.9,3600.0
R035829,B004,1344.9,inf
R035829,B005,1344.9,inf
R035829,B011,1344.9,inf
R035829,B012,1344.9,inf
R035829,B014,1344.9,inf
R035829,B055,2080.8,7200.0
R035830,B001,1344.9,3600.0
R035830,B002,1344.9,inf
R035830,B003,1344.9,3600.0
R035830,B004,1344.9,inf
R035830,B005,1344.9,inf
R035830,B011,1344.9,inf
R035830,B012,1344.9,inf
R035830,B013,1344.9,inf
R035830,B055,2080.8,7200.0
R035840,B014,882.9,inf
R035840,B062,1351.5,inf
R035842,B014,882.9,inf
R035842,B061,1351.5,10800.0
R035846,B014,882.9,inf
R035846,B060,1351.5,10800.0
R035847,B014,1528.5,inf
R035847,B060,1055.3,10800.0
R035863,B014,1660.5,inf
R035863,B015,1660.5,inf
R035863,B060,1151.3,10800.0
R035863,B062,1151.3,inf
R035865,B014,1660.5,inf
R035865,B015,1660.5,inf
R035865,B060,1151.3,10800.0
R035865,B061,1151.3,10800.0
R035866,B014,1008.9,inf
R035866,B015,1008.9,inf
R035866,B060,1549.5,10800.0
R035866,B061,1549.5,10800.0
R035866,B062,1549.5,inf
R035867,B014,1726.5,inf
R035867,B015,1726.5,inf
R035867,B060,1217.3,10800.0
R035867,B061,1217.3,10800.0
R035867,B062,1217.3,inf
R035868,B011,882.9,inf
R035868,B062,1351.5,inf
R035869,B011,1528.5,inf
R035869,B062,1055.3,inf
R035870,B011,882.9,inf
R035870,B061,1351.5,10800.0
R035871,B011,1528.5,inf
R035871,B061,1055.3,10800.0
R035872,B011,912.9,inf
R035872,B061,1417.5,10800.0
R035872,B062,1417.5,inf
R035873,B011,1594.5,inf
R035873,B061,1121.3,10800.0
R035873,B062,1121.3,inf
R035874,B011,882.9,inf
R035874,B060,1351.5,10800.0
R035875,B011,1528.5,inf
R035875,B060,1055.3,10800.0
R035891,B011,1660.5,inf
R035891,B014,1660.5,inf
R035891,B060,1151.3,10800.0
R035891,B062,1151.3,inf
R035994,B003,882.9,3600.0
R035994,B062,1351.5,inf
R035996,B003,882.9,3600.0
R035996,B061,1351.5,10800.0
R036000,B003,882.9,3600.0
R036000,B060,1351.5,10800.0
R036162,B003,948.9,3600.0
R036162,B004,948.9,inf
R036162,B062,1417.5,inf
R036168,B003,948.9,3600.0
R036168,B004,948.9,inf
R036168,B060,1417.5,10800.0
R036353,B003,1858.5,3600.0
R036353,B004,1858.5,inf
R036353,B005,1858.5,inf
R036353,B014,1858.5,inf
R036353,B015,1858.5,inf
R036353,B061,1241.3,10800.0
R036353,B062,1241.3,inf
R036374,B003,1140.9,3600.0
R036374,B004,1140.9,inf
R036374,B005,1140.9,inf
R036374,B011,1140.9,inf
R036374,B060,1681.5,10800.0
R036374,B061,1681.5,10800.0
R036374,B062,1681.5,inf
R036397,B003,1924.5,3600.0
R036397,B004,1924.5,inf
R036397,B005,1924.5,inf
R036397,B011,1924.5,inf
R036397,B014,1924.5,inf
R036397,B015,1924.5,inf
R036397,B060,1271.3,10800.0
R036397,B061,1271.3,10800.0
R036433,B003,1080.9,3600.0
R036433,B004,1080.9,inf
R036433,B005,1080.9,inf
R036433,B006,1080.9,inf
R036433,B062,1549.5,inf
R036435,B003,1080.9,3600.0
R036435,B004,1080.9,inf
R036435,B005,1080.9,inf
R036435,B006,1080.9,inf
R036435,B061,1549.5,10800.0
R036482,B001,882.9,3600.0
R036482,B062,1351.5,inf
R036483,B001,1528.5,3600.0
R036483,B062,1055.3,inf
R036484,B001,882.9,3600.0
R036484,B061,1351.5,10800.0
R036485,B001,1528.5,3600.0
R036485,B061,1055.3,10800.0
R036488,B001,882.9,3600.0
R036488,B060,1351.5,10800.0
R036489,B001,1528.5,3600.0
R036489,B060,1055.3,10800.0
R036490,B001,912.9,3600.0
R036490,B060,1417.5,10800.0
R036490,B062,1417.5,inf
R036492,B001,912.9,3600.0
R036492,B060,1417.5,10800.0
R036492,B061,1417.5,10800.0
R036502,B001,948.9,3600.0
R036502,B014,948.9,inf
R036502,B060,1417.5,10800.0
R037098,B001,948.9,3600.0
R037098,B002,948.9,inf
R037098,B062,1417.5,inf
R037100,B001,948.9,3600.0
R037100,B002,948.9,inf
R037100,B061,1417.5,10800.0
R037104,B001,948.9,3600.0
R037104,B002,948.9,inf
R037104,B060,1417.5,10800.0
R037701,B014,1810.3,inf
R037701,B015,1810.3,inf
R037701,B063,1155.8,3600.0
R037701,B065,1155.8,inf
R037703,B014,1810.3,inf
R037703,B015,1810.3,inf
R037703,B063,1155.8,3600.0
R037703,B064,1155.8,3600.0
R037704,B014,1008.9,inf
R037704,B015,1008.9,inf
R037704,B063,1682.6,3600.0
R037704,B064,1682.6,3600.0
R037704,B065,1682.6,inf
R037705,B014,1876.3,inf
R037705,B015,1876.3,inf
R037705,B063,1221.8,3600.0
R037705,B064,1221.8,3600.0
R037705,B065,1221.8,inf
R037706,B011,882.9,inf
R037706,B065,1484.6,inf
R037707,B011,1678.3,inf
R037707,B065,1059.8,inf
R037708,B011,882.9,inf
R037708,B064,1484.6,3600.0
R037709,B011,1678.3,inf
R037709,B064,1059.8,3600.0
R037710,B011,912.9,inf
R037710,B064,1550.6,3600.0
R037710,B065,1550.6,inf
R037711,B011,1744.3,inf
R037711,B064,1125.8,3600.0
R037711,B065,1125.8,inf
R037712,B011,882.9,inf
R037712,B063,1484.6,3600.0
R037713,B011,1678.3,inf
R037713,B063,1059.8,3600.0
R037714,B011,912.9,inf
R037714,B063,1550.6,3600.0
R037714,B065,1550.6,inf
R037715,B011,1744.3,inf
R037715,B063,1125.8,3600.0
R037715,B065,1125.8,inf
R037725,B011,1810.3,inf
R037725,B014,1810.3,inf
R037725,B064,1155.8,3600.0
R037725,B065,1155.8,inf
R038000,B003,948.9,3600.0
R038000,B004,948.9,inf
R038000,B065,1550.6,inf
R038092,B003,1110.9,3600.0
R038092,B004,1110.9,inf
R038092,B011,1110.9,inf
R038092,B012,1110.9,inf
R038092,B063,1748.6,3600.0
R038092,B065,1748.6,inf
R038110,B003,1206.9,3600.0
R038110,B004,1206.9,inf
R038110,B011,1206.9,inf
R038110,B012,1206.9,inf
R038110,B014,1206.9,inf
R038110,B063,1880.6,3600.0
R038110,B064,1880.6,3600.0
R038110,B065,1880.6,inf
R038271,B003,1080.9,3600.0
R038271,B004,1080.9,inf
R038271,B005,1080.9,inf
R038271,B006,1080.9,inf
R038271,B065,1682.6,inf
R038315,B003,1146.9,3600.0
R038315,B004,1146.9,inf
R038315,B005,1146.9,inf
R038315,B006,1146.9,inf
R038315,B007,1146.9,inf
R038315,B065,1748.6,inf
R038934,B001,948.9,3600.0
R038934,B002,948.9,inf
R038934,B065,1550.6,inf
R039514,B014,882.9,inf
R039514,B068,1324.7,inf
R039516,B014,882.9,inf
R039516,B067,1324.7,10800.0
R039517,B014,1317.1,inf
R039517,B067,872.5,10800.0
R039518,B014,912.9,inf
R039518,B067,1390.7,10800.0
R039518,B068,1390.7,inf
R039519,B014,1383.1,inf
R039519,B067,938.5,10800.0
R039519,B068,938.5,inf
R039520,B014,882.9,inf
R039520,B066,1324.7,10800.0
R039521,B014,1317.1,inf
R039521,B066,872.5,10800.0
R039522,B014,912.9,inf
R039522,B066,1390.7,10800.0
R039522,B068,1390.7,inf
R039523,B014,1383.1,inf
R039523,B066,938.5,10800.0
R039523,B068,938.5,inf
R039524,B014,912.9,inf
R039524,B066,1390.7,10800.0
R039524,B067,1390.7,10800.0
R039525,B014,1383.1,inf
R039525,B066,938.5,10800.0
R039525,B067,938.5,10800.0
R039526,B014,942.9,inf
R039526,B066,1456.7,10800.0
R039526,B067,1456.7,10800.0
R039526,B068,1456.7,inf
R039527,B014,1449.1,inf
R039527,B066,1004.5,10800.0
R039527,B067,1004.5,10800.0
R039527,B068,1004.5,inf
R039528,B014,948.9,inf
R039528,B015,948.9,inf
R039528,B068,1390.7,inf
R039529,B014,1383.1,inf
R039529,B015,1383.1,inf
R039529,B068,902.5,inf
R039531,B014,1383.1,inf
R039531,B015,1383.1,inf
R039531,B067,902.5,10800.0
R039533,B014,1449.1,inf
R039533,B015,1449.1,inf
R039533,B067,968.5,10800.0
R039533,B068,968.5,inf
R039534,B014,948.9,inf
R039534,B015,948.9,inf
R039534,B066,1390.7,10800.0
R039535,B014,1383.1,inf
R039535,B015,1383.1,inf
R039535,B066,902.5,10800.0
R039536,B014,978.9,inf
R039536,B015,978.9,inf
R039536,B066,1456.7,10800.0
R039536,B068,1456.7,inf
R039537,B014,1449.1,inf
R039537,B015,1449.1,inf
R039537,B066,968.5,10800.0
R039537,B068,968.5,inf
R039538,B014,978.9,inf
R039538,B015,978.9,inf
R039538,B066,1456.7,10800.0
R039538,B067,1456.7,10800.0
R039539,B014,1449.1,inf
R039539,B015,1449.1,inf
R039539,B066,968.5,10800.0
R039539,B067,968.5,10800.0
R039540,B014,1008.9,inf
R039540,B015,1008.9,inf
R039540,B066,1522.7,10800.0
R039540,B067,1522.7,10800.0
R039540,B068,1522.7,inf
R039542,B011,882.9,inf
R039542,B068,1324.7,inf
R039544,B011,882.9,inf
R039544,B067,1324.7,10800.0
R039545,B011,1317.1,inf
R039545,B067,872.5,10800.0
R039548,B011,882.9,inf
R039548,B066,1324.7,10800.0
R039549,B011,1317.1,inf
R039549,B066,872.5,10800.0
R039550,B011,912.9,inf
R039550,B066,1390.7,10800.0
R039550,B068,1390.7,inf
R039551,B011,1383.1,inf
R039551,B066,938.5,10800.0
R039551,B068,938.5,inf
R039552,B011,912.9,inf
R039552,B066,1390.7,10800.0
R039552,B067,1390.7,10800.0
R039553,B011,1383.1,inf
R039553,B066,938.5,10800.0
R039553,B067,938.5,10800.0
R039554,B011,942.9,inf
R039554,B066,1456.7,10800.0
R039554,B067,1456.7,10800.0
R039554,B068,1456.7,inf
R039555,B011,1449.1,inf
R039555,B066,1004.5,10800.0
R039555,B067,1004.5,10800.0
R039555,B068,1004.5,inf
R039556,B011,948.9,inf
R039556,B014,948.9,inf
R039556,B068,1390.7,inf
R039557,B011,1383.1,inf
R039557,B014,1383.1,inf
R039557,B068,902.5,inf
R039558,B011,948.9,inf
R039558,B014,948.9,inf
R039558,B067,1390.7,10800.0
R039559,B011,1383.1,inf
R039559,B014,1383.1,inf
R039559,B067,902.5,10800.0
R039560,B011,978.9,inf
R039560,B014,978.9,inf
R039560,B067,1456.7,10800.0
R039560,B068,1456.7,inf
R039563,B011,1383.1,inf
R039563,B014,1383.1,inf
R039563,B066,902.5,10800.0
R039566,B011,978.9,inf
R039566,B014,978.9,inf
R039566,B066,1456.7,10800.0
R039566,B067,1456.7,10800.0
R039567,B011,1449.1,inf
R039567,B014,1449.1,inf
R039567,B066,968.5,10800.0
R039567,B067,968.5,10800.0
R039568,B011,1008.9,inf
R039568,B014,1008.9,inf
R039568,B066,1522.7,10800.0
R039568,B067,1522.7,10800.0
R039568,B068,1522.7,inf
R039569,B011,1515.1,inf
R039569,B014,1515.1,inf
R039569,B066,1034.5,10800.0
R039569,B067,1034.5,10800.0
R039569,B068,1034.5,inf
R039572,B011,1014.9,inf
R039572,B014,1014.9,inf
R039572,B015,1014.9,inf
R039572,B067,1456.7,10800.0
R039573,B011,1449.1,inf
R039573,B014,1449.1,inf
R039573,B015,1449.1,inf
R039573,B067,932.5,10800.0
R039574,B011,1044.9,inf
R039574,B014,1044.9,inf
R039574,B015,1044.9,inf
R039574,B067,1522.7,10800.0
R039574,B068,1522.7,inf
R039575,B011,1515.1,inf
R039575,B014,1515.1,inf
R039575,B015,1515.1,inf
R039575,B067,998.5,10800.0
R039575,B068,998.5,inf
R039577,B011,1449.1,inf
R039577,B014,1449.1,inf
R039577,B015,1449.1,inf
R039577,B066,932.5,10800.0
R039585,B011,1383.1,inf
R039585,B012,1383.1,inf
R039585,B068,902.5,inf
R039587,B011,1383.1,inf
R039587,B012,1383.1,inf
R039587,B067,902.5,10800.0
R039589,B011,1449.1,inf
R039589,B012,1449.1,inf
R039589,B067,968.5,10800.0
R039589,B068,968.5,inf
R039591,B011,1383.1,inf
R039591,B012,1383.1,inf
R039591,B066,902.5,10800.0
R039593,B011,1449.1,inf
R039593,B012,1449.1,inf
R039593,B066,968.5,10800.0
R039593,B068,968.5,inf
R039595,B011,1449.1,inf
R039595,B012,1449.1,inf
R039595,B066,968.5,10800.0
R039595,B067,968.5,10800.0
R039596,B011,1008.9,inf
R039596,B012,1008.9,inf
R039596,B066,1522.7,10800.0
R039596,B067,1522.7,10800.0
R039596,B068,1522.7,inf
R039597,B011,1515.1,inf
R039597,B012,1515.1,inf
R039597,B066,1034.5,10800.0
R039597,B067,1034.5,10800.0
R039597,B068,1034.5,inf
R039598,B011,1014.9,inf
R039598,B012,1014.9,inf
R039598,B014,1014.9,inf
R039598,B068,1456.7,inf
R039599,B011,1449.1,inf
R039599,B012,1449.1,inf
R039599,B014,1449.1,inf
R039599,B068,932.5,inf
R039601,B011,1449.1,inf
R039601,B012,1449.1,inf
R039601,B014,1449.1,inf
R039601,B067,932.5,10800.0
R039602,B011,1044.9,inf
R039602,B012,1044.9,inf
R039602,B014,1044.9,inf
R039602,B067,1522.7,10800.0
R039602,B068,1522.7,inf
R039603,B011,1515.1,inf
R039603,B012,1515.1,inf
R039603,B014,1515.1,inf
R039603,B067,998.5,10800.0
R039603,B068,998.5,inf
R039604,B011,1014.9,inf
R039604,B012,1014.9,inf
R039604,B014,1014.9,inf
R039604,B066,1456.7,10800.0
R039605,B011,1449.1,inf
R039605,B012,1449.1,inf
R039605,B014,1449.1,inf
R039605,B066,932.5,10800.0
R039606,B011,1044.9,inf
R039606,B012,1044.9,inf
R039606,B014,1044.9,inf
R039606,B066,1522.7,10800.0
R039606,B068,1522.7,inf
R039607,B011,1515.1,inf
R039607,B012,1515.1,inf
R039607,B014,1515.1,inf
R039607,B066,998.5,10800.0
R039607,B068,998.5,inf
R039615,B011,1515.1,inf
R039615,B012,1515.1,inf
R039615,B014,1515.1,inf
R039615,B015,1515.1,inf
R039615,B067,962.5,10800.0
R039619,B011,1515.1,inf
R039619,B012,1515.1,inf
R039619,B014,1515.1,inf
R039619,B015,1515.1,inf
R039619,B066,962.5,10800.0
R039629,B011,1449.1,inf
R039629,B012,1449.1,inf
R039629,B013,1449.1,inf
R039629,B067,932.5,10800.0
R039631,B011,1515.1,inf
R039631,B012,1515.1,inf
R039631,B013,1515.1,inf
R039631,B067,998.5,10800.0
R039631,B068,998.5,inf
R039633,B011,1449.1,inf
R039633,B012,1449.1,inf
R039633,B013,1449.1,inf
R039633,B066,932.5,10800.0
R039635,B011,1515.1,inf
R039635,B012,1515.1,inf
R039635,B013,1515.1,inf
R039635,B066,998.5,10800.0
R039635,B068,998.5,inf
R039643,B011,1515.1,inf
R039643,B012,1515.1,inf
R039643,B013,1515.1,inf
R039643,B014,1515.1,inf
R039643,B067,962.5,10800.0
R039647,B011,1515.1,inf
R039647,B012,1515.1,inf
R039647,B013,1515.1,inf
R039647,B014,1515.1,inf
R039647,B066,962.5,10800.0
R039657,B011,1581.1,inf
R039657,B012,1581.1,inf
R039657,B013,1581.1,inf
R039657,B014,1581.1,inf
R039657,B015,1581.1,inf
R039657,B067,992.5,10800.0
R039661,B011,1581.1,inf
R039661,B012,1581.1,inf
R039661,B013,1581.1,inf
R039661,B014,1581.1,inf
R039661,B015,1581.1,inf
R039661,B066,992.5,10800.0
R039668,B003,882.9,3600.0
R039668,B068,1324.7,inf
R039670,B003,882.9,3600.0
R039670,B067,1324.7,10800.0
R039674,B003,882.9,3600.0
R039674,B066,1324.7,10800.0
R039934,B003,1146.9,3600.0
R039934,B004,1146.9,inf
R039934,B011,1146.9,inf
R039934,B012,1146.9,inf
R039934,B014,1146.9,inf
R039934,B068,1588.7,inf
R040154,B003,1146.9,3600.0
R040154,B004,1146.9,inf
R040154,B005,1146.9,inf
R040154,B006,1146.9,inf
R040154,B007,1146.9,inf
R040154,B068,1588.7,inf
R040156,B003,1146.9,3600.0
R040156,B004,1146.9,inf
R040156,B005,1146.9,inf
R040156,B006,1146.9,inf
R040156,B007,1146.9,inf
R040156,B066,1588.7,10800.0
R040160,B001,882.9,3600.0
R040160,B068,1324.7,inf
R040161,B001,1317.1,3600.0
R040161,B068,872.5,inf
R040162,B001,882.9,3600.0
R040162,B067,1324.7,10800.0
R040163,B001,1317.1,3600.0
R040163,B067,872.5,10800.0
R040166,B001,882.9,3600.0
R040166,B066,1324.7,10800.0
R040167,B001,1317.1,3600.0
R040167,B066,872.5,10800.0
R040169,B001,1383.1,3600.0
R040169,B066,938.5,10800.0
R040169,B068,938.5,inf
R040171,B001,1383.1,3600.0
R040171,B066,938.5,10800.0
R040171,B067,938.5,10800.0
R040774,B001,1212.9,3600.0
R040774,B003,1212.9,3600.0
R040774,B004,1212.9,inf
R040774,B005,1212.9,inf
R040774,B006,1212.9,inf
R040774,B007,1212.9,inf
R040774,B066,1654.7,10800.0
R040777,B001,1383.1,3600.0
R040777,B002,1383.1,inf
R040777,B068,902.5,inf
R040779,B001,1383.1,3600.0
R040779,B002,1383.1,inf
R040779,B067,902.5,10800.0
R040782,B001,948.9,3600.0
R040782,B002,948.9,inf
R040782,B066,1390.7,10800.0
R041147,B001,1713.1,3600.0
R041147,B002,1713.1,inf
R041147,B003,1713.1,3600.0
R041147,B004,1713.1,inf
R041147,B014,1713.1,inf
R041147,B015,1713.1,inf
R041147,B066,1088.5,10800.0
R041147,B067,1088.5,10800.0
R041360,B014,882.9,inf
R041360,B071,1590.5,inf
R041362,B014,882.9,inf
R041362,B070,1590.5,3600.0
R041365,B014,2033.4,inf
R041365,B070,1316.2,3600.0
R041365,B071,1316.2,inf
R041367,B014,1967.4,inf
R041367,B069,1250.2,3600.0
R041370,B014,912.9,inf
R041370,B069,1656.5,3600.0
R041370,B070,1656.5,3600.0
R041371,B014,2033.4,inf
R041371,B069,1316.2,3600.0
R041371,B070,1316.2,3600.0
R041372,B014,942.9,inf
R041372,B069,1722.5,3600.0
R041372,B070,1722.5,3600.0
R041372,B071,1722.5,inf
R041373,B014,2099.4,inf
R041373,B069,1382.2,3600.0
R041373,B070,1382.2,3600.0
R041373,B071,1382.2,inf
R041381,B014,2033.4,inf
R041381,B015,2033.4,inf
R041381,B069,1280.2,3600.0
R041388,B011,882.9,inf
R041388,B071,1590.5,inf
R041389,B011,1967.4,inf
R041389,B071,1250.2,inf
R041391,B011,1967.4,inf
R041391,B070,1250.2,3600.0
R041392,B011,912.9,inf
R041392,B070,1656.5,3600.0
R041392,B071,1656.5,inf
R041393,B011,2033.4,inf
R041393,B070,1316.2,3600.0
R041393,B071,1316.2,inf
R041395,B011,1967.4,inf
R041395,B069,1250.2,3600.0
R041396,B011,912.9,inf
R041396,B069,1656.5,3600.0
R041396,B071,1656.5,inf
R041397,B011,2033.4,inf
R041397,B069,1316.2,3600.0
R041397,B071,1316.2,inf
R041400,B011,942.9,inf
R041400,B069,1722.5,3600.0
R041400,B070,1722.5,3600.0
R041400,B071,1722.5,inf
R041401,B011,2099.4,inf
R041401,B069,1382.2,3600.0
R041401,B070,1382.2,3600.0
R041401,B071,1382.2,inf
R041419,B011,2099.4,inf
R041419,B014,2099.4,inf
R041419,B015,2099.4,inf
R041419,B070,1310.2,3600.0
R041423,B011,2099.4,inf
R041423,B014,2099.4,inf
R041423,B015,2099.4,inf
R041423,B069,1310.2,3600.0
R041433,B011,2033.4,inf
R041433,B012,2033.4,inf
R041433,B070,1280.2,3600.0
R041437,B011,2033.4,inf
R041437,B012,2033.4,inf
R041437,B069,1280.2,3600.0
R041445,B011,2099.4,inf
R041445,B012,2099.4,inf
R041445,B014,2099.4,inf
R041445,B071,1310.2,inf
R041459,B011,2165.4,inf
R041459,B012,2165.4,inf
R041459,B014,2165.4,inf
R041459,B015,2165.4,inf
R041459,B071,1340.2,inf
R041513,B003,882.9,3600.0
R041513,B071,1590.5,inf
R041864,B003,1146.9,3600.0
R041864,B004,1146.9,inf
R041864,B005,1146.9,inf
R041864,B006,1146.9,inf
R041864,B007,1146.9,inf
R041864,B071,1854.5,inf
R041867,B001,882.9,3600.0
R041867,B071,1590.5,inf
R041869,B001,882.9,3600.0
R041869,B070,1590.5,3600.0
R041873,B001,882.9,3600.0
R041873,B069,1590.5,3600.0
R042076,B001,2099.4,3600.0
R042076,B003,2099.4,3600.0
R042076,B011,2099.4,inf
R042076,B071,1310.2,inf
R042104,B001,2231.4,3600.0
R042104,B003,2231.4,3600.0
R042104,B011,2231.4,inf
R042104,B014,2231.4,inf
R042104,B015,2231.4,inf
R042104,B071,1370.2,inf
R042117,B001,2165.4,3600.0
R042117,B003,2165.4,3600.0
R042117,B011,2165.4,inf
R042117,B012,2165.4,inf
R042117,B071,1340.2,inf
R042131,B001,2231.4,3600.0
R042131,B003,2231.4,3600.0
R042131,B011,2231.4,inf
R042131,B012,2231.4,inf
R042131,B014,2231.4,inf
R042131,B071,1370.2,inf
R042143,B001,2297.4,3600.0
R042143,B003,2297.4,3600.0
R042143,B011,2297.4,inf
R042143,B012,2297.4,inf
R042143,B014,2297.4,inf
R042143,B015,2297.4,inf
R042143,B071,1400.2,inf
R042180,B001,2099.4,3600.0
R042180,B003,2099.4,3600.0
R042180,B004,2099.4,inf
R042180,B071,1310.2,inf
R042263,B001,1278.9,3600.0
R042263,B003,1278.9,3600.0
R042263,B004,1278.9,inf
R042263,B011,1278.9,inf
R042263,B012,1278.9,inf
R042263,B014,1278.9,inf
R042263,B015,1278.9,inf
R042263,B070,1986.5,3600.0
R042279,B001,1344.9,3600.0
R042279,B003,1344.9,3600.0
R042279,B004,1344.9,inf
R042279,B011,1344.9,inf
R042279,B012,1344.9,inf
R042279,B013,1344.9,inf
R042279,B014,1344.9,inf
R042279,B015,1344.9,inf
R042279,B071,2052.5,inf
R042356,B001,948.9,3600.0
R042356,B002,948.9,inf
R042356,B069,1656.5,3600.0
R042504,B001,2363.4,3600.0
R042504,B002,2363.4,inf
R042504,B011,2363.4,inf
R042504,B012,2363.4,inf
R042504,B013,2363.4,inf
R042504,B014,2363.4,inf
R042504,B015,2363.4,inf
R042504,B071,1430.2,inf
R042506,B001,2363.4,3600.0
R042506,B002,2363.4,inf
R042506,B011,2363.4,inf
R042506,B012,2363.4,inf
R042506,B013,2363.4,inf
R042506,B014,2363.4,inf
R042506,B015,2363.4,inf
R042506,B070,1430.2,3600.0
R042587,B001,2297.4,3600.0
R042587,B002,2297.4,inf
R042587,B003,2297.4,3600.0
R042587,B011,2297.4,inf
R042587,B014,2297.4,inf
R042587,B015,2297.4,inf
R042587,B070,1400.2,3600.0
R042590,B001,2297.4,3600.0
R042590,B002,2297.4,inf
R042590,B003,2297.4,3600.0
R042590,B011,2297.4,inf
R042590,B014,2297.4,inf
R042590,B015,2297.4,inf
R042590,B069,1400.2,3600.0
R042599,B001,2231.4,3600.0
R042599,B002,2231.4,inf
R042599,B003,2231.4,3600.0
R042599,B011,2231.4,inf
R042599,B012,2231.4,inf
R042599,B070,1370.2,3600.0
R042612,B001,2297.4,3600.0
R042612,B002,2297.4,inf
R042612,B003,2297.4,3600.0
R042612,B011,2297.4,inf
R042612,B012,2297.4,inf
R042612,B014,2297.4,inf
R042612,B070,1400.2,3600.0
R042646,B001,1344.9,3600.0
R042646,B002,1344.9,inf
R042646,B003,1344.9,3600.0
R042646,B011,1344.9,inf
R042646,B012,1344.9,inf
R042646,B013,1344.9,inf
R042646,B014,1344.9,inf
R042646,B015,1344.9,inf
R042646,B071,2052.5,inf
R042647,B001,1344.9,3600.0
R042647,B002,1344.9,inf
R042647,B003,1344.9,3600.0
R042647,B011,1344.9,inf
R042647,B012,1344.9,inf
R042647,B013,1344.9,inf
R042647,B014,1344.9,inf
R042647,B015,1344.9,inf
R042647,B070,2052.5,3600.0
R042650,B001,1374.9,3600.0
R042650,B002,1374.9,inf
R042650,B003,1374.9,3600.0
R042650,B011,1374.9,inf
R042650,B012,1374.9,inf
R042650,B013,1374.9,inf
R042650,B014,1374.9,inf
R042650,B015,1374.9,inf
R042650,B069,2118.5,3600.0
R042650,B070,2118.5,3600.0
R042654,B001,2165.4,3600.0
R042654,B002,2165.4,inf
R042654,B003,2165.4,3600.0
R042654,B004,2165.4,inf
R042654,B070,1340.2,3600.0
R042668,B001,2231.4,3600.0
R042668,B002,2231.4,inf
R042668,B003,2231.4,3600.0
R042668,B004,2231.4,inf
R042668,B014,2231.4,inf
R042668,B070,1370.2,3600.0
R042682,B001,2297.4,3600.0
R042682,B002,2297.4,inf
R042682,B003,2297.4,3600.0
R042682,B004,2297.4,inf
R042682,B014,2297.4,inf
R042682,B015,2297.4,inf
R042682,B069,1400.2,3600.0
R042689,B001,2231.4,3600.0
R042689,B002,2231.4,inf
R042689,B003,2231.4,3600.0
R042689,B004,2231.4,inf
R042689,B011,2231.4,inf
R042689,B070,1370.2,3600.0
R042701,B001,2297.4,3600.0
R042701,B002,2297.4,inf
R042701,B003,2297.4,3600.0
R042701,B004,2297.4,inf
R042701,B011,2297.4,inf
R042701,B014,2297.4,inf
R042701,B069,1400.2,3600.0
R042716,B001,2297.4,3600.0
R042716,B002,2297.4,inf
R042716,B003,2297.4,3600.0
R042716,B004,2297.4,inf
R042716,B011,2297.4,inf
R042716,B012,2297.4,inf
R042716,B069,1400.2,3600.0
R042726,B001,1344.9,3600.0
R042726,B002,1344.9,inf
R042726,B003,1344.9,3600.0
R042726,B004,1344.9,inf
R042726,B011,1344.9,inf
R042726,B012,1344.9,inf
R042726,B014,1344.9,inf
R042726,B015,1344.9,inf
R042726,B071,2052.5,inf
R042727,B001,1344.9,3600.0
R042727,B002,1344.9,inf
R042727,B003,1344.9,3600.0
R042727,B004,1344.9,inf
R042727,B011,1344.9,inf
R042727,B012,1344.9,inf
R042727,B014,1344.9,inf
R042727,B015,1344.9,inf
R042727,B070,2052.5,3600.0
R042728,B001,1344.9,3600.0
R042728,B002,1344.9,inf
R042728,B003,1344.9,3600.0
R042728,B004,1344.9,inf
R042728,B011,1344.9,inf
R042728,B012,1344.9,inf
R042728,B014,1344.9,inf
R042728,B015,1344.9,inf
R042728,B069,2052.5,3600.0
R042730,B001,1374.9,3600.0
R042730,B002,1374.9,inf
R042730,B003,1374.9,3600.0
R042730,B004,1374.9,inf
R042730,B011,1374.9,inf
R042730,B012,1374.9,inf
R042730,B014,1374.9,inf
R042730,B015,1374.9,inf
R042730,B069,2118.5,3600.0
R042730,B070,2118.5,3600.0
R042732,B001,1278.9,3600.0
R042732,B002,1278.9,inf
R042732,B003,1278.9,3600.0
R042732,B004,1278.9,inf
R042732,B011,1278.9,inf
R042732,B012,1278.9,inf
R042732,B013,1278.9,inf
R042732,B070,1986.5,3600.0
R042737,B001,1344.9,3600.0
R042737,B002,1344.9,inf
R042737,B003,1344.9,3600.0
R042737,B004,1344.9,inf
R042737,B011,1344.9,inf
R042737,B012,1344.9,inf
R042737,B013,1344.9,inf
R042737,B014,1344.9,inf
R042737,B071,2052.5,inf
R042738,B001,1344.9,3600.0
R042738,B002,1344.9,inf
R042738,B003,1344.9,3600.0
R042738,B004,1344.9,inf
R042738,B011,1344.9,inf
R042738,B012,1344.9,inf
R042738,B013,1344.9,inf
R042738,B014,1344.9,inf
R042738,B070,2052.5,3600.0
R042741,B001,1410.9,3600.0
R042741,B002,1410.9,inf
R042741,B003,1410.9,3600.0
R042741,B004,1410.9,inf
R042741,B011,1410.9,inf
R042741,B012,1410.9,inf
R042741,B013,1410.9,inf
R042741,B014,1410.9,inf
R042741,B015,1410.9,inf
R042741,B069,2118.5,3600.0
R042746,B001,2231.4,3600.0
R042746,B002,2231.4,inf
R042746,B003,2231.4,3600.0
R042746,B004,2231.4,inf
R042746,B005,2231.4,inf
R042746,B069,1370.2,3600.0
R042773,B001,1344.9,3600.0
R042773,B002,1344.9,inf
R042773,B003,1344.9,3600.0
R042773,B004,1344.9,inf
R042773,B005,1344.9,inf
R042773,B011,1344.9,inf
R042773,B014,1344.9,inf
R042773,B015,1344.9,inf
R042773,B071,2052.5,inf
R042774,B001,1344.9,3600.0
R042774,B002,1344.9,inf
R042774,B003,1344.9,3600.0
R042774,B004,1344.9,inf
R042774,B005,1344.9,inf
R042774,B011,1344.9,inf
R042774,B014,1344.9,inf
R042774,B015,1344.9,inf
R042774,B069,2052.5,3600.0
R042780,B001,1344.9,3600.0
R042780,B002,1344.9,inf
R042780,B003,1344.9,3600.0
R042780,B004,1344.9,inf
R042780,B005,1344.9,inf
R042780,B011,1344.9,inf
R042780,B012,1344.9,inf
R042780,B014,1344.9,inf
R042780,B071,2052.5,inf
R042781,B001,1344.9,3600.0
R042781,B002,1344.9,inf
R042781,B003,1344.9,3600.0
R042781,B004,1344.9,inf
R042781,B005,1344.9,inf
R042781,B011,1344.9,inf
R042781,B012,1344.9,inf
R042781,B014,1344.9,inf
R042781,B069,2052.5,3600.0
R042782,B001,1410.9,3600.0
R042782,B002,1410.9,inf
R042782,B003,1410.9,3600.0
R042782,B004,1410.9,inf
R042782,B005,1410.9,inf
R042782,B011,1410.9,inf
R042782,B012,1410.9,inf
R042782,B014,1410.9,inf
R042782,B015,1410.9,inf
R042782,B069,2118.5,3600.0
R042783,B001,1344.9,3600.0
R042783,B002,1344.9,inf
R042783,B003,1344.9,3600.0
R042783,B004,1344.9,inf
R042783,B005,1344.9,inf
R042783,B011,1344.9,inf
R042783,B012,1344.9,inf
R042783,B013,1344.9,inf
R042783,B071,2052.5,inf
R042784,B001,1344.9,3600.0
R042784,B002,1344.9,inf
R042784,B003,1344.9,3600.0
R042784,B004,1344.9,inf
R042784,B005,1344.9,inf
R042784,B011,1344.9,inf
R042784,B012,1344.9,inf
R042784,B013,1344.9,inf
R042784,B069,2052.5,3600.0
R042793,B001,1344.9,3600.0
R042793,B002,1344.9,inf
R042793,B003,1344.9,3600.0
R042793,B004,1344.9,inf
R042793,B005,1344.9,inf
R042793,B006,1344.9,inf
R042793,B014,1344.9,inf
R042793,B015,1344.9,inf
R042793,B069,2052.5,3600.0
R042796,B001,1344.9,3600.0
R042796,B002,1344.9,inf
R042796,B003,1344.9,3600.0
R042796,B004,1344.9,inf
R042796,B005,1344.9,inf
R042796,B006,1344.9,inf
R042796,B011,1344.9,inf
R042796,B014,1344.9,inf
R042796,B069,2052.5,3600.0
R042798,B014,882.9,inf
R042798,B074,1382.9,inf
R042800,B014,882.9,inf
R042800,B073,1382.9,3600.0
R042801,B014,1548.4,inf
R042801,B073,1031.6,3600.0
R042804,B014,882.9,inf
R042804,B072,1382.9,3600.0
R042821,B014,1680.4,inf
R042821,B015,1680.4,inf
R042821,B072,1127.6,3600.0
R042821,B074,1127.6,inf
R042823,B014,1680.4,inf
R042823,B015,1680.4,inf
R042823,B072,1127.6,3600.0
R042823,B073,1127.6,3600.0
R042824,B014,1008.9,inf
R042824,B015,1008.9,inf
R042824,B072,1580.9,3600.0
R042824,B073,1580.9,3600.0
R042824,B074,1580.9,inf
R042825,B014,1746.4,inf
R042825,B015,1746.4,inf
R042825,B072,1193.6,3600.0
R042825,B073,1193.6,3600.0
R042825,B074,1193.6,inf
R042826,B011,882.9,inf
R042826,B074,1382.9,inf
R042827,B011,1548.4,inf
R042827,B074,1031.6,inf
R042828,B011,882.9,inf
R042828,B073,1382.9,3600.0
R042829,B011,1548.4,inf
R042829,B073,1031.6,3600.0
R042830,B011,912.9,inf
R042830,B073,1448.9,3600.0
R042830,B074,1448.9,inf
R042831,B011,1614.4,inf
R042831,B073,1097.6,3600.0
R042831,B074,1097.6,inf
R042832,B011,882.9,inf
R042832,B072,1382.9,3600.0
R042833,B011,1548.4,inf
R042833,B072,1031.6,3600.0
R042834,B011,912.9,inf
R042834,B072,1448.9,3600.0
R042834,B074,1448.9,inf
R042849,B011,1680.4,inf
R042849,B014,1680.4,inf
R042849,B072,1127.6,3600.0
R042849,B074,1127.6,inf
R042952,B003,882.9,3600.0
R042952,B074,1382.9,inf
R042953,B003,1548.4,3600.0
R042953,B074,1031.6,inf
R042954,B003,882.9,3600.0
R042954,B073,1382.9,3600.0
R042955,B003,1548.4,3600.0
R042955,B073,1031.6,3600.0
R042958,B003,882.9,3600.0
R042958,B072,1382.9,3600.0
R042959,B003,1548.4,3600.0
R042959,B072,1031.6,3600.0
R043237,B003,1944.4,3600.0
R043237,B004,1944.4,inf
R043237,B011,1944.4,inf
R043237,B012,1944.4,inf
R043237,B014,1944.4,inf
R043237,B015,1944.4,inf
R043237,B073,1247.6,3600.0
R043237,B074,1247.6,inf
R043266,B003,1242.9,3600.0
R043266,B004,1242.9,inf
R043266,B011,1242.9,inf
R043266,B012,1242.9,inf
R043266,B013,1242.9,inf
R043266,B014,1242.9,inf
R043266,B072,1778.9,3600.0
R043266,B074,1778.9,inf
R043289,B003,1746.4,3600.0
R043289,B004,1746.4,inf
R043289,B005,1746.4,inf
R043289,B072,1157.6,3600.0
R043289,B073,1157.6,3600.0
R043444,B001,882.9,3600.0
R043444,B074,1382.9,inf
R043445,B001,1548.4,3600.0
R043445,B074,1031.6,inf
R043446,B001,882.9,3600.0
R043446,B073,1382.9,3600.0
R043447,B001,1548.4,3600.0
R043447,B073,1031.6,3600.0
R043450,B001,882.9,3600.0
R043450,B072,1382.9,3600.0
R043451,B001,1548.4,3600.0
R043451,B072,1031.6,3600.0
R044060,B001,948.9,3600.0
R044060,B002,948.9,inf
R044060,B074,1448.9,inf
R044062,B001,948.9,3600.0
R044062,B002,948.9,inf
R044062,B073,1448.9,3600.0
R044066,B001,948.9,3600.0
R044066,B002,948.9,inf
R044066,B072,1448.9,3600.0
R044647,B014,2113.1,inf
R044647,B076,1242.9,3600.0
R044667,B014,2245.1,inf
R044667,B015,2245.1,inf
R044667,B075,1338.9,3600.0
R044667,B077,1338.9,inf
R044669,B014,2245.1,inf
R044669,B015,2245.1,inf
R044669,B075,1338.9,3600.0
R044669,B076,1338.9,3600.0
R044670,B014,1008.9,inf
R044670,B015,1008.9,inf
R044670,B075,1934.4,3600.0
R044670,B076,1934.4,3600.0
R044670,B077,1934.4,inf
R044671,B014,2311.1,inf
R044671,B015,2311.1,inf
R044671,B075,1404.9,3600.0
R044671,B076,1404.9,3600.0
R044671,B077,1404.9,inf
R044672,B011,882.9,inf
R044672,B077,1736.4,inf
R044673,B011,2113.1,inf
R044673,B077,1242.9,inf
R044674,B011,882.9,inf
R044674,B076,1736.4,3600.0
R044675,B011,2113.1,inf
R044675,B076,1242.9,3600.0
R044676,B011,912.9,inf
R044676,B076,1802.4,3600.0
R044676,B077,1802.4,inf
R044677,B011,2179.1,inf
R044677,B076,1308.9,3600.0
R044677,B077,1308.9,inf
R044678,B011,882.9,inf
R044678,B075,1736.4,3600.0
R044679,B011,2113.1,inf
R044679,B075,1242.9,3600.0
R044680,B011,912.9,inf
R044680,B075,1802.4,3600.0
R044680,B077,1802.4,inf
R044681,B011,2179.1,inf
R044681,B075,1308.9,3600.0
R044681,B077,1308.9,inf
R044915,B003,2443.1,3600.0
R044915,B011,2443.1,inf
R044915,B012,2443.1,inf
R044915,B014,2443.1,inf
R044915,B015,2443.1,inf
R044915,B076,1428.9,3600.0
R044915,B077,1428.9,inf
R044936,B003,1140.9,3600.0
R044936,B011,1140.9,inf
R044936,B012,1140.9,inf
R044936,B013,1140.9,inf
R044936,B075,2066.4,3600.0
R044936,B076,2066.4,3600.0
R044936,B077,2066.4,inf
R044950,B003,1206.9,3600.0
R044950,B011,1206.9,inf
R044950,B012,1206.9,inf
R044950,B013,1206.9,inf
R044950,B014,1206.9,inf
R044950,B075,2132.4,3600.0
R044950,B076,2132.4,3600.0
R044950,B077,2132.4,inf
R045207,B003,1146.9,3600.0
R045207,B004,1146.9,inf
R045207,B005,1146.9,inf
R045207,B006,1146.9,inf
R045207,B007,1146.9,inf
R045207,B077,2000.4,inf
R046267,B014,948.9,inf
R046267,B015,948.9,inf
R046267,B080,1757.9,inf
R046276,B014,2173.6,inf
R046276,B015,2173.6,inf
R046276,B078,1299.6,7200.0
R046276,B080,1299.6,inf
R046278,B014,2173.6,inf
R046278,B015,2173.6,inf
R046278,B078,1299.6,7200.0
R046278,B079,1299.6,10800.0
R046279,B014,1008.9,inf
R046279,B015,1008.9,inf
R046279,B078,1889.9,7200.0
R046279,B079,1889.9,10800.0
R046279,B080,1889.9,inf
R046280,B014,2239.6,inf
R046280,B015,2239.6,inf
R046280,B078,1365.6,7200.0
R046280,B079,1365.6,10800.0
R046280,B080,1365.6,inf
R046281,B011,882.9,inf
R046281,B080,1691.9,inf
R046282,B011,2041.6,inf
R046282,B080,1203.6,inf
R046283,B011,882.9,inf
R046283,B079,1691.9,10800.0
R046284,B011,2041.6,inf
R046284,B079,1203.6,10800.0
R046285,B011,912.9,inf
R046285,B079,1757.9,10800.0
R046285,B080,1757.9,inf
R046286,B011,2107.6,inf
R046286,B079,1269.6,10800.0
R046286,B080,1269.6,inf
R046287,B011,882.9,inf
R046287,B078,1691.9,7200.0
R046288,B011,2041.6,inf
R046288,B078,1203.6,7200.0
R046289,B011,912.9,inf
R046289,B078,1757.9,7200.0
R046289,B080,1757.9,inf
R046290,B011,2107.6,inf
R046290,B078,1269.6,7200.0
R046290,B080,1269.6,inf
R046309,B011,1014.9,inf
R046309,B014,1014.9,inf
R046309,B015,1014.9,inf
R046309,B080,1823.9,inf
R046371,B011,1014.9,inf
R046371,B012,1014.9,inf
R046371,B013,1014.9,inf
R046371,B078,1823.9,7200.0
R046407,B003,882.9,3600.0
R046407,B080,1691.9,inf
R046409,B003,882.9,3600.0
R046409,B079,1691.9,10800.0
R046413,B003,882.9,3600.0
R046413,B078,1691.9,7200.0
R046421,B003,948.9,3600.0
R046421,B014,948.9,inf
R046421,B080,1757.9,inf
R046423,B003,948.9,3600.0
R046423,B014,948.9,inf
R046423,B079,1757.9,10800.0
R046437,B003,1014.9,3600.0
R046437,B014,1014.9,inf
R046437,B015,1014.9,inf
R046437,B079,1823.9,10800.0
R046451,B003,948.9,3600.0
R046451,B011,948.9,inf
R046451,B079,1757.9,10800.0
R046493,B003,1014.9,3600.0
R046493,B011,1014.9,inf
R046493,B012,1014.9,inf
R046493,B079,1823.9,10800.0
R046569,B003,948.9,3600.0
R046569,B004,948.9,inf
R046569,B079,1757.9,10800.0
R046573,B003,948.9,3600.0
R046573,B004,948.9,inf
R046573,B078,1757.9,7200.0
R046650,B003,1110.9,3600.0
R046650,B004,1110.9,inf
R046650,B011,1110.9,inf
R046650,B012,1110.9,inf
R046650,B079,1955.9,10800.0
R046650,B080,1955.9,inf
R046671,B003,1242.9,3600.0
R046671,B004,1242.9,inf
R046671,B011,1242.9,inf
R046671,B012,1242.9,inf
R046671,B014,1242.9,inf
R046671,B015,1242.9,inf
R046671,B078,2087.9,7200.0
R046671,B080,2087.9,inf
R046690,B003,1308.9,3600.0
R046690,B004,1308.9,inf
R046690,B011,1308.9,inf
R046690,B012,1308.9,inf
R046690,B013,1308.9,inf
R046690,B014,1308.9,inf
R046690,B015,1308.9,inf
R046690,B078,2153.9,7200.0
R046690,B080,2153.9,inf
R046760,B003,1080.9,3600.0
R046760,B004,1080.9,inf
R046760,B005,1080.9,inf
R046760,B006,1080.9,inf
R046760,B080,1889.9,inf
R046761,B003,1080.9,3600.0
R046761,B004,1080.9,inf
R046761,B005,1080.9,inf
R046761,B006,1080.9,inf
R046761,B079,1889.9,10800.0
R046783,B003,1146.9,3600.0
R046783,B004,1146.9,inf
R046783,B005,1146.9,inf
R046783,B006,1146.9,inf
R046783,B007,1146.9,inf
R046783,B080,1955.9,inf
R046784,B003,1146.9,3600.0
R046784,B004,1146.9,inf
R046784,B005,1146.9,inf
R046784,B006,1146.9,inf
R046784,B007,1146.9,inf
R046784,B078,1955.9,7200.0
R046792,B001,882.9,3600.0
R046792,B078,1691.9,7200.0
R046870,B001,1014.9,3600.0
R046870,B011,1014.9,inf
R046870,B012,1014.9,inf
R046870,B080,1823.9,inf
R046876,B001,1014.9,3600.0
R046876,B011,1014.9,inf
R046876,B012,1014.9,inf
R046876,B078,1823.9,7200.0
R046960,B001,948.9,3600.0
R046960,B003,948.9,3600.0
R046960,B078,1757.9,7200.0
R046974,B001,1014.9,3600.0
R046974,B003,1014.9,3600.0
R046974,B014,1014.9,inf
R046974,B078,1823.9,7200.0
R046996,B001,1014.9,3600.0
R046996,B003,1014.9,3600.0
R046996,B011,1014.9,inf
R046996,B080,1823.9,inf
R047002,B001,1014.9,3600.0
R047002,B003,1014.9,3600.0
R047002,B011,1014.9,inf
R047002,B078,1823.9,7200.0
R047103,B001,1278.9,3600.0
R047103,B003,1278.9,3600.0
R047103,B011,1278.9,inf
R047103,B012,1278.9,inf
R047103,B013,1278.9,inf
R047103,B014,1278.9,inf
R047103,B015,1278.9,inf
R047103,B079,2087.9,10800.0
R047109,B001,1014.9,3600.0
R047109,B003,1014.9,3600.0
R047109,B004,1014.9,inf
R047109,B080,1823.9,inf
R047115,B001,1014.9,3600.0
R047115,B003,1014.9,3600.0
R047115,B004,1014.9,inf
R047115,B078,1823.9,7200.0
R047204,B001,1278.9,3600.0
R047204,B003,1278.9,3600.0
R047204,B004,1278.9,inf
R047204,B011,1278.9,inf
R047204,B012,1278.9,inf
R047204,B014,1278.9,inf
R047204,B015,1278.9,inf
R047204,B079,2087.9,10800.0
R047216,B001,1278.9,3600.0
R047216,B003,1278.9,3600.0
R047216,B004,1278.9,inf
R047216,B011,1278.9,inf
R047216,B012,1278.9,inf
R047216,B013,1278.9,inf
R047216,B014,1278.9,inf
R047216,B079,2087.9,10800.0
R047220,B001,1344.9,3600.0
R047220,B003,1344.9,3600.0
R047220,B004,1344.9,inf
R047220,B011,1344.9,inf
R047220,B012,1344.9,inf
R047220,B013,1344.9,inf
R047220,B014,1344.9,inf
R047220,B015,1344.9,inf
R047220,B080,2153.9,inf
R047263,B001,1278.9,3600.0
R047263,B003,1278.9,3600.0
R047263,B004,1278.9,inf
R047263,B005,1278.9,inf
R047263,B011,1278.9,inf
R047263,B014,1278.9,inf
R047263,B015,1278.9,inf
R047263,B079,2087.9,10800.0
R047275,B001,1278.9,3600.0
R047275,B003,1278.9,3600.0
R047275,B004,1278.9,inf
R047275,B005,1278.9,inf
R047275,B011,1278.9,inf
R047275,B012,1278.9,inf
R047275,B013,1278.9,inf
R047275,B080,2087.9,inf
R047298,B001,948.9,3600.0
R047298,B002,948.9,inf
R047298,B079,1757.9,10800.0
R047312,B001,1014.9,3600.0
R047312,B002,1014.9,inf
R047312,B014,1014.9,inf
R047312,B079,1823.9,10800.0
R047340,B001,1014.9,3600.0
R047340,B002,1014.9,inf
R047340,B011,1014.9,inf
R047340,B079,1823.9,10800.0
R047605,B001,1344.9,3600.0
R047605,B002,1344.9,inf
R047605,B003,1344.9,3600.0
R047605,B011,1344.9,inf
R047605,B012,1344.9,inf
R047605,B013,1344.9,inf
R047605,B014,1344.9,inf
R047605,B015,1344.9,inf
R047605,B080,2153.9,inf
R047606,B001,1344.9,3600.0
R047606,B002,1344.9,inf
R047606,B003,1344.9,3600.0
R047606,B011,1344.9,inf
R047606,B012,1344.9,inf
R047606,B013,1344.9,inf
R047606,B014,1344.9,inf
R047606,B015,1344.9,inf
R047606,B079,2153.9,10800.0
R047607,B001,1344.9,3600.0
R047607,B002,1344.9,inf
R047607,B003,1344.9,3600.0
R047607,B011,1344.9,inf
R047607,B012,1344.9,inf
R047607,B013,1344.9,inf
R047607,B014,1344.9,inf
R047607,B015,1344.9,inf
R047607,B078,2153.9,7200.0
R047695,B001,1344.9,3600.0
R047695,B002,1344.9,inf
R047695,B003,1344.9,3600.0
R047695,B004,1344.9,inf
R047695,B011,1344.9,inf
R047695,B012,1344.9,inf
R047695,B014,1344.9,inf
R047695,B015,1344.9,inf
R047695,B080,2153.9,inf
R047696,B001,1344.9,3600.0
R047696,B002,1344.9,inf
R047696,B003,1344.9,3600.0
R047696,B004,1344.9,inf
R047696,B011,1344.9,inf
R047696,B012,1344.9,inf
R047696,B014,1344.9,inf
R047696,B015,1344.9,inf
R047696,B079,2153.9,10800.0
R047706,B001,1344.9,3600.0
R047706,B002,1344.9,inf
R047706,B003,1344.9,3600.0
R047706,B004,1344.9,inf
R047706,B011,1344.9,inf
R047706,B012,1344.9,inf
R047706,B013,1344.9,inf
R047706,B014,1344.9,inf
R047706,B080,2153.9,inf
R047707,B001,1344.9,3600.0
R047707,B002,1344.9,inf
R047707,B003,1344.9,3600.0
R047707,B004,1344.9,inf
R047707,B011,1344.9,inf
R047707,B012,1344.9,inf
R047707,B013,1344.9,inf
R047707,B014,1344.9,inf
R047707,B079,2153.9,10800.0
R047710,B001,1410.9,3600.0
R047710,B002,1410.9,inf
R047710,B003,1410.9,3600.0
R047710,B004,1410.9,inf
R047710,B011,1410.9,inf
R047710,B012,1410.9,inf
R047710,B013,1410.9,inf
R047710,B014,1410.9,inf
R047710,B015,1410.9,inf
R047710,B078,2219.9,7200.0
R047730,B001,1278.9,3600.0
R047730,B002,1278.9,inf
R047730,B003,1278.9,3600.0
R047730,B004,1278.9,inf
R047730,B005,1278.9,inf
R047730,B014,1278.9,inf
R047730,B015,1278.9,inf
R047730,B079,2087.9,10800.0
R047745,B001,1344.9,3600.0
R047745,B002,1344.9,inf
R047745,B003,1344.9,3600.0
R047745,B004,1344.9,inf
R047745,B005,1344.9,inf
R047745,B011,1344.9,inf
R047745,B014,1344.9,inf
R047745,B015,1344.9,inf
R047745,B080,2153.9,inf
R047746,B001,1344.9,3600.0
R047746,B002,1344.9,inf
R047746,B003,1344.9,3600.0
R047746,B004,1344.9,inf
R047746,B005,1344.9,inf
R047746,B011,1344.9,inf
R047746,B014,1344.9,inf
R047746,B015,1344.9,inf
R047746,B078,2153.9,7200.0
R047752,B001,1344.9,3600.0
R047752,B002,1344.9,inf
R047752,B003,1344.9,3600.0
R047752,B004,1344.9,inf
R047752,B005,1344.9,inf
R047752,B011,1344.9,inf
R047752,B012,1344.9,inf
R047752,B014,1344.9,inf
R047752,B080,2153.9,inf
R047753,B001,1344.9,3600.0
R047753,B002,1344.9,inf
R047753,B003,1344.9,3600.0
R047753,B004,1344.9,inf
R047753,B005,1344.9,inf
R047753,B011,1344.9,inf
R047753,B012,1344.9,inf
R047753,B014,1344.9,inf
R047753,B078,2153.9,7200.0
R047754,B001,1410.9,3600.0
R047754,B002,1410.9,inf
R047754,B003,1410.9,3600.0
R047754,B004,1410.9,inf
R047754,B005,1410.9,inf
R047754,B011,1410.9,inf
R047754,B012,1410.9,inf
R047754,B014,1410.9,inf
R047754,B015,1410.9,inf
R047754,B078,2219.9,7200.0
R047755,B001,1344.9,3600.0
R047755,B002,1344.9,inf
R047755,B003,1344.9,3600.0
R047755,B004,1344.9,inf
R047755,B005,1344.9,inf
R047755,B011,1344.9,inf
R047755,B012,1344.9,inf
R047755,B013,1344.9,inf
R047755,B080,2153.9,inf
R047756,B001,1344.9,3600.0
R047756,B002,1344.9,inf
R047756,B003,1344.9,3600.0
R047756,B004,1344.9,inf
R047756,B005,1344.9,inf
R047756,B011,1344.9,inf
R047756,B012,1344.9,inf
R047756,B013,1344.9,inf
R047756,B078,2153.9,7200.0
R047765,B001,1344.9,3600.0
R047765,B002,1344.9,inf
R047765,B003,1344.9,3600.0
R047765,B004,1344.9,inf
R047765,B005,1344.9,inf
R047765,B006,1344.9,inf
R047765,B014,1344.9,inf
R047765,B015,1344.9,inf
R047765,B078,2153.9,7200.0
R047768,B001,1344.9,3600.0
R047768,B002,1344.9,inf
R047768,B003,1344.9,3600.0
R047768,B004,1344.9,inf
R047768,B005,1344.9,inf
R047768,B006,1344.9,inf
R047768,B011,1344.9,inf
R047768,B014,1344.9,inf
R047768,B078,2153.9,7200.0
R047821,B021,1750.5,inf
R047821,B033,1285.6,7200.0
R047950,B017,1188.9,3600.0
R047950,B037,1653.0,inf
R047952,B017,1188.9,3600.0
R047952,B036,1653.0,inf
R047967,B017,1188.9,3600.0
R047967,B032,1653.0,7200.0
R048089,B017,1254.9,3600.0
R048089,B018,1254.9,inf
R048089,B036,1719.0,inf
R048138,B016,1188.9,3600.0
R048138,B037,1653.0,inf
R048162,B016,1188.9,3600.0
R048162,B032,1653.0,7200.0
R048521,B023,1766.6,inf
R048521,B039,1140.7,10800.0
R048521,B040,1140.7,inf
R048534,B023,1700.6,inf
R048534,B038,1074.7,10800.0
R048585,B021,1832.6,inf
R048585,B039,1206.7,10800.0
R048585,B040,1206.7,inf
R048585,B041,1206.7,inf
R048754,B017,1188.9,3600.0
R048754,B043,1817.3,inf
R048760,B017,1188.9,3600.0
R048760,B039,1817.3,10800.0
R048778,B017,1188.9,3600.0
R048778,B038,1817.3,10800.0
R048994,B017,1254.9,3600.0
R048994,B018,1254.9,inf
R048994,B038,1883.3,10800.0
R049099,B017,1320.9,3600.0
R049099,B018,1320.9,inf
R049099,B019,1320.9,inf
R049099,B042,1949.3,inf
R049103,B017,1320.9,3600.0
R049103,B018,1320.9,inf
R049103,B019,1320.9,inf
R049103,B039,1949.3,10800.0
R049129,B017,1386.9,3600.0
R049129,B018,1386.9,inf
R049129,B019,1386.9,inf
R049129,B020,1386.9,inf
R049129,B038,2015.3,10800.0
R049130,B016,1188.9,3600.0
R049130,B043,1817.3,inf
R049749,B023,1188.9,inf
R049749,B049,2127.9,inf
R049751,B023,1188.9,inf
R049751,B048,2127.9,inf
R049753,B023,1923.6,inf
R049753,B048,975.1,inf
R049753,B049,975.1,inf
R049754,B023,1857.6,inf
R049754,B045,909.1,3600.0
R049755,B023,1923.6,inf
R049755,B045,975.1,3600.0
R049755,B049,975.1,inf
R049756,B023,1923.6,inf
R049756,B045,975.1,3600.0
R049756,B048,975.1,inf
R049757,B023,1188.9,inf
R049757,B044,2127.9,3600.0
R049759,B023,1218.9,inf
R049759,B044,2193.9,3600.0
R049759,B049,2193.9,inf
R049760,B023,1923.6,inf
R049760,B044,975.1,3600.0
R049760,B049,975.1,inf
R049761,B023,1923.6,inf
R049761,B044,975.1,3600.0
R049761,B048,975.1,inf
R049762,B023,1989.6,inf
R049762,B044,1041.1,3600.0
R049762,B048,1041.1,inf
R049762,B049,1041.1,inf
R049763,B023,1923.6,inf
R049763,B044,975.1,3600.0
R049763,B045,975.1,3600.0
R049764,B023,1989.6,inf
R049764,B044,1041.1,3600.0
R049764,B045,1041.1,3600.0
R049764,B049,1041.1,inf
R049765,B021,1188.9,inf
R049765,B049,2127.9,inf
R049766,B021,1857.6,inf
R049766,B049,909.1,inf
R049767,B021,1188.9,inf
R049767,B048,2127.9,inf
R049768,B021,1857.6,inf
R049768,B048,909.1,inf
R049769,B021,1923.6,inf
R049769,B048,975.1,inf
R049769,B049,975.1,inf
R049770,B021,1857.6,inf
R049770,B045,909.1,3600.0
R049771,B021,1188.9,inf
R049771,B044,2127.9,3600.0
R049772,B021,1857.6,inf
R049772,B044,909.1,3600.0
R049773,B021,1923.6,inf
R049773,B044,975.1,3600.0
R049773,B049,975.1,inf
R049774,B021,1923.6,inf
R049774,B044,975.1,3600.0
R049774,B048,975.1,inf
R049775,B021,1989.6,inf
R049775,B044,1041.1,3600.0
R049775,B048,1041.1,inf
R049775,B049,1041.1,inf
R049776,B021,1923.6,inf
R049776,B044,975.1,3600.0
R049776,B045,975.1,3600.0
R049779,B021,1254.9,inf
R049779,B022,1254.9,inf
R049779,B044,2193.9,3600.0
R049780,B017,1188.9,3600.0
R049780,B044,2127.9,3600.0
R049781,B017,1857.6,3600.0
R049781,B044,909.1,3600.0
R049782,B016,1188.9,3600.0
R049782,B049,2127.9,inf
R049784,B016,1188.9,3600.0
R049784,B048,2127.9,inf
R049788,B016,1923.6,3600.0
R049788,B045,975.1,3600.0
R049788,B049,975.1,inf
R049789,B016,1923.6,3600.0
R049789,B045,975.1,3600.0
R049789,B048,975.1,inf
R049790,B016,1989.6,3600.0
R049790,B045,1041.1,3600.0
R049790,B048,1041.1,inf
R049790,B049,1041.1,inf
R049792,B016,1188.9,3600.0
R049792,B044,2127.9,3600.0
R049793,B016,1857.6,3600.0
R049793,B044,909.1,3600.0
R049794,B016,1218.9,3600.0
R049794,B044,2193.9,3600.0
R049794,B049,2193.9,inf
R049796,B016,1218.9,3600.0
R049796,B044,2193.9,3600.0
R049796,B048,2193.9,inf
R049798,B016,1989.6,3600.0
R049798,B044,1041.1,3600.0
R049798,B048,1041.1,inf
R049798,B049,1041.1,inf
R049800,B016,1989.6,3600.0
R049800,B044,1041.1,3600.0
R049800,B045,1041.1,3600.0
R049800,B049,1041.1,inf
R049801,B016,1989.6,3600.0
R049801,B044,1041.1,3600.0
R049801,B045,1041.1,3600.0
R049801,B048,1041.1,inf
R049812,B016,2055.6,3600.0
R049812,B023,2055.6,inf
R049812,B044,1071.1,3600.0
R049812,B048,1071.1,inf
R049812,B049,1071.1,inf
R049822,B016,1254.9,3600.0
R049822,B017,1254.9,3600.0
R049822,B044,2193.9,3600.0
R049832,B023,1188.9,inf
R049832,B060,1613.0,10800.0
R049833,B023,1480.4,inf
R049833,B060,1055.3,10800.0
R049846,B021,1188.9,inf
R049846,B060,1613.0,10800.0
R049847,B021,1480.4,inf
R049847,B060,1055.3,10800.0
R049874,B021,1254.9,inf
R049874,B022,1254.9,inf
R049874,B060,1679.0,10800.0
R049875,B021,1546.4,inf
R049875,B022,1546.4,inf
R049875,B060,1085.3,10800.0
R049902,B017,1188.9,3600.0
R049902,B060,1613.0,10800.0
R049903,B017,1480.4,3600.0
R049903,B060,1055.3,10800.0
R049982,B017,1254.9,3600.0
R049982,B018,1254.9,inf
R049982,B061,1679.0,10800.0
R049986,B017,1254.9,3600.0
R049986,B018,1254.9,inf
R049986,B060,1679.0,10800.0
R049987,B017,1546.4,3600.0
R049987,B018,1546.4,inf
R049987,B060,1085.3,10800.0
R050065,B017,1320.9,3600.0
R050065,B018,1320.9,inf
R050065,B019,1320.9,inf
R050065,B060,1745.0,10800.0
R050066,B017,1612.4,3600.0
R050066,B018,1612.4,inf
R050066,B019,1612.4,inf
R050066,B060,1115.3,10800.0
R050108,B017,1386.9,3600.0
R050108,B018,1386.9,inf
R050108,B019,1386.9,inf
R050108,B020,1386.9,inf
R050108,B062,1811.0,inf
R050110,B017,1678.4,3600.0
R050110,B018,1678.4,inf
R050110,B019,1678.4,inf
R050110,B020,1678.4,inf
R050110,B061,1145.3,10800.0
R050111,B017,1386.9,3600.0
R050111,B018,1386.9,inf
R050111,B019,1386.9,inf
R050111,B020,1386.9,inf
R050111,B060,1811.0,10800.0
R050112,B017,1678.4,3600.0
R050112,B018,1678.4,inf
R050112,B019,1678.4,inf
R050112,B020,1678.4,inf
R050112,B060,1145.3,10800.0
R050113,B017,1416.9,3600.0
R050113,B018,1416.9,inf
R050113,B019,1416.9,inf
R050113,B020,1416.9,inf
R050113,B060,1877.0,10800.0
R050113,B062,1877.0,inf
R050125,B016,1188.9,3600.0
R050125,B060,1613.0,10800.0
R050126,B016,1480.4,3600.0
R050126,B060,1055.3,10800.0
R050413,B023,1863.9,inf
R050413,B063,1059.8,3600.0
R050423,B021,1863.9,inf
R050423,B064,1059.8,3600.0
R050519,B017,1254.9,3600.0
R050519,B018,1254.9,inf
R050519,B065,2045.8,inf
R050529,B016,1188.9,3600.0
R050529,B065,1979.8,inf
R050651,B023,1605.5,inf
R050651,B067,872.5,10800.0
R050653,B023,1671.5,inf
R050653,B067,938.5,10800.0
R050653,B068,938.5,inf
R050655,B023,1605.5,inf
R050655,B066,872.5,10800.0
R050659,B023,1671.5,inf
R050659,B066,938.5,10800.0
R050659,B067,938.5,10800.0
R050665,B021,1605.5,inf
R050665,B067,872.5,10800.0
R050669,B021,1605.5,inf
R050669,B066,872.5,10800.0
R050679,B021,1671.5,inf
R050679,B023,1671.5,inf
R050679,B067,902.5,10800.0
R050683,B021,1671.5,inf
R050683,B023,1671.5,inf
R050683,B066,902.5,10800.0
R050693,B021,1671.5,inf
R050693,B022,1671.5,inf
R050693,B067,902.5,10800.0
R050695,B021,1737.5,inf
R050695,B022,1737.5,inf
R050695,B067,968.5,10800.0
R050695,B068,968.5,inf
R050697,B021,1671.5,inf
R050697,B022,1671.5,inf
R050697,B066,902.5,10800.0
R050699,B021,1737.5,inf
R050699,B022,1737.5,inf
R050699,B066,968.5,10800.0
R050699,B068,968.5,inf
R050701,B021,1737.5,inf
R050701,B022,1737.5,inf
R050701,B066,968.5,10800.0
R050701,B067,968.5,10800.0
R050707,B021,1737.5,inf
R050707,B022,1737.5,inf
R050707,B023,1737.5,inf
R050707,B067,932.5,10800.0
R050709,B021,1803.5,inf
R050709,B022,1803.5,inf
R050709,B023,1803.5,inf
R050709,B067,998.5,10800.0
R050709,B068,998.5,inf
R050711,B021,1737.5,inf
R050711,B022,1737.5,inf
R050711,B023,1737.5,inf
R050711,B066,932.5,10800.0
R050871,B017,1320.9,3600.0
R050871,B018,1320.9,inf
R050871,B019,1320.9,inf
R050871,B068,2054.7,inf
R050873,B017,1320.9,3600.0
R050873,B018,1320.9,inf
R050873,B019,1320.9,inf
R050873,B067,2054.7,10800.0
R050876,B017,1320.9,3600.0
R050876,B018,1320.9,inf
R050876,B019,1320.9,inf
R050876,B066,2054.7,10800.0
R050902,B017,1386.9,3600.0
R050902,B018,1386.9,inf
R050902,B019,1386.9,inf
R050902,B020,1386.9,inf
R050902,B066,2120.7,10800.0
R050910,B016,1188.9,3600.0
R050910,B066,1922.7,10800.0
R051161,B023,1816.7,inf
R051161,B069,1250.2,3600.0
R051175,B021,1816.7,inf
R051175,B069,1250.2,3600.0
R051220,B017,1188.9,3600.0
R051220,B071,1749.4,inf
R051438,B021,1640.4,inf
R051438,B073,1031.6,3600.0
R051630,B016,1188.9,3600.0
R051630,B074,1784.5,inf
R051710,B016,1416.9,3600.0
R051710,B021,1416.9,inf
R051710,B022,1416.9,inf
R051710,B023,1416.9,inf
R051710,B072,2048.5,3600.0
R051710,B073,2048.5,3600.0
R051711,B016,1904.4,3600.0
R051711,B021,1904.4,inf
R051711,B022,1904.4,inf
R051711,B023,1904.4,inf
R051711,B072,1187.6,3600.0
R051711,B073,1187.6,3600.0
R051712,B016,1446.9,3600.0
R051712,B021,1446.9,inf
R051712,B022,1446.9,inf
R051712,B023,1446.9,inf
R051712,B072,2114.5,3600.0
R051712,B073,2114.5,3600.0
R051712,B074,2114.5,inf
R051713,B016,1970.4,3600.0
R051713,B021,1970.4,inf
R051713,B022,1970.4,inf
R051713,B023,1970.4,inf
R051713,B072,1253.6,3600.0
R051713,B073,1253.6,3600.0
R051713,B074,1253.6,inf
R051769,B016,1386.9,3600.0
R051769,B017,1386.9,3600.0
R051769,B021,1386.9,inf
R051769,B022,1386.9,inf
R051769,B074,1982.5,inf
R051770,B016,1838.4,3600.0
R051770,B017,1838.4,3600.0
R051770,B021,1838.4,inf
R051770,B022,1838.4,inf
R051770,B074,1121.6,inf
R051771,B016,1386.9,3600.0
R051771,B017,1386.9,3600.0
R051771,B021,1386.9,inf
R051771,B022,1386.9,inf
R051771,B073,1982.5,3600.0
R051806,B016,1838.4,3600.0
R051806,B017,1838.4,3600.0
R051806,B018,1838.4,inf
R051806,B023,1838.4,inf
R051806,B073,1121.6,3600.0
R051807,B016,1386.9,3600.0
R051807,B017,1386.9,3600.0
R051807,B018,1386.9,inf
R051807,B023,1386.9,inf
R051807,B072,1982.5,3600.0
R051808,B016,1838.4,3600.0
R051808,B017,1838.4,3600.0
R051808,B018,1838.4,inf
R051808,B023,1838.4,inf
R051808,B072,1121.6,3600.0
R051809,B016,1416.9,3600.0
R051809,B017,1416.9,3600.0
R051809,B018,1416.9,inf
R051809,B023,1416.9,inf
R051809,B072,2048.5,3600.0
R051809,B074,2048.5,inf
R051810,B016,1904.4,3600.0
R051810,B017,1904.4,3600.0
R051810,B018,1904.4,inf
R051810,B023,1904.4,inf
R051810,B072,1187.6,3600.0
R051810,B074,1187.6,inf
R051811,B016,1416.9,3600.0
R051811,B017,1416.9,3600.0
R051811,B018,1416.9,inf
R051811,B023,1416.9,inf
R051811,B072,2048.5,3600.0
R051811,B073,2048.5,3600.0
R051812,B016,1904.4,3600.0
R051812,B017,1904.4,3600.0
R051812,B018,1904.4,inf
R051812,B023,1904.4,inf
R051812,B072,1187.6,3600.0
R051812,B073,1187.6,3600.0
R051820,B016,1904.4,3600.0
R051820,B017,1904.4,3600.0
R051820,B018,1904.4,inf
R051820,B021,1904.4,inf
R051820,B072,1187.6,3600.0
R051820,B074,1187.6,inf
R051824,B016,1452.9,3600.0
R051824,B017,1452.9,3600.0
R051824,B018,1452.9,inf
R051824,B021,1452.9,inf
R051824,B023,1452.9,inf
R051824,B072,2048.5,3600.0
R051825,B016,1904.4,3600.0
R051825,B017,1904.4,3600.0
R051825,B018,1904.4,inf
R051825,B021,1904.4,inf
R051825,B023,1904.4,inf
R051825,B072,1151.6,3600.0
R051830,B016,1386.9,3600.0
R051830,B017,1386.9,3600.0
R051830,B018,1386.9,inf
R051830,B019,1386.9,inf
R051830,B074,1982.5,inf
R051871,B029,1991.1,inf
R051871,B038,1074.7,10800.0
R052096,B029,1878.6,inf
R052096,B045,1041.1,3600.0
R052096,B046,1041.1,inf
R052096,B047,1041.1,inf
R052302,B025,1878.6,7200.0
R052302,B045,1041.1,3600.0
R052302,B046,1041.1,inf
R052302,B047,1041.1,inf
R052307,B025,1746.6,7200.0
R052307,B044,909.1,3600.0
R052551,B025,1411.4,7200.0
R052551,B026,1411.4,inf
R052551,B049,2251.3,inf
R052591,B025,2076.6,7200.0
R052591,B026,2076.6,inf
R052591,B044,1203.1,3600.0
R052591,B045,1203.1,3600.0
R052591,B046,1203.1,inf
R052591,B048,1203.1,inf
R052591,B049,1203.1,inf
R052593,B025,2076.6,7200.0
R052593,B026,2076.6,inf
R052593,B044,1203.1,3600.0
R052593,B045,1203.1,3600.0
R052593,B046,1203.1,inf
R052593,B047,1203.1,inf
R052593,B049,1203.1,inf
R052735,B025,1477.4,7200.0
R052735,B026,1477.4,inf
R052735,B027,1477.4,inf
R052735,B049,2317.3,inf
R052737,B025,1477.4,7200.0
R052737,B026,1477.4,inf
R052737,B027,1477.4,inf
R052737,B048,2317.3,inf
R052745,B025,2010.6,7200.0
R052745,B026,2010.6,inf
R052745,B027,2010.6,inf
R052745,B045,1101.1,3600.0
R052745,B048,1101.1,inf
R052745,B049,1101.1,inf
R052747,B025,2010.6,7200.0
R052747,B026,2010.6,inf
R052747,B027,2010.6,inf
R052747,B045,1101.1,3600.0
R052747,B046,1101.1,inf
R052747,B049,1101.1,inf
R052754,B025,1537.4,7200.0
R052754,B026,1537.4,inf
R052754,B027,1537.4,inf
R052754,B044,2449.3,3600.0
R052754,B048,2449.3,inf
R052754,B049,2449.3,inf
R052755,B025,2010.6,7200.0
R052755,B026,2010.6,inf
R052755,B027,2010.6,inf
R052755,B044,1101.1,3600.0
R052755,B048,1101.1,inf
R052755,B049,1101.1,inf
R052758,B025,2010.6,7200.0
R052758,B026,2010.6,inf
R052758,B027,2010.6,inf
R052758,B044,1101.1,3600.0
R052758,B045,1101.1,3600.0
R052758,B049,1101.1,inf
R052759,B025,2010.6,7200.0
R052759,B026,2010.6,inf
R052759,B027,2010.6,inf
R052759,B044,1101.1,3600.0
R052759,B045,1101.1,3600.0
R052759,B048,1101.1,inf
R052760,B025,2076.6,7200.0
R052760,B026,2076.6,inf
R052760,B027,2076.6,inf
R052760,B044,1167.1,3600.0
R052760,B045,1167.1,3600.0
R052760,B048,1167.1,inf
R052760,B049,1167.1,inf
R052761,B025,2010.6,7200.0
R052761,B026,2010.6,inf
R052761,B027,2010.6,inf
R052761,B044,1101.1,3600.0
R052761,B045,1101.1,3600.0
R052761,B046,1101.1,inf
R052806,B025,1543.4,7200.0
R052806,B026,1543.4,inf
R052806,B027,1543.4,inf
R052806,B028,1543.4,inf
R052806,B049,2383.3,inf
R052807,B025,1944.6,7200.0
R052807,B026,1944.6,inf
R052807,B027,1944.6,inf
R052807,B028,1944.6,inf
R052807,B049,999.1,inf
R052808,B025,1944.6,7200.0
R052808,B026,1944.6,inf
R052808,B027,1944.6,inf
R052808,B028,1944.6,inf
R052808,B048,999.1,inf
R052809,B025,1543.4,7200.0
R052809,B026,1543.4,inf
R052809,B027,1543.4,inf
R052809,B028,1543.4,inf
R052809,B044,2383.3,3600.0
R052810,B025,1944.6,7200.0
R052810,B026,1944.6,inf
R052810,B027,1944.6,inf
R052810,B028,1944.6,inf
R052810,B044,999.1,3600.0
R052811,B025,2010.6,7200.0
R052811,B026,2010.6,inf
R052811,B027,2010.6,inf
R052811,B028,2010.6,inf
R052811,B044,1065.1,3600.0
R052811,B049,1065.1,inf
R052814,B024,1345.4,7200.0
R052814,B048,2185.3,inf
R052827,B024,1812.6,7200.0
R052827,B045,975.1,3600.0
R052827,B046,975.1,inf
R052841,B024,1746.6,7200.0
R052841,B044,909.1,3600.0
R053586,B024,1609.4,7200.0
R053586,B025,1609.4,7200.0
R053586,B026,1609.4,inf
R053586,B027,1609.4,inf
R053586,B028,1609.4,inf
R053586,B044,2449.3,3600.0
R053589,B031,1572.9,inf
R053589,B054,1113.7,inf
R053591,B031,1572.9,inf
R053591,B053,1113.7,inf
R053610,B031,1345.4,inf
R053610,B050,1803.5,3600.0
R053611,B031,1572.9,inf
R053611,B050,1113.7,3600.0
R053635,B029,1572.9,inf
R053635,B054,1113.7,inf
R053637,B029,1572.9,inf
R053637,B053,1113.7,inf
R053641,B029,1572.9,inf
R053641,B051,1113.7,3600.0
R053656,B029,1345.4,inf
R053656,B050,1803.5,3600.0
R053657,B029,1572.9,inf
R053657,B050,1113.7,3600.0
R053727,B029,1638.9,inf
R053727,B030,1638.9,inf
R053727,B054,1143.7,inf
R053729,B029,1638.9,inf
R053729,B030,1638.9,inf
R053729,B053,1143.7,inf
R053748,B029,1411.4,inf
R053748,B030,1411.4,inf
R053748,B050,1869.5,3600.0
R053749,B029,1638.9,inf
R053749,B030,1638.9,inf
R053749,B050,1143.7,3600.0
R053817,B025,1345.4,7200.0
R053817,B054,1803.5,inf
R053818,B025,1572.9,7200.0
R053818,B054,1113.7,inf
R053820,B025,1572.9,7200.0
R053820,B053,1113.7,inf
R053824,B025,1572.9,7200.0
R053824,B051,1113.7,3600.0
R053839,B025,1345.4,7200.0
R053839,B050,1803.5,3600.0
R053840,B025,1572.9,7200.0
R053840,B050,1113.7,3600.0
R054073,B025,1411.4,7200.0
R054073,B026,1411.4,inf
R054073,B054,1869.5,inf
R054074,B025,1638.9,7200.0
R054074,B026,1638.9,inf
R054074,B054,1143.7,inf
R054075,B025,1411.4,7200.0
R054075,B026,1411.4,inf
R054075,B053,1869.5,inf
R054076,B025,1638.9,7200.0
R054076,B026,1638.9,inf
R054076,B053,1143.7,inf
R054094,B025,1411.4,7200.0
R054094,B026,1411.4,inf
R054094,B050,1869.5,3600.0
R054095,B025,1638.9,7200.0
R054095,B026,1638.9,inf
R054095,B050,1143.7,3600.0
R054271,B025,1704.9,7200.0
R054271,B026,1704.9,inf
R054271,B027,1704.9,inf
R054271,B054,1173.7,inf
R054273,B025,1704.9,7200.0
R054273,B026,1704.9,inf
R054273,B027,1704.9,inf
R054273,B053,1173.7,inf
R054285,B025,1477.4,7200.0
R054285,B026,1477.4,inf
R054285,B027,1477.4,inf
R054285,B050,1935.5,3600.0
R054286,B025,1704.9,7200.0
R054286,B026,1704.9,inf
R054286,B027,1704.9,inf
R054286,B050,1173.7,3600.0
R054371,B025,1543.4,7200.0
R054371,B026,1543.4,inf
R054371,B027,1543.4,inf
R054371,B028,1543.4,inf
R054371,B054,2001.5,inf
R054372,B025,1770.9,7200.0
R054372,B026,1770.9,inf
R054372,B027,1770.9,inf
R054372,B028,1770.9,inf
R054372,B054,1203.7,inf
R054373,B025,1543.4,7200.0
R054373,B026,1543.4,inf
R054373,B027,1543.4,inf
R054373,B028,1543.4,inf
R054373,B053,2001.5,inf
R054374,B025,1770.9,7200.0
R054374,B026,1770.9,inf
R054374,B027,1770.9,inf
R054374,B028,1770.9,inf
R054374,B053,1203.7,inf
R054377,B025,1543.4,7200.0
R054377,B026,1543.4,inf
R054377,B027,1543.4,inf
R054377,B028,1543.4,inf
R054377,B050,2001.5,3600.0
R054378,B025,1770.9,7200.0
R054378,B026,1770.9,inf
R054378,B027,1770.9,inf
R054378,B028,1770.9,inf
R054378,B050,1203.7,3600.0
R054393,B024,1345.4,7200.0
R054393,B054,1803.5,inf
R054394,B024,1572.9,7200.0
R054394,B054,1113.7,inf
R054395,B024,1345.4,7200.0
R054395,B053,1803.5,inf
R054396,B024,1572.9,7200.0
R054396,B053,1113.7,inf
R054415,B024,1345.4,7200.0
R054415,B050,1803.5,3600.0
R054416,B024,1572.9,7200.0
R054416,B050,1113.7,3600.0
R054418,B024,1638.9,7200.0
R054418,B050,1179.7,3600.0
R054418,B054,1179.7,inf
R054461,B024,1411.4,7200.0
R054461,B031,1411.4,inf
R054461,B050,1869.5,3600.0
R054462,B024,1638.9,7200.0
R054462,B031,1638.9,inf
R054462,B050,1143.7,3600.0
R054508,B024,1638.9,7200.0
R054508,B029,1638.9,inf
R054508,B050,1143.7,3600.0
R054600,B024,1704.9,7200.0
R054600,B029,1704.9,inf
R054600,B030,1704.9,inf
R054600,B050,1173.7,3600.0
R054689,B024,1638.9,7200.0
R054689,B025,1638.9,7200.0
R054689,B050,1143.7,3600.0
R054934,B024,1704.9,7200.0
R054934,B025,1704.9,7200.0
R054934,B026,1704.9,inf
R054934,B050,1173.7,3600.0
R055104,B024,1770.9,7200.0
R055104,B025,1770.9,7200.0
R055104,B026,1770.9,inf
R055104,B027,1770.9,inf
R055104,B050,1203.7,3600.0
R055170,B024,1836.9,7200.0
R055170,B025,1836.9,7200.0
R055170,B026,1836.9,inf
R055170,B027,1836.9,inf
R055170,B028,1836.9,inf
R055170,B050,1233.7,3600.0
R055175,B031,1345.4,inf
R055175,B068,2158.4,inf
R055177,B031,1345.4,inf
R055177,B067,2158.4,10800.0
R055178,B031,1672.9,inf
R055178,B067,872.5,10800.0
R055179,B031,1375.4,inf
R055179,B067,2224.4,10800.0
R055179,B068,2224.4,inf
R055180,B031,1738.9,inf
R055180,B067,938.5,10800.0
R055180,B068,938.5,inf
R055181,B031,1345.4,inf
R055181,B066,2158.4,10800.0
R055182,B031,1672.9,inf
R055182,B066,872.5,10800.0
R055183,B031,1375.4,inf
R055183,B066,2224.4,10800.0
R055183,B068,2224.4,inf
R055185,B031,1375.4,inf
R055185,B066,2224.4,10800.0
R055185,B067,2224.4,10800.0
R055186,B031,1738.9,inf
R055186,B066,938.5,10800.0
R055186,B067,938.5,10800.0
R055187,B031,1405.4,inf
R055187,B066,2290.4,10800.0
R055187,B067,2290.4,10800.0
R055187,B068,2290.4,inf
R055189,B029,1345.4,inf
R055189,B068,2158.4,inf
R055191,B029,1345.4,inf
R055191,B067,2158.4,10800.0
R055192,B029,1672.9,inf
R055192,B067,872.5,10800.0
R055193,B029,1375.4,inf
R055193,B067,2224.4,10800.0
R055193,B068,2224.4,inf
R055195,B029,1345.4,inf
R055195,B066,2158.4,10800.0
R055196,B029,1672.9,inf
R055196,B066,872.5,10800.0
R055197,B029,1375.4,inf
R055197,B066,2224.4,10800.0
R055197,B068,2224.4,inf
R055199,B029,1375.4,inf
R055199,B066,2224.4,10800.0
R055199,B067,2224.4,10800.0
R055201,B029,1405.4,inf
R055201,B066,2290.4,10800.0
R055201,B067,2290.4,10800.0
R055201,B068,2290.4,inf
R055206,B029,1738.9,inf
R055206,B031,1738.9,inf
R055206,B067,902.5,10800.0
R055210,B029,1738.9,inf
R055210,B031,1738.9,inf
R055210,B066,902.5,10800.0
R055217,B029,1411.4,inf
R055217,B030,1411.4,inf
R055217,B068,2224.4,inf
R055219,B029,1411.4,inf
R055219,B030,1411.4,inf
R055219,B067,2224.4,10800.0
R055220,B029,1738.9,inf
R055220,B030,1738.9,inf
R055220,B067,902.5,10800.0
R055221,B029,1441.4,inf
R055221,B030,1441.4,inf
R055221,B067,2290.4,10800.0
R055221,B068,2290.4,inf
R055222,B029,1804.9,inf
R055222,B030,1804.9,inf
R055222,B067,968.5,10800.0
R055222,B068,968.5,inf
R055223,B029,1411.4,inf
R055223,B030,1411.4,inf
R055223,B066,2224.4,10800.0
R055224,B029,1738.9,inf
R055224,B030,1738.9,inf
R055224,B066,902.5,10800.0
R055225,B029,1441.4,inf
R055225,B030,1441.4,inf
R055225,B066,2290.4,10800.0
R055225,B068,2290.4,inf
R055226,B029,1804.9,inf
R055226,B030,1804.9,inf
R055226,B066,968.5,10800.0
R055226,B068,968.5,inf
R055227,B029,1441.4,inf
R055227,B030,1441.4,inf
R055227,B066,2290.4,10800.0
R055227,B067,2290.4,10800.0
R055228,B029,1804.9,inf
R055228,B030,1804.9,inf
R055228,B066,968.5,10800.0
R055228,B067,968.5,10800.0
R055229,B029,1471.4,inf
R055229,B030,1471.4,inf
R055229,B066,2356.4,10800.0
R055229,B067,2356.4,10800.0
R055229,B068,2356.4,inf
R055234,B029,1804.9,inf
R055234,B030,1804.9,inf
R055234,B031,1804.9,inf
R055234,B067,932.5,10800.0
R055238,B029,1804.9,inf
R055238,B030,1804.9,inf
R055238,B031,1804.9,inf
R055238,B066,932.5,10800.0
R055242,B029,1870.9,inf
R055242,B030,1870.9,inf
R055242,B031,1870.9,inf
R055242,B066,998.5,10800.0
R055242,B067,998.5,10800.0
R055245,B025,1345.4,7200.0
R055245,B068,2158.4,inf
R055247,B025,1345.4,7200.0
R055247,B067,2158.4,10800.0
R055249,B025,1375.4,7200.0
R055249,B067,2224.4,10800.0
R055249,B068,2224.4,inf
R055251,B025,1345.4,7200.0
R055251,B066,2158.4,10800.0
R055253,B025,1375.4,7200.0
R055253,B066,2224.4,10800.0
R055253,B068,2224.4,inf
R055255,B025,1375.4,7200.0
R055255,B066,2224.4,10800.0
R055255,B067,2224.4,10800.0
R055257,B025,1405.4,7200.0
R055257,B066,2290.4,10800.0
R055257,B067,2290.4,10800.0
R055257,B068,2290.4,inf
R055328,B025,1411.4,7200.0
R055328,B026,1411.4,inf
R055328,B068,2224.4,inf
R055330,B025,1411.4,7200.0
R055330,B026,1411.4,inf
R055330,B067,2224.4,10800.0
R055332,B025,1441.4,7200.0
R055332,B026,1441.4,inf
R055332,B067,2290.4,10800.0
R055332,B068,2290.4,inf
R055334,B025,1411.4,7200.0
R055334,B026,1411.4,inf
R055334,B066,2224.4,10800.0
R055336,B025,1441.4,7200.0
R055336,B026,1441.4,inf
R055336,B066,2290.4,10800.0
R055336,B068,2290.4,inf
R055338,B025,1441.4,7200.0
R055338,B026,1441.4,inf
R055338,B066,2290.4,10800.0
R055338,B067,2290.4,10800.0
R055340,B025,1471.4,7200.0
R055340,B026,1471.4,inf
R055340,B066,2356.4,10800.0
R055340,B067,2356.4,10800.0
R055340,B068,2356.4,inf
R055402,B025,1477.4,7200.0
R055402,B026,1477.4,inf
R055402,B027,1477.4,inf
R055402,B068,2290.4,inf
R055403,B025,1804.9,7200.0
R055403,B026,1804.9,inf
R055403,B027,1804.9,inf
R055403,B068,932.5,inf
R055404,B025,1477.4,7200.0
R055404,B026,1477.4,inf
R055404,B027,1477.4,inf
R055404,B067,2290.4,10800.0
R055405,B025,1804.9,7200.0
R055405,B026,1804.9,inf
R055405,B027,1804.9,inf
R055405,B067,932.5,10800.0
R055407,B025,1477.4,7200.0
R055407,B026,1477.4,inf
R055407,B027,1477.4,inf
R055407,B066,2290.4,10800.0
R055409,B025,1507.4,7200.0
R055409,B026,1507.4,inf
R055409,B027,1507.4,inf
R055409,B066,2356.4,10800.0
R055409,B068,2356.4,inf
R055411,B025,1507.4,7200.0
R055411,B026,1507.4,inf
R055411,B027,1507.4,inf
R055411,B066,2356.4,10800.0
R055411,B067,2356.4,10800.0
R055438,B025,1870.9,7200.0
R055438,B026,1870.9,inf
R055438,B027,1870.9,inf
R055438,B028,1870.9,inf
R055438,B068,962.5,inf
R055439,B025,1543.4,7200.0
R055439,B026,1543.4,inf
R055439,B027,1543.4,inf
R055439,B028,1543.4,inf
R055439,B066,2356.4,10800.0
R055440,B025,1870.9,7200.0
R055440,B026,1870.9,inf
R055440,B027,1870.9,inf
R055440,B028,1870.9,inf
R055440,B066,962.5,10800.0
R055441,B024,1345.4,7200.0
R055441,B068,2158.4,inf
R055443,B024,1345.4,7200.0
R055443,B067,2158.4,10800.0
R055445,B024,1375.4,7200.0
R055445,B067,2224.4,10800.0
R055445,B068,2224.4,inf
R055447,B024,1345.4,7200.0
R055447,B066,2158.4,10800.0
R055449,B024,1375.4,7200.0
R055449,B066,2224.4,10800.0
R055449,B068,2224.4,inf
R055451,B024,1375.4,7200.0
R055451,B066,2224.4,10800.0
R055451,B067,2224.4,10800.0
R055453,B024,1405.4,7200.0
R055453,B066,2290.4,10800.0
R055453,B067,2290.4,10800.0
R055453,B068,2290.4,inf
R055704,B031,1673.9,inf
R055704,B079,1203.6,10800.0
R055773,B025,1345.4,7200.0
R055773,B079,1802.1,10800.0
R055916,B025,1477.4,7200.0
R055916,B026,1477.4,inf
R055916,B027,1477.4,inf
R055916,B080,1934.1,inf
R055918,B025,1477.4,7200.0
R055918,B026,1477.4,inf
R055918,B027,1477.4,inf
R055918,B079,1934.1,10800.0
R055940,B024,1345.4,7200.0
R055940,B079,1802.1,10800.0
R056118,B024,1871.9,7200.0
R056118,B025,1871.9,7200.0
R056118,B026,1871.9,inf
R056118,B031,1871.9,inf
R056118,B080,1293.6,inf
R056119,B024,1543.4,7200.0
R056119,B025,1543.4,7200.0
R056119,B026,1543.4,inf
R056119,B031,1543.4,inf
R056119,B079,2000.1,10800.0
R056120,B024,1871.9,7200.0
R056120,B025,1871.9,7200.0
R056120,B026,1871.9,inf
R056120,B031,1871.9,inf
R056120,B079,1293.6,10800.0
R056121,B024,1937.9,7200.0
R056121,B025,1937.9,7200.0
R056121,B026,1937.9,inf
R056121,B031,1937.9,inf
R056121,B079,1359.6,10800.0
R056121,B080,1359.6,inf
R056122,B024,1543.4,7200.0
R056122,B025,1543.4,7200.0
R056122,B026,1543.4,inf
R056122,B031,1543.4,inf
R056122,B078,2000.1,7200.0
R056123,B024,1871.9,7200.0
R056123,B025,1871.9,7200.0
R056123,B026,1871.9,inf
R056123,B031,1871.9,inf
R056123,B078,1293.6,7200.0
R056124,B024,1573.4,7200.0
R056124,B025,1573.4,7200.0
R056124,B026,1573.4,inf
R056124,B031,1573.4,inf
R056124,B078,2066.1,7200.0
R056124,B080,2066.1,inf
R056131,B024,1871.9,7200.0
R056131,B025,1871.9,7200.0
R056131,B026,1871.9,inf
R056131,B029,1871.9,inf
R056131,B079,1293.6,10800.0
R056132,B024,1937.9,7200.0
R056132,B025,1937.9,7200.0
R056132,B026,1937.9,inf
R056132,B029,1937.9,inf
R056132,B079,1359.6,10800.0
R056132,B080,1359.6,inf
R056133,B024,1543.4,7200.0
R056133,B025,1543.4,7200.0
R056133,B026,1543.4,inf
R056133,B029,1543.4,inf
R056133,B078,2000.1,7200.0
R056134,B024,1871.9,7200.0
R056134,B025,1871.9,7200.0
R056134,B026,1871.9,inf
R056134,B029,1871.9,inf
R056134,B078,1293.6,7200.0
R056135,B024,1573.4,7200.0
R056135,B025,1573.4,7200.0
R056135,B026,1573.4,inf
R056135,B029,1573.4,inf
R056135,B078,2066.1,7200.0
R056135,B080,2066.1,inf
R056136,B024,1937.9,7200.0
R056136,B025,1937.9,7200.0
R056136,B026,1937.9,inf
R056136,B029,1937.9,inf
R056136,B078,1359.6,7200.0
R056136,B080,1359.6,inf
R056137,B024,1573.4,7200.0
R056137,B025,1573.4,7200.0
R056137,B026,1573.4,inf
R056137,B029,1573.4,inf
R056137,B078,2066.1,7200.0
R056137,B079,2066.1,10800.0
R056138,B024,1937.9,7200.0
R056138,B025,1937.9,7200.0
R056138,B026,1937.9,inf
R056138,B029,1937.9,inf
R056138,B078,1359.6,7200.0
R056138,B079,1359.6,10800.0
R056139,B024,1609.4,7200.0
R056139,B025,1609.4,7200.0
R056139,B026,1609.4,inf
R056139,B029,1609.4,inf
R056139,B031,1609.4,inf
R056139,B080,2066.1,inf
R056140,B024,1937.9,7200.0
R056140,B025,1937.9,7200.0
R056140,B026,1937.9,inf
R056140,B029,1937.9,inf
R056140,B031,1937.9,inf
R056140,B080,1323.6,inf
R056141,B024,1609.4,7200.0
R056141,B025,1609.4,7200.0
R056141,B026,1609.4,inf
R056141,B029,1609.4,inf
R056141,B031,1609.4,inf
R056141,B079,2066.1,10800.0
R056142,B024,1937.9,7200.0
R056142,B025,1937.9,7200.0
R056142,B026,1937.9,inf
R056142,B029,1937.9,inf
R056142,B031,1937.9,inf
R056142,B079,1323.6,10800.0
R056143,B024,1609.4,7200.0
R056143,B025,1609.4,7200.0
R056143,B026,1609.4,inf
R056143,B029,1609.4,inf
R056143,B031,1609.4,inf
R056143,B078,2066.1,7200.0
R056144,B024,1937.9,7200.0
R056144,B025,1937.9,7200.0
R056144,B026,1937.9,inf
R056144,B029,1937.9,inf
R056144,B031,1937.9,inf
R056144,B078,1323.6,7200.0
R056146,B024,2003.9,7200.0
R056146,B025,2003.9,7200.0
R056146,B026,2003.9,inf
R056146,B029,2003.9,inf
R056146,B031,2003.9,inf
R056146,B078,1389.6,7200.0
R056146,B080,1389.6,inf
R056149,B024,1609.4,7200.0
R056149,B025,1609.4,7200.0
R056149,B026,1609.4,inf
R056149,B029,1609.4,inf
R056149,B030,1609.4,inf
R056149,B078,2066.1,7200.0
R056150,B024,1937.9,7200.0
R056150,B025,1937.9,7200.0
R056150,B026,1937.9,inf
R056150,B029,1937.9,inf
R056150,B030,1937.9,inf
R056150,B078,1323.6,7200.0
R056151,B024,1639.4,7200.0
R056151,B025,1639.4,7200.0
R056151,B026,1639.4,inf
R056151,B029,1639.4,inf
R056151,B030,1639.4,inf
R056151,B078,2132.1,7200.0
R056151,B080,2132.1,inf
R056152,B024,2003.9,7200.0
R056152,B025,2003.9,7200.0
R056152,B026,2003.9,inf
R056152,B029,2003.9,inf
R056152,B030,2003.9,inf
R056152,B078,1389.6,7200.0
R056152,B080,1389.6,inf
R056153,B024,1675.4,7200.0
R056153,B025,1675.4,7200.0
R056153,B026,1675.4,inf
R056153,B029,1675.4,inf
R056153,B030,1675.4,inf
R056153,B031,1675.4,inf
R056153,B078,2132.1,7200.0
R056154,B024,2003.9,7200.0
R056154,B025,2003.9,7200.0
R056154,B026,2003.9,inf
R056154,B029,2003.9,inf
R056154,B030,2003.9,inf
R056154,B031,2003.9,inf
R056154,B078,1353.6,7200.0
R056155,B024,1543.4,7200.0
R056155,B025,1543.4,7200.0
R056155,B026,1543.4,inf
R056155,B027,1543.4,inf
R056155,B080,2000.1,inf
R056169,B037,1602.2,inf
R056169,B043,1074.7,inf
R056183,B037,1668.2,inf
R056183,B039,1140.7,10800.0
R056183,B040,1140.7,inf
R056196,B037,1285.6,inf
R056196,B038,1816.4,10800.0
R056197,B037,1602.2,inf
R056197,B038,1074.7,10800.0
R056226,B036,1602.2,inf
R056226,B043,1074.7,inf
R056240,B036,1668.2,inf
R056240,B039,1140.7,10800.0
R056240,B040,1140.7,inf
R056252,B036,1285.6,inf
R056252,B038,1816.4,10800.0
R056253,B036,1602.2,inf
R056253,B038,1074.7,10800.0
R056334,B033,1285.6,7200.0
R056334,B043,1816.4,inf
R056336,B033,1285.6,7200.0
R056336,B042,1816.4,inf
R056340,B033,1285.6,7200.0
R056340,B039,1816.4,10800.0
R056361,B033,1285.6,7200.0
R056361,B038,1816.4,10800.0
R056362,B033,1602.2,7200.0
R056362,B038,1074.7,10800.0
R056517,B033,1351.6,7200.0
R056517,B034,1351.6,inf
R056517,B043,1882.4,inf
R056519,B033,1351.6,7200.0
R056519,B034,1351.6,inf
R056519,B042,1882.4,inf
R056535,B033,1351.6,7200.0
R056535,B034,1351.6,inf
R056535,B038,1882.4,10800.0
R056536,B033,1668.2,7200.0
R056536,B034,1668.2,inf
R056536,B038,1104.7,10800.0
R056647,B033,1417.6,7200.0
R056647,B034,1417.6,inf
R056647,B035,1417.6,inf
R056647,B038,1948.4,10800.0
R056648,B033,1734.2,7200.0
R056648,B034,1734.2,inf
R056648,B035,1734.2,inf
R056648,B038,1134.7,10800.0
R056689,B032,1602.2,7200.0
R056689,B043,1074.7,inf
R056691,B032,1602.2,7200.0
R056691,B042,1074.7,inf
R056717,B032,1285.6,7200.0
R056717,B038,1816.4,10800.0
R056718,B032,1602.2,7200.0
R056718,B038,1074.7,10800.0
R057327,B033,2083.9,7200.0
R057327,B050,1113.7,3600.0
R057337,B032,2083.9,7200.0
R057337,B050,1113.7,3600.0
R057371,B037,1285.6,inf
R057371,B056,1796.8,7200.0
R057375,B037,1315.6,inf
R057375,B056,1862.8,7200.0
R057375,B058,1862.8,inf
R057376,B037,1847.2,inf
R057376,B056,1331.7,7200.0
R057376,B058,1331.7,inf
R057377,B037,1345.6,inf
R057377,B056,1928.8,7200.0
R057377,B058,1928.8,inf
R057377,B059,1928.8,inf
R057378,B037,1913.2,inf
R057378,B056,1397.7,7200.0
R057378,B058,1397.7,inf
R057378,B059,1397.7,inf
R057380,B037,1847.2,inf
R057380,B056,1331.7,7200.0
R057380,B057,1331.7,inf
R057381,B037,1285.6,inf
R057381,B055,1796.8,7200.0
R057382,B037,1781.2,inf
R057382,B055,1265.7,7200.0
R057385,B037,1315.6,inf
R057385,B055,1862.8,7200.0
R057385,B058,1862.8,inf
R057386,B037,1847.2,inf
R057386,B055,1331.7,7200.0
R057386,B058,1331.7,inf
R057387,B037,1345.6,inf
R057387,B055,1928.8,7200.0
R057387,B058,1928.8,inf
R057387,B059,1928.8,inf
R057388,B037,1913.2,inf
R057388,B055,1397.7,7200.0
R057388,B058,1397.7,inf
R057388,B059,1397.7,inf
R057391,B037,1345.6,inf
R057391,B055,1928.8,7200.0
R057391,B056,1928.8,7200.0
R057391,B059,1928.8,inf
R057392,B037,1913.2,inf
R057392,B055,1397.7,7200.0
R057392,B056,1397.7,7200.0
R057392,B059,1397.7,inf
R057395,B037,1979.2,inf
R057395,B055,1463.7,7200.0
R057395,B056,1463.7,7200.0
R057395,B058,1463.7,inf
R057395,B059,1463.7,inf
R057397,B036,1285.6,inf
R057397,B059,1796.8,inf
R057398,B036,1781.2,inf
R057398,B059,1265.7,inf
R057401,B036,1315.6,inf
R057401,B058,1862.8,inf
R057401,B059,1862.8,inf
R057402,B036,1847.2,inf
R057402,B058,1331.7,inf
R057402,B059,1331.7,inf
R057405,B036,1315.6,inf
R057405,B056,1862.8,7200.0
R057405,B059,1862.8,inf
R057406,B036,1847.2,inf
R057406,B056,1331.7,7200.0
R057406,B059,1331.7,inf
R057407,B036,1315.6,inf
R057407,B056,1862.8,7200.0
R057407,B058,1862.8,inf
R057408,B036,1847.2,inf
R057408,B056,1331.7,7200.0
R057408,B058,1331.7,inf
R057409,B036,1913.2,inf
R057409,B056,1397.7,7200.0
R057409,B058,1397.7,inf
R057409,B059,1397.7,inf
R057410,B036,1847.2,inf
R057410,B056,1331.7,7200.0
R057410,B057,1331.7,inf
R057419,B036,1315.6,inf
R057419,B055,1862.8,7200.0
R057419,B056,1862.8,7200.0
R057420,B036,1847.2,inf
R057420,B055,1331.7,7200.0
R057420,B056,1331.7,7200.0
R057421,B036,1345.6,inf
R057421,B055,1928.8,7200.0
R057421,B056,1928.8,7200.0
R057421,B059,1928.8,inf
R057422,B036,1913.2,inf
R057422,B055,1397.7,7200.0
R057422,B056,1397.7,7200.0
R057422,B059,1397.7,inf
R057423,B036,1345.6,inf
R057423,B055,1928.8,7200.0
R057423,B056,1928.8,7200.0
R057423,B058,1928.8,inf
R057424,B036,1913.2,inf
R057424,B055,1397.7,7200.0
R057424,B056,1397.7,7200.0
R057424,B058,1397.7,inf
R057500,B033,1351.6,7200.0
R057500,B034,1351.6,inf
R057500,B059,1862.8,inf
R057501,B033,1351.6,7200.0
R057501,B034,1351.6,inf
R057501,B058,1862.8,inf
R057502,B033,1351.6,7200.0
R057502,B034,1351.6,inf
R057502,B055,1862.8,7200.0
R057506,B032,1285.6,7200.0
R057506,B059,1796.8,inf
R057516,B032,1315.6,7200.0
R057516,B056,1862.8,7200.0
R057516,B058,1862.8,inf
R057517,B032,1847.2,7200.0
R057517,B056,1331.7,7200.0
R057517,B058,1331.7,inf
R057518,B032,1345.6,7200.0
R057518,B056,1928.8,7200.0
R057518,B058,1928.8,inf
R057518,B059,1928.8,inf
R057519,B032,1913.2,7200.0
R057519,B056,1397.7,7200.0
R057519,B058,1397.7,inf
R057519,B059,1397.7,inf
R057751,B033,1351.6,7200.0
R057751,B034,1351.6,inf
R057751,B062,1853.4,inf
R057752,B033,1623.4,7200.0
R057752,B034,1623.4,inf
R057752,B062,1085.3,inf
R057753,B033,1351.6,7200.0
R057753,B034,1351.6,inf
R057753,B061,1853.4,10800.0
R057798,B033,1417.6,7200.0
R057798,B034,1417.6,inf
R057798,B035,1417.6,inf
R057798,B062,1919.4,inf
R057800,B033,1417.6,7200.0
R057800,B034,1417.6,inf
R057800,B035,1417.6,inf
R057800,B061,1919.4,10800.0
R057802,B033,1417.6,7200.0
R057802,B034,1417.6,inf
R057802,B035,1417.6,inf
R057802,B060,1919.4,10800.0
R057813,B032,1285.6,7200.0
R057813,B062,1787.4,inf
R057815,B032,1285.6,7200.0
R057815,B061,1787.4,10800.0
R057819,B032,1285.6,7200.0
R057819,B060,1787.4,10800.0
R057978,B037,1576.0,inf
R057978,B067,872.5,10800.0
R057980,B037,1642.0,inf
R057980,B067,938.5,10800.0
R057980,B068,938.5,inf
R057982,B037,1576.0,inf
R057982,B066,872.5,10800.0
R057984,B037,1642.0,inf
R057984,B066,938.5,10800.0
R057984,B068,938.5,inf
R057986,B037,1642.0,inf
R057986,B066,938.5,10800.0
R057986,B067,938.5,10800.0
R057992,B036,1576.0,inf
R057992,B067,872.5,10800.0
R057994,B036,1642.0,inf
R057994,B067,938.5,10800.0
R057994,B068,938.5,inf
R057996,B036,1576.0,inf
R057996,B066,872.5,10800.0
R057998,B036,1642.0,inf
R057998,B066,938.5,10800.0
R057998,B068,938.5,inf
R058000,B036,1642.0,inf
R058000,B066,938.5,10800.0
R058000,B067,938.5,10800.0
R058006,B036,1642.0,inf
R058006,B037,1642.0,inf
R058006,B067,902.5,10800.0
R058008,B036,1708.0,inf
R058008,B037,1708.0,inf
R058008,B067,968.5,10800.0
R058008,B068,968.5,inf
R058010,B036,1642.0,inf
R058010,B037,1642.0,inf
R058010,B066,902.5,10800.0
R058014,B036,1708.0,inf
R058014,B037,1708.0,inf
R058014,B066,968.5,10800.0
R058014,B067,968.5,10800.0
R058023,B033,1285.6,7200.0
R058023,B066,1990.7,10800.0
R058123,B033,1417.6,7200.0
R058123,B034,1417.6,inf
R058123,B035,1417.6,inf
R058123,B068,2122.7,inf
R058125,B033,1417.6,7200.0
R058125,B034,1417.6,inf
R058125,B035,1417.6,inf
R058125,B067,2122.7,10800.0
R058128,B033,1417.6,7200.0
R058128,B034,1417.6,inf
R058128,B035,1417.6,inf
R058128,B066,2122.7,10800.0
R058154,B032,1285.6,7200.0
R058154,B067,1990.7,10800.0
R058441,B032,1939.9,7200.0
R058441,B036,1939.9,inf
R058441,B037,1939.9,inf
R058441,B072,1157.6,3600.0
R058441,B074,1157.6,inf
R058442,B032,1939.9,7200.0
R058442,B036,1939.9,inf
R058442,B037,1939.9,inf
R058442,B072,1157.6,3600.0
R058442,B073,1157.6,3600.0
R058458,B032,1417.6,7200.0
R058458,B033,1417.6,7200.0
R058458,B036,1417.6,inf
R058458,B074,2115.5,inf
R058459,B032,1873.9,7200.0
R058459,B033,1873.9,7200.0
R058459,B036,1873.9,inf
R058459,B074,1091.6,inf
R058460,B032,1417.6,7200.0
R058460,B033,1417.6,7200.0
R058460,B036,1417.6,inf
R058460,B072,2115.5,3600.0
R058461,B032,1873.9,7200.0
R058461,B033,1873.9,7200.0
R058461,B036,1873.9,inf
R058461,B072,1091.6,3600.0
R058462,B032,1483.6,7200.0
R058462,B033,1483.6,7200.0
R058462,B036,1483.6,inf
R058462,B037,1483.6,inf
R058462,B072,2181.5,3600.0
R058466,B037,2114.3,inf
R058466,B079,1203.6,10800.0
R058468,B037,2114.3,inf
R058468,B078,1203.6,7200.0
R058473,B036,2114.3,inf
R058473,B078,1203.6,7200.0
R058477,B032,1285.6,7200.0
R058477,B080,2171.7,inf
R058497,B043,1104.7,inf
R058497,B048,1904.6,inf
R058497,B049,1904.6,inf
R058499,B043,1074.7,inf
R058499,B045,1838.6,3600.0
R058519,B043,1164.7,inf
R058519,B045,2036.6,3600.0
R058519,B046,2036.6,inf
R058519,B047,2036.6,inf
R058519,B048,2036.6,inf
R058521,B043,1949.0,inf
R058521,B045,1173.1,3600.0
R058521,B046,1173.1,inf
R058521,B047,1173.1,inf
R058521,B048,1173.1,inf
R058521,B049,1173.1,inf
R058522,B043,1074.7,inf
R058522,B044,1838.6,3600.0
R058524,B043,1104.7,inf
R058524,B044,1904.6,3600.0
R058524,B049,1904.6,inf
R058530,B043,1104.7,inf
R058530,B044,1904.6,3600.0
R058530,B045,1904.6,3600.0
R058532,B043,1134.7,inf
R058532,B044,1970.6,3600.0
R058532,B045,1970.6,3600.0
R058532,B049,1970.6,inf
R058538,B043,1134.7,inf
R058538,B044,1970.6,3600.0
R058538,B045,1970.6,3600.0
R058538,B046,1970.6,inf
R058544,B043,1194.7,inf
R058544,B044,2102.6,3600.0
R058544,B045,2102.6,3600.0
R058544,B046,2102.6,inf
R058544,B048,2102.6,inf
R058544,B049,2102.6,inf
R058545,B043,1949.0,inf
R058545,B044,1173.1,3600.0
R058545,B045,1173.1,3600.0
R058545,B046,1173.1,inf
R058545,B048,1173.1,inf
R058545,B049,1173.1,inf
R058548,B043,1194.7,inf
R058548,B044,2102.6,3600.0
R058548,B045,2102.6,3600.0
R058548,B046,2102.6,inf
R058548,B047,2102.6,inf
R058548,B049,2102.6,inf
R058549,B043,1949.0,inf
R058549,B044,1173.1,3600.0
R058549,B045,1173.1,3600.0
R058549,B046,1173.1,inf
R058549,B047,1173.1,inf
R058549,B049,1173.1,inf
R058550,B043,1194.7,inf
R058550,B044,2102.6,3600.0
R058550,B045,2102.6,3600.0
R058550,B046,2102.6,inf
R058550,B047,2102.6,inf
R058550,B048,2102.6,inf
R058551,B043,1949.0,inf
R058551,B044,1173.1,3600.0
R058551,B045,1173.1,3600.0
R058551,B046,1173.1,inf
R058551,B047,1173.1,inf
R058551,B048,1173.1,inf
R058552,B043,2015.0,inf
R058552,B044,1239.1,3600.0
R058552,B045,1239.1,3600.0
R058552,B046,1239.1,inf
R058552,B047,1239.1,inf
R058552,B048,1239.1,inf
R058552,B049,1239.1,inf
R058553,B042,1074.7,inf
R058553,B049,1838.6,inf
R058555,B042,1074.7,inf
R058555,B048,1838.6,inf
R058557,B042,1104.7,inf
R058557,B048,1904.6,inf
R058557,B049,1904.6,inf
R058559,B042,1074.7,inf
R058559,B045,1838.6,3600.0
R058561,B042,1104.7,inf
R058561,B045,1904.6,3600.0
R058561,B049,1904.6,inf
R058563,B042,1104.7,inf
R058563,B045,1904.6,3600.0
R058563,B048,1904.6,inf
R058565,B042,1134.7,inf
R058565,B045,1970.6,3600.0
R058565,B048,1970.6,inf
R058565,B049,1970.6,inf
R058569,B042,1134.7,inf
R058569,B045,1970.6,3600.0
R058569,B046,1970.6,inf
R058569,B049,1970.6,inf
R058581,B042,1949.0,inf
R058581,B045,1173.1,3600.0
R058581,B046,1173.1,inf
R058581,B047,1173.1,inf
R058581,B048,1173.1,inf
R058581,B049,1173.1,inf
R058604,B042,1194.7,inf
R058604,B044,2102.6,3600.0
R058604,B045,2102.6,3600.0
R058604,B046,2102.6,inf
R058604,B048,2102.6,inf
R058604,B049,2102.6,inf
R058605,B042,1949.0,inf
R058605,B044,1173.1,3600.0
R058605,B045,1173.1,3600.0
R058605,B046,1173.1,inf
R058605,B048,1173.1,inf
R058605,B049,1173.1,inf
R058608,B042,1194.7,inf
R058608,B044,2102.6,3600.0
R058608,B045,2102.6,3600.0
R058608,B046,2102.6,inf
R058608,B047,2102.6,inf
R058608,B049,2102.6,inf
R058609,B042,1949.0,inf
R058609,B044,1173.1,3600.0
R058609,B045,1173.1,3600.0
R058609,B046,1173.1,inf
R058609,B047,1173.1,inf
R058609,B049,1173.1,inf
R058610,B042,1194.7,inf
R058610,B044,2102.6,3600.0
R058610,B045,2102.6,3600.0
R058610,B046,2102.6,inf
R058610,B047,2102.6,inf
R058610,B048,2102.6,inf
R058611,B042,1949.0,inf
R058611,B044,1173.1,3600.0
R058611,B045,1173.1,3600.0
R058611,B046,1173.1,inf
R058611,B047,1173.1,inf
R058611,B048,1173.1,inf
R058612,B042,2015.0,inf
R058612,B044,1239.1,3600.0
R058612,B045,1239.1,3600.0
R058612,B046,1239.1,inf
R058612,B047,1239.1,inf
R058612,B048,1239.1,inf
R058612,B049,1239.1,inf
R058672,B039,1074.7,10800.0
R058672,B048,1838.6,inf
R058674,B039,1104.7,10800.0
R058674,B048,1904.6,inf
R058674,B049,1904.6,inf
R058682,B039,1134.7,10800.0
R058682,B045,1970.6,3600.0
R058682,B048,1970.6,inf
R058682,B049,1970.6,inf
R058684,B039,1104.7,10800.0
R058684,B045,1904.6,3600.0
R058684,B046,1904.6,inf
R058692,B039,1134.7,10800.0
R058692,B045,1970.6,3600.0
R058692,B046,1970.6,inf
R058692,B047,1970.6,inf
R058694,B039,1164.7,10800.0
R058694,B045,2036.6,3600.0
R058694,B046,2036.6,inf
R058694,B047,2036.6,inf
R058694,B049,2036.6,inf
R058697,B039,1949.0,10800.0
R058697,B045,1173.1,3600.0
R058697,B046,1173.1,inf
R058697,B047,1173.1,inf
R058697,B048,1173.1,inf
R058697,B049,1173.1,inf
R058710,B039,1134.7,10800.0
R058710,B044,1970.6,3600.0
R058710,B045,1970.6,3600.0
R058710,B048,1970.6,inf
R058712,B039,1164.7,10800.0
R058712,B044,2036.6,3600.0
R058712,B045,2036.6,3600.0
R058712,B048,2036.6,inf
R058712,B049,2036.6,inf
R058716,B039,1164.7,10800.0
R058716,B044,2036.6,3600.0
R058716,B045,2036.6,3600.0
R058716,B046,2036.6,inf
R058716,B049,2036.6,inf
R058720,B039,1194.7,10800.0
R058720,B044,2102.6,3600.0
R058720,B045,2102.6,3600.0
R058720,B046,2102.6,inf
R058720,B048,2102.6,inf
R058720,B049,2102.6,inf
R058721,B039,1949.0,10800.0
R058721,B044,1173.1,3600.0
R058721,B045,1173.1,3600.0
R058721,B046,1173.1,inf
R058721,B048,1173.1,inf
R058721,B049,1173.1,inf
R058724,B039,1949.0,10800.0
R058724,B044,1173.1,3600.0
R058724,B045,1173.1,3600.0
R058724,B046,1173.1,inf
R058724,B047,1173.1,inf
R058724,B049,1173.1,inf
R058725,B039,1949.0,10800.0
R058725,B044,1173.1,3600.0
R058725,B045,1173.1,3600.0
R058725,B046,1173.1,inf
R058725,B047,1173.1,inf
R058725,B048,1173.1,inf
R058726,B039,2015.0,10800.0
R058726,B044,1239.1,3600.0
R058726,B045,1239.1,3600.0
R058726,B046,1239.1,inf
R058726,B047,1239.1,inf
R058726,B048,1239.1,inf
R058726,B049,1239.1,inf
R058889,B039,1170.7,10800.0
R058889,B040,1170.7,inf
R058889,B048,1970.6,inf
R058889,B049,1970.6,inf
R058893,B039,1170.7,10800.0
R058893,B040,1170.7,inf
R058893,B045,1970.6,3600.0
R058893,B049,1970.6,inf
R058895,B039,1170.7,10800.0
R058895,B040,1170.7,inf
R058895,B045,1970.6,3600.0
R058895,B048,1970.6,inf
R058897,B039,1200.7,10800.0
R058897,B040,1200.7,inf
R058897,B045,2036.6,3600.0
R058897,B048,2036.6,inf
R058897,B049,2036.6,inf
R058915,B039,1200.7,10800.0
R058915,B040,1200.7,inf
R058915,B044,2036.6,3600.0
R058915,B048,2036.6,inf
R058915,B049,2036.6,inf
R058917,B039,1170.7,10800.0
R058917,B040,1170.7,inf
R058917,B044,1970.6,3600.0
R058917,B045,1970.6,3600.0
R058919,B039,1200.7,10800.0
R058919,B040,1200.7,inf
R058919,B044,2036.6,3600.0
R058919,B045,2036.6,3600.0
R058919,B049,2036.6,inf
R058921,B039,1200.7,10800.0
R058921,B040,1200.7,inf
R058921,B044,2036.6,3600.0
R058921,B045,2036.6,3600.0
R058921,B048,2036.6,inf
R058923,B039,1230.7,10800.0
R058923,B040,1230.7,inf
R058923,B044,2102.6,3600.0
R058923,B045,2102.6,3600.0
R058923,B048,2102.6,inf
R058923,B049,2102.6,inf
R058924,B039,1949.0,10800.0
R058924,B040,1949.0,inf
R058924,B044,1137.1,3600.0
R058924,B045,1137.1,3600.0
R058924,B048,1137.1,inf
R058924,B049,1137.1,inf
R058927,B039,1230.7,10800.0
R058927,B040,1230.7,inf
R058927,B044,2102.6,3600.0
R058927,B045,2102.6,3600.0
R058927,B046,2102.6,inf
R058927,B049,2102.6,inf
R058928,B039,1949.0,10800.0
R058928,B040,1949.0,inf
R058928,B044,1137.1,3600.0
R058928,B045,1137.1,3600.0
R058928,B046,1137.1,inf
R058928,B049,1137.1,inf
R058929,B039,1230.7,10800.0
R058929,B040,1230.7,inf
R058929,B044,2102.6,3600.0
R058929,B045,2102.6,3600.0
R058929,B046,2102.6,inf
R058929,B048,2102.6,inf
R058931,B039,2015.0,10800.0
R058931,B040,2015.0,inf
R058931,B044,1203.1,3600.0
R058931,B045,1203.1,3600.0
R058931,B046,1203.1,inf
R058931,B048,1203.1,inf
R058931,B049,1203.1,inf
R058932,B039,1949.0,10800.0
R058932,B040,1949.0,inf
R058932,B044,1137.1,3600.0
R058932,B045,1137.1,3600.0
R058932,B046,1137.1,inf
R058932,B047,1137.1,inf
R058933,B039,2015.0,10800.0
R058933,B040,2015.0,inf
R058933,B044,1203.1,3600.0
R058933,B045,1203.1,3600.0
R058933,B046,1203.1,inf
R058933,B047,1203.1,inf
R058933,B049,1203.1,inf
R059054,B039,1206.7,10800.0
R059054,B040,1206.7,inf
R059054,B041,1206.7,inf
R059054,B049,1970.6,inf
R059056,B039,1206.7,10800.0
R059056,B040,1206.7,inf
R059056,B041,1206.7,inf
R059056,B048,1970.6,inf
R059058,B039,1236.7,10800.0
R059058,B040,1236.7,inf
R059058,B041,1236.7,inf
R059058,B048,2036.6,inf
R059058,B049,2036.6,inf
R059062,B039,1236.7,10800.0
R059062,B040,1236.7,inf
R059062,B041,1236.7,inf
R059062,B045,2036.6,3600.0
R059062,B049,2036.6,inf
R059066,B039,1266.7,10800.0
R059066,B040,1266.7,inf
R059066,B041,1266.7,inf
R059066,B045,2102.6,3600.0
R059066,B048,2102.6,inf
R059066,B049,2102.6,inf
R059067,B039,1949.0,10800.0
R059067,B040,1949.0,inf
R059067,B041,1949.0,inf
R059067,B045,1101.1,3600.0
R059067,B048,1101.1,inf
R059067,B049,1101.1,inf
R059068,B039,1236.7,10800.0
R059068,B040,1236.7,inf
R059068,B041,1236.7,inf
R059068,B045,2036.6,3600.0
R059068,B046,2036.6,inf
R059071,B039,1949.0,10800.0
R059071,B040,1949.0,inf
R059071,B041,1949.0,inf
R059071,B045,1101.1,3600.0
R059071,B046,1101.1,inf
R059071,B048,1101.1,inf
R059072,B039,1206.7,10800.0
R059072,B040,1206.7,inf
R059072,B041,1206.7,inf
R059072,B044,1970.6,3600.0
R059078,B039,1266.7,10800.0
R059078,B040,1266.7,inf
R059078,B041,1266.7,inf
R059078,B044,2102.6,3600.0
R059078,B048,2102.6,inf
R059078,B049,2102.6,inf
R059080,B039,1236.7,10800.0
R059080,B040,1236.7,inf
R059080,B041,1236.7,inf
R059080,B044,2036.6,3600.0
R059080,B045,2036.6,3600.0
R059082,B039,1266.7,10800.0
R059082,B040,1266.7,inf
R059082,B041,1266.7,inf
R059082,B044,2102.6,3600.0
R059082,B045,2102.6,3600.0
R059082,B049,2102.6,inf
R059084,B039,1266.7,10800.0
R059084,B040,1266.7,inf
R059084,B041,1266.7,inf
R059084,B044,2102.6,3600.0
R059084,B045,2102.6,3600.0
R059084,B048,2102.6,inf
R059086,B039,2015.0,10800.0
R059086,B040,2015.0,inf
R059086,B041,2015.0,inf
R059086,B044,1167.1,3600.0
R059086,B045,1167.1,3600.0
R059086,B048,1167.1,inf
R059086,B049,1167.1,inf
R059088,B039,2015.0,10800.0
R059088,B040,2015.0,inf
R059088,B041,2015.0,inf
R059088,B044,1167.1,3600.0
R059088,B045,1167.1,3600.0
R059088,B046,1167.1,inf
R059088,B049,1167.1,inf
R059165,B038,1685.0,10800.0
R059165,B045,909.1,3600.0
R059170,B038,1134.7,10800.0
R059170,B045,1970.6,3600.0
R059170,B048,1970.6,inf
R059170,B049,1970.6,inf
R059172,B038,1104.7,10800.0
R059172,B045,1904.6,3600.0
R059172,B046,1904.6,inf
R059181,B038,1817.0,10800.0
R059181,B045,1041.1,3600.0
R059181,B046,1041.1,inf
R059181,B047,1041.1,inf
R059182,B038,1164.7,10800.0
R059182,B045,2036.6,3600.0
R059182,B046,2036.6,inf
R059182,B047,2036.6,inf
R059182,B049,2036.6,inf
R059184,B038,1164.7,10800.0
R059184,B045,2036.6,3600.0
R059184,B046,2036.6,inf
R059184,B047,2036.6,inf
R059184,B048,2036.6,inf
R059186,B038,1949.0,10800.0
R059186,B045,1173.1,3600.0
R059186,B046,1173.1,inf
R059186,B047,1173.1,inf
R059186,B048,1173.1,inf
R059186,B049,1173.1,inf
R059187,B038,1074.7,10800.0
R059187,B044,1838.6,3600.0
R059189,B038,1104.7,10800.0
R059189,B044,1904.6,3600.0
R059189,B049,1904.6,inf
R059193,B038,1134.7,10800.0
R059193,B044,1970.6,3600.0
R059193,B048,1970.6,inf
R059193,B049,1970.6,inf
R059195,B038,1104.7,10800.0
R059195,B044,1904.6,3600.0
R059195,B045,1904.6,3600.0
R059209,B038,1194.7,10800.0
R059209,B044,2102.6,3600.0
R059209,B045,2102.6,3600.0
R059209,B046,2102.6,inf
R059209,B048,2102.6,inf
R059209,B049,2102.6,inf
R059210,B038,1949.0,10800.0
R059210,B044,1173.1,3600.0
R059210,B045,1173.1,3600.0
R059210,B046,1173.1,inf
R059210,B048,1173.1,inf
R059210,B049,1173.1,inf
R059213,B038,1194.7,10800.0
R059213,B044,2102.6,3600.0
R059213,B045,2102.6,3600.0
R059213,B046,2102.6,inf
R059213,B047,2102.6,inf
R059213,B049,2102.6,inf
R059214,B038,1949.0,10800.0
R059214,B044,1173.1,3600.0
R059214,B045,1173.1,3600.0
R059214,B046,1173.1,inf
R059214,B047,1173.1,inf
R059214,B049,1173.1,inf
R059215,B038,1194.7,10800.0
R059215,B044,2102.6,3600.0
R059215,B045,2102.6,3600.0
R059215,B046,2102.6,inf
R059215,B047,2102.6,inf
R059215,B048,2102.6,inf
R059216,B038,1949.0,10800.0
R059216,B044,1173.1,3600.0
R059216,B045,1173.1,3600.0
R059216,B046,1173.1,inf
R059216,B047,1173.1,inf
R059216,B048,1173.1,inf
R059217,B038,2015.0,10800.0
R059217,B044,1239.1,3600.0
R059217,B045,1239.1,3600.0
R059217,B046,1239.1,inf
R059217,B047,1239.1,inf
R059217,B048,1239.1,inf
R059217,B049,1239.1,inf
R059863,B043,1937.0,inf
R059863,B051,1179.7,3600.0
R059863,B052,1179.7,inf
R059909,B042,1937.0,inf
R059909,B051,1179.7,3600.0
R059909,B052,1179.7,inf
R059917,B042,1871.0,inf
R059917,B050,1113.7,3600.0
R059988,B039,1074.7,10800.0
R059988,B053,1816.6,inf
R060168,B039,1140.7,10800.0
R060168,B040,1140.7,inf
R060168,B054,1882.6,inf
R060170,B039,1140.7,10800.0
R060170,B040,1140.7,inf
R060170,B053,1882.6,inf
R060324,B039,1206.7,10800.0
R060324,B040,1206.7,inf
R060324,B041,1206.7,inf
R060324,B054,1948.6,inf
R060326,B039,1206.7,10800.0
R060326,B040,1206.7,inf
R060326,B041,1206.7,inf
R060326,B053,1948.6,inf
R061013,B043,1875.2,inf
R061013,B056,1331.7,7200.0
R061013,B057,1331.7,inf
R061059,B042,1875.2,inf
R061059,B056,1331.7,7200.0
R061059,B057,1331.7,inf
R061149,B039,1875.2,10800.0
R061149,B056,1331.7,7200.0
R061149,B057,1331.7,inf
R061379,B039,1206.7,10800.0
R061379,B040,1206.7,inf
R061379,B041,1206.7,inf
R061379,B058,1742.5,inf
R061413,B038,1074.7,10800.0
R061413,B058,1610.5,inf
R061434,B038,1809.2,10800.0
R061434,B055,1265.7,7200.0
R061835,B043,1585.4,inf
R061835,B061,1055.3,10800.0
R061839,B043,1585.4,inf
R061839,B060,1055.3,10800.0
R061849,B042,1585.4,inf
R061849,B061,1055.3,10800.0
R061853,B042,1585.4,inf
R061853,B060,1055.3,10800.0
R061874,B039,1074.7,10800.0
R061874,B062,1601.2,inf
R062039,B038,1074.7,10800.0
R062039,B062,1601.2,inf
R062258,B043,1881.5,inf
R062258,B064,1059.8,3600.0
R062272,B042,1881.5,inf
R062272,B064,1059.8,3600.0
R062276,B042,1881.5,inf
R062276,B063,1059.8,3600.0
R062300,B039,1881.5,10800.0
R062300,B064,1059.8,3600.0
R062419,B038,1074.7,10800.0
R062419,B065,1880.8,inf
R062422,B038,1881.5,10800.0
R062422,B064,1059.8,3600.0
R062588,B043,1406.5,inf
R062588,B067,872.5,10800.0
R062590,B043,1472.5,inf
R062590,B067,938.5,10800.0
R062590,B068,938.5,inf
R062591,B043,1074.7,inf
R062591,B066,1606.9,10800.0
R062592,B043,1406.5,inf
R062592,B066,872.5,10800.0
R062594,B043,1472.5,inf
R062594,B066,938.5,10800.0
R062594,B068,938.5,inf
R062596,B043,1472.5,inf
R062596,B066,938.5,10800.0
R062596,B067,938.5,10800.0
R062602,B042,1406.5,inf
R062602,B067,872.5,10800.0
R062604,B042,1472.5,inf
R062604,B067,938.5,10800.0
R062604,B068,938.5,inf
R062605,B042,1074.7,inf
R062605,B066,1606.9,10800.0
R062606,B042,1406.5,inf
R062606,B066,872.5,10800.0
R062608,B042,1472.5,inf
R062608,B066,938.5,10800.0
R062608,B068,938.5,inf
R062610,B042,1472.5,inf
R062610,B066,938.5,10800.0
R062610,B067,938.5,10800.0
R062616,B042,1472.5,inf
R062616,B043,1472.5,inf
R062616,B067,902.5,10800.0
R062620,B042,1472.5,inf
R062620,B043,1472.5,inf
R062620,B066,902.5,10800.0
R062624,B042,1538.5,inf
R062624,B043,1538.5,inf
R062624,B066,968.5,10800.0
R062624,B067,968.5,10800.0
R062627,B039,1074.7,10800.0
R062627,B068,1606.9,inf
R062689,B039,1140.7,10800.0
R062689,B040,1140.7,inf
R062689,B066,1672.9,10800.0
R062690,B039,1472.5,10800.0
R062690,B040,1472.5,inf
R062690,B066,902.5,10800.0
R062745,B039,1206.7,10800.0
R062745,B040,1206.7,inf
R062745,B041,1206.7,inf
R062745,B066,1738.9,10800.0
R062746,B039,1538.5,10800.0
R062746,B040,1538.5,inf
R062746,B041,1538.5,inf
R062746,B066,932.5,10800.0
R062794,B038,1406.5,10800.0
R062794,B068,872.5,inf
R062799,B038,1074.7,10800.0
R062799,B066,1606.9,10800.0
R062800,B038,1406.5,10800.0
R062800,B066,872.5,10800.0
R063016,B043,1958.2,inf
R063016,B070,1250.2,3600.0
R063020,B043,1958.2,inf
R063020,B069,1250.2,3600.0
R063055,B039,1074.7,10800.0
R063055,B071,1774.2,inf
R063058,B039,1958.2,10800.0
R063058,B070,1250.2,3600.0
R063110,B038,1958.2,10800.0
R063110,B070,1250.2,3600.0
R063242,B039,1074.7,10800.0
R063242,B074,1721.4,inf
R063249,B039,1694.0,10800.0
R063249,B072,1031.6,3600.0
R063298,B039,1140.7,10800.0
R063298,B040,1140.7,inf
R063298,B074,1787.4,inf
R063589,B043,2297.3,inf
R063589,B076,1242.9,3600.0
R063592,B043,2297.3,inf
R063592,B075,1242.9,3600.0
R063601,B042,2297.3,inf
R063601,B076,1242.9,3600.0
R063604,B042,2297.3,inf
R063604,B075,1242.9,3600.0
R063618,B039,1074.7,10800.0
R063618,B077,2113.4,inf
R063621,B039,2297.3,10800.0
R063621,B076,1242.9,3600.0
R063623,B039,2297.3,10800.0
R063623,B075,1242.9,3600.0
R063642,B038,2297.3,10800.0
R063642,B076,1242.9,3600.0
R063645,B038,2297.3,10800.0
R063645,B075,1242.9,3600.0
R063702,B043,1939.0,inf
R063702,B078,1203.6,7200.0
R063716,B042,1939.0,inf
R063716,B078,1203.6,7200.0
R063737,B039,1074.7,10800.0
R063737,B080,1782.1,inf
R063744,B039,1939.0,10800.0
R063744,B078,1203.6,7200.0
R063793,B039,1140.7,10800.0
R063793,B040,1140.7,inf
R063793,B080,1848.1,inf
R063847,B039,1206.7,10800.0
R063847,B040,1206.7,inf
R063847,B041,1206.7,inf
R063847,B080,1914.1,inf
R063886,B038,1939.0,10800.0
R063886,B078,1203.6,7200.0
R064212,B045,909.1,3600.0
R064212,B054,1524.0,inf
R064214,B045,909.1,3600.0
R064214,B053,1524.0,inf
R064396,B045,975.1,3600.0
R064396,B046,975.1,inf
R064396,B054,1590.0,inf
R064398,B045,975.1,3600.0
R064398,B046,975.1,inf
R064398,B053,1590.0,inf
R064700,B044,909.1,3600.0
R064700,B054,1524.0,inf
R065384,B045,909.1,3600.0
R065384,B059,1914.3,inf
R065385,B045,909.1,3600.0
R065385,B058,1914.3,inf
R065387,B045,909.1,3600.0
R065387,B056,1914.3,7200.0
R065476,B049,1885.7,inf
R065476,B061,1055.3,10800.0
R065490,B048,1885.7,inf
R065490,B061,1055.3,10800.0
R065504,B048,1951.7,inf
R065504,B049,1951.7,inf
R065504,B061,1085.3,10800.0
R065508,B048,1951.7,inf
R065508,B049,1951.7,inf
R065508,B060,1085.3,10800.0
R065516,B045,1885.7,3600.0
R065516,B062,1055.3,inf
R065532,B045,1951.7,3600.0
R065532,B049,1951.7,inf
R065532,B061,1085.3,10800.0
R065544,B045,1951.7,3600.0
R065544,B048,1951.7,inf
R065544,B062,1085.3,inf
R065572,B045,1951.7,3600.0
R065572,B046,1951.7,inf
R065572,B062,1085.3,inf
R065574,B045,1951.7,3600.0
R065574,B046,1951.7,inf
R065574,B061,1085.3,10800.0
R065588,B045,2017.7,3600.0
R065588,B046,2017.7,inf
R065588,B049,2017.7,inf
R065588,B061,1115.3,10800.0
R065598,B045,2017.7,3600.0
R065598,B046,2017.7,inf
R065598,B048,2017.7,inf
R065598,B062,1115.3,inf
R065600,B045,2017.7,3600.0
R065600,B046,2017.7,inf
R065600,B048,2017.7,inf
R065600,B061,1115.3,10800.0
R065612,B045,2083.7,3600.0
R065612,B046,2083.7,inf
R065612,B048,2083.7,inf
R065612,B049,2083.7,inf
R065612,B060,1145.3,10800.0
R065619,B045,1041.1,3600.0
R065619,B046,1041.1,inf
R065619,B047,1041.1,inf
R065619,B060,1879.9,10800.0
R065637,B045,1173.1,3600.0
R065637,B046,1173.1,inf
R065637,B047,1173.1,inf
R065637,B048,1173.1,inf
R065637,B049,1173.1,inf
R065637,B062,2011.9,inf
R065638,B045,1173.1,3600.0
R065638,B046,1173.1,inf
R065638,B047,1173.1,inf
R065638,B048,1173.1,inf
R065638,B049,1173.1,inf
R065638,B061,2011.9,10800.0
R065639,B045,1173.1,3600.0
R065639,B046,1173.1,inf
R065639,B047,1173.1,inf
R065639,B048,1173.1,inf
R065639,B049,1173.1,inf
R065639,B060,2011.9,10800.0
R065643,B044,1885.7,3600.0
R065643,B062,1055.3,inf
R065659,B044,1951.7,3600.0
R065659,B049,1951.7,inf
R065659,B061,1085.3,10800.0
R065685,B044,2017.7,3600.0
R065685,B048,2017.7,inf
R065685,B049,2017.7,inf
R065685,B062,1115.3,inf
R065691,B044,2017.7,3600.0
R065691,B048,2017.7,inf
R065691,B049,2017.7,inf
R065691,B060,1115.3,10800.0
R065705,B044,1951.7,3600.0
R065705,B045,1951.7,3600.0
R065705,B060,1085.3,10800.0
R065713,B044,2017.7,3600.0
R065713,B045,2017.7,3600.0
R065713,B049,2017.7,inf
R065713,B062,1115.3,inf
R065733,B044,2017.7,3600.0
R065733,B045,2017.7,3600.0
R065733,B048,2017.7,inf
R065733,B060,1115.3,10800.0
R065741,B044,2083.7,3600.0
R065741,B045,2083.7,3600.0
R065741,B048,2083.7,inf
R065741,B049,2083.7,inf
R065741,B062,1145.3,inf
R065743,B044,2083.7,3600.0
R065743,B045,2083.7,3600.0
R065743,B048,2083.7,inf
R065743,B049,2083.7,inf
R065743,B061,1145.3,10800.0
R065747,B044,2083.7,3600.0
R065747,B045,2083.7,3600.0
R065747,B048,2083.7,inf
R065747,B049,2083.7,inf
R065747,B060,1145.3,10800.0
R065760,B044,2017.7,3600.0
R065760,B045,2017.7,3600.0
R065760,B046,2017.7,inf
R065760,B060,1115.3,10800.0
R065767,B044,2083.7,3600.0
R065767,B045,2083.7,3600.0
R065767,B046,2083.7,inf
R065767,B049,2083.7,inf
R065767,B062,1145.3,inf
R065768,B044,1107.1,3600.0
R065768,B045,1107.1,3600.0
R065768,B046,1107.1,inf
R065768,B049,1107.1,inf
R065768,B061,1945.9,10800.0
R065771,B044,2083.7,3600.0
R065771,B045,2083.7,3600.0
R065771,B046,2083.7,inf
R065771,B049,2083.7,inf
R065771,B060,1145.3,10800.0
R065777,B044,2083.7,3600.0
R065777,B045,2083.7,3600.0
R065777,B046,2083.7,inf
R065777,B048,2083.7,inf
R065777,B062,1145.3,inf
R065781,B044,2083.7,3600.0
R065781,B045,2083.7,3600.0
R065781,B046,2083.7,inf
R065781,B048,2083.7,inf
R065781,B060,1145.3,10800.0
R065785,B044,1173.1,3600.0
R065785,B045,1173.1,3600.0
R065785,B046,1173.1,inf
R065785,B048,1173.1,inf
R065785,B049,1173.1,inf
R065785,B062,2011.9,inf
R065786,B044,1173.1,3600.0
R065786,B045,1173.1,3600.0
R065786,B046,1173.1,inf
R065786,B048,1173.1,inf
R065786,B049,1173.1,inf
R065786,B061,2011.9,10800.0
R065788,B044,1173.1,3600.0
R065788,B045,1173.1,3600.0
R065788,B046,1173.1,inf
R065788,B048,1173.1,inf
R065788,B049,1173.1,inf
R065788,B060,2011.9,10800.0
R065799,B044,1173.1,3600.0
R065799,B045,1173.1,3600.0
R065799,B046,1173.1,inf
R065799,B047,1173.1,inf
R065799,B049,1173.1,inf
R065799,B062,2011.9,inf
R065800,B044,1173.1,3600.0
R065800,B045,1173.1,3600.0
R065800,B046,1173.1,inf
R065800,B047,1173.1,inf
R065800,B049,1173.1,inf
R065800,B061,2011.9,10800.0
R065802,B044,1173.1,3600.0
R065802,B045,1173.1,3600.0
R065802,B046,1173.1,inf
R065802,B047,1173.1,inf
R065802,B049,1173.1,inf
R065802,B060,2011.9,10800.0
R065805,B044,1173.1,3600.0
R065805,B045,1173.1,3600.0
R065805,B046,1173.1,inf
R065805,B047,1173.1,inf
R065805,B048,1173.1,inf
R065805,B062,2011.9,inf
R065806,B044,1173.1,3600.0
R065806,B045,1173.1,3600.0
R065806,B046,1173.1,inf
R065806,B047,1173.1,inf
R065806,B048,1173.1,inf
R065806,B061,2011.9,10800.0
R065807,B044,1173.1,3600.0
R065807,B045,1173.1,3600.0
R065807,B046,1173.1,inf
R065807,B047,1173.1,inf
R065807,B048,1173.1,inf
R065807,B060,2011.9,10800.0
R065810,B044,1239.1,3600.0
R065810,B045,1239.1,3600.0
R065810,B046,1239.1,inf
R065810,B047,1239.1,inf
R065810,B048,1239.1,inf
R065810,B049,1239.1,inf
R065810,B062,2077.9,inf
R065811,B044,1239.1,3600.0
R065811,B045,1239.1,3600.0
R065811,B046,1239.1,inf
R065811,B047,1239.1,inf
R065811,B048,1239.1,inf
R065811,B049,1239.1,inf
R065811,B061,2077.9,10800.0
R065812,B044,1239.1,3600.0
R065812,B045,1239.1,3600.0
R065812,B046,1239.1,inf
R065812,B047,1239.1,inf
R065812,B048,1239.1,inf
R065812,B049,1239.1,inf
R065812,B060,2077.9,10800.0
R065814,B044,1269.1,3600.0
R065814,B045,1269.1,3600.0
R065814,B046,1269.1,inf
R065814,B047,1269.1,inf
R065814,B048,1269.1,inf
R065814,B049,1269.1,inf
R065814,B060,2143.9,10800.0
R065814,B061,2143.9,10800.0
R065815,B049,909.1,inf
R065815,B065,1740.6,inf
R065817,B049,909.1,inf
R065817,B064,1740.6,3600.0
R065829,B048,909.1,inf
R065829,B065,1740.6,inf
R065831,B048,909.1,inf
R065831,B064,1740.6,3600.0
R065835,B048,909.1,inf
R065835,B063,1740.6,3600.0
R065843,B048,975.1,inf
R065843,B049,975.1,inf
R065843,B065,1806.6,inf
R065845,B048,975.1,inf
R065845,B049,975.1,inf
R065845,B064,1806.6,3600.0
R065849,B048,975.1,inf
R065849,B049,975.1,inf
R065849,B063,1806.6,3600.0
R065857,B045,909.1,3600.0
R065857,B065,1740.6,inf
R065859,B045,909.1,3600.0
R065859,B064,1740.6,3600.0
R065871,B045,975.1,3600.0
R065871,B049,975.1,inf
R065871,B065,1806.6,inf
R065877,B045,975.1,3600.0
R065877,B049,975.1,inf
R065877,B063,1806.6,3600.0
R065885,B045,975.1,3600.0
R065885,B048,975.1,inf
R065885,B065,1806.6,inf
R065891,B045,975.1,3600.0
R065891,B048,975.1,inf
R065891,B063,1806.6,3600.0
R065913,B045,975.1,3600.0
R065913,B046,975.1,inf
R065913,B065,1806.6,inf
R065915,B045,975.1,3600.0
R065915,B046,975.1,inf
R065915,B064,1806.6,3600.0
R065919,B045,975.1,3600.0
R065919,B046,975.1,inf
R065919,B063,1806.6,3600.0
R065955,B045,1107.1,3600.0
R065955,B046,1107.1,inf
R065955,B048,1107.1,inf
R065955,B049,1107.1,inf
R065955,B065,1938.6,inf
R065957,B045,1107.1,3600.0
R065957,B046,1107.1,inf
R065957,B048,1107.1,inf
R065957,B049,1107.1,inf
R065957,B064,1938.6,3600.0
R065966,B045,1041.1,3600.0
R065966,B046,1041.1,inf
R065966,B047,1041.1,inf
R065966,B065,1872.6,inf
R065977,B045,1107.1,3600.0
R065977,B046,1107.1,inf
R065977,B047,1107.1,inf
R065977,B049,1107.1,inf
R065977,B065,1938.6,inf
R065991,B045,1173.1,3600.0
R065991,B046,1173.1,inf
R065991,B047,1173.1,inf
R065991,B048,1173.1,inf
R065991,B049,1173.1,inf
R065991,B065,2004.6,inf
R065992,B045,1173.1,3600.0
R065992,B046,1173.1,inf
R065992,B047,1173.1,inf
R065992,B048,1173.1,inf
R065992,B049,1173.1,inf
R065992,B064,2004.6,3600.0
R065994,B045,1173.1,3600.0
R065994,B046,1173.1,inf
R065994,B047,1173.1,inf
R065994,B048,1173.1,inf
R065994,B049,1173.1,inf
R065994,B063,2004.6,3600.0
R066101,B044,1107.1,3600.0
R066101,B045,1107.1,3600.0
R066101,B048,1107.1,inf
R066101,B049,1107.1,inf
R066101,B063,1938.6,3600.0
R066125,B044,1107.1,3600.0
R066125,B045,1107.1,3600.0
R066125,B046,1107.1,inf
R066125,B049,1107.1,inf
R066125,B064,1938.6,3600.0
R066148,B044,1173.1,3600.0
R066148,B045,1173.1,3600.0
R066148,B046,1173.1,inf
R066148,B048,1173.1,inf
R066148,B049,1173.1,inf
R066148,B065,2004.6,inf
R066149,B044,2158.9,3600.0
R066149,B045,2158.9,3600.0
R066149,B046,2158.9,inf
R066149,B048,2158.9,inf
R066149,B049,2158.9,inf
R066149,B065,1179.8,inf
R066150,B044,1173.1,3600.0
R066150,B045,1173.1,3600.0
R066150,B046,1173.1,inf
R066150,B048,1173.1,inf
R066150,B049,1173.1,inf
R066150,B064,2004.6,3600.0
R066152,B044,1173.1,3600.0
R066152,B045,1173.1,3600.0
R066152,B046,1173.1,inf
R066152,B048,1173.1,inf
R066152,B049,1173.1,inf
R066152,B063,2004.6,3600.0
R066153,B044,2158.9,3600.0
R066153,B045,2158.9,3600.0
R066153,B046,2158.9,inf
R066153,B048,2158.9,inf
R066153,B049,2158.9,inf
R066153,B063,1179.8,3600.0
R066159,B044,1107.1,3600.0
R066159,B045,1107.1,3600.0
R066159,B046,1107.1,inf
R066159,B047,1107.1,inf
R066159,B064,1938.6,3600.0
R066161,B044,1107.1,3600.0
R066161,B045,1107.1,3600.0
R066161,B046,1107.1,inf
R066161,B047,1107.1,inf
R066161,B063,1938.6,3600.0
R066166,B044,1173.1,3600.0
R066166,B045,1173.1,3600.0
R066166,B046,1173.1,inf
R066166,B047,1173.1,inf
R066166,B049,1173.1,inf
R066166,B065,2004.6,inf
R066167,B044,1173.1,3600.0
R066167,B045,1173.1,3600.0
R066167,B046,1173.1,inf
R066167,B047,1173.1,inf
R066167,B049,1173.1,inf
R066167,B064,2004.6,3600.0
R066169,B044,1173.1,3600.0
R066169,B045,1173.1,3600.0
R066169,B046,1173.1,inf
R066169,B047,1173.1,inf
R066169,B049,1173.1,inf
R066169,B063,2004.6,3600.0
R066173,B044,1173.1,3600.0
R066173,B045,1173.1,3600.0
R066173,B046,1173.1,inf
R066173,B047,1173.1,inf
R066173,B048,1173.1,inf
R066173,B065,2004.6,inf
R066174,B044,1173.1,3600.0
R066174,B045,1173.1,3600.0
R066174,B046,1173.1,inf
R066174,B047,1173.1,inf
R066174,B048,1173.1,inf
R066174,B064,2004.6,3600.0
R066176,B044,1173.1,3600.0
R066176,B045,1173.1,3600.0
R066176,B046,1173.1,inf
R066176,B047,1173.1,inf
R066176,B048,1173.1,inf
R066176,B063,2004.6,3600.0
R066180,B044,1239.1,3600.0
R066180,B045,1239.1,3600.0
R066180,B046,1239.1,inf
R066180,B047,1239.1,inf
R066180,B048,1239.1,inf
R066180,B049,1239.1,inf
R066180,B065,2070.6,inf
R066181,B044,1239.1,3600.0
R066181,B045,1239.1,3600.0
R066181,B046,1239.1,inf
R066181,B047,1239.1,inf
R066181,B048,1239.1,inf
R066181,B049,1239.1,inf
R066181,B064,2070.6,3600.0
R066182,B044,1239.1,3600.0
R066182,B045,1239.1,3600.0
R066182,B046,1239.1,inf
R066182,B047,1239.1,inf
R066182,B048,1239.1,inf
R066182,B049,1239.1,inf
R066182,B063,2070.6,3600.0
R066188,B049,1434.4,inf
R066188,B067,872.5,10800.0
R066190,B049,1500.4,inf
R066190,B067,938.5,10800.0
R066190,B068,938.5,inf
R066192,B049,1434.4,inf
R066192,B066,872.5,10800.0
R066194,B049,1500.4,inf
R066194,B066,938.5,10800.0
R066194,B068,938.5,inf
R066196,B049,1500.4,inf
R066196,B066,938.5,10800.0
R066196,B067,938.5,10800.0
R066199,B048,909.1,inf
R066199,B068,1481.3,inf
R066200,B048,1434.4,inf
R066200,B068,872.5,inf
R066201,B048,909.1,inf
R066201,B067,1481.3,10800.0
R066202,B048,1434.4,inf
R066202,B067,872.5,10800.0
R066204,B048,1500.4,inf
R066204,B067,938.5,10800.0
R066204,B068,938.5,inf
R066206,B048,1434.4,inf
R066206,B066,872.5,10800.0
R066208,B048,1500.4,inf
R066208,B066,938.5,10800.0
R066208,B068,938.5,inf
R066209,B048,939.1,inf
R066209,B066,1547.3,10800.0
R066209,B067,1547.3,10800.0
R066210,B048,1500.4,inf
R066210,B066,938.5,10800.0
R066210,B067,938.5,10800.0
R066216,B048,1500.4,inf
R066216,B049,1500.4,inf
R066216,B067,902.5,10800.0
R066218,B048,1566.4,inf
R066218,B049,1566.4,inf
R066218,B067,968.5,10800.0
R066218,B068,968.5,inf
R066220,B048,1500.4,inf
R066220,B049,1500.4,inf
R066220,B066,902.5,10800.0
R066224,B048,1566.4,inf
R066224,B049,1566.4,inf
R066224,B066,968.5,10800.0
R066224,B067,968.5,10800.0
R066268,B045,1632.4,3600.0
R066268,B048,1632.4,inf
R066268,B066,1034.5,10800.0
R066268,B067,1034.5,10800.0
R066268,B068,1034.5,inf
R066283,B045,975.1,3600.0
R066283,B046,975.1,inf
R066283,B068,1547.3,inf
R066289,B045,975.1,3600.0
R066289,B046,975.1,inf
R066289,B066,1547.3,10800.0
R066342,B045,1566.4,3600.0
R066342,B046,1566.4,inf
R066342,B047,1566.4,inf
R066342,B067,932.5,10800.0
R066343,B045,1071.1,3600.0
R066343,B046,1071.1,inf
R066343,B047,1071.1,inf
R066343,B067,1679.3,10800.0
R066343,B068,1679.3,inf
R066344,B045,1632.4,3600.0
R066344,B046,1632.4,inf
R066344,B047,1632.4,inf
R066344,B067,998.5,10800.0
R066344,B068,998.5,inf
R066345,B045,1041.1,3600.0
R066345,B046,1041.1,inf
R066345,B047,1041.1,inf
R066345,B066,1613.3,10800.0
R066346,B045,1566.4,3600.0
R066346,B046,1566.4,inf
R066346,B047,1566.4,inf
R066346,B066,932.5,10800.0
R066347,B045,1071.1,3600.0
R066347,B046,1071.1,inf
R066347,B047,1071.1,inf
R066347,B066,1679.3,10800.0
R066347,B068,1679.3,inf
R066395,B044,909.1,3600.0
R066395,B067,1481.3,10800.0
R066399,B044,909.1,3600.0
R066399,B066,1481.3,10800.0
R066614,B049,1822.6,inf
R066614,B074,1031.6,inf
R066620,B049,1822.6,inf
R066620,B072,1031.6,3600.0
R066628,B048,1822.6,inf
R066628,B074,1031.6,inf
R066630,B048,1822.6,inf
R066630,B073,1031.6,3600.0
R066634,B048,1822.6,inf
R066634,B072,1031.6,3600.0
R066648,B048,1888.6,inf
R066648,B049,1888.6,inf
R066648,B072,1061.6,3600.0
R066672,B045,1888.6,3600.0
R066672,B049,1888.6,inf
R066672,B073,1061.6,3600.0
R066686,B045,1888.6,3600.0
R066686,B048,1888.6,inf
R066686,B073,1061.6,3600.0
R066714,B045,1888.6,3600.0
R066714,B046,1888.6,inf
R066714,B073,1061.6,3600.0
R066742,B045,1954.6,3600.0
R066742,B046,1954.6,inf
R066742,B048,1954.6,inf
R066742,B073,1091.6,3600.0
R066756,B045,2020.6,3600.0
R066756,B046,2020.6,inf
R066756,B048,2020.6,inf
R066756,B049,2020.6,inf
R066756,B073,1121.6,3600.0
R066764,B045,1041.1,3600.0
R066764,B046,1041.1,inf
R066764,B047,1041.1,inf
R066764,B074,1828.4,inf
R066765,B045,1954.6,3600.0
R066765,B046,1954.6,inf
R066765,B047,1954.6,inf
R066765,B074,1091.6,inf
R066767,B045,1954.6,3600.0
R066767,B046,1954.6,inf
R066767,B047,1954.6,inf
R066767,B073,1091.6,3600.0
R066779,B045,2020.6,3600.0
R066779,B046,2020.6,inf
R066779,B047,2020.6,inf
R066779,B049,2020.6,inf
R066779,B072,1121.6,3600.0
R066790,B045,1173.1,3600.0
R066790,B046,1173.1,inf
R066790,B047,1173.1,inf
R066790,B048,1173.1,inf
R066790,B049,1173.1,inf
R066790,B074,1960.4,inf
R066791,B045,1173.1,3600.0
R066791,B046,1173.1,inf
R066791,B047,1173.1,inf
R066791,B048,1173.1,inf
R066791,B049,1173.1,inf
R066791,B073,1960.4,3600.0
R066793,B045,1173.1,3600.0
R066793,B046,1173.1,inf
R066793,B047,1173.1,inf
R066793,B048,1173.1,inf
R066793,B049,1173.1,inf
R066793,B072,1960.4,3600.0
R066796,B044,909.1,3600.0
R066796,B074,1696.4,inf
R066797,B044,1822.6,3600.0
R066797,B074,1031.6,inf
R066811,B044,1888.6,3600.0
R066811,B049,1888.6,inf
R066811,B074,1061.6,inf
R066827,B044,1888.6,3600.0
R066827,B048,1888.6,inf
R066827,B073,1061.6,3600.0
R066839,B044,1954.6,3600.0
R066839,B048,1954.6,inf
R066839,B049,1954.6,inf
R066839,B074,1091.6,inf
R066841,B044,1954.6,3600.0
R066841,B048,1954.6,inf
R066841,B049,1954.6,inf
R066841,B073,1091.6,3600.0
R066887,B044,1954.6,3600.0
R066887,B045,1954.6,3600.0
R066887,B048,1954.6,inf
R066887,B072,1091.6,3600.0
R066895,B044,2020.6,3600.0
R066895,B045,2020.6,3600.0
R066895,B048,2020.6,inf
R066895,B049,2020.6,inf
R066895,B074,1121.6,inf
R066897,B044,2020.6,3600.0
R066897,B045,2020.6,3600.0
R066897,B048,2020.6,inf
R066897,B049,2020.6,inf
R066897,B073,1121.6,3600.0
R066915,B044,1954.6,3600.0
R066915,B045,1954.6,3600.0
R066915,B046,1954.6,inf
R066915,B072,1091.6,3600.0
R066925,B044,2020.6,3600.0
R066925,B045,2020.6,3600.0
R066925,B046,2020.6,inf
R066925,B049,2020.6,inf
R066925,B073,1121.6,3600.0
R066929,B044,2020.6,3600.0
R066929,B045,2020.6,3600.0
R066929,B046,2020.6,inf
R066929,B049,2020.6,inf
R066929,B072,1121.6,3600.0
R066937,B044,2020.6,3600.0
R066937,B045,2020.6,3600.0
R066937,B046,2020.6,inf
R066937,B048,2020.6,inf
R066937,B074,1121.6,inf
R066943,B044,2020.6,3600.0
R066943,B045,2020.6,3600.0
R066943,B046,2020.6,inf
R066943,B048,2020.6,inf
R066943,B072,1121.6,3600.0
R066949,B044,1173.1,3600.0
R066949,B045,1173.1,3600.0
R066949,B046,1173.1,inf
R066949,B048,1173.1,inf
R066949,B049,1173.1,inf
R066949,B074,1960.4,inf
R066950,B044,2086.6,3600.0
R066950,B045,2086.6,3600.0
R066950,B046,2086.6,inf
R066950,B048,2086.6,inf
R066950,B049,2086.6,inf
R066950,B074,1151.6,inf
R066951,B044,1173.1,3600.0
R066951,B045,1173.1,3600.0
R066951,B046,1173.1,inf
R066951,B048,1173.1,inf
R066951,B049,1173.1,inf
R066951,B073,1960.4,3600.0
R066953,B044,1173.1,3600.0
R066953,B045,1173.1,3600.0
R066953,B046,1173.1,inf
R066953,B048,1173.1,inf
R066953,B049,1173.1,inf
R066953,B072,1960.4,3600.0
R066954,B044,2086.6,3600.0
R066954,B045,2086.6,3600.0
R066954,B046,2086.6,inf
R066954,B048,2086.6,inf
R066954,B049,2086.6,inf
R066954,B072,1151.6,3600.0
R066963,B044,2020.6,3600.0
R066963,B045,2020.6,3600.0
R066963,B046,2020.6,inf
R066963,B047,2020.6,inf
R066963,B072,1121.6,3600.0
R066967,B044,1173.1,3600.0
R066967,B045,1173.1,3600.0
R066967,B046,1173.1,inf
R066967,B047,1173.1,inf
R066967,B049,1173.1,inf
R066967,B074,1960.4,inf
R066968,B044,1173.1,3600.0
R066968,B045,1173.1,3600.0
R066968,B046,1173.1,inf
R066968,B047,1173.1,inf
R066968,B049,1173.1,inf
R066968,B073,1960.4,3600.0
R066970,B044,1173.1,3600.0
R066970,B045,1173.1,3600.0
R066970,B046,1173.1,inf
R066970,B047,1173.1,inf
R066970,B049,1173.1,inf
R066970,B072,1960.4,3600.0
R066974,B044,1173.1,3600.0
R066974,B045,1173.1,3600.0
R066974,B046,1173.1,inf
R066974,B047,1173.1,inf
R066974,B048,1173.1,inf
R066974,B074,1960.4,inf
R066975,B044,1173.1,3600.0
R066975,B045,1173.1,3600.0
R066975,B046,1173.1,inf
R066975,B047,1173.1,inf
R066975,B048,1173.1,inf
R066975,B073,1960.4,3600.0
R066977,B044,1173.1,3600.0
R066977,B045,1173.1,3600.0
R066977,B046,1173.1,inf
R066977,B047,1173.1,inf
R066977,B048,1173.1,inf
R066977,B072,1960.4,3600.0
R066981,B044,1239.1,3600.0
R066981,B045,1239.1,3600.0
R066981,B046,1239.1,inf
R066981,B047,1239.1,inf
R066981,B048,1239.1,inf
R066981,B049,1239.1,inf
R066981,B074,2026.4,inf
R066982,B044,1239.1,3600.0
R066982,B045,1239.1,3600.0
R066982,B046,1239.1,inf
R066982,B047,1239.1,inf
R066982,B048,1239.1,inf
R066982,B049,1239.1,inf
R066982,B073,2026.4,3600.0
R066983,B044,1239.1,3600.0
R066983,B045,1239.1,3600.0
R066983,B046,1239.1,inf
R066983,B047,1239.1,inf
R066983,B048,1239.1,inf
R066983,B049,1239.1,inf
R066983,B072,2026.4,3600.0
R066989,B049,2279.3,inf
R066989,B076,1242.9,3600.0
R066993,B049,2279.3,inf
R066993,B075,1242.9,3600.0
R067003,B048,2279.3,inf
R067003,B076,1242.9,3600.0
R067007,B048,2279.3,inf
R067007,B075,1242.9,3600.0
R067031,B045,2279.3,3600.0
R067031,B076,1242.9,3600.0
R067045,B045,2345.3,3600.0
R067045,B049,2345.3,inf
R067045,B076,1272.9,3600.0
R067059,B045,2345.3,3600.0
R067059,B048,2345.3,inf
R067059,B076,1272.9,3600.0
R067108,B045,1107.1,3600.0
R067108,B046,1107.1,inf
R067108,B048,1107.1,inf
R067108,B049,1107.1,inf
R067108,B076,2139.8,3600.0
R067109,B045,1107.1,3600.0
R067109,B046,1107.1,inf
R067109,B048,1107.1,inf
R067109,B049,1107.1,inf
R067109,B075,2139.8,3600.0
R067118,B045,1107.1,3600.0
R067118,B046,1107.1,inf
R067118,B047,1107.1,inf
R067118,B049,1107.1,inf
R067118,B076,2139.8,3600.0
R067123,B045,1107.1,3600.0
R067123,B046,1107.1,inf
R067123,B047,1107.1,inf
R067123,B048,1107.1,inf
R067123,B076,2139.8,3600.0
R067126,B045,1173.1,3600.0
R067126,B046,1173.1,inf
R067126,B047,1173.1,inf
R067126,B048,1173.1,inf
R067126,B049,1173.1,inf
R067126,B077,2205.8,inf
R067127,B045,1173.1,3600.0
R067127,B046,1173.1,inf
R067127,B047,1173.1,inf
R067127,B048,1173.1,inf
R067127,B049,1173.1,inf
R067127,B075,2205.8,3600.0
R067136,B044,2279.3,3600.0
R067136,B075,1242.9,3600.0
R067144,B044,2345.3,3600.0
R067144,B049,2345.3,inf
R067144,B077,1272.9,inf
R067158,B044,2345.3,3600.0
R067158,B048,2345.3,inf
R067158,B077,1272.9,inf
R067164,B044,2345.3,3600.0
R067164,B048,2345.3,inf
R067164,B075,1272.9,3600.0
R067172,B044,2411.3,3600.0
R067172,B048,2411.3,inf
R067172,B049,2411.3,inf
R067172,B077,1302.9,inf
R067174,B044,2411.3,3600.0
R067174,B048,2411.3,inf
R067174,B049,2411.3,inf
R067174,B076,1302.9,3600.0
R067200,B044,2411.3,3600.0
R067200,B045,2411.3,3600.0
R067200,B049,2411.3,inf
R067200,B077,1302.9,inf
R067202,B044,2411.3,3600.0
R067202,B045,2411.3,3600.0
R067202,B049,2411.3,inf
R067202,B076,1302.9,3600.0
R067206,B044,2411.3,3600.0
R067206,B045,2411.3,3600.0
R067206,B049,2411.3,inf
R067206,B075,1302.9,3600.0
R067214,B044,2411.3,3600.0
R067214,B045,2411.3,3600.0
R067214,B048,2411.3,inf
R067214,B077,1302.9,inf
R067216,B044,2411.3,3600.0
R067216,B045,2411.3,3600.0
R067216,B048,2411.3,inf
R067216,B076,1302.9,3600.0
R067219,B044,2411.3,3600.0
R067219,B045,2411.3,3600.0
R067219,B048,2411.3,inf
R067219,B075,1302.9,3600.0
R067225,B044,1107.1,3600.0
R067225,B045,1107.1,3600.0
R067225,B048,1107.1,inf
R067225,B049,1107.1,inf
R067225,B077,2139.8,inf
R067226,B044,2477.3,3600.0
R067226,B045,2477.3,3600.0
R067226,B048,2477.3,inf
R067226,B049,2477.3,inf
R067226,B077,1332.9,inf
R067227,B044,1107.1,3600.0
R067227,B045,1107.1,3600.0
R067227,B048,1107.1,inf
R067227,B049,1107.1,inf
R067227,B076,2139.8,3600.0
R067230,B044,2477.3,3600.0
R067230,B045,2477.3,3600.0
R067230,B048,2477.3,inf
R067230,B049,2477.3,inf
R067230,B075,1332.9,3600.0
R067235,B044,2411.3,3600.0
R067235,B045,2411.3,3600.0
R067235,B046,2411.3,inf
R067235,B077,1302.9,inf
R067239,B044,2411.3,3600.0
R067239,B045,2411.3,3600.0
R067239,B046,2411.3,inf
R067239,B075,1302.9,3600.0
R067255,B044,1173.1,3600.0
R067255,B045,1173.1,3600.0
R067255,B046,1173.1,inf
R067255,B048,1173.1,inf
R067255,B049,1173.1,inf
R067255,B077,2205.8,inf
R067256,B044,1173.1,3600.0
R067256,B045,1173.1,3600.0
R067256,B046,1173.1,inf
R067256,B048,1173.1,inf
R067256,B049,1173.1,inf
R067256,B076,2205.8,3600.0
R067257,B044,1173.1,3600.0
R067257,B045,1173.1,3600.0
R067257,B046,1173.1,inf
R067257,B048,1173.1,inf
R067257,B049,1173.1,inf
R067257,B075,2205.8,3600.0
R067260,B044,1107.1,3600.0
R067260,B045,1107.1,3600.0
R067260,B046,1107.1,inf
R067260,B047,1107.1,inf
R067260,B077,2139.8,inf
R067261,B044,1107.1,3600.0
R067261,B045,1107.1,3600.0
R067261,B046,1107.1,inf
R067261,B047,1107.1,inf
R067261,B076,2139.8,3600.0
R067262,B044,1107.1,3600.0
R067262,B045,1107.1,3600.0
R067262,B046,1107.1,inf
R067262,B047,1107.1,inf
R067262,B075,2139.8,3600.0
R067265,B044,1173.1,3600.0
R067265,B045,1173.1,3600.0
R067265,B046,1173.1,inf
R067265,B047,1173.1,inf
R067265,B049,1173.1,inf
R067265,B077,2205.8,inf
R067266,B044,1173.1,3600.0
R067266,B045,1173.1,3600.0
R067266,B046,1173.1,inf
R067266,B047,1173.1,inf
R067266,B049,1173.1,inf
R067266,B076,2205.8,3600.0
R067267,B044,1173.1,3600.0
R067267,B045,1173.1,3600.0
R067267,B046,1173.1,inf
R067267,B047,1173.1,inf
R067267,B049,1173.1,inf
R067267,B075,2205.8,3600.0
R067269,B044,1173.1,3600.0
R067269,B045,1173.1,3600.0
R067269,B046,1173.1,inf
R067269,B047,1173.1,inf
R067269,B048,1173.1,inf
R067269,B077,2205.8,inf
R067270,B044,1173.1,3600.0
R067270,B045,1173.1,3600.0
R067270,B046,1173.1,inf
R067270,B047,1173.1,inf
R067270,B048,1173.1,inf
R067270,B076,2205.8,3600.0
R067271,B044,1173.1,3600.0
R067271,B045,1173.1,3600.0
R067271,B046,1173.1,inf
R067271,B047,1173.1,inf
R067271,B048,1173.1,inf
R067271,B075,2205.8,3600.0
R067273,B044,1239.1,3600.0
R067273,B045,1239.1,3600.0
R067273,B046,1239.1,inf
R067273,B047,1239.1,inf
R067273,B048,1239.1,inf
R067273,B049,1239.1,inf
R067273,B077,2271.8,inf
R067274,B044,1239.1,3600.0
R067274,B045,1239.1,3600.0
R067274,B046,1239.1,inf
R067274,B047,1239.1,inf
R067274,B048,1239.1,inf
R067274,B049,1239.1,inf
R067274,B075,2271.8,3600.0
R067278,B049,1972.0,inf
R067278,B079,1203.6,10800.0
R067292,B048,1972.0,inf
R067292,B079,1203.6,10800.0
R067788,B051,1179.7,3600.0
R067788,B052,1179.7,inf
R067788,B058,2107.3,inf
R067926,B054,1886.8,inf
R067926,B061,1055.3,10800.0
R067930,B054,1886.8,inf
R067930,B060,1055.3,10800.0
R067940,B053,1886.8,inf
R067940,B061,1055.3,10800.0
R067944,B053,1886.8,inf
R067944,B060,1055.3,10800.0
R067965,B051,1113.7,3600.0
R067965,B062,1957.1,inf
R067967,B051,1113.7,3600.0
R067967,B061,1957.1,10800.0
R067971,B051,1113.7,3600.0
R067971,B060,1957.1,10800.0
R068020,B051,1179.7,3600.0
R068020,B052,1179.7,inf
R068020,B062,2023.1,inf
R068199,B054,1926.6,inf
R068199,B063,1059.8,3600.0
R068213,B053,1926.6,inf
R068213,B063,1059.8,3600.0
R068281,B051,1179.7,3600.0
R068281,B052,1179.7,inf
R068281,B065,2046.2,inf
R068417,B054,1413.3,inf
R068417,B067,872.5,10800.0
R068419,B054,1479.3,inf
R068419,B067,938.5,10800.0
R068419,B068,938.5,inf
R068421,B054,1413.3,inf
R068421,B066,872.5,10800.0
R068423,B054,1479.3,inf
R068423,B066,938.5,10800.0
R068423,B068,938.5,inf
R068425,B054,1479.3,inf
R068425,B066,938.5,10800.0
R068425,B067,938.5,10800.0
R068431,B053,1413.3,inf
R068431,B067,872.5,10800.0
R068433,B053,1479.3,inf
R068433,B067,938.5,10800.0
R068433,B068,938.5,inf
R068435,B053,1413.3,inf
R068435,B066,872.5,10800.0
R068437,B053,1479.3,inf
R068437,B066,938.5,10800.0
R068437,B068,938.5,inf
R068439,B053,1479.3,inf
R068439,B066,938.5,10800.0
R068439,B067,938.5,10800.0
R068445,B053,1479.3,inf
R068445,B054,1479.3,inf
R068445,B067,902.5,10800.0
R068447,B053,1545.3,inf
R068447,B054,1545.3,inf
R068447,B067,968.5,10800.0
R068447,B068,968.5,inf
R068449,B053,1479.3,inf
R068449,B054,1479.3,inf
R068449,B066,902.5,10800.0
R068453,B053,1545.3,inf
R068453,B054,1545.3,inf
R068453,B066,968.5,10800.0
R068453,B067,968.5,10800.0
R068512,B051,1179.7,3600.0
R068512,B052,1179.7,inf
R068512,B068,1734.1,inf
R068568,B050,1113.7,3600.0
R068568,B068,1668.1,inf
R068570,B050,1113.7,3600.0
R068570,B067,1668.1,10800.0
R068574,B050,1113.7,3600.0
R068574,B066,1668.1,10800.0
R068739,B054,1858.1,inf
R068739,B073,1031.6,3600.0
R068753,B053,1858.1,inf
R068753,B073,1031.6,3600.0
R068778,B051,1113.7,3600.0
R068778,B074,1939.9,inf
R068993,B054,2311.9,inf
R068993,B075,1242.9,3600.0
R069009,B054,1656.7,inf
R069009,B079,1203.6,10800.0
R069023,B053,1656.7,inf
R069023,B079,1203.6,10800.0
R069294,B050,1341.7,3600.0
R069294,B051,1341.7,3600.0
R069294,B052,1341.7,inf
R069294,B054,1341.7,inf
R069294,B078,1818.2,7200.0
R069294,B080,1818.2,inf
R069298,B050,1371.7,3600.0
R069298,B051,1371.7,3600.0
R069298,B052,1371.7,inf
R069298,B054,1371.7,inf
R069298,B078,1884.2,7200.0
R069298,B079,1884.2,10800.0
R069298,B080,1884.2,inf
R069309,B050,1920.7,3600.0
R069309,B051,1920.7,3600.0
R069309,B052,1920.7,inf
R069309,B053,1920.7,inf
R069309,B078,1359.6,7200.0
R069309,B080,1359.6,inf
R069310,B050,1341.7,3600.0
R069310,B051,1341.7,3600.0
R069310,B052,1341.7,inf
R069310,B053,1341.7,inf
R069310,B078,1818.2,7200.0
R069310,B079,1818.2,10800.0
R069311,B050,1920.7,3600.0
R069311,B051,1920.7,3600.0
R069311,B052,1920.7,inf
R069311,B053,1920.7,inf
R069311,B078,1359.6,7200.0
R069311,B079,1359.6,10800.0
R069312,B050,1371.7,3600.0
R069312,B051,1371.7,3600.0
R069312,B052,1371.7,inf
R069312,B053,1371.7,inf
R069312,B078,1884.2,7200.0
R069312,B079,1884.2,10800.0
R069312,B080,1884.2,inf
R069313,B050,1986.7,3600.0
R069313,B051,1986.7,3600.0
R069313,B052,1986.7,inf
R069313,B053,1986.7,inf
R069313,B078,1425.6,7200.0
R069313,B079,1425.6,10800.0
R069313,B080,1425.6,inf
R069314,B050,1377.7,3600.0
R069314,B051,1377.7,3600.0
R069314,B052,1377.7,inf
R069314,B053,1377.7,inf
R069314,B054,1377.7,inf
R069314,B080,1818.2,inf
R069315,B050,1920.7,3600.0
R069315,B051,1920.7,3600.0
R069315,B052,1920.7,inf
R069315,B053,1920.7,inf
R069315,B054,1920.7,inf
R069315,B080,1323.6,inf
R069326,B050,1437.7,3600.0
R069326,B051,1437.7,3600.0
R069326,B052,1437.7,inf
R069326,B053,1437.7,inf
R069326,B054,1437.7,inf
R069326,B078,1950.2,7200.0
R069326,B079,1950.2,10800.0
R069326,B080,1950.2,inf
R069344,B058,1728.2,inf
R069344,B061,1055.3,10800.0
R069363,B056,1265.7,7200.0
R069363,B062,1942.7,inf
R069365,B056,1265.7,7200.0
R069365,B061,1942.7,10800.0
R069368,B056,1265.7,7200.0
R069368,B060,1942.7,10800.0
R069453,B059,1596.4,inf
R069453,B068,872.5,inf
R069454,B059,1265.7,inf
R069454,B067,1995.5,10800.0
R069455,B059,1596.4,inf
R069455,B067,872.5,10800.0
R069457,B059,1662.4,inf
R069457,B067,938.5,10800.0
R069457,B068,938.5,inf
R069458,B059,1265.7,inf
R069458,B066,1995.5,10800.0
R069459,B059,1596.4,inf
R069459,B066,872.5,10800.0
R069461,B059,1662.4,inf
R069461,B066,938.5,10800.0
R069461,B068,938.5,inf
R069463,B059,1662.4,inf
R069463,B066,938.5,10800.0
R069463,B067,938.5,10800.0
R069465,B059,1728.4,inf
R069465,B066,1004.5,10800.0
R069465,B067,1004.5,10800.0
R069465,B068,1004.5,inf
R069467,B058,1596.4,inf
R069467,B068,872.5,inf
R069469,B058,1596.4,inf
R069469,B067,872.5,10800.0
R069471,B058,1662.4,inf
R069471,B067,938.5,10800.0
R069471,B068,938.5,inf
R069472,B058,1265.7,inf
R069472,B066,1995.5,10800.0
R069473,B058,1596.4,inf
R069473,B066,872.5,10800.0
R069475,B058,1662.4,inf
R069475,B066,938.5,10800.0
R069475,B068,938.5,inf
R069477,B058,1662.4,inf
R069477,B066,938.5,10800.0
R069477,B067,938.5,10800.0
R069479,B058,1728.4,inf
R069479,B066,1004.5,10800.0
R069479,B067,1004.5,10800.0
R069479,B068,1004.5,inf
R069483,B058,1662.4,inf
R069483,B059,1662.4,inf
R069483,B067,902.5,10800.0
R069487,B058,1662.4,inf
R069487,B059,1662.4,inf
R069487,B066,902.5,10800.0
R069489,B058,1728.4,inf
R069489,B059,1728.4,inf
R069489,B066,968.5,10800.0
R069489,B068,968.5,inf
R069491,B058,1728.4,inf
R069491,B059,1728.4,inf
R069491,B066,968.5,10800.0
R069491,B067,968.5,10800.0
R069494,B056,1265.7,7200.0
R069494,B068,1995.5,inf
R069495,B056,1596.4,7200.0
R069495,B068,872.5,inf
R069496,B056,1265.7,7200.0
R069496,B067,1995.5,10800.0
R069497,B056,1596.4,7200.0
R069497,B067,872.5,10800.0
R069499,B056,1662.4,7200.0
R069499,B067,938.5,10800.0
R069499,B068,938.5,inf
R069500,B056,1265.7,7200.0
R069500,B066,1995.5,10800.0
R069501,B056,1596.4,7200.0
R069501,B066,872.5,10800.0
R069503,B056,1662.4,7200.0
R069503,B066,938.5,10800.0
R069503,B068,938.5,inf
R069505,B056,1662.4,7200.0
R069505,B066,938.5,10800.0
R069505,B067,938.5,10800.0
R069506,B056,1325.7,7200.0
R069506,B066,2127.5,10800.0
R069506,B067,2127.5,10800.0
R069506,B068,2127.5,inf
R069507,B056,1728.4,7200.0
R069507,B066,1004.5,10800.0
R069507,B067,1004.5,10800.0
R069507,B068,1004.5,inf
R069551,B056,1662.4,7200.0
R069551,B057,1662.4,inf
R069551,B068,902.5,inf
R069552,B056,1331.7,7200.0
R069552,B057,1331.7,inf
R069552,B067,2061.5,10800.0
R069553,B056,1662.4,7200.0
R069553,B057,1662.4,inf
R069553,B067,902.5,10800.0
R069555,B056,1728.4,7200.0
R069555,B057,1728.4,inf
R069555,B067,968.5,10800.0
R069555,B068,968.5,inf
R069556,B056,1331.7,7200.0
R069556,B057,1331.7,inf
R069556,B066,2061.5,10800.0
R069557,B056,1662.4,7200.0
R069557,B057,1662.4,inf
R069557,B066,902.5,10800.0
R069559,B056,1728.4,7200.0
R069559,B057,1728.4,inf
R069559,B066,968.5,10800.0
R069559,B068,968.5,inf
R069561,B056,1728.4,7200.0
R069561,B057,1728.4,inf
R069561,B066,968.5,10800.0
R069561,B067,968.5,10800.0
R069562,B056,1391.7,7200.0
R069562,B057,1391.7,inf
R069562,B066,2193.5,10800.0
R069562,B067,2193.5,10800.0
R069562,B068,2193.5,inf
R069563,B056,1794.4,7200.0
R069563,B057,1794.4,inf
R069563,B066,1034.5,10800.0
R069563,B067,1034.5,10800.0
R069563,B068,1034.5,inf
R069575,B056,1860.4,7200.0
R069575,B057,1860.4,inf
R069575,B059,1860.4,inf
R069575,B066,1064.5,10800.0
R069575,B067,1064.5,10800.0
R069575,B068,1064.5,inf
R069587,B056,1860.4,7200.0
R069587,B057,1860.4,inf
R069587,B058,1860.4,inf
R069587,B066,1064.5,10800.0
R069587,B067,1064.5,10800.0
R069587,B068,1064.5,inf
R069598,B055,1265.7,7200.0
R069598,B068,1995.5,inf
R069599,B055,1596.4,7200.0
R069599,B068,872.5,inf
R069600,B055,1265.7,7200.0
R069600,B067,1995.5,10800.0
R069601,B055,1596.4,7200.0
R069601,B067,872.5,10800.0
R069603,B055,1662.4,7200.0
R069603,B067,938.5,10800.0
R069603,B068,938.5,inf
R069604,B055,1265.7,7200.0
R069604,B066,1995.5,10800.0
R069605,B055,1596.4,7200.0
R069605,B066,872.5,10800.0
R069607,B055,1662.4,7200.0
R069607,B066,938.5,10800.0
R069607,B068,938.5,inf
R069609,B055,1662.4,7200.0
R069609,B066,938.5,10800.0
R069609,B067,938.5,10800.0
R069611,B055,1728.4,7200.0
R069611,B066,1004.5,10800.0
R069611,B067,1004.5,10800.0
R069611,B068,1004.5,inf
R069619,B055,1662.4,7200.0
R069619,B059,1662.4,inf
R069619,B066,902.5,10800.0
R069633,B055,1662.4,7200.0
R069633,B058,1662.4,inf
R069633,B066,902.5,10800.0
R069661,B055,1662.4,7200.0
R069661,B056,1662.4,7200.0
R069661,B066,902.5,10800.0
R069716,B055,1728.4,7200.0
R069716,B056,1728.4,7200.0
R069716,B057,1728.4,inf
R069716,B066,932.5,10800.0
R069721,B055,1860.4,7200.0
R069721,B056,1860.4,7200.0
R069721,B057,1860.4,inf
R069721,B066,1064.5,10800.0
R069721,B067,1064.5,10800.0
R069721,B068,1064.5,inf
R069733,B055,1926.4,7200.0
R069733,B056,1926.4,7200.0
R069733,B057,1926.4,inf
R069733,B059,1926.4,inf
R069733,B066,1094.5,10800.0
R069733,B067,1094.5,10800.0
R069733,B068,1094.5,inf
R069734,B055,1463.7,7200.0
R069734,B056,1463.7,7200.0
R069734,B057,1463.7,inf
R069734,B058,1463.7,inf
R069734,B068,2193.5,inf
R069829,B056,1331.7,7200.0
R069829,B057,1331.7,inf
R069829,B080,2104.1,inf
R069835,B055,1265.7,7200.0
R069835,B080,2038.1,inf
R069929,B062,1759.9,inf
R069929,B063,1059.8,3600.0
R069936,B061,1055.3,10800.0
R069936,B065,1743.3,inf
R069964,B060,1055.3,10800.0
R069964,B065,1743.3,inf
R070023,B062,1461.2,inf
R070023,B067,872.5,10800.0
R070025,B062,1527.2,inf
R070025,B067,938.5,10800.0
R070025,B068,938.5,inf
R070027,B062,1461.2,inf
R070027,B066,872.5,10800.0
R070029,B062,1527.2,inf
R070029,B066,938.5,10800.0
R070029,B068,938.5,inf
R070031,B062,1527.2,inf
R070031,B066,938.5,10800.0
R070031,B067,938.5,10800.0
R070033,B062,1593.2,inf
R070033,B066,1004.5,10800.0
R070033,B067,1004.5,10800.0
R070033,B068,1004.5,inf
R070062,B060,1055.3,10800.0
R070062,B068,1645.8,inf
R070132,B061,1055.3,10800.0
R070132,B071,1562.1,inf
R070135,B061,1762.0,10800.0
R070135,B070,1250.2,3600.0
R070160,B060,1055.3,10800.0
R070160,B071,1562.1,inf
R070210,B060,1217.3,10800.0
R070210,B061,1217.3,10800.0
R070210,B062,1217.3,inf
R070210,B069,1760.1,3600.0
R070210,B071,1760.1,inf
R070211,B060,1960.0,10800.0
R070211,B061,1960.0,10800.0
R070211,B062,1960.0,inf
R070211,B069,1376.2,3600.0
R070211,B071,1376.2,inf
R070212,B060,1217.3,10800.0
R070212,B061,1217.3,10800.0
R070212,B062,1217.3,inf
R070212,B069,1760.1,3600.0
R070212,B070,1760.1,3600.0
R070213,B060,1960.0,10800.0
R070213,B061,1960.0,10800.0
R070213,B062,1960.0,inf
R070213,B069,1376.2,3600.0
R070213,B070,1376.2,3600.0
R070214,B060,1247.3,10800.0
R070214,B061,1247.3,10800.0
R070214,B062,1247.3,inf
R070214,B069,1826.1,3600.0
R070214,B070,1826.1,3600.0
R070214,B071,1826.1,inf
R070215,B060,2026.0,10800.0
R070215,B061,2026.0,10800.0
R070215,B062,2026.0,inf
R070215,B069,1442.2,3600.0
R070215,B070,1442.2,3600.0
R070215,B071,1442.2,inf
R070230,B061,1055.3,10800.0
R070230,B074,1553.1,inf
R070258,B060,1055.3,10800.0
R070258,B074,1553.1,inf
R070313,B060,1805.5,10800.0
R070313,B061,1805.5,10800.0
R070313,B062,1805.5,inf
R070313,B072,1223.6,3600.0
R070313,B073,1223.6,3600.0
R070313,B074,1223.6,inf
R070328,B061,1055.3,10800.0
R070328,B077,1923.5,inf
R070356,B060,1055.3,10800.0
R070356,B077,1923.5,inf
R070423,B061,1055.3,10800.0
R070423,B080,1889.7,inf
R070447,B060,1055.3,10800.0
R070447,B080,1889.7,inf
R070499,B065,1612.3,inf
R070499,B067,872.5,10800.0
R070501,B065,1678.3,inf
R070501,B067,938.5,10800.0
R070501,B068,938.5,inf
R070503,B065,1612.3,inf
R070503,B066,872.5,10800.0
R070505,B065,1678.3,inf
R070505,B066,938.5,10800.0
R070505,B068,938.5,inf
R070507,B065,1678.3,inf
R070507,B066,938.5,10800.0
R070507,B067,938.5,10800.0
R070509,B065,1744.3,inf
R070509,B066,1004.5,10800.0
R070509,B067,1004.5,10800.0
R070509,B068,1004.5,inf
R070512,B064,1059.8,3600.0
R070512,B067,1813.5,10800.0
R070600,B065,1059.8,inf
R070600,B069,1685.5,3600.0
R070635,B064,2066.8,3600.0
R070635,B065,2066.8,inf
R070635,B069,1412.2,3600.0
R070635,B070,1412.2,3600.0
R070635,B071,1412.2,inf
R070636,B063,1059.8,3600.0
R070636,B071,1685.5,inf
R070638,B063,1059.8,3600.0
R070638,B070,1685.5,3600.0
R070639,B063,1868.8,3600.0
R070639,B070,1250.2,3600.0
R070694,B065,1059.8,inf
R070694,B073,1505.2,3600.0
R070695,B065,1477.0,inf
R070695,B073,1031.6,3600.0
R070698,B065,1059.8,inf
R070698,B072,1505.2,3600.0
R070699,B065,1477.0,inf
R070699,B072,1031.6,3600.0
R070706,B064,1059.8,3600.0
R070706,B074,1505.2,inf
R070707,B064,1477.0,3600.0
R070707,B074,1031.6,inf
R070712,B064,1059.8,3600.0
R070712,B072,1505.2,3600.0
R070713,B064,1477.0,3600.0
R070713,B072,1031.6,3600.0
R070734,B063,1059.8,3600.0
R070734,B074,1505.2,inf
R070735,B063,1477.0,3600.0
R070735,B074,1031.6,inf
R070736,B063,1059.8,3600.0
R070736,B073,1505.2,3600.0
R070737,B063,1477.0,3600.0
R070737,B073,1031.6,3600.0
R070740,B063,1059.8,3600.0
R070740,B072,1505.2,3600.0
R070741,B063,1477.0,3600.0
R070741,B072,1031.6,3600.0
R070754,B063,1125.8,3600.0
R070754,B065,1125.8,inf
R070754,B072,1571.2,3600.0
R070755,B063,1543.0,3600.0
R070755,B065,1543.0,inf
R070755,B072,1061.6,3600.0
R070768,B063,1125.8,3600.0
R070768,B064,1125.8,3600.0
R070768,B072,1571.2,3600.0
R070790,B065,1059.8,inf
R070790,B077,1560.6,inf
R070791,B065,1743.7,inf
R070791,B077,1242.9,inf
R070796,B065,1059.8,inf
R070796,B075,1560.6,3600.0
R070804,B064,1059.8,3600.0
R070804,B077,1560.6,inf
R070805,B064,1743.7,3600.0
R070805,B077,1242.9,inf
R070806,B064,1059.8,3600.0
R070806,B076,1560.6,3600.0
R070807,B064,1743.7,3600.0
R070807,B076,1242.9,3600.0
R070810,B064,1059.8,3600.0
R070810,B075,1560.6,3600.0
R070811,B064,1743.7,3600.0
R070811,B075,1242.9,3600.0
R070832,B063,1059.8,3600.0
R070832,B077,1560.6,inf
R070833,B063,1743.7,3600.0
R070833,B077,1242.9,inf
R070834,B063,1059.8,3600.0
R070834,B076,1560.6,3600.0
R070835,B063,1743.7,3600.0
R070835,B076,1242.9,3600.0
R070838,B063,1059.8,3600.0
R070838,B075,1560.6,3600.0
R070839,B063,1743.7,3600.0
R070839,B075,1242.9,3600.0
R070840,B063,1089.8,3600.0
R070840,B075,1626.6,3600.0
R070840,B077,1626.6,inf
R070841,B063,1809.7,3600.0
R070841,B075,1308.9,3600.0
R070841,B077,1308.9,inf
R070842,B063,1089.8,3600.0
R070842,B075,1626.6,3600.0
R070842,B076,1626.6,3600.0
R070843,B063,1809.7,3600.0
R070843,B075,1308.9,3600.0
R070843,B076,1308.9,3600.0
R070852,B063,1125.8,3600.0
R070852,B065,1125.8,inf
R070852,B075,1626.6,3600.0
R070905,B067,872.5,10800.0
R070905,B071,1702.0,inf
R070912,B067,2086.5,10800.0
R070912,B069,1250.2,3600.0
R070919,B067,938.5,10800.0
R070919,B068,938.5,inf
R070919,B071,1768.0,inf
R070933,B066,872.5,10800.0
R070933,B071,1702.0,inf
R070936,B066,2086.5,10800.0
R070936,B070,1250.2,3600.0
R070940,B066,2086.5,10800.0
R070940,B069,1250.2,3600.0
R070947,B066,938.5,10800.0
R070947,B068,938.5,inf
R070947,B071,1768.0,inf
R070961,B066,938.5,10800.0
R070961,B067,938.5,10800.0
R070961,B071,1768.0,inf
R070975,B066,1004.5,10800.0
R070975,B067,1004.5,10800.0
R070975,B068,1004.5,inf
R070975,B071,1834.0,inf
R071001,B067,872.5,10800.0
R071001,B074,1516.7,inf
R071015,B067,938.5,10800.0
R071015,B068,938.5,inf
R071015,B074,1582.7,inf
R071029,B066,872.5,10800.0
R071029,B074,1516.7,inf
R071043,B066,938.5,10800.0
R071043,B068,938.5,inf
R071043,B074,1582.7,inf
R071057,B066,938.5,10800.0
R071057,B067,938.5,10800.0
R071057,B074,1582.7,inf
R071071,B066,1004.5,10800.0
R071071,B067,1004.5,10800.0
R071071,B068,1004.5,inf
R071071,B074,1648.7,inf
R071099,B067,872.5,10800.0
R071099,B077,1859.7,inf
R071113,B067,938.5,10800.0
R071113,B068,938.5,inf
R071113,B077,1925.7,inf
R071127,B066,872.5,10800.0
R071127,B077,1859.7,inf
R071141,B066,938.5,10800.0
R071141,B068,938.5,inf
R071141,B077,1925.7,inf
R071155,B066,938.5,10800.0
R071155,B067,938.5,10800.0
R071155,B077,1925.7,inf
R071169,B066,1004.5,10800.0
R071169,B067,1004.5,10800.0
R071169,B068,1004.5,inf
R071169,B077,1991.7,inf
R071183,B068,872.5,inf
R071183,B080,1527.1,inf
R071184,B068,1884.4,inf
R071184,B080,1203.6,inf
R071185,B068,872.5,inf
R071185,B079,1527.1,10800.0
R071189,B068,872.5,inf
R071189,B078,1527.1,7200.0
R071190,B068,1884.4,inf
R071190,B078,1203.6,7200.0
R071197,B067,872.5,10800.0
R071197,B080,1527.1,inf
R071199,B067,872.5,10800.0
R071199,B079,1527.1,10800.0
R071200,B067,1884.4,10800.0
R071200,B079,1203.6,10800.0
R071203,B067,872.5,10800.0
R071203,B078,1527.1,7200.0
R071204,B067,1884.4,10800.0
R071204,B078,1203.6,7200.0
R071211,B067,938.5,10800.0
R071211,B068,938.5,inf
R071211,B080,1593.1,inf
R071225,B066,872.5,10800.0
R071225,B080,1527.1,inf
R071226,B066,1884.4,10800.0
R071226,B080,1203.6,inf
R071227,B066,872.5,10800.0
R071227,B079,1527.1,10800.0
R071228,B066,1884.4,10800.0
R071228,B079,1203.6,10800.0
R071231,B066,872.5,10800.0
R071231,B078,1527.1,7200.0
R071232,B066,1884.4,10800.0
R071232,B078,1203.6,7200.0
R071233,B066,902.5,10800.0
R071233,B078,1593.1,7200.0
R071233,B080,1593.1,inf
R071235,B066,902.5,10800.0
R071235,B078,1593.1,7200.0
R071235,B079,1593.1,10800.0
R071239,B066,938.5,10800.0
R071239,B068,938.5,inf
R071239,B080,1593.1,inf
R071245,B066,938.5,10800.0
R071245,B068,938.5,inf
R071245,B078,1593.1,7200.0
R071253,B066,938.5,10800.0
R071253,B067,938.5,10800.0
R071253,B080,1593.1,inf
R071267,B066,1004.5,10800.0
R071267,B067,1004.5,10800.0
R071267,B068,1004.5,inf
R071267,B080,1659.1,inf
R071281,B071,1250.2,inf
R071281,B074,1762.3,inf
R071284,B071,1550.8,inf
R071284,B073,1031.6,3600.0
R071287,B071,1250.2,inf
R071287,B072,1762.3,3600.0
R071288,B071,1550.8,inf
R071288,B072,1031.6,3600.0
R071295,B070,1250.2,3600.0
R071295,B074,1762.3,inf
R071296,B070,1550.8,3600.0
R071296,B074,1031.6,inf
R071297,B070,1250.2,3600.0
R071297,B073,1762.3,3600.0
R071298,B070,1550.8,3600.0
R071298,B073,1031.6,3600.0
R071301,B070,1250.2,3600.0
R071301,B072,1762.3,3600.0
R071302,B070,1550.8,3600.0
R071302,B072,1031.6,3600.0
R071323,B069,1250.2,3600.0
R071323,B074,1762.3,inf
R071324,B069,1550.8,3600.0
R071324,B074,1031.6,inf
R071329,B069,1250.2,3600.0
R071329,B072,1762.3,3600.0
R071330,B069,1550.8,3600.0
R071330,B072,1031.6,3600.0
R071344,B069,1616.8,3600.0
R071344,B071,1616.8,inf
R071344,B072,1061.6,3600.0
R071392,B070,1250.2,3600.0
R071392,B077,2022.0,inf
R071412,B069,1250.2,3600.0
R071412,B077,2022.0,inf
R071457,B074,1831.7,inf
R071457,B076,1242.9,3600.0
R071555,B074,2131.6,inf
R071555,B079,1203.6,10800.0
R071561,B073,1031.6,3600.0
R071561,B080,1947.3,inf
R071563,B073,1031.6,3600.0
R071563,B078,1947.3,7200.0
R071568,B072,1031.6,3600.0
R071568,B080,1947.3,inf
R071570,B072,1031.6,3600.0
R071570,B079,1947.3,10800.0
R071573,B072,1031.6,3600.0
R071573,B078,1947.3,7200.0
R071593,B008,849.4,inf
R071594,B009,849.4,inf
R071595,B010,849.4,inf
