pattern_id,class_id,count,delivery_offset_s
P000001,C006,1,849.3587719896758
P000002,C005,1,849.3587719896758
P000003,C004,1,849.3587719896758
P000004,C003,1,849.3587719896758
P000005,C003,1,909.3587719896758
P000005,C006,1,909.3587719896758
P000006,C003,1,909.3587719896758
P000006,C005,1,909.3587719896758
P000007,C003,2,909.3587719896758
P000008,C002,1,849.3587719896758
P000009,C002,1,909.3587719896758
P000009,C006,1,909.3587719896758
P000010,C002,1,909.3587719896758
P000010,C005,1,909.3587719896758
P000011,C002,1,909.3587719896758
P000011,C004,1,909.3587719896758
P000012,C002,1,909.3587719896758
P000012,C003,1,909.3587719896758
P000013,C001,1,849.3587719896758
P000014,C001,1,909.3587719896758
P000014,C006,1,909.3587719896758
P000015,C001,1,909.3587719896758
P000015,C005,1,909.3587719896758
P000016,C001,1,909.3587719896758
P000016,C004,1,909.3587719896758
P000017,C001,1,909.3587719896758
P000017,C003,1,909.3587719896758
P000018,C001,1,909.3587719896758
P000018,C002,1,909.3587719896758
P000019,C001,1,969.3587719896758
P000019,C002,1,969.3587719896758
P000019,C006,1,969.3587719896758
P000020,C001,1,969.3587719896758
P000020,C002,1,969.3587719896758
P000020,C005,1,969.3587719896758
P000021,C001,1,969.3587719896758
P000021,C002,1,969.3587719896758
P000021,C004,1,969.3587719896758
P000022,C001,1,969.3587719896758
P000022,C002,1,969.3587719896758
P000022,C003,1,969.3587719896758
P000023,C011,1,1225.8054737360449
P000024,C010,1,1225.8054737360449
P000025,C009,1,1225.8054737360449
P000026,C008,1,1225.8054737360449
P000027,C008,1,1285.8054737360449
P000027,C011,1,1285.8054737360449
P000028,C008,1,1285.8054737360449
P000028,C010,1,1285.8054737360449
P000029,C008,2,1285.8054737360449
P000030,C007,1,1225.8054737360449
P000031,C007,1,1285.8054737360449
P000031,C011,1,1285.8054737360449
P000032,C007,1,1285.8054737360449
P000032,C010,1,1285.8054737360449
P000033,C007,1,1285.8054737360449
P000033,C009,1,1285.8054737360449
P000034,C007,1,1285.8054737360449
P000034,C008,1,1285.8054737360449
P000035,C016,1,1349.111829747456
P000036,C015,1,1349.111829747456
P000037,C014,1,1349.111829747456
P000038,C013,1,1349.111829747456
P000039,C013,1,1409.111829747456
P000039,C016,1,1409.111829747456
P000040,C013,1,1409.111829747456
P000040,C015,1,1409.111829747456
P000041,C013,2,1409.111829747456
P000042,C012,1,1349.111829747456
P000043,C012,1,1409.111829747456
P000043,C016,1,1409.111829747456
P000044,C012,1,1409.111829747456
P000044,C015,1,1409.111829747456
P000045,C012,1,1409.111829747456
P000045,C014,1,1409.111829747456
P000046,C012,1,1409.111829747456
P000046,C013,1,1409.111829747456
P000047,C021,1,1313.6263671531592
P000048,C020,1,1313.6263671531592
P000049,C019,1,1313.6263671531592
P000050,C018,1,1313.6263671531592
P000051,C018,1,1373.6263671531592
P000051,C021,1,1373.6263671531592
P000052,C018,1,1373.6263671531592
P000052,C020,1,1373.6263671531592
P000053,C017,1,1313.6263671531592
P000054,C017,1,1373.6263671531592
P000054,C021,1,1373.6263671531592
P000055,C017,1,1373.6263671531592
P000055,C020,1,1373.6263671531592
P000056,C017,1,1373.6263671531592
P000056,C019,1,1373.6263671531592
P000057,C017,1,1373.6263671531592
P000057,C018,1,1373.6263671531592
P000058,C026,1,1070.635719000899
P000059,C025,1,1070.635719000899
P000060,C024,1,1070.635719000899
P000061,C023,1,1070.635719000899
P000062,C023,1,1130.635719000899
P000062,C026,1,1130.635719000899
P000063,C023,1,1130.635719000899
P000063,C025,1,1130.635719000899
P000064,C022,1,1070.635719000899
P000065,C022,1,1130.635719000899
P000065,C026,1,1130.635719000899
P000066,C022,1,1130.635719000899
P000066,C025,1,1130.635719000899
P000067,C022,1,1130.635719000899
P000067,C024,1,1130.635719000899
P000068,C022,1,1130.635719000899
P000068,C023,1,1130.635719000899
P000069,C031,1,875.0708250633121
P000070,C030,1,875.0708250633121
P000071,C029,1,875.0708250633121
P000072,C028,1,875.0708250633121
P000073,C028,1,935.070825063312
P000073,C031,1,935.070825063312
P000074,C028,1,935.070825063312
P000074,C030,1,935.070825063312
P000075,C027,1,875.0708250633121
P000076,C027,1,935.070825063312
P000076,C031,1,935.070825063312
P000077,C027,1,935.070825063312
P000077,C030,1,935.070825063312
P000078,C027,1,935.070825063312
P000078,C029,1,935.070825063312
P000079,C027,1,935.070825063312
P000079,C028,1,935.070825063312
P000080,C036,1,1081.2987980030025
P000081,C035,1,1081.2987980030025
P000082,C034,1,1081.2987980030025
P000083,C033,1,1081.2987980030025
P000084,C033,1,1141.2987980030025
P000084,C036,1,1141.2987980030025
P000085,C033,1,1141.2987980030025
P000085,C035,1,1141.2987980030025
P000086,C032,1,1081.2987980030025
P000087,C032,1,1141.2987980030025
P000087,C036,1,1141.2987980030025
P000088,C032,1,1141.2987980030025
P000088,C035,1,1141.2987980030025
P000089,C032,1,1141.2987980030025
P000089,C034,1,1141.2987980030025
P000090,C032,1,1141.2987980030025
P000090,C033,1,1141.2987980030025
P000091,C041,1,1308.3286756404718
P000092,C040,1,1308.3286756404718
P000093,C039,1,1308.3286756404718
P000094,C038,1,1308.3286756404718
P000095,C038,1,1368.3286756404718
P000095,C041,1,1368.3286756404718
P000096,C038,1,1368.3286756404718
P000096,C040,1,1368.3286756404718
P000097,C037,1,1308.3286756404718
P000098,C037,1,1368.3286756404718
P000098,C041,1,1368.3286756404718
P000099,C037,1,1368.3286756404718
P000099,C040,1,1368.3286756404718
P000100,C037,1,1368.3286756404718
P000100,C039,1,1368.3286756404718
P000101,C037,1,1368.3286756404718
P000101,C038,1,1368.3286756404718
P000102,C044,1,1067.3572431194746
P000103,C043,1,1067.3572431194746
P000104,C043,1,1127.3572431194746
P000104,C044,1,1127.3572431194746
P000105,C042,1,1067.3572431194746
P000106,C042,1,1127.3572431194746
P000106,C044,1,1127.3572431194746
P000107,C042,1,1127.3572431194746
P000107,C043,1,1127.3572431194746
P000108,C047,1,1044.4629012533037
P000109,C046,1,1044.4629012533037
P000110,C046,1,1104.4629012533037
P000110,C047,1,1104.4629012533037
P000111,C045,1,1044.4629012533037
P000112,C045,1,1104.4629012533037
P000112,C047,1,1104.4629012533037
P000113,C045,1,1104.4629012533037
P000113,C046,1,1104.4629012533037
P000114,C050,1,833.9542734339071
P000115,C049,1,833.9542734339071
P000116,C049,1,893.9542734339071
P000116,C050,1,893.9542734339071
P000117,C048,1,833.9542734339071
P000118,C048,1,893.9542734339071
P000118,C050,1,893.9542734339071
P000119,C048,1,893.9542734339071
P000119,C049,1,893.9542734339071
P000120,C053,1,1275.137341417552
P000121,C052,1,1275.137341417552
P000122,C052,1,1335.137341417552
P000122,C053,1,1335.137341417552
P000123,C051,1,1275.137341417552
P000124,C051,1,1335.137341417552
P000124,C053,1,1335.137341417552
P000125,C051,1,1335.137341417552
P000125,C052,1,1335.137341417552
P000126,C056,1,1023.5450292856592
P000127,C055,1,1023.5450292856592
P000128,C055,1,1083.545029285659
P000128,C056,1,1083.545029285659
P000129,C054,1,1023.5450292856592
P000130,C054,1,1083.545029285659
P000130,C056,1,1083.545029285659
P000131,C054,1,1083.545029285659
P000131,C055,1,1083.545029285659
P000132,C059,1,1212.0372193517871
P000133,C058,1,1212.0372193517871
P000134,C058,1,1272.0372193517871
P000134,C059,1,1272.0372193517871
P000135,C057,1,1212.0372193517871
P000136,C057,1,1272.0372193517871
P000136,C059,1,1272.0372193517871
P000137,C057,1,1272.0372193517871
P000137,C058,1,1272.0372193517871
P000138,C062,1,1198.54492348841
P000139,C061,1,1198.54492348841
P000140,C061,1,1258.54492348841
P000140,C062,1,1258.54492348841
P000141,C060,1,1198.54492348841
P000142,C060,1,1258.54492348841
P000142,C062,1,1258.54492348841
P000143,C060,1,1258.54492348841
P000143,C061,1,1258.54492348841
P000144,C006,1,879.3587719896758
P000144,C008,1,1501.5976090067682
P000145,C006,1,1880.410977419804
P000145,C008,1,1255.8054737360449
P000146,C006,1,879.3587719896758
P000146,C007,1,1501.5976090067682
P000147,C006,1,1880.410977419804
P000147,C007,1,1255.8054737360449
P000148,C005,1,879.3587719896758
P000148,C008,1,1501.5976090067682
P000149,C005,1,1880.410977419804
P000149,C008,1,1255.8054737360449
P000150,C005,1,879.3587719896758
P000150,C007,1,1501.5976090067682
P000152,C004,1,879.3587719896758
P000152,C007,1,1501.5976090067682
P000153,C004,1,1880.410977419804
P000153,C007,1,1255.8054737360449
P000154,C003,1,879.3587719896758
P000154,C011,1,1501.5976090067682
P000155,C003,1,1880.410977419804
P000155,C011,1,1255.8054737360449
P000156,C003,1,879.3587719896758
P000156,C010,1,1501.5976090067682
P000157,C003,1,1880.410977419804
P000157,C010,1,1255.8054737360449
P000158,C003,1,879.3587719896758
P000158,C008,1,1501.5976090067682
P000159,C003,1,1880.410977419804
P000159,C008,1,1255.8054737360449
P000160,C003,1,879.3587719896758
P000160,C007,1,1501.5976090067682
P000161,C003,1,1880.410977419804
P000161,C007,1,1255.8054737360449
P000162,C002,1,879.3587719896758
P000162,C011,1,1501.5976090067682
P000163,C002,1,1880.410977419804
P000163,C011,1,1255.8054737360449
P000164,C002,1,879.3587719896758
P000164,C010,1,1501.5976090067682
P000165,C002,1,1880.410977419804
P000165,C010,1,1255.8054737360449
P000166,C002,1,879.3587719896758
P000166,C009,1,1501.5976090067682
P000167,C002,1,1880.410977419804
P000167,C009,1,1255.8054737360449
P000168,C002,1,879.3587719896758
P000168,C008,1,1501.5976090067682
P000169,C002,1,1880.410977419804
P000169,C008,1,1255.8054737360449
P000170,C002,1,879.3587719896758
P000170,C007,1,1501.5976090067682
P000172,C002,1,909.3587719896758
P000172,C007,1,1561.5976090067682
P000172,C011,1,1561.5976090067682
P000173,C002,1,1940.410977419804
P000173,C007,1,1315.8054737360449
P000173,C011,1,1315.8054737360449
P000174,C002,1,909.3587719896758
P000174,C007,1,1561.5976090067682
P000174,C010,1,1561.5976090067682
P000175,C002,1,1940.410977419804
P000175,C007,1,1315.8054737360449
P000175,C010,1,1315.8054737360449
P000176,C002,1,909.3587719896758
P000176,C007,1,1561.5976090067682
P000176,C009,1,1561.5976090067682
P000177,C002,1,1940.410977419804
P000177,C007,1,1315.8054737360449
P000177,C009,1,1315.8054737360449
P000178,C002,1,909.3587719896758
P000178,C007,1,1561.5976090067682
P000178,C008,1,1561.5976090067682
P000179,C002,1,1940.410977419804
P000179,C007,1,1315.8054737360449
P000179,C008,1,1315.8054737360449
P000180,C002,1,939.3587719896758
P000180,C006,1,939.3587719896758
P000180,C007,1,1561.5976090067682
P000181,C002,1,1940.410977419804
P000181,C006,1,1940.410977419804
P000181,C007,1,1285.8054737360449
P000182,C002,1,939.3587719896758
P000182,C005,1,939.3587719896758
P000182,C007,1,1561.5976090067682
P000183,C002,1,1940.410977419804
P000183,C005,1,1940.410977419804
P000183,C007,1,1285.8054737360449
P000184,C002,1,939.3587719896758
P000184,C004,1,939.3587719896758
P000184,C007,1,1561.5976090067682
P000185,C002,1,1940.410977419804
P000185,C004,1,1940.410977419804
P000185,C007,1,1285.8054737360449
P000186,C002,1,939.3587719896758
P000186,C003,1,939.3587719896758
P000186,C007,1,1561.5976090067682
P000187,C002,1,1940.410977419804
P000187,C003,1,1940.410977419804
P000187,C007,1,1285.8054737360449
P000188,C001,1,879.3587719896758
P000188,C011,1,1501.5976090067682
P000189,C001,1,1880.410977419804
P000189,C011,1,1255.8054737360449
P000190,C001,1,879.3587719896758
P000190,C010,1,1501.5976090067682
P000191,C001,1,1880.410977419804
P000191,C010,1,1255.8054737360449
P000192,C001,1,879.3587719896758
P000192,C009,1,1501.5976090067682
P000193,C001,1,1880.410977419804
P000193,C009,1,1255.8054737360449
P000194,C001,1,879.3587719896758
P000194,C008,1,1501.5976090067682
P000196,C001,1,879.3587719896758
P000196,C007,1,1501.5976090067682
P000198,C001,1,909.3587719896758
P000198,C007,1,1561.5976090067682
P000198,C011,1,1561.5976090067682
P000199,C001,1,1940.410977419804
P000199,C007,1,1315.8054737360449
P000199,C011,1,1315.8054737360449
P000200,C001,1,909.3587719896758
P000200,C007,1,1561.5976090067682
P000200,C010,1,1561.5976090067682
P000201,C001,1,1940.410977419804
P000201,C007,1,1315.8054737360449
P000201,C010,1,1315.8054737360449
P000202,C001,1,909.3587719896758
P000202,C007,1,1561.5976090067682
P000202,C009,1,1561.5976090067682
P000203,C001,1,1940.410977419804
P000203,C007,1,1315.8054737360449
P000203,C009,1,1315.8054737360449
P000204,C001,1,909.3587719896758
P000204,C007,1,1561.5976090067682
P000204,C008,1,1561.5976090067682
P000205,C001,1,1940.410977419804
P000205,C007,1,1315.8054737360449
P000205,C008,1,1315.8054737360449
P000206,C001,1,939.3587719896758
P000206,C006,1,939.3587719896758
P000206,C007,1,1561.5976090067682
P000207,C001,1,1940.410977419804
P000207,C006,1,1940.410977419804
P000207,C007,1,1285.8054737360449
P000208,C001,1,939.3587719896758
P000208,C005,1,939.3587719896758
P000208,C007,1,1561.5976090067682
P000209,C001,1,1940.410977419804
P000209,C005,1,1940.410977419804
P000209,C007,1,1285.8054737360449
P000210,C001,1,939.3587719896758
P000210,C004,1,939.3587719896758
P000210,C007,1,1561.5976090067682
P000211,C001,1,1940.410977419804
P000211,C004,1,1940.410977419804
P000211,C007,1,1285.8054737360449
P000212,C001,1,939.3587719896758
P000212,C003,1,939.3587719896758
P000212,C007,1,1561.5976090067682
P000213,C001,1,1940.410977419804
P000213,C003,1,1940.410977419804
P000213,C007,1,1285.8054737360449
P000214,C001,1,939.3587719896758
P000214,C002,1,939.3587719896758
P000214,C011,1,1561.5976090067682
P000215,C001,1,1940.410977419804
P000215,C002,1,1940.410977419804
P000215,C011,1,1285.8054737360449
P000216,C001,1,939.3587719896758
P000216,C002,1,939.3587719896758
P000216,C010,1,1561.5976090067682
P000217,C001,1,1940.410977419804
P000217,C002,1,1940.410977419804
P000217,C010,1,1285.8054737360449
P000218,C001,1,939.3587719896758
P000218,C002,1,939.3587719896758
P000218,C009,1,1561.5976090067682
P000219,C001,1,1940.410977419804
P000219,C002,1,1940.410977419804
P000219,C009,1,1285.8054737360449
P000220,C001,1,939.3587719896758
P000220,C002,1,939.3587719896758
P000220,C008,1,1561.5976090067682
P000221,C001,1,1940.410977419804
P000221,C002,1,1940.410977419804
P000221,C008,1,1285.8054737360449
P000222,C001,1,939.3587719896758
P000222,C002,1,939.3587719896758
P000222,C007,1,1561.5976090067682
P000223,C001,1,1940.410977419804
P000223,C002,1,1940.410977419804
P000223,C007,1,1285.8054737360449
P000224,C006,1,879.3587719896758
P000224,C012,1,1907.5395805467952
P000225,C005,1,879.3587719896758
P000225,C012,1,1907.5395805467952
P000226,C004,1,879.3587719896758
P000226,C012,1,1907.5395805467952
P000227,C004,1,2417.5926383045758
P000227,C012,1,1379.111829747456
P000228,C003,1,879.3587719896758
P000228,C013,1,1907.5395805467952
P000230,C003,1,2417.5926383045758
P000230,C012,1,1379.111829747456
P000231,C002,1,879.3587719896758
P000231,C014,1,1907.5395805467952
P000232,C002,1,2417.5926383045758
P000232,C014,1,1379.111829747456
P000233,C002,1,879.3587719896758
P000233,C013,1,1907.5395805467952
P000234,C002,1,2417.5926383045758
P000234,C013,1,1379.111829747456
P000235,C002,1,879.3587719896758
P000235,C012,1,1907.5395805467952
P000237,C002,1,909.3587719896758
P000237,C012,1,1967.5395805467952
P000237,C014,1,1967.5395805467952
P000238,C002,1,2477.5926383045758
P000238,C012,1,1439.111829747456
P000238,C014,1,1439.111829747456
P000239,C002,1,909.3587719896758
P000239,C012,1,1967.5395805467952
P000239,C013,1,1967.5395805467952
P000240,C002,1,2477.5926383045758
P000240,C012,1,1439.111829747456
P000240,C013,1,1439.111829747456
P000241,C002,1,939.3587719896758
P000241,C006,1,939.3587719896758
P000241,C012,1,1967.5395805467952
P000242,C002,1,939.3587719896758
P000242,C005,1,939.3587719896758
P000242,C012,1,1967.5395805467952
P000243,C002,1,939.3587719896758
P000243,C004,1,939.3587719896758
P000243,C012,1,1967.5395805467952
P000244,C002,1,939.3587719896758
P000244,C003,1,939.3587719896758
P000244,C012,1,1967.5395805467952
P000245,C001,1,879.3587719896758
P000245,C014,1,1907.5395805467952
P000246,C001,1,2417.5926383045758
P000246,C014,1,1379.111829747456
P000247,C001,1,879.3587719896758
P000247,C013,1,1907.5395805467952
P000249,C001,1,879.3587719896758
P000249,C012,1,1907.5395805467952
P000251,C001,1,909.3587719896758
P000251,C012,1,1967.5395805467952
P000251,C014,1,1967.5395805467952
P000252,C001,1,2477.5926383045758
P000252,C012,1,1439.111829747456
P000252,C014,1,1439.111829747456
P000253,C001,1,909.3587719896758
P000253,C012,1,1967.5395805467952
P000253,C013,1,1967.5395805467952
P000254,C001,1,2477.5926383045758
P000254,C012,1,1439.111829747456
P000254,C013,1,1439.111829747456
P000255,C001,1,939.3587719896758
P000255,C006,1,939.3587719896758
P000255,C012,1,1967.5395805467952
P000256,C001,1,939.3587719896758
P000256,C005,1,939.3587719896758
P000256,C012,1,1967.5395805467952
P000257,C001,1,939.3587719896758
P000257,C004,1,939.3587719896758
P000257,C012,1,1967.5395805467952
P000258,C001,1,939.3587719896758
P000258,C003,1,939.3587719896758
P000258,C012,1,1967.5395805467952
P000259,C001,1,939.3587719896758
P000259,C002,1,939.3587719896758
P000259,C014,1,1967.5395805467952
P000260,C001,1,2477.5926383045758
P000260,C002,1,2477.5926383045758
P000260,C014,1,1409.111829747456
P000261,C001,1,939.3587719896758
P000261,C002,1,939.3587719896758
P000261,C013,1,1967.5395805467952
P000264,C006,1,879.3587719896758
P000264,C018,1,1618.7589204409082
P000265,C006,1,2085.979848937725
P000265,C018,1,1343.6263671531592
P000266,C006,1,879.3587719896758
P000266,C017,1,1618.7589204409082
P000267,C006,1,2085.979848937725
P000267,C017,1,1343.6263671531592
P000268,C005,1,879.3587719896758
P000268,C018,1,1618.7589204409082
P000269,C005,1,2085.979848937725
P000269,C018,1,1343.6263671531592
P000270,C005,1,879.3587719896758
P000270,C017,1,1618.7589204409082
P000272,C004,1,879.3587719896758
P000272,C017,1,1618.7589204409082
P000273,C004,1,2085.979848937725
P000273,C017,1,1343.6263671531592
P000274,C003,1,879.3587719896758
P000274,C021,1,1618.7589204409082
P000275,C003,1,2085.979848937725
P000275,C021,1,1343.6263671531592
P000276,C003,1,879.3587719896758
P000276,C020,1,1618.7589204409082
P000277,C003,1,2085.979848937725
P000277,C020,1,1343.6263671531592
P000278,C003,1,879.3587719896758
P000278,C018,1,1618.7589204409082
P000279,C003,1,2085.979848937725
P000279,C018,1,1343.6263671531592
P000280,C003,1,879.3587719896758
P000280,C017,1,1618.7589204409082
P000281,C003,1,2085.979848937725
P000281,C017,1,1343.6263671531592
P000282,C002,1,879.3587719896758
P000282,C021,1,1618.7589204409082
P000283,C002,1,2085.979848937725
P000283,C021,1,1343.6263671531592
P000284,C002,1,879.3587719896758
P000284,C020,1,1618.7589204409082
P000285,C002,1,2085.979848937725
P000285,C020,1,1343.6263671531592
P000286,C002,1,879.3587719896758
P000286,C019,1,1618.7589204409082
P000287,C002,1,2085.979848937725
P000287,C019,1,1343.6263671531592
P000288,C002,1,879.3587719896758
P000288,C018,1,1618.7589204409082
P000290,C002,1,879.3587719896758
P000290,C017,1,1618.7589204409082
P000292,C002,1,909.3587719896758
P000292,C017,1,1678.7589204409082
P000292,C021,1,1678.7589204409082
P000293,C002,1,2145.979848937725
P000293,C017,1,1403.6263671531592
P000293,C021,1,1403.6263671531592
P000294,C002,1,909.3587719896758
P000294,C017,1,1678.7589204409082
P000294,C020,1,1678.7589204409082
P000295,C002,1,2145.979848937725
P000295,C017,1,1403.6263671531592
P000295,C020,1,1403.6263671531592
P000296,C002,1,909.3587719896758
P000296,C017,1,1678.7589204409082
P000296,C019,1,1678.7589204409082
P000297,C002,1,2145.979848937725
P000297,C017,1,1403.6263671531592
P000297,C019,1,1403.6263671531592
P000298,C002,1,909.3587719896758
P000298,C017,1,1678.7589204409082
P000298,C018,1,1678.7589204409082
P000299,C002,1,2145.979848937725
P000299,C017,1,1403.6263671531592
P000299,C018,1,1403.6263671531592
P000300,C002,1,939.3587719896758
P000300,C006,1,939.3587719896758
P000300,C017,1,1678.7589204409082
P000301,C002,1,2145.979848937725
P000301,C006,1,2145.979848937725
P000301,C017,1,1373.6263671531592
P000302,C002,1,939.3587719896758
P000302,C005,1,939.3587719896758
P000302,C017,1,1678.7589204409082
P000303,C002,1,2145.979848937725
P000303,C005,1,2145.979848937725
P000303,C017,1,1373.6263671531592
P000304,C002,1,939.3587719896758
P000304,C004,1,939.3587719896758
P000304,C017,1,1678.7589204409082
P000305,C002,1,2145.979848937725
P000305,C004,1,2145.979848937725
P000305,C017,1,1373.6263671531592
P000306,C002,1,939.3587719896758
P000306,C003,1,939.3587719896758
P000306,C017,1,1678.7589204409082
P000308,C001,1,879.3587719896758
P000308,C021,1,1618.7589204409082
P000309,C001,1,2085.979848937725
P000309,C021,1,1343.6263671531592
P000310,C001,1,879.3587719896758
P000310,C020,1,1618.7589204409082
P000311,C001,1,2085.979848937725
P000311,C020,1,1343.6263671531592
P000312,C001,1,879.3587719896758
P000312,C019,1,1618.7589204409082
P000313,C001,1,2085.979848937725
P000313,C019,1,1343.6263671531592
P000314,C001,1,879.3587719896758
P000314,C018,1,1618.7589204409082
P000316,C001,1,879.3587719896758
P000316,C017,1,1618.7589204409082
P000318,C001,1,909.3587719896758
P000318,C017,1,1678.7589204409082
P000318,C021,1,1678.7589204409082
P000319,C001,1,2145.979848937725
P000319,C017,1,1403.6263671531592
P000319,C021,1,1403.6263671531592
P000320,C001,1,909.3587719896758
P000320,C017,1,1678.7589204409082
P000320,C020,1,1678.7589204409082
P000321,C001,1,2145.979848937725
P000321,C017,1,1403.6263671531592
P000321,C020,1,1403.6263671531592
P000322,C001,1,909.3587719896758
P000322,C017,1,1678.7589204409082
P000322,C019,1,1678.7589204409082
P000323,C001,1,2145.979848937725
P000323,C017,1,1403.6263671531592
P000323,C019,1,1403.6263671531592
P000324,C001,1,909.3587719896758
P000324,C017,1,1678.7589204409082
P000324,C018,1,1678.7589204409082
P000325,C001,1,2145.979848937725
P000325,C017,1,1403.6263671531592
P000325,C018,1,1403.6263671531592
P000330,C001,1,939.3587719896758
P000330,C004,1,939.3587719896758
P000330,C017,1,1678.7589204409082
P000331,C001,1,2145.979848937725
P000331,C004,1,2145.979848937725
P000331,C017,1,1373.6263671531592
P000332,C001,1,939.3587719896758
P000332,C003,1,939.3587719896758
P000332,C017,1,1678.7589204409082
P000334,C001,1,939.3587719896758
P000334,C002,1,939.3587719896758
P000334,C021,1,1678.7589204409082
P000335,C001,1,2145.979848937725
P000335,C002,1,2145.979848937725
P000335,C021,1,1373.6263671531592
P000336,C001,1,939.3587719896758
P000336,C002,1,939.3587719896758
P000336,C020,1,1678.7589204409082
P000337,C001,1,2145.979848937725
P000337,C002,1,2145.979848937725
P000337,C020,1,1373.6263671531592
P000338,C001,1,939.3587719896758
P000338,C002,1,939.3587719896758
P000338,C019,1,1678.7589204409082
P000339,C001,1,2145.979848937725
P000339,C002,1,2145.979848937725
P000339,C019,1,1373.6263671531592
P000340,C001,1,939.3587719896758
P000340,C002,1,939.3587719896758
P000340,C018,1,1678.7589204409082
P000341,C001,1,2145.979848937725
P000341,C002,1,2145.979848937725
P000341,C018,1,1373.6263671531592
P000342,C001,1,939.3587719896758
P000342,C002,1,939.3587719896758
P000342,C017,1,1678.7589204409082
P000344,C006,1,879.3587719896758
P000344,C023,1,1396.4764948825675
P000345,C006,1,1618.486775227124
P000345,C023,1,1100.635719000899
P000346,C006,1,879.3587719896758
P000346,C022,1,1396.4764948825675
P000347,C006,1,1618.486775227124
P000347,C022,1,1100.635719000899
P000348,C005,1,879.3587719896758
P000348,C023,1,1396.4764948825675
P000349,C005,1,1618.486775227124
P000349,C023,1,1100.635719000899
P000350,C005,1,879.3587719896758
P000350,C022,1,1396.4764948825675
P000352,C004,1,879.3587719896758
P000352,C022,1,1396.4764948825675
P000353,C004,1,1618.486775227124
P000353,C022,1,1100.635719000899
P000354,C003,1,879.3587719896758
P000354,C026,1,1396.4764948825675
P000355,C003,1,1618.486775227124
P000355,C026,1,1100.635719000899
P000356,C003,1,879.3587719896758
P000356,C025,1,1396.4764948825675
P000357,C003,1,1618.486775227124
P000357,C025,1,1100.635719000899
P000358,C003,1,879.3587719896758
P000358,C023,1,1396.4764948825675
P000359,C003,1,1618.486775227124
P000359,C023,1,1100.635719000899
P000361,C003,1,1618.486775227124
P000361,C022,1,1100.635719000899
P000362,C002,1,879.3587719896758
P000362,C026,1,1396.4764948825675
P000363,C002,1,1618.486775227124
P000363,C026,1,1100.635719000899
P000364,C002,1,879.3587719896758
P000364,C025,1,1396.4764948825675
P000365,C002,1,1618.486775227124
P000365,C025,1,1100.635719000899
P000366,C002,1,879.3587719896758
P000366,C024,1,1396.4764948825675
P000367,C002,1,1618.486775227124
P000367,C024,1,1100.635719000899
P000372,C002,1,909.3587719896758
P000372,C022,1,1456.4764948825675
P000372,C026,1,1456.4764948825675
P000373,C002,1,1678.486775227124
P000373,C022,1,1160.635719000899
P000373,C026,1,1160.635719000899
P000374,C002,1,909.3587719896758
P000374,C022,1,1456.4764948825675
P000374,C025,1,1456.4764948825675
P000375,C002,1,1678.486775227124
P000375,C022,1,1160.635719000899
P000375,C025,1,1160.635719000899
P000376,C002,1,909.3587719896758
P000376,C022,1,1456.4764948825675
P000376,C024,1,1456.4764948825675
P000377,C002,1,1678.486775227124
P000377,C022,1,1160.635719000899
P000377,C024,1,1160.635719000899
P000378,C002,1,909.3587719896758
P000378,C022,1,1456.4764948825675
P000378,C023,1,1456.4764948825675
P000379,C002,1,1678.486775227124
P000379,C022,1,1160.635719000899
P000379,C023,1,1160.635719000899
P000380,C002,1,939.3587719896758
P000380,C006,1,939.3587719896758
P000380,C022,1,1456.4764948825675
P000381,C002,1,1678.486775227124
P000381,C006,1,1678.486775227124
P000381,C022,1,1130.635719000899
P000382,C002,1,939.3587719896758
P000382,C005,1,939.3587719896758
P000382,C022,1,1456.4764948825675
P000383,C002,1,1678.486775227124
P000383,C005,1,1678.486775227124
P000383,C022,1,1130.635719000899
P000384,C002,1,939.3587719896758
P000384,C004,1,939.3587719896758
P000384,C022,1,1456.4764948825675
P000385,C002,1,1678.486775227124
P000385,C004,1,1678.486775227124
P000385,C022,1,1130.635719000899
P000392,C001,1,879.3587719896758
P000392,C024,1,1396.4764948825675
P000393,C001,1,1618.486775227124
P000393,C024,1,1100.635719000899
P000398,C001,1,909.3587719896758
P000398,C022,1,1456.4764948825675
P000398,C026,1,1456.4764948825675
P000399,C001,1,1678.486775227124
P000399,C022,1,1160.635719000899
P000399,C026,1,1160.635719000899
P000400,C001,1,909.3587719896758
P000400,C022,1,1456.4764948825675
P000400,C025,1,1456.4764948825675
P000401,C001,1,1678.486775227124
P000401,C022,1,1160.635719000899
P000401,C025,1,1160.635719000899
P000402,C001,1,909.3587719896758
P000402,C022,1,1456.4764948825675
P000402,C024,1,1456.4764948825675
P000403,C001,1,1678.486775227124
P000403,C022,1,1160.635719000899
P000403,C024,1,1160.635719000899
P000404,C001,1,909.3587719896758
P000404,C022,1,1456.4764948825675
P000404,C023,1,1456.4764948825675
P000405,C001,1,1678.486775227124
P000405,C022,1,1160.635719000899
P000405,C023,1,1160.635719000899
P000410,C001,1,939.3587719896758
P000410,C004,1,939.3587719896758
P000410,C022,1,1456.4764948825675
P000411,C001,1,1678.486775227124
P000411,C004,1,1678.486775227124
P000411,C022,1,1130.635719000899
P000414,C001,1,939.3587719896758
P000414,C002,1,939.3587719896758
P000414,C026,1,1456.4764948825675
P000415,C001,1,1678.486775227124
P000415,C002,1,1678.486775227124
P000415,C026,1,1130.635719000899
P000416,C001,1,939.3587719896758
P000416,C002,1,939.3587719896758
P000416,C025,1,1456.4764948825675
P000417,C001,1,1678.486775227124
P000417,C002,1,1678.486775227124
P000417,C025,1,1130.635719000899
P000418,C001,1,939.3587719896758
P000418,C002,1,939.3587719896758
P000418,C024,1,1456.4764948825675
P000419,C001,1,1678.486775227124
P000419,C002,1,1678.486775227124
P000419,C024,1,1130.635719000899
P000420,C001,1,939.3587719896758
P000420,C002,1,939.3587719896758
P000420,C023,1,1456.4764948825675
P000421,C001,1,1678.486775227124
P000421,C002,1,1678.486775227124
P000421,C023,1,1130.635719000899
P000422,C001,1,939.3587719896758
P000422,C002,1,939.3587719896758
P000422,C022,1,1456.4764948825675
P000424,C006,1,879.3587719896758
P000424,C028,1,1602.3573809243862
P000425,C006,1,1636.7894339980226
P000425,C028,1,905.070825063312
P000426,C006,1,879.3587719896758
P000426,C027,1,1602.3573809243862
P000427,C006,1,1636.7894339980226
P000427,C027,1,905.070825063312
P000428,C005,1,879.3587719896758
P000428,C028,1,1602.3573809243862
P000429,C005,1,1636.7894339980226
P000429,C028,1,905.070825063312
P000430,C005,1,879.3587719896758
P000430,C027,1,1602.3573809243862
P000432,C004,1,879.3587719896758
P000432,C027,1,1602.3573809243862
P000433,C004,1,1636.7894339980226
P000433,C027,1,905.070825063312
P000434,C003,1,879.3587719896758
P000434,C031,1,1602.3573809243862
P000435,C003,1,1636.7894339980226
P000435,C031,1,905.070825063312
P000436,C003,1,879.3587719896758
P000436,C030,1,1602.3573809243862
P000437,C003,1,1636.7894339980226
P000437,C030,1,905.070825063312
P000438,C003,1,879.3587719896758
P000438,C028,1,1602.3573809243862
P000439,C003,1,1636.7894339980226
P000439,C028,1,905.070825063312
P000441,C003,1,1636.7894339980226
P000441,C027,1,905.070825063312
P000442,C002,1,879.3587719896758
P000442,C031,1,1602.3573809243862
P000443,C002,1,1636.7894339980226
P000443,C031,1,905.070825063312
P000444,C002,1,879.3587719896758
P000444,C030,1,1602.3573809243862
P000445,C002,1,1636.7894339980226
P000445,C030,1,905.070825063312
P000446,C002,1,879.3587719896758
P000446,C029,1,1602.3573809243862
P000447,C002,1,1636.7894339980226
P000447,C029,1,905.070825063312
P000452,C002,1,909.3587719896758
P000452,C027,1,1662.3573809243862
P000452,C031,1,1662.3573809243862
P000453,C002,1,1696.7894339980226
P000453,C027,1,965.070825063312
P000453,C031,1,965.070825063312
P000454,C002,1,909.3587719896758
P000454,C027,1,1662.3573809243862
P000454,C030,1,1662.3573809243862
P000455,C002,1,1696.7894339980226
P000455,C027,1,965.070825063312
P000455,C030,1,965.070825063312
P000456,C002,1,909.3587719896758
P000456,C027,1,1662.3573809243862
P000456,C029,1,1662.3573809243862
P000457,C002,1,1696.7894339980226
P000457,C027,1,965.070825063312
P000457,C029,1,965.070825063312
P000458,C002,1,909.3587719896758
P000458,C027,1,1662.3573809243862
P000458,C028,1,1662.3573809243862
P000459,C002,1,1696.7894339980226
P000459,C027,1,965.070825063312
P000459,C028,1,965.070825063312
P000460,C002,1,939.3587719896758
P000460,C006,1,939.3587719896758
P000460,C027,1,1662.3573809243862
P000461,C002,1,1696.7894339980226
P000461,C006,1,1696.7894339980226
P000461,C027,1,935.070825063312
P000462,C002,1,939.3587719896758
P000462,C005,1,939.3587719896758
P000462,C027,1,1662.3573809243862
P000463,C002,1,1696.7894339980226
P000463,C005,1,1696.7894339980226
P000463,C027,1,935.070825063312
P000464,C002,1,939.3587719896758
P000464,C004,1,939.3587719896758
P000464,C027,1,1662.3573809243862
P000465,C002,1,1696.7894339980226
P000465,C004,1,1696.7894339980226
P000465,C027,1,935.070825063312
P000472,C001,1,879.3587719896758
P000472,C029,1,1602.3573809243862
P000473,C001,1,1636.7894339980226
P000473,C029,1,905.070825063312
P000478,C001,1,909.3587719896758
P000478,C027,1,1662.3573809243862
P000478,C031,1,1662.3573809243862
P000479,C001,1,1696.7894339980226
P000479,C027,1,965.070825063312
P000479,C031,1,965.070825063312
P000480,C001,1,909.3587719896758
P000480,C027,1,1662.3573809243862
P000480,C030,1,1662.3573809243862
P000481,C001,1,1696.7894339980226
P000481,C027,1,965.070825063312
P000481,C030,1,965.070825063312
P000482,C001,1,909.3587719896758
P000482,C027,1,1662.3573809243862
P000482,C029,1,1662.3573809243862
P000483,C001,1,1696.7894339980226
P000483,C027,1,965.070825063312
P000483,C029,1,965.070825063312
P000484,C001,1,909.3587719896758
P000484,C027,1,1662.3573809243862
P000484,C028,1,1662.3573809243862
P000485,C001,1,1696.7894339980226
P000485,C027,1,965.070825063312
P000485,C028,1,965.070825063312
P000490,C001,1,939.3587719896758
P000490,C004,1,939.3587719896758
P000490,C027,1,1662.3573809243862
P000491,C001,1,1696.7894339980226
P000491,C004,1,1696.7894339980226
P000491,C027,1,935.070825063312
P000494,C001,1,939.3587719896758
P000494,C002,1,939.3587719896758
P000494,C031,1,1662.3573809243862
P000495,C001,1,1696.7894339980226
P000495,C002,1,1696.7894339980226
P000495,C031,1,935.070825063312
P000496,C001,1,939.3587719896758
P000496,C002,1,939.3587719896758
P000496,C030,1,1662.3573809243862
P000497,C001,1,1696.7894339980226
P000497,C002,1,1696.7894339980226
P000497,C030,1,935.070825063312
P000498,C001,1,939.3587719896758
P000498,C002,1,939.3587719896758
P000498,C029,1,1662.3573809243862
P000499,C001,1,1696.7894339980226
P000499,C002,1,1696.7894339980226
P000499,C029,1,935.070825063312
P000500,C001,1,939.3587719896758
P000500,C002,1,939.3587719896758
P000500,C028,1,1662.3573809243862
P000501,C001,1,1696.7894339980226
P000501,C002,1,1696.7894339980226
P000501,C028,1,935.070825063312
P000504,C006,1,879.3587719896758
P000504,C033,1,1612.325514936559
P000505,C006,1,1855.2322076165524
P000505,C033,1,1111.2987980030025
P000506,C006,1,879.3587719896758
P000506,C032,1,1612.325514936559
P000507,C006,1,1855.2322076165524
P000507,C032,1,1111.2987980030025
P000508,C005,1,879.3587719896758
P000508,C033,1,1612.325514936559
P000509,C005,1,1855.2322076165524
P000509,C033,1,1111.2987980030025
P000510,C005,1,879.3587719896758
P000510,C032,1,1612.325514936559
P000512,C004,1,879.3587719896758
P000512,C032,1,1612.325514936559
P000513,C004,1,1855.2322076165524
P000513,C032,1,1111.2987980030025
P000514,C003,1,879.3587719896758
P000514,C036,1,1612.325514936559
P000515,C003,1,1855.2322076165524
P000515,C036,1,1111.2987980030025
P000516,C003,1,879.3587719896758
P000516,C035,1,1612.325514936559
P000517,C003,1,1855.2322076165524
P000517,C035,1,1111.2987980030025
P000518,C003,1,879.3587719896758
P000518,C033,1,1612.325514936559
P000519,C003,1,1855.2322076165524
P000519,C033,1,1111.2987980030025
P000521,C003,1,1855.2322076165524
P000521,C032,1,1111.2987980030025
P000522,C002,1,879.3587719896758
P000522,C036,1,1612.325514936559
P000523,C002,1,1855.2322076165524
P000523,C036,1,1111.2987980030025
P000524,C002,1,879.3587719896758
P000524,C035,1,1612.325514936559
P000525,C002,1,1855.2322076165524
P000525,C035,1,1111.2987980030025
P000526,C002,1,879.3587719896758
P000526,C034,1,1612.325514936559
P000527,C002,1,1855.2322076165524
P000527,C034,1,1111.2987980030025
P000528,C002,1,879.3587719896758
P000528,C033,1,1612.325514936559
P000532,C002,1,909.3587719896758
P000532,C032,1,1672.325514936559
P000532,C036,1,1672.325514936559
P000533,C002,1,1915.2322076165524
P000533,C032,1,1171.2987980030025
P000533,C036,1,1171.2987980030025
P000534,C002,1,909.3587719896758
P000534,C032,1,1672.325514936559
P000534,C035,1,1672.325514936559
P000535,C002,1,1915.2322076165524
P000535,C032,1,1171.2987980030025
P000535,C035,1,1171.2987980030025
P000536,C002,1,909.3587719896758
P000536,C032,1,1672.325514936559
P000536,C034,1,1672.325514936559
P000537,C002,1,1915.2322076165524
P000537,C032,1,1171.2987980030025
P000537,C034,1,1171.2987980030025
P000538,C002,1,909.3587719896758
P000538,C032,1,1672.325514936559
P000538,C033,1,1672.325514936559
P000539,C002,1,1915.2322076165524
P000539,C032,1,1171.2987980030025
P000539,C033,1,1171.2987980030025
P000540,C002,1,939.3587719896758
P000540,C006,1,939.3587719896758
P000540,C032,1,1672.325514936559
P000541,C002,1,1915.2322076165524
P000541,C006,1,1915.2322076165524
P000541,C032,1,1141.2987980030025
P000542,C002,1,939.3587719896758
P000542,C005,1,939.3587719896758
P000542,C032,1,1672.325514936559
P000543,C002,1,1915.2322076165524
P000543,C005,1,1915.2322076165524
P000543,C032,1,1141.2987980030025
P000544,C002,1,939.3587719896758
P000544,C004,1,939.3587719896758
P000544,C032,1,1672.325514936559
P000545,C002,1,1915.2322076165524
P000545,C004,1,1915.2322076165524
P000545,C032,1,1141.2987980030025
P000548,C001,1,879.3587719896758
P000548,C036,1,1612.325514936559
P000550,C001,1,879.3587719896758
P000550,C035,1,1612.325514936559
P000552,C001,1,879.3587719896758
P000552,C034,1,1612.325514936559
P000553,C001,1,1855.2322076165524
P000553,C034,1,1111.2987980030025
P000554,C001,1,879.3587719896758
P000554,C033,1,1612.325514936559
P000558,C001,1,909.3587719896758
P000558,C032,1,1672.325514936559
P000558,C036,1,1672.325514936559
P000559,C001,1,1915.2322076165524
P000559,C032,1,1171.2987980030025
P000559,C036,1,1171.2987980030025
P000560,C001,1,909.3587719896758
P000560,C032,1,1672.325514936559
P000560,C035,1,1672.325514936559
P000561,C001,1,1915.2322076165524
P000561,C032,1,1171.2987980030025
P000561,C035,1,1171.2987980030025
P000562,C001,1,909.3587719896758
P000562,C032,1,1672.325514936559
P000562,C034,1,1672.325514936559
P000563,C001,1,1915.2322076165524
P000563,C032,1,1171.2987980030025
P000563,C034,1,1171.2987980030025
P000564,C001,1,909.3587719896758
P000564,C032,1,1672.325514936559
P000564,C033,1,1672.325514936559
P000565,C001,1,1915.2322076165524
P000565,C032,1,1171.2987980030025
P000565,C033,1,1171.2987980030025
P000570,C001,1,939.3587719896758
P000570,C004,1,939.3587719896758
P000570,C032,1,1672.325514936559
P000571,C001,1,1915.2322076165524
P000571,C004,1,1915.2322076165524
P000571,C032,1,1141.2987980030025
P000574,C001,1,939.3587719896758
P000574,C002,1,939.3587719896758
P000574,C036,1,1672.325514936559
P000575,C001,1,1915.2322076165524
P000575,C002,1,1915.2322076165524
P000575,C036,1,1141.2987980030025
P000576,C001,1,939.3587719896758
P000576,C002,1,939.3587719896758
P000576,C035,1,1672.325514936559
P000577,C001,1,1915.2322076165524
P000577,C002,1,1915.2322076165524
P000577,C035,1,1141.2987980030025
P000578,C001,1,939.3587719896758
P000578,C002,1,939.3587719896758
P000578,C034,1,1672.325514936559
P000579,C001,1,1915.2322076165524
P000579,C002,1,1915.2322076165524
P000579,C034,1,1141.2987980030025
P000580,C001,1,939.3587719896758
P000580,C002,1,939.3587719896758
P000580,C033,1,1672.325514936559
P000581,C001,1,1915.2322076165524
P000581,C002,1,1915.2322076165524
P000581,C033,1,1141.2987980030025
P000584,C006,1,879.3587719896758
P000584,C038,1,1657.2402150048931
P000585,C006,1,879.3587719896758
P000585,C037,1,1657.2402150048931
P000586,C006,1,2122.0034519890223
P000586,C037,1,1338.3286756404718
P000587,C005,1,879.3587719896758
P000587,C038,1,1657.2402150048931
P000588,C005,1,879.3587719896758
P000588,C037,1,1657.2402150048931
P000591,C004,1,2122.0034519890223
P000591,C037,1,1338.3286756404718
P000592,C003,1,879.3587719896758
P000592,C041,1,1657.2402150048931
P000593,C003,1,2122.0034519890223
P000593,C041,1,1338.3286756404718
P000594,C003,1,879.3587719896758
P000594,C040,1,1657.2402150048931
P000595,C003,1,2122.0034519890223
P000595,C040,1,1338.3286756404718
P000596,C003,1,879.3587719896758
P000596,C038,1,1657.2402150048931
P000597,C003,1,2122.0034519890223
P000597,C038,1,1338.3286756404718
P000599,C003,1,2122.0034519890223
P000599,C037,1,1338.3286756404718
P000600,C002,1,879.3587719896758
P000600,C041,1,1657.2402150048931
P000601,C002,1,2122.0034519890223
P000601,C041,1,1338.3286756404718
P000602,C002,1,879.3587719896758
P000602,C040,1,1657.2402150048931
P000603,C002,1,2122.0034519890223
P000603,C040,1,1338.3286756404718
P000604,C002,1,879.3587719896758
P000604,C039,1,1657.2402150048931
P000605,C002,1,2122.0034519890223
P000605,C039,1,1338.3286756404718
P000610,C002,1,909.3587719896758
P000610,C037,1,1717.2402150048931
P000610,C041,1,1717.2402150048931
P000611,C002,1,2182.0034519890223
P000611,C037,1,1398.3286756404718
P000611,C041,1,1398.3286756404718
P000612,C002,1,909.3587719896758
P000612,C037,1,1717.2402150048931
P000612,C040,1,1717.2402150048931
P000613,C002,1,2182.0034519890223
P000613,C037,1,1398.3286756404718
P000613,C040,1,1398.3286756404718
P000614,C002,1,909.3587719896758
P000614,C037,1,1717.2402150048931
P000614,C039,1,1717.2402150048931
P000615,C002,1,2182.0034519890223
P000615,C037,1,1398.3286756404718
P000615,C039,1,1398.3286756404718
P000616,C002,1,909.3587719896758
P000616,C037,1,1717.2402150048931
P000616,C038,1,1717.2402150048931
P000617,C002,1,2182.0034519890223
P000617,C037,1,1398.3286756404718
P000617,C038,1,1398.3286756404718
P000618,C002,1,939.3587719896758
P000618,C006,1,939.3587719896758
P000618,C037,1,1717.2402150048931
P000619,C002,1,939.3587719896758
P000619,C005,1,939.3587719896758
P000619,C037,1,1717.2402150048931
P000620,C002,1,939.3587719896758
P000620,C004,1,939.3587719896758
P000620,C037,1,1717.2402150048931
P000621,C002,1,2182.0034519890223
P000621,C004,1,2182.0034519890223
P000621,C037,1,1368.3286756404718
P000628,C001,1,879.3587719896758
P000628,C039,1,1657.2402150048931
P000629,C001,1,2122.0034519890223
P000629,C039,1,1338.3286756404718
P000634,C001,1,909.3587719896758
P000634,C037,1,1717.2402150048931
P000634,C041,1,1717.2402150048931
P000635,C001,1,2182.0034519890223
P000635,C037,1,1398.3286756404718
P000635,C041,1,1398.3286756404718
P000636,C001,1,909.3587719896758
P000636,C037,1,1717.2402150048931
P000636,C040,1,1717.2402150048931
P000637,C001,1,2182.0034519890223
P000637,C037,1,1398.3286756404718
P000637,C040,1,1398.3286756404718
P000638,C001,1,909.3587719896758
P000638,C037,1,1717.2402150048931
P000638,C039,1,1717.2402150048931
P000639,C001,1,2182.0034519890223
P000639,C037,1,1398.3286756404718
P000639,C039,1,1398.3286756404718
P000640,C001,1,909.3587719896758
P000640,C037,1,1717.2402150048931
P000640,C038,1,1717.2402150048931
P000641,C001,1,2182.0034519890223
P000641,C037,1,1398.3286756404718
P000641,C038,1,1398.3286756404718
P000644,C001,1,939.3587719896758
P000644,C004,1,939.3587719896758
P000644,C037,1,1717.2402150048931
P000645,C001,1,2182.0034519890223
P000645,C004,1,2182.0034519890223
P000645,C037,1,1368.3286756404718
P000648,C001,1,939.3587719896758
P000648,C002,1,939.3587719896758
P000648,C041,1,1717.2402150048931
P000649,C001,1,2182.0034519890223
P000649,C002,1,2182.0034519890223
P000649,C041,1,1368.3286756404718
P000650,C001,1,939.3587719896758
P000650,C002,1,939.3587719896758
P000650,C040,1,1717.2402150048931
P000651,C001,1,2182.0034519890223
P000651,C002,1,2182.0034519890223
P000651,C040,1,1368.3286756404718
P000652,C001,1,939.3587719896758
P000652,C002,1,939.3587719896758
P000652,C039,1,1717.2402150048931
P000653,C001,1,2182.0034519890223
P000653,C002,1,2182.0034519890223
P000653,C039,1,1368.3286756404718
P000654,C001,1,939.3587719896758
P000654,C002,1,939.3587719896758
P000654,C038,1,1717.2402150048931
P000655,C001,1,2182.0034519890223
P000655,C002,1,2182.0034519890223
P000655,C038,1,1368.3286756404718
P000658,C006,1,879.3587719896758
P000658,C043,1,1342.6681336850063
P000659,C006,1,1563.733271481472
P000659,C043,1,1097.3572431194746
P000660,C006,1,879.3587719896758
P000660,C042,1,1342.6681336850063
P000661,C006,1,1563.733271481472
P000661,C042,1,1097.3572431194746
P000662,C005,1,879.3587719896758
P000662,C043,1,1342.6681336850063
P000663,C005,1,1563.733271481472
P000663,C043,1,1097.3572431194746
P000664,C005,1,879.3587719896758
P000664,C042,1,1342.6681336850063
P000665,C005,1,1563.733271481472
P000665,C042,1,1097.3572431194746
P000666,C004,1,879.3587719896758
P000666,C042,1,1342.6681336850063
P000667,C004,1,1563.733271481472
P000667,C042,1,1097.3572431194746
P000668,C003,1,879.3587719896758
P000668,C044,1,1342.6681336850063
P000669,C003,1,1563.733271481472
P000669,C044,1,1097.3572431194746
P000670,C003,1,879.3587719896758
P000670,C043,1,1342.6681336850063
P000671,C003,1,1563.733271481472
P000671,C043,1,1097.3572431194746
P000672,C003,1,879.3587719896758
P000672,C042,1,1342.6681336850063
P000673,C003,1,1563.733271481472
P000673,C042,1,1097.3572431194746
P000674,C002,1,879.3587719896758
P000674,C044,1,1342.6681336850063
P000675,C002,1,1563.733271481472
P000675,C044,1,1097.3572431194746
P000676,C002,1,879.3587719896758
P000676,C043,1,1342.6681336850063
P000677,C002,1,1563.733271481472
P000677,C043,1,1097.3572431194746
P000678,C002,1,879.3587719896758
P000678,C042,1,1342.6681336850063
P000679,C002,1,1563.733271481472
P000679,C042,1,1097.3572431194746
P000680,C002,1,909.3587719896758
P000680,C042,1,1402.6681336850063
P000680,C044,1,1402.6681336850063
P000681,C002,1,1623.733271481472
P000681,C042,1,1157.3572431194746
P000681,C044,1,1157.3572431194746
P000682,C002,1,909.3587719896758
P000682,C042,1,1402.6681336850063
P000682,C043,1,1402.6681336850063
P000683,C002,1,1623.733271481472
P000683,C042,1,1157.3572431194746
P000683,C043,1,1157.3572431194746
P000684,C002,1,939.3587719896758
P000684,C006,1,939.3587719896758
P000684,C042,1,1402.6681336850063
P000685,C002,1,1623.733271481472
P000685,C006,1,1623.733271481472
P000685,C042,1,1127.3572431194746
P000686,C002,1,939.3587719896758
P000686,C005,1,939.3587719896758
P000686,C042,1,1402.6681336850063
P000687,C002,1,1623.733271481472
P000687,C005,1,1623.733271481472
P000687,C042,1,1127.3572431194746
P000688,C002,1,939.3587719896758
P000688,C004,1,939.3587719896758
P000688,C042,1,1402.6681336850063
P000689,C002,1,1623.733271481472
P000689,C004,1,1623.733271481472
P000689,C042,1,1127.3572431194746
P000690,C002,1,939.3587719896758
P000690,C003,1,939.3587719896758
P000690,C042,1,1402.6681336850063
P000692,C001,1,879.3587719896758
P000692,C044,1,1342.6681336850063
P000693,C001,1,1563.733271481472
P000693,C044,1,1097.3572431194746
P000694,C001,1,879.3587719896758
P000694,C043,1,1342.6681336850063
P000695,C001,1,1563.733271481472
P000695,C043,1,1097.3572431194746
P000696,C001,1,879.3587719896758
P000696,C042,1,1342.6681336850063
P000697,C001,1,1563.733271481472
P000697,C042,1,1097.3572431194746
P000698,C001,1,909.3587719896758
P000698,C042,1,1402.6681336850063
P000698,C044,1,1402.6681336850063
P000699,C001,1,1623.733271481472
P000699,C042,1,1157.3572431194746
P000699,C044,1,1157.3572431194746
P000700,C001,1,909.3587719896758
P000700,C042,1,1402.6681336850063
P000700,C043,1,1402.6681336850063
P000701,C001,1,1623.733271481472
P000701,C042,1,1157.3572431194746
P000701,C043,1,1157.3572431194746
P000706,C001,1,939.3587719896758
P000706,C004,1,939.3587719896758
P000706,C042,1,1402.6681336850063
P000707,C001,1,1623.733271481472
P000707,C004,1,1623.733271481472
P000707,C042,1,1127.3572431194746
P000708,C001,1,939.3587719896758
P000708,C003,1,939.3587719896758
P000708,C042,1,1402.6681336850063
P000710,C001,1,939.3587719896758
P000710,C002,1,939.3587719896758
P000710,C044,1,1402.6681336850063
P000711,C001,1,1623.733271481472
P000711,C002,1,1623.733271481472
P000711,C044,1,1127.3572431194746
P000712,C001,1,939.3587719896758
P000712,C002,1,939.3587719896758
P000712,C043,1,1402.6681336850063
P000713,C001,1,1623.733271481472
P000713,C002,1,1623.733271481472
P000713,C043,1,1127.3572431194746
P000714,C001,1,939.3587719896758
P000714,C002,1,939.3587719896758
P000714,C042,1,1402.6681336850063
P000715,C001,1,1623.733271481472
P000715,C002,1,1623.733271481472
P000715,C042,1,1127.3572431194746
P000716,C006,1,879.3587719896758
P000716,C046,1,1482.481202523165
P000717,C006,1,1688.7586651201264
P000717,C046,1,1074.4629012533037
P000718,C006,1,879.3587719896758
P000718,C045,1,1482.481202523165
P000719,C006,1,1688.7586651201264
P000719,C045,1,1074.4629012533037
P000720,C005,1,879.3587719896758
P000720,C046,1,1482.481202523165
P000721,C005,1,1688.7586651201264
P000721,C046,1,1074.4629012533037
P000722,C005,1,879.3587719896758
P000722,C045,1,1482.481202523165
P000723,C005,1,1688.7586651201264
P000723,C045,1,1074.4629012533037
P000724,C004,1,879.3587719896758
P000724,C045,1,1482.481202523165
P000725,C004,1,1688.7586651201264
P000725,C045,1,1074.4629012533037
P000726,C003,1,879.3587719896758
P000726,C047,1,1482.481202523165
P000727,C003,1,1688.7586651201264
P000727,C047,1,1074.4629012533037
P000728,C003,1,879.3587719896758
P000728,C046,1,1482.481202523165
P000729,C003,1,1688.7586651201264
P000729,C046,1,1074.4629012533037
P000731,C003,1,1688.7586651201264
P000731,C045,1,1074.4629012533037
P000732,C002,1,879.3587719896758
P000732,C047,1,1482.481202523165
P000733,C002,1,1688.7586651201264
P000733,C047,1,1074.4629012533037
P000738,C002,1,909.3587719896758
P000738,C045,1,1542.481202523165
P000738,C047,1,1542.481202523165
P000739,C002,1,1748.7586651201264
P000739,C045,1,1134.4629012533037
P000739,C047,1,1134.4629012533037
P000740,C002,1,909.3587719896758
P000740,C045,1,1542.481202523165
P000740,C046,1,1542.481202523165
P000741,C002,1,1748.7586651201264
P000741,C045,1,1134.4629012533037
P000741,C046,1,1134.4629012533037
P000742,C002,1,939.3587719896758
P000742,C006,1,939.3587719896758
P000742,C045,1,1542.481202523165
P000743,C002,1,1748.7586651201264
P000743,C006,1,1748.7586651201264
P000743,C045,1,1104.4629012533037
P000744,C002,1,939.3587719896758
P000744,C005,1,939.3587719896758
P000744,C045,1,1542.481202523165
P000745,C002,1,1748.7586651201264
P000745,C005,1,1748.7586651201264
P000745,C045,1,1104.4629012533037
P000746,C002,1,939.3587719896758
P000746,C004,1,939.3587719896758
P000746,C045,1,1542.481202523165
P000747,C002,1,1748.7586651201264
P000747,C004,1,1748.7586651201264
P000747,C045,1,1104.4629012533037
P000748,C002,1,939.3587719896758
P000748,C003,1,939.3587719896758
P000748,C045,1,1542.481202523165
P000756,C001,1,909.3587719896758
P000756,C045,1,1542.481202523165
P000756,C047,1,1542.481202523165
P000757,C001,1,1748.7586651201264
P000757,C045,1,1134.4629012533037
P000757,C047,1,1134.4629012533037
P000758,C001,1,909.3587719896758
P000758,C045,1,1542.481202523165
P000758,C046,1,1542.481202523165
P000759,C001,1,1748.7586651201264
P000759,C045,1,1134.4629012533037
P000759,C046,1,1134.4629012533037
P000764,C001,1,939.3587719896758
P000764,C004,1,939.3587719896758
P000764,C045,1,1542.481202523165
P000765,C001,1,1748.7586651201264
P000765,C004,1,1748.7586651201264
P000765,C045,1,1104.4629012533037
P000768,C001,1,939.3587719896758
P000768,C002,1,939.3587719896758
P000768,C047,1,1542.481202523165
P000769,C001,1,1748.7586651201264
P000769,C002,1,1748.7586651201264
P000769,C047,1,1104.4629012533037
P000770,C001,1,939.3587719896758
P000770,C002,1,939.3587719896758
P000770,C046,1,1542.481202523165
P000771,C001,1,1748.7586651201264
P000771,C002,1,1748.7586651201264
P000771,C046,1,1104.4629012533037
P000772,C001,1,939.3587719896758
P000772,C002,1,939.3587719896758
P000772,C045,1,1542.481202523165
P000774,C006,1,879.3587719896758
P000774,C049,1,1311.731245710505
P000775,C006,1,1298.2000804880695
P000775,C049,1,863.9542734339071
P000776,C006,1,879.3587719896758
P000776,C048,1,1311.731245710505
P000777,C006,1,1298.2000804880695
P000777,C048,1,863.9542734339071
P000778,C005,1,879.3587719896758
P000778,C049,1,1311.731245710505
P000779,C005,1,1298.2000804880695
P000779,C049,1,863.9542734339071
P000780,C005,1,879.3587719896758
P000780,C048,1,1311.731245710505
P000781,C005,1,1298.2000804880695
P000781,C048,1,863.9542734339071
P000782,C004,1,879.3587719896758
P000782,C048,1,1311.731245710505
P000783,C004,1,1298.2000804880695
P000783,C048,1,863.9542734339071
P000784,C003,1,879.3587719896758
P000784,C050,1,1311.731245710505
P000785,C003,1,1298.2000804880695
P000785,C050,1,863.9542734339071
P000786,C003,1,879.3587719896758
P000786,C049,1,1311.731245710505
P000787,C003,1,1298.2000804880695
P000787,C049,1,863.9542734339071
P000788,C003,1,879.3587719896758
P000788,C048,1,1311.731245710505
P000789,C003,1,1298.2000804880695
P000789,C048,1,863.9542734339071
P000790,C002,1,879.3587719896758
P000790,C050,1,1311.731245710505
P000791,C002,1,1298.2000804880695
P000791,C050,1,863.9542734339071
P000792,C002,1,879.3587719896758
P000792,C049,1,1311.731245710505
P000793,C002,1,1298.2000804880695
P000793,C049,1,863.9542734339071
P000794,C002,1,879.3587719896758
P000794,C048,1,1311.731245710505
P000795,C002,1,1298.2000804880695
P000795,C048,1,863.9542734339071
P000796,C002,1,909.3587719896758
P000796,C048,1,1371.731245710505
P000796,C050,1,1371.731245710505
P000797,C002,1,1358.2000804880695
P000797,C048,1,923.9542734339072
P000797,C050,1,923.9542734339072
P000798,C002,1,909.3587719896758
P000798,C048,1,1371.731245710505
P000798,C049,1,1371.731245710505
P000799,C002,1,1358.2000804880695
P000799,C048,1,923.9542734339072
P000799,C049,1,923.9542734339072
P000800,C002,1,939.3587719896758
P000800,C006,1,939.3587719896758
P000800,C048,1,1371.731245710505
P000801,C002,1,1358.2000804880695
P000801,C006,1,1358.2000804880695
P000801,C048,1,893.9542734339071
P000802,C002,1,939.3587719896758
P000802,C005,1,939.3587719896758
P000802,C048,1,1371.731245710505
P000803,C002,1,1358.2000804880695
P000803,C005,1,1358.2000804880695
P000803,C048,1,893.9542734339071
P000804,C002,1,939.3587719896758
P000804,C004,1,939.3587719896758
P000804,C048,1,1371.731245710505
P000805,C002,1,1358.2000804880695
P000805,C004,1,1358.2000804880695
P000805,C048,1,893.9542734339071
P000806,C002,1,939.3587719896758
P000806,C003,1,939.3587719896758
P000806,C048,1,1371.731245710505
P000807,C002,1,1358.2000804880695
P000807,C003,1,1358.2000804880695
P000807,C048,1,893.9542734339071
P000809,C001,1,1298.2000804880695
P000809,C050,1,863.9542734339071
P000810,C001,1,879.3587719896758
P000810,C049,1,1311.731245710505
P000811,C001,1,1298.2000804880695
P000811,C049,1,863.9542734339071
P000812,C001,1,879.3587719896758
P000812,C048,1,1311.731245710505
P000813,C001,1,1298.2000804880695
P000813,C048,1,863.9542734339071
P000814,C001,1,909.3587719896758
P000814,C048,1,1371.731245710505
P000814,C050,1,1371.731245710505
P000815,C001,1,1358.2000804880695
P000815,C048,1,923.9542734339072
P000815,C050,1,923.9542734339072
P000816,C001,1,909.3587719896758
P000816,C048,1,1371.731245710505
P000816,C049,1,1371.731245710505
P000817,C001,1,1358.2000804880695
P000817,C048,1,923.9542734339072
P000817,C049,1,923.9542734339072
P000818,C001,1,939.3587719896758
P000818,C006,1,939.3587719896758
P000818,C048,1,1371.731245710505
P000819,C001,1,1358.2000804880695
P000819,C006,1,1358.2000804880695
P000819,C048,1,893.9542734339071
P000820,C001,1,939.3587719896758
P000820,C005,1,939.3587719896758
P000820,C048,1,1371.731245710505
P000821,C001,1,1358.2000804880695
P000821,C005,1,1358.2000804880695
P000821,C048,1,893.9542734339071
P000822,C001,1,939.3587719896758
P000822,C004,1,939.3587719896758
P000822,C048,1,1371.731245710505
P000823,C001,1,1358.2000804880695
P000823,C004,1,1358.2000804880695
P000823,C048,1,893.9542734339071
P000824,C001,1,939.3587719896758
P000824,C003,1,939.3587719896758
P000824,C048,1,1371.731245710505
P000825,C001,1,1358.2000804880695
P000825,C003,1,1358.2000804880695
P000825,C048,1,893.9542734339071
P000826,C001,1,939.3587719896758
P000826,C002,1,939.3587719896758
P000826,C050,1,1371.731245710505
P000827,C001,1,1358.2000804880695
P000827,C002,1,1358.2000804880695
P000827,C050,1,893.9542734339071
P000828,C001,1,939.3587719896758
P000828,C002,1,939.3587719896758
P000828,C049,1,1371.731245710505
P000829,C001,1,1358.2000804880695
P000829,C002,1,1358.2000804880695
P000829,C049,1,893.9542734339071
P000830,C001,1,939.3587719896758
P000830,C002,1,939.3587719896758
P000830,C048,1,1371.731245710505
P000831,C001,1,1358.2000804880695
P000831,C002,1,1358.2000804880695
P000831,C048,1,893.9542734339071
P000832,C006,1,879.3587719896758
P000832,C052,1,1596.921259833597
P000833,C006,1,2029.08649592814
P000833,C052,1,1305.137341417552
P000834,C006,1,879.3587719896758
P000834,C051,1,1596.921259833597
P000835,C006,1,2029.08649592814
P000835,C051,1,1305.137341417552
P000836,C005,1,879.3587719896758
P000836,C052,1,1596.921259833597
P000837,C005,1,2029.08649592814
P000837,C052,1,1305.137341417552
P000838,C005,1,879.3587719896758
P000838,C051,1,1596.921259833597
P000839,C005,1,2029.08649592814
P000839,C051,1,1305.137341417552
P000840,C004,1,879.3587719896758
P000840,C051,1,1596.921259833597
P000841,C004,1,2029.08649592814
P000841,C051,1,1305.137341417552
P000842,C003,1,879.3587719896758
P000842,C053,1,1596.921259833597
P000843,C003,1,2029.08649592814
P000843,C053,1,1305.137341417552
P000844,C003,1,879.3587719896758
P000844,C052,1,1596.921259833597
P000845,C003,1,2029.08649592814
P000845,C052,1,1305.137341417552
P000846,C003,1,879.3587719896758
P000846,C051,1,1596.921259833597
P000847,C003,1,2029.08649592814
P000847,C051,1,1305.137341417552
P000848,C002,1,879.3587719896758
P000848,C053,1,1596.921259833597
P000849,C002,1,2029.08649592814
P000849,C053,1,1305.137341417552
P000850,C002,1,879.3587719896758
P000850,C052,1,1596.921259833597
P000851,C002,1,2029.08649592814
P000851,C052,1,1305.137341417552
P000852,C002,1,879.3587719896758
P000852,C051,1,1596.921259833597
P000854,C002,1,909.3587719896758
P000854,C051,1,1656.921259833597
P000854,C053,1,1656.921259833597
P000855,C002,1,2089.08649592814
P000855,C051,1,1365.137341417552
P000855,C053,1,1365.137341417552
P000856,C002,1,909.3587719896758
P000856,C051,1,1656.921259833597
P000856,C052,1,1656.921259833597
P000857,C002,1,2089.08649592814
P000857,C051,1,1365.137341417552
P000857,C052,1,1365.137341417552
P000858,C002,1,939.3587719896758
P000858,C006,1,939.3587719896758
P000858,C051,1,1656.921259833597
P000859,C002,1,2089.08649592814
P000859,C006,1,2089.08649592814
P000859,C051,1,1335.137341417552
P000860,C002,1,939.3587719896758
P000860,C005,1,939.3587719896758
P000860,C051,1,1656.921259833597
P000861,C002,1,2089.08649592814
P000861,C005,1,2089.08649592814
P000861,C051,1,1335.137341417552
P000862,C002,1,939.3587719896758
P000862,C004,1,939.3587719896758
P000862,C051,1,1656.921259833597
P000863,C002,1,2089.08649592814
P000863,C004,1,2089.08649592814
P000863,C051,1,1335.137341417552
P000864,C002,1,939.3587719896758
P000864,C003,1,939.3587719896758
P000864,C051,1,1656.921259833597
P000866,C001,1,879.3587719896758
P000866,C053,1,1596.921259833597
P000867,C001,1,2029.08649592814
P000867,C053,1,1305.137341417552
P000868,C001,1,879.3587719896758
P000868,C052,1,1596.921259833597
P000870,C001,1,879.3587719896758
P000870,C051,1,1596.921259833597
P000872,C001,1,909.3587719896758
P000872,C051,1,1656.921259833597
P000872,C053,1,1656.921259833597
P000873,C001,1,2089.08649592814
P000873,C051,1,1365.137341417552
P000873,C053,1,1365.137341417552
P000874,C001,1,909.3587719896758
P000874,C051,1,1656.921259833597
P000874,C052,1,1656.921259833597
P000875,C001,1,2089.08649592814
P000875,C051,1,1365.137341417552
P000875,C052,1,1365.137341417552
P000880,C001,1,939.3587719896758
P000880,C004,1,939.3587719896758
P000880,C051,1,1656.921259833597
P000881,C001,1,2089.08649592814
P000881,C004,1,2089.08649592814
P000881,C051,1,1335.137341417552
P000882,C001,1,939.3587719896758
P000882,C003,1,939.3587719896758
P000882,C051,1,1656.921259833597
P000884,C001,1,939.3587719896758
P000884,C002,1,939.3587719896758
P000884,C053,1,1656.921259833597
P000885,C001,1,2089.08649592814
P000885,C002,1,2089.08649592814
P000885,C053,1,1335.137341417552
P000886,C001,1,939.3587719896758
P000886,C002,1,939.3587719896758
P000886,C052,1,1656.921259833597
P000887,C001,1,2089.08649592814
P000887,C002,1,2089.08649592814
P000887,C052,1,1335.137341417552
P000888,C001,1,939.3587719896758
P000888,C002,1,939.3587719896758
P000888,C051,1,1656.921259833597
P000889,C001,1,2089.08649592814
P000889,C002,1,2089.08649592814
P000889,C051,1,1335.137341417552
P000890,C006,1,879.3587719896758
P000890,C055,1,1375.9975045841777
P000891,C006,1,1561.3637618801606
P000891,C055,1,1053.545029285659
P000892,C006,1,879.3587719896758
P000892,C054,1,1375.9975045841777
P000893,C006,1,1561.3637618801606
P000893,C054,1,1053.545029285659
P000894,C005,1,879.3587719896758
P000894,C055,1,1375.9975045841777
P000895,C005,1,1561.3637618801606
P000895,C055,1,1053.545029285659
P000896,C005,1,879.3587719896758
P000896,C054,1,1375.9975045841777
P000897,C005,1,1561.3637618801606
P000897,C054,1,1053.545029285659
P000898,C004,1,879.3587719896758
P000898,C054,1,1375.9975045841777
P000899,C004,1,1561.3637618801606
P000899,C054,1,1053.545029285659
P000900,C003,1,879.3587719896758
P000900,C056,1,1375.9975045841777
P000901,C003,1,1561.3637618801606
P000901,C056,1,1053.545029285659
P000902,C003,1,879.3587719896758
P000902,C055,1,1375.9975045841777
P000903,C003,1,1561.3637618801606
P000903,C055,1,1053.545029285659
P000905,C003,1,1561.3637618801606
P000905,C054,1,1053.545029285659
P000906,C002,1,879.3587719896758
P000906,C056,1,1375.9975045841777
P000907,C002,1,1561.3637618801606
P000907,C056,1,1053.545029285659
P000908,C002,1,879.3587719896758
P000908,C055,1,1375.9975045841777
P000909,C002,1,1561.3637618801606
P000909,C055,1,1053.545029285659
P000910,C002,1,879.3587719896758
P000910,C054,1,1375.9975045841777
P000911,C002,1,1561.3637618801606
P000911,C054,1,1053.545029285659
P000912,C002,1,909.3587719896758
P000912,C054,1,1435.9975045841777
P000912,C056,1,1435.9975045841777
P000913,C002,1,1621.3637618801606
P000913,C054,1,1113.545029285659
P000913,C056,1,1113.545029285659
P000914,C002,1,909.3587719896758
P000914,C054,1,1435.9975045841777
P000914,C055,1,1435.9975045841777
P000915,C002,1,1621.3637618801606
P000915,C054,1,1113.545029285659
P000915,C055,1,1113.545029285659
P000916,C002,1,939.3587719896758
P000916,C006,1,939.3587719896758
P000916,C054,1,1435.9975045841777
P000917,C002,1,1621.3637618801606
P000917,C006,1,1621.3637618801606
P000917,C054,1,1083.545029285659
P000918,C002,1,939.3587719896758
P000918,C005,1,939.3587719896758
P000918,C054,1,1435.9975045841777
P000919,C002,1,1621.3637618801606
P000919,C005,1,1621.3637618801606
P000919,C054,1,1083.545029285659
P000920,C002,1,939.3587719896758
P000920,C004,1,939.3587719896758
P000920,C054,1,1435.9975045841777
P000921,C002,1,1621.3637618801606
P000921,C004,1,1621.3637618801606
P000921,C054,1,1083.545029285659
P000922,C002,1,939.3587719896758
P000922,C003,1,939.3587719896758
P000922,C054,1,1435.9975045841777
P000924,C001,1,879.3587719896758
P000924,C056,1,1375.9975045841777
P000925,C001,1,1561.3637618801606
P000925,C056,1,1053.545029285659
P000926,C001,1,879.3587719896758
P000926,C055,1,1375.9975045841777
P000927,C001,1,1561.3637618801606
P000927,C055,1,1053.545029285659
P000928,C001,1,879.3587719896758
P000928,C054,1,1375.9975045841777
P000929,C001,1,1561.3637618801606
P000929,C054,1,1053.545029285659
P000930,C001,1,909.3587719896758
P000930,C054,1,1435.9975045841777
P000930,C056,1,1435.9975045841777
P000931,C001,1,1621.3637618801606
P000931,C054,1,1113.545029285659
P000931,C056,1,1113.545029285659
P000932,C001,1,909.3587719896758
P000932,C054,1,1435.9975045841777
P000932,C055,1,1435.9975045841777
P000933,C001,1,1621.3637618801606
P000933,C054,1,1113.545029285659
P000933,C055,1,1113.545029285659
P000938,C001,1,939.3587719896758
P000938,C004,1,939.3587719896758
P000938,C054,1,1435.9975045841777
P000939,C001,1,1621.3637618801606
P000939,C004,1,1621.3637618801606
P000939,C054,1,1083.545029285659
P000940,C001,1,939.3587719896758
P000940,C003,1,939.3587719896758
P000940,C054,1,1435.9975045841777
P000942,C001,1,939.3587719896758
P000942,C002,1,939.3587719896758
P000942,C056,1,1435.9975045841777
P000943,C001,1,1621.3637618801606
P000943,C002,1,1621.3637618801606
P000943,C056,1,1083.545029285659
P000944,C001,1,939.3587719896758
P000944,C002,1,939.3587719896758
P000944,C055,1,1435.9975045841777
P000945,C001,1,1621.3637618801606
P000945,C002,1,1621.3637618801606
P000945,C055,1,1083.545029285659
P000946,C001,1,939.3587719896758
P000946,C002,1,939.3587719896758
P000946,C054,1,1435.9975045841777
P000947,C001,1,1621.3637618801606
P000947,C002,1,1621.3637618801606
P000947,C054,1,1083.545029285659
P000948,C006,1,879.3587719896758
P000948,C058,1,1730.8787566008036
P000949,C006,1,2104.6905372962483
P000949,C058,1,1242.0372193517871
P000950,C006,1,879.3587719896758
P000950,C057,1,1730.8787566008036
P000951,C006,1,2104.6905372962483
P000951,C057,1,1242.0372193517871
P000952,C005,1,879.3587719896758
P000952,C058,1,1730.8787566008036
P000953,C005,1,2104.6905372962483
P000953,C058,1,1242.0372193517871
P000954,C005,1,879.3587719896758
P000954,C057,1,1730.8787566008036
P000955,C005,1,2104.6905372962483
P000955,C057,1,1242.0372193517871
P000956,C004,1,879.3587719896758
P000956,C057,1,1730.8787566008036
P000957,C004,1,2104.6905372962483
P000957,C057,1,1242.0372193517871
P000958,C003,1,879.3587719896758
P000958,C059,1,1730.8787566008036
P000959,C003,1,2104.6905372962483
P000959,C059,1,1242.0372193517871
P000960,C003,1,879.3587719896758
P000960,C058,1,1730.8787566008036
P000961,C003,1,2104.6905372962483
P000961,C058,1,1242.0372193517871
P000963,C003,1,2104.6905372962483
P000963,C057,1,1242.0372193517871
P000964,C002,1,879.3587719896758
P000964,C059,1,1730.8787566008036
P000965,C002,1,2104.6905372962483
P000965,C059,1,1242.0372193517871
P000966,C002,1,879.3587719896758
P000966,C058,1,1730.8787566008036
P000970,C002,1,909.3587719896758
P000970,C057,1,1790.8787566008036
P000970,C059,1,1790.8787566008036
P000971,C002,1,2164.6905372962483
P000971,C057,1,1302.0372193517871
P000971,C059,1,1302.0372193517871
P000972,C002,1,909.3587719896758
P000972,C057,1,1790.8787566008036
P000972,C058,1,1790.8787566008036
P000973,C002,1,2164.6905372962483
P000973,C057,1,1302.0372193517871
P000973,C058,1,1302.0372193517871
P000974,C002,1,939.3587719896758
P000974,C006,1,939.3587719896758
P000974,C057,1,1790.8787566008036
P000975,C002,1,2164.6905372962483
P000975,C006,1,2164.6905372962483
P000975,C057,1,1272.0372193517871
P000976,C002,1,939.3587719896758
P000976,C005,1,939.3587719896758
P000976,C057,1,1790.8787566008036
P000977,C002,1,2164.6905372962483
P000977,C005,1,2164.6905372962483
P000977,C057,1,1272.0372193517871
P000978,C002,1,939.3587719896758
P000978,C004,1,939.3587719896758
P000978,C057,1,1790.8787566008036
P000979,C002,1,2164.6905372962483
P000979,C004,1,2164.6905372962483
P000979,C057,1,1272.0372193517871
P000988,C001,1,909.3587719896758
P000988,C057,1,1790.8787566008036
P000988,C059,1,1790.8787566008036
P000989,C001,1,2164.6905372962483
P000989,C057,1,1302.0372193517871
P000989,C059,1,1302.0372193517871
P000990,C001,1,909.3587719896758
P000990,C057,1,1790.8787566008036
P000990,C058,1,1790.8787566008036
P000991,C001,1,2164.6905372962483
P000991,C057,1,1302.0372193517871
P000991,C058,1,1302.0372193517871
P000996,C001,1,939.3587719896758
P000996,C004,1,939.3587719896758
P000996,C057,1,1790.8787566008036
P000997,C001,1,2164.6905372962483
P000997,C004,1,2164.6905372962483
P000997,C057,1,1272.0372193517871
P001000,C001,1,939.3587719896758
P001000,C002,1,939.3587719896758
P001000,C059,1,1790.8787566008036
P001001,C001,1,2164.6905372962483
P001001,C002,1,2164.6905372962483
P001001,C059,1,1272.0372193517871
P001002,C001,1,939.3587719896758
P001002,C002,1,939.3587719896758
P001002,C058,1,1790.8787566008036
P001003,C001,1,2164.6905372962483
P001003,C002,1,2164.6905372962483
P001003,C058,1,1272.0372193517871
P001006,C006,1,879.3587719896758
P001006,C061,1,1704.115888623929
P001007,C006,1,2072.66870678933
P001007,C061,1,1228.54492348841
P001008,C006,1,879.3587719896758
P001008,C060,1,1704.115888623929
P001009,C006,1,2072.66870678933
P001009,C060,1,1228.54492348841
P001010,C005,1,879.3587719896758
P001010,C061,1,1704.115888623929
P001011,C005,1,2072.66870678933
P001011,C061,1,1228.54492348841
P001012,C005,1,879.3587719896758
P001012,C060,1,1704.115888623929
P001013,C005,1,2072.66870678933
P001013,C060,1,1228.54492348841
P001014,C004,1,879.3587719896758
P001014,C060,1,1704.115888623929
P001015,C004,1,2072.66870678933
P001015,C060,1,1228.54492348841
P001016,C003,1,879.3587719896758
P001016,C062,1,1704.115888623929
P001017,C003,1,2072.66870678933
P001017,C062,1,1228.54492348841
P001018,C003,1,879.3587719896758
P001018,C061,1,1704.115888623929
P001019,C003,1,2072.66870678933
P001019,C061,1,1228.54492348841
P001021,C003,1,2072.66870678933
P001021,C060,1,1228.54492348841
P001022,C002,1,879.3587719896758
P001022,C062,1,1704.115888623929
P001023,C002,1,2072.66870678933
P001023,C062,1,1228.54492348841
P001025,C002,1,2072.66870678933
P001025,C061,1,1228.54492348841
P001027,C002,1,2072.66870678933
P001027,C060,1,1228.54492348841
P001028,C002,1,909.3587719896758
P001028,C060,1,1764.115888623929
P001028,C062,1,1764.115888623929
P001029,C002,1,2132.66870678933
P001029,C060,1,1288.54492348841
P001029,C062,1,1288.54492348841
P001030,C002,1,909.3587719896758
P001030,C060,1,1764.115888623929
P001030,C061,1,1764.115888623929
P001031,C002,1,2132.66870678933
P001031,C060,1,1288.54492348841
P001031,C061,1,1288.54492348841
P001032,C002,1,939.3587719896758
P001032,C006,1,939.3587719896758
P001032,C060,1,1764.115888623929
P001033,C002,1,2132.66870678933
P001033,C006,1,2132.66870678933
P001033,C060,1,1258.54492348841
P001034,C002,1,939.3587719896758
P001034,C005,1,939.3587719896758
P001034,C060,1,1764.115888623929
P001035,C002,1,2132.66870678933
P001035,C005,1,2132.66870678933
P001035,C060,1,1258.54492348841
P001036,C002,1,939.3587719896758
P001036,C004,1,939.3587719896758
P001036,C060,1,1764.115888623929
P001037,C002,1,2132.66870678933
P001037,C004,1,2132.66870678933
P001037,C060,1,1258.54492348841
P001040,C001,1,879.3587719896758
P001040,C062,1,1704.115888623929
P001041,C001,1,2072.66870678933
P001041,C062,1,1228.54492348841
P001043,C001,1,2072.66870678933
P001043,C061,1,1228.54492348841
P001046,C001,1,909.3587719896758
P001046,C060,1,1764.115888623929
P001046,C062,1,1764.115888623929
P001047,C001,1,2132.66870678933
P001047,C060,1,1288.54492348841
P001047,C062,1,1288.54492348841
P001048,C001,1,909.3587719896758
P001048,C060,1,1764.115888623929
P001048,C061,1,1764.115888623929
P001049,C001,1,2132.66870678933
P001049,C060,1,1288.54492348841
P001049,C061,1,1288.54492348841
P001054,C001,1,939.3587719896758
P001054,C004,1,939.3587719896758
P001054,C060,1,1764.115888623929
P001055,C001,1,2132.66870678933
P001055,C004,1,2132.66870678933
P001055,C060,1,1258.54492348841
P001058,C001,1,939.3587719896758
P001058,C002,1,939.3587719896758
P001058,C062,1,1764.115888623929
P001059,C001,1,2132.66870678933
P001059,C002,1,2132.66870678933
P001059,C062,1,1258.54492348841
P001060,C001,1,939.3587719896758
P001060,C002,1,939.3587719896758
P001060,C061,1,1764.115888623929
P001061,C001,1,2132.66870678933
P001061,C002,1,2132.66870678933
P001061,C061,1,1258.54492348841
P001064,C011,1,1255.8054737360449
P001064,C018,1,1703.1769975421048
P001065,C011,1,1255.8054737360449
P001065,C017,1,1703.1769975421048
P001066,C011,1,1791.5845576258855
P001066,C017,1,1343.6263671531592
P001067,C010,1,1255.8054737360449
P001067,C018,1,1703.1769975421048
P001068,C010,1,1255.8054737360449
P001068,C017,1,1703.1769975421048
P001070,C009,1,1255.8054737360449
P001070,C017,1,1703.1769975421048
P001071,C009,1,1791.5845576258855
P001071,C017,1,1343.6263671531592
P001072,C008,1,1255.8054737360449
P001072,C021,1,1703.1769975421048
P001073,C008,1,1791.5845576258855
P001073,C021,1,1343.6263671531592
P001074,C008,1,1255.8054737360449
P001074,C020,1,1703.1769975421048
P001075,C008,1,1791.5845576258855
P001075,C020,1,1343.6263671531592
P001076,C008,1,1255.8054737360449
P001076,C018,1,1703.1769975421048
P001077,C008,1,1791.5845576258855
P001077,C018,1,1343.6263671531592
P001079,C008,1,1791.5845576258855
P001079,C017,1,1343.6263671531592
P001080,C007,1,1255.8054737360449
P001080,C021,1,1703.1769975421048
P001081,C007,1,1791.5845576258855
P001081,C021,1,1343.6263671531592
P001082,C007,1,1255.8054737360449
P001082,C020,1,1703.1769975421048
P001083,C007,1,1791.5845576258855
P001083,C020,1,1343.6263671531592
P001084,C007,1,1255.8054737360449
P001084,C019,1,1703.1769975421048
P001085,C007,1,1791.5845576258855
P001085,C019,1,1343.6263671531592
P001086,C007,1,1255.8054737360449
P001086,C018,1,1703.1769975421048
P001090,C007,1,1285.8054737360449
P001090,C017,1,1763.1769975421048
P001090,C021,1,1763.1769975421048
P001091,C007,1,1851.5845576258855
P001091,C017,1,1403.6263671531592
P001091,C021,1,1403.6263671531592
P001092,C007,1,1285.8054737360449
P001092,C017,1,1763.1769975421048
P001092,C020,1,1763.1769975421048
P001093,C007,1,1851.5845576258855
P001093,C017,1,1403.6263671531592
P001093,C020,1,1403.6263671531592
P001094,C007,1,1285.8054737360449
P001094,C017,1,1763.1769975421048
P001094,C019,1,1763.1769975421048
P001095,C007,1,1851.5845576258855
P001095,C017,1,1403.6263671531592
P001095,C019,1,1403.6263671531592
P001096,C007,1,1285.8054737360449
P001096,C017,1,1763.1769975421048
P001096,C018,1,1763.1769975421048
P001097,C007,1,1851.5845576258855
P001097,C017,1,1403.6263671531592
P001097,C018,1,1403.6263671531592
P001098,C007,1,1315.8054737360449
P001098,C011,1,1315.8054737360449
P001098,C017,1,1763.1769975421048
P001099,C007,1,1851.5845576258855
P001099,C011,1,1851.5845576258855
P001099,C017,1,1373.6263671531592
P001100,C007,1,1315.8054737360449
P001100,C010,1,1315.8054737360449
P001100,C017,1,1763.1769975421048
P001101,C007,1,1851.5845576258855
P001101,C010,1,1851.5845576258855
P001101,C017,1,1373.6263671531592
P001102,C007,1,1315.8054737360449
P001102,C009,1,1315.8054737360449
P001102,C017,1,1763.1769975421048
P001103,C007,1,1851.5845576258855
P001103,C009,1,1851.5845576258855
P001103,C017,1,1373.6263671531592
P001104,C007,1,1315.8054737360449
P001104,C008,1,1315.8054737360449
P001104,C017,1,1763.1769975421048
P001105,C007,1,1851.5845576258855
P001105,C008,1,1851.5845576258855
P001105,C017,1,1373.6263671531592
P001106,C011,1,1255.8054737360449
P001106,C023,1,1872.468798432932
P001107,C011,1,1715.6657103644525
P001107,C023,1,1100.635719000899
P001108,C011,1,1255.8054737360449
P001108,C022,1,1872.468798432932
P001109,C011,1,1715.6657103644525
P001109,C022,1,1100.635719000899
P001110,C010,1,1255.8054737360449
P001110,C023,1,1872.468798432932
P001111,C010,1,1715.6657103644525
P001111,C023,1,1100.635719000899
P001112,C010,1,1255.8054737360449
P001112,C022,1,1872.468798432932
P001114,C009,1,1255.8054737360449
P001114,C022,1,1872.468798432932
P001115,C009,1,1715.6657103644525
P001115,C022,1,1100.635719000899
P001116,C008,1,1255.8054737360449
P001116,C026,1,1872.468798432932
P001117,C008,1,1715.6657103644525
P001117,C026,1,1100.635719000899
P001118,C008,1,1255.8054737360449
P001118,C025,1,1872.468798432932
P001119,C008,1,1715.6657103644525
P001119,C025,1,1100.635719000899
P001120,C008,1,1255.8054737360449
P001120,C023,1,1872.468798432932
P001121,C008,1,1715.6657103644525
P001121,C023,1,1100.635719000899
P001123,C008,1,1715.6657103644525
P001123,C022,1,1100.635719000899
P001134,C007,1,1285.8054737360449
P001134,C022,1,1932.468798432932
P001134,C026,1,1932.468798432932
P001135,C007,1,1775.6657103644525
P001135,C022,1,1160.635719000899
P001135,C026,1,1160.635719000899
P001136,C007,1,1285.8054737360449
P001136,C022,1,1932.468798432932
P001136,C025,1,1932.468798432932
P001137,C007,1,1775.6657103644525
P001137,C022,1,1160.635719000899
P001137,C025,1,1160.635719000899
P001138,C007,1,1285.8054737360449
P001138,C022,1,1932.468798432932
P001138,C024,1,1932.468798432932
P001139,C007,1,1775.6657103644525
P001139,C022,1,1160.635719000899
P001139,C024,1,1160.635719000899
P001140,C007,1,1285.8054737360449
P001140,C022,1,1932.468798432932
P001140,C023,1,1932.468798432932
P001141,C007,1,1775.6657103644525
P001141,C022,1,1160.635719000899
P001141,C023,1,1160.635719000899
P001150,C011,1,1255.8054737360449
P001150,C043,1,1655.622577777464
P001151,C011,1,1497.874347160894
P001151,C043,1,1097.3572431194746
P001152,C011,1,1255.8054737360449
P001152,C042,1,1655.622577777464
P001153,C011,1,1497.874347160894
P001153,C042,1,1097.3572431194746
P001154,C010,1,1255.8054737360449
P001154,C043,1,1655.622577777464
P001155,C010,1,1497.874347160894
P001155,C043,1,1097.3572431194746
P001156,C010,1,1255.8054737360449
P001156,C042,1,1655.622577777464
P001157,C010,1,1497.874347160894
P001157,C042,1,1097.3572431194746
P001158,C009,1,1255.8054737360449
P001158,C042,1,1655.622577777464
P001159,C009,1,1497.874347160894
P001159,C042,1,1097.3572431194746
P001160,C008,1,1255.8054737360449
P001160,C044,1,1655.622577777464
P001161,C008,1,1497.874347160894
P001161,C044,1,1097.3572431194746
P001162,C008,1,1255.8054737360449
P001162,C043,1,1655.622577777464
P001163,C008,1,1497.874347160894
P001163,C043,1,1097.3572431194746
P001164,C008,1,1255.8054737360449
P001164,C042,1,1655.622577777464
P001165,C008,1,1497.874347160894
P001165,C042,1,1097.3572431194746
P001166,C007,1,1255.8054737360449
P001166,C044,1,1655.622577777464
P001167,C007,1,1497.874347160894
P001167,C044,1,1097.3572431194746
P001168,C007,1,1255.8054737360449
P001168,C043,1,1655.622577777464
P001170,C007,1,1255.8054737360449
P001170,C042,1,1655.622577777464
P001171,C007,1,1497.874347160894
P001171,C042,1,1097.3572431194746
P001172,C007,1,1285.8054737360449
P001172,C042,1,1715.622577777464
P001172,C044,1,1715.622577777464
P001173,C007,1,1557.874347160894
P001173,C042,1,1157.3572431194746
P001173,C044,1,1157.3572431194746
P001174,C007,1,1285.8054737360449
P001174,C042,1,1715.622577777464
P001174,C043,1,1715.622577777464
P001175,C007,1,1557.874347160894
P001175,C042,1,1157.3572431194746
P001175,C043,1,1157.3572431194746
P001176,C007,1,1315.8054737360449
P001176,C011,1,1315.8054737360449
P001176,C042,1,1715.622577777464
P001177,C007,1,1557.874347160894
P001177,C011,1,1557.874347160894
P001177,C042,1,1127.3572431194746
P001178,C007,1,1315.8054737360449
P001178,C010,1,1315.8054737360449
P001178,C042,1,1715.622577777464
P001179,C007,1,1557.874347160894
P001179,C010,1,1557.874347160894
P001179,C042,1,1127.3572431194746
P001180,C007,1,1315.8054737360449
P001180,C009,1,1315.8054737360449
P001180,C042,1,1715.622577777464
P001181,C007,1,1557.874347160894
P001181,C009,1,1557.874347160894
P001181,C042,1,1127.3572431194746
P001182,C007,1,1315.8054737360449
P001182,C008,1,1315.8054737360449
P001182,C042,1,1715.622577777464
P001183,C007,1,1557.874347160894
P001183,C008,1,1557.874347160894
P001183,C042,1,1127.3572431194746
P001185,C009,1,1904.990615819892
P001185,C045,1,1074.4629012533037
P001186,C008,1,1904.990615819892
P001186,C046,1,1074.4629012533037
P001188,C008,1,1904.990615819892
P001188,C045,1,1074.4629012533037
P001194,C007,1,1964.990615819892
P001194,C045,1,1134.4629012533037
P001194,C047,1,1134.4629012533037
P001195,C007,1,1964.990615819892
P001195,C045,1,1134.4629012533037
P001195,C046,1,1134.4629012533037
P001196,C007,1,1315.8054737360449
P001196,C009,1,1315.8054737360449
P001196,C045,1,2137.5265216359667
P001197,C007,1,1964.990615819892
P001197,C009,1,1964.990615819892
P001197,C045,1,1104.4629012533037
P001200,C011,1,1255.8054737360449
P001200,C049,1,2025.6152603120613
P001201,C011,1,1633.2707266765904
P001201,C049,1,863.9542734339071
P001202,C011,1,1255.8054737360449
P001202,C048,1,2025.6152603120613
P001203,C011,1,1633.2707266765904
P001203,C048,1,863.9542734339071
P001204,C010,1,1255.8054737360449
P001204,C049,1,2025.6152603120613
P001208,C009,1,1255.8054737360449
P001208,C048,1,2025.6152603120613
P001209,C009,1,1633.2707266765904
P001209,C048,1,863.9542734339071
P001210,C008,1,1255.8054737360449
P001210,C050,1,2025.6152603120613
P001211,C008,1,1633.2707266765904
P001211,C050,1,863.9542734339071
P001212,C008,1,1255.8054737360449
P001212,C049,1,2025.6152603120613
P001213,C008,1,1633.2707266765904
P001213,C049,1,863.9542734339071
P001215,C008,1,1633.2707266765904
P001215,C048,1,863.9542734339071
P001222,C007,1,1285.8054737360449
P001222,C048,1,2085.6152603120613
P001222,C050,1,2085.6152603120613
P001223,C007,1,1693.2707266765904
P001223,C048,1,923.9542734339072
P001223,C050,1,923.9542734339072
P001224,C007,1,1285.8054737360449
P001224,C048,1,2085.6152603120613
P001224,C049,1,2085.6152603120613
P001225,C007,1,1693.2707266765904
P001225,C048,1,923.9542734339072
P001225,C049,1,923.9542734339072
P001230,C007,1,1315.8054737360449
P001230,C009,1,1315.8054737360449
P001230,C048,1,2085.6152603120613
P001231,C007,1,1693.2707266765904
P001231,C009,1,1693.2707266765904
P001231,C048,1,893.9542734339071
P001237,C009,1,1859.4011659645464
P001237,C051,1,1305.137341417552
P001238,C008,1,1255.8054737360449
P001238,C052,1,1806.0492982830397
P001239,C008,1,1859.4011659645464
P001239,C052,1,1305.137341417552
P001241,C008,1,1859.4011659645464
P001241,C051,1,1305.137341417552
P001248,C007,1,1285.8054737360449
P001248,C051,1,1866.0492982830397
P001248,C052,1,1866.0492982830397
P001249,C007,1,1919.4011659645464
P001249,C051,1,1365.137341417552
P001249,C052,1,1365.137341417552
P001250,C007,1,1315.8054737360449
P001250,C009,1,1315.8054737360449
P001250,C051,1,1866.0492982830397
P001251,C007,1,1919.4011659645464
P001251,C009,1,1919.4011659645464
P001251,C051,1,1335.137341417552
P001254,C011,1,1255.8054737360449
P001254,C055,1,1878.281824226799
P001255,C011,1,1684.8347131097464
P001255,C055,1,1053.545029285659
P001257,C011,1,1684.8347131097464
P001257,C054,1,1053.545029285659
P001258,C010,1,1255.8054737360449
P001258,C055,1,1878.281824226799
P001263,C009,1,1684.8347131097464
P001263,C054,1,1053.545029285659
P001264,C008,1,1255.8054737360449
P001264,C056,1,1878.281824226799
P001265,C008,1,1684.8347131097464
P001265,C056,1,1053.545029285659
P001266,C008,1,1255.8054737360449
P001266,C055,1,1878.281824226799
P001267,C008,1,1684.8347131097464
P001267,C055,1,1053.545029285659
P001269,C008,1,1684.8347131097464
P001269,C054,1,1053.545029285659
P001276,C007,1,1285.8054737360449
P001276,C054,1,1938.281824226799
P001276,C056,1,1938.281824226799
P001277,C007,1,1744.8347131097464
P001277,C054,1,1113.545029285659
P001277,C056,1,1113.545029285659
P001278,C007,1,1285.8054737360449
P001278,C054,1,1938.281824226799
P001278,C055,1,1938.281824226799
P001279,C007,1,1744.8347131097464
P001279,C054,1,1113.545029285659
P001279,C055,1,1113.545029285659
P001284,C007,1,1315.8054737360449
P001284,C009,1,1315.8054737360449
P001284,C054,1,1938.281824226799
P001285,C007,1,1744.8347131097464
P001285,C009,1,1744.8347131097464
P001285,C054,1,1083.545029285659
P001288,C016,1,1379.111829747456
P001288,C028,1,2206.805122748764
P001289,C016,1,1731.1841180646195
P001289,C028,1,905.070825063312
P001290,C016,1,1379.111829747456
P001290,C027,1,2206.805122748764
P001291,C016,1,1731.1841180646195
P001291,C027,1,905.070825063312
P001292,C015,1,1379.111829747456
P001292,C028,1,2206.805122748764
P001293,C015,1,1731.1841180646195
P001293,C028,1,905.070825063312
P001294,C015,1,1379.111829747456
P001294,C027,1,2206.805122748764
P001295,C015,1,1731.1841180646195
P001295,C027,1,905.070825063312
P001296,C014,1,1379.111829747456
P001296,C027,1,2206.805122748764
P001297,C014,1,1731.1841180646195
P001297,C027,1,905.070825063312
P001298,C013,1,1379.111829747456
P001298,C031,1,2206.805122748764
P001299,C013,1,1731.1841180646195
P001299,C031,1,905.070825063312
P001300,C013,1,1379.111829747456
P001300,C030,1,2206.805122748764
P001301,C013,1,1731.1841180646195
P001301,C030,1,905.070825063312
P001302,C013,1,1379.111829747456
P001302,C028,1,2206.805122748764
P001303,C013,1,1731.1841180646195
P001303,C028,1,905.070825063312
P001304,C013,1,1379.111829747456
P001304,C027,1,2206.805122748764
P001305,C013,1,1731.1841180646195
P001305,C027,1,905.070825063312
P001306,C012,1,1379.111829747456
P001306,C031,1,2206.805122748764
P001308,C012,1,1379.111829747456
P001308,C030,1,2206.805122748764
P001309,C012,1,1731.1841180646195
P001309,C030,1,905.070825063312
P001310,C012,1,1379.111829747456
P001310,C029,1,2206.805122748764
P001312,C012,1,1379.111829747456
P001312,C028,1,2206.805122748764
P001316,C012,1,1409.111829747456
P001316,C027,1,2266.805122748764
P001316,C031,1,2266.805122748764
P001317,C012,1,1791.1841180646195
P001317,C027,1,965.070825063312
P001317,C031,1,965.070825063312
P001318,C012,1,1409.111829747456
P001318,C027,1,2266.805122748764
P001318,C030,1,2266.805122748764
P001319,C012,1,1791.1841180646195
P001319,C027,1,965.070825063312
P001319,C030,1,965.070825063312
P001320,C012,1,1409.111829747456
P001320,C027,1,2266.805122748764
P001320,C029,1,2266.805122748764
P001321,C012,1,1791.1841180646195
P001321,C027,1,965.070825063312
P001321,C029,1,965.070825063312
P001322,C012,1,1409.111829747456
P001322,C027,1,2266.805122748764
P001322,C028,1,2266.805122748764
P001323,C012,1,1791.1841180646195
P001323,C027,1,965.070825063312
P001323,C028,1,965.070825063312
P001324,C012,1,1439.111829747456
P001324,C016,1,1439.111829747456
P001324,C027,1,2266.805122748764
P001325,C012,1,1791.1841180646195
P001325,C016,1,1791.1841180646195
P001325,C027,1,935.070825063312
P001326,C012,1,1439.111829747456
P001326,C015,1,1439.111829747456
P001326,C027,1,2266.805122748764
P001327,C012,1,1791.1841180646195
P001327,C015,1,1791.1841180646195
P001327,C027,1,935.070825063312
P001328,C012,1,1439.111829747456
P001328,C014,1,1439.111829747456
P001328,C027,1,2266.805122748764
P001329,C012,1,1791.1841180646195
P001329,C014,1,1791.1841180646195
P001329,C027,1,935.070825063312
P001330,C012,1,1439.111829747456
P001330,C013,1,1439.111829747456
P001330,C027,1,2266.805122748764
P001331,C012,1,1791.1841180646195
P001331,C013,1,1791.1841180646195
P001331,C027,1,935.070825063312
P001332,C016,1,1379.111829747456
P001332,C033,1,1835.7929613486149
P001333,C016,1,1568.6465962708278
P001333,C033,1,1111.2987980030025
P001334,C016,1,1379.111829747456
P001334,C032,1,1835.7929613486149
P001335,C016,1,1568.6465962708278
P001335,C032,1,1111.2987980030025
P001336,C015,1,1379.111829747456
P001336,C033,1,1835.7929613486149
P001337,C015,1,1568.6465962708278
P001337,C033,1,1111.2987980030025
P001338,C015,1,1379.111829747456
P001338,C032,1,1835.7929613486149
P001339,C015,1,1568.6465962708278
P001339,C032,1,1111.2987980030025
P001340,C014,1,1379.111829747456
P001340,C032,1,1835.7929613486149
P001341,C014,1,1568.6465962708278
P001341,C032,1,1111.2987980030025
P001342,C013,1,1379.111829747456
P001342,C036,1,1835.7929613486149
P001343,C013,1,1568.6465962708278
P001343,C036,1,1111.2987980030025
P001344,C013,1,1379.111829747456
P001344,C035,1,1835.7929613486149
P001345,C013,1,1568.6465962708278
P001345,C035,1,1111.2987980030025
P001346,C013,1,1379.111829747456
P001346,C033,1,1835.7929613486149
P001347,C013,1,1568.6465962708278
P001347,C033,1,1111.2987980030025
P001348,C013,1,1379.111829747456
P001348,C032,1,1835.7929613486149
P001349,C013,1,1568.6465962708278
P001349,C032,1,1111.2987980030025
P001350,C012,1,1379.111829747456
P001350,C036,1,1835.7929613486149
P001351,C012,1,1568.6465962708278
P001351,C036,1,1111.2987980030025
P001352,C012,1,1379.111829747456
P001352,C035,1,1835.7929613486149
P001353,C012,1,1568.6465962708278
P001353,C035,1,1111.2987980030025
P001354,C012,1,1379.111829747456
P001354,C034,1,1835.7929613486149
P001355,C012,1,1568.6465962708278
P001355,C034,1,1111.2987980030025
P001357,C012,1,1568.6465962708278
P001357,C033,1,1111.2987980030025
P001358,C012,1,1379.111829747456
P001358,C032,1,1835.7929613486149
P001359,C012,1,1568.6465962708278
P001359,C032,1,1111.2987980030025
P001360,C012,1,1409.111829747456
P001360,C032,1,1895.7929613486149
P001360,C036,1,1895.7929613486149
P001361,C012,1,1628.6465962708278
P001361,C032,1,1171.2987980030025
P001361,C036,1,1171.2987980030025
P001362,C012,1,1409.111829747456
P001362,C032,1,1895.7929613486149
P001362,C035,1,1895.7929613486149
P001363,C012,1,1628.6465962708278
P001363,C032,1,1171.2987980030025
P001363,C035,1,1171.2987980030025
P001364,C012,1,1409.111829747456
P001364,C032,1,1895.7929613486149
P001364,C034,1,1895.7929613486149
P001365,C012,1,1628.6465962708278
P001365,C032,1,1171.2987980030025
P001365,C034,1,1171.2987980030025
P001366,C012,1,1409.111829747456
P001366,C032,1,1895.7929613486149
P001366,C033,1,1895.7929613486149
P001367,C012,1,1628.6465962708278
P001367,C032,1,1171.2987980030025
P001367,C033,1,1171.2987980030025
P001368,C012,1,1439.111829747456
P001368,C016,1,1439.111829747456
P001368,C032,1,1895.7929613486149
P001369,C012,1,1628.6465962708278
P001369,C016,1,1628.6465962708278
P001369,C032,1,1141.2987980030025
P001370,C012,1,1439.111829747456
P001370,C015,1,1439.111829747456
P001370,C032,1,1895.7929613486149
P001371,C012,1,1628.6465962708278
P001371,C015,1,1628.6465962708278
P001371,C032,1,1141.2987980030025
P001372,C012,1,1439.111829747456
P001372,C014,1,1439.111829747456
P001372,C032,1,1895.7929613486149
P001373,C012,1,1628.6465962708278
P001373,C014,1,1628.6465962708278
P001373,C032,1,1141.2987980030025
P001374,C012,1,1439.111829747456
P001374,C013,1,1439.111829747456
P001374,C032,1,1895.7929613486149
P001375,C012,1,1628.6465962708278
P001375,C013,1,1628.6465962708278
P001375,C032,1,1141.2987980030025
P001376,C016,1,1379.111829747456
P001376,C049,1,2199.814254907003
P001377,C016,1,1676.2300319267874
P001377,C049,1,863.9542734339071
P001378,C016,1,1379.111829747456
P001378,C048,1,2199.814254907003
P001379,C016,1,1676.2300319267874
P001379,C048,1,863.9542734339071
P001380,C015,1,1379.111829747456
P001380,C049,1,2199.814254907003
P001381,C015,1,1676.2300319267874
P001381,C049,1,863.9542734339071
P001382,C015,1,1379.111829747456
P001382,C048,1,2199.814254907003
P001383,C015,1,1676.2300319267874
P001383,C048,1,863.9542734339071
P001384,C014,1,1379.111829747456
P001384,C048,1,2199.814254907003
P001385,C014,1,1676.2300319267874
P001385,C048,1,863.9542734339071
P001386,C013,1,1379.111829747456
P001386,C050,1,2199.814254907003
P001387,C013,1,1676.2300319267874
P001387,C050,1,863.9542734339071
P001388,C013,1,1379.111829747456
P001388,C049,1,2199.814254907003
P001389,C013,1,1676.2300319267874
P001389,C049,1,863.9542734339071
P001390,C013,1,1379.111829747456
P001390,C048,1,2199.814254907003
P001391,C013,1,1676.2300319267874
P001391,C048,1,863.9542734339071
P001393,C012,1,1676.2300319267874
P001393,C050,1,863.9542734339071
P001395,C012,1,1676.2300319267874
P001395,C049,1,863.9542734339071
P001397,C012,1,1676.2300319267874
P001397,C048,1,863.9542734339071
P001399,C012,1,1736.2300319267874
P001399,C048,1,923.9542734339072
P001399,C050,1,923.9542734339072
P001401,C012,1,1736.2300319267874
P001401,C048,1,923.9542734339072
P001401,C049,1,923.9542734339072
P001402,C012,1,1439.111829747456
P001402,C016,1,1439.111829747456
P001402,C048,1,2259.814254907003
P001403,C012,1,1736.2300319267874
P001403,C016,1,1736.2300319267874
P001403,C048,1,893.9542734339071
P001404,C012,1,1439.111829747456
P001404,C015,1,1439.111829747456
P001404,C048,1,2259.814254907003
P001405,C012,1,1736.2300319267874
P001405,C015,1,1736.2300319267874
P001405,C048,1,893.9542734339071
P001406,C012,1,1439.111829747456
P001406,C014,1,1439.111829747456
P001406,C048,1,2259.814254907003
P001407,C012,1,1736.2300319267874
P001407,C014,1,1736.2300319267874
P001407,C048,1,893.9542734339071
P001408,C012,1,1439.111829747456
P001408,C013,1,1439.111829747456
P001408,C048,1,2259.814254907003
P001409,C012,1,1736.2300319267874
P001409,C013,1,1736.2300319267874
P001409,C048,1,893.9542734339071
P001410,C016,1,1379.111829747456
P001410,C061,1,1832.1340180541056
P001411,C016,1,1690.6337784617265
P001411,C061,1,1228.54492348841
P001412,C016,1,1379.111829747456
P001412,C060,1,1832.1340180541056
P001413,C016,1,1690.6337784617265
P001413,C060,1,1228.54492348841
P001414,C015,1,1379.111829747456
P001414,C061,1,1832.1340180541056
P001418,C014,1,1379.111829747456
P001418,C060,1,1832.1340180541056
P001419,C014,1,1690.6337784617265
P001419,C060,1,1228.54492348841
P001420,C013,1,1379.111829747456
P001420,C062,1,1832.1340180541056
P001421,C013,1,1690.6337784617265
P001421,C062,1,1228.54492348841
P001422,C013,1,1379.111829747456
P001422,C061,1,1832.1340180541056
P001423,C013,1,1690.6337784617265
P001423,C061,1,1228.54492348841
P001425,C013,1,1690.6337784617265
P001425,C060,1,1228.54492348841
P001432,C012,1,1409.111829747456
P001432,C060,1,1892.1340180541056
P001432,C062,1,1892.1340180541056
P001433,C012,1,1750.6337784617265
P001433,C060,1,1288.54492348841
P001433,C062,1,1288.54492348841
P001434,C012,1,1409.111829747456
P001434,C060,1,1892.1340180541056
P001434,C061,1,1892.1340180541056
P001435,C012,1,1750.6337784617265
P001435,C060,1,1288.54492348841
P001435,C061,1,1288.54492348841
P001436,C012,1,1439.111829747456
P001436,C016,1,1439.111829747456
P001436,C060,1,1892.1340180541056
P001437,C012,1,1750.6337784617265
P001437,C016,1,1750.6337784617265
P001437,C060,1,1258.54492348841
P001438,C012,1,1439.111829747456
P001438,C015,1,1439.111829747456
P001438,C060,1,1892.1340180541056
P001439,C012,1,1750.6337784617265
P001439,C015,1,1750.6337784617265
P001439,C060,1,1258.54492348841
P001440,C012,1,1439.111829747456
P001440,C014,1,1439.111829747456
P001440,C060,1,1892.1340180541056
P001441,C012,1,1750.6337784617265
P001441,C014,1,1750.6337784617265
P001441,C060,1,1258.54492348841
P001442,C012,1,1439.111829747456
P001442,C013,1,1439.111829747456
P001442,C060,1,1892.1340180541056
P001443,C012,1,1750.6337784617265
P001443,C013,1,1750.6337784617265
P001443,C060,1,1258.54492348841
P001444,C021,1,1343.6263671531592
P001444,C023,1,1855.827029272952
P001445,C021,1,1610.6163811206914
P001445,C023,1,1100.635719000899
P001446,C021,1,1343.6263671531592
P001446,C022,1,1855.827029272952
P001447,C021,1,1610.6163811206914
P001447,C022,1,1100.635719000899
P001448,C020,1,1343.6263671531592
P001448,C023,1,1855.827029272952
P001449,C020,1,1610.6163811206914
P001449,C023,1,1100.635719000899
P001450,C020,1,1343.6263671531592
P001450,C022,1,1855.827029272952
P001451,C020,1,1610.6163811206914
P001451,C022,1,1100.635719000899
P001452,C019,1,1343.6263671531592
P001452,C022,1,1855.827029272952
P001453,C019,1,1610.6163811206914
P001453,C022,1,1100.635719000899
P001454,C018,1,1343.6263671531592
P001454,C026,1,1855.827029272952
P001455,C018,1,1610.6163811206914
P001455,C026,1,1100.635719000899
P001456,C018,1,1343.6263671531592
P001456,C025,1,1855.827029272952
P001457,C018,1,1610.6163811206914
P001457,C025,1,1100.635719000899
P001458,C018,1,1343.6263671531592
P001458,C023,1,1855.827029272952
P001459,C018,1,1610.6163811206914
P001459,C023,1,1100.635719000899
P001460,C018,1,1343.6263671531592
P001460,C022,1,1855.827029272952
P001461,C018,1,1610.6163811206914
P001461,C022,1,1100.635719000899
P001462,C017,1,1343.6263671531592
P001462,C026,1,1855.827029272952
P001467,C017,1,1610.6163811206914
P001467,C024,1,1100.635719000899
P001470,C017,1,1343.6263671531592
P001470,C022,1,1855.827029272952
P001471,C017,1,1610.6163811206914
P001471,C022,1,1100.635719000899
P001477,C017,1,1670.6163811206914
P001477,C022,1,1160.635719000899
P001477,C024,1,1160.635719000899
P001479,C017,1,1670.6163811206914
P001479,C022,1,1160.635719000899
P001479,C023,1,1160.635719000899
P001480,C017,1,1403.6263671531592
P001480,C021,1,1403.6263671531592
P001480,C022,1,1915.827029272952
P001481,C017,1,1670.6163811206914
P001481,C021,1,1670.6163811206914
P001481,C022,1,1130.635719000899
P001482,C017,1,1403.6263671531592
P001482,C020,1,1403.6263671531592
P001482,C022,1,1915.827029272952
P001483,C017,1,1670.6163811206914
P001483,C020,1,1670.6163811206914
P001483,C022,1,1130.635719000899
P001484,C017,1,1403.6263671531592
P001484,C019,1,1403.6263671531592
P001484,C022,1,1915.827029272952
P001485,C017,1,1670.6163811206914
P001485,C019,1,1670.6163811206914
P001485,C022,1,1130.635719000899
P001486,C017,1,1403.6263671531592
P001486,C018,1,1403.6263671531592
P001486,C022,1,1915.827029272952
P001487,C017,1,1670.6163811206914
P001487,C018,1,1670.6163811206914
P001487,C022,1,1130.635719000899
P001488,C019,1,1343.6263671531592
P001488,C037,1,1840.128160209167
P001489,C019,1,1837.6704686964797
P001489,C037,1,1338.3286756404718
P001490,C018,1,1343.6263671531592
P001490,C037,1,1840.128160209167
P001491,C018,1,1837.6704686964797
P001491,C037,1,1338.3286756404718
P001492,C017,1,1343.6263671531592
P001492,C039,1,1840.128160209167
P001493,C017,1,1837.6704686964797
P001493,C039,1,1338.3286756404718
P001494,C017,1,1343.6263671531592
P001494,C038,1,1840.128160209167
P001495,C017,1,1837.6704686964797
P001495,C038,1,1338.3286756404718
P001498,C017,1,1897.6704686964797
P001498,C037,1,1398.3286756404718
P001498,C039,1,1398.3286756404718
P001500,C021,1,1343.6263671531592
P001500,C043,1,1843.3611095384515
P001501,C021,1,1597.2053188381
P001501,C043,1,1097.3572431194746
P001502,C021,1,1343.6263671531592
P001502,C042,1,1843.3611095384515
P001503,C021,1,1597.2053188381
P001503,C042,1,1097.3572431194746
P001504,C020,1,1343.6263671531592
P001504,C043,1,1843.3611095384515
P001505,C020,1,1597.2053188381
P001505,C043,1,1097.3572431194746
P001506,C020,1,1343.6263671531592
P001506,C042,1,1843.3611095384515
P001507,C020,1,1597.2053188381
P001507,C042,1,1097.3572431194746
P001508,C019,1,1343.6263671531592
P001508,C042,1,1843.3611095384515
P001509,C019,1,1597.2053188381
P001509,C042,1,1097.3572431194746
P001510,C018,1,1343.6263671531592
P001510,C044,1,1843.3611095384515
P001511,C018,1,1597.2053188381
P001511,C044,1,1097.3572431194746
P001512,C018,1,1343.6263671531592
P001512,C043,1,1843.3611095384515
P001513,C018,1,1597.2053188381
P001513,C043,1,1097.3572431194746
P001514,C018,1,1343.6263671531592
P001514,C042,1,1843.3611095384515
P001515,C018,1,1597.2053188381
P001515,C042,1,1097.3572431194746
P001517,C017,1,1597.2053188381
P001517,C044,1,1097.3572431194746
P001519,C017,1,1597.2053188381
P001519,C043,1,1097.3572431194746
P001521,C017,1,1597.2053188381
P001521,C042,1,1097.3572431194746
P001522,C017,1,1373.6263671531592
P001522,C042,1,1903.3611095384515
P001522,C044,1,1903.3611095384515
P001523,C017,1,1657.2053188381
P001523,C042,1,1157.3572431194746
P001523,C044,1,1157.3572431194746
P001524,C017,1,1373.6263671531592
P001524,C042,1,1903.3611095384515
P001524,C043,1,1903.3611095384515
P001525,C017,1,1657.2053188381
P001525,C042,1,1157.3572431194746
P001525,C043,1,1157.3572431194746
P001526,C017,1,1403.6263671531592
P001526,C021,1,1403.6263671531592
P001526,C042,1,1903.3611095384515
P001527,C017,1,1657.2053188381
P001527,C021,1,1657.2053188381
P001527,C042,1,1127.3572431194746
P001528,C017,1,1403.6263671531592
P001528,C020,1,1403.6263671531592
P001528,C042,1,1903.3611095384515
P001529,C017,1,1657.2053188381
P001529,C020,1,1657.2053188381
P001529,C042,1,1127.3572431194746
P001530,C017,1,1403.6263671531592
P001530,C019,1,1403.6263671531592
P001530,C042,1,1903.3611095384515
P001531,C017,1,1657.2053188381
P001531,C019,1,1657.2053188381
P001531,C042,1,1127.3572431194746
P001532,C017,1,1403.6263671531592
P001532,C018,1,1403.6263671531592
P001532,C042,1,1903.3611095384515
P001533,C017,1,1657.2053188381
P001533,C018,1,1657.2053188381
P001533,C042,1,1127.3572431194746
P001534,C021,1,1343.6263671531592
P001534,C049,1,2079.370421063103
P001536,C021,1,1343.6263671531592
P001536,C048,1,2079.370421063103
P001537,C021,1,1598.618327343851
P001537,C048,1,863.9542734339071
P001538,C020,1,1343.6263671531592
P001538,C049,1,2079.370421063103
P001541,C020,1,1598.618327343851
P001541,C048,1,863.9542734339071
P001542,C019,1,1343.6263671531592
P001542,C048,1,2079.370421063103
P001543,C019,1,1598.618327343851
P001543,C048,1,863.9542734339071
P001544,C018,1,1343.6263671531592
P001544,C050,1,2079.370421063103
P001545,C018,1,1598.618327343851
P001545,C050,1,863.9542734339071
P001546,C018,1,1343.6263671531592
P001546,C049,1,2079.370421063103
P001547,C018,1,1598.618327343851
P001547,C049,1,863.9542734339071
P001549,C018,1,1598.618327343851
P001549,C048,1,863.9542734339071
P001560,C017,1,1403.6263671531592
P001560,C021,1,1403.6263671531592
P001560,C048,1,2139.370421063103
P001561,C017,1,1658.618327343851
P001561,C021,1,1658.618327343851
P001561,C048,1,893.9542734339071
P001562,C017,1,1403.6263671531592
P001562,C020,1,1403.6263671531592
P001562,C048,1,2139.370421063103
P001563,C017,1,1658.618327343851
P001563,C020,1,1658.618327343851
P001563,C048,1,893.9542734339071
P001564,C017,1,1403.6263671531592
P001564,C019,1,1403.6263671531592
P001564,C048,1,2139.370421063103
P001565,C017,1,1658.618327343851
P001565,C019,1,1658.618327343851
P001565,C048,1,893.9542734339071
P001566,C017,1,1403.6263671531592
P001566,C018,1,1403.6263671531592
P001566,C048,1,2139.370421063103
P001567,C017,1,1658.618327343851
P001567,C018,1,1658.618327343851
P001567,C048,1,893.9542734339071
P001569,C019,1,1815.5761024191515
P001569,C054,1,1053.545029285659
P001573,C026,1,1100.635719000899
P001573,C028,1,1905.6531754760515
P001574,C026,1,1718.074948205131
P001574,C028,1,905.070825063312
P001575,C026,1,1100.635719000899
P001575,C027,1,1905.6531754760515
P001576,C026,1,1718.074948205131
P001576,C027,1,905.070825063312
P001577,C025,1,1100.635719000899
P001577,C028,1,1905.6531754760515
P001578,C025,1,1718.074948205131
P001578,C028,1,905.070825063312
P001579,C025,1,1100.635719000899
P001579,C027,1,1905.6531754760515
P001580,C025,1,1718.074948205131
P001580,C027,1,905.070825063312
P001581,C024,1,1100.635719000899
P001581,C027,1,1905.6531754760515
P001582,C024,1,1718.074948205131
P001582,C027,1,905.070825063312
P001583,C023,1,1100.635719000899
P001583,C031,1,1905.6531754760515
P001584,C023,1,1718.074948205131
P001584,C031,1,905.070825063312
P001585,C023,1,1100.635719000899
P001585,C030,1,1905.6531754760515
P001586,C023,1,1718.074948205131
P001586,C030,1,905.070825063312
P001587,C023,1,1100.635719000899
P001587,C028,1,1905.6531754760515
P001588,C023,1,1718.074948205131
P001588,C028,1,905.070825063312
P001589,C023,1,1100.635719000899
P001589,C027,1,1905.6531754760515
P001590,C023,1,1718.074948205131
P001590,C027,1,905.070825063312
P001591,C022,1,1100.635719000899
P001591,C031,1,1905.6531754760515
P001592,C022,1,1718.074948205131
P001592,C031,1,905.070825063312
P001594,C022,1,1718.074948205131
P001594,C030,1,905.070825063312
P001595,C022,1,1100.635719000899
P001595,C029,1,1905.6531754760515
P001596,C022,1,1718.074948205131
P001596,C029,1,905.070825063312
P001597,C022,1,1100.635719000899
P001597,C028,1,1905.6531754760515
P001598,C022,1,1718.074948205131
P001598,C028,1,905.070825063312
P001600,C022,1,1718.074948205131
P001600,C027,1,905.070825063312
P001602,C022,1,1778.074948205131
P001602,C027,1,965.070825063312
P001602,C031,1,965.070825063312
P001604,C022,1,1778.074948205131
P001604,C027,1,965.070825063312
P001604,C030,1,965.070825063312
P001606,C022,1,1778.074948205131
P001606,C027,1,965.070825063312
P001606,C029,1,965.070825063312
P001609,C022,1,1160.635719000899
P001609,C026,1,1160.635719000899
P001609,C027,1,1965.6531754760515
P001610,C022,1,1778.074948205131
P001610,C026,1,1778.074948205131
P001610,C027,1,935.070825063312
P001611,C022,1,1160.635719000899
P001611,C025,1,1160.635719000899
P001611,C027,1,1965.6531754760515
P001612,C022,1,1778.074948205131
P001612,C025,1,1778.074948205131
P001612,C027,1,935.070825063312
P001613,C022,1,1160.635719000899
P001613,C024,1,1160.635719000899
P001613,C027,1,1965.6531754760515
P001614,C022,1,1778.074948205131
P001614,C024,1,1778.074948205131
P001614,C027,1,935.070825063312
P001621,C025,1,1100.635719000899
P001621,C033,1,1846.392293304193
P001627,C023,1,1100.635719000899
P001627,C036,1,1846.392293304193
P001628,C023,1,1867.2887056396296
P001628,C036,1,1111.2987980030025
P001629,C023,1,1100.635719000899
P001629,C035,1,1846.392293304193
P001630,C023,1,1867.2887056396296
P001630,C035,1,1111.2987980030025
P001631,C023,1,1100.635719000899
P001631,C033,1,1846.392293304193
P001632,C023,1,1867.2887056396296
P001632,C033,1,1111.2987980030025
P001635,C022,1,1100.635719000899
P001635,C036,1,1846.392293304193
P001636,C022,1,1867.2887056396296
P001636,C036,1,1111.2987980030025
P001638,C022,1,1867.2887056396296
P001638,C035,1,1111.2987980030025
P001639,C022,1,1100.635719000899
P001639,C034,1,1846.392293304193
P001640,C022,1,1867.2887056396296
P001640,C034,1,1111.2987980030025
P001641,C022,1,1100.635719000899
P001641,C033,1,1846.392293304193
P001661,C026,1,1100.635719000899
P001661,C038,1,1630.2341643754198
P001662,C026,1,1872.987121014993
P001662,C038,1,1338.3286756404718
P001664,C026,1,1872.987121014993
P001664,C037,1,1338.3286756404718
P001665,C025,1,1100.635719000899
P001665,C038,1,1630.2341643754198
P001666,C025,1,1872.987121014993
P001666,C038,1,1338.3286756404718
P001668,C025,1,1872.987121014993
P001668,C037,1,1338.3286756404718
P001671,C023,1,1100.635719000899
P001671,C041,1,1630.2341643754198
P001672,C023,1,1872.987121014993
P001672,C041,1,1338.3286756404718
P001673,C023,1,1100.635719000899
P001673,C040,1,1630.2341643754198
P001674,C023,1,1872.987121014993
P001674,C040,1,1338.3286756404718
P001675,C023,1,1100.635719000899
P001675,C038,1,1630.2341643754198
P001676,C023,1,1872.987121014993
P001676,C038,1,1338.3286756404718
P001679,C022,1,1100.635719000899
P001679,C041,1,1630.2341643754198
P001680,C022,1,1872.987121014993
P001680,C041,1,1338.3286756404718
P001681,C022,1,1100.635719000899
P001681,C040,1,1630.2341643754198
P001682,C022,1,1872.987121014993
P001682,C040,1,1338.3286756404718
P001683,C022,1,1100.635719000899
P001683,C039,1,1630.2341643754198
P001684,C022,1,1872.987121014993
P001684,C039,1,1338.3286756404718
P001685,C022,1,1100.635719000899
P001685,C038,1,1630.2341643754198
P001686,C022,1,1872.987121014993
P001686,C038,1,1338.3286756404718
P001687,C022,1,1100.635719000899
P001687,C037,1,1630.2341643754198
P001689,C022,1,1130.635719000899
P001689,C037,1,1690.2341643754198
P001689,C041,1,1690.2341643754198
P001690,C022,1,1932.987121014993
P001690,C037,1,1398.3286756404718
P001690,C041,1,1398.3286756404718
P001691,C022,1,1130.635719000899
P001691,C037,1,1690.2341643754198
P001691,C040,1,1690.2341643754198
P001692,C022,1,1932.987121014993
P001692,C037,1,1398.3286756404718
P001692,C040,1,1398.3286756404718
P001693,C022,1,1130.635719000899
P001693,C037,1,1690.2341643754198
P001693,C039,1,1690.2341643754198
P001694,C022,1,1932.987121014993
P001694,C037,1,1398.3286756404718
P001694,C039,1,1398.3286756404718
P001695,C022,1,1130.635719000899
P001695,C037,1,1690.2341643754198
P001695,C038,1,1690.2341643754198
P001696,C022,1,1932.987121014993
P001696,C037,1,1398.3286756404718
P001696,C038,1,1398.3286756404718
P001701,C022,1,1160.635719000899
P001701,C024,1,1160.635719000899
P001701,C037,1,1690.2341643754198
P001703,C022,1,1160.635719000899
P001703,C023,1,1160.635719000899
P001703,C037,1,1690.2341643754198
P001707,C026,1,1100.635719000899
P001707,C042,1,1610.7167807367473
P001708,C026,1,1609.7716381886562
P001708,C042,1,1097.3572431194746
P001709,C025,1,1100.635719000899
P001709,C043,1,1610.7167807367473
P001710,C025,1,1609.7716381886562
P001710,C043,1,1097.3572431194746
P001713,C024,1,1100.635719000899
P001713,C042,1,1610.7167807367473
P001714,C024,1,1609.7716381886562
P001714,C042,1,1097.3572431194746
P001715,C023,1,1100.635719000899
P001715,C044,1,1610.7167807367473
P001716,C023,1,1609.7716381886562
P001716,C044,1,1097.3572431194746
P001717,C023,1,1100.635719000899
P001717,C043,1,1610.7167807367473
P001718,C023,1,1609.7716381886562
P001718,C043,1,1097.3572431194746
P001720,C023,1,1609.7716381886562
P001720,C042,1,1097.3572431194746
P001723,C022,1,1100.635719000899
P001723,C043,1,1610.7167807367473
P001731,C022,1,1160.635719000899
P001731,C026,1,1160.635719000899
P001731,C042,1,1670.7167807367473
P001732,C022,1,1669.7716381886562
P001732,C026,1,1669.7716381886562
P001732,C042,1,1127.3572431194746
P001735,C022,1,1160.635719000899
P001735,C024,1,1160.635719000899
P001735,C042,1,1670.7167807367473
P001736,C022,1,1669.7716381886562
P001736,C024,1,1669.7716381886562
P001736,C042,1,1127.3572431194746
P001739,C026,1,1100.635719000899
P001739,C046,1,1947.3271607843824
P001740,C026,1,1931.5943430367868
P001740,C046,1,1074.4629012533037
P001742,C026,1,1931.5943430367868
P001742,C045,1,1074.4629012533037
P001743,C025,1,1100.635719000899
P001743,C046,1,1947.3271607843824
P001746,C025,1,1931.5943430367868
P001746,C045,1,1074.4629012533037
P001749,C023,1,1100.635719000899
P001749,C047,1,1947.3271607843824
P001750,C023,1,1931.5943430367868
P001750,C047,1,1074.4629012533037
P001751,C023,1,1100.635719000899
P001751,C046,1,1947.3271607843824
P001752,C023,1,1931.5943430367868
P001752,C046,1,1074.4629012533037
P001756,C022,1,1931.5943430367868
P001756,C047,1,1074.4629012533037
P001757,C022,1,1100.635719000899
P001757,C046,1,1947.3271607843824
P001761,C022,1,1130.635719000899
P001761,C045,1,2007.3271607843824
P001761,C047,1,2007.3271607843824
P001763,C022,1,1130.635719000899
P001763,C045,1,2007.3271607843824
P001763,C046,1,2007.3271607843824
P001769,C022,1,1160.635719000899
P001769,C024,1,1160.635719000899
P001769,C045,1,2007.3271607843824
P001770,C022,1,1991.5943430367868
P001770,C024,1,1991.5943430367868
P001770,C045,1,1104.4629012533037
P001773,C026,1,1100.635719000899
P001773,C049,1,1620.061421345913
P001774,C026,1,1384.5199757789212
P001774,C049,1,863.9542734339071
P001775,C026,1,1100.635719000899
P001775,C048,1,1620.061421345913
P001776,C026,1,1384.5199757789212
P001776,C048,1,863.9542734339071
P001777,C025,1,1100.635719000899
P001777,C049,1,1620.061421345913
P001778,C025,1,1384.5199757789212
P001778,C049,1,863.9542734339071
P001779,C025,1,1100.635719000899
P001779,C048,1,1620.061421345913
P001780,C025,1,1384.5199757789212
P001780,C048,1,863.9542734339071
P001781,C024,1,1100.635719000899
P001781,C048,1,1620.061421345913
P001782,C024,1,1384.5199757789212
P001782,C048,1,863.9542734339071
P001783,C023,1,1100.635719000899
P001783,C050,1,1620.061421345913
P001784,C023,1,1384.5199757789212
P001784,C050,1,863.9542734339071
P001786,C023,1,1384.5199757789212
P001786,C049,1,863.9542734339071
P001787,C023,1,1100.635719000899
P001787,C048,1,1620.061421345913
P001788,C023,1,1384.5199757789212
P001788,C048,1,863.9542734339071
P001790,C022,1,1384.5199757789212
P001790,C050,1,863.9542734339071
P001791,C022,1,1100.635719000899
P001791,C049,1,1620.061421345913
P001792,C022,1,1384.5199757789212
P001792,C049,1,863.9542734339071
P001793,C022,1,1100.635719000899
P001793,C048,1,1620.061421345913
P001794,C022,1,1384.5199757789212
P001794,C048,1,863.9542734339071
P001795,C022,1,1130.635719000899
P001795,C048,1,1680.061421345913
P001795,C050,1,1680.061421345913
P001796,C022,1,1444.5199757789212
P001796,C048,1,923.9542734339072
P001796,C050,1,923.9542734339072
P001797,C022,1,1130.635719000899
P001797,C048,1,1680.061421345913
P001797,C049,1,1680.061421345913
P001798,C022,1,1444.5199757789212
P001798,C048,1,923.9542734339072
P001798,C049,1,923.9542734339072
P001799,C022,1,1160.635719000899
P001799,C026,1,1160.635719000899
P001799,C048,1,1680.061421345913
P001800,C022,1,1444.5199757789212
P001800,C026,1,1444.5199757789212
P001800,C048,1,893.9542734339071
P001801,C022,1,1160.635719000899
P001801,C025,1,1160.635719000899
P001801,C048,1,1680.061421345913
P001802,C022,1,1444.5199757789212
P001802,C025,1,1444.5199757789212
P001802,C048,1,893.9542734339071
P001803,C022,1,1160.635719000899
P001803,C024,1,1160.635719000899
P001803,C048,1,1680.061421345913
P001804,C022,1,1444.5199757789212
P001804,C024,1,1444.5199757789212
P001804,C048,1,893.9542734339071
P001805,C022,1,1160.635719000899
P001805,C023,1,1160.635719000899
P001805,C048,1,1680.061421345913
P001806,C022,1,1444.5199757789212
P001806,C023,1,1444.5199757789212
P001806,C048,1,893.9542734339071
P001807,C026,1,1100.635719000899
P001807,C051,1,1838.118116694456
P001808,C025,1,1100.635719000899
P001808,C051,1,1838.118116694456
P001809,C024,1,1100.635719000899
P001809,C051,1,1838.118116694456
P001810,C024,1,2048.2730724444423
P001810,C051,1,1305.137341417552
P001811,C023,1,1100.635719000899
P001811,C052,1,1838.118116694456
P001812,C023,1,1100.635719000899
P001812,C051,1,1838.118116694456
P001813,C023,1,2048.2730724444423
P001813,C051,1,1305.137341417552
P001814,C022,1,1100.635719000899
P001814,C052,1,1838.118116694456
P001815,C022,1,2048.2730724444423
P001815,C052,1,1305.137341417552
P001818,C022,1,1130.635719000899
P001818,C051,1,1898.118116694456
P001818,C052,1,1898.118116694456
P001819,C022,1,2108.2730724444423
P001819,C051,1,1365.137341417552
P001819,C052,1,1365.137341417552
P001820,C022,1,1160.635719000899
P001820,C024,1,1160.635719000899
P001820,C051,1,1898.118116694456
P001821,C022,1,2108.2730724444423
P001821,C024,1,2108.2730724444423
P001821,C051,1,1335.137341417552
P001827,C025,1,1100.635719000899
P001827,C055,1,1784.0822564224927
P001833,C023,1,1100.635719000899
P001833,C056,1,1784.0822564224927
P001834,C023,1,1747.4382333739195
P001834,C056,1,1053.545029285659
P001835,C023,1,1100.635719000899
P001835,C055,1,1784.0822564224927
P001836,C023,1,1747.4382333739195
P001836,C055,1,1053.545029285659
P001840,C022,1,1747.4382333739195
P001840,C056,1,1053.545029285659
P001841,C022,1,1100.635719000899
P001841,C055,1,1784.0822564224927
P001853,C022,1,1160.635719000899
P001853,C024,1,1160.635719000899
P001853,C054,1,1844.0822564224927
P001854,C022,1,1807.4382333739195
P001854,C024,1,1807.4382333739195
P001854,C054,1,1083.545029285659
P001860,C026,1,1938.4969830852824
P001860,C060,1,1228.54492348841
P001861,C025,1,1100.635719000899
P001861,C061,1,1791.954445264438
P001867,C023,1,1100.635719000899
P001867,C062,1,1791.954445264438
P001868,C023,1,1938.4969830852824
P001868,C062,1,1228.54492348841
P001869,C023,1,1100.635719000899
P001869,C061,1,1791.954445264438
P001870,C023,1,1938.4969830852824
P001870,C061,1,1228.54492348841
P001875,C022,1,1100.635719000899
P001875,C061,1,1791.954445264438
P001887,C022,1,1160.635719000899
P001887,C024,1,1160.635719000899
P001887,C060,1,1851.954445264438
P001888,C022,1,1998.4969830852824
P001888,C024,1,1998.4969830852824
P001888,C060,1,1258.54492348841
P001891,C031,1,905.070825063312
P001891,C033,1,1483.3766228549011
P001895,C030,1,905.070825063312
P001895,C033,1,1483.3766228549011
P001899,C029,1,905.070825063312
P001899,C032,1,1483.3766228549011
P001901,C028,1,905.070825063312
P001901,C036,1,1483.3766228549011
P001903,C028,1,905.070825063312
P001903,C035,1,1483.3766228549011
P001904,C028,1,1691.851262461258
P001904,C035,1,1111.2987980030025
P001905,C028,1,905.070825063312
P001905,C033,1,1483.3766228549011
P001906,C028,1,1691.851262461258
P001906,C033,1,1111.2987980030025
P001910,C027,1,1691.851262461258
P001910,C036,1,1111.2987980030025
P001912,C027,1,1691.851262461258
P001912,C035,1,1111.2987980030025
P001913,C027,1,905.070825063312
P001913,C034,1,1483.3766228549011
P001914,C027,1,1691.851262461258
P001914,C034,1,1111.2987980030025
P001919,C027,1,935.070825063312
P001919,C032,1,1543.3766228549011
P001919,C036,1,1543.3766228549011
P001920,C027,1,1751.851262461258
P001920,C032,1,1171.2987980030025
P001920,C036,1,1171.2987980030025
P001921,C027,1,935.070825063312
P001921,C032,1,1543.3766228549011
P001921,C035,1,1543.3766228549011
P001922,C027,1,1751.851262461258
P001922,C032,1,1171.2987980030025
P001922,C035,1,1171.2987980030025
P001923,C027,1,935.070825063312
P001923,C032,1,1543.3766228549011
P001923,C034,1,1543.3766228549011
P001924,C027,1,1751.851262461258
P001924,C032,1,1171.2987980030025
P001924,C034,1,1171.2987980030025
P001925,C027,1,935.070825063312
P001925,C032,1,1543.3766228549011
P001925,C033,1,1543.3766228549011
P001926,C027,1,1751.851262461258
P001926,C032,1,1171.2987980030025
P001926,C033,1,1171.2987980030025
P001927,C027,1,965.070825063312
P001927,C031,1,965.070825063312
P001927,C032,1,1543.3766228549011
P001928,C027,1,1751.851262461258
P001928,C031,1,1751.851262461258
P001928,C032,1,1141.2987980030025
P001929,C027,1,965.070825063312
P001929,C030,1,965.070825063312
P001929,C032,1,1543.3766228549011
P001930,C027,1,1751.851262461258
P001930,C030,1,1751.851262461258
P001930,C032,1,1141.2987980030025
P001931,C027,1,965.070825063312
P001931,C029,1,965.070825063312
P001931,C032,1,1543.3766228549011
P001932,C027,1,1751.851262461258
P001932,C029,1,1751.851262461258
P001932,C032,1,1141.2987980030025
P001933,C027,1,965.070825063312
P001933,C028,1,965.070825063312
P001933,C032,1,1543.3766228549011
P001934,C027,1,1751.851262461258
P001934,C028,1,1751.851262461258
P001934,C032,1,1141.2987980030025
P001935,C031,1,905.070825063312
P001935,C043,1,1814.6905344693464
P001936,C031,1,2001.323619192176
P001936,C043,1,1097.3572431194746
P001937,C031,1,905.070825063312
P001937,C042,1,1814.6905344693464
P001938,C031,1,2001.323619192176
P001938,C042,1,1097.3572431194746
P001939,C030,1,905.070825063312
P001939,C043,1,1814.6905344693464
P001940,C030,1,2001.323619192176
P001940,C043,1,1097.3572431194746
P001942,C030,1,2001.323619192176
P001942,C042,1,1097.3572431194746
P001943,C029,1,905.070825063312
P001943,C042,1,1814.6905344693464
P001944,C029,1,2001.323619192176
P001944,C042,1,1097.3572431194746
P001945,C028,1,905.070825063312
P001945,C044,1,1814.6905344693464
P001946,C028,1,2001.323619192176
P001946,C044,1,1097.3572431194746
P001947,C028,1,905.070825063312
P001947,C043,1,1814.6905344693464
P001948,C028,1,2001.323619192176
P001948,C043,1,1097.3572431194746
P001950,C028,1,2001.323619192176
P001950,C042,1,1097.3572431194746
P001951,C027,1,905.070825063312
P001951,C044,1,1814.6905344693464
P001952,C027,1,2001.323619192176
P001952,C044,1,1097.3572431194746
P001953,C027,1,905.070825063312
P001953,C043,1,1814.6905344693464
P001954,C027,1,2001.323619192176
P001954,C043,1,1097.3572431194746
P001956,C027,1,2001.323619192176
P001956,C042,1,1097.3572431194746
P001962,C027,1,2061.323619192176
P001962,C031,1,2061.323619192176
P001962,C042,1,1127.3572431194746
P001964,C027,1,2061.323619192176
P001964,C030,1,2061.323619192176
P001964,C042,1,1127.3572431194746
P001966,C027,1,2061.323619192176
P001966,C029,1,2061.323619192176
P001966,C042,1,1127.3572431194746
P001969,C031,1,905.070825063312
P001969,C046,1,1816.3263149333648
P001970,C031,1,1988.1717244566903
P001970,C046,1,1074.4629012533037
P001972,C031,1,1988.1717244566903
P001972,C045,1,1074.4629012533037
P001973,C030,1,905.070825063312
P001973,C046,1,1816.3263149333648
P001974,C030,1,1988.1717244566903
P001974,C046,1,1074.4629012533037
P001976,C030,1,1988.1717244566903
P001976,C045,1,1074.4629012533037
P001978,C029,1,1988.1717244566903
P001978,C045,1,1074.4629012533037
P001979,C028,1,905.070825063312
P001979,C047,1,1816.3263149333648
P001980,C028,1,1988.1717244566903
P001980,C047,1,1074.4629012533037
P001981,C028,1,905.070825063312
P001981,C046,1,1816.3263149333648
P001982,C028,1,1988.1717244566903
P001982,C046,1,1074.4629012533037
P001984,C028,1,1988.1717244566903
P001984,C045,1,1074.4629012533037
P001985,C027,1,905.070825063312
P001985,C047,1,1816.3263149333648
P001986,C027,1,1988.1717244566903
P001986,C047,1,1074.4629012533037
P001987,C027,1,905.070825063312
P001987,C046,1,1816.3263149333648
P001988,C027,1,1988.1717244566903
P001988,C046,1,1074.4629012533037
P001990,C027,1,1988.1717244566903
P001990,C045,1,1074.4629012533037
P001996,C027,1,2048.1717244566903
P001996,C031,1,2048.1717244566903
P001996,C045,1,1104.4629012533037
P001998,C027,1,2048.1717244566903
P001998,C030,1,2048.1717244566903
P001998,C045,1,1104.4629012533037
P002000,C027,1,2048.1717244566903
P002000,C029,1,2048.1717244566903
P002000,C045,1,1104.4629012533037
P002003,C031,1,905.070825063312
P002003,C049,1,1473.6562436532108
P002004,C031,1,1425.6930253571393
P002004,C049,1,863.9542734339071
P002005,C031,1,905.070825063312
P002005,C048,1,1473.6562436532108
P002006,C031,1,1425.6930253571393
P002006,C048,1,863.9542734339071
P002007,C030,1,905.070825063312
P002007,C049,1,1473.6562436532108
P002008,C030,1,1425.6930253571393
P002008,C049,1,863.9542734339071
P002009,C030,1,905.070825063312
P002009,C048,1,1473.6562436532108
P002010,C030,1,1425.6930253571393
P002010,C048,1,863.9542734339071
P002011,C029,1,905.070825063312
P002011,C048,1,1473.6562436532108
P002012,C029,1,1425.6930253571393
P002012,C048,1,863.9542734339071
P002013,C028,1,905.070825063312
P002013,C050,1,1473.6562436532108
P002014,C028,1,1425.6930253571393
P002014,C050,1,863.9542734339071
P002015,C028,1,905.070825063312
P002015,C049,1,1473.6562436532108
P002016,C028,1,1425.6930253571393
P002016,C049,1,863.9542734339071
P002017,C028,1,905.070825063312
P002017,C048,1,1473.6562436532108
P002018,C028,1,1425.6930253571393
P002018,C048,1,863.9542734339071
P002019,C027,1,905.070825063312
P002019,C050,1,1473.6562436532108
P002020,C027,1,1425.6930253571393
P002020,C050,1,863.9542734339071
P002021,C027,1,905.070825063312
P002021,C049,1,1473.6562436532108
P002022,C027,1,1425.6930253571393
P002022,C049,1,863.9542734339071
P002023,C027,1,905.070825063312
P002023,C048,1,1473.6562436532108
P002024,C027,1,1425.6930253571393
P002024,C048,1,863.9542734339071
P002025,C027,1,935.070825063312
P002025,C048,1,1533.6562436532108
P002025,C050,1,1533.6562436532108
P002026,C027,1,1485.6930253571393
P002026,C048,1,923.9542734339072
P002026,C050,1,923.9542734339072
P002027,C027,1,935.070825063312
P002027,C048,1,1533.6562436532108
P002027,C049,1,1533.6562436532108
P002028,C027,1,1485.6930253571393
P002028,C048,1,923.9542734339072
P002028,C049,1,923.9542734339072
P002029,C027,1,965.070825063312
P002029,C031,1,965.070825063312
P002029,C048,1,1533.6562436532108
P002030,C027,1,1485.6930253571393
P002030,C031,1,1485.6930253571393
P002030,C048,1,893.9542734339071
P002031,C027,1,965.070825063312
P002031,C030,1,965.070825063312
P002031,C048,1,1533.6562436532108
P002032,C027,1,1485.6930253571393
P002032,C030,1,1485.6930253571393
P002032,C048,1,893.9542734339071
P002033,C027,1,965.070825063312
P002033,C029,1,965.070825063312
P002033,C048,1,1533.6562436532108
P002034,C027,1,1485.6930253571393
P002034,C029,1,1485.6930253571393
P002034,C048,1,893.9542734339071
P002035,C027,1,965.070825063312
P002035,C028,1,965.070825063312
P002035,C048,1,1533.6562436532108
P002036,C027,1,1485.6930253571393
P002036,C028,1,1485.6930253571393
P002036,C048,1,893.9542734339071
P002037,C031,1,905.070825063312
P002037,C055,1,1776.4263788541966
P002038,C031,1,1927.3605830765437
P002038,C055,1,1053.545029285659
P002039,C031,1,905.070825063312
P002039,C054,1,1776.4263788541966
P002041,C030,1,905.070825063312
P002041,C055,1,1776.4263788541966
P002042,C030,1,1927.3605830765437
P002042,C055,1,1053.545029285659
P002043,C030,1,905.070825063312
P002043,C054,1,1776.4263788541966
P002045,C029,1,905.070825063312
P002045,C054,1,1776.4263788541966
P002047,C028,1,905.070825063312
P002047,C056,1,1776.4263788541966
P002048,C028,1,1927.3605830765437
P002048,C056,1,1053.545029285659
P002049,C028,1,905.070825063312
P002049,C055,1,1776.4263788541966
P002050,C028,1,1927.3605830765437
P002050,C055,1,1053.545029285659
P002051,C028,1,905.070825063312
P002051,C054,1,1776.4263788541966
P002053,C027,1,905.070825063312
P002053,C056,1,1776.4263788541966
P002054,C027,1,1927.3605830765437
P002054,C056,1,1053.545029285659
P002055,C027,1,905.070825063312
P002055,C055,1,1776.4263788541966
P002056,C027,1,1927.3605830765437
P002056,C055,1,1053.545029285659
P002057,C027,1,905.070825063312
P002057,C054,1,1776.4263788541966
P002063,C027,1,965.070825063312
P002063,C031,1,965.070825063312
P002063,C054,1,1836.4263788541969
P002065,C027,1,965.070825063312
P002065,C030,1,965.070825063312
P002065,C054,1,1836.4263788541969
P002067,C027,1,965.070825063312
P002067,C029,1,965.070825063312
P002067,C054,1,1836.4263788541969
P002071,C031,1,905.070825063312
P002071,C058,1,1999.8585924064068
P002072,C031,1,905.070825063312
P002072,C057,1,1999.8585924064068
P002073,C030,1,905.070825063312
P002073,C058,1,1999.8585924064068
P002074,C030,1,905.070825063312
P002074,C057,1,1999.8585924064068
P002075,C029,1,905.070825063312
P002075,C057,1,1999.8585924064068
P002076,C029,1,2339.238320028215
P002076,C057,1,1242.0372193517871
P002077,C028,1,905.070825063312
P002077,C059,1,1999.8585924064068
P002078,C028,1,2339.238320028215
P002078,C059,1,1242.0372193517871
P002079,C028,1,905.070825063312
P002079,C058,1,1999.8585924064068
P002080,C028,1,2339.238320028215
P002080,C058,1,1242.0372193517871
P002081,C028,1,905.070825063312
P002081,C057,1,1999.8585924064068
P002082,C028,1,2339.238320028215
P002082,C057,1,1242.0372193517871
P002083,C027,1,905.070825063312
P002083,C059,1,1999.8585924064068
P002084,C027,1,2339.238320028215
P002084,C059,1,1242.0372193517871
P002085,C027,1,905.070825063312
P002085,C058,1,1999.8585924064068
P002086,C027,1,2339.238320028215
P002086,C058,1,1242.0372193517871
P002087,C027,1,905.070825063312
P002087,C057,1,1999.8585924064068
P002089,C027,1,2399.238320028215
P002089,C057,1,1302.0372193517871
P002089,C059,1,1302.0372193517871
P002090,C027,1,935.070825063312
P002090,C057,1,2059.858592406407
P002090,C058,1,2059.858592406407
P002091,C027,1,2399.238320028215
P002091,C057,1,1302.0372193517871
P002091,C058,1,1302.0372193517871
P002092,C027,1,965.070825063312
P002092,C031,1,965.070825063312
P002092,C057,1,2059.858592406407
P002093,C027,1,965.070825063312
P002093,C030,1,965.070825063312
P002093,C057,1,2059.858592406407
P002094,C027,1,965.070825063312
P002094,C029,1,965.070825063312
P002094,C057,1,2059.858592406407
P002095,C027,1,2399.238320028215
P002095,C029,1,2399.238320028215
P002095,C057,1,1272.0372193517871
P002101,C031,1,1993.9505796669112
P002101,C060,1,1228.54492348841
P002107,C029,1,1993.9505796669112
P002107,C060,1,1228.54492348841
P002108,C028,1,905.070825063312
P002108,C062,1,1659.8298145751469
P002109,C028,1,1993.9505796669112
P002109,C062,1,1228.54492348841
P002110,C028,1,905.070825063312
P002110,C061,1,1659.8298145751469
P002111,C028,1,1993.9505796669112
P002111,C061,1,1228.54492348841
P002120,C027,1,935.070825063312
P002120,C060,1,1719.8298145751469
P002120,C062,1,1719.8298145751469
P002121,C027,1,2053.950579666911
P002121,C060,1,1288.54492348841
P002121,C062,1,1288.54492348841
P002122,C027,1,935.070825063312
P002122,C060,1,1719.8298145751469
P002122,C061,1,1719.8298145751469
P002123,C027,1,2053.950579666911
P002123,C060,1,1288.54492348841
P002123,C061,1,1288.54492348841
P002135,C036,1,1111.2987980030025
P002135,C042,1,2001.87363697116
P002136,C036,1,1980.032082087632
P002136,C042,1,1097.3572431194746
P002137,C035,1,1111.2987980030025
P002137,C043,1,2001.87363697116
P002141,C034,1,1111.2987980030025
P002141,C042,1,2001.87363697116
P002142,C034,1,1980.032082087632
P002142,C042,1,1097.3572431194746
P002144,C033,1,1980.032082087632
P002144,C044,1,1097.3572431194746
P002148,C033,1,1980.032082087632
P002148,C042,1,1097.3572431194746
P002171,C033,1,1111.2987980030025
P002171,C046,1,2070.4849405062973
P002189,C036,1,1111.2987980030025
P002189,C049,1,1648.1508694018237
P002190,C036,1,1391.713011499395
P002190,C049,1,863.9542734339071
P002191,C036,1,1111.2987980030025
P002191,C048,1,1648.1508694018237
P002192,C036,1,1391.713011499395
P002192,C048,1,863.9542734339071
P002193,C035,1,1111.2987980030025
P002193,C049,1,1648.1508694018237
P002194,C035,1,1391.713011499395
P002194,C049,1,863.9542734339071
P002195,C035,1,1111.2987980030025
P002195,C048,1,1648.1508694018237
P002196,C035,1,1391.713011499395
P002196,C048,1,863.9542734339071
P002197,C034,1,1111.2987980030025
P002197,C048,1,1648.1508694018237
P002198,C034,1,1391.713011499395
P002198,C048,1,863.9542734339071
P002199,C033,1,1111.2987980030025
P002199,C050,1,1648.1508694018237
P002200,C033,1,1391.713011499395
P002200,C050,1,863.9542734339071
P002201,C033,1,1111.2987980030025
P002201,C049,1,1648.1508694018237
P002202,C033,1,1391.713011499395
P002202,C049,1,863.9542734339071
P002203,C033,1,1111.2987980030025
P002203,C048,1,1648.1508694018237
P002204,C033,1,1391.713011499395
P002204,C048,1,863.9542734339071
P002205,C032,1,1111.2987980030025
P002205,C050,1,1648.1508694018237
P002206,C032,1,1391.713011499395
P002206,C050,1,863.9542734339071
P002207,C032,1,1111.2987980030025
P002207,C049,1,1648.1508694018237
P002208,C032,1,1391.713011499395
P002208,C049,1,863.9542734339071
P002209,C032,1,1111.2987980030025
P002209,C048,1,1648.1508694018237
P002210,C032,1,1391.713011499395
P002210,C048,1,863.9542734339071
P002211,C032,1,1141.2987980030025
P002211,C048,1,1708.1508694018237
P002211,C050,1,1708.1508694018237
P002212,C032,1,1451.713011499395
P002212,C048,1,923.9542734339072
P002212,C050,1,923.9542734339072
P002213,C032,1,1141.2987980030025
P002213,C048,1,1708.1508694018237
P002213,C049,1,1708.1508694018237
P002214,C032,1,1451.713011499395
P002214,C048,1,923.9542734339072
P002214,C049,1,923.9542734339072
P002215,C032,1,1171.2987980030025
P002215,C036,1,1171.2987980030025
P002215,C048,1,1708.1508694018237
P002216,C032,1,1451.713011499395
P002216,C036,1,1451.713011499395
P002216,C048,1,893.9542734339071
P002217,C032,1,1171.2987980030025
P002217,C035,1,1171.2987980030025
P002217,C048,1,1708.1508694018237
P002218,C032,1,1451.713011499395
P002218,C035,1,1451.713011499395
P002218,C048,1,893.9542734339071
P002219,C032,1,1171.2987980030025
P002219,C034,1,1171.2987980030025
P002219,C048,1,1708.1508694018237
P002220,C032,1,1451.713011499395
P002220,C034,1,1451.713011499395
P002220,C048,1,893.9542734339071
P002221,C032,1,1171.2987980030025
P002221,C033,1,1171.2987980030025
P002221,C048,1,1708.1508694018237
P002222,C032,1,1451.713011499395
P002222,C033,1,1451.713011499395
P002222,C048,1,893.9542734339071
P002231,C033,1,1964.2627007873143
P002231,C056,1,1053.545029285659
P002251,C036,1,1111.2987980030025
P002251,C061,1,1539.8371295870932
P002252,C036,1,1665.4832550725007
P002252,C061,1,1228.54492348841
P002253,C036,1,1111.2987980030025
P002253,C060,1,1539.8371295870932
P002254,C036,1,1665.4832550725007
P002254,C060,1,1228.54492348841
P002255,C035,1,1111.2987980030025
P002255,C061,1,1539.8371295870932
P002256,C035,1,1665.4832550725007
P002256,C061,1,1228.54492348841
P002257,C035,1,1111.2987980030025
P002257,C060,1,1539.8371295870932
P002258,C035,1,1665.4832550725007
P002258,C060,1,1228.54492348841
P002259,C034,1,1111.2987980030025
P002259,C060,1,1539.8371295870932
P002260,C034,1,1665.4832550725007
P002260,C060,1,1228.54492348841
P002261,C033,1,1111.2987980030025
P002261,C062,1,1539.8371295870932
P002262,C033,1,1665.4832550725007
P002262,C062,1,1228.54492348841
P002263,C033,1,1111.2987980030025
P002263,C061,1,1539.8371295870932
P002267,C032,1,1111.2987980030025
P002267,C062,1,1539.8371295870932
P002268,C032,1,1665.4832550725007
P002268,C062,1,1228.54492348841
P002273,C032,1,1141.2987980030025
P002273,C060,1,1599.8371295870932
P002273,C062,1,1599.8371295870932
P002274,C032,1,1725.4832550725007
P002274,C060,1,1288.54492348841
P002274,C062,1,1288.54492348841
P002275,C032,1,1141.2987980030025
P002275,C060,1,1599.8371295870932
P002275,C061,1,1599.8371295870932
P002276,C032,1,1725.4832550725007
P002276,C060,1,1288.54492348841
P002276,C061,1,1288.54492348841
P002277,C032,1,1171.2987980030025
P002277,C036,1,1171.2987980030025
P002277,C060,1,1599.8371295870932
P002279,C032,1,1171.2987980030025
P002279,C035,1,1171.2987980030025
P002279,C060,1,1599.8371295870932
P002281,C032,1,1171.2987980030025
P002281,C034,1,1171.2987980030025
P002281,C060,1,1599.8371295870932
P002283,C032,1,1171.2987980030025
P002283,C033,1,1171.2987980030025
P002283,C060,1,1599.8371295870932
P002285,C039,1,1338.3286756404718
P002285,C042,1,2039.2049080728168
P002286,C039,1,1795.5068088851526
P002286,C042,1,1097.3572431194746
P002290,C041,1,1338.3286756404718
P002290,C049,1,2091.6791456062024
P002291,C041,1,1613.3847433996375
P002291,C049,1,863.9542734339071
P002292,C041,1,1338.3286756404718
P002292,C048,1,2091.6791456062024
P002293,C041,1,1613.3847433996375
P002293,C048,1,863.9542734339071
P002294,C040,1,1338.3286756404718
P002294,C049,1,2091.6791456062024
P002295,C040,1,1613.3847433996375
P002295,C049,1,863.9542734339071
P002296,C040,1,1338.3286756404718
P002296,C048,1,2091.6791456062024
P002297,C040,1,1613.3847433996375
P002297,C048,1,863.9542734339071
P002298,C039,1,1338.3286756404718
P002298,C048,1,2091.6791456062024
P002299,C039,1,1613.3847433996375
P002299,C048,1,863.9542734339071
P002300,C038,1,1338.3286756404718
P002300,C050,1,2091.6791456062024
P002301,C038,1,1613.3847433996375
P002301,C050,1,863.9542734339071
P002302,C038,1,1338.3286756404718
P002302,C049,1,2091.6791456062024
P002303,C038,1,1613.3847433996375
P002303,C049,1,863.9542734339071
P002304,C038,1,1338.3286756404718
P002304,C048,1,2091.6791456062024
P002305,C038,1,1613.3847433996375
P002305,C048,1,863.9542734339071
P002306,C037,1,1338.3286756404718
P002306,C050,1,2091.6791456062024
P002307,C037,1,1613.3847433996375
P002307,C050,1,863.9542734339071
P002308,C037,1,1338.3286756404718
P002308,C049,1,2091.6791456062024
P002309,C037,1,1613.3847433996375
P002309,C049,1,863.9542734339071
P002310,C037,1,1338.3286756404718
P002310,C048,1,2091.6791456062024
P002311,C037,1,1613.3847433996375
P002311,C048,1,863.9542734339071
P002312,C037,1,1368.3286756404718
P002312,C048,1,2151.6791456062024
P002312,C050,1,2151.6791456062024
P002313,C037,1,1673.3847433996375
P002313,C048,1,923.9542734339072
P002313,C050,1,923.9542734339072
P002314,C037,1,1368.3286756404718
P002314,C048,1,2151.6791456062024
P002314,C049,1,2151.6791456062024
P002315,C037,1,1673.3847433996375
P002315,C048,1,923.9542734339072
P002315,C049,1,923.9542734339072
P002316,C037,1,1398.3286756404718
P002316,C041,1,1398.3286756404718
P002316,C048,1,2151.6791456062024
P002317,C037,1,1673.3847433996375
P002317,C041,1,1673.3847433996375
P002317,C048,1,893.9542734339071
P002318,C037,1,1398.3286756404718
P002318,C040,1,1398.3286756404718
P002318,C048,1,2151.6791456062024
P002319,C037,1,1673.3847433996375
P002319,C040,1,1673.3847433996375
P002319,C048,1,893.9542734339071
P002320,C037,1,1398.3286756404718
P002320,C039,1,1398.3286756404718
P002320,C048,1,2151.6791456062024
P002321,C037,1,1673.3847433996375
P002321,C039,1,1673.3847433996375
P002321,C048,1,893.9542734339071
P002322,C037,1,1398.3286756404718
P002322,C038,1,1398.3286756404718
P002322,C048,1,2151.6791456062024
P002323,C037,1,1673.3847433996375
P002323,C038,1,1673.3847433996375
P002323,C048,1,893.9542734339071
P002325,C039,1,1991.228625092953
P002325,C060,1,1228.54492348841
P002335,C044,1,1097.3572431194746
P002335,C046,1,1795.5879318452594
P002336,C044,1,1780.800256645755
P002336,C046,1,1074.4629012533037
P002339,C043,1,1097.3572431194746
P002339,C047,1,1795.5879318452594
P002340,C043,1,1780.800256645755
P002340,C047,1,1074.4629012533037
P002346,C042,1,1780.800256645755
P002346,C047,1,1074.4629012533037
P002347,C042,1,1097.3572431194746
P002347,C046,1,1795.5879318452594
P002348,C042,1,1780.800256645755
P002348,C046,1,1074.4629012533037
P002359,C044,1,1097.3572431194746
P002359,C049,1,1707.9166511449923
P002364,C043,1,1473.3203481260916
P002364,C050,1,863.9542734339071
P002368,C043,1,1473.3203481260916
P002368,C048,1,863.9542734339071
P002371,C042,1,1097.3572431194746
P002371,C049,1,1707.9166511449923
P002379,C042,1,1157.3572431194746
P002379,C044,1,1157.3572431194746
P002379,C048,1,1767.9166511449923
P002380,C042,1,1533.3203481260916
P002380,C044,1,1533.3203481260916
P002380,C048,1,893.9542734339071
P002381,C042,1,1157.3572431194746
P002381,C043,1,1157.3572431194746
P002381,C048,1,1767.9166511449923
P002382,C042,1,1533.3203481260916
P002382,C043,1,1533.3203481260916
P002382,C048,1,893.9542734339071
P002383,C044,1,1097.3572431194746
P002383,C052,1,1600.7672303246347
P002384,C044,1,1811.867328622712
P002384,C052,1,1305.137341417552
P002387,C043,1,1097.3572431194746
P002387,C053,1,1600.7672303246347
P002388,C043,1,1811.867328622712
P002388,C053,1,1305.137341417552
P002389,C043,1,1097.3572431194746
P002389,C052,1,1600.7672303246347
P002390,C043,1,1811.867328622712
P002390,C052,1,1305.137341417552
P002393,C042,1,1097.3572431194746
P002393,C053,1,1600.7672303246347
P002394,C042,1,1811.867328622712
P002394,C053,1,1305.137341417552
P002395,C042,1,1097.3572431194746
P002395,C052,1,1600.7672303246347
P002396,C042,1,1811.867328622712
P002396,C052,1,1305.137341417552
P002399,C042,1,1127.3572431194746
P002399,C051,1,1660.7672303246347
P002399,C053,1,1660.7672303246347
P002400,C042,1,1871.867328622712
P002400,C051,1,1365.137341417552
P002400,C053,1,1365.137341417552
P002407,C044,1,1097.3572431194746
P002407,C055,1,1601.252240700091
P002408,C044,1,1565.553360199609
P002408,C055,1,1053.545029285659
P002412,C043,1,1565.553360199609
P002412,C056,1,1053.545029285659
P002419,C042,1,1097.3572431194746
P002419,C055,1,1601.252240700091
P002420,C042,1,1565.553360199609
P002420,C055,1,1053.545029285659
P002432,C043,1,1097.3572431194746
P002432,C058,1,1993.402101348244
P002433,C043,1,2146.148744247223
P002433,C058,1,1242.0372193517871
P002435,C043,1,2146.148744247223
P002435,C057,1,1242.0372193517871
P002437,C042,1,2146.148744247223
P002437,C059,1,1242.0372193517871
P002438,C042,1,1097.3572431194746
P002438,C058,1,1993.402101348244
P002439,C042,1,2146.148744247223
P002439,C058,1,1242.0372193517871
P002441,C042,1,2146.148744247223
P002441,C057,1,1242.0372193517871
P002442,C042,1,2206.148744247223
P002442,C057,1,1302.0372193517871
P002442,C059,1,1302.0372193517871
P002452,C042,1,1097.3572431194746
P002452,C061,1,1967.324453053934
P002458,C047,1,1074.4629012533037
P002458,C049,1,1861.742031285631
P002459,C047,1,1641.933403466234
P002459,C049,1,863.9542734339071
P002461,C047,1,1641.933403466234
P002461,C048,1,863.9542734339071
P002463,C046,1,1641.933403466234
P002463,C050,1,863.9542734339071
P002467,C046,1,1641.933403466234
P002467,C048,1,863.9542734339071
P002482,C047,1,1074.4629012533037
P002482,C052,1,1702.8747654887195
P002486,C046,1,1074.4629012533037
P002486,C053,1,1702.8747654887195
P002487,C046,1,1928.762538986301
P002487,C053,1,1305.137341417552
P002488,C046,1,1074.4629012533037
P002488,C052,1,1702.8747654887195
P002506,C047,1,1074.4629012533037
P002506,C055,1,1481.5138253495998
P002507,C047,1,1460.6026200486217
P002507,C055,1,1053.545029285659
P002508,C047,1,1074.4629012533037
P002508,C054,1,1481.5138253495998
P002509,C047,1,1460.6026200486217
P002509,C054,1,1053.545029285659
P002510,C046,1,1074.4629012533037
P002510,C056,1,1481.5138253495998
P002511,C046,1,1460.6026200486217
P002511,C056,1,1053.545029285659
P002512,C046,1,1074.4629012533037
P002512,C055,1,1481.5138253495998
P002513,C046,1,1460.6026200486217
P002513,C055,1,1053.545029285659
P002514,C046,1,1074.4629012533037
P002514,C054,1,1481.5138253495998
P002515,C046,1,1460.6026200486217
P002515,C054,1,1053.545029285659
P002516,C045,1,1074.4629012533037
P002516,C056,1,1481.5138253495998
P002517,C045,1,1460.6026200486217
P002517,C056,1,1053.545029285659
P002518,C045,1,1074.4629012533037
P002518,C055,1,1481.5138253495998
P002519,C045,1,1460.6026200486217
P002519,C055,1,1053.545029285659
P002520,C045,1,1074.4629012533037
P002520,C054,1,1481.5138253495998
P002521,C045,1,1460.6026200486217
P002521,C054,1,1053.545029285659
P002522,C045,1,1104.4629012533037
P002522,C054,1,1541.5138253495998
P002522,C056,1,1541.5138253495998
P002523,C045,1,1520.6026200486217
P002523,C054,1,1113.545029285659
P002523,C056,1,1113.545029285659
P002524,C045,1,1104.4629012533037
P002524,C054,1,1541.5138253495998
P002524,C055,1,1541.5138253495998
P002525,C045,1,1520.6026200486217
P002525,C054,1,1113.545029285659
P002525,C055,1,1113.545029285659
P002526,C045,1,1134.4629012533037
P002526,C047,1,1134.4629012533037
P002526,C054,1,1541.5138253495998
P002527,C045,1,1520.6026200486217
P002527,C047,1,1520.6026200486217
P002527,C054,1,1083.545029285659
P002528,C045,1,1134.4629012533037
P002528,C046,1,1134.4629012533037
P002528,C054,1,1541.5138253495998
P002529,C045,1,1520.6026200486217
P002529,C046,1,1520.6026200486217
P002529,C054,1,1083.545029285659
P002530,C047,1,1074.4629012533037
P002530,C058,1,1537.6068811418054
P002531,C047,1,1705.1411992402889
P002531,C058,1,1242.0372193517871
P002532,C047,1,1074.4629012533037
P002532,C057,1,1537.6068811418054
P002533,C047,1,1705.1411992402889
P002533,C057,1,1242.0372193517871
P002534,C046,1,1074.4629012533037
P002534,C059,1,1537.6068811418054
P002535,C046,1,1705.1411992402889
P002535,C059,1,1242.0372193517871
P002536,C046,1,1074.4629012533037
P002536,C058,1,1537.6068811418054
P002537,C046,1,1705.1411992402889
P002537,C058,1,1242.0372193517871
P002538,C046,1,1074.4629012533037
P002538,C057,1,1537.6068811418054
P002539,C046,1,1705.1411992402889
P002539,C057,1,1242.0372193517871
P002540,C045,1,1074.4629012533037
P002540,C059,1,1537.6068811418054
P002541,C045,1,1705.1411992402889
P002541,C059,1,1242.0372193517871
P002542,C045,1,1074.4629012533037
P002542,C058,1,1537.6068811418054
P002543,C045,1,1705.1411992402889
P002543,C058,1,1242.0372193517871
P002544,C045,1,1074.4629012533037
P002544,C057,1,1537.6068811418054
P002545,C045,1,1705.1411992402889
P002545,C057,1,1242.0372193517871
P002546,C045,1,1104.4629012533037
P002546,C057,1,1597.6068811418054
P002546,C059,1,1597.6068811418054
P002547,C045,1,1765.1411992402889
P002547,C057,1,1302.0372193517871
P002547,C059,1,1302.0372193517871
P002548,C045,1,1104.4629012533037
P002548,C057,1,1597.6068811418054
P002548,C058,1,1597.6068811418054
P002549,C045,1,1765.1411992402889
P002549,C057,1,1302.0372193517871
P002549,C058,1,1302.0372193517871
P002550,C045,1,1134.4629012533037
P002550,C047,1,1134.4629012533037
P002550,C057,1,1597.6068811418054
P002551,C045,1,1765.1411992402889
P002551,C047,1,1765.1411992402889
P002551,C057,1,1272.0372193517871
P002552,C045,1,1134.4629012533037
P002552,C046,1,1134.4629012533037
P002552,C057,1,1597.6068811418054
P002553,C045,1,1765.1411992402889
P002553,C046,1,1765.1411992402889
P002553,C057,1,1272.0372193517871
P002554,C050,1,863.9542734339071
P002554,C052,1,1744.4477222980456
P002557,C049,1,863.9542734339071
P002557,C053,1,1744.4477222980456
P002558,C049,1,2190.1441236150235
P002558,C053,1,1305.137341417552
P002564,C048,1,2190.1441236150235
P002564,C053,1,1305.137341417552
P002565,C048,1,863.9542734339071
P002565,C052,1,1744.4477222980456
P002576,C050,1,863.9542734339071
P002576,C055,1,1545.4286329711467
P002580,C049,1,863.9542734339071
P002580,C056,1,1545.4286329711467
P002581,C049,1,1744.3260554895653
P002581,C056,1,1053.545029285659
P002586,C048,1,863.9542734339071
P002586,C056,1,1545.4286329711467
P002588,C048,1,863.9542734339071
P002588,C055,1,1545.4286329711467
P002600,C050,1,863.9542734339071
P002600,C058,1,1880.06274127608
P002601,C050,1,2267.40568719396
P002601,C058,1,1242.0372193517871
P002604,C049,1,863.9542734339071
P002604,C059,1,1880.06274127608
P002605,C049,1,2267.40568719396
P002605,C059,1,1242.0372193517871
P002611,C048,1,2267.40568719396
P002611,C059,1,1242.0372193517871
P002612,C048,1,863.9542734339071
P002612,C058,1,1880.06274127608
P002613,C048,1,2267.40568719396
P002613,C058,1,1242.0372193517871
P002624,C050,1,863.9542734339071
P002624,C061,1,1503.6707785215362
P002625,C050,1,1885.7547619093723
P002625,C061,1,1228.54492348841
P002626,C050,1,863.9542734339071
P002626,C060,1,1503.6707785215362
P002627,C050,1,1885.7547619093723
P002627,C060,1,1228.54492348841
P002628,C049,1,863.9542734339071
P002628,C062,1,1503.6707785215362
P002629,C049,1,1885.7547619093723
P002629,C062,1,1228.54492348841
P002630,C049,1,863.9542734339071
P002630,C061,1,1503.6707785215362
P002631,C049,1,1885.7547619093723
P002631,C061,1,1228.54492348841
P002632,C049,1,863.9542734339071
P002632,C060,1,1503.6707785215362
P002633,C049,1,1885.7547619093723
P002633,C060,1,1228.54492348841
P002634,C048,1,863.9542734339071
P002634,C062,1,1503.6707785215362
P002635,C048,1,1885.7547619093723
P002635,C062,1,1228.54492348841
P002636,C048,1,863.9542734339071
P002636,C061,1,1503.6707785215362
P002637,C048,1,1885.7547619093723
P002637,C061,1,1228.54492348841
P002638,C048,1,863.9542734339071
P002638,C060,1,1503.6707785215362
P002639,C048,1,1885.7547619093723
P002639,C060,1,1228.54492348841
P002640,C048,1,893.9542734339071
P002640,C060,1,1563.6707785215362
P002640,C062,1,1563.6707785215362
P002641,C048,1,1945.7547619093723
P002641,C060,1,1288.54492348841
P002641,C062,1,1288.54492348841
P002642,C048,1,893.9542734339071
P002642,C060,1,1563.6707785215362
P002642,C061,1,1563.6707785215362
P002643,C048,1,1945.7547619093723
P002643,C060,1,1288.54492348841
P002643,C061,1,1288.54492348841
P002644,C048,1,923.9542734339072
P002644,C050,1,923.9542734339072
P002644,C060,1,1563.6707785215362
P002645,C048,1,1945.7547619093723
P002645,C050,1,1945.7547619093723
P002645,C060,1,1258.54492348841
P002646,C048,1,923.9542734339072
P002646,C049,1,923.9542734339072
P002646,C060,1,1563.6707785215362
P002647,C048,1,1945.7547619093723
P002647,C049,1,1945.7547619093723
P002647,C060,1,1258.54492348841
P002648,C053,1,1305.137341417552
P002648,C055,1,1809.971837092979
P002649,C053,1,1563.1728582944197
P002649,C055,1,1053.545029285659
P002650,C053,1,1305.137341417552
P002650,C054,1,1809.971837092979
P002651,C053,1,1563.1728582944197
P002651,C054,1,1053.545029285659
P002652,C052,1,1305.137341417552
P002652,C056,1,1809.971837092979
P002653,C052,1,1563.1728582944197
P002653,C056,1,1053.545029285659
P002654,C052,1,1305.137341417552
P002654,C055,1,1809.971837092979
P002655,C052,1,1563.1728582944197
P002655,C055,1,1053.545029285659
P002656,C052,1,1305.137341417552
P002656,C054,1,1809.971837092979
P002657,C052,1,1563.1728582944197
P002657,C054,1,1053.545029285659
P002658,C051,1,1305.137341417552
P002658,C056,1,1809.971837092979
P002659,C051,1,1563.1728582944197
P002659,C056,1,1053.545029285659
P002660,C051,1,1305.137341417552
P002660,C055,1,1809.971837092979
P002661,C051,1,1563.1728582944197
P002661,C055,1,1053.545029285659
P002662,C051,1,1305.137341417552
P002662,C054,1,1809.971837092979
P002663,C051,1,1563.1728582944197
P002663,C054,1,1053.545029285659
P002664,C051,1,1335.137341417552
P002664,C054,1,1869.971837092979
P002664,C056,1,1869.971837092979
P002665,C051,1,1623.1728582944197
P002665,C054,1,1113.545029285659
P002665,C056,1,1113.545029285659
P002666,C051,1,1335.137341417552
P002666,C054,1,1869.971837092979
P002666,C055,1,1869.971837092979
P002667,C051,1,1623.1728582944197
P002667,C054,1,1113.545029285659
P002667,C055,1,1113.545029285659
P002668,C051,1,1365.137341417552
P002668,C053,1,1365.137341417552
P002668,C054,1,1869.971837092979
P002669,C051,1,1623.1728582944197
P002669,C053,1,1623.1728582944197
P002669,C054,1,1083.545029285659
P002670,C051,1,1365.137341417552
P002670,C052,1,1365.137341417552
P002670,C054,1,1869.971837092979
P002671,C051,1,1623.1728582944197
P002671,C052,1,1623.1728582944197
P002671,C054,1,1083.545029285659
P002680,C055,1,1816.8545839421788
P002680,C059,1,1242.0372193517871
P002691,C054,1,1083.545029285659
P002691,C057,1,1688.4090605427173
P002691,C059,1,1688.4090605427173
P002692,C054,1,1876.8545839421788
P002692,C057,1,1302.0372193517871
P002692,C059,1,1302.0372193517871
P002693,C054,1,1083.545029285659
P002693,C057,1,1688.4090605427173
P002693,C058,1,1688.4090605427173
P002694,C054,1,1876.8545839421788
P002694,C057,1,1302.0372193517871
P002694,C058,1,1302.0372193517871
P002699,C006,1,798.3019870741625
P002700,C006,2,858.3019870741625
P002701,C005,1,798.3019870741625
P002702,C005,1,858.3019870741625
P002702,C006,1,858.3019870741625
P002703,C004,1,798.3019870741625
P002704,C004,1,858.3019870741625
P002704,C006,1,858.3019870741625
P002705,C004,1,858.3019870741625
P002705,C005,1,858.3019870741625
P002706,C004,2,858.3019870741625
P002707,C003,1,798.3019870741625
P002708,C003,1,858.3019870741625
P002708,C006,1,858.3019870741625
P002709,C003,1,858.3019870741625
P002709,C005,1,858.3019870741625
P002710,C003,1,858.3019870741625
P002710,C004,1,858.3019870741625
P002711,C003,2,858.3019870741625
P002712,C002,1,798.3019870741625
P002713,C002,1,858.3019870741625
P002713,C006,1,858.3019870741625
P002714,C002,1,858.3019870741625
P002714,C005,1,858.3019870741625
P002715,C002,1,858.3019870741625
P002715,C004,1,858.3019870741625
P002716,C002,1,858.3019870741625
P002716,C003,1,858.3019870741625
P002717,C002,1,918.3019870741624
P002717,C003,1,918.3019870741624
P002717,C006,1,918.3019870741624
P002718,C002,1,918.3019870741624
P002718,C003,1,918.3019870741624
P002718,C005,1,918.3019870741624
P002719,C002,1,918.3019870741624
P002719,C003,2,918.3019870741624
P002720,C001,1,798.3019870741625
P002721,C001,1,858.3019870741625
P002721,C006,1,858.3019870741625
P002722,C001,1,858.3019870741625
P002722,C005,1,858.3019870741625
P002723,C001,1,858.3019870741625
P002723,C004,1,858.3019870741625
P002724,C001,1,858.3019870741625
P002724,C003,1,858.3019870741625
P002725,C001,1,918.3019870741624
P002725,C003,1,918.3019870741624
P002725,C006,1,918.3019870741624
P002726,C001,1,918.3019870741624
P002726,C003,1,918.3019870741624
P002726,C005,1,918.3019870741624
P002727,C001,1,918.3019870741624
P002727,C003,2,918.3019870741624
P002728,C001,1,858.3019870741625
P002728,C002,1,858.3019870741625
P002729,C001,1,918.3019870741624
P002729,C002,1,918.3019870741624
P002729,C006,1,918.3019870741624
P002730,C001,1,918.3019870741624
P002730,C002,1,918.3019870741624
P002730,C005,1,918.3019870741624
P002731,C001,1,918.3019870741624
P002731,C002,1,918.3019870741624
P002731,C004,1,918.3019870741624
P002732,C001,1,918.3019870741624
P002732,C002,1,918.3019870741624
P002732,C003,1,918.3019870741624
P002733,C011,1,1101.8843362642265
P002734,C011,2,1161.8843362642265
P002735,C010,1,1101.8843362642265
P002736,C010,1,1161.8843362642265
P002736,C011,1,1161.8843362642265
P002737,C009,1,1101.8843362642265
P002738,C009,1,1161.8843362642265
P002738,C011,1,1161.8843362642265
P002739,C009,1,1161.8843362642265
P002739,C010,1,1161.8843362642265
P002740,C008,1,1101.8843362642265
P002741,C008,1,1161.8843362642265
P002741,C011,1,1161.8843362642265
P002742,C008,1,1161.8843362642265
P002742,C010,1,1161.8843362642265
P002743,C008,1,1161.8843362642265
P002743,C009,1,1161.8843362642265
P002744,C008,2,1161.8843362642265
P002745,C007,1,1101.8843362642265
P002746,C007,1,1161.8843362642265
P002746,C011,1,1161.8843362642265
P002747,C007,1,1161.8843362642265
P002747,C010,1,1161.8843362642265
P002748,C007,1,1161.8843362642265
P002748,C009,1,1161.8843362642265
P002749,C007,1,1161.8843362642265
P002749,C008,1,1161.8843362642265
P002750,C007,1,1221.8843362642265
P002750,C008,1,1221.8843362642265
P002750,C011,1,1221.8843362642265
P002751,C007,1,1221.8843362642265
P002751,C008,1,1221.8843362642265
P002751,C010,1,1221.8843362642265
P002752,C007,1,1221.8843362642265
P002752,C008,2,1221.8843362642265
P002753,C016,1,1228.0940707315583
P002754,C016,2,1288.0940707315583
P002755,C015,1,1228.0940707315583
P002756,C015,1,1288.0940707315583
P002756,C016,1,1288.0940707315583
P002757,C014,1,1228.0940707315583
P002758,C014,1,1288.0940707315583
P002758,C016,1,1288.0940707315583
P002759,C014,1,1288.0940707315583
P002759,C015,1,1288.0940707315583
P002760,C013,1,1228.0940707315583
P002761,C013,1,1288.0940707315583
P002761,C016,1,1288.0940707315583
P002762,C013,1,1288.0940707315583
P002762,C015,1,1288.0940707315583
P002763,C013,1,1288.0940707315583
P002763,C014,1,1288.0940707315583
P002764,C013,2,1288.0940707315583
P002765,C012,1,1228.0940707315583
P002766,C012,1,1288.0940707315583
P002766,C016,1,1288.0940707315583
P002767,C012,1,1288.0940707315583
P002767,C015,1,1288.0940707315583
P002768,C012,1,1288.0940707315583
P002768,C014,1,1288.0940707315583
P002769,C012,1,1288.0940707315583
P002769,C013,1,1288.0940707315583
P002770,C012,1,1348.0940707315583
P002770,C013,1,1348.0940707315583
P002770,C016,1,1348.0940707315583
P002771,C012,1,1348.0940707315583
P002771,C013,1,1348.0940707315583
P002771,C015,1,1348.0940707315583
P002772,C012,1,1348.0940707315583
P002772,C013,2,1348.0940707315583
P002773,C021,1,1184.5321714406264
P002774,C021,2,1244.5321714406264
P002775,C020,1,1184.5321714406264
P002776,C020,1,1244.5321714406264
P002776,C021,1,1244.5321714406264
P002777,C019,1,1184.5321714406264
P002778,C019,1,1244.5321714406264
P002778,C021,1,1244.5321714406264
P002779,C019,1,1244.5321714406264
P002779,C020,1,1244.5321714406264
P002780,C018,1,1184.5321714406264
P002781,C018,1,1244.5321714406264
P002781,C021,1,1244.5321714406264
P002782,C018,1,1244.5321714406264
P002782,C020,1,1244.5321714406264
P002783,C018,1,1244.5321714406264
P002783,C019,1,1244.5321714406264
P002784,C017,1,1184.5321714406264
P002785,C017,1,1244.5321714406264
P002785,C021,1,1244.5321714406264
P002786,C017,1,1244.5321714406264
P002786,C020,1,1244.5321714406264
P002787,C017,1,1244.5321714406264
P002787,C019,1,1244.5321714406264
P002788,C017,1,1244.5321714406264
P002788,C018,1,1244.5321714406264
P002789,C017,1,1304.5321714406264
P002789,C018,1,1304.5321714406264
P002789,C021,1,1304.5321714406264
P002790,C017,1,1304.5321714406264
P002790,C018,1,1304.5321714406264
P002790,C020,1,1304.5321714406264
P002791,C026,1,982.268838872594
P002792,C026,2,1042.2688388725942
P002793,C025,1,982.268838872594
P002794,C025,1,1042.2688388725942
P002794,C026,1,1042.2688388725942
P002795,C024,1,982.268838872594
P002796,C024,1,1042.2688388725942
P002796,C026,1,1042.2688388725942
P002797,C024,1,1042.2688388725942
P002797,C025,1,1042.2688388725942
P002798,C023,1,982.268838872594
P002799,C023,1,1042.2688388725942
P002799,C026,1,1042.2688388725942
P002800,C023,1,1042.2688388725942
P002800,C025,1,1042.2688388725942
P002801,C023,1,1042.2688388725942
P002801,C024,1,1042.2688388725942
P002802,C022,1,982.268838872594
P002803,C022,1,1042.2688388725942
P002803,C026,1,1042.2688388725942
P002804,C022,1,1042.2688388725942
P002804,C025,1,1042.2688388725942
P002805,C022,1,1042.2688388725942
P002805,C024,1,1042.2688388725942
P002806,C022,1,1042.2688388725942
P002806,C023,1,1042.2688388725942
P002807,C022,1,1102.2688388725942
P002807,C023,1,1102.2688388725942
P002807,C026,1,1102.2688388725942
P002808,C022,1,1102.2688388725942
P002808,C023,1,1102.2688388725942
P002808,C025,1,1102.2688388725942
P002809,C031,1,822.0536764894517
P002810,C031,2,882.0536764894517
P002811,C030,1,822.0536764894517
P002812,C030,1,882.0536764894517
P002812,C031,1,882.0536764894517
P002813,C029,1,822.0536764894517
P002814,C029,1,882.0536764894517
P002814,C031,1,882.0536764894517
P002815,C029,1,882.0536764894517
P002815,C030,1,882.0536764894517
P002816,C028,1,822.0536764894517
P002817,C028,1,882.0536764894517
P002817,C031,1,882.0536764894517
P002818,C028,1,882.0536764894517
P002818,C030,1,882.0536764894517
P002819,C028,1,882.0536764894517
P002819,C029,1,882.0536764894517
P002820,C027,1,822.0536764894517
P002821,C027,1,882.0536764894517
P002821,C031,1,882.0536764894517
P002822,C027,1,882.0536764894517
P002822,C030,1,882.0536764894517
P002823,C027,1,882.0536764894517
P002823,C029,1,882.0536764894517
P002824,C027,1,882.0536764894517
P002824,C028,1,882.0536764894517
P002825,C027,1,942.0536764894516
P002825,C028,1,942.0536764894516
P002825,C031,1,942.0536764894516
P002826,C027,1,942.0536764894516
P002826,C028,1,942.0536764894516
P002826,C030,1,942.0536764894516
P002827,C036,1,1005.73510407623
P002828,C035,1,1005.73510407623
P002829,C035,1,1065.73510407623
P002829,C036,1,1065.73510407623
P002830,C034,1,1005.73510407623
P002831,C034,1,1065.73510407623
P002831,C036,1,1065.73510407623
P002832,C034,1,1065.73510407623
P002832,C035,1,1065.73510407623
P002833,C033,1,1005.73510407623
P002834,C033,1,1065.73510407623
P002834,C036,1,1065.73510407623
P002835,C033,1,1065.73510407623
P002835,C035,1,1065.73510407623
P002836,C033,1,1065.73510407623
P002836,C034,1,1065.73510407623
P002837,C032,1,1005.73510407623
P002838,C032,1,1065.73510407623
P002838,C036,1,1065.73510407623
P002839,C032,1,1065.73510407623
P002839,C035,1,1065.73510407623
P002840,C032,1,1065.73510407623
P002840,C034,1,1065.73510407623
P002841,C032,1,1065.73510407623
P002841,C033,1,1065.73510407623
P002842,C032,1,1125.73510407623
P002842,C033,1,1125.73510407623
P002842,C036,1,1125.73510407623
P002843,C032,1,1125.73510407623
P002843,C033,1,1125.73510407623
P002843,C035,1,1125.73510407623
P002844,C041,1,1173.1709759127682
P002845,C040,1,1173.1709759127682
P002846,C040,1,1233.1709759127682
P002846,C041,1,1233.1709759127682
P002847,C039,1,1173.1709759127682
P002848,C039,1,1233.1709759127682
P002848,C041,1,1233.1709759127682
P002849,C039,1,1233.1709759127682
P002849,C040,1,1233.1709759127682
P002850,C038,1,1173.1709759127682
P002851,C038,1,1233.1709759127682
P002851,C041,1,1233.1709759127682
P002852,C038,1,1233.1709759127682
P002852,C040,1,1233.1709759127682
P002853,C038,1,1233.1709759127682
P002853,C039,1,1233.1709759127682
P002854,C037,1,1173.1709759127682
P002855,C037,1,1233.1709759127682
P002855,C041,1,1233.1709759127682
P002856,C037,1,1233.1709759127682
P002856,C040,1,1233.1709759127682
P002857,C037,1,1233.1709759127682
P002857,C039,1,1233.1709759127682
P002858,C037,1,1233.1709759127682
P002858,C038,1,1233.1709759127682
P002859,C037,1,1293.1709759127682
P002859,C038,1,1293.1709759127682
P002859,C041,1,1293.1709759127682
P002860,C037,1,1293.1709759127682
P002860,C038,1,1293.1709759127682
P002860,C040,1,1293.1709759127682
P002861,C044,1,971.9793683074286
P002862,C043,1,971.9793683074286
P002863,C043,1,1031.9793683074286
P002863,C044,1,1031.9793683074286
P002864,C042,1,971.9793683074286
P002865,C042,1,1031.9793683074286
P002865,C044,1,1031.9793683074286
P002866,C042,1,1031.9793683074286
P002866,C043,1,1031.9793683074286
P002867,C042,1,1091.9793683074286
P002867,C043,1,1091.9793683074286
P002867,C044,1,1091.9793683074286
P002868,C047,1,964.8223462305076
P002869,C046,1,964.8223462305076
P002870,C046,1,1024.8223462305075
P002870,C047,1,1024.8223462305075
P002871,C045,1,964.8223462305076
P002872,C045,1,1024.8223462305075
P002872,C047,1,1024.8223462305075
P002873,C045,1,1024.8223462305075
P002873,C046,1,1024.8223462305075
P002874,C045,1,1084.8223462305075
P002874,C046,1,1084.8223462305075
P002874,C047,1,1084.8223462305075
P002875,C050,1,787.0018095348861
P002876,C049,1,787.0018095348861
P002877,C049,1,847.0018095348861
P002877,C050,1,847.0018095348861
P002878,C048,1,787.0018095348861
P002879,C048,1,847.0018095348861
P002879,C050,1,847.0018095348861
P002880,C048,1,847.0018095348861
P002880,C049,1,847.0018095348861
P002881,C048,1,907.001809534886
P002881,C049,1,907.001809534886
P002881,C050,1,907.001809534886
P002882,C053,1,1151.8300190487548
P002883,C052,1,1151.8300190487548
P002884,C052,1,1211.8300190487548
P002884,C053,1,1211.8300190487548
P002885,C051,1,1151.8300190487548
P002886,C051,1,1211.8300190487548
P002886,C053,1,1211.8300190487548
P002887,C051,1,1211.8300190487548
P002887,C052,1,1211.8300190487548
P002888,C051,1,1271.8300190487548
P002888,C052,1,1271.8300190487548
P002888,C053,1,1271.8300190487548
P002889,C056,1,942.7333575756628
P002890,C055,1,942.7333575756628
P002891,C055,1,1002.7333575756628
P002891,C056,1,1002.7333575756628
P002892,C054,1,942.7333575756628
P002893,C054,1,1002.7333575756628
P002893,C056,1,1002.7333575756628
P002894,C054,1,1002.7333575756628
P002894,C055,1,1002.7333575756628
P002895,C054,1,1062.7333575756627
P002895,C055,1,1062.7333575756627
P002895,C056,1,1062.7333575756627
P002896,C059,1,1121.8553923434088
P002897,C058,1,1121.8553923434088
P002898,C058,1,1181.8553923434088
P002898,C059,1,1181.8553923434088
P002899,C057,1,1121.8553923434088
P002900,C057,1,1181.8553923434088
P002900,C059,1,1181.8553923434088
P002901,C057,1,1181.8553923434088
P002901,C058,1,1181.8553923434088
P002902,C057,1,1241.8553923434088
P002902,C058,1,1241.8553923434088
P002902,C059,1,1241.8553923434088
P002903,C062,1,1098.226496245155
P002904,C061,1,1098.226496245155
P002905,C061,1,1158.226496245155
P002905,C062,1,1158.226496245155
P002906,C060,1,1098.226496245155
P002907,C060,1,1158.226496245155
P002907,C062,1,1158.226496245155
P002908,C060,1,1158.226496245155
P002908,C061,1,1158.226496245155
P002909,C060,1,1218.226496245155
P002909,C061,1,1218.226496245155
P002909,C062,1,1218.226496245155
P002910,C006,1,828.3019870741625
P002910,C011,1,1377.6223002588
P002911,C006,1,1683.5713161155304
P002911,C011,1,1131.8843362642265
P002912,C006,1,828.3019870741625
P002912,C010,1,1377.6223002588
P002913,C006,1,1683.5713161155304
P002913,C010,1,1131.8843362642265
P002914,C006,1,828.3019870741625
P002914,C009,1,1377.6223002588
P002915,C006,1,1683.5713161155304
P002915,C009,1,1131.8843362642265
P002919,C006,1,1683.5713161155304
P002919,C007,1,1131.8843362642265
P002920,C006,1,858.3019870741625
P002920,C007,1,1437.6223002588
P002920,C008,1,1437.6223002588
P002921,C006,1,1743.5713161155304
P002921,C007,1,1191.8843362642265
P002921,C008,1,1191.8843362642265
P002922,C005,1,828.3019870741625
P002922,C011,1,1377.6223002588
P002923,C005,1,1683.5713161155304
P002923,C011,1,1131.8843362642265
P002924,C005,1,828.3019870741625
P002924,C010,1,1377.6223002588
P002925,C005,1,1683.5713161155304
P002925,C010,1,1131.8843362642265
P002926,C005,1,828.3019870741625
P002926,C009,1,1377.6223002588
P002927,C005,1,1683.5713161155304
P002927,C009,1,1131.8843362642265
P002928,C005,1,828.3019870741625
P002928,C008,1,1377.6223002588
P002932,C005,1,858.3019870741625
P002932,C007,1,1437.6223002588
P002932,C008,1,1437.6223002588
P002933,C005,1,1743.5713161155304
P002933,C007,1,1191.8843362642265
P002933,C008,1,1191.8843362642265
P002934,C004,1,828.3019870741625
P002934,C011,1,1377.6223002588
P002935,C004,1,1683.5713161155304
P002935,C011,1,1131.8843362642265
P002936,C004,1,828.3019870741625
P002936,C010,1,1377.6223002588
P002937,C004,1,1683.5713161155304
P002937,C010,1,1131.8843362642265
P002938,C004,1,828.3019870741625
P002938,C009,1,1377.6223002588
P002939,C004,1,1683.5713161155304
P002939,C009,1,1131.8843362642265
P002940,C004,1,828.3019870741625
P002940,C008,1,1377.6223002588
P002942,C004,1,828.3019870741625
P002942,C007,1,1377.6223002588
P002943,C004,1,1683.5713161155304
P002943,C007,1,1131.8843362642265
P002945,C003,1,1683.5713161155304
P002945,C011,1,1131.8843362642265
P002947,C003,1,1683.5713161155304
P002947,C010,1,1131.8843362642265
P002953,C003,1,1683.5713161155304
P002953,C007,1,1131.8843362642265
P002954,C003,1,858.3019870741625
P002954,C007,1,1437.6223002588
P002954,C011,1,1437.6223002588
P002955,C003,1,1743.5713161155304
P002955,C007,1,1191.8843362642265
P002955,C011,1,1191.8843362642265
P002956,C003,1,858.3019870741625
P002956,C007,1,1437.6223002588
P002956,C010,1,1437.6223002588
P002957,C003,1,1743.5713161155304
P002957,C007,1,1191.8843362642265
P002957,C010,1,1191.8843362642265
P002958,C003,1,858.3019870741625
P002958,C007,1,1437.6223002588
P002958,C008,1,1437.6223002588
P002959,C003,1,1743.5713161155304
P002959,C007,1,1191.8843362642265
P002959,C008,1,1191.8843362642265
P002960,C003,1,888.3019870741625
P002960,C006,1,888.3019870741625
P002960,C007,1,1437.6223002588
P002961,C003,1,1743.5713161155304
P002961,C006,1,1743.5713161155304
P002961,C007,1,1161.8843362642265
P002962,C003,1,888.3019870741625
P002962,C005,1,888.3019870741625
P002962,C007,1,1437.6223002588
P002963,C003,1,1743.5713161155304
P002963,C005,1,1743.5713161155304
P002963,C007,1,1161.8843362642265
P002964,C003,2,888.3019870741625
P002964,C007,1,1437.6223002588
P002965,C003,2,1743.5713161155304
P002965,C007,1,1161.8843362642265
P002966,C002,1,828.3019870741625
P002966,C011,1,1377.6223002588
P002967,C002,1,1683.5713161155304
P002967,C011,1,1131.8843362642265
P002968,C002,1,828.3019870741625
P002968,C010,1,1377.6223002588
P002969,C002,1,1683.5713161155304
P002969,C010,1,1131.8843362642265
P002970,C002,1,828.3019870741625
P002970,C009,1,1377.6223002588
P002972,C002,1,828.3019870741625
P002972,C008,1,1377.6223002588
P002974,C002,1,858.3019870741625
P002974,C008,1,1437.6223002588
P002974,C011,1,1437.6223002588
P002975,C002,1,1743.5713161155304
P002975,C008,1,1191.8843362642265
P002975,C011,1,1191.8843362642265
P002976,C002,1,858.3019870741625
P002976,C008,1,1437.6223002588
P002976,C010,1,1437.6223002588
P002977,C002,1,1743.5713161155304
P002977,C008,1,1191.8843362642265
P002977,C010,1,1191.8843362642265
P002978,C002,1,858.3019870741625
P002978,C008,2,1437.6223002588
P002979,C002,1,1743.5713161155304
P002979,C008,2,1191.8843362642265
P002980,C002,1,828.3019870741625
P002980,C007,1,1377.6223002588
P002981,C002,1,1683.5713161155304
P002981,C007,1,1131.8843362642265
P002982,C002,1,858.3019870741625
P002982,C007,1,1437.6223002588
P002982,C011,1,1437.6223002588
P002984,C002,1,858.3019870741625
P002984,C007,1,1437.6223002588
P002984,C010,1,1437.6223002588
P002986,C002,1,858.3019870741625
P002986,C007,1,1437.6223002588
P002986,C009,1,1437.6223002588
P002987,C002,1,1743.5713161155304
P002987,C007,1,1191.8843362642265
P002987,C009,1,1191.8843362642265
P002988,C002,1,858.3019870741625
P002988,C007,1,1437.6223002588
P002988,C008,1,1437.6223002588
P002990,C002,1,888.3019870741625
P002990,C006,1,888.3019870741625
P002990,C008,1,1437.6223002588
P002991,C002,1,1743.5713161155304
P002991,C006,1,1743.5713161155304
P002991,C008,1,1161.8843362642265
P002994,C002,1,888.3019870741625
P002994,C005,1,888.3019870741625
P002994,C008,1,1437.6223002588
P002995,C002,1,1743.5713161155304
P002995,C005,1,1743.5713161155304
P002995,C008,1,1161.8843362642265
P003000,C002,1,888.3019870741625
P003000,C003,1,888.3019870741625
P003000,C011,1,1437.6223002588
P003001,C002,1,1743.5713161155304
P003001,C003,1,1743.5713161155304
P003001,C011,1,1161.8843362642265
P003002,C002,1,888.3019870741625
P003002,C003,1,888.3019870741625
P003002,C010,1,1437.6223002588
P003003,C002,1,1743.5713161155304
P003003,C003,1,1743.5713161155304
P003003,C010,1,1161.8843362642265
P003004,C002,1,888.3019870741625
P003004,C003,1,888.3019870741625
P003004,C008,1,1437.6223002588
P003005,C002,1,1743.5713161155304
P003005,C003,1,1743.5713161155304
P003005,C008,1,1161.8843362642265
P003008,C001,1,828.3019870741625
P003008,C011,1,1377.6223002588
P003009,C001,1,1683.5713161155304
P003009,C011,1,1131.8843362642265
P003010,C001,1,828.3019870741625
P003010,C010,1,1377.6223002588
P003011,C001,1,1683.5713161155304
P003011,C010,1,1131.8843362642265
P003012,C001,1,828.3019870741625
P003012,C009,1,1377.6223002588
P003014,C001,1,828.3019870741625
P003014,C008,1,1377.6223002588
P003016,C001,1,858.3019870741625
P003016,C008,1,1437.6223002588
P003016,C011,1,1437.6223002588
P003017,C001,1,1743.5713161155304
P003017,C008,1,1191.8843362642265
P003017,C011,1,1191.8843362642265
P003018,C001,1,858.3019870741625
P003018,C008,1,1437.6223002588
P003018,C010,1,1437.6223002588
P003019,C001,1,1743.5713161155304
P003019,C008,1,1191.8843362642265
P003019,C010,1,1191.8843362642265
P003020,C001,1,858.3019870741625
P003020,C008,2,1437.6223002588
P003021,C001,1,1743.5713161155304
P003021,C008,2,1191.8843362642265
P003022,C001,1,828.3019870741625
P003022,C007,1,1377.6223002588
P003024,C001,1,858.3019870741625
P003024,C007,1,1437.6223002588
P003024,C011,1,1437.6223002588
P003026,C001,1,858.3019870741625
P003026,C007,1,1437.6223002588
P003026,C010,1,1437.6223002588
P003028,C001,1,858.3019870741625
P003028,C007,1,1437.6223002588
P003028,C009,1,1437.6223002588
P003029,C001,1,1743.5713161155304
P003029,C007,1,1191.8843362642265
P003029,C009,1,1191.8843362642265
P003030,C001,1,858.3019870741625
P003030,C007,1,1437.6223002588
P003030,C008,1,1437.6223002588
P003032,C001,1,888.3019870741625
P003032,C006,1,888.3019870741625
P003032,C008,1,1437.6223002588
P003033,C001,1,1743.5713161155304
P003033,C006,1,1743.5713161155304
P003033,C008,1,1161.8843362642265
P003042,C001,1,888.3019870741625
P003042,C003,1,888.3019870741625
P003042,C011,1,1437.6223002588
P003044,C001,1,888.3019870741625
P003044,C003,1,888.3019870741625
P003044,C010,1,1437.6223002588
P003046,C001,1,888.3019870741625
P003046,C003,1,888.3019870741625
P003046,C008,1,1437.6223002588
P003050,C001,1,888.3019870741625
P003050,C002,1,888.3019870741625
P003050,C011,1,1437.6223002588
P003052,C001,1,888.3019870741625
P003052,C002,1,888.3019870741625
P003052,C010,1,1437.6223002588
P003054,C001,1,888.3019870741625
P003054,C002,1,888.3019870741625
P003054,C009,1,1437.6223002588
P003055,C001,1,1743.5713161155304
P003055,C002,1,1743.5713161155304
P003055,C009,1,1161.8843362642265
P003056,C001,1,888.3019870741625
P003056,C002,1,888.3019870741625
P003056,C008,1,1437.6223002588
P003058,C001,1,888.3019870741625
P003058,C002,1,888.3019870741625
P003058,C007,1,1437.6223002588
P003060,C001,1,918.3019870741624
P003060,C002,1,918.3019870741624
P003060,C007,1,1497.6223002588
P003060,C011,1,1497.6223002588
P003061,C001,1,1803.5713161155304
P003061,C002,1,1803.5713161155304
P003061,C007,1,1221.8843362642265
P003061,C011,1,1221.8843362642265
P003062,C001,1,918.3019870741624
P003062,C002,1,918.3019870741624
P003062,C007,1,1497.6223002588
P003062,C010,1,1497.6223002588
P003063,C001,1,1803.5713161155304
P003063,C002,1,1803.5713161155304
P003063,C007,1,1221.8843362642265
P003063,C010,1,1221.8843362642265
P003064,C001,1,918.3019870741624
P003064,C002,1,918.3019870741624
P003064,C007,1,1497.6223002588
P003064,C009,1,1497.6223002588
P003065,C001,1,1803.5713161155304
P003065,C002,1,1803.5713161155304
P003065,C007,1,1221.8843362642265
P003065,C009,1,1221.8843362642265
P003066,C001,1,918.3019870741624
P003066,C002,1,918.3019870741624
P003066,C007,1,1497.6223002588
P003066,C008,1,1497.6223002588
P003067,C001,1,1803.5713161155304
P003067,C002,1,1803.5713161155304
P003067,C007,1,1221.8843362642265
P003067,C008,1,1221.8843362642265
P003068,C001,1,948.3019870741624
P003068,C002,1,948.3019870741624
P003068,C006,1,948.3019870741624
P003068,C007,1,1497.6223002588
P003069,C001,1,1803.5713161155304
P003069,C002,1,1803.5713161155304
P003069,C006,1,1803.5713161155304
P003069,C007,1,1191.8843362642265
P003070,C001,1,948.3019870741624
P003070,C002,1,948.3019870741624
P003070,C005,1,948.3019870741624
P003070,C007,1,1497.6223002588
P003071,C001,1,1803.5713161155304
P003071,C002,1,1803.5713161155304
P003071,C005,1,1803.5713161155304
P003071,C007,1,1191.8843362642265
P003072,C001,1,948.3019870741624
P003072,C002,1,948.3019870741624
P003072,C004,1,948.3019870741624
P003072,C007,1,1497.6223002588
P003073,C001,1,1803.5713161155304
P003073,C002,1,1803.5713161155304
P003073,C004,1,1803.5713161155304
P003073,C007,1,1191.8843362642265
P003074,C001,1,948.3019870741624
P003074,C002,1,948.3019870741624
P003074,C003,1,948.3019870741624
P003074,C007,1,1497.6223002588
P003075,C001,1,1803.5713161155304
P003075,C002,1,1803.5713161155304
P003075,C003,1,1803.5713161155304
P003075,C007,1,1191.8843362642265
P003076,C006,1,828.3019870741625
P003076,C014,1,1729.038478809181
P003079,C006,1,2169.130562466577
P003079,C012,1,1258.0940707315583
P003080,C006,1,858.3019870741625
P003080,C012,1,1789.038478809181
P003080,C013,1,1789.038478809181
P003081,C005,1,828.3019870741625
P003081,C014,1,1729.038478809181
P003082,C005,1,828.3019870741625
P003082,C013,1,1729.038478809181
P003083,C005,1,828.3019870741625
P003083,C012,1,1729.038478809181
P003085,C005,1,858.3019870741625
P003085,C012,1,1789.038478809181
P003085,C013,1,1789.038478809181
P003086,C004,1,828.3019870741625
P003086,C016,1,1729.038478809181
P003087,C004,1,2169.130562466577
P003087,C016,1,1258.0940707315583
P003088,C004,1,828.3019870741625
P003088,C015,1,1729.038478809181
P003089,C004,1,2169.130562466577
P003089,C015,1,1258.0940707315583
P003090,C004,1,828.3019870741625
P003090,C014,1,1729.038478809181
P003091,C004,1,2169.130562466577
P003091,C014,1,1258.0940707315583
P003095,C004,1,2169.130562466577
P003095,C012,1,1258.0940707315583
P003103,C003,1,2169.130562466577
P003103,C012,1,1258.0940707315583
P003104,C003,1,858.3019870741625
P003104,C012,1,1789.038478809181
P003104,C013,1,1789.038478809181
P003105,C003,1,2229.130562466577
P003105,C012,1,1318.0940707315583
P003105,C013,1,1318.0940707315583
P003106,C003,1,888.3019870741625
P003106,C006,1,888.3019870741625
P003106,C012,1,1789.038478809181
P003107,C003,1,888.3019870741625
P003107,C005,1,888.3019870741625
P003107,C012,1,1789.038478809181
P003108,C003,2,888.3019870741625
P003108,C012,1,1789.038478809181
P003109,C002,1,828.3019870741625
P003109,C016,1,1729.038478809181
P003111,C002,1,828.3019870741625
P003111,C015,1,1729.038478809181
P003113,C002,1,828.3019870741625
P003113,C014,1,1729.038478809181
P003115,C002,1,828.3019870741625
P003115,C013,1,1729.038478809181
P003117,C002,1,858.3019870741625
P003117,C013,2,1789.038478809181
P003118,C002,1,2229.130562466577
P003118,C013,2,1318.0940707315583
P003121,C002,1,858.3019870741625
P003121,C012,1,1789.038478809181
P003121,C016,1,1789.038478809181
P003122,C002,1,2229.130562466577
P003122,C012,1,1318.0940707315583
P003122,C016,1,1318.0940707315583
P003123,C002,1,858.3019870741625
P003123,C012,1,1789.038478809181
P003123,C015,1,1789.038478809181
P003124,C002,1,2229.130562466577
P003124,C012,1,1318.0940707315583
P003124,C015,1,1318.0940707315583
P003125,C002,1,858.3019870741625
P003125,C012,1,1789.038478809181
P003125,C014,1,1789.038478809181
P003126,C002,1,2229.130562466577
P003126,C012,1,1318.0940707315583
P003126,C014,1,1318.0940707315583
P003129,C002,1,888.3019870741625
P003129,C006,1,888.3019870741625
P003129,C013,1,1789.038478809181
P003131,C002,1,888.3019870741625
P003131,C005,1,888.3019870741625
P003131,C013,1,1789.038478809181
P003135,C002,1,888.3019870741625
P003135,C003,1,888.3019870741625
P003135,C016,1,1789.038478809181
P003136,C002,1,888.3019870741625
P003136,C003,1,888.3019870741625
P003136,C015,1,1789.038478809181
P003137,C002,1,888.3019870741625
P003137,C003,1,888.3019870741625
P003137,C013,1,1789.038478809181
P003138,C002,1,2229.130562466577
P003138,C003,1,2229.130562466577
P003138,C013,1,1288.0940707315583
P003141,C001,1,828.3019870741625
P003141,C016,1,1729.038478809181
P003143,C001,1,828.3019870741625
P003143,C015,1,1729.038478809181
P003145,C001,1,828.3019870741625
P003145,C014,1,1729.038478809181
P003147,C001,1,828.3019870741625
P003147,C013,1,1729.038478809181
P003149,C001,1,858.3019870741625
P003149,C013,2,1789.038478809181
P003150,C001,1,2229.130562466577
P003150,C013,2,1318.0940707315583
P003153,C001,1,858.3019870741625
P003153,C012,1,1789.038478809181
P003153,C016,1,1789.038478809181
P003154,C001,1,2229.130562466577
P003154,C012,1,1318.0940707315583
P003154,C016,1,1318.0940707315583
P003155,C001,1,858.3019870741625
P003155,C012,1,1789.038478809181
P003155,C015,1,1789.038478809181
P003156,C001,1,2229.130562466577
P003156,C012,1,1318.0940707315583
P003156,C015,1,1318.0940707315583
P003157,C001,1,858.3019870741625
P003157,C012,1,1789.038478809181
P003157,C014,1,1789.038478809181
P003158,C001,1,2229.130562466577
P003158,C012,1,1318.0940707315583
P003158,C014,1,1318.0940707315583
P003161,C001,1,888.3019870741625
P003161,C006,1,888.3019870741625
P003161,C013,1,1789.038478809181
P003163,C001,1,888.3019870741625
P003163,C005,1,888.3019870741625
P003163,C013,1,1789.038478809181
P003167,C001,1,888.3019870741625
P003167,C003,1,888.3019870741625
P003167,C016,1,1789.038478809181
P003168,C001,1,888.3019870741625
P003168,C003,1,888.3019870741625
P003168,C015,1,1789.038478809181
P003173,C001,1,888.3019870741625
P003173,C002,1,888.3019870741625
P003173,C016,1,1789.038478809181
P003175,C001,1,888.3019870741625
P003175,C002,1,888.3019870741625
P003175,C015,1,1789.038478809181
P003177,C001,1,888.3019870741625
P003177,C002,1,888.3019870741625
P003177,C014,1,1789.038478809181
P003178,C001,1,2229.130562466577
P003178,C002,1,2229.130562466577
P003178,C014,1,1288.0940707315583
P003183,C001,1,918.3019870741624
P003183,C002,1,918.3019870741624
P003183,C012,1,1849.038478809181
P003183,C014,1,1849.038478809181
P003184,C001,1,2289.130562466577
P003184,C002,1,2289.130562466577
P003184,C012,1,1348.0940707315583
P003184,C014,1,1348.0940707315583
P003185,C001,1,918.3019870741624
P003185,C002,1,918.3019870741624
P003185,C012,1,1849.038478809181
P003185,C013,1,1849.038478809181
P003186,C001,1,2289.130562466577
P003186,C002,1,2289.130562466577
P003186,C012,1,1348.0940707315583
P003186,C013,1,1348.0940707315583
P003187,C001,1,948.3019870741624
P003187,C002,1,948.3019870741624
P003187,C006,1,948.3019870741624
P003187,C012,1,1849.038478809181
P003188,C001,1,948.3019870741624
P003188,C002,1,948.3019870741624
P003188,C005,1,948.3019870741624
P003188,C012,1,1849.038478809181
P003189,C001,1,948.3019870741624
P003189,C002,1,948.3019870741624
P003189,C004,1,948.3019870741624
P003189,C012,1,1849.038478809181
P003190,C001,1,2289.130562466577
P003190,C002,1,2289.130562466577
P003190,C004,1,2289.130562466577
P003190,C012,1,1318.0940707315583
P003191,C001,1,948.3019870741624
P003191,C002,1,948.3019870741624
P003191,C003,1,948.3019870741624
P003191,C012,1,1849.038478809181
P003192,C001,1,2289.130562466577
P003192,C002,1,2289.130562466577
P003192,C003,1,2289.130562466577
P003192,C012,1,1318.0940707315583
P003193,C006,1,828.3019870741625
P003193,C021,1,1485.2455077719974
P003194,C006,1,828.3019870741625
P003194,C020,1,1485.2455077719974
P003195,C006,1,828.3019870741625
P003195,C019,1,1485.2455077719974
P003196,C006,1,1874.4290254717944
P003196,C019,1,1214.5321714406264
P003197,C006,1,828.3019870741625
P003197,C018,1,1485.2455077719974
P003198,C006,1,1874.4290254717944
P003198,C018,1,1214.5321714406264
P003199,C006,1,828.3019870741625
P003199,C017,1,1485.2455077719974
P003200,C006,1,1874.4290254717944
P003200,C017,1,1214.5321714406264
P003201,C006,1,858.3019870741625
P003201,C017,1,1545.2455077719974
P003201,C018,1,1545.2455077719974
P003202,C006,1,1934.4290254717944
P003202,C017,1,1274.5321714406264
P003202,C018,1,1274.5321714406264
P003203,C005,1,828.3019870741625
P003203,C021,1,1485.2455077719974
P003204,C005,1,828.3019870741625
P003204,C020,1,1485.2455077719974
P003205,C005,1,828.3019870741625
P003205,C019,1,1485.2455077719974
P003206,C005,1,1874.4290254717944
P003206,C019,1,1214.5321714406264
P003208,C005,1,1874.4290254717944
P003208,C018,1,1214.5321714406264
P003210,C005,1,1874.4290254717944
P003210,C017,1,1214.5321714406264
P003211,C005,1,858.3019870741625
P003211,C017,1,1545.2455077719974
P003211,C018,1,1545.2455077719974
P003212,C005,1,1934.4290254717944
P003212,C017,1,1274.5321714406264
P003212,C018,1,1274.5321714406264
P003213,C004,1,828.3019870741625
P003213,C021,1,1485.2455077719974
P003214,C004,1,1874.4290254717944
P003214,C021,1,1214.5321714406264
P003215,C004,1,828.3019870741625
P003215,C020,1,1485.2455077719974
P003216,C004,1,1874.4290254717944
P003216,C020,1,1214.5321714406264
P003217,C004,1,828.3019870741625
P003217,C019,1,1485.2455077719974
P003218,C004,1,1874.4290254717944
P003218,C019,1,1214.5321714406264
P003220,C004,1,1874.4290254717944
P003220,C018,1,1214.5321714406264
P003221,C004,1,828.3019870741625
P003221,C017,1,1485.2455077719974
P003222,C004,1,1874.4290254717944
P003222,C017,1,1214.5321714406264
P003224,C003,1,1874.4290254717944
P003224,C021,1,1214.5321714406264
P003226,C003,1,1874.4290254717944
P003226,C020,1,1214.5321714406264
P003228,C003,1,1874.4290254717944
P003228,C019,1,1214.5321714406264
P003230,C003,1,1874.4290254717944
P003230,C018,1,1214.5321714406264
P003232,C003,1,1874.4290254717944
P003232,C017,1,1214.5321714406264
P003233,C003,1,858.3019870741625
P003233,C017,1,1545.2455077719974
P003233,C021,1,1545.2455077719974
P003234,C003,1,1934.4290254717944
P003234,C017,1,1274.5321714406264
P003234,C021,1,1274.5321714406264
P003235,C003,1,858.3019870741625
P003235,C017,1,1545.2455077719974
P003235,C020,1,1545.2455077719974
P003236,C003,1,1934.4290254717944
P003236,C017,1,1274.5321714406264
P003236,C020,1,1274.5321714406264
P003237,C003,1,858.3019870741625
P003237,C017,1,1545.2455077719974
P003237,C018,1,1545.2455077719974
P003238,C003,1,1934.4290254717944
P003238,C017,1,1274.5321714406264
P003238,C018,1,1274.5321714406264
P003241,C003,2,888.3019870741625
P003241,C017,1,1545.2455077719974
P003242,C003,2,1934.4290254717944
P003242,C017,1,1244.5321714406264
P003243,C002,1,828.3019870741625
P003243,C021,1,1485.2455077719974
P003244,C002,1,1874.4290254717944
P003244,C021,1,1214.5321714406264
P003245,C002,1,828.3019870741625
P003245,C020,1,1485.2455077719974
P003246,C002,1,1874.4290254717944
P003246,C020,1,1214.5321714406264
P003247,C002,1,828.3019870741625
P003247,C019,1,1485.2455077719974
P003248,C002,1,1874.4290254717944
P003248,C019,1,1214.5321714406264
P003249,C002,1,828.3019870741625
P003249,C018,1,1485.2455077719974
P003250,C002,1,1874.4290254717944
P003250,C018,1,1214.5321714406264
P003251,C002,1,858.3019870741625
P003251,C018,1,1545.2455077719974
P003251,C021,1,1545.2455077719974
P003252,C002,1,1934.4290254717944
P003252,C018,1,1274.5321714406264
P003252,C021,1,1274.5321714406264
P003253,C002,1,858.3019870741625
P003253,C018,1,1545.2455077719974
P003253,C020,1,1545.2455077719974
P003254,C002,1,1934.4290254717944
P003254,C018,1,1274.5321714406264
P003254,C020,1,1274.5321714406264
P003255,C002,1,828.3019870741625
P003255,C017,1,1485.2455077719974
P003256,C002,1,1874.4290254717944
P003256,C017,1,1214.5321714406264
P003257,C002,1,858.3019870741625
P003257,C017,1,1545.2455077719974
P003257,C021,1,1545.2455077719974
P003259,C002,1,858.3019870741625
P003259,C017,1,1545.2455077719974
P003259,C020,1,1545.2455077719974
P003261,C002,1,858.3019870741625
P003261,C017,1,1545.2455077719974
P003261,C019,1,1545.2455077719974
P003262,C002,1,1934.4290254717944
P003262,C017,1,1274.5321714406264
P003262,C019,1,1274.5321714406264
P003263,C002,1,858.3019870741625
P003263,C017,1,1545.2455077719974
P003263,C018,1,1545.2455077719974
P003266,C002,1,1934.4290254717944
P003266,C006,1,1934.4290254717944
P003266,C018,1,1244.5321714406264
P003268,C002,1,1934.4290254717944
P003268,C006,1,1934.4290254717944
P003268,C017,1,1244.5321714406264
P003270,C002,1,1934.4290254717944
P003270,C005,1,1934.4290254717944
P003270,C018,1,1244.5321714406264
P003272,C002,1,1934.4290254717944
P003272,C005,1,1934.4290254717944
P003272,C017,1,1244.5321714406264
P003275,C002,1,888.3019870741625
P003275,C003,1,888.3019870741625
P003275,C021,1,1545.2455077719974
P003276,C002,1,1934.4290254717944
P003276,C003,1,1934.4290254717944
P003276,C021,1,1244.5321714406264
P003277,C002,1,888.3019870741625
P003277,C003,1,888.3019870741625
P003277,C020,1,1545.2455077719974
P003278,C002,1,1934.4290254717944
P003278,C003,1,1934.4290254717944
P003278,C020,1,1244.5321714406264
P003279,C002,1,888.3019870741625
P003279,C003,1,888.3019870741625
P003279,C018,1,1545.2455077719974
P003280,C002,1,1934.4290254717944
P003280,C003,1,1934.4290254717944
P003280,C018,1,1244.5321714406264
P003283,C001,1,828.3019870741625
P003283,C021,1,1485.2455077719974
P003284,C001,1,1874.4290254717944
P003284,C021,1,1214.5321714406264
P003285,C001,1,828.3019870741625
P003285,C020,1,1485.2455077719974
P003286,C001,1,1874.4290254717944
P003286,C020,1,1214.5321714406264
P003287,C001,1,828.3019870741625
P003287,C019,1,1485.2455077719974
P003288,C001,1,1874.4290254717944
P003288,C019,1,1214.5321714406264
P003289,C001,1,828.3019870741625
P003289,C018,1,1485.2455077719974
P003291,C001,1,858.3019870741625
P003291,C018,1,1545.2455077719974
P003291,C021,1,1545.2455077719974
P003293,C001,1,858.3019870741625
P003293,C018,1,1545.2455077719974
P003293,C020,1,1545.2455077719974
P003295,C001,1,828.3019870741625
P003295,C017,1,1485.2455077719974
P003297,C001,1,858.3019870741625
P003297,C017,1,1545.2455077719974
P003297,C021,1,1545.2455077719974
P003299,C001,1,858.3019870741625
P003299,C017,1,1545.2455077719974
P003299,C020,1,1545.2455077719974
P003301,C001,1,858.3019870741625
P003301,C017,1,1545.2455077719974
P003301,C019,1,1545.2455077719974
P003302,C001,1,1934.4290254717944
P003302,C017,1,1274.5321714406264
P003302,C019,1,1274.5321714406264
P003303,C001,1,858.3019870741625
P003303,C017,1,1545.2455077719974
P003303,C018,1,1545.2455077719974
P003316,C001,1,1934.4290254717944
P003316,C003,1,1934.4290254717944
P003316,C021,1,1244.5321714406264
P003318,C001,1,1934.4290254717944
P003318,C003,1,1934.4290254717944
P003318,C020,1,1244.5321714406264
P003319,C001,1,888.3019870741625
P003319,C003,1,888.3019870741625
P003319,C018,1,1545.2455077719974
P003320,C001,1,1934.4290254717944
P003320,C003,1,1934.4290254717944
P003320,C018,1,1244.5321714406264
P003323,C001,1,888.3019870741625
P003323,C002,1,888.3019870741625
P003323,C021,1,1545.2455077719974
P003324,C001,1,1934.4290254717944
P003324,C002,1,1934.4290254717944
P003324,C021,1,1244.5321714406264
P003325,C001,1,888.3019870741625
P003325,C002,1,888.3019870741625
P003325,C020,1,1545.2455077719974
P003326,C001,1,1934.4290254717944
P003326,C002,1,1934.4290254717944
P003326,C020,1,1244.5321714406264
P003327,C001,1,888.3019870741625
P003327,C002,1,888.3019870741625
P003327,C019,1,1545.2455077719974
P003328,C001,1,1934.4290254717944
P003328,C002,1,1934.4290254717944
P003328,C019,1,1244.5321714406264
P003329,C001,1,888.3019870741625
P003329,C002,1,888.3019870741625
P003329,C018,1,1545.2455077719974
P003331,C001,1,888.3019870741625
P003331,C002,1,888.3019870741625
P003331,C017,1,1545.2455077719974
P003333,C001,1,918.3019870741624
P003333,C002,1,918.3019870741624
P003333,C017,1,1605.2455077719974
P003333,C021,1,1605.2455077719974
P003334,C001,1,1994.4290254717944
P003334,C002,1,1994.4290254717944
P003334,C017,1,1304.5321714406264
P003334,C021,1,1304.5321714406264
P003335,C001,1,918.3019870741624
P003335,C002,1,918.3019870741624
P003335,C017,1,1605.2455077719974
P003335,C020,1,1605.2455077719974
P003336,C001,1,1994.4290254717944
P003336,C002,1,1994.4290254717944
P003336,C017,1,1304.5321714406264
P003336,C020,1,1304.5321714406264
P003337,C001,1,918.3019870741624
P003337,C002,1,918.3019870741624
P003337,C017,1,1605.2455077719974
P003337,C019,1,1605.2455077719974
P003338,C001,1,1994.4290254717944
P003338,C002,1,1994.4290254717944
P003338,C017,1,1304.5321714406264
P003338,C019,1,1304.5321714406264
P003339,C001,1,918.3019870741624
P003339,C002,1,918.3019870741624
P003339,C017,1,1605.2455077719974
P003339,C018,1,1605.2455077719974
P003340,C001,1,1994.4290254717944
P003340,C002,1,1994.4290254717944
P003340,C017,1,1304.5321714406264
P003340,C018,1,1304.5321714406264
P003341,C001,1,948.3019870741624
P003341,C002,1,948.3019870741624
P003341,C006,1,948.3019870741624
P003341,C017,1,1605.2455077719974
P003342,C001,1,1994.4290254717944
P003342,C002,1,1994.4290254717944
P003342,C006,1,1994.4290254717944
P003342,C017,1,1274.5321714406264
P003343,C001,1,948.3019870741624
P003343,C002,1,948.3019870741624
P003343,C005,1,948.3019870741624
P003343,C017,1,1605.2455077719974
P003344,C001,1,1994.4290254717944
P003344,C002,1,1994.4290254717944
P003344,C005,1,1994.4290254717944
P003344,C017,1,1274.5321714406264
P003345,C001,1,948.3019870741624
P003345,C002,1,948.3019870741624
P003345,C004,1,948.3019870741624
P003345,C017,1,1605.2455077719974
P003346,C001,1,1994.4290254717944
P003346,C002,1,1994.4290254717944
P003346,C004,1,1994.4290254717944
P003346,C017,1,1274.5321714406264
P003347,C001,1,948.3019870741624
P003347,C002,1,948.3019870741624
P003347,C003,1,948.3019870741624
P003347,C017,1,1605.2455077719974
P003348,C001,1,1994.4290254717944
P003348,C002,1,1994.4290254717944
P003348,C003,1,1994.4290254717944
P003348,C017,1,1274.5321714406264
P003349,C006,1,828.3019870741625
P003349,C026,1,1296.4964054600905
P003350,C006,1,1481.1965905918555
P003350,C026,1,1012.268838872594
P003351,C006,1,828.3019870741625
P003351,C025,1,1296.4964054600905
P003352,C006,1,1481.1965905918555
P003352,C025,1,1012.268838872594
P003353,C006,1,828.3019870741625
P003353,C024,1,1296.4964054600905
P003354,C006,1,1481.1965905918555
P003354,C024,1,1012.268838872594
P003355,C006,1,828.3019870741625
P003355,C023,1,1296.4964054600905
P003357,C006,1,828.3019870741625
P003357,C022,1,1296.4964054600905
P003358,C006,1,1481.1965905918555
P003358,C022,1,1012.268838872594
P003359,C006,1,858.3019870741625
P003359,C022,1,1356.4964054600905
P003359,C023,1,1356.4964054600905
P003360,C006,1,1541.1965905918555
P003360,C022,1,1072.2688388725942
P003360,C023,1,1072.2688388725942
P003361,C005,1,828.3019870741625
P003361,C026,1,1296.4964054600905
P003362,C005,1,1481.1965905918555
P003362,C026,1,1012.268838872594
P003363,C005,1,828.3019870741625
P003363,C025,1,1296.4964054600905
P003364,C005,1,1481.1965905918555
P003364,C025,1,1012.268838872594
P003365,C005,1,828.3019870741625
P003365,C024,1,1296.4964054600905
P003366,C005,1,1481.1965905918555
P003366,C024,1,1012.268838872594
P003371,C005,1,858.3019870741625
P003371,C022,1,1356.4964054600905
P003371,C023,1,1356.4964054600905
P003372,C005,1,1541.1965905918555
P003372,C022,1,1072.2688388725942
P003372,C023,1,1072.2688388725942
P003376,C004,1,1481.1965905918555
P003376,C025,1,1012.268838872594
P003377,C004,1,828.3019870741625
P003377,C024,1,1296.4964054600905
P003378,C004,1,1481.1965905918555
P003378,C024,1,1012.268838872594
P003382,C004,1,1481.1965905918555
P003382,C022,1,1012.268838872594
P003386,C003,1,1481.1965905918555
P003386,C025,1,1012.268838872594
P003392,C003,1,1481.1965905918555
P003392,C022,1,1012.268838872594
P003393,C003,1,858.3019870741625
P003393,C022,1,1356.4964054600905
P003393,C026,1,1356.4964054600905
P003394,C003,1,1541.1965905918555
P003394,C022,1,1072.2688388725942
P003394,C026,1,1072.2688388725942
P003395,C003,1,858.3019870741625
P003395,C022,1,1356.4964054600905
P003395,C025,1,1356.4964054600905
P003396,C003,1,1541.1965905918555
P003396,C022,1,1072.2688388725942
P003396,C025,1,1072.2688388725942
P003397,C003,1,858.3019870741625
P003397,C022,1,1356.4964054600905
P003397,C023,1,1356.4964054600905
P003398,C003,1,1541.1965905918555
P003398,C022,1,1072.2688388725942
P003398,C023,1,1072.2688388725942
P003403,C003,2,888.3019870741625
P003403,C022,1,1356.4964054600905
P003404,C003,2,1541.1965905918555
P003404,C022,1,1042.2688388725942
P003405,C002,1,828.3019870741625
P003405,C026,1,1296.4964054600905
P003407,C002,1,828.3019870741625
P003407,C025,1,1296.4964054600905
P003409,C002,1,828.3019870741625
P003409,C024,1,1296.4964054600905
P003411,C002,1,828.3019870741625
P003411,C023,1,1296.4964054600905
P003413,C002,1,858.3019870741625
P003413,C023,1,1356.4964054600905
P003413,C026,1,1356.4964054600905
P003414,C002,1,1541.1965905918555
P003414,C023,1,1072.2688388725942
P003414,C026,1,1072.2688388725942
P003415,C002,1,858.3019870741625
P003415,C023,1,1356.4964054600905
P003415,C025,1,1356.4964054600905
P003416,C002,1,1541.1965905918555
P003416,C023,1,1072.2688388725942
P003416,C025,1,1072.2688388725942
P003417,C002,1,828.3019870741625
P003417,C022,1,1296.4964054600905
P003419,C002,1,858.3019870741625
P003419,C022,1,1356.4964054600905
P003419,C026,1,1356.4964054600905
P003421,C002,1,858.3019870741625
P003421,C022,1,1356.4964054600905
P003421,C025,1,1356.4964054600905
P003423,C002,1,858.3019870741625
P003423,C022,1,1356.4964054600905
P003423,C024,1,1356.4964054600905
P003424,C002,1,1541.1965905918555
P003424,C022,1,1072.2688388725942
P003424,C024,1,1072.2688388725942
P003425,C002,1,858.3019870741625
P003425,C022,1,1356.4964054600905
P003425,C023,1,1356.4964054600905
P003437,C002,1,888.3019870741625
P003437,C003,1,888.3019870741625
P003437,C026,1,1356.4964054600905
P003438,C002,1,1541.1965905918555
P003438,C003,1,1541.1965905918555
P003438,C026,1,1042.2688388725942
P003439,C002,1,888.3019870741625
P003439,C003,1,888.3019870741625
P003439,C025,1,1356.4964054600905
P003440,C002,1,1541.1965905918555
P003440,C003,1,1541.1965905918555
P003440,C025,1,1042.2688388725942
P003441,C002,1,888.3019870741625
P003441,C003,1,888.3019870741625
P003441,C023,1,1356.4964054600905
P003442,C002,1,1541.1965905918555
P003442,C003,1,1541.1965905918555
P003442,C023,1,1042.2688388725942
P003445,C001,1,828.3019870741625
P003445,C026,1,1296.4964054600905
P003447,C001,1,828.3019870741625
P003447,C025,1,1296.4964054600905
P003453,C001,1,858.3019870741625
P003453,C023,1,1356.4964054600905
P003453,C026,1,1356.4964054600905
P003455,C001,1,858.3019870741625
P003455,C023,1,1356.4964054600905
P003455,C025,1,1356.4964054600905
P003457,C001,1,828.3019870741625
P003457,C022,1,1296.4964054600905
P003459,C001,1,858.3019870741625
P003459,C022,1,1356.4964054600905
P003459,C026,1,1356.4964054600905
P003461,C001,1,858.3019870741625
P003461,C022,1,1356.4964054600905
P003461,C025,1,1356.4964054600905
P003463,C001,1,858.3019870741625
P003463,C022,1,1356.4964054600905
P003463,C024,1,1356.4964054600905
P003464,C001,1,1541.1965905918555
P003464,C022,1,1072.2688388725942
P003464,C024,1,1072.2688388725942
P003481,C001,1,888.3019870741625
P003481,C003,1,888.3019870741625
P003481,C023,1,1356.4964054600905
P003482,C001,1,1541.1965905918555
P003482,C003,1,1541.1965905918555
P003482,C023,1,1042.2688388725942
P003485,C001,1,888.3019870741625
P003485,C002,1,888.3019870741625
P003485,C026,1,1356.4964054600905
P003487,C001,1,888.3019870741625
P003487,C002,1,888.3019870741625
P003487,C025,1,1356.4964054600905
P003489,C001,1,888.3019870741625
P003489,C002,1,888.3019870741625
P003489,C024,1,1356.4964054600905
P003490,C001,1,1541.1965905918555
P003490,C002,1,1541.1965905918555
P003490,C024,1,1042.2688388725942
P003491,C001,1,888.3019870741625
P003491,C002,1,888.3019870741625
P003491,C023,1,1356.4964054600905
P003495,C001,1,918.3019870741624
P003495,C002,1,918.3019870741624
P003495,C022,1,1416.4964054600905
P003495,C026,1,1416.4964054600905
P003496,C001,1,1601.1965905918555
P003496,C002,1,1601.1965905918555
P003496,C022,1,1102.2688388725942
P003496,C026,1,1102.2688388725942
P003497,C001,1,918.3019870741624
P003497,C002,1,918.3019870741624
P003497,C022,1,1416.4964054600905
P003497,C025,1,1416.4964054600905
P003498,C001,1,1601.1965905918555
P003498,C002,1,1601.1965905918555
P003498,C022,1,1102.2688388725942
P003498,C025,1,1102.2688388725942
P003499,C001,1,918.3019870741624
P003499,C002,1,918.3019870741624
P003499,C022,1,1416.4964054600905
P003499,C024,1,1416.4964054600905
P003500,C001,1,1601.1965905918555
P003500,C002,1,1601.1965905918555
P003500,C022,1,1102.2688388725942
P003500,C024,1,1102.2688388725942
P003501,C001,1,918.3019870741624
P003501,C002,1,918.3019870741624
P003501,C022,1,1416.4964054600905
P003501,C023,1,1416.4964054600905
P003502,C001,1,1601.1965905918555
P003502,C002,1,1601.1965905918555
P003502,C022,1,1102.2688388725942
P003502,C023,1,1102.2688388725942
P003503,C001,1,948.3019870741624
P003503,C002,1,948.3019870741624
P003503,C006,1,948.3019870741624
P003503,C022,1,1416.4964054600905
P003504,C001,1,1601.1965905918555
P003504,C002,1,1601.1965905918555
P003504,C006,1,1601.1965905918555
P003504,C022,1,1072.2688388725942
P003505,C001,1,948.3019870741624
P003505,C002,1,948.3019870741624
P003505,C005,1,948.3019870741624
P003505,C022,1,1416.4964054600905
P003506,C001,1,1601.1965905918555
P003506,C002,1,1601.1965905918555
P003506,C005,1,1601.1965905918555
P003506,C022,1,1072.2688388725942
P003507,C001,1,948.3019870741624
P003507,C002,1,948.3019870741624
P003507,C004,1,948.3019870741624
P003507,C022,1,1416.4964054600905
P003508,C001,1,1601.1965905918555
P003508,C002,1,1601.1965905918555
P003508,C004,1,1601.1965905918555
P003508,C022,1,1072.2688388725942
P003509,C001,1,948.3019870741624
P003509,C002,1,948.3019870741624
P003509,C003,1,948.3019870741624
P003509,C022,1,1416.4964054600905
P003510,C001,1,1601.1965905918555
P003510,C002,1,1601.1965905918555
P003510,C003,1,1601.1965905918555
P003510,C022,1,1072.2688388725942
P003511,C006,1,828.3019870741625
P003511,C031,1,1463.0274345246653
P003512,C006,1,1495.4991239399544
P003512,C031,1,852.0536764894517
P003513,C006,1,828.3019870741625
P003513,C030,1,1463.0274345246653
P003514,C006,1,1495.4991239399544
P003514,C030,1,852.0536764894517
P003515,C006,1,828.3019870741625
P003515,C029,1,1463.0274345246653
P003516,C006,1,1495.4991239399544
P003516,C029,1,852.0536764894517
P003517,C006,1,828.3019870741625
P003517,C028,1,1463.0274345246653
P003519,C006,1,828.3019870741625
P003519,C027,1,1463.0274345246653
P003520,C006,1,1495.4991239399544
P003520,C027,1,852.0536764894517
P003521,C006,1,858.3019870741625
P003521,C027,1,1523.0274345246653
P003521,C028,1,1523.0274345246653
P003522,C006,1,1555.4991239399544
P003522,C027,1,912.0536764894516
P003522,C028,1,912.0536764894516
P003523,C005,1,828.3019870741625
P003523,C031,1,1463.0274345246653
P003524,C005,1,1495.4991239399544
P003524,C031,1,852.0536764894517
P003525,C005,1,828.3019870741625
P003525,C030,1,1463.0274345246653
P003526,C005,1,1495.4991239399544
P003526,C030,1,852.0536764894517
P003527,C005,1,828.3019870741625
P003527,C029,1,1463.0274345246653
P003528,C005,1,1495.4991239399544
P003528,C029,1,852.0536764894517
P003533,C005,1,858.3019870741625
P003533,C027,1,1523.0274345246653
P003533,C028,1,1523.0274345246653
P003534,C005,1,1555.4991239399544
P003534,C027,1,912.0536764894516
P003534,C028,1,912.0536764894516
P003538,C004,1,1495.4991239399544
P003538,C030,1,852.0536764894517
P003539,C004,1,828.3019870741625
P003539,C029,1,1463.0274345246653
P003540,C004,1,1495.4991239399544
P003540,C029,1,852.0536764894517
P003544,C004,1,1495.4991239399544
P003544,C027,1,852.0536764894517
P003548,C003,1,1495.4991239399544
P003548,C030,1,852.0536764894517
P003554,C003,1,1495.4991239399544
P003554,C027,1,852.0536764894517
P003555,C003,1,858.3019870741625
P003555,C027,1,1523.0274345246653
P003555,C031,1,1523.0274345246653
P003556,C003,1,1555.4991239399544
P003556,C027,1,912.0536764894516
P003556,C031,1,912.0536764894516
P003557,C003,1,858.3019870741625
P003557,C027,1,1523.0274345246653
P003557,C030,1,1523.0274345246653
P003558,C003,1,1555.4991239399544
P003558,C027,1,912.0536764894516
P003558,C030,1,912.0536764894516
P003559,C003,1,858.3019870741625
P003559,C027,1,1523.0274345246653
P003559,C028,1,1523.0274345246653
P003560,C003,1,1555.4991239399544
P003560,C027,1,912.0536764894516
P003560,C028,1,912.0536764894516
P003565,C003,2,888.3019870741625
P003565,C027,1,1523.0274345246653
P003566,C003,2,1555.4991239399544
P003566,C027,1,882.0536764894517
P003575,C002,1,858.3019870741625
P003575,C028,1,1523.0274345246653
P003575,C031,1,1523.0274345246653
P003576,C002,1,1555.4991239399544
P003576,C028,1,912.0536764894516
P003576,C031,1,912.0536764894516
P003577,C002,1,858.3019870741625
P003577,C028,1,1523.0274345246653
P003577,C030,1,1523.0274345246653
P003578,C002,1,1555.4991239399544
P003578,C028,1,912.0536764894516
P003578,C030,1,912.0536764894516
P003581,C002,1,858.3019870741625
P003581,C027,1,1523.0274345246653
P003581,C031,1,1523.0274345246653
P003583,C002,1,858.3019870741625
P003583,C027,1,1523.0274345246653
P003583,C030,1,1523.0274345246653
P003585,C002,1,858.3019870741625
P003585,C027,1,1523.0274345246653
P003585,C029,1,1523.0274345246653
P003586,C002,1,1555.4991239399544
P003586,C027,1,912.0536764894516
P003586,C029,1,912.0536764894516
P003599,C002,1,888.3019870741625
P003599,C003,1,888.3019870741625
P003599,C031,1,1523.0274345246653
P003600,C002,1,1555.4991239399544
P003600,C003,1,1555.4991239399544
P003600,C031,1,882.0536764894517
P003601,C002,1,888.3019870741625
P003601,C003,1,888.3019870741625
P003601,C030,1,1523.0274345246653
P003602,C002,1,1555.4991239399544
P003602,C003,1,1555.4991239399544
P003602,C030,1,882.0536764894517
P003603,C002,1,888.3019870741625
P003603,C003,1,888.3019870741625
P003603,C028,1,1523.0274345246653
P003604,C002,1,1555.4991239399544
P003604,C003,1,1555.4991239399544
P003604,C028,1,882.0536764894517
P003615,C001,1,858.3019870741625
P003615,C028,1,1523.0274345246653
P003615,C031,1,1523.0274345246653
P003617,C001,1,858.3019870741625
P003617,C028,1,1523.0274345246653
P003617,C030,1,1523.0274345246653
P003625,C001,1,858.3019870741625
P003625,C027,1,1523.0274345246653
P003625,C029,1,1523.0274345246653
P003626,C001,1,1555.4991239399544
P003626,C027,1,912.0536764894516
P003626,C029,1,912.0536764894516
P003643,C001,1,888.3019870741625
P003643,C003,1,888.3019870741625
P003643,C028,1,1523.0274345246653
P003644,C001,1,1555.4991239399544
P003644,C003,1,1555.4991239399544
P003644,C028,1,882.0536764894517
P003651,C001,1,888.3019870741625
P003651,C002,1,888.3019870741625
P003651,C029,1,1523.0274345246653
P003652,C001,1,1555.4991239399544
P003652,C002,1,1555.4991239399544
P003652,C029,1,882.0536764894517
P003657,C001,1,918.3019870741624
P003657,C002,1,918.3019870741624
P003657,C027,1,1583.0274345246653
P003657,C031,1,1583.0274345246653
P003658,C001,1,1615.4991239399544
P003658,C002,1,1615.4991239399544
P003658,C027,1,942.0536764894516
P003658,C031,1,942.0536764894516
P003659,C001,1,918.3019870741624
P003659,C002,1,918.3019870741624
P003659,C027,1,1583.0274345246653
P003659,C030,1,1583.0274345246653
P003660,C001,1,1615.4991239399544
P003660,C002,1,1615.4991239399544
P003660,C027,1,942.0536764894516
P003660,C030,1,942.0536764894516
P003661,C001,1,918.3019870741624
P003661,C002,1,918.3019870741624
P003661,C027,1,1583.0274345246653
P003661,C029,1,1583.0274345246653
P003662,C001,1,1615.4991239399544
P003662,C002,1,1615.4991239399544
P003662,C027,1,942.0536764894516
P003662,C029,1,942.0536764894516
P003663,C001,1,918.3019870741624
P003663,C002,1,918.3019870741624
P003663,C027,1,1583.0274345246653
P003663,C028,1,1583.0274345246653
P003664,C001,1,1615.4991239399544
P003664,C002,1,1615.4991239399544
P003664,C027,1,942.0536764894516
P003664,C028,1,942.0536764894516
P003665,C001,1,948.3019870741624
P003665,C002,1,948.3019870741624
P003665,C006,1,948.3019870741624
P003665,C027,1,1583.0274345246653
P003667,C001,1,948.3019870741624
P003667,C002,1,948.3019870741624
P003667,C005,1,948.3019870741624
P003667,C027,1,1583.0274345246653
P003669,C001,1,948.3019870741624
P003669,C002,1,948.3019870741624
P003669,C004,1,948.3019870741624
P003669,C027,1,1583.0274345246653
P003670,C001,1,1615.4991239399544
P003670,C002,1,1615.4991239399544
P003670,C004,1,1615.4991239399544
P003670,C027,1,912.0536764894516
P003671,C001,1,948.3019870741624
P003671,C002,1,948.3019870741624
P003671,C003,1,948.3019870741624
P003671,C027,1,1583.0274345246653
P003673,C006,1,828.3019870741625
P003673,C036,1,1474.9411000189089
P003674,C006,1,1693.3408836876429
P003674,C036,1,1035.73510407623
P003675,C006,1,828.3019870741625
P003675,C035,1,1474.9411000189089
P003676,C006,1,1693.3408836876429
P003676,C035,1,1035.73510407623
P003677,C006,1,828.3019870741625
P003677,C034,1,1474.9411000189089
P003678,C006,1,1693.3408836876429
P003678,C034,1,1035.73510407623
P003679,C006,1,828.3019870741625
P003679,C033,1,1474.9411000189089
P003681,C006,1,828.3019870741625
P003681,C032,1,1474.9411000189089
P003682,C006,1,1693.3408836876429
P003682,C032,1,1035.73510407623
P003683,C006,1,858.3019870741625
P003683,C032,1,1534.9411000189089
P003683,C033,1,1534.9411000189089
P003684,C006,1,1753.3408836876429
P003684,C032,1,1095.73510407623
P003684,C033,1,1095.73510407623
P003685,C005,1,828.3019870741625
P003685,C036,1,1474.9411000189089
P003686,C005,1,1693.3408836876429
P003686,C036,1,1035.73510407623
P003687,C005,1,828.3019870741625
P003687,C035,1,1474.9411000189089
P003688,C005,1,1693.3408836876429
P003688,C035,1,1035.73510407623
P003689,C005,1,828.3019870741625
P003689,C034,1,1474.9411000189089
P003690,C005,1,1693.3408836876429
P003690,C034,1,1035.73510407623
P003691,C005,1,828.3019870741625
P003691,C033,1,1474.9411000189089
P003693,C005,1,828.3019870741625
P003693,C032,1,1474.9411000189089
P003695,C005,1,858.3019870741625
P003695,C032,1,1534.9411000189089
P003695,C033,1,1534.9411000189089
P003696,C005,1,1753.3408836876429
P003696,C032,1,1095.73510407623
P003696,C033,1,1095.73510407623
P003697,C004,1,828.3019870741625
P003697,C036,1,1474.9411000189089
P003699,C004,1,828.3019870741625
P003699,C035,1,1474.9411000189089
P003700,C004,1,1693.3408836876429
P003700,C035,1,1035.73510407623
P003701,C004,1,828.3019870741625
P003701,C034,1,1474.9411000189089
P003702,C004,1,1693.3408836876429
P003702,C034,1,1035.73510407623
P003703,C004,1,828.3019870741625
P003703,C033,1,1474.9411000189089
P003705,C004,1,828.3019870741625
P003705,C032,1,1474.9411000189089
P003706,C004,1,1693.3408836876429
P003706,C032,1,1035.73510407623
P003707,C003,1,828.3019870741625
P003707,C036,1,1474.9411000189089
P003709,C003,1,828.3019870741625
P003709,C035,1,1474.9411000189089
P003710,C003,1,1693.3408836876429
P003710,C035,1,1035.73510407623
P003711,C003,1,828.3019870741625
P003711,C034,1,1474.9411000189089
P003713,C003,1,828.3019870741625
P003713,C033,1,1474.9411000189089
P003715,C003,1,828.3019870741625
P003715,C032,1,1474.9411000189089
P003716,C003,1,1693.3408836876429
P003716,C032,1,1035.73510407623
P003717,C003,1,858.3019870741625
P003717,C032,1,1534.9411000189089
P003717,C036,1,1534.9411000189089
P003718,C003,1,1753.3408836876429
P003718,C032,1,1095.73510407623
P003718,C036,1,1095.73510407623
P003719,C003,1,858.3019870741625
P003719,C032,1,1534.9411000189089
P003719,C035,1,1534.9411000189089
P003720,C003,1,1753.3408836876429
P003720,C032,1,1095.73510407623
P003720,C035,1,1095.73510407623
P003721,C003,1,858.3019870741625
P003721,C032,1,1534.9411000189089
P003721,C033,1,1534.9411000189089
P003722,C003,1,1753.3408836876429
P003722,C032,1,1095.73510407623
P003722,C033,1,1095.73510407623
P003723,C003,1,888.3019870741625
P003723,C006,1,888.3019870741625
P003723,C032,1,1534.9411000189089
P003725,C003,1,888.3019870741625
P003725,C005,1,888.3019870741625
P003725,C032,1,1534.9411000189089
P003727,C003,2,888.3019870741625
P003727,C032,1,1534.9411000189089
P003728,C003,2,1753.3408836876429
P003728,C032,1,1065.73510407623
P003729,C002,1,828.3019870741625
P003729,C036,1,1474.9411000189089
P003731,C002,1,828.3019870741625
P003731,C035,1,1474.9411000189089
P003733,C002,1,828.3019870741625
P003733,C034,1,1474.9411000189089
P003735,C002,1,828.3019870741625
P003735,C033,1,1474.9411000189089
P003737,C002,1,858.3019870741625
P003737,C033,1,1534.9411000189089
P003737,C036,1,1534.9411000189089
P003738,C002,1,1753.3408836876429
P003738,C033,1,1095.73510407623
P003738,C036,1,1095.73510407623
P003739,C002,1,858.3019870741625
P003739,C033,1,1534.9411000189089
P003739,C035,1,1534.9411000189089
P003740,C002,1,1753.3408836876429
P003740,C033,1,1095.73510407623
P003740,C035,1,1095.73510407623
P003741,C002,1,828.3019870741625
P003741,C032,1,1474.9411000189089
P003743,C002,1,858.3019870741625
P003743,C032,1,1534.9411000189089
P003743,C036,1,1534.9411000189089
P003745,C002,1,858.3019870741625
P003745,C032,1,1534.9411000189089
P003745,C035,1,1534.9411000189089
P003747,C002,1,858.3019870741625
P003747,C032,1,1534.9411000189089
P003747,C034,1,1534.9411000189089
P003748,C002,1,1753.3408836876429
P003748,C032,1,1095.73510407623
P003748,C034,1,1095.73510407623
P003751,C002,1,888.3019870741625
P003751,C006,1,888.3019870741625
P003751,C033,1,1534.9411000189089
P003755,C002,1,888.3019870741625
P003755,C005,1,888.3019870741625
P003755,C033,1,1534.9411000189089
P003761,C002,1,888.3019870741625
P003761,C003,1,888.3019870741625
P003761,C036,1,1534.9411000189089
P003762,C002,1,1753.3408836876429
P003762,C003,1,1753.3408836876429
P003762,C036,1,1065.73510407623
P003763,C002,1,888.3019870741625
P003763,C003,1,888.3019870741625
P003763,C035,1,1534.9411000189089
P003764,C002,1,1753.3408836876429
P003764,C003,1,1753.3408836876429
P003764,C035,1,1065.73510407623
P003765,C002,1,888.3019870741625
P003765,C003,1,888.3019870741625
P003765,C033,1,1534.9411000189089
P003766,C002,1,1753.3408836876429
P003766,C003,1,1753.3408836876429
P003766,C033,1,1065.73510407623
P003769,C001,1,828.3019870741625
P003769,C036,1,1474.9411000189089
P003771,C001,1,828.3019870741625
P003771,C035,1,1474.9411000189089
P003773,C001,1,828.3019870741625
P003773,C034,1,1474.9411000189089
P003777,C001,1,858.3019870741625
P003777,C033,1,1534.9411000189089
P003777,C036,1,1534.9411000189089
P003779,C001,1,858.3019870741625
P003779,C033,1,1534.9411000189089
P003779,C035,1,1534.9411000189089
P003787,C001,1,858.3019870741625
P003787,C032,1,1534.9411000189089
P003787,C034,1,1534.9411000189089
P003788,C001,1,1753.3408836876429
P003788,C032,1,1095.73510407623
P003788,C034,1,1095.73510407623
P003801,C001,1,888.3019870741625
P003801,C003,1,888.3019870741625
P003801,C036,1,1534.9411000189089
P003803,C001,1,888.3019870741625
P003803,C003,1,888.3019870741625
P003803,C035,1,1534.9411000189089
P003805,C001,1,888.3019870741625
P003805,C003,1,888.3019870741625
P003805,C033,1,1534.9411000189089
P003806,C001,1,1753.3408836876429
P003806,C003,1,1753.3408836876429
P003806,C033,1,1065.73510407623
P003813,C001,1,888.3019870741625
P003813,C002,1,888.3019870741625
P003813,C034,1,1534.9411000189089
P003814,C001,1,1753.3408836876429
P003814,C002,1,1753.3408836876429
P003814,C034,1,1065.73510407623
P003819,C001,1,918.3019870741624
P003819,C002,1,918.3019870741624
P003819,C032,1,1594.9411000189089
P003819,C036,1,1594.9411000189089
P003820,C001,1,1813.3408836876429
P003820,C002,1,1813.3408836876429
P003820,C032,1,1125.73510407623
P003820,C036,1,1125.73510407623
P003821,C001,1,918.3019870741624
P003821,C002,1,918.3019870741624
P003821,C032,1,1594.9411000189089
P003821,C035,1,1594.9411000189089
P003822,C001,1,1813.3408836876429
P003822,C002,1,1813.3408836876429
P003822,C032,1,1125.73510407623
P003822,C035,1,1125.73510407623
P003823,C001,1,918.3019870741624
P003823,C002,1,918.3019870741624
P003823,C032,1,1594.9411000189089
P003823,C034,1,1594.9411000189089
P003824,C001,1,1813.3408836876429
P003824,C002,1,1813.3408836876429
P003824,C032,1,1125.73510407623
P003824,C034,1,1125.73510407623
P003825,C001,1,918.3019870741624
P003825,C002,1,918.3019870741624
P003825,C032,1,1594.9411000189089
P003825,C033,1,1594.9411000189089
P003826,C001,1,1813.3408836876429
P003826,C002,1,1813.3408836876429
P003826,C032,1,1125.73510407623
P003826,C033,1,1125.73510407623
P003827,C001,1,948.3019870741624
P003827,C002,1,948.3019870741624
P003827,C006,1,948.3019870741624
P003827,C032,1,1594.9411000189089
P003828,C001,1,1813.3408836876429
P003828,C002,1,1813.3408836876429
P003828,C006,1,1813.3408836876429
P003828,C032,1,1095.73510407623
P003829,C001,1,948.3019870741624
P003829,C002,1,948.3019870741624
P003829,C005,1,948.3019870741624
P003829,C032,1,1594.9411000189089
P003830,C001,1,1813.3408836876429
P003830,C002,1,1813.3408836876429
P003830,C005,1,1813.3408836876429
P003830,C032,1,1095.73510407623
P003831,C001,1,948.3019870741624
P003831,C002,1,948.3019870741624
P003831,C004,1,948.3019870741624
P003831,C032,1,1594.9411000189089
P003832,C001,1,1813.3408836876429
P003832,C002,1,1813.3408836876429
P003832,C004,1,1813.3408836876429
P003832,C032,1,1095.73510407623
P003833,C001,1,948.3019870741624
P003833,C002,1,948.3019870741624
P003833,C003,1,948.3019870741624
P003833,C032,1,1594.9411000189089
P003834,C001,1,1813.3408836876429
P003834,C002,1,1813.3408836876429
P003834,C003,1,1813.3408836876429
P003834,C032,1,1095.73510407623
P003835,C006,1,828.3019870741625
P003835,C041,1,1506.463926479826
P003836,C006,1,828.3019870741625
P003836,C040,1,1506.463926479826
P003837,C006,1,828.3019870741625
P003837,C039,1,1506.463926479826
P003838,C006,1,1887.1262486517649
P003838,C039,1,1203.1709759127682
P003839,C006,1,828.3019870741625
P003839,C038,1,1506.463926479826
P003841,C006,1,828.3019870741625
P003841,C037,1,1506.463926479826
P003842,C006,1,1887.1262486517649
P003842,C037,1,1203.1709759127682
P003843,C006,1,858.3019870741625
P003843,C037,1,1566.463926479826
P003843,C038,1,1566.463926479826
P003844,C005,1,828.3019870741625
P003844,C041,1,1506.463926479826
P003845,C005,1,828.3019870741625
P003845,C040,1,1506.463926479826
P003846,C005,1,828.3019870741625
P003846,C039,1,1506.463926479826
P003847,C005,1,1887.1262486517649
P003847,C039,1,1203.1709759127682
P003852,C005,1,858.3019870741625
P003852,C037,1,1566.463926479826
P003852,C038,1,1566.463926479826
P003856,C004,1,1887.1262486517649
P003856,C040,1,1203.1709759127682
P003857,C004,1,828.3019870741625
P003857,C039,1,1506.463926479826
P003858,C004,1,1887.1262486517649
P003858,C039,1,1203.1709759127682
P003862,C004,1,1887.1262486517649
P003862,C037,1,1203.1709759127682
P003866,C003,1,1887.1262486517649
P003866,C040,1,1203.1709759127682
P003872,C003,1,1887.1262486517649
P003872,C037,1,1203.1709759127682
P003873,C003,1,858.3019870741625
P003873,C037,1,1566.463926479826
P003873,C041,1,1566.463926479826
P003874,C003,1,1947.1262486517649
P003874,C037,1,1263.1709759127682
P003874,C041,1,1263.1709759127682
P003875,C003,1,858.3019870741625
P003875,C037,1,1566.463926479826
P003875,C040,1,1566.463926479826
P003876,C003,1,1947.1262486517649
P003876,C037,1,1263.1709759127682
P003876,C040,1,1263.1709759127682
P003877,C003,1,858.3019870741625
P003877,C037,1,1566.463926479826
P003877,C038,1,1566.463926479826
P003878,C003,1,1947.1262486517649
P003878,C037,1,1263.1709759127682
P003878,C038,1,1263.1709759127682
P003881,C003,2,888.3019870741625
P003881,C037,1,1566.463926479826
P003882,C003,2,1947.1262486517649
P003882,C037,1,1233.1709759127682
P003891,C002,1,858.3019870741625
P003891,C038,1,1566.463926479826
P003891,C041,1,1566.463926479826
P003892,C002,1,1947.1262486517649
P003892,C038,1,1263.1709759127682
P003892,C041,1,1263.1709759127682
P003893,C002,1,858.3019870741625
P003893,C038,1,1566.463926479826
P003893,C040,1,1566.463926479826
P003894,C002,1,1947.1262486517649
P003894,C038,1,1263.1709759127682
P003894,C040,1,1263.1709759127682
P003897,C002,1,858.3019870741625
P003897,C037,1,1566.463926479826
P003897,C041,1,1566.463926479826
P003899,C002,1,858.3019870741625
P003899,C037,1,1566.463926479826
P003899,C040,1,1566.463926479826
P003901,C002,1,858.3019870741625
P003901,C037,1,1566.463926479826
P003901,C039,1,1566.463926479826
P003902,C002,1,1947.1262486517649
P003902,C037,1,1263.1709759127682
P003902,C039,1,1263.1709759127682
P003913,C002,1,888.3019870741625
P003913,C003,1,888.3019870741625
P003913,C041,1,1566.463926479826
P003914,C002,1,888.3019870741625
P003914,C003,1,888.3019870741625
P003914,C040,1,1566.463926479826
P003915,C002,1,888.3019870741625
P003915,C003,1,888.3019870741625
P003915,C038,1,1566.463926479826
P003916,C002,1,1947.1262486517649
P003916,C003,1,1947.1262486517649
P003916,C038,1,1233.1709759127682
P003927,C001,1,858.3019870741625
P003927,C038,1,1566.463926479826
P003927,C041,1,1566.463926479826
P003928,C001,1,1947.1262486517649
P003928,C038,1,1263.1709759127682
P003928,C041,1,1263.1709759127682
P003929,C001,1,858.3019870741625
P003929,C038,1,1566.463926479826
P003929,C040,1,1566.463926479826
P003930,C001,1,1947.1262486517649
P003930,C038,1,1263.1709759127682
P003930,C040,1,1263.1709759127682
P003937,C001,1,858.3019870741625
P003937,C037,1,1566.463926479826
P003937,C039,1,1566.463926479826
P003938,C001,1,1947.1262486517649
P003938,C037,1,1263.1709759127682
P003938,C039,1,1263.1709759127682
P003951,C001,1,888.3019870741625
P003951,C003,1,888.3019870741625
P003951,C038,1,1566.463926479826
P003952,C001,1,1947.1262486517649
P003952,C003,1,1947.1262486517649
P003952,C038,1,1233.1709759127682
P003959,C001,1,888.3019870741625
P003959,C002,1,888.3019870741625
P003959,C039,1,1566.463926479826
P003960,C001,1,1947.1262486517649
P003960,C002,1,1947.1262486517649
P003960,C039,1,1233.1709759127682
P003965,C001,1,918.3019870741624
P003965,C002,1,918.3019870741624
P003965,C037,1,1626.463926479826
P003965,C041,1,1626.463926479826
P003966,C001,1,2007.1262486517649
P003966,C002,1,2007.1262486517649
P003966,C037,1,1293.1709759127682
P003966,C041,1,1293.1709759127682
P003967,C001,1,918.3019870741624
P003967,C002,1,918.3019870741624
P003967,C037,1,1626.463926479826
P003967,C040,1,1626.463926479826
P003968,C001,1,2007.1262486517649
P003968,C002,1,2007.1262486517649
P003968,C037,1,1293.1709759127682
P003968,C040,1,1293.1709759127682
P003969,C001,1,918.3019870741624
P003969,C002,1,918.3019870741624
P003969,C037,1,1626.463926479826
P003969,C039,1,1626.463926479826
P003970,C001,1,2007.1262486517649
P003970,C002,1,2007.1262486517649
P003970,C037,1,1293.1709759127682
P003970,C039,1,1293.1709759127682
P003971,C001,1,918.3019870741624
P003971,C002,1,918.3019870741624
P003971,C037,1,1626.463926479826
P003971,C038,1,1626.463926479826
P003972,C001,1,2007.1262486517649
P003972,C002,1,2007.1262486517649
P003972,C037,1,1293.1709759127682
P003972,C038,1,1293.1709759127682
P003973,C001,1,948.3019870741624
P003973,C002,1,948.3019870741624
P003973,C006,1,948.3019870741624
P003973,C037,1,1626.463926479826
P003974,C001,1,948.3019870741624
P003974,C002,1,948.3019870741624
P003974,C005,1,948.3019870741624
P003974,C037,1,1626.463926479826
P003975,C001,1,948.3019870741624
P003975,C002,1,948.3019870741624
P003975,C004,1,948.3019870741624
P003975,C037,1,1626.463926479826
P003976,C001,1,2007.1262486517649
P003976,C002,1,2007.1262486517649
P003976,C004,1,2007.1262486517649
P003976,C037,1,1263.1709759127682
P003977,C001,1,948.3019870741624
P003977,C002,1,948.3019870741624
P003977,C003,1,948.3019870741624
P003977,C037,1,1626.463926479826
P003978,C001,1,2007.1262486517649
P003978,C002,1,2007.1262486517649
P003978,C003,1,2007.1262486517649
P003978,C037,1,1263.1709759127682
P003979,C006,1,828.3019870741625
P003979,C044,1,1247.2897169089426
P003980,C006,1,1424.0337648088755
P003980,C044,1,1001.9793683074286
P003981,C006,1,828.3019870741625
P003981,C043,1,1247.2897169089426
P003982,C006,1,1424.0337648088755
P003982,C043,1,1001.9793683074286
P003983,C006,1,828.3019870741625
P003983,C042,1,1247.2897169089426
P003984,C006,1,1424.0337648088755
P003984,C042,1,1001.9793683074286
P003985,C006,1,858.3019870741625
P003985,C042,1,1307.2897169089426
P003985,C043,1,1307.2897169089426
P003986,C006,1,1484.0337648088755
P003986,C042,1,1061.9793683074286
P003986,C043,1,1061.9793683074286
P003987,C005,1,828.3019870741625
P003987,C044,1,1247.2897169089426
P003988,C005,1,1424.0337648088755
P003988,C044,1,1001.9793683074286
P003989,C005,1,828.3019870741625
P003989,C043,1,1247.2897169089426
P003990,C005,1,1424.0337648088755
P003990,C043,1,1001.9793683074286
P003991,C005,1,828.3019870741625
P003991,C042,1,1247.2897169089426
P003992,C005,1,1424.0337648088755
P003992,C042,1,1001.9793683074286
P003993,C005,1,858.3019870741625
P003993,C042,1,1307.2897169089426
P003993,C043,1,1307.2897169089426
P003994,C005,1,1484.0337648088755
P003994,C042,1,1061.9793683074286
P003994,C043,1,1061.9793683074286
P003995,C004,1,828.3019870741625
P003995,C044,1,1247.2897169089426
P003996,C004,1,1424.0337648088755
P003996,C044,1,1001.9793683074286
P003997,C004,1,828.3019870741625
P003997,C043,1,1247.2897169089426
P003999,C004,1,828.3019870741625
P003999,C042,1,1247.2897169089426
P004000,C004,1,1424.0337648088755
P004000,C042,1,1001.9793683074286
P004002,C003,1,1424.0337648088755
P004002,C044,1,1001.9793683074286
P004005,C003,1,828.3019870741625
P004005,C042,1,1247.2897169089426
P004006,C003,1,1424.0337648088755
P004006,C042,1,1001.9793683074286
P004007,C003,1,858.3019870741625
P004007,C042,1,1307.2897169089426
P004007,C044,1,1307.2897169089426
P004008,C003,1,1484.0337648088755
P004008,C042,1,1061.9793683074286
P004008,C044,1,1061.9793683074286
P004009,C003,1,858.3019870741625
P004009,C042,1,1307.2897169089426
P004009,C043,1,1307.2897169089426
P004010,C003,1,1484.0337648088755
P004010,C042,1,1061.9793683074286
P004010,C043,1,1061.9793683074286
P004011,C003,1,888.3019870741625
P004011,C006,1,888.3019870741625
P004011,C042,1,1307.2897169089426
P004015,C003,2,888.3019870741625
P004015,C042,1,1307.2897169089426
P004016,C003,2,1484.0337648088755
P004016,C042,1,1031.9793683074286
P004017,C002,1,828.3019870741625
P004017,C044,1,1247.2897169089426
P004018,C002,1,1424.0337648088755
P004018,C044,1,1001.9793683074286
P004019,C002,1,828.3019870741625
P004019,C043,1,1247.2897169089426
P004020,C002,1,1424.0337648088755
P004020,C043,1,1001.9793683074286
P004021,C002,1,858.3019870741625
P004021,C043,1,1307.2897169089426
P004021,C044,1,1307.2897169089426
P004022,C002,1,1484.0337648088755
P004022,C043,1,1061.9793683074286
P004022,C044,1,1061.9793683074286
P004023,C002,1,828.3019870741625
P004023,C042,1,1247.2897169089426
P004024,C002,1,1424.0337648088755
P004024,C042,1,1001.9793683074286
P004025,C002,1,858.3019870741625
P004025,C042,1,1307.2897169089426
P004025,C044,1,1307.2897169089426
P004026,C002,1,1484.0337648088755
P004026,C042,1,1061.9793683074286
P004026,C044,1,1061.9793683074286
P004027,C002,1,858.3019870741625
P004027,C042,1,1307.2897169089426
P004027,C043,1,1307.2897169089426
P004028,C002,1,1484.0337648088755
P004028,C042,1,1061.9793683074286
P004028,C043,1,1061.9793683074286
P004029,C002,1,888.3019870741625
P004029,C006,1,888.3019870741625
P004029,C043,1,1307.2897169089426
P004039,C002,1,888.3019870741625
P004039,C003,1,888.3019870741625
P004039,C044,1,1307.2897169089426
P004040,C002,1,1484.0337648088755
P004040,C003,1,1484.0337648088755
P004040,C044,1,1031.9793683074286
P004041,C002,1,888.3019870741625
P004041,C003,1,888.3019870741625
P004041,C043,1,1307.2897169089426
P004042,C002,1,1484.0337648088755
P004042,C003,1,1484.0337648088755
P004042,C043,1,1031.9793683074286
P004045,C001,1,828.3019870741625
P004045,C044,1,1247.2897169089426
P004046,C001,1,1424.0337648088755
P004046,C044,1,1001.9793683074286
P004047,C001,1,828.3019870741625
P004047,C043,1,1247.2897169089426
P004048,C001,1,1424.0337648088755
P004048,C043,1,1001.9793683074286
P004049,C001,1,858.3019870741625
P004049,C043,1,1307.2897169089426
P004049,C044,1,1307.2897169089426
P004051,C001,1,828.3019870741625
P004051,C042,1,1247.2897169089426
P004052,C001,1,1424.0337648088755
P004052,C042,1,1001.9793683074286
P004053,C001,1,858.3019870741625
P004053,C042,1,1307.2897169089426
P004053,C044,1,1307.2897169089426
P004054,C001,1,1484.0337648088755
P004054,C042,1,1061.9793683074286
P004054,C044,1,1061.9793683074286
P004055,C001,1,858.3019870741625
P004055,C042,1,1307.2897169089426
P004055,C043,1,1307.2897169089426
P004056,C001,1,1484.0337648088755
P004056,C042,1,1061.9793683074286
P004056,C043,1,1061.9793683074286
P004069,C001,1,888.3019870741625
P004069,C003,1,888.3019870741625
P004069,C043,1,1307.2897169089426
P004070,C001,1,1484.0337648088755
P004070,C003,1,1484.0337648088755
P004070,C043,1,1031.9793683074286
P004073,C001,1,888.3019870741625
P004073,C002,1,888.3019870741625
P004073,C044,1,1307.2897169089426
P004074,C001,1,1484.0337648088755
P004074,C002,1,1484.0337648088755
P004074,C044,1,1031.9793683074286
P004075,C001,1,888.3019870741625
P004075,C002,1,888.3019870741625
P004075,C043,1,1307.2897169089426
P004076,C001,1,1484.0337648088755
P004076,C002,1,1484.0337648088755
P004076,C043,1,1031.9793683074286
P004077,C001,1,888.3019870741625
P004077,C002,1,888.3019870741625
P004077,C042,1,1307.2897169089426
P004079,C001,1,918.3019870741624
P004079,C002,1,918.3019870741624
P004079,C042,1,1367.2897169089426
P004079,C044,1,1367.2897169089426
P004080,C001,1,1544.0337648088755
P004080,C002,1,1544.0337648088755
P004080,C042,1,1091.9793683074286
P004080,C044,1,1091.9793683074286
P004081,C001,1,918.3019870741624
P004081,C002,1,918.3019870741624
P004081,C042,1,1367.2897169089426
P004081,C043,1,1367.2897169089426
P004082,C001,1,1544.0337648088755
P004082,C002,1,1544.0337648088755
P004082,C042,1,1091.9793683074286
P004082,C043,1,1091.9793683074286
P004083,C001,1,948.3019870741624
P004083,C002,1,948.3019870741624
P004083,C006,1,948.3019870741624
P004083,C042,1,1367.2897169089426
P004084,C001,1,1544.0337648088755
P004084,C002,1,1544.0337648088755
P004084,C006,1,1544.0337648088755
P004084,C042,1,1061.9793683074286
P004085,C001,1,948.3019870741624
P004085,C002,1,948.3019870741624
P004085,C005,1,948.3019870741624
P004085,C042,1,1367.2897169089426
P004086,C001,1,1544.0337648088755
P004086,C002,1,1544.0337648088755
P004086,C005,1,1544.0337648088755
P004086,C042,1,1061.9793683074286
P004087,C001,1,948.3019870741624
P004087,C002,1,948.3019870741624
P004087,C004,1,948.3019870741624
P004087,C042,1,1367.2897169089426
P004088,C001,1,1544.0337648088755
P004088,C002,1,1544.0337648088755
P004088,C004,1,1544.0337648088755
P004088,C042,1,1061.9793683074286
P004089,C001,1,948.3019870741624
P004089,C002,1,948.3019870741624
P004089,C003,1,948.3019870741624
P004089,C042,1,1367.2897169089426
P004090,C001,1,1544.0337648088755
P004090,C002,1,1544.0337648088755
P004090,C003,1,1544.0337648088755
P004090,C042,1,1061.9793683074286
P004091,C006,1,828.3019870741625
P004091,C047,1,1369.6302847724382
P004092,C006,1,1547.3239772621166
P004092,C047,1,994.8223462305076
P004093,C006,1,828.3019870741625
P004093,C046,1,1369.6302847724382
P004094,C006,1,1547.3239772621166
P004094,C046,1,994.8223462305076
P004095,C006,1,828.3019870741625
P004095,C045,1,1369.6302847724382
P004096,C006,1,1547.3239772621166
P004096,C045,1,994.8223462305076
P004097,C006,1,858.3019870741625
P004097,C045,1,1429.6302847724382
P004097,C046,1,1429.6302847724382
P004098,C006,1,1607.3239772621166
P004098,C045,1,1054.8223462305075
P004098,C046,1,1054.8223462305075
P004099,C005,1,828.3019870741625
P004099,C047,1,1369.6302847724382
P004100,C005,1,1547.3239772621166
P004100,C047,1,994.8223462305076
P004105,C005,1,858.3019870741625
P004105,C045,1,1429.6302847724382
P004105,C046,1,1429.6302847724382
P004106,C005,1,1607.3239772621166
P004106,C045,1,1054.8223462305075
P004106,C046,1,1054.8223462305075
P004108,C004,1,1547.3239772621166
P004108,C047,1,994.8223462305076
P004112,C004,1,1547.3239772621166
P004112,C045,1,994.8223462305076
P004114,C003,1,1547.3239772621166
P004114,C047,1,994.8223462305076
P004118,C003,1,1547.3239772621166
P004118,C045,1,994.8223462305076
P004119,C003,1,858.3019870741625
P004119,C045,1,1429.6302847724382
P004119,C047,1,1429.6302847724382
P004120,C003,1,1607.3239772621166
P004120,C045,1,1054.8223462305075
P004120,C047,1,1054.8223462305075
P004121,C003,1,858.3019870741625
P004121,C045,1,1429.6302847724382
P004121,C046,1,1429.6302847724382
P004122,C003,1,1607.3239772621166
P004122,C045,1,1054.8223462305075
P004122,C046,1,1054.8223462305075
P004123,C003,1,888.3019870741625
P004123,C006,1,888.3019870741625
P004123,C045,1,1429.6302847724382
P004127,C003,2,888.3019870741625
P004127,C045,1,1429.6302847724382
P004128,C003,2,1607.3239772621166
P004128,C045,1,1024.8223462305075
P004130,C002,1,1547.3239772621166
P004130,C047,1,994.8223462305076
P004133,C002,1,858.3019870741625
P004133,C046,1,1429.6302847724382
P004133,C047,1,1429.6302847724382
P004134,C002,1,1607.3239772621166
P004134,C046,1,1054.8223462305075
P004134,C047,1,1054.8223462305075
P004135,C002,1,828.3019870741625
P004135,C045,1,1369.6302847724382
P004137,C002,1,858.3019870741625
P004137,C045,1,1429.6302847724382
P004137,C047,1,1429.6302847724382
P004138,C002,1,1607.3239772621166
P004138,C045,1,1054.8223462305075
P004138,C047,1,1054.8223462305075
P004140,C002,1,1607.3239772621166
P004140,C045,1,1054.8223462305075
P004140,C046,1,1054.8223462305075
P004141,C002,1,888.3019870741625
P004141,C006,1,888.3019870741625
P004141,C046,1,1429.6302847724382
P004151,C002,1,888.3019870741625
P004151,C003,1,888.3019870741625
P004151,C047,1,1429.6302847724382
P004152,C002,1,1607.3239772621166
P004152,C003,1,1607.3239772621166
P004152,C047,1,1024.8223462305075
P004153,C002,1,888.3019870741625
P004153,C003,1,888.3019870741625
P004153,C046,1,1429.6302847724382
P004154,C002,1,1607.3239772621166
P004154,C003,1,1607.3239772621166
P004154,C046,1,1024.8223462305075
P004161,C001,1,858.3019870741625
P004161,C046,1,1429.6302847724382
P004161,C047,1,1429.6302847724382
P004163,C001,1,828.3019870741625
P004163,C045,1,1369.6302847724382
P004166,C001,1,1607.3239772621166
P004166,C045,1,1054.8223462305075
P004166,C047,1,1054.8223462305075
P004168,C001,1,1607.3239772621166
P004168,C045,1,1054.8223462305075
P004168,C046,1,1054.8223462305075
P004181,C001,1,888.3019870741625
P004181,C003,1,888.3019870741625
P004181,C046,1,1429.6302847724382
P004182,C001,1,1607.3239772621166
P004182,C003,1,1607.3239772621166
P004182,C046,1,1024.8223462305075
P004185,C001,1,888.3019870741625
P004185,C002,1,888.3019870741625
P004185,C047,1,1429.6302847724382
P004187,C001,1,888.3019870741625
P004187,C002,1,888.3019870741625
P004187,C046,1,1429.6302847724382
P004191,C001,1,918.3019870741624
P004191,C002,1,918.3019870741624
P004191,C045,1,1489.6302847724382
P004191,C047,1,1489.6302847724382
P004192,C001,1,1667.3239772621166
P004192,C002,1,1667.3239772621166
P004192,C045,1,1084.8223462305075
P004192,C047,1,1084.8223462305075
P004193,C001,1,918.3019870741624
P004193,C002,1,918.3019870741624
P004193,C045,1,1489.6302847724382
P004193,C046,1,1489.6302847724382
P004194,C001,1,1667.3239772621166
P004194,C002,1,1667.3239772621166
P004194,C045,1,1084.8223462305075
P004194,C046,1,1084.8223462305075
P004195,C001,1,948.3019870741624
P004195,C002,1,948.3019870741624
P004195,C006,1,948.3019870741624
P004195,C045,1,1489.6302847724382
P004196,C001,1,1667.3239772621166
P004196,C002,1,1667.3239772621166
P004196,C006,1,1667.3239772621166
P004196,C045,1,1054.8223462305075
P004197,C001,1,948.3019870741624
P004197,C002,1,948.3019870741624
P004197,C005,1,948.3019870741624
P004197,C045,1,1489.6302847724382
P004198,C001,1,1667.3239772621166
P004198,C002,1,1667.3239772621166
P004198,C005,1,1667.3239772621166
P004198,C045,1,1054.8223462305075
P004199,C001,1,948.3019870741624
P004199,C002,1,948.3019870741624
P004199,C004,1,948.3019870741624
P004199,C045,1,1489.6302847724382
P004200,C001,1,1667.3239772621166
P004200,C002,1,1667.3239772621166
P004200,C004,1,1667.3239772621166
P004200,C045,1,1054.8223462305075
P004201,C001,1,948.3019870741624
P004201,C002,1,948.3019870741624
P004201,C003,1,948.3019870741624
P004201,C045,1,1489.6302847724382
P004202,C001,1,1667.3239772621166
P004202,C002,1,1667.3239772621166
P004202,C003,1,1667.3239772621166
P004202,C045,1,1054.8223462305075
P004203,C006,1,828.3019870741625
P004203,C050,1,1221.502192694706
P004204,C006,1,1212.075348488763
P004204,C050,1,817.0018095348861
P004205,C006,1,828.3019870741625
P004205,C049,1,1221.502192694706
P004206,C006,1,1212.075348488763
P004206,C049,1,817.0018095348861
P004207,C006,1,828.3019870741625
P004207,C048,1,1221.502192694706
P004208,C006,1,1212.075348488763
P004208,C048,1,817.0018095348861
P004209,C006,1,858.3019870741625
P004209,C048,1,1281.502192694706
P004209,C049,1,1281.502192694706
P004210,C006,1,1272.075348488763
P004210,C048,1,877.0018095348861
P004210,C049,1,877.0018095348861
P004211,C005,1,828.3019870741625
P004211,C050,1,1221.502192694706
P004212,C005,1,1212.075348488763
P004212,C050,1,817.0018095348861
P004213,C005,1,828.3019870741625
P004213,C049,1,1221.502192694706
P004214,C005,1,1212.075348488763
P004214,C049,1,817.0018095348861
P004215,C005,1,828.3019870741625
P004215,C048,1,1221.502192694706
P004216,C005,1,1212.075348488763
P004216,C048,1,817.0018095348861
P004217,C005,1,858.3019870741625
P004217,C048,1,1281.502192694706
P004217,C049,1,1281.502192694706
P004218,C005,1,1272.075348488763
P004218,C048,1,877.0018095348861
P004218,C049,1,877.0018095348861
P004219,C004,1,828.3019870741625
P004219,C050,1,1221.502192694706
P004220,C004,1,1212.075348488763
P004220,C050,1,817.0018095348861
P004224,C004,1,1212.075348488763
P004224,C048,1,817.0018095348861
P004226,C003,1,1212.075348488763
P004226,C050,1,817.0018095348861
P004230,C003,1,1212.075348488763
P004230,C048,1,817.0018095348861
P004231,C003,1,858.3019870741625
P004231,C048,1,1281.502192694706
P004231,C050,1,1281.502192694706
P004232,C003,1,1272.075348488763
P004232,C048,1,877.0018095348861
P004232,C050,1,877.0018095348861
P004233,C003,1,858.3019870741625
P004233,C048,1,1281.502192694706
P004233,C049,1,1281.502192694706
P004234,C003,1,1272.075348488763
P004234,C048,1,877.0018095348861
P004234,C049,1,877.0018095348861
P004235,C003,1,888.3019870741625
P004235,C006,1,888.3019870741625
P004235,C048,1,1281.502192694706
P004236,C003,1,1272.075348488763
P004236,C006,1,1272.075348488763
P004236,C048,1,847.0018095348861
P004239,C003,2,888.3019870741625
P004239,C048,1,1281.502192694706
P004240,C003,2,1272.075348488763
P004240,C048,1,847.0018095348861
P004242,C002,1,1212.075348488763
P004242,C050,1,817.0018095348861
P004243,C002,1,828.3019870741625
P004243,C049,1,1221.502192694706
P004244,C002,1,1212.075348488763
P004244,C049,1,817.0018095348861
P004245,C002,1,858.3019870741625
P004245,C049,1,1281.502192694706
P004245,C050,1,1281.502192694706
P004246,C002,1,1272.075348488763
P004246,C049,1,877.0018095348861
P004246,C050,1,877.0018095348861
P004247,C002,1,828.3019870741625
P004247,C048,1,1221.502192694706
P004248,C002,1,1212.075348488763
P004248,C048,1,817.0018095348861
P004249,C002,1,858.3019870741625
P004249,C048,1,1281.502192694706
P004249,C050,1,1281.502192694706
P004250,C002,1,1272.075348488763
P004250,C048,1,877.0018095348861
P004250,C050,1,877.0018095348861
P004251,C002,1,858.3019870741625
P004251,C048,1,1281.502192694706
P004251,C049,1,1281.502192694706
P004252,C002,1,1272.075348488763
P004252,C048,1,877.0018095348861
P004252,C049,1,877.0018095348861
P004253,C002,1,888.3019870741625
P004253,C006,1,888.3019870741625
P004253,C049,1,1281.502192694706
P004255,C002,1,888.3019870741625
P004255,C006,1,888.3019870741625
P004255,C048,1,1281.502192694706
P004259,C002,1,888.3019870741625
P004259,C005,1,888.3019870741625
P004259,C048,1,1281.502192694706
P004261,C002,1,888.3019870741625
P004261,C004,1,888.3019870741625
P004261,C048,1,1281.502192694706
P004262,C002,1,1272.075348488763
P004262,C004,1,1272.075348488763
P004262,C048,1,847.0018095348861
P004263,C002,1,888.3019870741625
P004263,C003,1,888.3019870741625
P004263,C050,1,1281.502192694706
P004264,C002,1,1272.075348488763
P004264,C003,1,1272.075348488763
P004264,C050,1,847.0018095348861
P004265,C002,1,888.3019870741625
P004265,C003,1,888.3019870741625
P004265,C049,1,1281.502192694706
P004266,C002,1,1272.075348488763
P004266,C003,1,1272.075348488763
P004266,C049,1,847.0018095348861
P004267,C002,1,888.3019870741625
P004267,C003,1,888.3019870741625
P004267,C048,1,1281.502192694706
P004270,C001,1,1212.075348488763
P004270,C050,1,817.0018095348861
P004271,C001,1,828.3019870741625
P004271,C049,1,1221.502192694706
P004272,C001,1,1212.075348488763
P004272,C049,1,817.0018095348861
P004273,C001,1,858.3019870741625
P004273,C049,1,1281.502192694706
P004273,C050,1,1281.502192694706
P004275,C001,1,828.3019870741625
P004275,C048,1,1221.502192694706
P004276,C001,1,1212.075348488763
P004276,C048,1,817.0018095348861
P004278,C001,1,1272.075348488763
P004278,C048,1,877.0018095348861
P004278,C050,1,877.0018095348861
P004280,C001,1,1272.075348488763
P004280,C048,1,877.0018095348861
P004280,C049,1,877.0018095348861
P004283,C001,1,888.3019870741625
P004283,C006,1,888.3019870741625
P004283,C048,1,1281.502192694706
P004287,C001,1,888.3019870741625
P004287,C005,1,888.3019870741625
P004287,C048,1,1281.502192694706
P004289,C001,1,888.3019870741625
P004289,C004,1,888.3019870741625
P004289,C048,1,1281.502192694706
P004290,C001,1,1272.075348488763
P004290,C004,1,1272.075348488763
P004290,C048,1,847.0018095348861
P004293,C001,1,888.3019870741625
P004293,C003,1,888.3019870741625
P004293,C049,1,1281.502192694706
P004294,C001,1,1272.075348488763
P004294,C003,1,1272.075348488763
P004294,C049,1,847.0018095348861
P004297,C001,1,888.3019870741625
P004297,C002,1,888.3019870741625
P004297,C050,1,1281.502192694706
P004298,C001,1,1272.075348488763
P004298,C002,1,1272.075348488763
P004298,C050,1,847.0018095348861
P004299,C001,1,888.3019870741625
P004299,C002,1,888.3019870741625
P004299,C049,1,1281.502192694706
P004300,C001,1,1272.075348488763
P004300,C002,1,1272.075348488763
P004300,C049,1,847.0018095348861
P004303,C001,1,918.3019870741624
P004303,C002,1,918.3019870741624
P004303,C048,1,1341.502192694706
P004303,C050,1,1341.502192694706
P004304,C001,1,1332.075348488763
P004304,C002,1,1332.075348488763
P004304,C048,1,907.001809534886
P004304,C050,1,907.001809534886
P004305,C001,1,918.3019870741624
P004305,C002,1,918.3019870741624
P004305,C048,1,1341.502192694706
P004305,C049,1,1341.502192694706
P004306,C001,1,1332.075348488763
P004306,C002,1,1332.075348488763
P004306,C048,1,907.001809534886
P004306,C049,1,907.001809534886
P004307,C001,1,948.3019870741624
P004307,C002,1,948.3019870741624
P004307,C006,1,948.3019870741624
P004307,C048,1,1341.502192694706
P004308,C001,1,1332.075348488763
P004308,C002,1,1332.075348488763
P004308,C006,1,1332.075348488763
P004308,C048,1,877.0018095348861
P004309,C001,1,948.3019870741624
P004309,C002,1,948.3019870741624
P004309,C005,1,948.3019870741624
P004309,C048,1,1341.502192694706
P004310,C001,1,1332.075348488763
P004310,C002,1,1332.075348488763
P004310,C005,1,1332.075348488763
P004310,C048,1,877.0018095348861
P004311,C001,1,948.3019870741624
P004311,C002,1,948.3019870741624
P004311,C004,1,948.3019870741624
P004311,C048,1,1341.502192694706
P004312,C001,1,1332.075348488763
P004312,C002,1,1332.075348488763
P004312,C004,1,1332.075348488763
P004312,C048,1,877.0018095348861
P004313,C001,1,948.3019870741624
P004313,C002,1,948.3019870741624
P004313,C003,1,948.3019870741624
P004313,C048,1,1341.502192694706
P004314,C001,1,1332.075348488763
P004314,C002,1,1332.075348488763
P004314,C003,1,1332.075348488763
P004314,C048,1,877.0018095348861
P004315,C006,1,828.3019870741625
P004315,C053,1,1467.5892533909664
P004316,C006,1,1827.5039520322248
P004316,C053,1,1181.8300190487548
P004317,C006,1,828.3019870741625
P004317,C052,1,1467.5892533909664
P004318,C006,1,1827.5039520322248
P004318,C052,1,1181.8300190487548
P004319,C006,1,828.3019870741625
P004319,C051,1,1467.5892533909664
P004320,C006,1,1827.5039520322248
P004320,C051,1,1181.8300190487548
P004321,C006,1,858.3019870741625
P004321,C051,1,1527.5892533909664
P004321,C052,1,1527.5892533909664
P004322,C006,1,1887.5039520322248
P004322,C051,1,1241.8300190487548
P004322,C052,1,1241.8300190487548
P004323,C005,1,828.3019870741625
P004323,C053,1,1467.5892533909664
P004324,C005,1,1827.5039520322248
P004324,C053,1,1181.8300190487548
P004326,C005,1,1827.5039520322248
P004326,C052,1,1181.8300190487548
P004328,C005,1,1827.5039520322248
P004328,C051,1,1181.8300190487548
P004329,C005,1,858.3019870741625
P004329,C051,1,1527.5892533909664
P004329,C052,1,1527.5892533909664
P004330,C005,1,1887.5039520322248
P004330,C051,1,1241.8300190487548
P004330,C052,1,1241.8300190487548
P004331,C004,1,828.3019870741625
P004331,C053,1,1467.5892533909664
P004332,C004,1,1827.5039520322248
P004332,C053,1,1181.8300190487548
P004333,C004,1,828.3019870741625
P004333,C052,1,1467.5892533909664
P004334,C004,1,1827.5039520322248
P004334,C052,1,1181.8300190487548
P004335,C004,1,828.3019870741625
P004335,C051,1,1467.5892533909664
P004336,C004,1,1827.5039520322248
P004336,C051,1,1181.8300190487548
P004338,C003,1,1827.5039520322248
P004338,C053,1,1181.8300190487548
P004340,C003,1,1827.5039520322248
P004340,C052,1,1181.8300190487548
P004342,C003,1,1827.5039520322248
P004342,C051,1,1181.8300190487548
P004343,C003,1,858.3019870741625
P004343,C051,1,1527.5892533909664
P004343,C053,1,1527.5892533909664
P004344,C003,1,1887.5039520322248
P004344,C051,1,1241.8300190487548
P004344,C053,1,1241.8300190487548
P004345,C003,1,858.3019870741625
P004345,C051,1,1527.5892533909664
P004345,C052,1,1527.5892533909664
P004346,C003,1,1887.5039520322248
P004346,C051,1,1241.8300190487548
P004346,C052,1,1241.8300190487548
P004347,C003,1,888.3019870741625
P004347,C006,1,888.3019870741625
P004347,C051,1,1527.5892533909664
P004348,C003,1,1887.5039520322248
P004348,C006,1,1887.5039520322248
P004348,C051,1,1211.8300190487548
P004350,C003,1,1887.5039520322248
P004350,C005,1,1887.5039520322248
P004350,C051,1,1211.8300190487548
P004351,C003,2,888.3019870741625
P004351,C051,1,1527.5892533909664
P004352,C003,2,1887.5039520322248
P004352,C051,1,1211.8300190487548
P004353,C002,1,828.3019870741625
P004353,C053,1,1467.5892533909664
P004354,C002,1,1827.5039520322248
P004354,C053,1,1181.8300190487548
P004355,C002,1,828.3019870741625
P004355,C052,1,1467.5892533909664
P004356,C002,1,1827.5039520322248
P004356,C052,1,1181.8300190487548
P004357,C002,1,858.3019870741625
P004357,C052,1,1527.5892533909664
P004357,C053,1,1527.5892533909664
P004358,C002,1,1887.5039520322248
P004358,C052,1,1241.8300190487548
P004358,C053,1,1241.8300190487548
P004359,C002,1,828.3019870741625
P004359,C051,1,1467.5892533909664
P004360,C002,1,1827.5039520322248
P004360,C051,1,1181.8300190487548
P004361,C002,1,858.3019870741625
P004361,C051,1,1527.5892533909664
P004361,C053,1,1527.5892533909664
P004363,C002,1,858.3019870741625
P004363,C051,1,1527.5892533909664
P004363,C052,1,1527.5892533909664
P004365,C002,1,888.3019870741625
P004365,C006,1,888.3019870741625
P004365,C052,1,1527.5892533909664
P004366,C002,1,1887.5039520322248
P004366,C006,1,1887.5039520322248
P004366,C052,1,1211.8300190487548
P004370,C002,1,1887.5039520322248
P004370,C005,1,1887.5039520322248
P004370,C052,1,1211.8300190487548
P004375,C002,1,888.3019870741625
P004375,C003,1,888.3019870741625
P004375,C053,1,1527.5892533909664
P004376,C002,1,1887.5039520322248
P004376,C003,1,1887.5039520322248
P004376,C053,1,1211.8300190487548
P004377,C002,1,888.3019870741625
P004377,C003,1,888.3019870741625
P004377,C052,1,1527.5892533909664
P004378,C002,1,1887.5039520322248
P004378,C003,1,1887.5039520322248
P004378,C052,1,1211.8300190487548
P004381,C001,1,828.3019870741625
P004381,C053,1,1467.5892533909664
P004382,C001,1,1827.5039520322248
P004382,C053,1,1181.8300190487548
P004383,C001,1,828.3019870741625
P004383,C052,1,1467.5892533909664
P004385,C001,1,858.3019870741625
P004385,C052,1,1527.5892533909664
P004385,C053,1,1527.5892533909664
P004387,C001,1,828.3019870741625
P004387,C051,1,1467.5892533909664
P004389,C001,1,858.3019870741625
P004389,C051,1,1527.5892533909664
P004389,C053,1,1527.5892533909664
P004391,C001,1,858.3019870741625
P004391,C051,1,1527.5892533909664
P004391,C052,1,1527.5892533909664
P004404,C001,1,1887.5039520322248
P004404,C003,1,1887.5039520322248
P004404,C053,1,1211.8300190487548
P004405,C001,1,888.3019870741625
P004405,C003,1,888.3019870741625
P004405,C052,1,1527.5892533909664
P004406,C001,1,1887.5039520322248
P004406,C003,1,1887.5039520322248
P004406,C052,1,1211.8300190487548
P004409,C001,1,888.3019870741625
P004409,C002,1,888.3019870741625
P004409,C053,1,1527.5892533909664
P004411,C001,1,888.3019870741625
P004411,C002,1,888.3019870741625
P004411,C052,1,1527.5892533909664
P004413,C001,1,888.3019870741625
P004413,C002,1,888.3019870741625
P004413,C051,1,1527.5892533909664
P004415,C001,1,918.3019870741624
P004415,C002,1,918.3019870741624
P004415,C051,1,1587.5892533909664
P004415,C053,1,1587.5892533909664
P004416,C001,1,1947.5039520322248
P004416,C002,1,1947.5039520322248
P004416,C051,1,1271.8300190487548
P004416,C053,1,1271.8300190487548
P004417,C001,1,918.3019870741624
P004417,C002,1,918.3019870741624
P004417,C051,1,1587.5892533909664
P004417,C052,1,1587.5892533909664
P004418,C001,1,1947.5039520322248
P004418,C002,1,1947.5039520322248
P004418,C051,1,1271.8300190487548
P004418,C052,1,1271.8300190487548
P004419,C001,1,948.3019870741624
P004419,C002,1,948.3019870741624
P004419,C006,1,948.3019870741624
P004419,C051,1,1587.5892533909664
P004420,C001,1,1947.5039520322248
P004420,C002,1,1947.5039520322248
P004420,C006,1,1947.5039520322248
P004420,C051,1,1241.8300190487548
P004421,C001,1,948.3019870741624
P004421,C002,1,948.3019870741624
P004421,C005,1,948.3019870741624
P004421,C051,1,1587.5892533909664
P004422,C001,1,1947.5039520322248
P004422,C002,1,1947.5039520322248
P004422,C005,1,1947.5039520322248
P004422,C051,1,1241.8300190487548
P004423,C001,1,948.3019870741624
P004423,C002,1,948.3019870741624
P004423,C004,1,948.3019870741624
P004423,C051,1,1587.5892533909664
P004424,C001,1,1947.5039520322248
P004424,C002,1,1947.5039520322248
P004424,C004,1,1947.5039520322248
P004424,C051,1,1241.8300190487548
P004425,C001,1,948.3019870741624
P004425,C002,1,948.3019870741624
P004425,C003,1,948.3019870741624
P004425,C051,1,1587.5892533909664
P004426,C001,1,1947.5039520322248
P004426,C002,1,1947.5039520322248
P004426,C003,1,1947.5039520322248
P004426,C051,1,1241.8300190487548
P004427,C006,1,828.3019870741625
P004427,C056,1,1276.703225184269
P004428,C006,1,1432.3145956857693
P004428,C056,1,972.7333575756628
P004429,C006,1,828.3019870741625
P004429,C055,1,1276.703225184269
P004430,C006,1,1432.3145956857693
P004430,C055,1,972.7333575756628
P004431,C006,1,828.3019870741625
P004431,C054,1,1276.703225184269
P004432,C006,1,1432.3145956857693
P004432,C054,1,972.7333575756628
P004433,C006,1,858.3019870741625
P004433,C054,1,1336.703225184269
P004433,C055,1,1336.703225184269
P004434,C006,1,1492.3145956857693
P004434,C054,1,1032.7333575756627
P004434,C055,1,1032.7333575756627
P004435,C005,1,828.3019870741625
P004435,C056,1,1276.703225184269
P004436,C005,1,1432.3145956857693
P004436,C056,1,972.7333575756628
P004437,C005,1,828.3019870741625
P004437,C055,1,1276.703225184269
P004438,C005,1,1432.3145956857693
P004438,C055,1,972.7333575756628
P004439,C005,1,828.3019870741625
P004439,C054,1,1276.703225184269
P004440,C005,1,1432.3145956857693
P004440,C054,1,972.7333575756628
P004441,C005,1,858.3019870741625
P004441,C054,1,1336.703225184269
P004441,C055,1,1336.703225184269
P004442,C005,1,1492.3145956857693
P004442,C054,1,1032.7333575756627
P004442,C055,1,1032.7333575756627
P004444,C004,1,1432.3145956857693
P004444,C056,1,972.7333575756628
P004445,C004,1,828.3019870741625
P004445,C055,1,1276.703225184269
P004447,C004,1,828.3019870741625
P004447,C054,1,1276.703225184269
P004448,C004,1,1432.3145956857693
P004448,C054,1,972.7333575756628
P004450,C003,1,1432.3145956857693
P004450,C056,1,972.7333575756628
P004454,C003,1,1432.3145956857693
P004454,C054,1,972.7333575756628
P004455,C003,1,858.3019870741625
P004455,C054,1,1336.703225184269
P004455,C056,1,1336.703225184269
P004456,C003,1,1492.3145956857693
P004456,C054,1,1032.7333575756627
P004456,C056,1,1032.7333575756627
P004457,C003,1,858.3019870741625
P004457,C054,1,1336.703225184269
P004457,C055,1,1336.703225184269
P004458,C003,1,1492.3145956857693
P004458,C054,1,1032.7333575756627
P004458,C055,1,1032.7333575756627
P004459,C003,1,888.3019870741625
P004459,C006,1,888.3019870741625
P004459,C054,1,1336.703225184269
P004463,C003,2,888.3019870741625
P004463,C054,1,1336.703225184269
P004464,C003,2,1492.3145956857693
P004464,C054,1,1002.7333575756628
P004465,C002,1,828.3019870741625
P004465,C056,1,1276.703225184269
P004466,C002,1,1432.3145956857693
P004466,C056,1,972.7333575756628
P004467,C002,1,828.3019870741625
P004467,C055,1,1276.703225184269
P004468,C002,1,1432.3145956857693
P004468,C055,1,972.7333575756628
P004469,C002,1,858.3019870741625
P004469,C055,1,1336.703225184269
P004469,C056,1,1336.703225184269
P004470,C002,1,1492.3145956857693
P004470,C055,1,1032.7333575756627
P004470,C056,1,1032.7333575756627
P004471,C002,1,828.3019870741625
P004471,C054,1,1276.703225184269
P004472,C002,1,1432.3145956857693
P004472,C054,1,972.7333575756628
P004473,C002,1,858.3019870741625
P004473,C054,1,1336.703225184269
P004473,C056,1,1336.703225184269
P004474,C002,1,1492.3145956857693
P004474,C054,1,1032.7333575756627
P004474,C056,1,1032.7333575756627
P004475,C002,1,858.3019870741625
P004475,C054,1,1336.703225184269
P004475,C055,1,1336.703225184269
P004476,C002,1,1492.3145956857693
P004476,C054,1,1032.7333575756627
P004476,C055,1,1032.7333575756627
P004477,C002,1,888.3019870741625
P004477,C006,1,888.3019870741625
P004477,C055,1,1336.703225184269
P004487,C002,1,888.3019870741625
P004487,C003,1,888.3019870741625
P004487,C056,1,1336.703225184269
P004488,C002,1,1492.3145956857693
P004488,C003,1,1492.3145956857693
P004488,C056,1,1002.7333575756628
P004489,C002,1,888.3019870741625
P004489,C003,1,888.3019870741625
P004489,C055,1,1336.703225184269
P004490,C002,1,1492.3145956857693
P004490,C003,1,1492.3145956857693
P004490,C055,1,1002.7333575756628
P004493,C001,1,828.3019870741625
P004493,C056,1,1276.703225184269
P004494,C001,1,1432.3145956857693
P004494,C056,1,972.7333575756628
P004495,C001,1,828.3019870741625
P004495,C055,1,1276.703225184269
P004496,C001,1,1432.3145956857693
P004496,C055,1,972.7333575756628
P004497,C001,1,858.3019870741625
P004497,C055,1,1336.703225184269
P004497,C056,1,1336.703225184269
P004499,C001,1,828.3019870741625
P004499,C054,1,1276.703225184269
P004500,C001,1,1432.3145956857693
P004500,C054,1,972.7333575756628
P004502,C001,1,1492.3145956857693
P004502,C054,1,1032.7333575756627
P004502,C056,1,1032.7333575756627
P004503,C001,1,858.3019870741625
P004503,C054,1,1336.703225184269
P004503,C055,1,1336.703225184269
P004504,C001,1,1492.3145956857693
P004504,C054,1,1032.7333575756627
P004504,C055,1,1032.7333575756627
P004517,C001,1,888.3019870741625
P004517,C003,1,888.3019870741625
P004517,C055,1,1336.703225184269
P004518,C001,1,1492.3145956857693
P004518,C003,1,1492.3145956857693
P004518,C055,1,1002.7333575756628
P004521,C001,1,888.3019870741625
P004521,C002,1,888.3019870741625
P004521,C056,1,1336.703225184269
P004522,C001,1,1492.3145956857693
P004522,C002,1,1492.3145956857693
P004522,C056,1,1002.7333575756628
P004523,C001,1,888.3019870741625
P004523,C002,1,888.3019870741625
P004523,C055,1,1336.703225184269
P004524,C001,1,1492.3145956857693
P004524,C002,1,1492.3145956857693
P004524,C055,1,1002.7333575756628
P004527,C001,1,918.3019870741624
P004527,C002,1,918.3019870741624
P004527,C054,1,1396.703225184269
P004527,C056,1,1396.703225184269
P004528,C001,1,1552.3145956857693
P004528,C002,1,1552.3145956857693
P004528,C054,1,1062.7333575756627
P004528,C056,1,1062.7333575756627
P004529,C001,1,918.3019870741624
P004529,C002,1,918.3019870741624
P004529,C054,1,1396.703225184269
P004529,C055,1,1396.703225184269
P004530,C001,1,1552.3145956857693
P004530,C002,1,1552.3145956857693
P004530,C054,1,1062.7333575756627
P004530,C055,1,1062.7333575756627
P004531,C001,1,948.3019870741624
P004531,C002,1,948.3019870741624
P004531,C006,1,948.3019870741624
P004531,C054,1,1396.703225184269
P004532,C001,1,1552.3145956857693
P004532,C002,1,1552.3145956857693
P004532,C006,1,1552.3145956857693
P004532,C054,1,1032.7333575756627
P004533,C001,1,948.3019870741624
P004533,C002,1,948.3019870741624
P004533,C005,1,948.3019870741624
P004533,C054,1,1396.703225184269
P004534,C001,1,1552.3145956857693
P004534,C002,1,1552.3145956857693
P004534,C005,1,1552.3145956857693
P004534,C054,1,1032.7333575756627
P004535,C001,1,948.3019870741624
P004535,C002,1,948.3019870741624
P004535,C004,1,948.3019870741624
P004535,C054,1,1396.703225184269
P004536,C001,1,1552.3145956857693
P004536,C002,1,1552.3145956857693
P004536,C004,1,1552.3145956857693
P004536,C054,1,1032.7333575756627
P004537,C001,1,948.3019870741624
P004537,C002,1,948.3019870741624
P004537,C003,1,948.3019870741624
P004537,C054,1,1396.703225184269
P004538,C001,1,1552.3145956857693
P004538,C002,1,1552.3145956857693
P004538,C003,1,1552.3145956857693
P004538,C054,1,1032.7333575756627
P004539,C006,1,828.3019870741625
P004539,C059,1,1593.1787023021272
P004540,C006,1,1927.8654409047067
P004540,C059,1,1151.8553923434088
P004541,C006,1,828.3019870741625
P004541,C058,1,1593.1787023021272
P004542,C006,1,1927.8654409047067
P004542,C058,1,1151.8553923434088
P004543,C006,1,828.3019870741625
P004543,C057,1,1593.1787023021272
P004544,C006,1,1927.8654409047067
P004544,C057,1,1151.8553923434088
P004545,C006,1,858.3019870741625
P004545,C057,1,1653.1787023021272
P004545,C058,1,1653.1787023021272
P004546,C006,1,1987.8654409047067
P004546,C057,1,1211.8553923434088
P004546,C058,1,1211.8553923434088
P004547,C005,1,828.3019870741625
P004547,C059,1,1593.1787023021272
P004548,C005,1,1927.8654409047067
P004548,C059,1,1151.8553923434088
P004553,C005,1,858.3019870741625
P004553,C057,1,1653.1787023021272
P004553,C058,1,1653.1787023021272
P004554,C005,1,1987.8654409047067
P004554,C057,1,1211.8553923434088
P004554,C058,1,1211.8553923434088
P004556,C004,1,1927.8654409047067
P004556,C059,1,1151.8553923434088
P004560,C004,1,1927.8654409047067
P004560,C057,1,1151.8553923434088
P004562,C003,1,1927.8654409047067
P004562,C059,1,1151.8553923434088
P004566,C003,1,1927.8654409047067
P004566,C057,1,1151.8553923434088
P004567,C003,1,858.3019870741625
P004567,C057,1,1653.1787023021272
P004567,C059,1,1653.1787023021272
P004568,C003,1,1987.8654409047067
P004568,C057,1,1211.8553923434088
P004568,C059,1,1211.8553923434088
P004569,C003,1,858.3019870741625
P004569,C057,1,1653.1787023021272
P004569,C058,1,1653.1787023021272
P004570,C003,1,1987.8654409047067
P004570,C057,1,1211.8553923434088
P004570,C058,1,1211.8553923434088
P004571,C003,1,888.3019870741625
P004571,C006,1,888.3019870741625
P004571,C057,1,1653.1787023021272
P004575,C003,2,888.3019870741625
P004575,C057,1,1653.1787023021272
P004576,C003,2,1987.8654409047067
P004576,C057,1,1181.8553923434088
P004581,C002,1,858.3019870741625
P004581,C058,1,1653.1787023021272
P004581,C059,1,1653.1787023021272
P004582,C002,1,1987.8654409047067
P004582,C058,1,1211.8553923434088
P004582,C059,1,1211.8553923434088
P004585,C002,1,858.3019870741625
P004585,C057,1,1653.1787023021272
P004585,C059,1,1653.1787023021272
P004589,C002,1,888.3019870741625
P004589,C006,1,888.3019870741625
P004589,C058,1,1653.1787023021272
P004599,C002,1,888.3019870741625
P004599,C003,1,888.3019870741625
P004599,C059,1,1653.1787023021272
P004600,C002,1,1987.8654409047067
P004600,C003,1,1987.8654409047067
P004600,C059,1,1181.8553923434088
P004601,C002,1,888.3019870741625
P004601,C003,1,888.3019870741625
P004601,C058,1,1653.1787023021272
P004602,C002,1,1987.8654409047067
P004602,C003,1,1987.8654409047067
P004602,C058,1,1181.8553923434088
P004609,C001,1,858.3019870741625
P004609,C058,1,1653.1787023021272
P004609,C059,1,1653.1787023021272
P004629,C001,1,888.3019870741625
P004629,C003,1,888.3019870741625
P004629,C058,1,1653.1787023021272
P004630,C001,1,1987.8654409047067
P004630,C003,1,1987.8654409047067
P004630,C058,1,1181.8553923434088
P004639,C001,1,918.3019870741624
P004639,C002,1,918.3019870741624
P004639,C057,1,1713.1787023021272
P004639,C059,1,1713.1787023021272
P004640,C001,1,2047.8654409047067
P004640,C002,1,2047.8654409047067
P004640,C057,1,1241.8553923434088
P004640,C059,1,1241.8553923434088
P004641,C001,1,918.3019870741624
P004641,C002,1,918.3019870741624
P004641,C057,1,1713.1787023021272
P004641,C058,1,1713.1787023021272
P004642,C001,1,2047.8654409047067
P004642,C002,1,2047.8654409047067
P004642,C057,1,1241.8553923434088
P004642,C058,1,1241.8553923434088
P004643,C001,1,948.3019870741624
P004643,C002,1,948.3019870741624
P004643,C006,1,948.3019870741624
P004643,C057,1,1713.1787023021272
P004644,C001,1,2047.8654409047067
P004644,C002,1,2047.8654409047067
P004644,C006,1,2047.8654409047067
P004644,C057,1,1211.8553923434088
P004645,C001,1,948.3019870741624
P004645,C002,1,948.3019870741624
P004645,C005,1,948.3019870741624
P004645,C057,1,1713.1787023021272
P004646,C001,1,2047.8654409047067
P004646,C002,1,2047.8654409047067
P004646,C005,1,2047.8654409047067
P004646,C057,1,1211.8553923434088
P004647,C001,1,948.3019870741624
P004647,C002,1,948.3019870741624
P004647,C004,1,948.3019870741624
P004647,C057,1,1713.1787023021272
P004648,C001,1,2047.8654409047067
P004648,C002,1,2047.8654409047067
P004648,C004,1,2047.8654409047067
P004648,C057,1,1211.8553923434088
P004649,C001,1,948.3019870741624
P004649,C002,1,948.3019870741624
P004649,C003,1,948.3019870741624
P004649,C057,1,1713.1787023021272
P004650,C001,1,2047.8654409047067
P004650,C002,1,2047.8654409047067
P004650,C003,1,2047.8654409047067
P004650,C057,1,1211.8553923434088
P004651,C006,1,828.3019870741625
P004651,C062,1,1561.4872409284403
P004652,C006,1,1880.7784167660996
P004652,C062,1,1128.226496245155
P004653,C006,1,828.3019870741625
P004653,C061,1,1561.4872409284403
P004654,C006,1,1880.7784167660996
P004654,C061,1,1128.226496245155
P004655,C006,1,828.3019870741625
P004655,C060,1,1561.4872409284403
P004656,C006,1,1880.7784167660996
P004656,C060,1,1128.226496245155
P004657,C006,1,858.3019870741625
P004657,C060,1,1621.4872409284403
P004657,C061,1,1621.4872409284403
P004658,C006,1,1940.7784167660996
P004658,C060,1,1188.226496245155
P004658,C061,1,1188.226496245155
P004659,C005,1,828.3019870741625
P004659,C062,1,1561.4872409284403
P004660,C005,1,1880.7784167660996
P004660,C062,1,1128.226496245155
P004661,C005,1,828.3019870741625
P004661,C061,1,1561.4872409284403
P004663,C005,1,828.3019870741625
P004663,C060,1,1561.4872409284403
P004665,C005,1,858.3019870741625
P004665,C060,1,1621.4872409284403
P004665,C061,1,1621.4872409284403
P004666,C005,1,1940.7784167660996
P004666,C060,1,1188.226496245155
P004666,C061,1,1188.226496245155
P004667,C004,1,828.3019870741625
P004667,C062,1,1561.4872409284403
P004668,C004,1,1880.7784167660996
P004668,C062,1,1128.226496245155
P004669,C004,1,828.3019870741625
P004669,C061,1,1561.4872409284403
P004671,C004,1,828.3019870741625
P004671,C060,1,1561.4872409284403
P004672,C004,1,1880.7784167660996
P004672,C060,1,1128.226496245155
P004673,C003,1,828.3019870741625
P004673,C062,1,1561.4872409284403
P004674,C003,1,1880.7784167660996
P004674,C062,1,1128.226496245155
P004675,C003,1,828.3019870741625
P004675,C061,1,1561.4872409284403
P004677,C003,1,828.3019870741625
P004677,C060,1,1561.4872409284403
P004678,C003,1,1880.7784167660996
P004678,C060,1,1128.226496245155
P004679,C003,1,858.3019870741625
P004679,C060,1,1621.4872409284403
P004679,C062,1,1621.4872409284403
P004680,C003,1,1940.7784167660996
P004680,C060,1,1188.226496245155
P004680,C062,1,1188.226496245155
P004681,C003,1,858.3019870741625
P004681,C060,1,1621.4872409284403
P004681,C061,1,1621.4872409284403
P004682,C003,1,1940.7784167660996
P004682,C060,1,1188.226496245155
P004682,C061,1,1188.226496245155
P004683,C003,1,888.3019870741625
P004683,C006,1,888.3019870741625
P004683,C060,1,1621.4872409284403
P004685,C003,1,888.3019870741625
P004685,C005,1,888.3019870741625
P004685,C060,1,1621.4872409284403
P004687,C003,2,888.3019870741625
P004687,C060,1,1621.4872409284403
P004688,C003,2,1940.7784167660996
P004688,C060,1,1158.226496245155
P004689,C002,1,828.3019870741625
P004689,C062,1,1561.4872409284403
P004691,C002,1,828.3019870741625
P004691,C061,1,1561.4872409284403
P004693,C002,1,858.3019870741625
P004693,C061,1,1621.4872409284403
P004693,C062,1,1621.4872409284403
P004694,C002,1,1940.7784167660996
P004694,C061,1,1188.226496245155
P004694,C062,1,1188.226496245155
P004695,C002,1,828.3019870741625
P004695,C060,1,1561.4872409284403
P004697,C002,1,858.3019870741625
P004697,C060,1,1621.4872409284403
P004697,C062,1,1621.4872409284403
P004701,C002,1,888.3019870741625
P004701,C006,1,888.3019870741625
P004701,C061,1,1621.4872409284403
P004705,C002,1,888.3019870741625
P004705,C005,1,888.3019870741625
P004705,C061,1,1621.4872409284403
P004711,C002,1,888.3019870741625
P004711,C003,1,888.3019870741625
P004711,C062,1,1621.4872409284403
P004712,C002,1,1940.7784167660996
P004712,C003,1,1940.7784167660996
P004712,C062,1,1158.226496245155
P004713,C002,1,888.3019870741625
P004713,C003,1,888.3019870741625
P004713,C061,1,1621.4872409284403
P004714,C002,1,1940.7784167660996
P004714,C003,1,1940.7784167660996
P004714,C061,1,1158.226496245155
P004717,C001,1,828.3019870741625
P004717,C062,1,1561.4872409284403
P004721,C001,1,858.3019870741625
P004721,C061,1,1621.4872409284403
P004721,C062,1,1621.4872409284403
P004739,C001,1,888.3019870741625
P004739,C003,1,888.3019870741625
P004739,C062,1,1621.4872409284403
P004741,C001,1,888.3019870741625
P004741,C003,1,888.3019870741625
P004741,C061,1,1621.4872409284403
P004742,C001,1,1940.7784167660996
P004742,C003,1,1940.7784167660996
P004742,C061,1,1158.226496245155
P004751,C001,1,918.3019870741624
P004751,C002,1,918.3019870741624
P004751,C060,1,1681.4872409284403
P004751,C062,1,1681.4872409284403
P004752,C001,1,2000.7784167660996
P004752,C002,1,2000.7784167660996
P004752,C060,1,1218.226496245155
P004752,C062,1,1218.226496245155
P004753,C001,1,918.3019870741624
P004753,C002,1,918.3019870741624
P004753,C060,1,1681.4872409284403
P004753,C061,1,1681.4872409284403
P004754,C001,1,2000.7784167660996
P004754,C002,1,2000.7784167660996
P004754,C060,1,1218.226496245155
P004754,C061,1,1218.226496245155
P004755,C001,1,948.3019870741624
P004755,C002,1,948.3019870741624
P004755,C006,1,948.3019870741624
P004755,C060,1,1681.4872409284403
P004756,C001,1,2000.7784167660996
P004756,C002,1,2000.7784167660996
P004756,C006,1,2000.7784167660996
P004756,C060,1,1188.226496245155
P004757,C001,1,948.3019870741624
P004757,C002,1,948.3019870741624
P004757,C005,1,948.3019870741624
P004757,C060,1,1681.4872409284403
P004758,C001,1,2000.7784167660996
P004758,C002,1,2000.7784167660996
P004758,C005,1,2000.7784167660996
P004758,C060,1,1188.226496245155
P004759,C001,1,948.3019870741624
P004759,C002,1,948.3019870741624
P004759,C004,1,948.3019870741624
P004759,C060,1,1681.4872409284403
P004760,C001,1,2000.7784167660996
P004760,C002,1,2000.7784167660996
P004760,C004,1,2000.7784167660996
P004760,C060,1,1188.226496245155
P004761,C001,1,948.3019870741624
P004761,C002,1,948.3019870741624
P004761,C003,1,948.3019870741624
P004761,C060,1,1681.4872409284403
P004762,C001,1,2000.7784167660996
P004762,C002,1,2000.7784167660996
P004762,C003,1,2000.7784167660996
P004762,C060,1,1188.226496245155
P004763,C011,1,1131.8843362642265
P004763,C019,1,1541.8207584340744
P004764,C011,1,1625.0552602771409
P004764,C019,1,1214.5321714406264
P004765,C011,1,1131.8843362642265
P004765,C018,1,1541.8207584340744
P004767,C011,1,1131.8843362642265
P004767,C017,1,1541.8207584340744
P004768,C011,1,1625.0552602771409
P004768,C017,1,1214.5321714406264
P004770,C010,1,1131.8843362642265
P004770,C019,1,1541.8207584340744
P004772,C010,1,1131.8843362642265
P004772,C018,1,1541.8207584340744
P004774,C010,1,1131.8843362642265
P004774,C017,1,1541.8207584340744
P004777,C009,1,1131.8843362642265
P004777,C021,1,1541.8207584340744
P004778,C009,1,1625.0552602771409
P004778,C021,1,1214.5321714406264
P004779,C009,1,1131.8843362642265
P004779,C020,1,1541.8207584340744
P004780,C009,1,1625.0552602771409
P004780,C020,1,1214.5321714406264
P004781,C009,1,1131.8843362642265
P004781,C019,1,1541.8207584340744
P004782,C009,1,1625.0552602771409
P004782,C019,1,1214.5321714406264
P004786,C009,1,1625.0552602771409
P004786,C017,1,1214.5321714406264
P004790,C008,1,1625.0552602771409
P004790,C020,1,1214.5321714406264
P004796,C008,1,1625.0552602771409
P004796,C017,1,1214.5321714406264
P004799,C008,1,1161.8843362642265
P004799,C017,1,1601.8207584340744
P004799,C018,1,1601.8207584340744
P004800,C008,1,1685.0552602771409
P004800,C017,1,1274.5321714406264
P004800,C018,1,1274.5321714406264
P004803,C008,2,1191.8843362642265
P004803,C017,1,1601.8207584340744
P004804,C008,2,1685.0552602771409
P004804,C017,1,1244.5321714406264
P004805,C007,1,1131.8843362642265
P004805,C021,1,1541.8207584340744
P004807,C007,1,1131.8843362642265
P004807,C020,1,1541.8207584340744
P004809,C007,1,1131.8843362642265
P004809,C019,1,1541.8207584340744
P004811,C007,1,1131.8843362642265
P004811,C018,1,1541.8207584340744
P004839,C011,1,1569.3966332329685
P004839,C026,1,1012.268838872594
P004840,C011,1,1569.3966332329685
P004840,C025,1,1012.268838872594
P004841,C011,1,1131.8843362642265
P004841,C024,1,1690.6454639579338
P004842,C011,1,1569.3966332329685
P004842,C024,1,1012.268838872594
P004846,C011,1,1569.3966332329685
P004846,C022,1,1012.268838872594
P004849,C010,1,1569.3966332329685
P004849,C026,1,1012.268838872594
P004850,C010,1,1569.3966332329685
P004850,C025,1,1012.268838872594
P004851,C010,1,1131.8843362642265
P004851,C024,1,1690.6454639579338
P004862,C009,1,1569.3966332329685
P004862,C025,1,1012.268838872594
P004863,C009,1,1131.8843362642265
P004863,C024,1,1690.6454639579338
P004864,C009,1,1569.3966332329685
P004864,C024,1,1012.268838872594
P004868,C009,1,1569.3966332329685
P004868,C022,1,1012.268838872594
P004872,C008,1,1569.3966332329685
P004872,C025,1,1012.268838872594
P004878,C008,1,1569.3966332329685
P004878,C022,1,1012.268838872594
P004883,C008,1,1161.8843362642265
P004883,C022,1,1750.6454639579338
P004883,C023,1,1750.6454639579338
P004884,C008,1,1629.3966332329685
P004884,C022,1,1072.2688388725942
P004884,C023,1,1072.2688388725942
P004931,C009,1,1741.7894941245793
P004931,C031,1,852.0536764894517
P004932,C009,1,1741.7894941245793
P004932,C030,1,852.0536764894517
P004933,C009,1,1131.8843362642265
P004933,C029,1,2015.266820566021
P004934,C009,1,1741.7894941245793
P004934,C029,1,852.0536764894517
P004935,C009,1,1131.8843362642265
P004935,C028,1,2015.266820566021
P004936,C009,1,1741.7894941245793
P004936,C028,1,852.0536764894517
P004937,C009,1,1131.8843362642265
P004937,C027,1,2015.266820566021
P004938,C009,1,1741.7894941245793
P004938,C027,1,852.0536764894517
P004939,C008,1,1131.8843362642265
P004939,C029,1,2015.266820566021
P004940,C008,1,1741.7894941245793
P004940,C029,1,852.0536764894517
P004941,C008,1,1741.7894941245793
P004941,C028,1,852.0536764894517
P004942,C008,1,1131.8843362642265
P004942,C027,1,2015.266820566021
P004943,C008,1,1741.7894941245793
P004943,C027,1,852.0536764894517
P004944,C008,1,1801.7894941245795
P004944,C027,1,912.0536764894516
P004944,C028,1,912.0536764894516
P004945,C007,1,1741.7894941245793
P004945,C031,1,852.0536764894517
P004946,C007,1,1741.7894941245793
P004946,C030,1,852.0536764894517
P004947,C007,1,1131.8843362642265
P004947,C029,1,2015.266820566021
P004948,C007,1,1741.7894941245793
P004948,C029,1,852.0536764894517
P004949,C007,1,1131.8843362642265
P004949,C028,1,2015.266820566021
P004950,C007,1,1741.7894941245793
P004950,C028,1,852.0536764894517
P004953,C007,1,1131.8843362642265
P004953,C027,1,2015.266820566021
P004957,C007,1,1161.8843362642265
P004957,C027,1,2075.2668205660207
P004957,C029,1,2075.2668205660207
P004962,C007,1,1191.8843362642265
P004962,C008,1,1191.8843362642265
P004962,C027,1,2075.2668205660207
P004964,C009,1,1901.2002390586183
P004964,C034,1,1035.73510407623
P004967,C009,1,1901.2002390586183
P004967,C032,1,1035.73510407623
P004969,C008,1,1901.2002390586183
P004969,C032,1,1035.73510407623
P004978,C009,1,1131.8843362642265
P004978,C039,1,1730.0922300328148
P004979,C009,1,1804.8055363480232
P004979,C039,1,1203.1709759127682
P004980,C009,1,1131.8843362642265
P004980,C037,1,1730.0922300328148
P004981,C009,1,1804.8055363480232
P004981,C037,1,1203.1709759127682
P004983,C008,1,1804.8055363480232
P004983,C037,1,1203.1709759127682
P004984,C007,1,1131.8843362642265
P004984,C039,1,1730.0922300328148
P004986,C007,1,1131.8843362642265
P004986,C038,1,1730.0922300328148
P004992,C011,1,1131.8843362642265
P004992,C044,1,1502.8533950670237
P004993,C011,1,1373.6484271102254
P004993,C044,1,1001.9793683074286
P004996,C011,1,1131.8843362642265
P004996,C042,1,1502.8533950670237
P004997,C011,1,1373.6484271102254
P004997,C042,1,1001.9793683074286
P004998,C011,1,1161.8843362642265
P004998,C042,1,1562.8533950670237
P004998,C043,1,1562.8533950670237
P004999,C011,1,1433.6484271102254
P004999,C042,1,1061.9793683074286
P004999,C043,1,1061.9793683074286
P005000,C010,1,1131.8843362642265
P005000,C044,1,1502.8533950670237
P005001,C010,1,1373.6484271102254
P005001,C044,1,1001.9793683074286
P005004,C010,1,1131.8843362642265
P005004,C042,1,1502.8533950670237
P005005,C010,1,1373.6484271102254
P005005,C042,1,1001.9793683074286
P005006,C010,1,1161.8843362642265
P005006,C042,1,1562.8533950670237
P005006,C043,1,1562.8533950670237
P005007,C010,1,1433.6484271102254
P005007,C042,1,1061.9793683074286
P005007,C043,1,1061.9793683074286
P005008,C009,1,1131.8843362642265
P005008,C044,1,1502.8533950670237
P005009,C009,1,1373.6484271102254
P005009,C044,1,1001.9793683074286
P005010,C009,1,1131.8843362642265
P005010,C043,1,1502.8533950670237
P005012,C009,1,1131.8843362642265
P005012,C042,1,1502.8533950670237
P005013,C009,1,1373.6484271102254
P005013,C042,1,1001.9793683074286
P005015,C008,1,1373.6484271102254
P005015,C044,1,1001.9793683074286
P005018,C008,1,1131.8843362642265
P005018,C042,1,1502.8533950670237
P005019,C008,1,1373.6484271102254
P005019,C042,1,1001.9793683074286
P005020,C008,1,1161.8843362642265
P005020,C042,1,1562.8533950670237
P005020,C044,1,1562.8533950670237
P005021,C008,1,1433.6484271102254
P005021,C042,1,1061.9793683074286
P005021,C044,1,1061.9793683074286
P005022,C008,1,1161.8843362642265
P005022,C042,1,1562.8533950670237
P005022,C043,1,1562.8533950670237
P005023,C008,1,1433.6484271102254
P005023,C042,1,1061.9793683074286
P005023,C043,1,1061.9793683074286
P005024,C008,1,1191.8843362642265
P005024,C011,1,1191.8843362642265
P005024,C042,1,1562.8533950670237
P005025,C008,1,1433.6484271102254
P005025,C011,1,1433.6484271102254
P005025,C042,1,1031.9793683074286
P005026,C008,1,1191.8843362642265
P005026,C010,1,1191.8843362642265
P005026,C042,1,1562.8533950670237
P005027,C008,1,1433.6484271102254
P005027,C010,1,1433.6484271102254
P005027,C042,1,1031.9793683074286
P005036,C007,1,1131.8843362642265
P005036,C042,1,1502.8533950670237
P005037,C007,1,1373.6484271102254
P005037,C042,1,1001.9793683074286
P005042,C007,1,1191.8843362642265
P005042,C011,1,1191.8843362642265
P005042,C043,1,1562.8533950670237
P005045,C007,1,1433.6484271102254
P005045,C011,1,1433.6484271102254
P005045,C042,1,1031.9793683074286
P005046,C007,1,1191.8843362642265
P005046,C010,1,1191.8843362642265
P005046,C043,1,1562.8533950670237
P005049,C007,1,1433.6484271102254
P005049,C010,1,1433.6484271102254
P005049,C042,1,1031.9793683074286
P005050,C007,1,1191.8843362642265
P005050,C009,1,1191.8843362642265
P005050,C042,1,1562.8533950670237
P005051,C007,1,1433.6484271102254
P005051,C009,1,1433.6484271102254
P005051,C042,1,1031.9793683074286
P005057,C007,1,1433.6484271102254
P005057,C008,1,1433.6484271102254
P005057,C042,1,1031.9793683074286
P005061,C011,1,1726.3830961715385
P005061,C045,1,994.8223462305076
P005066,C009,1,1726.3830961715385
P005066,C047,1,994.8223462305076
P005070,C009,1,1726.3830961715385
P005070,C045,1,994.8223462305076
P005071,C008,1,1726.3830961715385
P005071,C047,1,994.8223462305076
P005075,C008,1,1726.3830961715385
P005075,C045,1,994.8223462305076
P005077,C008,1,1161.8843362642265
P005077,C045,1,1914.6384195385908
P005077,C046,1,1914.6384195385908
P005078,C008,1,1786.3830961715385
P005078,C045,1,1054.8223462305075
P005078,C046,1,1054.8223462305075
P005102,C011,1,1489.8168219011682
P005102,C050,1,817.0018095348861
P005106,C011,1,1489.8168219011682
P005106,C048,1,817.0018095348861
P005108,C011,1,1549.8168219011682
P005108,C048,1,877.0018095348861
P005108,C049,1,877.0018095348861
P005109,C010,1,1489.8168219011682
P005109,C050,1,817.0018095348861
P005117,C009,1,1489.8168219011682
P005117,C050,1,817.0018095348861
P005121,C009,1,1489.8168219011682
P005121,C048,1,817.0018095348861
P005123,C008,1,1489.8168219011682
P005123,C050,1,817.0018095348861
P005127,C008,1,1489.8168219011682
P005127,C048,1,817.0018095348861
P005129,C008,1,1549.8168219011682
P005129,C048,1,877.0018095348861
P005129,C050,1,877.0018095348861
P005130,C008,1,1161.8843362642265
P005130,C048,1,1865.1926819638416
P005130,C049,1,1865.1926819638416
P005131,C008,1,1549.8168219011682
P005131,C048,1,877.0018095348861
P005131,C049,1,877.0018095348861
P005133,C008,1,1549.8168219011682
P005133,C011,1,1549.8168219011682
P005133,C048,1,847.0018095348861
P005137,C008,2,1549.8168219011682
P005137,C048,1,847.0018095348861
P005168,C011,1,1684.893889151845
P005168,C051,1,1181.8300190487548
P005174,C009,1,1684.893889151845
P005174,C053,1,1181.8300190487548
P005178,C009,1,1684.893889151845
P005178,C051,1,1181.8300190487548
P005180,C008,1,1684.893889151845
P005180,C053,1,1181.8300190487548
P005184,C008,1,1684.893889151845
P005184,C051,1,1181.8300190487548
P005185,C008,1,1161.8843362642265
P005185,C051,1,1690.928206367317
P005185,C052,1,1690.928206367317
P005186,C008,1,1744.893889151845
P005186,C051,1,1241.8300190487548
P005186,C052,1,1241.8300190487548
P005209,C011,1,1528.08261928337
P005209,C056,1,972.7333575756628
P005213,C011,1,1528.08261928337
P005213,C054,1,972.7333575756628
P005216,C010,1,1528.08261928337
P005216,C056,1,972.7333575756628
P005224,C009,1,1528.08261928337
P005224,C056,1,972.7333575756628
P005228,C009,1,1528.08261928337
P005228,C054,1,972.7333575756628
P005230,C008,1,1528.08261928337
P005230,C056,1,972.7333575756628
P005234,C008,1,1528.08261928337
P005234,C054,1,972.7333575756628
P005237,C008,1,1161.8843362642265
P005237,C054,1,1738.4202646386009
P005237,C055,1,1738.4202646386009
P005238,C008,1,1588.08261928337
P005238,C054,1,1032.7333575756627
P005238,C055,1,1032.7333575756627
P005277,C015,1,1258.0940707315583
P005277,C022,1,2097.6241858655226
P005278,C014,1,1842.232287339892
P005278,C026,1,1012.268838872594
P005279,C014,1,1842.232287339892
P005279,C025,1,1012.268838872594
P005280,C014,1,1258.0940707315583
P005280,C024,1,2097.6241858655226
P005281,C014,1,1842.232287339892
P005281,C024,1,1012.268838872594
P005285,C014,1,1842.232287339892
P005285,C022,1,1012.268838872594
P005291,C013,1,1842.232287339892
P005291,C022,1,1012.268838872594
P005292,C013,1,1902.232287339892
P005292,C022,1,1072.2688388725942
P005292,C023,1,1072.2688388725942
P005295,C012,1,1258.0940707315583
P005295,C024,1,2097.6241858655226
P005297,C012,1,1258.0940707315583
P005297,C023,1,2097.6241858655226
P005299,C012,1,1258.0940707315583
P005299,C022,1,2097.6241858655226
P005311,C016,1,1598.0241692889354
P005311,C031,1,852.0536764894517
P005312,C016,1,1598.0241692889354
P005312,C030,1,852.0536764894517
P005313,C016,1,1258.0940707315583
P005313,C029,1,2005.6445635310424
P005314,C016,1,1598.0241692889354
P005314,C029,1,852.0536764894517
P005315,C016,1,1258.0940707315583
P005315,C028,1,2005.6445635310424
P005317,C016,1,1258.0940707315583
P005317,C027,1,2005.6445635310424
P005318,C016,1,1598.0241692889354
P005318,C027,1,852.0536764894517
P005319,C016,1,1288.0940707315583
P005319,C027,1,2065.644563531042
P005319,C028,1,2065.644563531042
P005320,C016,1,1658.0241692889354
P005320,C027,1,912.0536764894516
P005320,C028,1,912.0536764894516
P005321,C015,1,1598.0241692889354
P005321,C031,1,852.0536764894517
P005322,C015,1,1598.0241692889354
P005322,C030,1,852.0536764894517
P005323,C015,1,1258.0940707315583
P005323,C029,1,2005.6445635310424
P005325,C015,1,1258.0940707315583
P005325,C028,1,2005.6445635310424
P005327,C015,1,1258.0940707315583
P005327,C027,1,2005.6445635310424
P005328,C015,1,1598.0241692889354
P005328,C027,1,852.0536764894517
P005329,C015,1,1288.0940707315583
P005329,C027,1,2065.644563531042
P005329,C028,1,2065.644563531042
P005330,C015,1,1658.0241692889354
P005330,C027,1,912.0536764894516
P005330,C028,1,912.0536764894516
P005331,C014,1,1258.0940707315583
P005331,C031,1,2005.6445635310424
P005332,C014,1,1598.0241692889354
P005332,C031,1,852.0536764894517
P005333,C014,1,1258.0940707315583
P005333,C030,1,2005.6445635310424
P005334,C014,1,1598.0241692889354
P005334,C030,1,852.0536764894517
P005335,C014,1,1258.0940707315583
P005335,C029,1,2005.6445635310424
P005336,C014,1,1598.0241692889354
P005336,C029,1,852.0536764894517
P005337,C014,1,1258.0940707315583
P005337,C028,1,2005.6445635310424
P005341,C013,1,1258.0940707315583
P005341,C031,1,2005.6445635310424
P005343,C013,1,1258.0940707315583
P005343,C030,1,2005.6445635310424
P005355,C013,1,1288.0940707315583
P005355,C027,1,2065.644563531042
P005355,C028,1,2065.644563531042
P005357,C013,1,1318.0940707315583
P005357,C016,1,1318.0940707315583
P005357,C027,1,2065.644563531042
P005358,C013,1,1658.0241692889354
P005358,C016,1,1658.0241692889354
P005358,C027,1,882.0536764894517
P005359,C013,1,1318.0940707315583
P005359,C015,1,1318.0940707315583
P005359,C027,1,2065.644563531042
P005360,C013,1,1658.0241692889354
P005360,C015,1,1658.0241692889354
P005360,C027,1,882.0536764894517
P005361,C013,2,1318.0940707315583
P005361,C027,1,2065.644563531042
P005362,C013,2,1658.0241692889354
P005362,C027,1,882.0536764894517
P005363,C012,1,1258.0940707315583
P005363,C031,1,2005.6445635310424
P005365,C012,1,1258.0940707315583
P005365,C030,1,2005.6445635310424
P005371,C012,1,1658.0241692889354
P005371,C028,1,912.0536764894516
P005371,C031,1,912.0536764894516
P005372,C012,1,1658.0241692889354
P005372,C028,1,912.0536764894516
P005372,C030,1,912.0536764894516
P005383,C012,1,1318.0940707315583
P005383,C016,1,1318.0940707315583
P005383,C028,1,2065.644563531042
P005386,C012,1,1658.0241692889354
P005386,C016,1,1658.0241692889354
P005386,C027,1,882.0536764894517
P005387,C012,1,1318.0940707315583
P005387,C015,1,1318.0940707315583
P005387,C028,1,2065.644563531042
P005390,C012,1,1658.0241692889354
P005390,C015,1,1658.0241692889354
P005390,C027,1,882.0536764894517
P005391,C012,1,1318.0940707315583
P005391,C014,1,1318.0940707315583
P005391,C027,1,2065.644563531042
P005392,C012,1,1658.0241692889354
P005392,C014,1,1658.0241692889354
P005392,C027,1,882.0536764894517
P005401,C016,1,1258.0940707315583
P005401,C036,1,1669.2282126661312
P005402,C016,1,1447.5359126774697
P005402,C036,1,1035.73510407623
P005403,C016,1,1258.0940707315583
P005403,C035,1,1669.2282126661312
P005404,C016,1,1447.5359126774697
P005404,C035,1,1035.73510407623
P005405,C016,1,1258.0940707315583
P005405,C034,1,1669.2282126661312
P005406,C016,1,1447.5359126774697
P005406,C034,1,1035.73510407623
P005408,C016,1,1447.5359126774697
P005408,C033,1,1035.73510407623
P005409,C016,1,1258.0940707315583
P005409,C032,1,1669.2282126661312
P005410,C016,1,1447.5359126774697
P005410,C032,1,1035.73510407623
P005411,C016,1,1288.0940707315583
P005411,C032,1,1729.2282126661312
P005411,C033,1,1729.2282126661312
P005412,C016,1,1507.5359126774697
P005412,C032,1,1095.73510407623
P005412,C033,1,1095.73510407623
P005413,C015,1,1258.0940707315583
P005413,C036,1,1669.2282126661312
P005414,C015,1,1447.5359126774697
P005414,C036,1,1035.73510407623
P005415,C015,1,1258.0940707315583
P005415,C035,1,1669.2282126661312
P005416,C015,1,1447.5359126774697
P005416,C035,1,1035.73510407623
P005417,C015,1,1258.0940707315583
P005417,C034,1,1669.2282126661312
P005418,C015,1,1447.5359126774697
P005418,C034,1,1035.73510407623
P005419,C015,1,1258.0940707315583
P005419,C033,1,1669.2282126661312
P005420,C015,1,1447.5359126774697
P005420,C033,1,1035.73510407623
P005421,C015,1,1258.0940707315583
P005421,C032,1,1669.2282126661312
P005422,C015,1,1447.5359126774697
P005422,C032,1,1035.73510407623
P005423,C015,1,1288.0940707315583
P005423,C032,1,1729.2282126661312
P005423,C033,1,1729.2282126661312
P005424,C015,1,1507.5359126774697
P005424,C032,1,1095.73510407623
P005424,C033,1,1095.73510407623
P005425,C014,1,1258.0940707315583
P005425,C036,1,1669.2282126661312
P005426,C014,1,1447.5359126774697
P005426,C036,1,1035.73510407623
P005427,C014,1,1258.0940707315583
P005427,C035,1,1669.2282126661312
P005428,C014,1,1447.5359126774697
P005428,C035,1,1035.73510407623
P005429,C014,1,1258.0940707315583
P005429,C034,1,1669.2282126661312
P005430,C014,1,1447.5359126774697
P005430,C034,1,1035.73510407623
P005432,C014,1,1447.5359126774697
P005432,C033,1,1035.73510407623
P005433,C014,1,1258.0940707315583
P005433,C032,1,1669.2282126661312
P005434,C014,1,1447.5359126774697
P005434,C032,1,1035.73510407623
P005438,C013,1,1447.5359126774697
P005438,C035,1,1035.73510407623
P005440,C013,1,1447.5359126774697
P005440,C034,1,1035.73510407623
P005442,C013,1,1447.5359126774697
P005442,C033,1,1035.73510407623
P005443,C013,1,1258.0940707315583
P005443,C032,1,1669.2282126661312
P005444,C013,1,1447.5359126774697
P005444,C032,1,1035.73510407623
P005445,C013,1,1288.0940707315583
P005445,C032,1,1729.2282126661312
P005445,C036,1,1729.2282126661312
P005446,C013,1,1507.5359126774697
P005446,C032,1,1095.73510407623
P005446,C036,1,1095.73510407623
P005447,C013,1,1288.0940707315583
P005447,C032,1,1729.2282126661312
P005447,C035,1,1729.2282126661312
P005449,C013,1,1288.0940707315583
P005449,C032,1,1729.2282126661312
P005449,C033,1,1729.2282126661312
P005450,C013,1,1507.5359126774697
P005450,C032,1,1095.73510407623
P005450,C033,1,1095.73510407623
P005451,C013,1,1318.0940707315583
P005451,C016,1,1318.0940707315583
P005451,C032,1,1729.2282126661312
P005452,C013,1,1507.5359126774697
P005452,C016,1,1507.5359126774697
P005452,C032,1,1065.73510407623
P005453,C013,1,1318.0940707315583
P005453,C015,1,1318.0940707315583
P005453,C032,1,1729.2282126661312
P005454,C013,1,1507.5359126774697
P005454,C015,1,1507.5359126774697
P005454,C032,1,1065.73510407623
P005456,C013,2,1507.5359126774697
P005456,C032,1,1065.73510407623
P005461,C012,1,1258.0940707315583
P005461,C034,1,1669.2282126661312
P005462,C012,1,1447.5359126774697
P005462,C034,1,1035.73510407623
P005464,C012,1,1447.5359126774697
P005464,C033,1,1035.73510407623
P005469,C012,1,1258.0940707315583
P005469,C032,1,1669.2282126661312
P005470,C012,1,1447.5359126774697
P005470,C032,1,1035.73510407623
P005476,C012,1,1507.5359126774697
P005476,C032,1,1095.73510407623
P005476,C034,1,1095.73510407623
P005479,C012,1,1318.0940707315583
P005479,C016,1,1318.0940707315583
P005479,C033,1,1729.2282126661312
P005480,C012,1,1507.5359126774697
P005480,C016,1,1507.5359126774697
P005480,C033,1,1065.73510407623
P005481,C012,1,1318.0940707315583
P005481,C016,1,1318.0940707315583
P005481,C032,1,1729.2282126661312
P005482,C012,1,1507.5359126774697
P005482,C016,1,1507.5359126774697
P005482,C032,1,1065.73510407623
P005483,C012,1,1318.0940707315583
P005483,C015,1,1318.0940707315583
P005483,C033,1,1729.2282126661312
P005484,C012,1,1507.5359126774697
P005484,C015,1,1507.5359126774697
P005484,C033,1,1065.73510407623
P005485,C012,1,1318.0940707315583
P005485,C015,1,1318.0940707315583
P005485,C032,1,1729.2282126661312
P005486,C012,1,1507.5359126774697
P005486,C015,1,1507.5359126774697
P005486,C032,1,1065.73510407623
P005487,C012,1,1318.0940707315583
P005487,C014,1,1318.0940707315583
P005487,C032,1,1729.2282126661312
P005488,C012,1,1507.5359126774697
P005488,C014,1,1507.5359126774697
P005488,C032,1,1065.73510407623
P005494,C012,1,1507.5359126774697
P005494,C013,1,1507.5359126774697
P005494,C033,1,1065.73510407623
P005495,C012,1,1318.0940707315583
P005495,C013,1,1318.0940707315583
P005495,C032,1,1729.2282126661312
P005496,C012,1,1507.5359126774697
P005496,C013,1,1507.5359126774697
P005496,C032,1,1065.73510407623
P005497,C016,1,1540.1310206586172
P005497,C050,1,817.0018095348861
P005498,C016,1,1258.0940707315583
P005498,C049,1,1989.6499485219565
P005500,C016,1,1258.0940707315583
P005500,C048,1,1989.6499485219565
P005501,C016,1,1540.1310206586172
P005501,C048,1,817.0018095348861
P005502,C016,1,1288.0940707315583
P005502,C048,1,2049.6499485219565
P005502,C049,1,2049.6499485219565
P005503,C016,1,1600.1310206586172
P005503,C048,1,877.0018095348861
P005503,C049,1,877.0018095348861
P005504,C015,1,1540.1310206586172
P005504,C050,1,817.0018095348861
P005505,C015,1,1258.0940707315583
P005505,C049,1,1989.6499485219565
P005507,C015,1,1258.0940707315583
P005507,C048,1,1989.6499485219565
P005509,C015,1,1288.0940707315583
P005509,C048,1,2049.6499485219565
P005509,C049,1,2049.6499485219565
P005510,C015,1,1600.1310206586172
P005510,C048,1,877.0018095348861
P005510,C049,1,877.0018095348861
P005511,C014,1,1258.0940707315583
P005511,C050,1,1989.6499485219565
P005512,C014,1,1540.1310206586172
P005512,C050,1,817.0018095348861
P005513,C014,1,1258.0940707315583
P005513,C049,1,1989.6499485219565
P005515,C014,1,1258.0940707315583
P005515,C048,1,1989.6499485219565
P005516,C014,1,1540.1310206586172
P005516,C048,1,817.0018095348861
P005517,C013,1,1258.0940707315583
P005517,C050,1,1989.6499485219565
P005518,C013,1,1540.1310206586172
P005518,C050,1,817.0018095348861
P005519,C013,1,1258.0940707315583
P005519,C049,1,1989.6499485219565
P005521,C013,1,1258.0940707315583
P005521,C048,1,1989.6499485219565
P005522,C013,1,1540.1310206586172
P005522,C048,1,817.0018095348861
P005523,C013,1,1288.0940707315583
P005523,C048,1,2049.6499485219565
P005523,C050,1,2049.6499485219565
P005524,C013,1,1600.1310206586172
P005524,C048,1,877.0018095348861
P005524,C050,1,877.0018095348861
P005525,C013,1,1288.0940707315583
P005525,C048,1,2049.6499485219565
P005525,C049,1,2049.6499485219565
P005526,C013,1,1600.1310206586172
P005526,C048,1,877.0018095348861
P005526,C049,1,877.0018095348861
P005527,C013,1,1318.0940707315583
P005527,C016,1,1318.0940707315583
P005527,C048,1,2049.6499485219565
P005528,C013,1,1600.1310206586172
P005528,C016,1,1600.1310206586172
P005528,C048,1,847.0018095348861
P005532,C013,2,1600.1310206586172
P005532,C048,1,847.0018095348861
P005533,C012,1,1258.0940707315583
P005533,C050,1,1989.6499485219565
P005535,C012,1,1258.0940707315583
P005535,C049,1,1989.6499485219565
P005538,C012,1,1258.0940707315583
P005538,C048,1,1989.6499485219565
P005540,C012,1,1288.0940707315583
P005540,C048,1,2049.6499485219565
P005540,C050,1,2049.6499485219565
P005542,C012,1,1288.0940707315583
P005542,C048,1,2049.6499485219565
P005542,C049,1,2049.6499485219565
P005547,C012,1,1600.1310206586172
P005547,C016,1,1600.1310206586172
P005547,C048,1,847.0018095348861
P005551,C012,1,1600.1310206586172
P005551,C015,1,1600.1310206586172
P005551,C048,1,847.0018095348861
P005552,C012,1,1318.0940707315583
P005552,C014,1,1318.0940707315583
P005552,C048,1,2049.6499485219565
P005553,C012,1,1600.1310206586172
P005553,C014,1,1600.1310206586172
P005553,C048,1,847.0018095348861
P005559,C012,1,1600.1310206586172
P005559,C013,1,1600.1310206586172
P005559,C048,1,847.0018095348861
P005560,C016,1,1546.742747053235
P005560,C062,1,1128.226496245155
P005564,C016,1,1546.742747053235
P005564,C060,1,1128.226496245155
P005567,C015,1,1546.742747053235
P005567,C062,1,1128.226496245155
P005574,C014,1,1258.0940707315583
P005574,C062,1,1667.543654872972
P005575,C014,1,1546.742747053235
P005575,C062,1,1128.226496245155
P005579,C014,1,1546.742747053235
P005579,C060,1,1128.226496245155
P005581,C013,1,1546.742747053235
P005581,C062,1,1128.226496245155
P005585,C013,1,1546.742747053235
P005585,C060,1,1128.226496245155
P005588,C013,1,1288.0940707315583
P005588,C060,1,1727.543654872972
P005588,C061,1,1727.543654872972
P005589,C013,1,1606.742747053235
P005589,C060,1,1188.226496245155
P005589,C061,1,1188.226496245155
P005616,C012,1,1318.0940707315583
P005616,C014,1,1318.0940707315583
P005616,C060,1,1727.543654872972
P005617,C012,1,1606.742747053235
P005617,C014,1,1606.742747053235
P005617,C060,1,1158.226496245155
P005624,C021,1,1214.5321714406264
P005624,C026,1,1683.1243328096375
P005625,C021,1,1478.641000241605
P005625,C026,1,1012.268838872594
P005626,C021,1,1214.5321714406264
P005626,C025,1,1683.1243328096375
P005627,C021,1,1478.641000241605
P005627,C025,1,1012.268838872594
P005632,C021,1,1214.5321714406264
P005632,C022,1,1683.1243328096375
P005633,C021,1,1478.641000241605
P005633,C022,1,1012.268838872594
P005636,C020,1,1214.5321714406264
P005636,C026,1,1683.1243328096375
P005637,C020,1,1478.641000241605
P005637,C026,1,1012.268838872594
P005638,C020,1,1214.5321714406264
P005638,C025,1,1683.1243328096375
P005639,C020,1,1478.641000241605
P005639,C025,1,1012.268838872594
P005640,C020,1,1214.5321714406264
P005640,C024,1,1683.1243328096375
P005644,C020,1,1214.5321714406264
P005644,C022,1,1683.1243328096375
P005645,C020,1,1478.641000241605
P005645,C022,1,1012.268838872594
P005651,C019,1,1478.641000241605
P005651,C025,1,1012.268838872594
P005652,C019,1,1214.5321714406264
P005652,C024,1,1683.1243328096375
P005653,C019,1,1478.641000241605
P005653,C024,1,1012.268838872594
P005656,C019,1,1214.5321714406264
P005656,C022,1,1683.1243328096375
P005657,C019,1,1478.641000241605
P005657,C022,1,1012.268838872594
P005661,C018,1,1478.641000241605
P005661,C025,1,1012.268838872594
P005666,C018,1,1214.5321714406264
P005666,C022,1,1683.1243328096375
P005667,C018,1,1478.641000241605
P005667,C022,1,1012.268838872594
P005678,C017,1,1214.5321714406264
P005678,C026,1,1683.1243328096375
P005690,C017,1,1214.5321714406264
P005690,C022,1,1683.1243328096375
P005691,C017,1,1478.641000241605
P005691,C022,1,1012.268838872594
P005703,C017,1,1538.641000241605
P005703,C021,1,1538.641000241605
P005703,C022,1,1042.2688388725942
P005707,C017,1,1538.641000241605
P005707,C020,1,1538.641000241605
P005707,C022,1,1042.2688388725942
P005708,C017,1,1274.5321714406264
P005708,C019,1,1274.5321714406264
P005708,C022,1,1743.1243328096375
P005709,C017,1,1538.641000241605
P005709,C019,1,1538.641000241605
P005709,C022,1,1042.2688388725942
P005717,C017,1,1538.641000241605
P005717,C018,1,1538.641000241605
P005717,C022,1,1042.2688388725942
P005718,C019,1,1729.7559873120126
P005718,C031,1,852.0536764894517
P005750,C019,1,1214.5321714406264
P005750,C034,1,2087.936095175729
P005772,C021,1,1214.5321714406264
P005772,C039,1,1667.577185312516
P005774,C021,1,1659.055989784658
P005774,C037,1,1203.1709759127682
P005775,C020,1,1214.5321714406264
P005775,C039,1,1667.577185312516
P005778,C019,1,1214.5321714406264
P005778,C041,1,1667.577185312516
P005779,C019,1,1659.055989784658
P005779,C041,1,1203.1709759127682
P005780,C019,1,1214.5321714406264
P005780,C040,1,1667.577185312516
P005781,C019,1,1659.055989784658
P005781,C040,1,1203.1709759127682
P005782,C019,1,1214.5321714406264
P005782,C039,1,1667.577185312516
P005783,C019,1,1659.055989784658
P005783,C039,1,1203.1709759127682
P005787,C019,1,1659.055989784658
P005787,C037,1,1203.1709759127682
P005794,C018,1,1244.5321714406264
P005794,C037,1,1727.577185312516
P005794,C038,1,1727.577185312516
P005795,C018,1,1719.055989784658
P005795,C037,1,1263.1709759127682
P005795,C038,1,1263.1709759127682
P005820,C021,1,1451.9588113855843
P005820,C044,1,1001.9793683074286
P005824,C021,1,1451.9588113855843
P005824,C042,1,1001.9793683074286
P005825,C021,1,1244.5321714406264
P005825,C042,1,1724.3982811854487
P005825,C043,1,1724.3982811854487
P005826,C021,1,1511.9588113855843
P005826,C042,1,1061.9793683074286
P005826,C043,1,1061.9793683074286
P005827,C020,1,1451.9588113855843
P005827,C044,1,1001.9793683074286
P005828,C020,1,1214.5321714406264
P005828,C043,1,1664.3982811854487
P005832,C020,1,1244.5321714406264
P005832,C042,1,1724.3982811854487
P005832,C043,1,1724.3982811854487
P005833,C020,1,1511.9588113855843
P005833,C042,1,1061.9793683074286
P005833,C043,1,1061.9793683074286
P005834,C019,1,1214.5321714406264
P005834,C044,1,1664.3982811854487
P005835,C019,1,1451.9588113855843
P005835,C044,1,1001.9793683074286
P005836,C019,1,1214.5321714406264
P005836,C043,1,1664.3982811854487
P005838,C019,1,1214.5321714406264
P005838,C042,1,1664.3982811854487
P005839,C019,1,1451.9588113855843
P005839,C042,1,1001.9793683074286
P005840,C018,1,1214.5321714406264
P005840,C044,1,1664.3982811854487
P005841,C018,1,1451.9588113855843
P005841,C044,1,1001.9793683074286
P005845,C018,1,1451.9588113855843
P005845,C042,1,1001.9793683074286
P005846,C018,1,1244.5321714406264
P005846,C042,1,1724.3982811854487
P005846,C044,1,1724.3982811854487
P005847,C018,1,1511.9588113855843
P005847,C042,1,1061.9793683074286
P005847,C044,1,1061.9793683074286
P005848,C018,1,1244.5321714406264
P005848,C042,1,1724.3982811854487
P005848,C043,1,1724.3982811854487
P005849,C018,1,1511.9588113855843
P005849,C042,1,1061.9793683074286
P005849,C043,1,1061.9793683074286
P005850,C018,1,1274.5321714406264
P005850,C021,1,1274.5321714406264
P005850,C042,1,1724.3982811854487
P005851,C018,1,1511.9588113855843
P005851,C021,1,1511.9588113855843
P005851,C042,1,1031.9793683074286
P005852,C018,1,1274.5321714406264
P005852,C020,1,1274.5321714406264
P005852,C042,1,1724.3982811854487
P005853,C018,1,1511.9588113855843
P005853,C020,1,1511.9588113855843
P005853,C042,1,1031.9793683074286
P005854,C017,1,1214.5321714406264
P005854,C044,1,1664.3982811854487
P005866,C017,1,1274.5321714406264
P005866,C021,1,1274.5321714406264
P005866,C043,1,1724.3982811854487
P005870,C017,1,1274.5321714406264
P005870,C020,1,1274.5321714406264
P005870,C043,1,1724.3982811854487
P005874,C017,1,1274.5321714406264
P005874,C019,1,1274.5321714406264
P005874,C042,1,1724.3982811854487
P005875,C017,1,1511.9588113855843
P005875,C019,1,1511.9588113855843
P005875,C042,1,1031.9793683074286
P005884,C019,1,1824.774008390099
P005884,C045,1,994.8223462305076
P005892,C021,1,1461.2960936784664
P005892,C050,1,817.0018095348861
P005896,C021,1,1461.2960936784664
P005896,C048,1,817.0018095348861
P005898,C021,1,1521.2960936784664
P005898,C048,1,877.0018095348861
P005898,C049,1,877.0018095348861
P005903,C020,1,1461.2960936784664
P005903,C048,1,817.0018095348861
P005907,C019,1,1461.2960936784664
P005907,C050,1,817.0018095348861
P005911,C019,1,1461.2960936784664
P005911,C048,1,817.0018095348861
P005913,C018,1,1461.2960936784664
P005913,C050,1,817.0018095348861
P005917,C018,1,1461.2960936784664
P005917,C048,1,817.0018095348861
P005919,C018,1,1521.2960936784664
P005919,C048,1,877.0018095348861
P005919,C050,1,877.0018095348861
P005921,C018,1,1521.2960936784664
P005921,C048,1,877.0018095348861
P005921,C049,1,877.0018095348861
P005923,C018,1,1521.2960936784664
P005923,C021,1,1521.2960936784664
P005923,C048,1,847.0018095348861
P005940,C017,1,1521.2960936784664
P005940,C021,1,1521.2960936784664
P005940,C048,1,847.0018095348861
P005944,C017,1,1521.2960936784664
P005944,C020,1,1521.2960936784664
P005944,C048,1,847.0018095348861
P005945,C017,1,1274.5321714406264
P005945,C019,1,1274.5321714406264
P005945,C048,1,1919.9064555842065
P005946,C017,1,1521.2960936784664
P005946,C019,1,1521.2960936784664
P005946,C048,1,847.0018095348861
P005952,C017,1,1521.2960936784664
P005952,C018,1,1521.2960936784664
P005952,C048,1,847.0018095348861
P005954,C019,1,1794.9643900800174
P005954,C051,1,1181.8300190487548
P005960,C021,1,1631.2513999203472
P005960,C054,1,972.7333575756628
P005963,C019,1,1631.2513999203472
P005963,C056,1,972.7333575756628
P005993,C019,1,1942.2603414238897
P005993,C060,1,1128.226496245155
P006004,C026,1,1012.268838872594
P006004,C031,1,1715.2195413574034
P006005,C026,1,1562.9910456409275
P006005,C031,1,852.0536764894517
P006006,C026,1,1012.268838872594
P006006,C030,1,1715.2195413574034
P006007,C026,1,1562.9910456409275
P006007,C030,1,852.0536764894517
P006008,C026,1,1012.268838872594
P006008,C029,1,1715.2195413574034
P006010,C026,1,1012.268838872594
P006010,C028,1,1715.2195413574034
P006012,C026,1,1012.268838872594
P006012,C027,1,1715.2195413574034
P006014,C026,1,1042.2688388725942
P006014,C027,1,1775.2195413574036
P006014,C028,1,1775.2195413574036
P006016,C025,1,1012.268838872594
P006016,C031,1,1715.2195413574034
P006017,C025,1,1562.9910456409275
P006017,C031,1,852.0536764894517
P006018,C025,1,1012.268838872594
P006018,C030,1,1715.2195413574034
P006019,C025,1,1562.9910456409275
P006019,C030,1,852.0536764894517
P006020,C025,1,1012.268838872594
P006020,C029,1,1715.2195413574034
P006022,C025,1,1012.268838872594
P006022,C028,1,1715.2195413574034
P006024,C025,1,1012.268838872594
P006024,C027,1,1715.2195413574034
P006026,C025,1,1042.2688388725942
P006026,C027,1,1775.2195413574036
P006026,C028,1,1775.2195413574036
P006028,C024,1,1012.268838872594
P006028,C031,1,1715.2195413574034
P006029,C024,1,1562.9910456409275
P006029,C031,1,852.0536764894517
P006030,C024,1,1012.268838872594
P006030,C030,1,1715.2195413574034
P006031,C024,1,1562.9910456409275
P006031,C030,1,852.0536764894517
P006032,C024,1,1012.268838872594
P006032,C029,1,1715.2195413574034
P006033,C024,1,1562.9910456409275
P006033,C029,1,852.0536764894517
P006034,C024,1,1012.268838872594
P006034,C028,1,1715.2195413574034
P006036,C024,1,1012.268838872594
P006036,C027,1,1715.2195413574034
P006038,C023,1,1012.268838872594
P006038,C031,1,1715.2195413574034
P006040,C023,1,1012.268838872594
P006040,C030,1,1715.2195413574034
P006042,C023,1,1012.268838872594
P006042,C029,1,1715.2195413574034
P006044,C023,1,1012.268838872594
P006044,C028,1,1715.2195413574034
P006046,C023,1,1012.268838872594
P006046,C027,1,1715.2195413574034
P006048,C023,1,1042.2688388725942
P006048,C027,1,1775.2195413574036
P006048,C031,1,1775.2195413574036
P006050,C023,1,1042.2688388725942
P006050,C027,1,1775.2195413574036
P006050,C030,1,1775.2195413574036
P006052,C023,1,1042.2688388725942
P006052,C027,1,1775.2195413574036
P006052,C028,1,1775.2195413574036
P006058,C022,1,1012.268838872594
P006058,C031,1,1715.2195413574034
P006060,C022,1,1012.268838872594
P006060,C030,1,1715.2195413574034
P006062,C022,1,1012.268838872594
P006062,C029,1,1715.2195413574034
P006064,C022,1,1012.268838872594
P006064,C028,1,1715.2195413574034
P006066,C022,1,1042.2688388725942
P006066,C028,1,1775.2195413574036
P006066,C031,1,1775.2195413574036
P006068,C022,1,1042.2688388725942
P006068,C028,1,1775.2195413574036
P006068,C030,1,1775.2195413574036
P006070,C022,1,1012.268838872594
P006070,C027,1,1715.2195413574034
P006072,C022,1,1042.2688388725942
P006072,C027,1,1775.2195413574036
P006072,C031,1,1775.2195413574036
P006110,C025,1,1012.268838872594
P006110,C036,1,1679.842446297
P006114,C025,1,1012.268838872594
P006114,C034,1,1679.842446297
P006116,C025,1,1012.268838872594
P006116,C033,1,1679.842446297
P006152,C022,1,1012.268838872594
P006152,C036,1,1679.842446297
P006156,C022,1,1012.268838872594
P006156,C034,1,1679.842446297
P006160,C022,1,1042.2688388725942
P006160,C033,1,1739.8424462970002
P006160,C036,1,1739.8424462970002
P006192,C026,1,1012.268838872594
P006192,C041,1,1491.0710468323668
P006193,C026,1,1012.268838872594
P006193,C040,1,1491.0710468323668
P006202,C025,1,1012.268838872594
P006202,C041,1,1491.0710468323668
P006203,C025,1,1012.268838872594
P006203,C040,1,1491.0710468323668
P006204,C025,1,1012.268838872594
P006204,C039,1,1491.0710468323668
P006205,C025,1,1687.033183872541
P006205,C039,1,1203.1709759127682
P006206,C025,1,1012.268838872594
P006206,C038,1,1491.0710468323668
P006215,C024,1,1687.033183872541
P006215,C040,1,1203.1709759127682
P006225,C023,1,1687.033183872541
P006225,C040,1,1203.1709759127682
P006240,C022,1,1012.268838872594
P006240,C041,1,1491.0710468323668
P006241,C022,1,1687.033183872541
P006241,C041,1,1203.1709759127682
P006242,C022,1,1012.268838872594
P006242,C040,1,1491.0710468323668
P006243,C022,1,1687.033183872541
P006243,C040,1,1203.1709759127682
P006244,C022,1,1012.268838872594
P006244,C039,1,1491.0710468323668
P006245,C022,1,1687.033183872541
P006245,C039,1,1203.1709759127682
P006246,C022,1,1012.268838872594
P006246,C038,1,1491.0710468323668
P006248,C022,1,1042.2688388725942
P006248,C038,1,1551.071046832367
P006248,C041,1,1551.071046832367
P006252,C022,1,1012.268838872594
P006252,C037,1,1491.0710468323668
P006253,C022,1,1687.033183872541
P006253,C037,1,1203.1709759127682
P006254,C022,1,1042.2688388725942
P006254,C037,1,1551.071046832367
P006254,C041,1,1551.071046832367
P006255,C022,1,1747.033183872541
P006255,C037,1,1263.1709759127682
P006255,C041,1,1263.1709759127682
P006256,C022,1,1042.2688388725942
P006256,C037,1,1551.071046832367
P006256,C040,1,1551.071046832367
P006257,C022,1,1747.033183872541
P006257,C037,1,1263.1709759127682
P006257,C040,1,1263.1709759127682
P006258,C022,1,1042.2688388725942
P006258,C037,1,1551.071046832367
P006258,C039,1,1551.071046832367
P006259,C022,1,1747.033183872541
P006259,C037,1,1263.1709759127682
P006259,C039,1,1263.1709759127682
P006260,C022,1,1042.2688388725942
P006260,C037,1,1551.071046832367
P006260,C038,1,1551.071046832367
P006261,C022,1,1747.033183872541
P006261,C037,1,1263.1709759127682
P006261,C038,1,1263.1709759127682
P006281,C026,1,1470.300153975404
P006281,C044,1,1001.9793683074286
P006285,C026,1,1470.300153975404
P006285,C042,1,1001.9793683074286
P006290,C025,1,1012.268838872594
P006290,C043,1,1478.2562912072362
P006297,C024,1,1470.300153975404
P006297,C044,1,1001.9793683074286
P006301,C024,1,1470.300153975404
P006301,C042,1,1001.9793683074286
P006303,C023,1,1470.300153975404
P006303,C044,1,1001.9793683074286
P006307,C023,1,1470.300153975404
P006307,C042,1,1001.9793683074286
P006313,C023,1,1530.300153975404
P006313,C026,1,1530.300153975404
P006313,C042,1,1031.9793683074286
P006318,C022,1,1012.268838872594
P006318,C043,1,1478.2562912072362
P006344,C026,1,1012.268838872594
P006344,C047,1,1752.863136993391
P006345,C026,1,1745.8566443513043
P006345,C047,1,994.8223462305076
P006352,C025,1,1012.268838872594
P006352,C047,1,1752.863136993391
P006353,C025,1,1745.8566443513043
P006353,C047,1,994.8223462305076
P006354,C025,1,1012.268838872594
P006354,C046,1,1752.863136993391
P006382,C022,1,1012.268838872594
P006382,C046,1,1752.863136993391
P006408,C026,1,1290.6882129636317
P006408,C050,1,817.0018095348861
P006411,C026,1,1012.268838872594
P006411,C048,1,1484.8152423013398
P006412,C026,1,1290.6882129636317
P006412,C048,1,817.0018095348861
P006413,C026,1,1042.2688388725942
P006413,C048,1,1544.8152423013398
P006413,C049,1,1544.8152423013398
P006414,C026,1,1350.6882129636317
P006414,C048,1,877.0018095348861
P006414,C049,1,877.0018095348861
P006416,C025,1,1290.6882129636317
P006416,C050,1,817.0018095348861
P006418,C025,1,1290.6882129636317
P006418,C049,1,817.0018095348861
P006419,C025,1,1012.268838872594
P006419,C048,1,1484.8152423013398
P006420,C025,1,1290.6882129636317
P006420,C048,1,817.0018095348861
P006421,C025,1,1042.2688388725942
P006421,C048,1,1544.8152423013398
P006421,C049,1,1544.8152423013398
P006422,C025,1,1350.6882129636317
P006422,C048,1,877.0018095348861
P006422,C049,1,877.0018095348861
P006424,C024,1,1290.6882129636317
P006424,C050,1,817.0018095348861
P006426,C024,1,1290.6882129636317
P006426,C049,1,817.0018095348861
P006427,C024,1,1012.268838872594
P006427,C048,1,1484.8152423013398
P006428,C024,1,1290.6882129636317
P006428,C048,1,817.0018095348861
P006430,C023,1,1290.6882129636317
P006430,C050,1,817.0018095348861
P006432,C023,1,1290.6882129636317
P006432,C049,1,817.0018095348861
P006433,C023,1,1012.268838872594
P006433,C048,1,1484.8152423013398
P006434,C023,1,1290.6882129636317
P006434,C048,1,817.0018095348861
P006436,C023,1,1350.6882129636317
P006436,C048,1,877.0018095348861
P006436,C050,1,877.0018095348861
P006438,C023,1,1350.6882129636317
P006438,C048,1,877.0018095348861
P006438,C049,1,877.0018095348861
P006440,C023,1,1350.6882129636317
P006440,C026,1,1350.6882129636317
P006440,C048,1,847.0018095348861
P006442,C023,1,1350.6882129636317
P006442,C025,1,1350.6882129636317
P006442,C048,1,847.0018095348861
P006444,C022,1,1290.6882129636317
P006444,C050,1,817.0018095348861
P006446,C022,1,1290.6882129636317
P006446,C049,1,817.0018095348861
P006449,C022,1,1012.268838872594
P006449,C048,1,1484.8152423013398
P006450,C022,1,1290.6882129636317
P006450,C048,1,817.0018095348861
P006456,C022,1,1350.6882129636317
P006456,C026,1,1350.6882129636317
P006456,C049,1,847.0018095348861
P006457,C022,1,1072.2688388725942
P006457,C026,1,1072.2688388725942
P006457,C048,1,1544.8152423013398
P006458,C022,1,1350.6882129636317
P006458,C026,1,1350.6882129636317
P006458,C048,1,847.0018095348861
P006460,C022,1,1350.6882129636317
P006460,C025,1,1350.6882129636317
P006460,C049,1,847.0018095348861
P006461,C022,1,1072.2688388725942
P006461,C025,1,1072.2688388725942
P006461,C048,1,1544.8152423013398
P006462,C022,1,1350.6882129636317
P006462,C025,1,1350.6882129636317
P006462,C048,1,847.0018095348861
P006463,C022,1,1072.2688388725942
P006463,C024,1,1072.2688388725942
P006463,C048,1,1544.8152423013398
P006464,C022,1,1350.6882129636317
P006464,C024,1,1350.6882129636317
P006464,C048,1,847.0018095348861
P006468,C022,1,1350.6882129636317
P006468,C023,1,1350.6882129636317
P006468,C049,1,847.0018095348861
P006469,C022,1,1072.2688388725942
P006469,C023,1,1072.2688388725942
P006469,C048,1,1544.8152423013398
P006470,C022,1,1350.6882129636317
P006470,C023,1,1350.6882129636317
P006470,C048,1,847.0018095348861
P006471,C026,1,1012.268838872594
P006471,C052,1,1656.1933599734034
P006472,C026,1,1012.268838872594
P006472,C051,1,1656.1933599734034
P006473,C026,1,1831.4078734828972
P006473,C051,1,1181.8300190487548
P006474,C025,1,1012.268838872594
P006474,C052,1,1656.1933599734034
P006475,C025,1,1012.268838872594
P006475,C051,1,1656.1933599734034
P006476,C025,1,1831.4078734828972
P006476,C051,1,1181.8300190487548
P006477,C024,1,1012.268838872594
P006477,C053,1,1656.1933599734034
P006478,C024,1,1831.4078734828972
P006478,C053,1,1181.8300190487548
P006479,C024,1,1012.268838872594
P006479,C052,1,1656.1933599734034
P006480,C024,1,1831.4078734828972
P006480,C052,1,1181.8300190487548
P006483,C023,1,1012.268838872594
P006483,C053,1,1656.1933599734034
P006492,C022,1,1012.268838872594
P006492,C053,1,1656.1933599734034
P006493,C022,1,1831.4078734828972
P006493,C053,1,1181.8300190487548
P006494,C022,1,1012.268838872594
P006494,C052,1,1656.1933599734034
P006512,C026,1,1012.268838872594
P006512,C056,1,1608.8085893176817
P006513,C026,1,1579.719774687417
P006513,C056,1,972.7333575756628
P006522,C025,1,1012.268838872594
P006522,C055,1,1608.8085893176817
P006550,C022,1,1012.268838872594
P006550,C055,1,1608.8085893176817
P006581,C024,1,2112.654379331968
P006581,C057,1,1151.8553923434088
P006585,C023,1,2112.654379331968
P006585,C057,1,1151.8553923434088
P006586,C022,1,2112.654379331968
P006586,C059,1,1151.8553923434088
P006587,C022,1,1012.268838872594
P006587,C058,1,1962.6678258611528
P006590,C022,1,2112.654379331968
P006590,C057,1,1151.8553923434088
P006598,C022,1,1072.2688388725942
P006598,C023,1,1072.2688388725942
P006598,C058,1,2022.6678258611528
P006601,C026,1,1012.268838872594
P006601,C062,1,1641.093776751915
P006602,C026,1,1775.684767457809
P006602,C062,1,1128.226496245155
P006611,C025,1,1012.268838872594
P006611,C061,1,1641.093776751915
P006618,C024,1,1775.684767457809
P006618,C062,1,1128.226496245155
P006639,C022,1,1012.268838872594
P006639,C061,1,1641.093776751915
P006720,C027,1,1574.3460704345011
P006720,C036,1,1035.73510407623
P006722,C027,1,1574.3460704345011
P006722,C035,1,1035.73510407623
P006733,C027,1,882.0536764894517
P006733,C032,1,1448.4179761810562
P006733,C036,1,1448.4179761810562
P006734,C027,1,1634.3460704345011
P006734,C032,1,1095.73510407623
P006734,C036,1,1095.73510407623
P006735,C027,1,882.0536764894517
P006735,C032,1,1448.4179761810562
P006735,C035,1,1448.4179761810562
P006736,C027,1,1634.3460704345011
P006736,C032,1,1095.73510407623
P006736,C035,1,1095.73510407623
P006737,C027,1,882.0536764894517
P006737,C032,1,1448.4179761810562
P006737,C034,1,1448.4179761810562
P006738,C027,1,1634.3460704345011
P006738,C032,1,1095.73510407623
P006738,C034,1,1095.73510407623
P006739,C027,1,882.0536764894517
P006739,C032,1,1448.4179761810562
P006739,C033,1,1448.4179761810562
P006740,C027,1,1634.3460704345011
P006740,C032,1,1095.73510407623
P006740,C033,1,1095.73510407623
P006749,C027,1,912.0536764894516
P006749,C029,1,912.0536764894516
P006749,C032,1,1448.4179761810562
P006795,C031,1,852.0536764894517
P006795,C044,1,1633.7198997434457
P006796,C031,1,1777.9922582280892
P006796,C044,1,1001.9793683074286
P006798,C031,1,1777.9922582280892
P006798,C043,1,1001.9793683074286
P006800,C031,1,1777.9922582280892
P006800,C042,1,1001.9793683074286
P006803,C030,1,852.0536764894517
P006803,C044,1,1633.7198997434457
P006804,C030,1,1777.9922582280892
P006804,C044,1,1001.9793683074286
P006806,C030,1,1777.9922582280892
P006806,C043,1,1001.9793683074286
P006808,C030,1,1777.9922582280892
P006808,C042,1,1001.9793683074286
P006812,C029,1,1777.9922582280892
P006812,C044,1,1001.9793683074286
P006814,C029,1,1777.9922582280892
P006814,C043,1,1001.9793683074286
P006816,C029,1,1777.9922582280892
P006816,C042,1,1001.9793683074286
P006818,C028,1,1777.9922582280892
P006818,C044,1,1001.9793683074286
P006820,C028,1,1777.9922582280892
P006820,C043,1,1001.9793683074286
P006822,C028,1,1777.9922582280892
P006822,C042,1,1001.9793683074286
P006830,C027,1,1777.9922582280892
P006830,C044,1,1001.9793683074286
P006832,C027,1,1777.9922582280892
P006832,C043,1,1001.9793683074286
P006836,C027,1,1777.9922582280892
P006836,C042,1,1001.9793683074286
P006842,C027,1,1837.9922582280888
P006842,C031,1,1837.9922582280888
P006842,C043,1,1031.9793683074286
P006844,C027,1,1837.9922582280888
P006844,C031,1,1837.9922582280888
P006844,C042,1,1031.9793683074286
P006846,C027,1,1837.9922582280888
P006846,C030,1,1837.9922582280888
P006846,C043,1,1031.9793683074286
P006848,C027,1,1837.9922582280888
P006848,C030,1,1837.9922582280888
P006848,C042,1,1031.9793683074286
P006850,C027,1,1837.9922582280888
P006850,C029,1,1837.9922582280888
P006850,C042,1,1031.9793683074286
P006852,C027,1,1837.9922582280888
P006852,C028,1,1837.9922582280888
P006852,C044,1,1031.9793683074286
P006854,C027,1,1837.9922582280888
P006854,C028,1,1837.9922582280888
P006854,C043,1,1031.9793683074286
P006857,C031,1,852.0536764894517
P006857,C047,1,1631.48274253914
P006858,C031,1,1776.7047456135292
P006858,C047,1,994.8223462305076
P006859,C031,1,852.0536764894517
P006859,C046,1,1631.48274253914
P006861,C031,1,852.0536764894517
P006861,C045,1,1631.48274253914
P006865,C030,1,852.0536764894517
P006865,C047,1,1631.48274253914
P006866,C030,1,1776.7047456135292
P006866,C047,1,994.8223462305076
P006867,C030,1,852.0536764894517
P006867,C046,1,1631.48274253914
P006869,C030,1,852.0536764894517
P006869,C045,1,1631.48274253914
P006873,C029,1,852.0536764894517
P006873,C047,1,1631.48274253914
P006875,C029,1,852.0536764894517
P006875,C046,1,1631.48274253914
P006877,C029,1,852.0536764894517
P006877,C045,1,1631.48274253914
P006879,C028,1,852.0536764894517
P006879,C047,1,1631.48274253914
P006881,C028,1,852.0536764894517
P006881,C046,1,1631.48274253914
P006883,C028,1,852.0536764894517
P006883,C045,1,1631.48274253914
P006889,C028,1,912.0536764894516
P006889,C031,1,912.0536764894516
P006889,C045,1,1691.48274253914
P006891,C028,1,912.0536764894516
P006891,C030,1,912.0536764894516
P006891,C045,1,1691.48274253914
P006893,C027,1,852.0536764894517
P006893,C047,1,1631.48274253914
P006895,C027,1,852.0536764894517
P006895,C046,1,1631.48274253914
P006899,C027,1,852.0536764894517
P006899,C045,1,1631.48274253914
P006905,C027,1,912.0536764894516
P006905,C031,1,912.0536764894516
P006905,C046,1,1691.48274253914
P006907,C027,1,912.0536764894516
P006907,C031,1,912.0536764894516
P006907,C045,1,1691.48274253914
P006909,C027,1,912.0536764894516
P006909,C030,1,912.0536764894516
P006909,C046,1,1691.48274253914
P006915,C027,1,912.0536764894516
P006915,C028,1,912.0536764894516
P006915,C047,1,1691.48274253914
P006917,C027,1,912.0536764894516
P006917,C028,1,912.0536764894516
P006917,C046,1,1691.48274253914
P006921,C031,1,852.0536764894517
P006921,C050,1,1363.7025912767351
P006922,C031,1,1321.8040576555031
P006922,C050,1,817.0018095348861
P006925,C031,1,852.0536764894517
P006925,C048,1,1363.7025912767351
P006926,C031,1,1321.8040576555031
P006926,C048,1,817.0018095348861
P006927,C031,1,882.0536764894517
P006927,C048,1,1423.7025912767351
P006927,C049,1,1423.7025912767351
P006928,C031,1,1381.8040576555031
P006928,C048,1,877.0018095348861
P006928,C049,1,877.0018095348861
P006929,C030,1,852.0536764894517
P006929,C050,1,1363.7025912767351
P006931,C030,1,852.0536764894517
P006931,C049,1,1363.7025912767351
P006933,C030,1,852.0536764894517
P006933,C048,1,1363.7025912767351
P006935,C030,1,882.0536764894517
P006935,C048,1,1423.7025912767351
P006935,C049,1,1423.7025912767351
P006936,C030,1,1381.8040576555031
P006936,C048,1,877.0018095348861
P006936,C049,1,877.0018095348861
P006937,C029,1,852.0536764894517
P006937,C050,1,1363.7025912767351
P006938,C029,1,1321.8040576555031
P006938,C050,1,817.0018095348861
P006939,C029,1,852.0536764894517
P006939,C049,1,1363.7025912767351
P006941,C029,1,852.0536764894517
P006941,C048,1,1363.7025912767351
P006942,C029,1,1321.8040576555031
P006942,C048,1,817.0018095348861
P006943,C028,1,852.0536764894517
P006943,C050,1,1363.7025912767351
P006944,C028,1,1321.8040576555031
P006944,C050,1,817.0018095348861
P006947,C028,1,852.0536764894517
P006947,C048,1,1363.7025912767351
P006948,C028,1,1321.8040576555031
P006948,C048,1,817.0018095348861
P006949,C028,1,882.0536764894517
P006949,C048,1,1423.7025912767351
P006949,C050,1,1423.7025912767351
P006950,C028,1,1381.8040576555031
P006950,C048,1,877.0018095348861
P006950,C050,1,877.0018095348861
P006951,C028,1,882.0536764894517
P006951,C048,1,1423.7025912767351
P006951,C049,1,1423.7025912767351
P006952,C028,1,1381.8040576555031
P006952,C048,1,877.0018095348861
P006952,C049,1,877.0018095348861
P006953,C028,1,912.0536764894516
P006953,C031,1,912.0536764894516
P006953,C048,1,1423.7025912767351
P006954,C028,1,1381.8040576555031
P006954,C031,1,1381.8040576555031
P006954,C048,1,847.0018095348861
P006955,C028,1,912.0536764894516
P006955,C030,1,912.0536764894516
P006955,C048,1,1423.7025912767351
P006956,C028,1,1381.8040576555031
P006956,C030,1,1381.8040576555031
P006956,C048,1,847.0018095348861
P006957,C027,1,852.0536764894517
P006957,C050,1,1363.7025912767351
P006964,C027,1,1321.8040576555031
P006964,C048,1,817.0018095348861
P006969,C027,1,912.0536764894516
P006969,C031,1,912.0536764894516
P006969,C049,1,1423.7025912767351
P006971,C027,1,912.0536764894516
P006971,C031,1,912.0536764894516
P006971,C048,1,1423.7025912767351
P006972,C027,1,1381.8040576555031
P006972,C031,1,1381.8040576555031
P006972,C048,1,847.0018095348861
P006973,C027,1,912.0536764894516
P006973,C030,1,912.0536764894516
P006973,C049,1,1423.7025912767351
P006975,C027,1,912.0536764894516
P006975,C030,1,912.0536764894516
P006975,C048,1,1423.7025912767351
P006976,C027,1,1381.8040576555031
P006976,C030,1,1381.8040576555031
P006976,C048,1,847.0018095348861
P006977,C027,1,912.0536764894516
P006977,C029,1,912.0536764894516
P006977,C048,1,1423.7025912767351
P006978,C027,1,1381.8040576555031
P006978,C029,1,1381.8040576555031
P006978,C048,1,847.0018095348861
P006983,C027,1,912.0536764894516
P006983,C028,1,912.0536764894516
P006983,C048,1,1423.7025912767351
P006984,C027,1,1381.8040576555031
P006984,C028,1,1381.8040576555031
P006984,C048,1,847.0018095348861
P006993,C031,1,852.0536764894517
P006993,C056,1,1593.8271891022373
P006994,C031,1,1716.9668701884484
P006994,C056,1,972.7333575756628
P006996,C031,1,1716.9668701884484
P006996,C055,1,972.7333575756628
P006998,C031,1,1716.9668701884484
P006998,C054,1,972.7333575756628
P007001,C030,1,852.0536764894517
P007001,C056,1,1593.8271891022373
P007002,C030,1,1716.9668701884484
P007002,C056,1,972.7333575756628
P007004,C030,1,1716.9668701884484
P007004,C055,1,972.7333575756628
P007006,C030,1,1716.9668701884484
P007006,C054,1,972.7333575756628
P007010,C029,1,1716.9668701884484
P007010,C056,1,972.7333575756628
P007012,C029,1,1716.9668701884484
P007012,C055,1,972.7333575756628
P007014,C029,1,1716.9668701884484
P007014,C054,1,972.7333575756628
P007016,C028,1,1716.9668701884484
P007016,C056,1,972.7333575756628
P007018,C028,1,1716.9668701884484
P007018,C055,1,972.7333575756628
P007020,C028,1,1716.9668701884484
P007020,C054,1,972.7333575756628
P007026,C028,1,1776.9668701884484
P007026,C031,1,1776.9668701884484
P007026,C054,1,1002.7333575756628
P007028,C028,1,1776.9668701884484
P007028,C030,1,1776.9668701884484
P007028,C054,1,1002.7333575756628
P007030,C027,1,1716.9668701884484
P007030,C056,1,972.7333575756628
P007032,C027,1,1716.9668701884484
P007032,C055,1,972.7333575756628
P007036,C027,1,1716.9668701884484
P007036,C054,1,972.7333575756628
P007042,C027,1,1776.9668701884484
P007042,C031,1,1776.9668701884484
P007042,C055,1,1002.7333575756628
P007044,C027,1,1776.9668701884484
P007044,C031,1,1776.9668701884484
P007044,C054,1,1002.7333575756628
P007046,C027,1,1776.9668701884484
P007046,C030,1,1776.9668701884484
P007046,C055,1,1002.7333575756628
P007052,C027,1,1776.9668701884484
P007052,C028,1,1776.9668701884484
P007052,C056,1,1002.7333575756628
P007054,C027,1,1776.9668701884484
P007054,C028,1,1776.9668701884484
P007054,C055,1,1002.7333575756628
P007057,C031,1,852.0536764894517
P007057,C059,1,1803.7943330722603
P007058,C031,1,852.0536764894517
P007058,C058,1,1803.7943330722603
P007059,C031,1,2106.009382259551
P007059,C058,1,1151.8553923434088
P007061,C031,1,2106.009382259551
P007061,C057,1,1151.8553923434088
P007063,C030,1,852.0536764894517
P007063,C059,1,1803.7943330722603
P007065,C030,1,2106.009382259551
P007065,C058,1,1151.8553923434088
P007067,C030,1,2106.009382259551
P007067,C057,1,1151.8553923434088
P007069,C029,1,852.0536764894517
P007069,C059,1,1803.7943330722603
P007070,C029,1,2106.009382259551
P007070,C059,1,1151.8553923434088
P007072,C029,1,2106.009382259551
P007072,C058,1,1151.8553923434088
P007074,C029,1,2106.009382259551
P007074,C057,1,1151.8553923434088
P007075,C028,1,852.0536764894517
P007075,C059,1,1803.7943330722603
P007076,C028,1,2106.009382259551
P007076,C059,1,1151.8553923434088
P007078,C028,1,2106.009382259551
P007078,C058,1,1151.8553923434088
P007080,C028,1,2106.009382259551
P007080,C057,1,1151.8553923434088
P007083,C028,1,882.0536764894517
P007083,C057,1,1863.7943330722603
P007083,C058,1,1863.7943330722603
P007084,C028,1,2166.009382259551
P007084,C057,1,1211.8553923434088
P007084,C058,1,1211.8553923434088
P007088,C027,1,2106.009382259551
P007088,C059,1,1151.8553923434088
P007090,C027,1,2106.009382259551
P007090,C058,1,1151.8553923434088
P007093,C027,1,2106.009382259551
P007093,C057,1,1151.8553923434088
P007103,C027,1,2166.009382259551
P007103,C029,1,2166.009382259551
P007103,C057,1,1181.8553923434088
P007106,C027,1,2166.009382259551
P007106,C028,1,2166.009382259551
P007106,C058,1,1181.8553923434088
P007108,C027,1,2166.009382259551
P007108,C028,1,2166.009382259551
P007108,C057,1,1181.8553923434088
P007126,C029,1,1815.2518405238932
P007126,C062,1,1128.226496245155
P007216,C036,1,1769.6002929487513
P007216,C042,1,1001.9793683074286
P007226,C034,1,1769.6002929487513
P007226,C044,1,1001.9793683074286
P007230,C034,1,1769.6002929487513
P007230,C042,1,1001.9793683074286
P007232,C033,1,1769.6002929487513
P007232,C044,1,1001.9793683074286
P007236,C033,1,1769.6002929487513
P007236,C042,1,1001.9793683074286
P007316,C036,1,1035.73510407623
P007316,C050,1,1525.42781311586
P007317,C036,1,1297.6011852411823
P007317,C050,1,817.0018095348861
P007320,C036,1,1035.73510407623
P007320,C048,1,1525.42781311586
P007321,C036,1,1297.6011852411823
P007321,C048,1,817.0018095348861
P007322,C036,1,1065.73510407623
P007322,C048,1,1585.42781311586
P007322,C049,1,1585.42781311586
P007323,C036,1,1357.6011852411823
P007323,C048,1,877.0018095348861
P007323,C049,1,877.0018095348861
P007324,C035,1,1035.73510407623
P007324,C050,1,1525.42781311586
P007325,C035,1,1297.6011852411823
P007325,C050,1,817.0018095348861
P007328,C035,1,1035.73510407623
P007328,C048,1,1525.42781311586
P007329,C035,1,1297.6011852411823
P007329,C048,1,817.0018095348861
P007330,C035,1,1065.73510407623
P007330,C048,1,1585.42781311586
P007330,C049,1,1585.42781311586
P007331,C035,1,1357.6011852411823
P007331,C048,1,877.0018095348861
P007331,C049,1,877.0018095348861
P007332,C034,1,1035.73510407623
P007332,C050,1,1525.42781311586
P007333,C034,1,1297.6011852411823
P007333,C050,1,817.0018095348861
P007334,C034,1,1035.73510407623
P007334,C049,1,1525.42781311586
P007335,C034,1,1297.6011852411823
P007335,C049,1,817.0018095348861
P007336,C034,1,1035.73510407623
P007336,C048,1,1525.42781311586
P007337,C034,1,1297.6011852411823
P007337,C048,1,817.0018095348861
P007338,C033,1,1035.73510407623
P007338,C050,1,1525.42781311586
P007339,C033,1,1297.6011852411823
P007339,C050,1,817.0018095348861
P007341,C033,1,1297.6011852411823
P007341,C049,1,817.0018095348861
P007342,C033,1,1035.73510407623
P007342,C048,1,1525.42781311586
P007343,C033,1,1297.6011852411823
P007343,C048,1,817.0018095348861
P007344,C033,1,1065.73510407623
P007344,C048,1,1585.42781311586
P007344,C050,1,1585.42781311586
P007345,C033,1,1357.6011852411823
P007345,C048,1,877.0018095348861
P007345,C050,1,877.0018095348861
P007346,C033,1,1065.73510407623
P007346,C048,1,1585.42781311586
P007346,C049,1,1585.42781311586
P007347,C033,1,1357.6011852411823
P007347,C048,1,877.0018095348861
P007347,C049,1,877.0018095348861
P007348,C033,1,1095.73510407623
P007348,C036,1,1095.73510407623
P007348,C048,1,1585.42781311586
P007349,C033,1,1357.6011852411823
P007349,C036,1,1357.6011852411823
P007349,C048,1,847.0018095348861
P007350,C033,1,1095.73510407623
P007350,C035,1,1095.73510407623
P007350,C048,1,1585.42781311586
P007351,C033,1,1357.6011852411823
P007351,C035,1,1357.6011852411823
P007351,C048,1,847.0018095348861
P007352,C032,1,1035.73510407623
P007352,C050,1,1525.42781311586
P007355,C032,1,1297.6011852411823
P007355,C049,1,817.0018095348861
P007358,C032,1,1035.73510407623
P007358,C048,1,1525.42781311586
P007359,C032,1,1297.6011852411823
P007359,C048,1,817.0018095348861
P007364,C032,1,1095.73510407623
P007364,C036,1,1095.73510407623
P007364,C049,1,1585.42781311586
P007366,C032,1,1095.73510407623
P007366,C036,1,1095.73510407623
P007366,C048,1,1585.42781311586
P007367,C032,1,1357.6011852411823
P007367,C036,1,1357.6011852411823
P007367,C048,1,847.0018095348861
P007368,C032,1,1095.73510407623
P007368,C035,1,1095.73510407623
P007368,C049,1,1585.42781311586
P007370,C032,1,1095.73510407623
P007370,C035,1,1095.73510407623
P007370,C048,1,1585.42781311586
P007371,C032,1,1357.6011852411823
P007371,C035,1,1357.6011852411823
P007371,C048,1,847.0018095348861
P007372,C032,1,1095.73510407623
P007372,C034,1,1095.73510407623
P007372,C048,1,1585.42781311586
P007373,C032,1,1357.6011852411823
P007373,C034,1,1357.6011852411823
P007373,C048,1,847.0018095348861
P007377,C032,1,1357.6011852411823
P007377,C033,1,1357.6011852411823
P007377,C049,1,847.0018095348861
P007378,C032,1,1095.73510407623
P007378,C033,1,1095.73510407623
P007378,C048,1,1585.42781311586
P007379,C032,1,1357.6011852411823
P007379,C033,1,1357.6011852411823
P007379,C048,1,847.0018095348861
P007434,C034,1,1035.73510407623
P007434,C057,1,2029.963663061246
P007435,C034,1,2146.2506179950915
P007435,C057,1,1151.8553923434088
P007436,C033,1,1035.73510407623
P007436,C057,1,2029.963663061246
P007437,C032,1,1035.73510407623
P007437,C058,1,2029.963663061246
P007438,C032,1,2146.2506179950915
P007438,C058,1,1151.8553923434088
P007439,C032,1,1035.73510407623
P007439,C057,1,2029.963663061246
P007441,C032,1,2206.2506179950915
P007441,C057,1,1211.8553923434088
P007441,C058,1,1211.8553923434088
P007444,C036,1,1035.73510407623
P007444,C062,1,1427.1337739007945
P007445,C036,1,1528.0251660697193
P007445,C062,1,1128.226496245155
P007446,C036,1,1035.73510407623
P007446,C061,1,1427.1337739007945
P007447,C036,1,1528.0251660697193
P007447,C061,1,1128.226496245155
P007448,C036,1,1035.73510407623
P007448,C060,1,1427.1337739007945
P007449,C036,1,1528.0251660697193
P007449,C060,1,1128.226496245155
P007450,C036,1,1065.73510407623
P007450,C060,1,1487.1337739007945
P007450,C061,1,1487.1337739007945
P007451,C036,1,1588.0251660697193
P007451,C060,1,1188.226496245155
P007451,C061,1,1188.226496245155
P007452,C035,1,1035.73510407623
P007452,C062,1,1427.1337739007945
P007453,C035,1,1528.0251660697193
P007453,C062,1,1128.226496245155
P007460,C034,1,1035.73510407623
P007460,C062,1,1427.1337739007945
P007461,C034,1,1528.0251660697193
P007461,C062,1,1128.226496245155
P007481,C032,1,1528.0251660697193
P007481,C062,1,1128.226496245155
P007486,C032,1,1035.73510407623
P007486,C060,1,1427.1337739007945
P007488,C032,1,1065.73510407623
P007488,C060,1,1487.1337739007945
P007488,C062,1,1487.1337739007945
P007489,C032,1,1588.0251660697193
P007489,C060,1,1188.226496245155
P007489,C062,1,1188.226496245155
P007490,C032,1,1065.73510407623
P007490,C060,1,1487.1337739007945
P007490,C061,1,1487.1337739007945
P007491,C032,1,1588.0251660697193
P007491,C060,1,1188.226496245155
P007491,C061,1,1188.226496245155
P007509,C041,1,1616.4913405814293
P007509,C042,1,1001.9793683074286
P007510,C040,1,1203.1709759127682
P007510,C042,1,1820.409614853436
P007512,C039,1,1616.4913405814293
P007512,C044,1,1001.9793683074286
P007516,C039,1,1616.4913405814293
P007516,C042,1,1001.9793683074286
P007517,C038,1,1616.4913405814293
P007517,C044,1,1001.9793683074286
P007521,C038,1,1616.4913405814293
P007521,C042,1,1001.9793683074286
P007540,C041,1,1477.2952727470538
P007540,C050,1,817.0018095348861
P007541,C041,1,1203.1709759127682
P007541,C049,1,1867.384439124936
P007542,C041,1,1477.2952727470538
P007542,C049,1,817.0018095348861
P007543,C041,1,1203.1709759127682
P007543,C048,1,1867.384439124936
P007544,C041,1,1477.2952727470538
P007544,C048,1,817.0018095348861
P007545,C041,1,1233.1709759127682
P007545,C048,1,1927.384439124936
P007545,C049,1,1927.384439124936
P007546,C041,1,1537.2952727470538
P007546,C048,1,877.0018095348861
P007546,C049,1,877.0018095348861
P007547,C040,1,1477.2952727470538
P007547,C050,1,817.0018095348861
P007548,C040,1,1203.1709759127682
P007548,C049,1,1867.384439124936
P007549,C040,1,1477.2952727470538
P007549,C049,1,817.0018095348861
P007550,C040,1,1203.1709759127682
P007550,C048,1,1867.384439124936
P007551,C040,1,1477.2952727470538
P007551,C048,1,817.0018095348861
P007552,C040,1,1233.1709759127682
P007552,C048,1,1927.384439124936
P007552,C049,1,1927.384439124936
P007553,C040,1,1537.2952727470538
P007553,C048,1,877.0018095348861
P007553,C049,1,877.0018095348861
P007554,C039,1,1203.1709759127682
P007554,C050,1,1867.384439124936
P007555,C039,1,1477.2952727470538
P007555,C050,1,817.0018095348861
P007556,C039,1,1203.1709759127682
P007556,C049,1,1867.384439124936
P007557,C039,1,1477.2952727470538
P007557,C049,1,817.0018095348861
P007558,C039,1,1203.1709759127682
P007558,C048,1,1867.384439124936
P007559,C039,1,1477.2952727470538
P007559,C048,1,817.0018095348861
P007560,C038,1,1203.1709759127682
P007560,C050,1,1867.384439124936
P007561,C038,1,1477.2952727470538
P007561,C050,1,817.0018095348861
P007562,C038,1,1203.1709759127682
P007562,C049,1,1867.384439124936
P007563,C038,1,1477.2952727470538
P007563,C049,1,817.0018095348861
P007564,C038,1,1203.1709759127682
P007564,C048,1,1867.384439124936
P007565,C038,1,1477.2952727470538
P007565,C048,1,817.0018095348861
P007566,C038,1,1537.2952727470538
P007566,C048,1,877.0018095348861
P007566,C050,1,877.0018095348861
P007567,C038,1,1233.1709759127682
P007567,C048,1,1927.384439124936
P007567,C049,1,1927.384439124936
P007568,C038,1,1537.2952727470538
P007568,C048,1,877.0018095348861
P007568,C049,1,877.0018095348861
P007569,C038,1,1263.1709759127682
P007569,C041,1,1263.1709759127682
P007569,C048,1,1927.384439124936
P007570,C038,1,1537.2952727470538
P007570,C041,1,1537.2952727470538
P007570,C048,1,847.0018095348861
P007571,C038,1,1263.1709759127682
P007571,C040,1,1263.1709759127682
P007571,C048,1,1927.384439124936
P007572,C038,1,1537.2952727470538
P007572,C040,1,1537.2952727470538
P007572,C048,1,847.0018095348861
P007573,C037,1,1203.1709759127682
P007573,C050,1,1867.384439124936
P007574,C037,1,1477.2952727470538
P007574,C050,1,817.0018095348861
P007575,C037,1,1203.1709759127682
P007575,C049,1,1867.384439124936
P007576,C037,1,1477.2952727470538
P007576,C049,1,817.0018095348861
P007577,C037,1,1537.2952727470538
P007577,C049,1,877.0018095348861
P007577,C050,1,877.0018095348861
P007578,C037,1,1203.1709759127682
P007578,C048,1,1867.384439124936
P007579,C037,1,1477.2952727470538
P007579,C048,1,817.0018095348861
P007581,C037,1,1537.2952727470538
P007581,C048,1,877.0018095348861
P007581,C050,1,877.0018095348861
P007583,C037,1,1537.2952727470538
P007583,C048,1,877.0018095348861
P007583,C049,1,877.0018095348861
P007584,C037,1,1263.1709759127682
P007584,C041,1,1263.1709759127682
P007584,C049,1,1927.384439124936
P007585,C037,1,1537.2952727470538
P007585,C041,1,1537.2952727470538
P007585,C049,1,847.0018095348861
P007586,C037,1,1263.1709759127682
P007586,C041,1,1263.1709759127682
P007586,C048,1,1927.384439124936
P007587,C037,1,1537.2952727470538
P007587,C041,1,1537.2952727470538
P007587,C048,1,847.0018095348861
P007588,C037,1,1263.1709759127682
P007588,C040,1,1263.1709759127682
P007588,C049,1,1927.384439124936
P007589,C037,1,1537.2952727470538
P007589,C040,1,1537.2952727470538
P007589,C049,1,847.0018095348861
P007590,C037,1,1263.1709759127682
P007590,C040,1,1263.1709759127682
P007590,C048,1,1927.384439124936
P007591,C037,1,1537.2952727470538
P007591,C040,1,1537.2952727470538
P007591,C048,1,847.0018095348861
P007592,C037,1,1263.1709759127682
P007592,C039,1,1263.1709759127682
P007592,C048,1,1927.384439124936
P007593,C037,1,1537.2952727470538
P007593,C039,1,1537.2952727470538
P007593,C048,1,847.0018095348861
P007597,C037,1,1537.2952727470538
P007597,C038,1,1537.2952727470538
P007597,C049,1,847.0018095348861
P007598,C037,1,1263.1709759127682
P007598,C038,1,1263.1709759127682
P007598,C048,1,1927.384439124936
P007599,C037,1,1537.2952727470538
P007599,C038,1,1537.2952727470538
P007599,C048,1,847.0018095348861
P007606,C039,1,1825.2675935964976
P007606,C062,1,1128.226496245155
P007637,C044,1,1001.9793683074286
P007637,C046,1,1623.9363196786817
P007657,C042,1,1001.9793683074286
P007657,C046,1,1623.9363196786817
P007686,C043,1,1354.252593279519
P007686,C050,1,817.0018095348861
P007690,C043,1,1354.252593279519
P007690,C048,1,817.0018095348861
P007692,C043,1,1414.252593279519
P007692,C048,1,877.0018095348861
P007692,C050,1,877.0018095348861
P007694,C043,1,1414.252593279519
P007694,C048,1,877.0018095348861
P007694,C049,1,877.0018095348861
P007719,C044,1,1001.9793683074286
P007719,C053,1,1455.9249018541086
P007720,C044,1,1639.095552595435
P007720,C053,1,1181.8300190487548
P007721,C044,1,1001.9793683074286
P007721,C052,1,1455.9249018541086
P007741,C042,1,1001.9793683074286
P007741,C052,1,1455.9249018541086
P007763,C044,1,1001.9793683074286
P007763,C055,1,1452.2298835431457
P007783,C042,1,1001.9793683074286
P007783,C055,1,1452.2298835431457
P007803,C044,1,1001.9793683074286
P007803,C058,1,1792.4752650629698
P007809,C043,1,1950.4179557656169
P007809,C059,1,1151.8553923434088
P007820,C042,1,1001.9793683074286
P007820,C058,1,1792.4752650629698
P007829,C042,1,1061.9793683074286
P007829,C044,1,1061.9793683074286
P007829,C058,1,1852.4752650629696
P007837,C044,1,1001.9793683074286
P007837,C061,1,1766.0677309815585
P007850,C042,1,1001.9793683074286
P007850,C061,1,1766.0677309815585
P007871,C046,1,1497.2168026883517
P007871,C050,1,817.0018095348861
P007875,C046,1,1497.2168026883517
P007875,C048,1,817.0018095348861
P007877,C046,1,1557.2168026883517
P007877,C048,1,877.0018095348861
P007877,C050,1,877.0018095348861
P007879,C046,1,1557.2168026883517
P007879,C048,1,877.0018095348861
P007879,C049,1,877.0018095348861
P007904,C047,1,994.8223462305076
P007904,C053,1,1557.1290827360276
P007944,C047,1,994.8223462305076
P007944,C056,1,1378.8174069593672
P007945,C047,1,1356.735084971189
P007945,C056,1,972.7333575756628
P007946,C047,1,994.8223462305076
P007946,C055,1,1378.8174069593672
P007947,C047,1,1356.735084971189
P007947,C055,1,972.7333575756628
P007948,C047,1,994.8223462305076
P007948,C054,1,1378.8174069593672
P007949,C047,1,1356.735084971189
P007949,C054,1,972.7333575756628
P007950,C047,1,1024.8223462305075
P007950,C054,1,1438.8174069593672
P007950,C055,1,1438.8174069593672
P007951,C047,1,1416.735084971189
P007951,C054,1,1032.7333575756627
P007951,C055,1,1032.7333575756627
P007952,C046,1,994.8223462305076
P007952,C056,1,1378.8174069593672
P007953,C046,1,1356.735084971189
P007953,C056,1,972.7333575756628
P007954,C046,1,994.8223462305076
P007954,C055,1,1378.8174069593672
P007955,C046,1,1356.735084971189
P007955,C055,1,972.7333575756628
P007956,C046,1,994.8223462305076
P007956,C054,1,1378.8174069593672
P007957,C046,1,1356.735084971189
P007957,C054,1,972.7333575756628
P007958,C046,1,1024.8223462305075
P007958,C054,1,1438.8174069593672
P007958,C056,1,1438.8174069593672
P007959,C046,1,1416.735084971189
P007959,C054,1,1032.7333575756627
P007959,C056,1,1032.7333575756627
P007960,C046,1,1024.8223462305075
P007960,C054,1,1438.8174069593672
P007960,C055,1,1438.8174069593672
P007961,C046,1,1416.735084971189
P007961,C054,1,1032.7333575756627
P007961,C055,1,1032.7333575756627
P007962,C046,1,1054.8223462305075
P007962,C047,1,1054.8223462305075
P007962,C054,1,1438.8174069593672
P007963,C046,1,1416.735084971189
P007963,C047,1,1416.735084971189
P007963,C054,1,1002.7333575756628
P007964,C045,1,994.8223462305076
P007964,C056,1,1378.8174069593672
P007965,C045,1,1356.735084971189
P007965,C056,1,972.7333575756628
P007966,C045,1,994.8223462305076
P007966,C055,1,1378.8174069593672
P007967,C045,1,1356.735084971189
P007967,C055,1,972.7333575756628
P007970,C045,1,994.8223462305076
P007970,C054,1,1378.8174069593672
P007971,C045,1,1356.735084971189
P007971,C054,1,972.7333575756628
P007976,C045,1,1054.8223462305075
P007976,C047,1,1054.8223462305075
P007976,C055,1,1438.8174069593672
P007978,C045,1,1054.8223462305075
P007978,C047,1,1054.8223462305075
P007978,C054,1,1438.8174069593672
P007979,C045,1,1416.735084971189
P007979,C047,1,1416.735084971189
P007979,C054,1,1002.7333575756628
P007984,C045,1,1054.8223462305075
P007984,C046,1,1054.8223462305075
P007984,C054,1,1438.8174069593672
P007985,C045,1,1416.735084971189
P007985,C046,1,1416.735084971189
P007985,C054,1,1002.7333575756628
P007986,C047,1,994.8223462305076
P007986,C059,1,1428.66018679821
P007987,C047,1,1585.6532329111112
P007987,C059,1,1151.8553923434088
P007988,C047,1,994.8223462305076
P007988,C058,1,1428.66018679821
P007989,C047,1,1585.6532329111112
P007989,C058,1,1151.8553923434088
P007990,C047,1,994.8223462305076
P007990,C057,1,1428.66018679821
P007991,C047,1,1585.6532329111112
P007991,C057,1,1151.8553923434088
P007992,C047,1,1024.8223462305075
P007992,C057,1,1488.66018679821
P007992,C058,1,1488.66018679821
P007993,C047,1,1645.6532329111112
P007993,C057,1,1211.8553923434088
P007993,C058,1,1211.8553923434088
P007994,C046,1,994.8223462305076
P007994,C059,1,1428.66018679821
P007995,C046,1,1585.6532329111112
P007995,C059,1,1151.8553923434088
P007996,C046,1,994.8223462305076
P007996,C058,1,1428.66018679821
P007997,C046,1,1585.6532329111112
P007997,C058,1,1151.8553923434088
P007998,C046,1,994.8223462305076
P007998,C057,1,1428.66018679821
P007999,C046,1,1585.6532329111112
P007999,C057,1,1151.8553923434088
P008000,C046,1,1024.8223462305075
P008000,C057,1,1488.66018679821
P008000,C059,1,1488.66018679821
P008001,C046,1,1645.6532329111112
P008001,C057,1,1211.8553923434088
P008001,C059,1,1211.8553923434088
P008002,C046,1,1024.8223462305075
P008002,C057,1,1488.66018679821
P008002,C058,1,1488.66018679821
P008003,C046,1,1645.6532329111112
P008003,C057,1,1211.8553923434088
P008003,C058,1,1211.8553923434088
P008006,C045,1,994.8223462305076
P008006,C059,1,1428.66018679821
P008007,C045,1,1585.6532329111112
P008007,C059,1,1151.8553923434088
P008008,C045,1,994.8223462305076
P008008,C058,1,1428.66018679821
P008009,C045,1,1585.6532329111112
P008009,C058,1,1151.8553923434088
P008010,C045,1,1024.8223462305075
P008010,C058,1,1488.66018679821
P008010,C059,1,1488.66018679821
P008011,C045,1,1645.6532329111112
P008011,C058,1,1211.8553923434088
P008011,C059,1,1211.8553923434088
P008012,C045,1,994.8223462305076
P008012,C057,1,1428.66018679821
P008013,C045,1,1585.6532329111112
P008013,C057,1,1151.8553923434088
P008014,C045,1,1024.8223462305075
P008014,C057,1,1488.66018679821
P008014,C059,1,1488.66018679821
P008015,C045,1,1645.6532329111112
P008015,C057,1,1211.8553923434088
P008015,C059,1,1211.8553923434088
P008016,C045,1,1024.8223462305075
P008016,C057,1,1488.66018679821
P008016,C058,1,1488.66018679821
P008017,C045,1,1645.6532329111112
P008017,C057,1,1211.8553923434088
P008017,C058,1,1211.8553923434088
P008022,C045,1,1054.8223462305075
P008022,C046,1,1054.8223462305075
P008022,C059,1,1488.66018679821
P008024,C045,1,1054.8223462305075
P008024,C046,1,1054.8223462305075
P008024,C058,1,1488.66018679821
P008026,C045,1,1054.8223462305075
P008026,C046,1,1054.8223462305075
P008026,C057,1,1488.66018679821
P008035,C050,1,817.0018095348861
P008035,C053,1,1582.5386509829675
P008036,C050,1,817.0018095348861
P008036,C052,1,1582.5386509829675
P008054,C048,1,817.0018095348861
P008054,C052,1,1582.5386509829675
P008064,C048,1,877.0018095348861
P008064,C050,1,877.0018095348861
P008064,C052,1,1642.5386509829675
P008068,C048,1,877.0018095348861
P008068,C049,1,877.0018095348861
P008068,C052,1,1642.5386509829675
P008074,C050,1,817.0018095348861
P008074,C055,1,1411.3982158658498
P008094,C048,1,817.0018095348861
P008094,C055,1,1411.3982158658498
P008104,C048,1,877.0018095348861
P008104,C050,1,877.0018095348861
P008104,C055,1,1471.3982158658498
P008110,C048,1,877.0018095348861
P008110,C049,1,877.0018095348861
P008110,C055,1,1471.3982158658498
P008116,C050,1,817.0018095348861
P008116,C058,1,1714.3917193880511
P008135,C048,1,817.0018095348861
P008135,C058,1,1714.3917193880511
P008145,C048,1,877.0018095348861
P008145,C050,1,877.0018095348861
P008145,C058,1,1774.3917193880511
P008151,C048,1,877.0018095348861
P008151,C049,1,877.0018095348861
P008151,C058,1,1774.3917193880511
P008155,C050,1,817.0018095348861
P008155,C062,1,1399.022175877125
P008156,C050,1,1727.740195920727
P008156,C062,1,1128.226496245155
P008157,C050,1,817.0018095348861
P008157,C061,1,1399.022175877125
P008158,C050,1,1727.740195920727
P008158,C061,1,1128.226496245155
P008159,C050,1,817.0018095348861
P008159,C060,1,1399.022175877125
P008160,C050,1,1727.740195920727
P008160,C060,1,1128.226496245155
P008161,C050,1,847.0018095348861
P008161,C060,1,1459.022175877125
P008161,C061,1,1459.022175877125
P008162,C050,1,1787.740195920727
P008162,C060,1,1188.226496245155
P008162,C061,1,1188.226496245155
P008163,C049,1,817.0018095348861
P008163,C062,1,1399.022175877125
P008164,C049,1,1727.740195920727
P008164,C062,1,1128.226496245155
P008165,C049,1,817.0018095348861
P008165,C061,1,1399.022175877125
P008166,C049,1,1727.740195920727
P008166,C061,1,1128.226496245155
P008167,C049,1,817.0018095348861
P008167,C060,1,1399.022175877125
P008168,C049,1,1727.740195920727
P008168,C060,1,1128.226496245155
P008169,C049,1,847.0018095348861
P008169,C060,1,1459.022175877125
P008169,C062,1,1459.022175877125
P008170,C049,1,1787.740195920727
P008170,C060,1,1188.226496245155
P008170,C062,1,1188.226496245155
P008171,C049,1,847.0018095348861
P008171,C060,1,1459.022175877125
P008171,C061,1,1459.022175877125
P008172,C049,1,1787.740195920727
P008172,C060,1,1188.226496245155
P008172,C061,1,1188.226496245155
P008175,C048,1,817.0018095348861
P008175,C062,1,1399.022175877125
P008176,C048,1,1727.740195920727
P008176,C062,1,1128.226496245155
P008177,C048,1,817.0018095348861
P008177,C061,1,1399.022175877125
P008178,C048,1,1727.740195920727
P008178,C061,1,1128.226496245155
P008179,C048,1,847.0018095348861
P008179,C061,1,1459.022175877125
P008179,C062,1,1459.022175877125
P008180,C048,1,1787.740195920727
P008180,C061,1,1188.226496245155
P008180,C062,1,1188.226496245155
P008181,C048,1,817.0018095348861
P008181,C060,1,1399.022175877125
P008182,C048,1,1727.740195920727
P008182,C060,1,1128.226496245155
P008183,C048,1,847.0018095348861
P008183,C060,1,1459.022175877125
P008183,C062,1,1459.022175877125
P008184,C048,1,1787.740195920727
P008184,C060,1,1188.226496245155
P008184,C062,1,1188.226496245155
P008185,C048,1,847.0018095348861
P008185,C060,1,1459.022175877125
P008185,C061,1,1459.022175877125
P008186,C048,1,1787.740195920727
P008186,C060,1,1188.226496245155
P008186,C061,1,1188.226496245155
P008187,C048,1,877.0018095348861
P008187,C050,1,877.0018095348861
P008187,C061,1,1459.022175877125
P008191,C048,1,877.0018095348861
P008191,C049,1,877.0018095348861
P008191,C062,1,1459.022175877125
P008193,C048,1,877.0018095348861
P008193,C049,1,877.0018095348861
P008193,C061,1,1459.022175877125
P008195,C048,1,877.0018095348861
P008195,C049,1,877.0018095348861
P008195,C060,1,1459.022175877125
P008197,C053,1,1181.8300190487548
P008197,C056,1,1638.9321494432634
P008198,C053,1,1434.6288213035043
P008198,C056,1,972.7333575756628
P008199,C053,1,1181.8300190487548
P008199,C055,1,1638.9321494432634
P008201,C053,1,1181.8300190487548
P008201,C054,1,1638.9321494432634
P008202,C053,1,1434.6288213035043
P008202,C054,1,972.7333575756628
P008203,C053,1,1211.8300190487548
P008203,C054,1,1698.9321494432634
P008203,C055,1,1698.9321494432634
P008204,C053,1,1494.6288213035043
P008204,C054,1,1032.7333575756627
P008204,C055,1,1032.7333575756627
P008205,C052,1,1181.8300190487548
P008205,C056,1,1638.9321494432634
P008206,C052,1,1434.6288213035043
P008206,C056,1,972.7333575756628
P008207,C052,1,1181.8300190487548
P008207,C055,1,1638.9321494432634
P008209,C052,1,1181.8300190487548
P008209,C054,1,1638.9321494432634
P008210,C052,1,1434.6288213035043
P008210,C054,1,972.7333575756628
P008211,C052,1,1211.8300190487548
P008211,C054,1,1698.9321494432634
P008211,C056,1,1698.9321494432634
P008213,C052,1,1211.8300190487548
P008213,C054,1,1698.9321494432634
P008213,C055,1,1698.9321494432634
P008215,C052,1,1241.8300190487548
P008215,C053,1,1241.8300190487548
P008215,C054,1,1698.9321494432634
P008217,C051,1,1181.8300190487548
P008217,C056,1,1638.9321494432634
P008218,C051,1,1434.6288213035043
P008218,C056,1,972.7333575756628
P008219,C051,1,1181.8300190487548
P008219,C055,1,1638.9321494432634
P008223,C051,1,1181.8300190487548
P008223,C054,1,1638.9321494432634
P008224,C051,1,1434.6288213035043
P008224,C054,1,972.7333575756628
P008229,C051,1,1241.8300190487548
P008229,C053,1,1241.8300190487548
P008229,C055,1,1698.9321494432634
P008231,C051,1,1241.8300190487548
P008231,C053,1,1241.8300190487548
P008231,C054,1,1698.9321494432634
P008232,C051,1,1494.6288213035043
P008232,C053,1,1494.6288213035043
P008232,C054,1,1002.7333575756628
P008233,C051,1,1241.8300190487548
P008233,C052,1,1241.8300190487548
P008233,C056,1,1698.9321494432634
P008235,C051,1,1241.8300190487548
P008235,C052,1,1241.8300190487548
P008235,C055,1,1698.9321494432634
P008237,C051,1,1241.8300190487548
P008237,C052,1,1241.8300190487548
P008237,C054,1,1698.9321494432634
P008238,C051,1,1494.6288213035043
P008238,C052,1,1494.6288213035043
P008238,C054,1,1002.7333575756628
P008319,C006,1,852.8980887587328
P008320,C006,5,1116.898088758733
P008321,C005,1,852.8980887587328
P008322,C004,1,852.8980887587328
P008323,C004,1,1182.898088758733
P008323,C006,5,1182.898088758733
P008324,C004,2,918.8980887587328
P008325,C003,1,852.8980887587328
P008326,C003,1,1182.898088758733
P008326,C006,5,1182.898088758733
P008327,C003,1,1182.898088758733
P008327,C005,1,1182.898088758733
P008327,C006,4,1182.898088758733
P008328,C003,1,1248.898088758733
P008328,C004,2,1248.898088758733
P008328,C006,4,1248.898088758733
P008329,C003,3,984.8980887587328
P008330,C003,3,1248.898088758733
P008330,C006,4,1248.898088758733
P008331,C003,3,1248.898088758733
P008331,C005,1,1248.898088758733
P008331,C006,3,1248.898088758733
P008332,C003,3,1314.898088758733
P008332,C004,2,1314.898088758733
P008332,C006,3,1314.898088758733
P008333,C003,3,1314.898088758733
P008333,C004,2,1314.898088758733
P008333,C005,1,1314.898088758733
P008333,C006,2,1314.898088758733
P008334,C002,1,852.8980887587328
P008335,C002,1,1182.898088758733
P008335,C006,5,1182.898088758733
P008336,C002,1,1248.898088758733
P008336,C004,1,1248.898088758733
P008336,C006,5,1248.898088758733
P008337,C002,1,1248.898088758733
P008337,C004,1,1248.898088758733
P008337,C005,1,1248.898088758733
P008337,C006,4,1248.898088758733
P008338,C002,1,1248.898088758733
P008338,C004,2,1248.898088758733
P008338,C006,4,1248.898088758733
P008339,C002,1,1314.898088758733
P008339,C003,1,1314.898088758733
P008339,C004,2,1314.898088758733
P008339,C006,4,1314.898088758733
P008340,C002,1,1314.898088758733
P008340,C003,1,1314.898088758733
P008340,C004,2,1314.898088758733
P008340,C005,1,1314.898088758733
P008340,C006,3,1314.898088758733
P008341,C002,1,1314.898088758733
P008341,C003,2,1314.898088758733
P008341,C004,2,1314.898088758733
P008341,C005,1,1314.898088758733
P008341,C006,2,1314.898088758733
P008342,C002,1,1314.898088758733
P008342,C003,3,1314.898088758733
P008342,C004,1,1314.898088758733
P008342,C006,3,1314.898088758733
P008343,C002,1,1314.898088758733
P008343,C003,3,1314.898088758733
P008343,C004,1,1314.898088758733
P008343,C005,1,1314.898088758733
P008343,C006,2,1314.898088758733
P008344,C002,1,1314.898088758733
P008344,C003,3,1314.898088758733
P008344,C004,2,1314.898088758733
P008344,C006,2,1314.898088758733
P008345,C002,1,1314.898088758733
P008345,C003,3,1314.898088758733
P008345,C004,2,1314.898088758733
P008345,C005,1,1314.898088758733
P008345,C006,1,1314.898088758733
P008346,C001,1,852.8980887587328
P008347,C001,1,1182.898088758733
P008347,C006,5,1182.898088758733
P008348,C001,1,1248.898088758733
P008348,C004,1,1248.898088758733
P008348,C006,5,1248.898088758733
P008349,C001,1,1248.898088758733
P008349,C004,1,1248.898088758733
P008349,C005,1,1248.898088758733
P008349,C006,4,1248.898088758733
P008350,C001,1,1248.898088758733
P008350,C004,2,1248.898088758733
P008350,C006,4,1248.898088758733
P008351,C001,1,1314.898088758733
P008351,C003,1,1314.898088758733
P008351,C004,2,1314.898088758733
P008351,C006,4,1314.898088758733
P008352,C001,1,1314.898088758733
P008352,C003,1,1314.898088758733
P008352,C004,2,1314.898088758733
P008352,C005,1,1314.898088758733
P008352,C006,3,1314.898088758733
P008353,C001,1,1314.898088758733
P008353,C003,2,1314.898088758733
P008353,C004,2,1314.898088758733
P008353,C006,3,1314.898088758733
P008357,C001,1,1314.898088758733
P008357,C003,3,1314.898088758733
P008357,C004,2,1314.898088758733
P008357,C006,2,1314.898088758733
P008358,C001,1,1314.898088758733
P008358,C003,3,1314.898088758733
P008358,C004,2,1314.898088758733
P008358,C005,1,1314.898088758733
P008358,C006,1,1314.898088758733
P008359,C001,1,1248.898088758733
P008359,C002,1,1248.898088758733
P008359,C006,5,1248.898088758733
P008360,C001,1,984.8980887587328
P008360,C002,1,984.8980887587328
P008360,C005,1,984.8980887587328
P008361,C001,1,1050.898088758733
P008361,C002,1,1050.898088758733
P008361,C005,1,1050.898088758733
P008361,C006,1,1050.898088758733
P008362,C001,1,1116.898088758733
P008362,C002,1,1116.898088758733
P008362,C005,1,1116.898088758733
P008362,C006,2,1116.898088758733
P008363,C001,1,1182.898088758733
P008363,C002,1,1182.898088758733
P008363,C005,1,1182.898088758733
P008363,C006,3,1182.898088758733
P008365,C001,1,1050.898088758733
P008365,C002,1,1050.898088758733
P008365,C004,1,1050.898088758733
P008365,C005,1,1050.898088758733
P008366,C001,1,1116.898088758733
P008366,C002,1,1116.898088758733
P008366,C004,1,1116.898088758733
P008366,C005,1,1116.898088758733
P008366,C006,1,1116.898088758733
P008367,C001,1,1182.898088758733
P008367,C002,1,1182.898088758733
P008367,C004,1,1182.898088758733
P008367,C005,1,1182.898088758733
P008367,C006,2,1182.898088758733
P008375,C001,1,1380.898088758733
P008375,C002,1,1380.898088758733
P008375,C003,2,1380.898088758733
P008375,C004,2,1380.898088758733
P008375,C006,3,1380.898088758733
P008376,C001,1,1380.898088758733
P008376,C002,1,1380.898088758733
P008376,C003,2,1380.898088758733
P008376,C004,2,1380.898088758733
P008376,C005,1,1380.898088758733
P008376,C006,2,1380.898088758733
P008378,C001,1,1314.898088758733
P008378,C002,1,1314.898088758733
P008378,C003,3,1314.898088758733
P008378,C005,1,1314.898088758733
P008378,C006,2,1314.898088758733
P008379,C001,1,1380.898088758733
P008379,C002,1,1380.898088758733
P008379,C003,3,1380.898088758733
P008379,C004,1,1380.898088758733
P008379,C006,3,1380.898088758733
P008380,C001,1,1380.898088758733
P008380,C002,1,1380.898088758733
P008380,C003,3,1380.898088758733
P008380,C004,1,1380.898088758733
P008380,C005,1,1380.898088758733
P008380,C006,2,1380.898088758733
P008381,C001,1,1380.898088758733
P008381,C002,1,1380.898088758733
P008381,C003,3,1380.898088758733
P008381,C004,2,1380.898088758733
P008381,C006,2,1380.898088758733
P008382,C001,1,1380.898088758733
P008382,C002,1,1380.898088758733
P008382,C003,3,1380.898088758733
P008382,C004,2,1380.898088758733
P008382,C005,1,1380.898088758733
P008382,C006,1,1380.898088758733
P008383,C011,1,1158.9133786226248
P008384,C011,3,1290.9133786226248
P008385,C010,1,1158.9133786226248
P008386,C010,1,1356.9133786226248
P008386,C011,3,1356.9133786226248
P008387,C009,1,1158.9133786226248
P008388,C009,1,1356.9133786226248
P008388,C011,3,1356.9133786226248
P008389,C009,1,1422.9133786226248
P008389,C010,1,1422.9133786226248
P008389,C011,3,1422.9133786226248
P008390,C008,1,1158.9133786226248
P008391,C008,1,1422.9133786226248
P008391,C010,1,1422.9133786226248
P008391,C011,3,1422.9133786226248
P008392,C008,1,1422.9133786226248
P008392,C009,1,1422.9133786226248
P008392,C011,3,1422.9133786226248
P008393,C008,1,1422.9133786226248
P008393,C009,1,1422.9133786226248
P008393,C010,1,1422.9133786226248
P008393,C011,2,1422.9133786226248
P008394,C008,2,1224.9133786226248
P008395,C008,2,1422.9133786226248
P008395,C011,3,1422.9133786226248
P008396,C008,2,1290.9133786226248
P008396,C010,1,1290.9133786226248
P008397,C008,2,1356.9133786226248
P008397,C010,1,1356.9133786226248
P008397,C011,1,1356.9133786226248
P008398,C008,2,1422.9133786226248
P008398,C010,1,1422.9133786226248
P008398,C011,2,1422.9133786226248
P008399,C008,2,1290.9133786226248
P008399,C009,1,1290.9133786226248
P008400,C008,2,1356.9133786226248
P008400,C009,1,1356.9133786226248
P008400,C011,1,1356.9133786226248
P008401,C008,2,1422.9133786226248
P008401,C009,1,1422.9133786226248
P008401,C011,2,1422.9133786226248
P008402,C008,2,1488.9133786226248
P008402,C009,1,1488.9133786226248
P008402,C011,3,1488.9133786226248
P008403,C008,2,1356.9133786226248
P008403,C009,1,1356.9133786226248
P008403,C010,1,1356.9133786226248
P008405,C008,2,1488.9133786226248
P008405,C009,1,1488.9133786226248
P008405,C010,1,1488.9133786226248
P008405,C011,2,1488.9133786226248
P008406,C007,1,1158.9133786226248
P008407,C007,1,1356.9133786226248
P008407,C011,3,1356.9133786226248
P008408,C007,1,1224.9133786226248
P008408,C010,1,1224.9133786226248
P008409,C007,1,1290.9133786226248
P008409,C010,1,1290.9133786226248
P008409,C011,1,1290.9133786226248
P008410,C007,1,1356.9133786226248
P008410,C010,1,1356.9133786226248
P008410,C011,2,1356.9133786226248
P008411,C007,1,1422.9133786226248
P008411,C010,1,1422.9133786226248
P008411,C011,3,1422.9133786226248
P008412,C007,1,1356.9133786226248
P008412,C009,1,1356.9133786226248
P008412,C011,2,1356.9133786226248
P008413,C007,1,1422.9133786226248
P008413,C009,1,1422.9133786226248
P008413,C011,3,1422.9133786226248
P008414,C007,1,1290.9133786226248
P008414,C009,1,1290.9133786226248
P008414,C010,1,1290.9133786226248
P008415,C007,1,1356.9133786226248
P008415,C009,1,1356.9133786226248
P008415,C010,1,1356.9133786226248
P008415,C011,1,1356.9133786226248
P008417,C007,1,1488.9133786226248
P008417,C009,1,1488.9133786226248
P008417,C010,1,1488.9133786226248
P008417,C011,3,1488.9133786226248
P008419,C007,1,1290.9133786226248
P008419,C008,1,1290.9133786226248
P008419,C010,1,1290.9133786226248
P008422,C007,1,1488.9133786226248
P008422,C008,1,1488.9133786226248
P008422,C010,1,1488.9133786226248
P008422,C011,3,1488.9133786226248
P008427,C007,1,1488.9133786226248
P008427,C008,1,1488.9133786226248
P008427,C009,1,1488.9133786226248
P008427,C010,1,1488.9133786226248
P008427,C011,2,1488.9133786226248
P008428,C007,1,1290.9133786226248
P008428,C008,2,1290.9133786226248
P008434,C007,1,1488.9133786226248
P008434,C008,2,1488.9133786226248
P008434,C010,1,1488.9133786226248
P008434,C011,2,1488.9133786226248
P008437,C007,1,1488.9133786226248
P008437,C008,2,1488.9133786226248
P008437,C009,1,1488.9133786226248
P008437,C011,2,1488.9133786226248
P008438,C007,1,1554.9133786226248
P008438,C008,2,1554.9133786226248
P008438,C009,1,1554.9133786226248
P008438,C011,3,1554.9133786226248
P008440,C007,1,1488.9133786226248
P008440,C008,2,1488.9133786226248
P008440,C009,1,1488.9133786226248
P008440,C010,1,1488.9133786226248
P008440,C011,1,1488.9133786226248
P008441,C007,1,1554.9133786226248
P008441,C008,2,1554.9133786226248
P008441,C009,1,1554.9133786226248
P008441,C010,1,1554.9133786226248
P008441,C011,2,1554.9133786226248
P008442,C016,1,1315.3647604288242
P008443,C016,3,1447.3647604288242
P008444,C015,1,1315.3647604288242
P008445,C015,1,1513.3647604288242
P008445,C016,3,1513.3647604288242
P008446,C014,1,1315.3647604288242
P008447,C014,1,1513.3647604288242
P008447,C016,3,1513.3647604288242
P008448,C014,1,1579.3647604288242
P008448,C015,1,1579.3647604288242
P008448,C016,3,1579.3647604288242
P008449,C013,1,1315.3647604288242
P008450,C013,1,1579.3647604288242
P008450,C015,1,1579.3647604288242
P008450,C016,3,1579.3647604288242
P008451,C013,1,1579.3647604288242
P008451,C014,1,1579.3647604288242
P008451,C016,3,1579.3647604288242
P008452,C013,1,1579.3647604288242
P008452,C014,1,1579.3647604288242
P008452,C015,1,1579.3647604288242
P008452,C016,2,1579.3647604288242
P008453,C013,2,1381.3647604288242
P008454,C013,2,1579.3647604288242
P008454,C016,3,1579.3647604288242
P008455,C013,2,1447.3647604288242
P008455,C015,1,1447.3647604288242
P008456,C013,2,1513.3647604288242
P008456,C015,1,1513.3647604288242
P008456,C016,1,1513.3647604288242
P008457,C013,2,1579.3647604288242
P008457,C015,1,1579.3647604288242
P008457,C016,2,1579.3647604288242
P008458,C013,2,1447.3647604288242
P008458,C014,1,1447.3647604288242
P008459,C013,2,1513.3647604288242
P008459,C014,1,1513.3647604288242
P008459,C016,1,1513.3647604288242
P008460,C013,2,1579.3647604288242
P008460,C014,1,1579.3647604288242
P008460,C016,2,1579.3647604288242
P008461,C013,2,1645.3647604288242
P008461,C014,1,1645.3647604288242
P008461,C016,3,1645.3647604288242
P008462,C013,2,1513.3647604288242
P008462,C014,1,1513.3647604288242
P008462,C015,1,1513.3647604288242
P008464,C013,2,1645.3647604288242
P008464,C014,1,1645.3647604288242
P008464,C015,1,1645.3647604288242
P008464,C016,2,1645.3647604288242
P008465,C012,1,1315.3647604288242
P008466,C012,1,1513.3647604288242
P008466,C016,3,1513.3647604288242
P008467,C012,1,1381.3647604288242
P008467,C015,1,1381.3647604288242
P008468,C012,1,1447.3647604288242
P008468,C015,1,1447.3647604288242
P008468,C016,1,1447.3647604288242
P008469,C012,1,1513.3647604288242
P008469,C015,1,1513.3647604288242
P008469,C016,2,1513.3647604288242
P008470,C012,1,1579.3647604288242
P008470,C015,1,1579.3647604288242
P008470,C016,3,1579.3647604288242
P008471,C012,1,1513.3647604288242
P008471,C014,1,1513.3647604288242
P008471,C016,2,1513.3647604288242
P008472,C012,1,1579.3647604288242
P008472,C014,1,1579.3647604288242
P008472,C016,3,1579.3647604288242
P008473,C012,1,1447.3647604288242
P008473,C014,1,1447.3647604288242
P008473,C015,1,1447.3647604288242
P008474,C012,1,1513.3647604288242
P008474,C014,1,1513.3647604288242
P008474,C015,1,1513.3647604288242
P008474,C016,1,1513.3647604288242
P008476,C012,1,1645.3647604288242
P008476,C014,1,1645.3647604288242
P008476,C015,1,1645.3647604288242
P008476,C016,3,1645.3647604288242
P008478,C012,1,1447.3647604288242
P008478,C013,1,1447.3647604288242
P008478,C015,1,1447.3647604288242
P008481,C012,1,1645.3647604288242
P008481,C013,1,1645.3647604288242
P008481,C015,1,1645.3647604288242
P008481,C016,3,1645.3647604288242
P008486,C012,1,1645.3647604288242
P008486,C013,1,1645.3647604288242
P008486,C014,1,1645.3647604288242
P008486,C015,1,1645.3647604288242
P008486,C016,2,1645.3647604288242
P008487,C012,1,1447.3647604288242
P008487,C013,2,1447.3647604288242
P008493,C012,1,1645.3647604288242
P008493,C013,2,1645.3647604288242
P008493,C015,1,1645.3647604288242
P008493,C016,2,1645.3647604288242
P008496,C012,1,1645.3647604288242
P008496,C013,2,1645.3647604288242
P008496,C014,1,1645.3647604288242
P008496,C016,2,1645.3647604288242
P008497,C012,1,1711.3647604288242
P008497,C013,2,1711.3647604288242
P008497,C014,1,1711.3647604288242
P008497,C016,3,1711.3647604288242
P008499,C012,1,1645.3647604288242
P008499,C013,2,1645.3647604288242
P008499,C014,1,1645.3647604288242
P008499,C015,1,1645.3647604288242
P008499,C016,1,1645.3647604288242
P008500,C012,1,1711.3647604288242
P008500,C013,2,1711.3647604288242
P008500,C014,1,1711.3647604288242
P008500,C015,1,1711.3647604288242
P008500,C016,2,1711.3647604288242
P008501,C021,1,1255.5620324839206
P008502,C021,2,1321.5620324839206
P008503,C020,1,1255.5620324839206
P008504,C020,1,1321.5620324839206
P008504,C021,1,1321.5620324839206
P008505,C020,1,1387.5620324839206
P008505,C021,2,1387.5620324839206
P008506,C019,1,1255.5620324839206
P008507,C019,1,1321.5620324839206
P008507,C021,1,1321.5620324839206
P008508,C019,1,1387.5620324839206
P008508,C021,2,1387.5620324839206
P008509,C019,1,1321.5620324839206
P008509,C020,1,1321.5620324839206
P008510,C019,1,1387.5620324839206
P008510,C020,1,1387.5620324839206
P008510,C021,1,1387.5620324839206
P008511,C019,1,1453.5620324839206
P008511,C020,1,1453.5620324839206
P008511,C021,2,1453.5620324839206
P008512,C018,1,1255.5620324839206
P008513,C018,1,1321.5620324839206
P008513,C021,1,1321.5620324839206
P008514,C018,1,1387.5620324839206
P008514,C021,2,1387.5620324839206
P008515,C018,1,1321.5620324839206
P008515,C020,1,1321.5620324839206
P008516,C018,1,1387.5620324839206
P008516,C020,1,1387.5620324839206
P008516,C021,1,1387.5620324839206
P008517,C018,1,1453.5620324839206
P008517,C020,1,1453.5620324839206
P008517,C021,2,1453.5620324839206
P008518,C018,1,1321.5620324839206
P008518,C019,1,1321.5620324839206
P008519,C018,1,1387.5620324839206
P008519,C019,1,1387.5620324839206
P008519,C021,1,1387.5620324839206
P008520,C018,1,1453.5620324839206
P008520,C019,1,1453.5620324839206
P008520,C021,2,1453.5620324839206
P008523,C018,1,1519.5620324839206
P008523,C019,1,1519.5620324839206
P008523,C020,1,1519.5620324839206
P008523,C021,2,1519.5620324839206
P008524,C017,1,1255.5620324839206
P008525,C017,1,1321.5620324839206
P008525,C021,1,1321.5620324839206
P008526,C017,1,1387.5620324839206
P008526,C021,2,1387.5620324839206
P008527,C017,1,1321.5620324839206
P008527,C020,1,1321.5620324839206
P008528,C017,1,1387.5620324839206
P008528,C020,1,1387.5620324839206
P008528,C021,1,1387.5620324839206
P008529,C017,1,1453.5620324839206
P008529,C020,1,1453.5620324839206
P008529,C021,2,1453.5620324839206
P008530,C017,1,1321.5620324839206
P008530,C019,1,1321.5620324839206
P008531,C017,1,1387.5620324839206
P008531,C019,1,1387.5620324839206
P008531,C021,1,1387.5620324839206
P008533,C017,1,1387.5620324839206
P008533,C019,1,1387.5620324839206
P008533,C020,1,1387.5620324839206
P008535,C017,1,1519.5620324839206
P008535,C019,1,1519.5620324839206
P008535,C020,1,1519.5620324839206
P008535,C021,2,1519.5620324839206
P008536,C017,1,1321.5620324839206
P008536,C018,1,1321.5620324839206
P008541,C017,1,1519.5620324839206
P008541,C018,1,1519.5620324839206
P008541,C020,1,1519.5620324839206
P008541,C021,2,1519.5620324839206
P008542,C017,1,1387.5620324839206
P008542,C018,1,1387.5620324839206
P008542,C019,1,1387.5620324839206
P008544,C017,1,1519.5620324839206
P008544,C018,1,1519.5620324839206
P008544,C019,1,1519.5620324839206
P008544,C021,2,1519.5620324839206
P008546,C017,1,1519.5620324839206
P008546,C018,1,1519.5620324839206
P008546,C019,1,1519.5620324839206
P008546,C020,1,1519.5620324839206
P008546,C021,1,1519.5620324839206
P008547,C017,1,1585.5620324839206
P008547,C018,1,1585.5620324839206
P008547,C019,1,1585.5620324839206
P008547,C020,1,1585.5620324839206
P008547,C021,2,1585.5620324839206
P008548,C026,1,1044.6573203179064
P008549,C026,2,1110.6573203179064
P008550,C025,1,1044.6573203179064
P008551,C025,1,1110.6573203179064
P008551,C026,1,1110.6573203179064
P008552,C025,1,1176.6573203179064
P008552,C026,2,1176.6573203179064
P008553,C024,1,1044.6573203179064
P008554,C024,1,1110.6573203179064
P008554,C026,1,1110.6573203179064
P008555,C024,1,1176.6573203179064
P008555,C026,2,1176.6573203179064
P008556,C024,1,1110.6573203179064
P008556,C025,1,1110.6573203179064
P008557,C024,1,1176.6573203179064
P008557,C025,1,1176.6573203179064
P008557,C026,1,1176.6573203179064
P008558,C024,1,1242.6573203179064
P008558,C025,1,1242.6573203179064
P008558,C026,2,1242.6573203179064
P008559,C023,1,1044.6573203179064
P008560,C023,1,1110.6573203179064
P008560,C026,1,1110.6573203179064
P008561,C023,1,1176.6573203179064
P008561,C026,2,1176.6573203179064
P008562,C023,1,1110.6573203179064
P008562,C025,1,1110.6573203179064
P008563,C023,1,1176.6573203179064
P008563,C025,1,1176.6573203179064
P008563,C026,1,1176.6573203179064
P008564,C023,1,1242.6573203179064
P008564,C025,1,1242.6573203179064
P008564,C026,2,1242.6573203179064
P008565,C023,1,1110.6573203179064
P008565,C024,1,1110.6573203179064
P008566,C023,1,1176.6573203179064
P008566,C024,1,1176.6573203179064
P008566,C026,1,1176.6573203179064
P008567,C023,1,1242.6573203179064
P008567,C024,1,1242.6573203179064
P008567,C026,2,1242.6573203179064
P008568,C023,1,1176.6573203179064
P008568,C024,1,1176.6573203179064
P008568,C025,1,1176.6573203179064
P008570,C023,1,1308.6573203179064
P008570,C024,1,1308.6573203179064
P008570,C025,1,1308.6573203179064
P008570,C026,2,1308.6573203179064
P008571,C022,1,1044.6573203179064
P008572,C022,1,1110.6573203179064
P008572,C026,1,1110.6573203179064
P008573,C022,1,1176.6573203179064
P008573,C026,2,1176.6573203179064
P008574,C022,1,1110.6573203179064
P008574,C025,1,1110.6573203179064
P008575,C022,1,1176.6573203179064
P008575,C025,1,1176.6573203179064
P008575,C026,1,1176.6573203179064
P008576,C022,1,1242.6573203179064
P008576,C025,1,1242.6573203179064
P008576,C026,2,1242.6573203179064
P008577,C022,1,1110.6573203179064
P008577,C024,1,1110.6573203179064
P008578,C022,1,1176.6573203179064
P008578,C024,1,1176.6573203179064
P008578,C026,1,1176.6573203179064
P008580,C022,1,1176.6573203179064
P008580,C024,1,1176.6573203179064
P008580,C025,1,1176.6573203179064
P008582,C022,1,1308.6573203179064
P008582,C024,1,1308.6573203179064
P008582,C025,1,1308.6573203179064
P008582,C026,2,1308.6573203179064
P008583,C022,1,1110.6573203179064
P008583,C023,1,1110.6573203179064
P008584,C022,1,1176.6573203179064
P008584,C023,1,1176.6573203179064
P008584,C026,1,1176.6573203179064
P008586,C022,1,1176.6573203179064
P008586,C023,1,1176.6573203179064
P008586,C025,1,1176.6573203179064
P008588,C022,1,1308.6573203179064
P008588,C023,1,1308.6573203179064
P008588,C025,1,1308.6573203179064
P008588,C026,2,1308.6573203179064
P008589,C022,1,1176.6573203179064
P008589,C023,1,1176.6573203179064
P008589,C024,1,1176.6573203179064
P008591,C022,1,1308.6573203179064
P008591,C023,1,1308.6573203179064
P008591,C024,1,1308.6573203179064
P008591,C026,2,1308.6573203179064
P008593,C022,1,1308.6573203179064
P008593,C023,1,1308.6573203179064
P008593,C024,1,1308.6573203179064
P008593,C025,1,1308.6573203179064
P008593,C026,1,1308.6573203179064
P008594,C022,1,1374.6573203179064
P008594,C023,1,1374.6573203179064
P008594,C024,1,1374.6573203179064
P008594,C025,1,1374.6573203179064
P008594,C026,2,1374.6573203179064
P008595,C031,1,879.0766497153633
P008596,C031,2,945.0766497153631
P008597,C030,1,879.0766497153633
P008598,C030,1,945.0766497153631
P008598,C031,1,945.0766497153631
P008599,C030,1,1011.0766497153631
P008599,C031,2,1011.0766497153631
P008600,C029,1,879.0766497153633
P008601,C029,1,945.0766497153631
P008601,C031,1,945.0766497153631
P008602,C029,1,1011.0766497153631
P008602,C031,2,1011.0766497153631
P008603,C029,1,945.0766497153631
P008603,C030,1,945.0766497153631
P008604,C029,1,1011.0766497153631
P008604,C030,1,1011.0766497153631
P008604,C031,1,1011.0766497153631
P008605,C029,1,1077.0766497153631
P008605,C030,1,1077.0766497153631
P008605,C031,2,1077.0766497153631
P008606,C028,1,879.0766497153633
P008607,C028,1,945.0766497153631
P008607,C031,1,945.0766497153631
P008608,C028,1,1011.0766497153631
P008608,C031,2,1011.0766497153631
P008609,C028,1,945.0766497153631
P008609,C030,1,945.0766497153631
P008610,C028,1,1011.0766497153631
P008610,C030,1,1011.0766497153631
P008610,C031,1,1011.0766497153631
P008611,C028,1,1077.0766497153631
P008611,C030,1,1077.0766497153631
P008611,C031,2,1077.0766497153631
P008612,C028,1,945.0766497153631
P008612,C029,1,945.0766497153631
P008613,C028,1,1011.0766497153631
P008613,C029,1,1011.0766497153631
P008613,C031,1,1011.0766497153631
P008614,C028,1,1077.0766497153631
P008614,C029,1,1077.0766497153631
P008614,C031,2,1077.0766497153631
P008615,C028,1,1011.0766497153631
P008615,C029,1,1011.0766497153631
P008615,C030,1,1011.0766497153631
P008617,C028,1,1143.0766497153631
P008617,C029,1,1143.0766497153631
P008617,C030,1,1143.0766497153631
P008617,C031,2,1143.0766497153631
P008618,C027,1,879.0766497153633
P008619,C027,1,945.0766497153631
P008619,C031,1,945.0766497153631
P008620,C027,1,1011.0766497153631
P008620,C031,2,1011.0766497153631
P008621,C027,1,945.0766497153631
P008621,C030,1,945.0766497153631
P008622,C027,1,1011.0766497153631
P008622,C030,1,1011.0766497153631
P008622,C031,1,1011.0766497153631
P008623,C027,1,1077.0766497153631
P008623,C030,1,1077.0766497153631
P008623,C031,2,1077.0766497153631
P008624,C027,1,945.0766497153631
P008624,C029,1,945.0766497153631
P008625,C027,1,1011.0766497153631
P008625,C029,1,1011.0766497153631
P008625,C031,1,1011.0766497153631
P008627,C027,1,1011.0766497153631
P008627,C029,1,1011.0766497153631
P008627,C030,1,1011.0766497153631
P008629,C027,1,1143.0766497153631
P008629,C029,1,1143.0766497153631
P008629,C030,1,1143.0766497153631
P008629,C031,2,1143.0766497153631
P008630,C027,1,945.0766497153631
P008630,C028,1,945.0766497153631
P008631,C027,1,1011.0766497153631
P008631,C028,1,1011.0766497153631
P008631,C031,1,1011.0766497153631
P008633,C027,1,1011.0766497153631
P008633,C028,1,1011.0766497153631
P008633,C030,1,1011.0766497153631
P008635,C027,1,1143.0766497153631
P008635,C028,1,1143.0766497153631
P008635,C030,1,1143.0766497153631
P008635,C031,2,1143.0766497153631
P008636,C027,1,1011.0766497153631
P008636,C028,1,1011.0766497153631
P008636,C029,1,1011.0766497153631
P008638,C027,1,1143.0766497153631
P008638,C028,1,1143.0766497153631
P008638,C029,1,1143.0766497153631
P008638,C031,2,1143.0766497153631
P008640,C027,1,1143.0766497153631
P008640,C028,1,1143.0766497153631
P008640,C029,1,1143.0766497153631
P008640,C030,1,1143.0766497153631
P008640,C031,1,1143.0766497153631
P008641,C027,1,1209.0766497153631
P008641,C028,1,1209.0766497153631
P008641,C029,1,1209.0766497153631
P008641,C030,1,1209.0766497153631
P008641,C031,2,1209.0766497153631
P008642,C036,1,1083.7006332510348
P008643,C035,1,1083.7006332510348
P008644,C035,1,1149.7006332510348
P008644,C036,1,1149.7006332510348
P008645,C034,1,1083.7006332510348
P008646,C034,1,1149.7006332510348
P008646,C036,1,1149.7006332510348
P008647,C034,1,1149.7006332510348
P008647,C035,1,1149.7006332510348
P008648,C034,1,1215.7006332510348
P008648,C035,1,1215.7006332510348
P008648,C036,1,1215.7006332510348
P008649,C033,1,1083.7006332510348
P008650,C033,1,1149.7006332510348
P008650,C036,1,1149.7006332510348
P008651,C033,1,1149.7006332510348
P008651,C035,1,1149.7006332510348
P008652,C033,1,1215.7006332510348
P008652,C035,1,1215.7006332510348
P008652,C036,1,1215.7006332510348
P008653,C033,1,1149.7006332510348
P008653,C034,1,1149.7006332510348
P008654,C033,1,1215.7006332510348
P008654,C034,1,1215.7006332510348
P008654,C036,1,1215.7006332510348
P008655,C033,1,1215.7006332510348
P008655,C034,1,1215.7006332510348
P008655,C035,1,1215.7006332510348
P008656,C033,1,1281.7006332510348
P008656,C034,1,1281.7006332510348
P008656,C035,1,1281.7006332510348
P008656,C036,1,1281.7006332510348
P008657,C032,1,1083.7006332510348
P008658,C032,1,1149.7006332510348
P008658,C036,1,1149.7006332510348
P008659,C032,1,1149.7006332510348
P008659,C035,1,1149.7006332510348
P008660,C032,1,1215.7006332510348
P008660,C035,1,1215.7006332510348
P008660,C036,1,1215.7006332510348
P008661,C032,1,1149.7006332510348
P008661,C034,1,1149.7006332510348
P008662,C032,1,1215.7006332510348
P008662,C034,1,1215.7006332510348
P008662,C036,1,1215.7006332510348
P008663,C032,1,1215.7006332510348
P008663,C034,1,1215.7006332510348
P008663,C035,1,1215.7006332510348
P008664,C032,1,1281.7006332510348
P008664,C034,1,1281.7006332510348
P008664,C035,1,1281.7006332510348
P008664,C036,1,1281.7006332510348
P008665,C032,1,1149.7006332510348
P008665,C033,1,1149.7006332510348
P008666,C032,1,1215.7006332510348
P008666,C033,1,1215.7006332510348
P008666,C036,1,1215.7006332510348
P008667,C032,1,1215.7006332510348
P008667,C033,1,1215.7006332510348
P008667,C035,1,1215.7006332510348
P008668,C032,1,1281.7006332510348
P008668,C033,1,1281.7006332510348
P008668,C035,1,1281.7006332510348
P008668,C036,1,1281.7006332510348
P008669,C032,1,1215.7006332510348
P008669,C033,1,1215.7006332510348
P008669,C034,1,1215.7006332510348
P008670,C032,1,1281.7006332510348
P008670,C033,1,1281.7006332510348
P008670,C034,1,1281.7006332510348
P008670,C036,1,1281.7006332510348
P008671,C032,1,1281.7006332510348
P008671,C033,1,1281.7006332510348
P008671,C034,1,1281.7006332510348
P008671,C035,1,1281.7006332510348
P008672,C032,1,1347.7006332510348
P008672,C033,1,1347.7006332510348
P008672,C034,1,1347.7006332510348
P008672,C035,1,1347.7006332510348
P008672,C036,1,1347.7006332510348
P008673,C041,1,1235.7191979586669
P008674,C040,1,1235.7191979586669
P008675,C040,1,1301.7191979586669
P008675,C041,1,1301.7191979586669
P008676,C039,1,1235.7191979586669
P008677,C039,1,1301.7191979586669
P008677,C041,1,1301.7191979586669
P008678,C039,1,1301.7191979586669
P008678,C040,1,1301.7191979586669
P008679,C039,1,1367.7191979586669
P008679,C040,1,1367.7191979586669
P008679,C041,1,1367.7191979586669
P008680,C038,1,1235.7191979586669
P008681,C038,1,1301.7191979586669
P008681,C041,1,1301.7191979586669
P008682,C038,1,1301.7191979586669
P008682,C040,1,1301.7191979586669
P008683,C038,1,1367.7191979586669
P008683,C040,1,1367.7191979586669
P008683,C041,1,1367.7191979586669
P008684,C038,1,1301.7191979586669
P008684,C039,1,1301.7191979586669
P008685,C038,1,1367.7191979586669
P008685,C039,1,1367.7191979586669
P008685,C041,1,1367.7191979586669
P008686,C038,1,1367.7191979586669
P008686,C039,1,1367.7191979586669
P008686,C040,1,1367.7191979586669
P008687,C038,1,1433.7191979586669
P008687,C039,1,1433.7191979586669
P008687,C040,1,1433.7191979586669
P008687,C041,1,1433.7191979586669
P008688,C037,1,1235.7191979586669
P008689,C037,1,1301.7191979586669
P008689,C041,1,1301.7191979586669
P008690,C037,1,1301.7191979586669
P008690,C040,1,1301.7191979586669
P008691,C037,1,1367.7191979586669
P008691,C040,1,1367.7191979586669
P008691,C041,1,1367.7191979586669
P008692,C037,1,1301.7191979586669
P008692,C039,1,1301.7191979586669
P008693,C037,1,1367.7191979586669
P008693,C039,1,1367.7191979586669
P008693,C041,1,1367.7191979586669
P008694,C037,1,1367.7191979586669
P008694,C039,1,1367.7191979586669
P008694,C040,1,1367.7191979586669
P008695,C037,1,1433.7191979586669
P008695,C039,1,1433.7191979586669
P008695,C040,1,1433.7191979586669
P008695,C041,1,1433.7191979586669
P008696,C037,1,1301.7191979586669
P008696,C038,1,1301.7191979586669
P008699,C037,1,1433.7191979586669
P008699,C038,1,1433.7191979586669
P008699,C040,1,1433.7191979586669
P008699,C041,1,1433.7191979586669
P008701,C037,1,1433.7191979586669
P008701,C038,1,1433.7191979586669
P008701,C039,1,1433.7191979586669
P008701,C041,1,1433.7191979586669
P008702,C037,1,1433.7191979586669
P008702,C038,1,1433.7191979586669
P008702,C039,1,1433.7191979586669
P008702,C040,1,1433.7191979586669
P008703,C037,1,1499.7191979586669
P008703,C038,1,1499.7191979586669
P008703,C039,1,1499.7191979586669
P008703,C040,1,1499.7191979586669
P008703,C041,1,1499.7191979586669
P008704,C044,1,1025.337520366348
P008705,C043,1,1025.337520366348
P008706,C043,1,1091.337520366348
P008706,C044,1,1091.337520366348
P008707,C042,1,1025.337520366348
P008708,C042,1,1091.337520366348
P008708,C044,1,1091.337520366348
P008709,C042,1,1091.337520366348
P008709,C043,1,1091.337520366348
P008710,C042,1,1157.337520366348
P008710,C043,1,1157.337520366348
P008710,C044,1,1157.337520366348
P008711,C047,1,1029.7551021712627
P008712,C046,1,1029.7551021712627
P008713,C046,1,1095.7551021712627
P008713,C047,1,1095.7551021712627
P008714,C045,1,1029.7551021712627
P008715,C045,1,1095.7551021712627
P008715,C047,1,1095.7551021712627
P008716,C045,1,1095.7551021712627
P008716,C046,1,1095.7551021712627
P008717,C045,1,1161.7551021712627
P008717,C046,1,1161.7551021712627
P008717,C047,1,1161.7551021712627
P008718,C050,1,842.5054354300685
P008719,C049,1,842.5054354300685
P008720,C049,1,908.5054354300684
P008720,C050,1,908.5054354300684
P008721,C048,1,842.5054354300685
P008722,C048,1,908.5054354300684
P008722,C050,1,908.5054354300684
P008723,C048,1,908.5054354300684
P008723,C049,1,908.5054354300684
P008724,C048,1,974.5054354300684
P008724,C049,1,974.5054354300684
P008724,C050,1,974.5054354300684
P008725,C053,1,1220.2201848609295
P008726,C052,1,1220.2201848609295
P008727,C052,1,1286.2201848609295
P008727,C053,1,1286.2201848609295
P008728,C051,1,1220.2201848609295
P008729,C051,1,1286.2201848609295
P008729,C053,1,1286.2201848609295
P008730,C051,1,1286.2201848609295
P008730,C052,1,1286.2201848609295
P008731,C051,1,1352.2201848609295
P008731,C052,1,1352.2201848609295
P008731,C053,1,1352.2201848609295
P008732,C056,1,1001.5803281974074
P008733,C055,1,1001.5803281974074
P008734,C055,1,1067.5803281974074
P008734,C056,1,1067.5803281974074
P008735,C054,1,1001.5803281974074
P008736,C054,1,1067.5803281974074
P008736,C056,1,1067.5803281974074
P008737,C054,1,1067.5803281974074
P008737,C055,1,1067.5803281974074
P008738,C054,1,1133.5803281974074
P008738,C055,1,1133.5803281974074
P008738,C056,1,1133.5803281974074
P008739,C059,1,1212.8999569592945
P008740,C058,1,1212.8999569592945
P008741,C058,1,1278.8999569592945
P008741,C059,1,1278.8999569592945
P008742,C057,1,1212.8999569592945
P008743,C057,1,1278.8999569592945
P008743,C059,1,1278.8999569592945
P008744,C057,1,1278.8999569592945
P008744,C058,1,1278.8999569592945
P008745,C057,1,1344.8999569592945
P008745,C058,1,1344.8999569592945
P008745,C059,1,1344.8999569592945
P008746,C062,1,1173.563038807004
P008747,C061,1,1173.563038807004
P008748,C061,1,1239.563038807004
P008748,C062,1,1239.563038807004
P008749,C060,1,1173.563038807004
P008750,C060,1,1239.563038807004
P008750,C062,1,1239.563038807004
P008751,C060,1,1239.563038807004
P008751,C061,1,1239.563038807004
P008752,C060,1,1305.563038807004
P008752,C061,1,1305.563038807004
P008752,C062,1,1305.563038807004
P008754,C006,1,1795.1078322288115
P008754,C011,1,1188.9133786226248
P008758,C006,1,1795.1078322288115
P008758,C010,1,1188.9133786226248
P008787,C006,1,1795.1078322288115
P008787,C007,1,1188.9133786226248
P008848,C005,1,882.8980887587328
P008848,C011,1,1485.5425423649197
P008849,C005,1,1795.1078322288115
P008849,C011,1,1188.9133786226248
P008853,C005,1,1795.1078322288115
P008853,C010,1,1188.9133786226248
P008855,C005,1,882.8980887587328
P008855,C009,1,1485.5425423649197
P008859,C005,1,882.8980887587328
P008859,C008,1,1485.5425423649197
P008940,C004,1,882.8980887587328
P008940,C011,1,1485.5425423649197
P008941,C004,1,1795.1078322288115
P008941,C011,1,1188.9133786226248
P008944,C004,1,882.8980887587328
P008944,C010,1,1485.5425423649197
P008945,C004,1,1795.1078322288115
P008945,C010,1,1188.9133786226248
P008948,C004,1,882.8980887587328
P008948,C009,1,1485.5425423649197
P008953,C004,1,882.8980887587328
P008953,C008,1,1485.5425423649197
P008982,C004,1,882.8980887587328
P008982,C007,1,1485.5425423649197
P008983,C004,1,1795.1078322288115
P008983,C007,1,1188.9133786226248
P009047,C004,1,1212.898088758733
P009047,C006,5,1212.898088758733
P009047,C007,1,1815.5425423649197
P009049,C004,2,1861.107832228812
P009049,C011,1,1218.9133786226248
P009053,C004,2,1861.107832228812
P009053,C010,1,1218.9133786226248
P009139,C004,2,1098.898088758733
P009139,C007,1,1881.5425423649197
P009139,C008,2,1881.5425423649197
P009139,C009,1,1881.5425423649197
P009139,C010,1,1881.5425423649197
P009139,C011,1,1881.5425423649197
P009140,C004,2,2191.107832228812
P009140,C007,1,1548.9133786226248
P009140,C008,2,1548.9133786226248
P009140,C009,1,1548.9133786226248
P009140,C010,1,1548.9133786226248
P009140,C011,1,1548.9133786226248
P009142,C003,1,1795.1078322288115
P009142,C011,1,1188.9133786226248
P009146,C003,1,1795.1078322288115
P009146,C010,1,1188.9133786226248
P009184,C003,1,1795.1078322288115
P009184,C007,1,1188.9133786226248
P009245,C003,1,1278.898088758733
P009245,C004,2,1278.898088758733
P009245,C006,4,1278.898088758733
P009245,C007,1,1881.5425423649197
P009268,C003,3,1134.898088758733
P009268,C008,2,1881.5425423649197
P009268,C009,1,1881.5425423649197
P009268,C010,1,1881.5425423649197
P009268,C011,1,1881.5425423649197
P009307,C003,3,1164.898088758733
P009307,C007,1,1947.5425423649197
P009307,C008,2,1947.5425423649197
P009307,C009,1,1947.5425423649197
P009307,C011,2,1947.5425423649197
P009310,C003,3,1164.898088758733
P009310,C007,1,1947.5425423649197
P009310,C008,2,1947.5425423649197
P009310,C009,1,1947.5425423649197
P009310,C010,1,1947.5425423649197
P009310,C011,1,1947.5425423649197
P009311,C002,1,882.8980887587328
P009311,C011,1,1485.5425423649197
P009312,C002,1,1795.1078322288115
P009312,C011,1,1188.9133786226248
P009315,C002,1,882.8980887587328
P009315,C010,1,1485.5425423649197
P009316,C002,1,1795.1078322288115
P009316,C010,1,1188.9133786226248
P009319,C002,1,882.8980887587328
P009319,C009,1,1485.5425423649197
P009320,C002,1,1795.1078322288115
P009320,C009,1,1188.9133786226248
P009325,C002,1,882.8980887587328
P009325,C008,1,1485.5425423649197
P009326,C002,1,1795.1078322288115
P009326,C008,1,1188.9133786226248
P009357,C002,1,882.8980887587328
P009357,C007,1,1485.5425423649197
P009358,C002,1,1795.1078322288115
P009358,C007,1,1188.9133786226248
P009423,C002,1,1212.898088758733
P009423,C006,5,1212.898088758733
P009423,C009,1,1815.5425423649197
P009426,C002,1,1278.898088758733
P009426,C004,2,1278.898088758733
P009426,C006,4,1278.898088758733
P009426,C008,1,1881.5425423649197
P009431,C002,1,1344.898088758733
P009431,C003,3,1344.898088758733
P009431,C004,2,1344.898088758733
P009431,C006,2,1344.898088758733
P009431,C008,1,1947.5425423649197
P009432,C002,1,1344.898088758733
P009432,C003,3,1344.898088758733
P009432,C004,2,1344.898088758733
P009432,C006,2,1344.898088758733
P009432,C007,1,1947.5425423649197
P009433,C002,1,1344.898088758733
P009433,C003,3,1344.898088758733
P009433,C004,2,1344.898088758733
P009433,C005,1,1344.898088758733
P009433,C006,1,1344.898088758733
P009433,C008,1,1947.5425423649197
P009434,C002,1,1344.898088758733
P009434,C003,3,1344.898088758733
P009434,C004,2,1344.898088758733
P009434,C005,1,1344.898088758733
P009434,C006,1,1344.898088758733
P009434,C007,1,1947.5425423649197
P009435,C001,1,882.8980887587328
P009435,C011,1,1485.5425423649197
P009436,C001,1,1795.1078322288115
P009436,C011,1,1188.9133786226248
P009439,C001,1,882.8980887587328
P009439,C010,1,1485.5425423649197
P009443,C001,1,882.8980887587328
P009443,C009,1,1485.5425423649197
P009444,C001,1,1795.1078322288115
P009444,C009,1,1188.9133786226248
P009449,C001,1,882.8980887587328
P009449,C008,1,1485.5425423649197
P009450,C001,1,1795.1078322288115
P009450,C008,1,1188.9133786226248
P009481,C001,1,882.8980887587328
P009481,C007,1,1485.5425423649197
P009482,C001,1,1795.1078322288115
P009482,C007,1,1188.9133786226248
P009547,C001,1,1212.898088758733
P009547,C006,5,1212.898088758733
P009547,C009,1,1815.5425423649197
P009550,C001,1,1278.898088758733
P009550,C004,2,1278.898088758733
P009550,C006,4,1278.898088758733
P009550,C008,1,1881.5425423649197
P009556,C001,1,1344.898088758733
P009556,C003,3,1344.898088758733
P009556,C004,2,1344.898088758733
P009556,C006,2,1344.898088758733
P009556,C008,1,1947.5425423649197
P009557,C001,1,1344.898088758733
P009557,C003,3,1344.898088758733
P009557,C004,2,1344.898088758733
P009557,C006,2,1344.898088758733
P009557,C007,1,1947.5425423649197
P009558,C001,1,1344.898088758733
P009558,C003,3,1344.898088758733
P009558,C004,2,1344.898088758733
P009558,C005,1,1344.898088758733
P009558,C006,1,1344.898088758733
P009558,C008,1,1947.5425423649197
P009560,C001,1,1278.898088758733
P009560,C002,1,1278.898088758733
P009560,C006,5,1278.898088758733
P009560,C007,1,1881.5425423649197
P009631,C001,1,1164.898088758733
P009631,C002,1,1164.898088758733
P009631,C005,1,1164.898088758733
P009631,C007,1,1947.5425423649197
P009631,C008,2,1947.5425423649197
P009631,C009,1,1947.5425423649197
P009631,C011,2,1947.5425423649197
P009634,C001,1,1164.898088758733
P009634,C002,1,1164.898088758733
P009634,C005,1,1164.898088758733
P009634,C007,1,1947.5425423649197
P009634,C008,2,1947.5425423649197
P009634,C009,1,1947.5425423649197
P009634,C010,1,1947.5425423649197
P009634,C011,1,1947.5425423649197
P009655,C001,1,1170.898088758733
P009655,C002,1,1170.898088758733
P009655,C005,1,1170.898088758733
P009655,C006,1,1170.898088758733
P009655,C007,1,1881.5425423649197
P009655,C011,3,1881.5425423649197
P009659,C001,1,1170.898088758733
P009659,C002,1,1170.898088758733
P009659,C005,1,1170.898088758733
P009659,C006,1,1170.898088758733
P009659,C007,1,1881.5425423649197
P009659,C010,1,1881.5425423649197
P009659,C011,2,1881.5425423649197
P009667,C001,1,1200.898088758733
P009667,C002,1,1200.898088758733
P009667,C005,1,1200.898088758733
P009667,C006,1,1200.898088758733
P009667,C007,1,1947.5425423649197
P009667,C008,1,1947.5425423649197
P009667,C009,1,1947.5425423649197
P009667,C011,2,1947.5425423649197
P009669,C001,1,1200.898088758733
P009669,C002,1,1200.898088758733
P009669,C005,1,1200.898088758733
P009669,C006,1,1200.898088758733
P009669,C007,1,1947.5425423649197
P009669,C008,1,1947.5425423649197
P009669,C009,1,1947.5425423649197
P009669,C010,1,1947.5425423649197
P009669,C011,1,1947.5425423649197
P009676,C001,1,1200.898088758733
P009676,C002,1,1200.898088758733
P009676,C005,1,1200.898088758733
P009676,C006,1,1200.898088758733
P009676,C007,1,1947.5425423649197
P009676,C008,2,1947.5425423649197
P009676,C009,1,1947.5425423649197
P009676,C011,1,1947.5425423649197
P009677,C001,1,1200.898088758733
P009677,C002,1,1200.898088758733
P009677,C005,1,1200.898088758733
P009677,C006,1,1200.898088758733
P009677,C007,1,1947.5425423649197
P009677,C008,2,1947.5425423649197
P009677,C009,1,1947.5425423649197
P009677,C010,1,1947.5425423649197
P009690,C001,1,1206.898088758733
P009690,C002,1,1206.898088758733
P009690,C005,1,1206.898088758733
P009690,C006,2,1206.898088758733
P009690,C007,1,1881.5425423649197
P009690,C010,1,1881.5425423649197
P009690,C011,1,1881.5425423649197
P009693,C001,1,1236.898088758733
P009693,C002,1,1236.898088758733
P009693,C005,1,1236.898088758733
P009693,C006,2,1236.898088758733
P009693,C007,1,1947.5425423649197
P009693,C008,1,1947.5425423649197
P009693,C009,1,1947.5425423649197
P009693,C010,1,1947.5425423649197
P009695,C001,1,1236.898088758733
P009695,C002,1,1236.898088758733
P009695,C005,1,1236.898088758733
P009695,C006,2,1236.898088758733
P009695,C007,1,1947.5425423649197
P009695,C008,2,1947.5425423649197
P009695,C009,1,1947.5425423649197
P009702,C001,1,1242.898088758733
P009702,C002,1,1242.898088758733
P009702,C005,1,1242.898088758733
P009702,C006,3,1242.898088758733
P009702,C007,1,1881.5425423649197
P009702,C010,1,1881.5425423649197
P009723,C001,1,1200.898088758733
P009723,C002,1,1200.898088758733
P009723,C004,1,1200.898088758733
P009723,C005,1,1200.898088758733
P009723,C008,2,1947.5425423649197
P009723,C009,1,1947.5425423649197
P009723,C011,2,1947.5425423649197
P009726,C001,1,1200.898088758733
P009726,C002,1,1200.898088758733
P009726,C004,1,1200.898088758733
P009726,C005,1,1200.898088758733
P009726,C008,2,1947.5425423649197
P009726,C009,1,1947.5425423649197
P009726,C010,1,1947.5425423649197
P009726,C011,1,1947.5425423649197
P009743,C001,1,1200.898088758733
P009743,C002,1,1200.898088758733
P009743,C004,1,1200.898088758733
P009743,C005,1,1200.898088758733
P009743,C007,1,1947.5425423649197
P009743,C008,1,1947.5425423649197
P009743,C011,3,1947.5425423649197
P009748,C001,1,1200.898088758733
P009748,C002,1,1200.898088758733
P009748,C004,1,1200.898088758733
P009748,C005,1,1200.898088758733
P009748,C007,1,1947.5425423649197
P009748,C008,1,1947.5425423649197
P009748,C010,1,1947.5425423649197
P009748,C011,2,1947.5425423649197
P009749,C001,1,1200.898088758733
P009749,C002,1,1200.898088758733
P009749,C004,1,1200.898088758733
P009749,C005,1,1200.898088758733
P009749,C007,1,1947.5425423649197
P009749,C008,1,1947.5425423649197
P009749,C009,1,1947.5425423649197
P009749,C011,2,1947.5425423649197
P009752,C001,1,1200.898088758733
P009752,C002,1,1200.898088758733
P009752,C004,1,1200.898088758733
P009752,C005,1,1200.898088758733
P009752,C007,1,1947.5425423649197
P009752,C008,1,1947.5425423649197
P009752,C009,1,1947.5425423649197
P009752,C010,1,1947.5425423649197
P009752,C011,1,1947.5425423649197
P009763,C001,1,1200.898088758733
P009763,C002,1,1200.898088758733
P009763,C004,1,1200.898088758733
P009763,C005,1,1200.898088758733
P009763,C007,1,1947.5425423649197
P009763,C008,2,1947.5425423649197
P009763,C009,1,1947.5425423649197
P009763,C011,1,1947.5425423649197
P009765,C001,1,1230.898088758733
P009765,C002,1,1230.898088758733
P009765,C004,1,1230.898088758733
P009765,C005,1,1230.898088758733
P009765,C007,1,2013.5425423649197
P009765,C008,2,2013.5425423649197
P009765,C009,1,2013.5425423649197
P009765,C011,2,2013.5425423649197
P009766,C001,1,1200.898088758733
P009766,C002,1,1200.898088758733
P009766,C004,1,1200.898088758733
P009766,C005,1,1200.898088758733
P009766,C007,1,1947.5425423649197
P009766,C008,2,1947.5425423649197
P009766,C009,1,1947.5425423649197
P009766,C010,1,1947.5425423649197
P009768,C001,1,1230.898088758733
P009768,C002,1,1230.898088758733
P009768,C004,1,1230.898088758733
P009768,C005,1,1230.898088758733
P009768,C007,1,2013.5425423649197
P009768,C008,2,2013.5425423649197
P009768,C009,1,2013.5425423649197
P009768,C010,1,2013.5425423649197
P009768,C011,1,2013.5425423649197
P009782,C001,1,1236.898088758733
P009782,C002,1,1236.898088758733
P009782,C004,1,1236.898088758733
P009782,C005,1,1236.898088758733
P009782,C006,1,1236.898088758733
P009782,C008,2,1947.5425423649197
P009782,C009,1,1947.5425423649197
P009782,C011,1,1947.5425423649197
P009783,C001,1,1236.898088758733
P009783,C002,1,1236.898088758733
P009783,C004,1,1236.898088758733
P009783,C005,1,1236.898088758733
P009783,C006,1,1236.898088758733
P009783,C008,2,1947.5425423649197
P009783,C009,1,1947.5425423649197
P009783,C010,1,1947.5425423649197
P009793,C001,1,1236.898088758733
P009793,C002,1,1236.898088758733
P009793,C004,1,1236.898088758733
P009793,C005,1,1236.898088758733
P009793,C006,1,1236.898088758733
P009793,C007,1,1947.5425423649197
P009793,C008,1,1947.5425423649197
P009793,C010,1,1947.5425423649197
P009793,C011,1,1947.5425423649197
P009794,C001,1,1236.898088758733
P009794,C002,1,1236.898088758733
P009794,C004,1,1236.898088758733
P009794,C005,1,1236.898088758733
P009794,C006,1,1236.898088758733
P009794,C007,1,1947.5425423649197
P009794,C008,1,1947.5425423649197
P009794,C009,1,1947.5425423649197
P009794,C010,1,1947.5425423649197
P009797,C001,1,1236.898088758733
P009797,C002,1,1236.898088758733
P009797,C004,1,1236.898088758733
P009797,C005,1,1236.898088758733
P009797,C006,1,1236.898088758733
P009797,C007,1,1947.5425423649197
P009797,C008,2,1947.5425423649197
P009797,C011,1,1947.5425423649197
P009798,C001,1,1236.898088758733
P009798,C002,1,1236.898088758733
P009798,C004,1,1236.898088758733
P009798,C005,1,1236.898088758733
P009798,C006,1,1236.898088758733
P009798,C007,1,1947.5425423649197
P009798,C008,2,1947.5425423649197
P009798,C010,1,1947.5425423649197
P009799,C001,1,1236.898088758733
P009799,C002,1,1236.898088758733
P009799,C004,1,1236.898088758733
P009799,C005,1,1236.898088758733
P009799,C006,1,1236.898088758733
P009799,C007,1,1947.5425423649197
P009799,C008,2,1947.5425423649197
P009799,C009,1,1947.5425423649197
P009800,C001,1,1266.898088758733
P009800,C002,1,1266.898088758733
P009800,C004,1,1266.898088758733
P009800,C005,1,1266.898088758733
P009800,C006,1,1266.898088758733
P009800,C007,1,2013.5425423649197
P009800,C008,2,2013.5425423649197
P009800,C009,1,2013.5425423649197
P009800,C011,1,2013.5425423649197
P009801,C001,1,1266.898088758733
P009801,C002,1,1266.898088758733
P009801,C004,1,1266.898088758733
P009801,C005,1,1266.898088758733
P009801,C006,1,1266.898088758733
P009801,C007,1,2013.5425423649197
P009801,C008,2,2013.5425423649197
P009801,C009,1,2013.5425423649197
P009801,C010,1,2013.5425423649197
P009811,C001,1,1272.898088758733
P009811,C002,1,1272.898088758733
P009811,C004,1,1272.898088758733
P009811,C005,1,1272.898088758733
P009811,C006,2,1272.898088758733
P009811,C007,1,1947.5425423649197
P009811,C009,1,1947.5425423649197
P009811,C010,1,1947.5425423649197
P009814,C001,1,1302.898088758733
P009814,C002,1,1302.898088758733
P009814,C004,1,1302.898088758733
P009814,C005,1,1302.898088758733
P009814,C006,2,1302.898088758733
P009814,C007,1,2013.5425423649197
P009814,C008,2,2013.5425423649197
P009814,C009,1,2013.5425423649197
P009818,C001,1,1344.898088758733
P009818,C002,1,1344.898088758733
P009818,C004,2,1344.898088758733
P009818,C006,4,1344.898088758733
P009818,C009,1,1947.5425423649197
P009820,C001,1,1344.898088758733
P009820,C002,1,1344.898088758733
P009820,C004,2,1344.898088758733
P009820,C005,1,1344.898088758733
P009820,C006,3,1344.898088758733
P009820,C009,1,1947.5425423649197
P009824,C001,1,1410.898088758733
P009824,C002,1,1410.898088758733
P009824,C003,2,1410.898088758733
P009824,C004,2,1410.898088758733
P009824,C006,3,1410.898088758733
P009824,C007,1,2013.5425423649197
P009825,C001,1,1410.898088758733
P009825,C002,1,1410.898088758733
P009825,C003,2,1410.898088758733
P009825,C004,2,1410.898088758733
P009825,C005,1,1410.898088758733
P009825,C006,2,1410.898088758733
P009825,C007,1,2013.5425423649197
P009827,C001,1,1344.898088758733
P009827,C002,1,1344.898088758733
P009827,C003,3,1344.898088758733
P009827,C006,3,1344.898088758733
P009827,C008,1,1947.5425423649197
P009830,C001,1,1344.898088758733
P009830,C002,1,1344.898088758733
P009830,C003,3,1344.898088758733
P009830,C005,1,1344.898088758733
P009830,C006,2,1344.898088758733
P009830,C008,1,1947.5425423649197
P009832,C001,1,1410.898088758733
P009832,C002,1,1410.898088758733
P009832,C003,3,1410.898088758733
P009832,C004,2,1410.898088758733
P009832,C006,2,1410.898088758733
P009832,C007,1,2013.5425423649197
P009833,C001,1,1410.898088758733
P009833,C002,1,1410.898088758733
P009833,C003,3,1410.898088758733
P009833,C004,2,1410.898088758733
P009833,C005,1,1410.898088758733
P009833,C006,1,1410.898088758733
P009833,C007,1,2013.5425423649197
P009837,C006,1,2344.0919849926186
P009837,C015,1,1345.3647604288242
P009848,C006,1,2344.0919849926186
P009848,C012,1,1345.3647604288242
P009859,C005,1,882.8980887587328
P009859,C016,1,1866.1753133225277
P009861,C005,1,882.8980887587328
P009861,C015,1,1866.1753133225277
P009863,C005,1,882.8980887587328
P009863,C014,1,1866.1753133225277
P009865,C005,1,882.8980887587328
P009865,C013,1,1866.1753133225277
P009887,C004,1,2344.0919849926186
P009887,C015,1,1345.3647604288242
P009899,C004,1,2344.0919849926186
P009899,C012,1,1345.3647604288242
P009948,C003,1,2344.0919849926186
P009948,C015,1,1345.3647604288242
P009960,C003,1,2344.0919849926186
P009960,C012,1,1345.3647604288242
P009992,C002,1,882.8980887587328
P009992,C016,1,1866.1753133225277
P009994,C002,1,882.8980887587328
P009994,C015,1,1866.1753133225277
P009996,C002,1,882.8980887587328
P009996,C014,1,1866.1753133225277
P009998,C002,1,882.8980887587328
P009998,C013,1,1866.1753133225277
P010033,C001,1,882.8980887587328
P010033,C016,1,1866.1753133225277
P010035,C001,1,882.8980887587328
P010035,C015,1,1866.1753133225277
P010037,C001,1,882.8980887587328
P010037,C014,1,1866.1753133225277
P010039,C001,1,882.8980887587328
P010039,C013,1,1866.1753133225277
P010127,C006,1,2015.9685099281744
P010127,C021,1,1285.5620324839206
P010131,C006,1,2015.9685099281744
P010131,C020,1,1285.5620324839206
P010137,C006,1,2015.9685099281744
P010137,C019,1,1285.5620324839206
P010148,C006,1,2015.9685099281744
P010148,C018,1,1285.5620324839206
P010169,C006,1,2015.9685099281744
P010169,C017,1,1285.5620324839206
P010215,C006,5,1176.898088758733
P010215,C017,1,1938.874566202987
P010215,C019,1,1938.874566202987
P010217,C005,1,2015.9685099281744
P010217,C021,1,1285.5620324839206
P010221,C005,1,2015.9685099281744
P010221,C020,1,1285.5620324839206
P010227,C005,1,2015.9685099281744
P010227,C019,1,1285.5620324839206
P010238,C005,1,2015.9685099281744
P010238,C018,1,1285.5620324839206
P010259,C005,1,2015.9685099281744
P010259,C017,1,1285.5620324839206
P010303,C004,1,2015.9685099281744
P010303,C021,1,1285.5620324839206
P010307,C004,1,2015.9685099281744
P010307,C020,1,1285.5620324839206
P010313,C004,1,2015.9685099281744
P010313,C019,1,1285.5620324839206
P010325,C004,1,2015.9685099281744
P010325,C018,1,1285.5620324839206
P010348,C004,1,2015.9685099281744
P010348,C017,1,1285.5620324839206
P010393,C004,1,1212.898088758733
P010393,C006,5,1212.898088758733
P010393,C017,1,1938.874566202987
P010395,C004,2,2081.9685099281746
P010395,C021,1,1315.5620324839206
P010399,C004,2,2081.9685099281746
P010399,C020,1,1315.5620324839206
P010405,C004,2,2081.9685099281746
P010405,C019,1,1315.5620324839206
P010417,C004,2,2081.9685099281746
P010417,C018,1,1315.5620324839206
P010438,C004,2,2081.9685099281746
P010438,C017,1,1315.5620324839206
P010482,C003,1,2015.9685099281744
P010482,C021,1,1285.5620324839206
P010486,C003,1,2015.9685099281744
P010486,C020,1,1285.5620324839206
P010492,C003,1,2015.9685099281744
P010492,C019,1,1285.5620324839206
P010504,C003,1,2015.9685099281744
P010504,C018,1,1285.5620324839206
P010527,C003,1,2015.9685099281744
P010527,C017,1,1285.5620324839206
P010571,C003,1,1278.898088758733
P010571,C004,2,1278.898088758733
P010571,C006,4,1278.898088758733
P010571,C017,1,2004.874566202987
P010573,C003,3,2147.9685099281746
P010573,C021,1,1345.5620324839206
P010577,C003,3,2147.9685099281746
P010577,C020,1,1345.5620324839206
P010582,C003,3,2147.9685099281746
P010582,C019,1,1345.5620324839206
P010591,C003,3,2147.9685099281746
P010591,C018,1,1345.5620324839206
P010607,C003,3,2147.9685099281746
P010607,C017,1,1345.5620324839206
P010637,C003,3,1134.898088758733
P010637,C017,1,2004.874566202987
P010637,C018,1,2004.874566202987
P010637,C019,1,2004.874566202987
P010637,C021,2,2004.874566202987
P010640,C003,3,1134.898088758733
P010640,C017,1,2004.874566202987
P010640,C018,1,2004.874566202987
P010640,C019,1,2004.874566202987
P010640,C020,1,2004.874566202987
P010640,C021,1,2004.874566202987
P010641,C002,1,882.8980887587328
P010641,C021,1,1608.874566202987
P010642,C002,1,2015.9685099281744
P010642,C021,1,1285.5620324839206
P010645,C002,1,882.8980887587328
P010645,C020,1,1608.874566202987
P010646,C002,1,2015.9685099281744
P010646,C020,1,1285.5620324839206
P010651,C002,1,882.8980887587328
P010651,C019,1,1608.874566202987
P010652,C002,1,2015.9685099281744
P010652,C019,1,1285.5620324839206
P010663,C002,1,882.8980887587328
P010663,C018,1,1608.874566202987
P010664,C002,1,2015.9685099281744
P010664,C018,1,1285.5620324839206
P010687,C002,1,882.8980887587328
P010687,C017,1,1608.874566202987
P010688,C002,1,2015.9685099281744
P010688,C017,1,1285.5620324839206
P010733,C002,1,1212.898088758733
P010733,C006,5,1212.898088758733
P010733,C019,1,1938.874566202987
P010735,C002,1,1278.898088758733
P010735,C004,2,1278.898088758733
P010735,C006,4,1278.898088758733
P010735,C019,1,2004.874566202987
P010736,C002,1,1278.898088758733
P010736,C004,2,1278.898088758733
P010736,C006,4,1278.898088758733
P010736,C018,1,2004.874566202987
P010738,C002,1,1308.898088758733
P010738,C004,2,1308.898088758733
P010738,C006,4,1308.898088758733
P010738,C017,1,2070.874566202987
P010738,C019,1,2070.874566202987
P010739,C002,1,1344.898088758733
P010739,C003,2,1344.898088758733
P010739,C004,2,1344.898088758733
P010739,C005,1,1344.898088758733
P010739,C006,2,1344.898088758733
P010739,C017,1,2070.874566202987
P010740,C002,1,1344.898088758733
P010740,C003,3,1344.898088758733
P010740,C004,1,1344.898088758733
P010740,C006,3,1344.898088758733
P010740,C017,1,2070.874566202987
P010741,C002,1,1344.898088758733
P010741,C003,3,1344.898088758733
P010741,C004,1,1344.898088758733
P010741,C005,1,1344.898088758733
P010741,C006,2,1344.898088758733
P010741,C017,1,2070.874566202987
P010742,C002,1,1344.898088758733
P010742,C003,3,1344.898088758733
P010742,C004,2,1344.898088758733
P010742,C006,2,1344.898088758733
P010742,C018,1,2070.874566202987
P010743,C002,1,1344.898088758733
P010743,C003,3,1344.898088758733
P010743,C004,2,1344.898088758733
P010743,C006,2,1344.898088758733
P010743,C017,1,2070.874566202987
P010744,C002,1,1344.898088758733
P010744,C003,3,1344.898088758733
P010744,C004,2,1344.898088758733
P010744,C005,1,1344.898088758733
P010744,C006,1,1344.898088758733
P010744,C018,1,2070.874566202987
P010745,C002,1,1344.898088758733
P010745,C003,3,1344.898088758733
P010745,C004,2,1344.898088758733
P010745,C005,1,1344.898088758733
P010745,C006,1,1344.898088758733
P010745,C017,1,2070.874566202987
P010747,C001,1,2015.9685099281744
P010747,C021,1,1285.5620324839206
P010751,C001,1,2015.9685099281744
P010751,C020,1,1285.5620324839206
P010757,C001,1,2015.9685099281744
P010757,C019,1,1285.5620324839206
P010768,C001,1,882.8980887587328
P010768,C018,1,1608.874566202987
P010769,C001,1,2015.9685099281744
P010769,C018,1,1285.5620324839206
P010792,C001,1,882.8980887587328
P010792,C017,1,1608.874566202987
P010793,C001,1,2015.9685099281744
P010793,C017,1,1285.5620324839206
P010838,C001,1,1212.898088758733
P010838,C006,5,1212.898088758733
P010838,C019,1,1938.874566202987
P010840,C001,1,1278.898088758733
P010840,C004,2,1278.898088758733
P010840,C006,4,1278.898088758733
P010840,C019,1,2004.874566202987
P010841,C001,1,1278.898088758733
P010841,C004,2,1278.898088758733
P010841,C006,4,1278.898088758733
P010841,C018,1,2004.874566202987
P010843,C001,1,1308.898088758733
P010843,C004,2,1308.898088758733
P010843,C006,4,1308.898088758733
P010843,C017,1,2070.874566202987
P010843,C019,1,2070.874566202987
P010848,C001,1,1344.898088758733
P010848,C003,3,1344.898088758733
P010848,C004,2,1344.898088758733
P010848,C006,2,1344.898088758733
P010848,C018,1,2070.874566202987
P010849,C001,1,1344.898088758733
P010849,C003,3,1344.898088758733
P010849,C004,2,1344.898088758733
P010849,C006,2,1344.898088758733
P010849,C017,1,2070.874566202987
P010850,C001,1,1344.898088758733
P010850,C003,3,1344.898088758733
P010850,C004,2,1344.898088758733
P010850,C005,1,1344.898088758733
P010850,C006,1,1344.898088758733
P010850,C018,1,2070.874566202987
P010851,C001,1,1344.898088758733
P010851,C003,3,1344.898088758733
P010851,C004,2,1344.898088758733
P010851,C005,1,1344.898088758733
P010851,C006,1,1344.898088758733
P010851,C017,1,2070.874566202987
P010852,C001,1,1278.898088758733
P010852,C002,1,1278.898088758733
P010852,C006,5,1278.898088758733
P010852,C017,1,2004.874566202987
P010928,C001,1,1134.898088758733
P010928,C002,1,1134.898088758733
P010928,C005,1,1134.898088758733
P010928,C017,1,2004.874566202987
P010928,C018,1,2004.874566202987
P010928,C019,1,2004.874566202987
P010928,C020,1,2004.874566202987
P010928,C021,1,2004.874566202987
P010935,C001,1,1140.898088758733
P010935,C002,1,1140.898088758733
P010935,C005,1,1140.898088758733
P010935,C006,1,1140.898088758733
P010935,C020,1,1938.874566202987
P010935,C021,2,1938.874566202987
P010955,C001,1,1170.898088758733
P010955,C002,1,1170.898088758733
P010955,C005,1,1170.898088758733
P010955,C006,1,1170.898088758733
P010955,C018,1,2004.874566202987
P010955,C019,1,2004.874566202987
P010955,C020,1,2004.874566202987
P010955,C021,1,2004.874566202987
P010995,C001,1,1206.898088758733
P010995,C002,1,1206.898088758733
P010995,C005,1,1206.898088758733
P010995,C006,2,1206.898088758733
P010995,C017,1,2004.874566202987
P010995,C021,2,2004.874566202987
P010997,C001,1,1206.898088758733
P010997,C002,1,1206.898088758733
P010997,C005,1,1206.898088758733
P010997,C006,2,1206.898088758733
P010997,C017,1,2004.874566202987
P010997,C020,1,2004.874566202987
P010997,C021,1,2004.874566202987
P011005,C001,1,1236.898088758733
P011005,C002,1,1236.898088758733
P011005,C005,1,1236.898088758733
P011005,C006,2,1236.898088758733
P011005,C017,1,2070.874566202987
P011005,C018,1,2070.874566202987
P011005,C019,1,2070.874566202987
P011005,C021,1,2070.874566202987
P011006,C001,1,1236.898088758733
P011006,C002,1,1236.898088758733
P011006,C005,1,1236.898088758733
P011006,C006,2,1236.898088758733
P011006,C017,1,2070.874566202987
P011006,C018,1,2070.874566202987
P011006,C019,1,2070.874566202987
P011006,C020,1,2070.874566202987
P011013,C001,1,1242.898088758733
P011013,C002,1,1242.898088758733
P011013,C005,1,1242.898088758733
P011013,C006,3,1242.898088758733
P011013,C017,1,2004.874566202987
P011013,C021,1,2004.874566202987
P011014,C001,1,1242.898088758733
P011014,C002,1,1242.898088758733
P011014,C005,1,1242.898088758733
P011014,C006,3,1242.898088758733
P011014,C017,1,2004.874566202987
P011014,C020,1,2004.874566202987
P011017,C001,1,1272.898088758733
P011017,C002,1,1272.898088758733
P011017,C005,1,1272.898088758733
P011017,C006,3,1272.898088758733
P011017,C017,1,2070.874566202987
P011017,C018,1,2070.874566202987
P011017,C019,1,2070.874566202987
P011083,C001,1,1200.898088758733
P011083,C002,1,1200.898088758733
P011083,C004,1,1200.898088758733
P011083,C005,1,1200.898088758733
P011083,C017,1,2070.874566202987
P011083,C018,1,2070.874566202987
P011083,C019,1,2070.874566202987
P011083,C021,2,2070.874566202987
P011084,C001,1,1170.898088758733
P011084,C002,1,1170.898088758733
P011084,C004,1,1170.898088758733
P011084,C005,1,1170.898088758733
P011084,C017,1,2004.874566202987
P011084,C018,1,2004.874566202987
P011084,C019,1,2004.874566202987
P011084,C020,1,2004.874566202987
P011086,C001,1,1200.898088758733
P011086,C002,1,1200.898088758733
P011086,C004,1,1200.898088758733
P011086,C005,1,1200.898088758733
P011086,C017,1,2070.874566202987
P011086,C018,1,2070.874566202987
P011086,C019,1,2070.874566202987
P011086,C020,1,2070.874566202987
P011086,C021,1,2070.874566202987
P011115,C001,1,1236.898088758733
P011115,C002,1,1236.898088758733
P011115,C004,1,1236.898088758733
P011115,C005,1,1236.898088758733
P011115,C006,1,1236.898088758733
P011115,C017,1,2070.874566202987
P011115,C019,1,2070.874566202987
P011115,C021,2,2070.874566202987
P011116,C001,1,1206.898088758733
P011116,C002,1,1206.898088758733
P011116,C004,1,1206.898088758733
P011116,C005,1,1206.898088758733
P011116,C006,1,1206.898088758733
P011116,C017,1,2004.874566202987
P011116,C019,1,2004.874566202987
P011116,C020,1,2004.874566202987
P011117,C001,1,1236.898088758733
P011117,C002,1,1236.898088758733
P011117,C004,1,1236.898088758733
P011117,C005,1,1236.898088758733
P011117,C006,1,1236.898088758733
P011117,C017,1,2070.874566202987
P011117,C019,1,2070.874566202987
P011117,C020,1,2070.874566202987
P011117,C021,1,2070.874566202987
P011123,C001,1,1236.898088758733
P011123,C002,1,1236.898088758733
P011123,C004,1,1236.898088758733
P011123,C005,1,1236.898088758733
P011123,C006,1,1236.898088758733
P011123,C017,1,2070.874566202987
P011123,C018,1,2070.874566202987
P011123,C019,1,2070.874566202987
P011123,C021,1,2070.874566202987
P011124,C001,1,1236.898088758733
P011124,C002,1,1236.898088758733
P011124,C004,1,1236.898088758733
P011124,C005,1,1236.898088758733
P011124,C006,1,1236.898088758733
P011124,C017,1,2070.874566202987
P011124,C018,1,2070.874566202987
P011124,C019,1,2070.874566202987
P011124,C020,1,2070.874566202987
P011138,C001,1,1272.898088758733
P011138,C002,1,1272.898088758733
P011138,C004,1,1272.898088758733
P011138,C005,1,1272.898088758733
P011138,C006,2,1272.898088758733
P011138,C017,1,2070.874566202987
P011138,C019,1,2070.874566202987
P011138,C021,1,2070.874566202987
P011139,C001,1,1272.898088758733
P011139,C002,1,1272.898088758733
P011139,C004,1,1272.898088758733
P011139,C005,1,1272.898088758733
P011139,C006,2,1272.898088758733
P011139,C017,1,2070.874566202987
P011139,C019,1,2070.874566202987
P011139,C020,1,2070.874566202987
P011141,C001,1,1272.898088758733
P011141,C002,1,1272.898088758733
P011141,C004,1,1272.898088758733
P011141,C005,1,1272.898088758733
P011141,C006,2,1272.898088758733
P011141,C017,1,2070.874566202987
P011141,C018,1,2070.874566202987
P011141,C021,1,2070.874566202987
P011142,C001,1,1272.898088758733
P011142,C002,1,1272.898088758733
P011142,C004,1,1272.898088758733
P011142,C005,1,1272.898088758733
P011142,C006,2,1272.898088758733
P011142,C017,1,2070.874566202987
P011142,C018,1,2070.874566202987
P011142,C020,1,2070.874566202987
P011143,C001,1,1272.898088758733
P011143,C002,1,1272.898088758733
P011143,C004,1,1272.898088758733
P011143,C005,1,1272.898088758733
P011143,C006,2,1272.898088758733
P011143,C017,1,2070.874566202987
P011143,C018,1,2070.874566202987
P011143,C019,1,2070.874566202987
P011147,C001,1,1308.898088758733
P011147,C002,1,1308.898088758733
P011147,C004,1,1308.898088758733
P011147,C005,1,1308.898088758733
P011147,C006,3,1308.898088758733
P011147,C017,1,2070.874566202987
P011147,C019,1,2070.874566202987
P011148,C001,1,1308.898088758733
P011148,C002,1,1308.898088758733
P011148,C004,1,1308.898088758733
P011148,C005,1,1308.898088758733
P011148,C006,3,1308.898088758733
P011148,C017,1,2070.874566202987
P011148,C018,1,2070.874566202987
P011149,C001,1,1344.898088758733
P011149,C002,1,1344.898088758733
P011149,C004,2,1344.898088758733
P011149,C006,4,1344.898088758733
P011149,C019,1,2070.874566202987
P011151,C001,1,1344.898088758733
P011151,C002,1,1344.898088758733
P011151,C004,2,1344.898088758733
P011151,C005,1,1344.898088758733
P011151,C006,3,1344.898088758733
P011151,C019,1,2070.874566202987
P011155,C001,1,1410.898088758733
P011155,C002,1,1410.898088758733
P011155,C003,2,1410.898088758733
P011155,C004,2,1410.898088758733
P011155,C006,3,1410.898088758733
P011155,C017,1,2136.874566202987
P011156,C001,1,1410.898088758733
P011156,C002,1,1410.898088758733
P011156,C003,2,1410.898088758733
P011156,C004,2,1410.898088758733
P011156,C005,1,1410.898088758733
P011156,C006,2,1410.898088758733
P011156,C017,1,2136.874566202987
P011157,C001,1,1344.898088758733
P011157,C002,1,1344.898088758733
P011157,C003,3,1344.898088758733
P011157,C006,3,1344.898088758733
P011157,C019,1,2070.874566202987
P011158,C001,1,1344.898088758733
P011158,C002,1,1344.898088758733
P011158,C003,3,1344.898088758733
P011158,C006,3,1344.898088758733
P011158,C018,1,2070.874566202987
P011160,C001,1,1344.898088758733
P011160,C002,1,1344.898088758733
P011160,C003,3,1344.898088758733
P011160,C005,1,1344.898088758733
P011160,C006,2,1344.898088758733
P011160,C019,1,2070.874566202987
P011161,C001,1,1344.898088758733
P011161,C002,1,1344.898088758733
P011161,C003,3,1344.898088758733
P011161,C005,1,1344.898088758733
P011161,C006,2,1344.898088758733
P011161,C018,1,2070.874566202987
P011163,C001,1,1410.898088758733
P011163,C002,1,1410.898088758733
P011163,C003,3,1410.898088758733
P011163,C004,2,1410.898088758733
P011163,C006,2,1410.898088758733
P011163,C017,1,2136.874566202987
P011164,C001,1,1410.898088758733
P011164,C002,1,1410.898088758733
P011164,C003,3,1410.898088758733
P011164,C004,2,1410.898088758733
P011164,C005,1,1410.898088758733
P011164,C006,1,1410.898088758733
P011164,C017,1,2136.874566202987
P011170,C006,1,1600.8747387852145
P011170,C025,1,1074.6573203179064
P011212,C006,1,1600.8747387852145
P011212,C022,1,1074.6573203179064
P011265,C006,5,1176.898088758733
P011265,C022,1,1738.0155072260409
P011265,C024,1,1738.0155072260409
P011266,C006,5,1930.8747387852145
P011266,C022,1,1260.6573203179064
P011266,C024,1,1260.6573203179064
P011366,C004,1,1600.8747387852145
P011366,C025,1,1074.6573203179064
P011408,C004,1,1600.8747387852145
P011408,C022,1,1074.6573203179064
P011455,C004,1,1212.898088758733
P011455,C006,5,1212.898088758733
P011455,C022,1,1738.0155072260409
P011548,C004,2,1098.898088758733
P011548,C022,1,1804.0155072260409
P011548,C023,1,1804.0155072260409
P011548,C024,1,1804.0155072260409
P011548,C025,1,1804.0155072260409
P011548,C026,2,1804.0155072260409
P011555,C003,1,1600.8747387852145
P011555,C025,1,1074.6573203179064
P011597,C003,1,1600.8747387852145
P011597,C022,1,1074.6573203179064
P011644,C003,1,1278.898088758733
P011644,C004,2,1278.898088758733
P011644,C006,4,1278.898088758733
P011644,C022,1,1804.0155072260409
P011689,C003,3,1134.898088758733
P011689,C023,1,1804.0155072260409
P011689,C024,1,1804.0155072260409
P011689,C025,1,1804.0155072260409
P011689,C026,2,1804.0155072260409
P011690,C003,3,1996.8747387852145
P011690,C023,1,1398.6573203179064
P011690,C024,1,1398.6573203179064
P011690,C025,1,1398.6573203179064
P011690,C026,2,1398.6573203179064
P011837,C002,1,1278.898088758733
P011837,C004,2,1278.898088758733
P011837,C006,4,1278.898088758733
P011837,C023,1,1804.0155072260409
P011838,C002,1,1996.8747387852145
P011838,C004,2,1996.8747387852145
P011838,C006,4,1996.8747387852145
P011838,C023,1,1254.6573203179064
P011841,C002,1,1308.898088758733
P011841,C004,2,1308.898088758733
P011841,C006,4,1308.898088758733
P011841,C022,1,1870.0155072260409
P011841,C024,1,1870.0155072260409
P011842,C002,1,2062.8747387852145
P011842,C004,2,2062.8747387852145
P011842,C006,4,2062.8747387852145
P011842,C022,1,1320.6573203179064
P011842,C024,1,1320.6573203179064
P011849,C002,1,1344.898088758733
P011849,C003,3,1344.898088758733
P011849,C004,2,1344.898088758733
P011849,C006,2,1344.898088758733
P011849,C023,1,1870.0155072260409
P011850,C002,1,2062.8747387852145
P011850,C003,3,2062.8747387852145
P011850,C004,2,2062.8747387852145
P011850,C006,2,2062.8747387852145
P011850,C023,1,1284.6573203179064
P011851,C002,1,1344.898088758733
P011851,C003,3,1344.898088758733
P011851,C004,2,1344.898088758733
P011851,C006,2,1344.898088758733
P011851,C022,1,1870.0155072260409
P011853,C002,1,1344.898088758733
P011853,C003,3,1344.898088758733
P011853,C004,2,1344.898088758733
P011853,C005,1,1344.898088758733
P011853,C006,1,1344.898088758733
P011853,C023,1,1870.0155072260409
P011854,C002,1,2062.8747387852145
P011854,C003,3,2062.8747387852145
P011854,C004,2,2062.8747387852145
P011854,C005,1,2062.8747387852145
P011854,C006,1,2062.8747387852145
P011854,C023,1,1284.6573203179064
P011855,C002,1,1344.898088758733
P011855,C003,3,1344.898088758733
P011855,C004,2,1344.898088758733
P011855,C005,1,1344.898088758733
P011855,C006,1,1344.898088758733
P011855,C022,1,1870.0155072260409
P011961,C001,1,1308.898088758733
P011961,C004,2,1308.898088758733
P011961,C006,4,1308.898088758733
P011961,C022,1,1870.0155072260409
P011961,C024,1,1870.0155072260409
P011962,C001,1,2062.8747387852145
P011962,C004,2,2062.8747387852145
P011962,C006,4,2062.8747387852145
P011962,C022,1,1320.6573203179064
P011962,C024,1,1320.6573203179064
P011971,C001,1,1344.898088758733
P011971,C003,3,1344.898088758733
P011971,C004,2,1344.898088758733
P011971,C006,2,1344.898088758733
P011971,C023,1,1870.0155072260409
P011972,C001,1,2062.8747387852145
P011972,C003,3,2062.8747387852145
P011972,C004,2,2062.8747387852145
P011972,C006,2,2062.8747387852145
P011972,C023,1,1284.6573203179064
P011973,C001,1,1344.898088758733
P011973,C003,3,1344.898088758733
P011973,C004,2,1344.898088758733
P011973,C006,2,1344.898088758733
P011973,C022,1,1870.0155072260409
P011975,C001,1,1344.898088758733
P011975,C003,3,1344.898088758733
P011975,C004,2,1344.898088758733
P011975,C005,1,1344.898088758733
P011975,C006,1,1344.898088758733
P011975,C023,1,1870.0155072260409
P011976,C001,1,2062.8747387852145
P011976,C003,3,2062.8747387852145
P011976,C004,2,2062.8747387852145
P011976,C005,1,2062.8747387852145
P011976,C006,1,2062.8747387852145
P011976,C023,1,1284.6573203179064
P011977,C001,1,1344.898088758733
P011977,C003,3,1344.898088758733
P011977,C004,2,1344.898088758733
P011977,C005,1,1344.898088758733
P011977,C006,1,1344.898088758733
P011977,C022,1,1870.0155072260409
P012072,C001,1,1164.898088758733
P012072,C002,1,1164.898088758733
P012072,C005,1,1164.898088758733
P012072,C022,1,1870.0155072260409
P012072,C023,1,1870.0155072260409
P012072,C024,1,1870.0155072260409
P012072,C025,1,1870.0155072260409
P012072,C026,2,1870.0155072260409
P012073,C001,1,2062.8747387852145
P012073,C002,1,2062.8747387852145
P012073,C005,1,2062.8747387852145
P012073,C022,1,1464.6573203179064
P012073,C023,1,1464.6573203179064
P012073,C024,1,1464.6573203179064
P012073,C025,1,1464.6573203179064
P012073,C026,2,1464.6573203179064
P012124,C001,1,1170.898088758733
P012124,C002,1,1170.898088758733
P012124,C005,1,1170.898088758733
P012124,C006,1,1170.898088758733
P012124,C022,1,1804.0155072260409
P012124,C025,1,1804.0155072260409
P012124,C026,2,1804.0155072260409
P012125,C001,1,1996.8747387852145
P012125,C002,1,1996.8747387852145
P012125,C005,1,1996.8747387852145
P012125,C006,1,1996.8747387852145
P012125,C022,1,1362.6573203179064
P012125,C025,1,1362.6573203179064
P012125,C026,2,1362.6573203179064
P012150,C001,1,1200.898088758733
P012150,C002,1,1200.898088758733
P012150,C005,1,1200.898088758733
P012150,C006,1,1200.898088758733
P012150,C022,1,1870.0155072260409
P012150,C023,1,1870.0155072260409
P012150,C024,1,1870.0155072260409
P012150,C026,2,1870.0155072260409
P012151,C001,1,2062.8747387852145
P012151,C002,1,2062.8747387852145
P012151,C005,1,2062.8747387852145
P012151,C006,1,2062.8747387852145
P012151,C022,1,1428.6573203179064
P012151,C023,1,1428.6573203179064
P012151,C024,1,1428.6573203179064
P012151,C026,2,1428.6573203179064
P012154,C001,1,1200.898088758733
P012154,C002,1,1200.898088758733
P012154,C005,1,1200.898088758733
P012154,C006,1,1200.898088758733
P012154,C022,1,1870.0155072260409
P012154,C023,1,1870.0155072260409
P012154,C024,1,1870.0155072260409
P012154,C025,1,1870.0155072260409
P012154,C026,1,1870.0155072260409
P012155,C001,1,2062.8747387852145
P012155,C002,1,2062.8747387852145
P012155,C005,1,2062.8747387852145
P012155,C006,1,2062.8747387852145
P012155,C022,1,1428.6573203179064
P012155,C023,1,1428.6573203179064
P012155,C024,1,1428.6573203179064
P012155,C025,1,1428.6573203179064
P012155,C026,1,1428.6573203179064
P012206,C001,1,1236.898088758733
P012206,C002,1,1236.898088758733
P012206,C005,1,1236.898088758733
P012206,C006,2,1236.898088758733
P012206,C022,1,1870.0155072260409
P012206,C023,1,1870.0155072260409
P012206,C024,1,1870.0155072260409
P012206,C026,1,1870.0155072260409
P012207,C001,1,2062.8747387852145
P012207,C002,1,2062.8747387852145
P012207,C005,1,2062.8747387852145
P012207,C006,2,2062.8747387852145
P012207,C022,1,1392.6573203179064
P012207,C023,1,1392.6573203179064
P012207,C024,1,1392.6573203179064
P012207,C026,1,1392.6573203179064
P012208,C001,1,1236.898088758733
P012208,C002,1,1236.898088758733
P012208,C005,1,1236.898088758733
P012208,C006,2,1236.898088758733
P012208,C022,1,1870.0155072260409
P012208,C023,1,1870.0155072260409
P012208,C024,1,1870.0155072260409
P012208,C025,1,1870.0155072260409
P012209,C001,1,2062.8747387852145
P012209,C002,1,2062.8747387852145
P012209,C005,1,2062.8747387852145
P012209,C006,2,2062.8747387852145
P012209,C022,1,1392.6573203179064
P012209,C023,1,1392.6573203179064
P012209,C024,1,1392.6573203179064
P012209,C025,1,1392.6573203179064
P012299,C001,1,1200.898088758733
P012299,C002,1,1200.898088758733
P012299,C004,1,1200.898088758733
P012299,C005,1,1200.898088758733
P012299,C022,1,1870.0155072260409
P012299,C024,1,1870.0155072260409
P012299,C025,1,1870.0155072260409
P012299,C026,2,1870.0155072260409
P012300,C001,1,2062.8747387852145
P012300,C002,1,2062.8747387852145
P012300,C004,1,2062.8747387852145
P012300,C005,1,2062.8747387852145
P012300,C022,1,1428.6573203179064
P012300,C024,1,1428.6573203179064
P012300,C025,1,1428.6573203179064
P012300,C026,2,1428.6573203179064
P012315,C001,1,1170.898088758733
P012315,C002,1,1170.898088758733
P012315,C004,1,1170.898088758733
P012315,C005,1,1170.898088758733
P012315,C022,1,1804.0155072260409
P012315,C023,1,1804.0155072260409
P012315,C024,1,1804.0155072260409
P012315,C026,1,1804.0155072260409
P012317,C001,1,1200.898088758733
P012317,C002,1,1200.898088758733
P012317,C004,1,1200.898088758733
P012317,C005,1,1200.898088758733
P012317,C022,1,1870.0155072260409
P012317,C023,1,1870.0155072260409
P012317,C024,1,1870.0155072260409
P012317,C026,2,1870.0155072260409
P012319,C001,1,1170.898088758733
P012319,C002,1,1170.898088758733
P012319,C004,1,1170.898088758733
P012319,C005,1,1170.898088758733
P012319,C022,1,1804.0155072260409
P012319,C023,1,1804.0155072260409
P012319,C024,1,1804.0155072260409
P012319,C025,1,1804.0155072260409
P012321,C001,1,1200.898088758733
P012321,C002,1,1200.898088758733
P012321,C004,1,1200.898088758733
P012321,C005,1,1200.898088758733
P012321,C022,1,1870.0155072260409
P012321,C023,1,1870.0155072260409
P012321,C024,1,1870.0155072260409
P012321,C025,1,1870.0155072260409
P012321,C026,1,1870.0155072260409
P012371,C001,1,1236.898088758733
P012371,C002,1,1236.898088758733
P012371,C004,1,1236.898088758733
P012371,C005,1,1236.898088758733
P012371,C006,1,1236.898088758733
P012371,C022,1,1870.0155072260409
P012371,C024,1,1870.0155072260409
P012371,C026,2,1870.0155072260409
P012373,C001,1,1206.898088758733
P012373,C002,1,1206.898088758733
P012373,C004,1,1206.898088758733
P012373,C005,1,1206.898088758733
P012373,C006,1,1206.898088758733
P012373,C022,1,1804.0155072260409
P012373,C024,1,1804.0155072260409
P012373,C025,1,1804.0155072260409
P012375,C001,1,1236.898088758733
P012375,C002,1,1236.898088758733
P012375,C004,1,1236.898088758733
P012375,C005,1,1236.898088758733
P012375,C006,1,1236.898088758733
P012375,C022,1,1870.0155072260409
P012375,C024,1,1870.0155072260409
P012375,C025,1,1870.0155072260409
P012375,C026,1,1870.0155072260409
P012387,C001,1,1206.898088758733
P012387,C002,1,1206.898088758733
P012387,C004,1,1206.898088758733
P012387,C005,1,1206.898088758733
P012387,C006,1,1206.898088758733
P012387,C022,1,1804.0155072260409
P012387,C023,1,1804.0155072260409
P012387,C024,1,1804.0155072260409
P012389,C001,1,1236.898088758733
P012389,C002,1,1236.898088758733
P012389,C004,1,1236.898088758733
P012389,C005,1,1236.898088758733
P012389,C006,1,1236.898088758733
P012389,C022,1,1870.0155072260409
P012389,C023,1,1870.0155072260409
P012389,C024,1,1870.0155072260409
P012389,C026,1,1870.0155072260409
P012391,C001,1,1236.898088758733
P012391,C002,1,1236.898088758733
P012391,C004,1,1236.898088758733
P012391,C005,1,1236.898088758733
P012391,C006,1,1236.898088758733
P012391,C022,1,1870.0155072260409
P012391,C023,1,1870.0155072260409
P012391,C024,1,1870.0155072260409
P012391,C025,1,1870.0155072260409
P012419,C001,1,1272.898088758733
P012419,C002,1,1272.898088758733
P012419,C004,1,1272.898088758733
P012419,C005,1,1272.898088758733
P012419,C006,2,1272.898088758733
P012419,C022,1,1870.0155072260409
P012419,C024,1,1870.0155072260409
P012419,C026,1,1870.0155072260409
P012421,C001,1,1272.898088758733
P012421,C002,1,1272.898088758733
P012421,C004,1,1272.898088758733
P012421,C005,1,1272.898088758733
P012421,C006,2,1272.898088758733
P012421,C022,1,1870.0155072260409
P012421,C024,1,1870.0155072260409
P012421,C025,1,1870.0155072260409
P012425,C001,1,1272.898088758733
P012425,C002,1,1272.898088758733
P012425,C004,1,1272.898088758733
P012425,C005,1,1272.898088758733
P012425,C006,2,1272.898088758733
P012425,C022,1,1870.0155072260409
P012425,C023,1,1870.0155072260409
P012425,C026,1,1870.0155072260409
P012427,C001,1,1272.898088758733
P012427,C002,1,1272.898088758733
P012427,C004,1,1272.898088758733
P012427,C005,1,1272.898088758733
P012427,C006,2,1272.898088758733
P012427,C022,1,1870.0155072260409
P012427,C023,1,1870.0155072260409
P012427,C025,1,1870.0155072260409
P012429,C001,1,1272.898088758733
P012429,C002,1,1272.898088758733
P012429,C004,1,1272.898088758733
P012429,C005,1,1272.898088758733
P012429,C006,2,1272.898088758733
P012429,C022,1,1870.0155072260409
P012429,C023,1,1870.0155072260409
P012429,C024,1,1870.0155072260409
P012437,C001,1,1308.898088758733
P012437,C002,1,1308.898088758733
P012437,C004,1,1308.898088758733
P012437,C005,1,1308.898088758733
P012437,C006,3,1308.898088758733
P012437,C022,1,1870.0155072260409
P012437,C024,1,1870.0155072260409
P012441,C001,1,1344.898088758733
P012441,C002,1,1344.898088758733
P012441,C004,2,1344.898088758733
P012441,C006,4,1344.898088758733
P012441,C024,1,1870.0155072260409
P012444,C001,1,1344.898088758733
P012444,C002,1,1344.898088758733
P012444,C004,2,1344.898088758733
P012444,C005,1,1344.898088758733
P012444,C006,3,1344.898088758733
P012444,C024,1,1870.0155072260409
P012449,C001,1,1410.898088758733
P012449,C002,1,1410.898088758733
P012449,C003,2,1410.898088758733
P012449,C004,2,1410.898088758733
P012449,C006,3,1410.898088758733
P012449,C022,1,1936.0155072260409
P012450,C001,1,1410.898088758733
P012450,C002,1,1410.898088758733
P012450,C003,2,1410.898088758733
P012450,C004,2,1410.898088758733
P012450,C005,1,1410.898088758733
P012450,C006,2,1410.898088758733
P012450,C022,1,1936.0155072260409
P012451,C001,1,1344.898088758733
P012451,C002,1,1344.898088758733
P012451,C003,3,1344.898088758733
P012451,C006,3,1344.898088758733
P012451,C024,1,1870.0155072260409
P012453,C001,1,1344.898088758733
P012453,C002,1,1344.898088758733
P012453,C003,3,1344.898088758733
P012453,C006,3,1344.898088758733
P012453,C023,1,1870.0155072260409
P012454,C001,1,2062.8747387852145
P012454,C002,1,2062.8747387852145
P012454,C003,3,2062.8747387852145
P012454,C006,3,2062.8747387852145
P012454,C023,1,1284.6573203179064
P012457,C001,1,1344.898088758733
P012457,C002,1,1344.898088758733
P012457,C003,3,1344.898088758733
P012457,C005,1,1344.898088758733
P012457,C006,2,1344.898088758733
P012457,C024,1,1870.0155072260409
P012459,C001,1,1344.898088758733
P012459,C002,1,1344.898088758733
P012459,C003,3,1344.898088758733
P012459,C005,1,1344.898088758733
P012459,C006,2,1344.898088758733
P012459,C023,1,1870.0155072260409
P012460,C001,1,2062.8747387852145
P012460,C002,1,2062.8747387852145
P012460,C003,3,2062.8747387852145
P012460,C005,1,2062.8747387852145
P012460,C006,2,2062.8747387852145
P012460,C023,1,1284.6573203179064
P012463,C001,1,1410.898088758733
P012463,C002,1,1410.898088758733
P012463,C003,3,1410.898088758733
P012463,C004,2,1410.898088758733
P012463,C006,2,1410.898088758733
P012463,C022,1,1936.0155072260409
P012464,C001,1,2128.8747387852145
P012464,C002,1,2128.8747387852145
P012464,C003,3,2128.8747387852145
P012464,C004,2,2128.8747387852145
P012464,C006,2,2128.8747387852145
P012464,C022,1,1314.6573203179064
P012465,C001,1,1410.898088758733
P012465,C002,1,1410.898088758733
P012465,C003,3,1410.898088758733
P012465,C004,2,1410.898088758733
P012465,C005,1,1410.898088758733
P012465,C006,1,1410.898088758733
P012465,C022,1,1936.0155072260409
P012466,C001,1,2128.8747387852145
P012466,C002,1,2128.8747387852145
P012466,C003,3,2128.8747387852145
P012466,C004,2,2128.8747387852145
P012466,C005,1,2128.8747387852145
P012466,C006,1,2128.8747387852145
P012466,C022,1,1314.6573203179064
P012472,C006,1,1614.791370237155
P012472,C030,1,909.0766497153631
P012514,C006,1,1614.791370237155
P012514,C027,1,909.0766497153631
P012567,C006,5,1176.898088758733
P012567,C027,1,1905.5328092805244
P012567,C029,1,1905.5328092805244
P012568,C006,5,1944.791370237155
P012568,C027,1,1095.0766497153631
P012568,C029,1,1095.0766497153631
P012668,C004,1,1614.791370237155
P012668,C030,1,909.0766497153631
P012710,C004,1,1614.791370237155
P012710,C027,1,909.0766497153631
P012757,C004,1,1212.898088758733
P012757,C006,5,1212.898088758733
P012757,C027,1,1905.5328092805244
P012857,C003,1,1614.791370237155
P012857,C030,1,909.0766497153631
P012899,C003,1,1614.791370237155
P012899,C027,1,909.0766497153631
P012946,C003,1,1278.898088758733
P012946,C004,2,1278.898088758733
P012946,C006,4,1278.898088758733
P012946,C027,1,1971.5328092805244
P012991,C003,3,1134.898088758733
P012991,C028,1,1971.5328092805244
P012991,C029,1,1971.5328092805244
P012991,C030,1,1971.5328092805244
P012991,C031,2,1971.5328092805244
P012992,C003,3,2010.791370237155
P012992,C028,1,1233.0766497153631
P012992,C029,1,1233.0766497153631
P012992,C030,1,1233.0766497153631
P012992,C031,2,1233.0766497153631
P013139,C002,1,1278.898088758733
P013139,C004,2,1278.898088758733
P013139,C006,4,1278.898088758733
P013139,C028,1,1971.5328092805244
P013143,C002,1,1308.898088758733
P013143,C004,2,1308.898088758733
P013143,C006,4,1308.898088758733
P013143,C027,1,2037.5328092805244
P013143,C029,1,2037.5328092805244
P013144,C002,1,2076.791370237155
P013144,C004,2,2076.791370237155
P013144,C006,4,2076.791370237155
P013144,C027,1,1155.0766497153631
P013144,C029,1,1155.0766497153631
P013151,C002,1,1344.898088758733
P013151,C003,3,1344.898088758733
P013151,C004,2,1344.898088758733
P013151,C006,2,1344.898088758733
P013151,C028,1,2037.5328092805244
P013152,C002,1,2076.791370237155
P013152,C003,3,2076.791370237155
P013152,C004,2,2076.791370237155
P013152,C006,2,2076.791370237155
P013152,C028,1,1119.0766497153631
P013155,C002,1,1344.898088758733
P013155,C003,3,1344.898088758733
P013155,C004,2,1344.898088758733
P013155,C005,1,1344.898088758733
P013155,C006,1,1344.898088758733
P013155,C028,1,2037.5328092805244
P013156,C002,1,2076.791370237155
P013156,C003,3,2076.791370237155
P013156,C004,2,2076.791370237155
P013156,C005,1,2076.791370237155
P013156,C006,1,2076.791370237155
P013156,C028,1,1119.0766497153631
P013263,C001,1,1308.898088758733
P013263,C004,2,1308.898088758733
P013263,C006,4,1308.898088758733
P013263,C027,1,2037.5328092805244
P013263,C029,1,2037.5328092805244
P013264,C001,1,2076.791370237155
P013264,C004,2,2076.791370237155
P013264,C006,4,2076.791370237155
P013264,C027,1,1155.0766497153631
P013264,C029,1,1155.0766497153631
P013273,C001,1,1344.898088758733
P013273,C003,3,1344.898088758733
P013273,C004,2,1344.898088758733
P013273,C006,2,1344.898088758733
P013273,C028,1,2037.5328092805244
P013274,C001,1,2076.791370237155
P013274,C003,3,2076.791370237155
P013274,C004,2,2076.791370237155
P013274,C006,2,2076.791370237155
P013274,C028,1,1119.0766497153631
P013277,C001,1,1344.898088758733
P013277,C003,3,1344.898088758733
P013277,C004,2,1344.898088758733
P013277,C005,1,1344.898088758733
P013277,C006,1,1344.898088758733
P013277,C028,1,2037.5328092805244
P013278,C001,1,2076.791370237155
P013278,C003,3,2076.791370237155
P013278,C004,2,2076.791370237155
P013278,C005,1,2076.791370237155
P013278,C006,1,2076.791370237155
P013278,C028,1,1119.0766497153631
P013374,C001,1,1164.898088758733
P013374,C002,1,1164.898088758733
P013374,C005,1,1164.898088758733
P013374,C027,1,2037.5328092805244
P013374,C028,1,2037.5328092805244
P013374,C029,1,2037.5328092805244
P013374,C030,1,2037.5328092805244
P013374,C031,2,2037.5328092805244
P013375,C001,1,2076.791370237155
P013375,C002,1,2076.791370237155
P013375,C005,1,2076.791370237155
P013375,C027,1,1299.0766497153631
P013375,C028,1,1299.0766497153631
P013375,C029,1,1299.0766497153631
P013375,C030,1,1299.0766497153631
P013375,C031,2,1299.0766497153631
P013426,C001,1,1170.898088758733
P013426,C002,1,1170.898088758733
P013426,C005,1,1170.898088758733
P013426,C006,1,1170.898088758733
P013426,C027,1,1971.5328092805244
P013426,C030,1,1971.5328092805244
P013426,C031,2,1971.5328092805244
P013427,C001,1,2010.791370237155
P013427,C002,1,2010.791370237155
P013427,C005,1,2010.791370237155
P013427,C006,1,2010.791370237155
P013427,C027,1,1197.0766497153631
P013427,C030,1,1197.0766497153631
P013427,C031,2,1197.0766497153631
P013452,C001,1,1200.898088758733
P013452,C002,1,1200.898088758733
P013452,C005,1,1200.898088758733
P013452,C006,1,1200.898088758733
P013452,C027,1,2037.5328092805244
P013452,C028,1,2037.5328092805244
P013452,C029,1,2037.5328092805244
P013452,C031,2,2037.5328092805244
P013453,C001,1,2076.791370237155
P013453,C002,1,2076.791370237155
P013453,C005,1,2076.791370237155
P013453,C006,1,2076.791370237155
P013453,C027,1,1263.0766497153631
P013453,C028,1,1263.0766497153631
P013453,C029,1,1263.0766497153631
P013453,C031,2,1263.0766497153631
P013456,C001,1,1200.898088758733
P013456,C002,1,1200.898088758733
P013456,C005,1,1200.898088758733
P013456,C006,1,1200.898088758733
P013456,C027,1,2037.5328092805244
P013456,C028,1,2037.5328092805244
P013456,C029,1,2037.5328092805244
P013456,C030,1,2037.5328092805244
P013456,C031,1,2037.5328092805244
P013457,C001,1,2076.791370237155
P013457,C002,1,2076.791370237155
P013457,C005,1,2076.791370237155
P013457,C006,1,2076.791370237155
P013457,C027,1,1263.0766497153631
P013457,C028,1,1263.0766497153631
P013457,C029,1,1263.0766497153631
P013457,C030,1,1263.0766497153631
P013457,C031,1,1263.0766497153631
P013508,C001,1,1236.898088758733
P013508,C002,1,1236.898088758733
P013508,C005,1,1236.898088758733
P013508,C006,2,1236.898088758733
P013508,C027,1,2037.5328092805244
P013508,C028,1,2037.5328092805244
P013508,C029,1,2037.5328092805244
P013508,C031,1,2037.5328092805244
P013509,C001,1,2076.791370237155
P013509,C002,1,2076.791370237155
P013509,C005,1,2076.791370237155
P013509,C006,2,2076.791370237155
P013509,C027,1,1227.0766497153631
P013509,C028,1,1227.0766497153631
P013509,C029,1,1227.0766497153631
P013509,C031,1,1227.0766497153631
P013510,C001,1,1236.898088758733
P013510,C002,1,1236.898088758733
P013510,C005,1,1236.898088758733
P013510,C006,2,1236.898088758733
P013510,C027,1,2037.5328092805244
P013510,C028,1,2037.5328092805244
P013510,C029,1,2037.5328092805244
P013510,C030,1,2037.5328092805244
P013511,C001,1,2076.791370237155
P013511,C002,1,2076.791370237155
P013511,C005,1,2076.791370237155
P013511,C006,2,2076.791370237155
P013511,C027,1,1227.0766497153631
P013511,C028,1,1227.0766497153631
P013511,C029,1,1227.0766497153631
P013511,C030,1,1227.0766497153631
P013601,C001,1,1200.898088758733
P013601,C002,1,1200.898088758733
P013601,C004,1,1200.898088758733
P013601,C005,1,1200.898088758733
P013601,C027,1,2037.5328092805244
P013601,C029,1,2037.5328092805244
P013601,C030,1,2037.5328092805244
P013601,C031,2,2037.5328092805244
P013602,C001,1,2076.791370237155
P013602,C002,1,2076.791370237155
P013602,C004,1,2076.791370237155
P013602,C005,1,2076.791370237155
P013602,C027,1,1263.0766497153631
P013602,C029,1,1263.0766497153631
P013602,C030,1,1263.0766497153631
P013602,C031,2,1263.0766497153631
P013613,C001,1,1200.898088758733
P013613,C002,1,1200.898088758733
P013613,C004,1,1200.898088758733
P013613,C005,1,1200.898088758733
P013613,C027,1,2037.5328092805244
P013613,C028,1,2037.5328092805244
P013613,C030,1,2037.5328092805244
P013613,C031,2,2037.5328092805244
P013619,C001,1,1200.898088758733
P013619,C002,1,1200.898088758733
P013619,C004,1,1200.898088758733
P013619,C005,1,1200.898088758733
P013619,C027,1,2037.5328092805244
P013619,C028,1,2037.5328092805244
P013619,C029,1,2037.5328092805244
P013619,C031,2,2037.5328092805244
P013623,C001,1,1200.898088758733
P013623,C002,1,1200.898088758733
P013623,C004,1,1200.898088758733
P013623,C005,1,1200.898088758733
P013623,C027,1,2037.5328092805244
P013623,C028,1,2037.5328092805244
P013623,C029,1,2037.5328092805244
P013623,C030,1,2037.5328092805244
P013623,C031,1,2037.5328092805244
P013677,C001,1,1236.898088758733
P013677,C002,1,1236.898088758733
P013677,C004,1,1236.898088758733
P013677,C005,1,1236.898088758733
P013677,C006,1,1236.898088758733
P013677,C027,1,2037.5328092805244
P013677,C029,1,2037.5328092805244
P013677,C030,1,2037.5328092805244
P013677,C031,1,2037.5328092805244
P013743,C001,1,1344.898088758733
P013743,C002,1,1344.898088758733
P013743,C004,2,1344.898088758733
P013743,C006,4,1344.898088758733
P013743,C029,1,2037.5328092805244
P013744,C001,1,2076.791370237155
P013744,C002,1,2076.791370237155
P013744,C004,2,2076.791370237155
P013744,C006,4,2076.791370237155
P013744,C029,1,1119.0766497153631
P013747,C001,1,1344.898088758733
P013747,C002,1,1344.898088758733
P013747,C004,2,1344.898088758733
P013747,C005,1,1344.898088758733
P013747,C006,3,1344.898088758733
P013747,C029,1,2037.5328092805244
P013748,C001,1,2076.791370237155
P013748,C002,1,2076.791370237155
P013748,C004,2,2076.791370237155
P013748,C005,1,2076.791370237155
P013748,C006,3,2076.791370237155
P013748,C029,1,1119.0766497153631
P013753,C001,1,1410.898088758733
P013753,C002,1,1410.898088758733
P013753,C003,2,1410.898088758733
P013753,C004,2,1410.898088758733
P013753,C006,3,1410.898088758733
P013753,C027,1,2103.5328092805244
P013754,C001,1,1410.898088758733
P013754,C002,1,1410.898088758733
P013754,C003,2,1410.898088758733
P013754,C004,2,1410.898088758733
P013754,C005,1,1410.898088758733
P013754,C006,2,1410.898088758733
P013754,C027,1,2103.5328092805244
P013757,C001,1,1344.898088758733
P013757,C002,1,1344.898088758733
P013757,C003,3,1344.898088758733
P013757,C006,3,1344.898088758733
P013757,C028,1,2037.5328092805244
P013758,C001,1,2076.791370237155
P013758,C002,1,2076.791370237155
P013758,C003,3,2076.791370237155
P013758,C006,3,2076.791370237155
P013758,C028,1,1119.0766497153631
P013763,C001,1,1344.898088758733
P013763,C002,1,1344.898088758733
P013763,C003,3,1344.898088758733
P013763,C005,1,1344.898088758733
P013763,C006,2,1344.898088758733
P013763,C028,1,2037.5328092805244
P013764,C001,1,2076.791370237155
P013764,C002,1,2076.791370237155
P013764,C003,3,2076.791370237155
P013764,C005,1,2076.791370237155
P013764,C006,2,2076.791370237155
P013764,C028,1,1119.0766497153631
P013767,C001,1,1410.898088758733
P013767,C002,1,1410.898088758733
P013767,C003,3,1410.898088758733
P013767,C004,2,1410.898088758733
P013767,C006,2,1410.898088758733
P013767,C027,1,2103.5328092805244
P013768,C001,1,2142.791370237155
P013768,C002,1,2142.791370237155
P013768,C003,3,2142.791370237155
P013768,C004,2,2142.791370237155
P013768,C006,2,2142.791370237155
P013768,C027,1,1149.0766497153631
P013769,C001,1,1410.898088758733
P013769,C002,1,1410.898088758733
P013769,C003,3,1410.898088758733
P013769,C004,2,1410.898088758733
P013769,C005,1,1410.898088758733
P013769,C006,1,1410.898088758733
P013769,C027,1,2103.5328092805244
P013770,C001,1,2142.791370237155
P013770,C002,1,2142.791370237155
P013770,C003,3,2142.791370237155
P013770,C004,2,2142.791370237155
P013770,C005,1,2142.791370237155
P013770,C006,1,2142.791370237155
P013770,C027,1,1149.0766497153631
P013771,C006,1,882.8980887587328
P013771,C036,1,1591.6164273707968
P013773,C006,1,882.8980887587328
P013773,C035,1,1591.6164273707968
P013774,C006,1,1838.8689718630987
P013774,C035,1,1113.7006332510348
P013777,C006,1,882.8980887587328
P013777,C034,1,1591.6164273707968
P013785,C006,1,882.8980887587328
P013785,C033,1,1591.6164273707968
P013802,C006,1,1838.8689718630987
P013802,C032,1,1113.7006332510348
P013833,C006,5,1146.898088758733
P013833,C034,1,1855.6164273707968
P013834,C006,5,1146.898088758733
P013834,C033,1,1855.6164273707968
P013836,C006,5,1176.898088758733
P013836,C032,1,1921.6164273707968
P013836,C034,1,1921.6164273707968
P013837,C005,1,882.8980887587328
P013837,C036,1,1591.6164273707968
P013839,C005,1,882.8980887587328
P013839,C035,1,1591.6164273707968
P013843,C005,1,882.8980887587328
P013843,C034,1,1591.6164273707968
P013899,C004,1,882.8980887587328
P013899,C036,1,1591.6164273707968
P013901,C004,1,882.8980887587328
P013901,C035,1,1591.6164273707968
P013902,C004,1,1838.8689718630987
P013902,C035,1,1113.7006332510348
P013905,C004,1,882.8980887587328
P013905,C034,1,1591.6164273707968
P013930,C004,1,1838.8689718630987
P013930,C032,1,1113.7006332510348
P013961,C004,1,1212.898088758733
P013961,C006,5,1212.898088758733
P013961,C032,1,1921.6164273707968
P013962,C004,2,948.8980887587328
P013962,C036,1,1657.6164273707968
P013964,C004,2,948.8980887587328
P013964,C035,1,1657.6164273707968
P014024,C003,1,882.8980887587328
P014024,C036,1,1591.6164273707968
P014026,C003,1,882.8980887587328
P014026,C035,1,1591.6164273707968
P014027,C003,1,1838.8689718630987
P014027,C035,1,1113.7006332510348
P014055,C003,1,1838.8689718630987
P014055,C032,1,1113.7006332510348
P014086,C003,1,1278.898088758733
P014086,C004,2,1278.898088758733
P014086,C006,4,1278.898088758733
P014086,C032,1,1987.6164273707968
P014087,C003,3,1014.8980887587328
P014087,C036,1,1723.6164273707968
P014089,C003,3,1014.8980887587328
P014089,C035,1,1723.6164273707968
P014149,C002,1,882.8980887587328
P014149,C036,1,1591.6164273707968
P014151,C002,1,882.8980887587328
P014151,C035,1,1591.6164273707968
P014211,C002,1,1212.898088758733
P014211,C006,5,1212.898088758733
P014211,C034,1,1921.6164273707968
P014214,C002,1,1278.898088758733
P014214,C004,2,1278.898088758733
P014214,C006,4,1278.898088758733
P014214,C033,1,1987.6164273707968
P014216,C002,1,1308.898088758733
P014216,C004,2,1308.898088758733
P014216,C006,4,1308.898088758733
P014216,C032,1,2053.6164273707964
P014216,C034,1,2053.6164273707964
P014217,C002,1,1344.898088758733
P014217,C003,2,1344.898088758733
P014217,C004,2,1344.898088758733
P014217,C005,1,1344.898088758733
P014217,C006,2,1344.898088758733
P014217,C032,1,2053.6164273707964
P014218,C002,1,1344.898088758733
P014218,C003,3,1344.898088758733
P014218,C004,1,1344.898088758733
P014218,C006,3,1344.898088758733
P014218,C032,1,2053.6164273707964
P014219,C002,1,1344.898088758733
P014219,C003,3,1344.898088758733
P014219,C004,1,1344.898088758733
P014219,C005,1,1344.898088758733
P014219,C006,2,1344.898088758733
P014219,C032,1,2053.6164273707964
P014220,C002,1,1344.898088758733
P014220,C003,3,1344.898088758733
P014220,C004,2,1344.898088758733
P014220,C006,2,1344.898088758733
P014220,C033,1,2053.6164273707964
P014221,C002,1,1344.898088758733
P014221,C003,3,1344.898088758733
P014221,C004,2,1344.898088758733
P014221,C006,2,1344.898088758733
P014221,C032,1,2053.6164273707964
P014222,C002,1,1344.898088758733
P014222,C003,3,1344.898088758733
P014222,C004,2,1344.898088758733
P014222,C005,1,1344.898088758733
P014222,C006,1,1344.898088758733
P014222,C033,1,2053.6164273707964
P014223,C002,1,1344.898088758733
P014223,C003,3,1344.898088758733
P014223,C004,2,1344.898088758733
P014223,C005,1,1344.898088758733
P014223,C006,1,1344.898088758733
P014223,C032,1,2053.6164273707964
P014224,C001,1,882.8980887587328
P014224,C036,1,1591.6164273707968
P014226,C001,1,882.8980887587328
P014226,C035,1,1591.6164273707968
P014286,C001,1,1212.898088758733
P014286,C006,5,1212.898088758733
P014286,C034,1,1921.6164273707968
P014289,C001,1,1278.898088758733
P014289,C004,2,1278.898088758733
P014289,C006,4,1278.898088758733
P014289,C033,1,1987.6164273707968
P014291,C001,1,1308.898088758733
P014291,C004,2,1308.898088758733
P014291,C006,4,1308.898088758733
P014291,C032,1,2053.6164273707964
P014291,C034,1,2053.6164273707964
P014292,C001,1,1344.898088758733
P014292,C003,2,1344.898088758733
P014292,C004,2,1344.898088758733
P014292,C006,3,1344.898088758733
P014292,C032,1,2053.6164273707964
P014293,C001,1,1344.898088758733
P014293,C003,2,1344.898088758733
P014293,C004,2,1344.898088758733
P014293,C005,1,1344.898088758733
P014293,C006,2,1344.898088758733
P014293,C032,1,2053.6164273707964
P014294,C001,1,1344.898088758733
P014294,C003,3,1344.898088758733
P014294,C004,1,1344.898088758733
P014294,C006,3,1344.898088758733
P014294,C032,1,2053.6164273707964
P014296,C001,1,1344.898088758733
P014296,C003,3,1344.898088758733
P014296,C004,2,1344.898088758733
P014296,C006,2,1344.898088758733
P014296,C033,1,2053.6164273707964
P014298,C001,1,1344.898088758733
P014298,C003,3,1344.898088758733
P014298,C004,2,1344.898088758733
P014298,C005,1,1344.898088758733
P014298,C006,1,1344.898088758733
P014298,C033,1,2053.6164273707964
P014300,C001,1,1278.898088758733
P014300,C002,1,1278.898088758733
P014300,C006,5,1278.898088758733
P014300,C032,1,1987.6164273707968
P014423,C001,1,1200.898088758733
P014423,C002,1,1200.898088758733
P014423,C005,1,1200.898088758733
P014423,C006,1,1200.898088758733
P014423,C032,1,2053.6164273707964
P014423,C033,1,2053.6164273707964
P014423,C034,1,2053.6164273707964
P014423,C035,1,2053.6164273707964
P014423,C036,1,2053.6164273707964
P014424,C001,1,2300.8689718630985
P014424,C002,1,2300.8689718630985
P014424,C005,1,2300.8689718630985
P014424,C006,1,2300.8689718630985
P014424,C032,1,1467.7006332510348
P014424,C033,1,1467.7006332510348
P014424,C034,1,1467.7006332510348
P014424,C035,1,1467.7006332510348
P014424,C036,1,1467.7006332510348
P014455,C001,1,1206.898088758733
P014455,C002,1,1206.898088758733
P014455,C005,1,1206.898088758733
P014455,C006,2,1206.898088758733
P014455,C032,1,1987.6164273707968
P014455,C035,1,1987.6164273707968
P014455,C036,1,1987.6164273707968
P014456,C001,1,2234.8689718630985
P014456,C002,1,2234.8689718630985
P014456,C005,1,2234.8689718630985
P014456,C006,2,2234.8689718630985
P014456,C032,1,1365.7006332510348
P014456,C035,1,1365.7006332510348
P014456,C036,1,1365.7006332510348
P014471,C001,1,1236.898088758733
P014471,C002,1,1236.898088758733
P014471,C005,1,1236.898088758733
P014471,C006,2,1236.898088758733
P014471,C032,1,2053.6164273707964
P014471,C033,1,2053.6164273707964
P014471,C034,1,2053.6164273707964
P014471,C036,1,2053.6164273707964
P014472,C001,1,2300.8689718630985
P014472,C002,1,2300.8689718630985
P014472,C005,1,2300.8689718630985
P014472,C006,2,2300.8689718630985
P014472,C032,1,1431.7006332510348
P014472,C033,1,1431.7006332510348
P014472,C034,1,1431.7006332510348
P014472,C036,1,1431.7006332510348
P014473,C001,1,1236.898088758733
P014473,C002,1,1236.898088758733
P014473,C005,1,1236.898088758733
P014473,C006,2,1236.898088758733
P014473,C032,1,2053.6164273707964
P014473,C033,1,2053.6164273707964
P014473,C034,1,2053.6164273707964
P014473,C035,1,2053.6164273707964
P014474,C001,1,2300.8689718630985
P014474,C002,1,2300.8689718630985
P014474,C005,1,2300.8689718630985
P014474,C006,2,2300.8689718630985
P014474,C032,1,1431.7006332510348
P014474,C033,1,1431.7006332510348
P014474,C034,1,1431.7006332510348
P014474,C035,1,1431.7006332510348
P014484,C001,1,1242.898088758733
P014484,C002,1,1242.898088758733
P014484,C005,1,1242.898088758733
P014484,C006,3,1242.898088758733
P014484,C032,1,1987.6164273707968
P014484,C036,1,1987.6164273707968
P014485,C001,1,1242.898088758733
P014485,C002,1,1242.898088758733
P014485,C005,1,1242.898088758733
P014485,C006,3,1242.898088758733
P014485,C032,1,1987.6164273707968
P014485,C035,1,1987.6164273707968
P014552,C001,1,1200.898088758733
P014552,C002,1,1200.898088758733
P014552,C004,1,1200.898088758733
P014552,C005,1,1200.898088758733
P014552,C032,1,2053.6164273707964
P014552,C033,1,2053.6164273707964
P014552,C034,1,2053.6164273707964
P014552,C035,1,2053.6164273707964
P014552,C036,1,2053.6164273707964
P014553,C001,1,2300.8689718630985
P014553,C002,1,2300.8689718630985
P014553,C004,1,2300.8689718630985
P014553,C005,1,2300.8689718630985
P014553,C032,1,1467.7006332510348
P014553,C033,1,1467.7006332510348
P014553,C034,1,1467.7006332510348
P014553,C035,1,1467.7006332510348
P014553,C036,1,1467.7006332510348
P014596,C001,1,1236.898088758733
P014596,C002,1,1236.898088758733
P014596,C004,1,1236.898088758733
P014596,C005,1,1236.898088758733
P014596,C006,1,1236.898088758733
P014596,C032,1,2053.6164273707964
P014596,C034,1,2053.6164273707964
P014596,C035,1,2053.6164273707964
P014596,C036,1,2053.6164273707964
P014597,C001,1,2300.8689718630985
P014597,C002,1,2300.8689718630985
P014597,C004,1,2300.8689718630985
P014597,C005,1,2300.8689718630985
P014597,C006,1,2300.8689718630985
P014597,C032,1,1431.7006332510348
P014597,C034,1,1431.7006332510348
P014597,C035,1,1431.7006332510348
P014597,C036,1,1431.7006332510348
P014604,C001,1,1236.898088758733
P014604,C002,1,1236.898088758733
P014604,C004,1,1236.898088758733
P014604,C005,1,1236.898088758733
P014604,C006,1,1236.898088758733
P014604,C032,1,2053.6164273707964
P014604,C033,1,2053.6164273707964
P014604,C035,1,2053.6164273707964
P014604,C036,1,2053.6164273707964
P014653,C001,1,1344.898088758733
P014653,C002,1,1344.898088758733
P014653,C004,2,1344.898088758733
P014653,C006,4,1344.898088758733
P014653,C034,1,2053.6164273707964
P014655,C001,1,1344.898088758733
P014655,C002,1,1344.898088758733
P014655,C004,2,1344.898088758733
P014655,C005,1,1344.898088758733
P014655,C006,3,1344.898088758733
P014655,C034,1,2053.6164273707964
P014659,C001,1,1410.898088758733
P014659,C002,1,1410.898088758733
P014659,C003,2,1410.898088758733
P014659,C004,2,1410.898088758733
P014659,C006,3,1410.898088758733
P014659,C032,1,2119.6164273707964
P014660,C001,1,1410.898088758733
P014660,C002,1,1410.898088758733
P014660,C003,2,1410.898088758733
P014660,C004,2,1410.898088758733
P014660,C005,1,1410.898088758733
P014660,C006,2,1410.898088758733
P014660,C032,1,2119.6164273707964
P014661,C001,1,1344.898088758733
P014661,C002,1,1344.898088758733
P014661,C003,3,1344.898088758733
P014661,C006,3,1344.898088758733
P014661,C034,1,2053.6164273707964
P014662,C001,1,1344.898088758733
P014662,C002,1,1344.898088758733
P014662,C003,3,1344.898088758733
P014662,C006,3,1344.898088758733
P014662,C033,1,2053.6164273707964
P014664,C001,1,1344.898088758733
P014664,C002,1,1344.898088758733
P014664,C003,3,1344.898088758733
P014664,C005,1,1344.898088758733
P014664,C006,2,1344.898088758733
P014664,C034,1,2053.6164273707964
P014665,C001,1,1344.898088758733
P014665,C002,1,1344.898088758733
P014665,C003,3,1344.898088758733
P014665,C005,1,1344.898088758733
P014665,C006,2,1344.898088758733
P014665,C033,1,2053.6164273707964
P014667,C001,1,1410.898088758733
P014667,C002,1,1410.898088758733
P014667,C003,3,1410.898088758733
P014667,C004,2,1410.898088758733
P014667,C006,2,1410.898088758733
P014667,C032,1,2119.6164273707964
P014668,C001,1,1410.898088758733
P014668,C002,1,1410.898088758733
P014668,C003,3,1410.898088758733
P014668,C004,2,1410.898088758733
P014668,C005,1,1410.898088758733
P014668,C006,1,1410.898088758733
P014668,C032,1,2119.6164273707964
P014672,C006,1,2010.3456657660229
P014672,C040,1,1265.7191979586669
P014698,C006,1,2010.3456657660229
P014698,C037,1,1265.7191979586669
P014725,C006,5,1146.898088758733
P014725,C039,1,1882.8345565660888
P014786,C004,1,2010.3456657660229
P014786,C040,1,1265.7191979586669
P014814,C004,1,2010.3456657660229
P014814,C037,1,1265.7191979586669
P014905,C003,1,2010.3456657660229
P014905,C040,1,1265.7191979586669
P014933,C003,1,2010.3456657660229
P014933,C037,1,1265.7191979586669
P015068,C002,1,1212.898088758733
P015068,C006,5,1212.898088758733
P015068,C037,1,1948.8345565660888
P015069,C002,1,1278.898088758733
P015069,C004,2,1278.898088758733
P015069,C006,4,1278.898088758733
P015069,C037,1,2014.8345565660888
P015070,C002,1,1344.898088758733
P015070,C003,2,1344.898088758733
P015070,C004,2,1344.898088758733
P015070,C005,1,1344.898088758733
P015070,C006,2,1344.898088758733
P015070,C037,1,2080.834556566089
P015071,C002,1,1344.898088758733
P015071,C003,3,1344.898088758733
P015071,C004,2,1344.898088758733
P015071,C006,2,1344.898088758733
P015071,C038,1,2080.834556566089
P015072,C002,1,1344.898088758733
P015072,C003,3,1344.898088758733
P015072,C004,2,1344.898088758733
P015072,C006,2,1344.898088758733
P015072,C037,1,2080.834556566089
P015073,C002,1,1344.898088758733
P015073,C003,3,1344.898088758733
P015073,C004,2,1344.898088758733
P015073,C005,1,1344.898088758733
P015073,C006,1,1344.898088758733
P015073,C038,1,2080.834556566089
P015074,C002,1,1344.898088758733
P015074,C003,3,1344.898088758733
P015074,C004,2,1344.898088758733
P015074,C005,1,1344.898088758733
P015074,C006,1,1344.898088758733
P015074,C037,1,2080.834556566089
P015137,C001,1,1212.898088758733
P015137,C006,5,1212.898088758733
P015137,C037,1,1948.8345565660888
P015139,C001,1,1344.898088758733
P015139,C003,2,1344.898088758733
P015139,C004,2,1344.898088758733
P015139,C006,3,1344.898088758733
P015139,C037,1,2080.834556566089
P015140,C001,1,1344.898088758733
P015140,C003,2,1344.898088758733
P015140,C004,2,1344.898088758733
P015140,C005,1,1344.898088758733
P015140,C006,2,1344.898088758733
P015140,C037,1,2080.834556566089
P015141,C001,1,1344.898088758733
P015141,C003,3,1344.898088758733
P015141,C004,2,1344.898088758733
P015141,C006,2,1344.898088758733
P015141,C038,1,2080.834556566089
P015142,C001,1,1344.898088758733
P015142,C003,3,1344.898088758733
P015142,C004,2,1344.898088758733
P015142,C006,2,1344.898088758733
P015142,C037,1,2080.834556566089
P015143,C001,1,1344.898088758733
P015143,C003,3,1344.898088758733
P015143,C004,2,1344.898088758733
P015143,C005,1,1344.898088758733
P015143,C006,1,1344.898088758733
P015143,C038,1,2080.834556566089
P015144,C001,1,1344.898088758733
P015144,C003,3,1344.898088758733
P015144,C004,2,1344.898088758733
P015144,C005,1,1344.898088758733
P015144,C006,1,1344.898088758733
P015144,C037,1,2080.834556566089
P015218,C001,1,1170.898088758733
P015218,C002,1,1170.898088758733
P015218,C005,1,1170.898088758733
P015218,C006,1,1170.898088758733
P015218,C037,1,2014.8345565660888
P015218,C038,1,2014.8345565660888
P015218,C039,1,2014.8345565660888
P015218,C041,1,2014.8345565660888
P015219,C001,1,1170.898088758733
P015219,C002,1,1170.898088758733
P015219,C005,1,1170.898088758733
P015219,C006,1,1170.898088758733
P015219,C037,1,2014.8345565660888
P015219,C038,1,2014.8345565660888
P015219,C039,1,2014.8345565660888
P015219,C040,1,2014.8345565660888
P015223,C001,1,1176.898088758733
P015223,C002,1,1176.898088758733
P015223,C005,1,1176.898088758733
P015223,C006,2,1176.898088758733
P015223,C039,1,1948.8345565660888
P015223,C041,1,1948.8345565660888
P015224,C001,1,1176.898088758733
P015224,C002,1,1176.898088758733
P015224,C005,1,1176.898088758733
P015224,C006,2,1176.898088758733
P015224,C039,1,1948.8345565660888
P015224,C040,1,1948.8345565660888
P015226,C001,1,1176.898088758733
P015226,C002,1,1176.898088758733
P015226,C005,1,1176.898088758733
P015226,C006,2,1176.898088758733
P015226,C038,1,1948.8345565660888
P015226,C041,1,1948.8345565660888
P015227,C001,1,1176.898088758733
P015227,C002,1,1176.898088758733
P015227,C005,1,1176.898088758733
P015227,C006,2,1176.898088758733
P015227,C038,1,1948.8345565660888
P015227,C040,1,1948.8345565660888
P015233,C001,1,1206.898088758733
P015233,C002,1,1206.898088758733
P015233,C005,1,1206.898088758733
P015233,C006,2,1206.898088758733
P015233,C037,1,2014.8345565660888
P015233,C039,1,2014.8345565660888
P015233,C041,1,2014.8345565660888
P015234,C001,1,1206.898088758733
P015234,C002,1,1206.898088758733
P015234,C005,1,1206.898088758733
P015234,C006,2,1206.898088758733
P015234,C037,1,2014.8345565660888
P015234,C039,1,2014.8345565660888
P015234,C040,1,2014.8345565660888
P015236,C001,1,1206.898088758733
P015236,C002,1,1206.898088758733
P015236,C005,1,1206.898088758733
P015236,C006,2,1206.898088758733
P015236,C037,1,2014.8345565660888
P015236,C038,1,2014.8345565660888
P015236,C039,1,2014.8345565660888
P015240,C001,1,1242.898088758733
P015240,C002,1,1242.898088758733
P015240,C005,1,1242.898088758733
P015240,C006,3,1242.898088758733
P015240,C037,1,2014.8345565660888
P015240,C039,1,2014.8345565660888
P015241,C001,1,1242.898088758733
P015241,C002,1,1242.898088758733
P015241,C005,1,1242.898088758733
P015241,C006,3,1242.898088758733
P015241,C037,1,2014.8345565660888
P015241,C038,1,2014.8345565660888
P015272,C001,1,1170.898088758733
P015272,C002,1,1170.898088758733
P015272,C004,1,1170.898088758733
P015272,C005,1,1170.898088758733
P015272,C037,1,2014.8345565660888
P015272,C039,1,2014.8345565660888
P015272,C040,1,2014.8345565660888
P015272,C041,1,2014.8345565660888
P015279,C001,1,1170.898088758733
P015279,C002,1,1170.898088758733
P015279,C004,1,1170.898088758733
P015279,C005,1,1170.898088758733
P015279,C037,1,2014.8345565660888
P015279,C038,1,2014.8345565660888
P015279,C039,1,2014.8345565660888
P015279,C041,1,2014.8345565660888
P015280,C001,1,1170.898088758733
P015280,C002,1,1170.898088758733
P015280,C004,1,1170.898088758733
P015280,C005,1,1170.898088758733
P015280,C037,1,2014.8345565660888
P015280,C038,1,2014.8345565660888
P015280,C039,1,2014.8345565660888
P015280,C040,1,2014.8345565660888
P015283,C001,1,1176.898088758733
P015283,C002,1,1176.898088758733
P015283,C004,1,1176.898088758733
P015283,C005,1,1176.898088758733
P015283,C006,1,1176.898088758733
P015283,C040,1,1948.8345565660888
P015283,C041,1,1948.8345565660888
P015291,C001,1,1206.898088758733
P015291,C002,1,1206.898088758733
P015291,C004,1,1206.898088758733
P015291,C005,1,1206.898088758733
P015291,C006,1,1206.898088758733
P015291,C038,1,2014.8345565660888
P015291,C039,1,2014.8345565660888
P015291,C041,1,2014.8345565660888
P015292,C001,1,1206.898088758733
P015292,C002,1,1206.898088758733
P015292,C004,1,1206.898088758733
P015292,C005,1,1206.898088758733
P015292,C006,1,1206.898088758733
P015292,C038,1,2014.8345565660888
P015292,C039,1,2014.8345565660888
P015292,C040,1,2014.8345565660888
P015297,C001,1,1206.898088758733
P015297,C002,1,1206.898088758733
P015297,C004,1,1206.898088758733
P015297,C005,1,1206.898088758733
P015297,C006,1,1206.898088758733
P015297,C037,1,2014.8345565660888
P015297,C039,1,2014.8345565660888
P015297,C041,1,2014.8345565660888
P015298,C001,1,1206.898088758733
P015298,C002,1,1206.898088758733
P015298,C004,1,1206.898088758733
P015298,C005,1,1206.898088758733
P015298,C006,1,1206.898088758733
P015298,C037,1,2014.8345565660888
P015298,C039,1,2014.8345565660888
P015298,C040,1,2014.8345565660888
P015300,C001,1,1206.898088758733
P015300,C002,1,1206.898088758733
P015300,C004,1,1206.898088758733
P015300,C005,1,1206.898088758733
P015300,C006,1,1206.898088758733
P015300,C037,1,2014.8345565660888
P015300,C038,1,2014.8345565660888
P015300,C041,1,2014.8345565660888
P015301,C001,1,1206.898088758733
P015301,C002,1,1206.898088758733
P015301,C004,1,1206.898088758733
P015301,C005,1,1206.898088758733
P015301,C006,1,1206.898088758733
P015301,C037,1,2014.8345565660888
P015301,C038,1,2014.8345565660888
P015301,C040,1,2014.8345565660888
P015302,C001,1,1206.898088758733
P015302,C002,1,1206.898088758733
P015302,C004,1,1206.898088758733
P015302,C005,1,1206.898088758733
P015302,C006,1,1206.898088758733
P015302,C037,1,2014.8345565660888
P015302,C038,1,2014.8345565660888
P015302,C039,1,2014.8345565660888
P015303,C001,1,1212.898088758733
P015303,C002,1,1212.898088758733
P015303,C004,1,1212.898088758733
P015303,C005,1,1212.898088758733
P015303,C006,2,1212.898088758733
P015303,C041,1,1948.8345565660888
P015304,C001,1,1212.898088758733
P015304,C002,1,1212.898088758733
P015304,C004,1,1212.898088758733
P015304,C005,1,1212.898088758733
P015304,C006,2,1212.898088758733
P015304,C040,1,1948.8345565660888
P015309,C001,1,1242.898088758733
P015309,C002,1,1242.898088758733
P015309,C004,1,1242.898088758733
P015309,C005,1,1242.898088758733
P015309,C006,2,1242.898088758733
P015309,C037,1,2014.8345565660888
P015309,C041,1,2014.8345565660888
P015310,C001,1,1242.898088758733
P015310,C002,1,1242.898088758733
P015310,C004,1,1242.898088758733
P015310,C005,1,1242.898088758733
P015310,C006,2,1242.898088758733
P015310,C037,1,2014.8345565660888
P015310,C040,1,2014.8345565660888
P015311,C001,1,1242.898088758733
P015311,C002,1,1242.898088758733
P015311,C004,1,1242.898088758733
P015311,C005,1,1242.898088758733
P015311,C006,2,1242.898088758733
P015311,C037,1,2014.8345565660888
P015311,C039,1,2014.8345565660888
P015312,C001,1,1242.898088758733
P015312,C002,1,1242.898088758733
P015312,C004,1,1242.898088758733
P015312,C005,1,1242.898088758733
P015312,C006,2,1242.898088758733
P015312,C037,1,2014.8345565660888
P015312,C038,1,2014.8345565660888
P015313,C001,1,1272.898088758733
P015313,C002,1,1272.898088758733
P015313,C004,1,1272.898088758733
P015313,C005,1,1272.898088758733
P015313,C006,2,1272.898088758733
P015313,C037,1,2080.834556566089
P015313,C038,1,2080.834556566089
P015313,C039,1,2080.834556566089
P015314,C001,1,1278.898088758733
P015314,C002,1,1278.898088758733
P015314,C004,1,1278.898088758733
P015314,C005,1,1278.898088758733
P015314,C006,3,1278.898088758733
P015314,C039,1,2014.8345565660888
P015316,C001,1,1344.898088758733
P015316,C002,1,1344.898088758733
P015316,C003,3,1344.898088758733
P015316,C006,3,1344.898088758733
P015316,C037,1,2080.834556566089
P015317,C001,1,1344.898088758733
P015317,C002,1,1344.898088758733
P015317,C003,3,1344.898088758733
P015317,C005,1,1344.898088758733
P015317,C006,2,1344.898088758733
P015317,C037,1,2080.834556566089
P015318,C001,1,1410.898088758733
P015318,C002,1,1410.898088758733
P015318,C003,3,1410.898088758733
P015318,C004,2,1410.898088758733
P015318,C006,2,1410.898088758733
P015318,C037,1,2146.834556566089
P015319,C001,1,1410.898088758733
P015319,C002,1,1410.898088758733
P015319,C003,3,1410.898088758733
P015319,C004,2,1410.898088758733
P015319,C005,1,1410.898088758733
P015319,C006,1,1410.898088758733
P015319,C037,1,2146.834556566089
P015320,C006,1,882.8980887587328
P015320,C044,1,1351.4906373190988
P015321,C006,1,1528.5300689267142
P015321,C044,1,1055.337520366348
P015322,C006,1,882.8980887587328
P015322,C043,1,1351.4906373190988
P015323,C006,1,1528.5300689267142
P015323,C043,1,1055.337520366348
P015324,C006,1,912.8980887587328
P015324,C043,1,1417.4906373190988
P015324,C044,1,1417.4906373190988
P015325,C006,1,1594.5300689267142
P015325,C043,1,1121.337520366348
P015325,C044,1,1121.337520366348
P015326,C006,1,882.8980887587328
P015326,C042,1,1351.4906373190988
P015327,C006,1,1528.5300689267142
P015327,C042,1,1055.337520366348
P015328,C006,1,912.8980887587328
P015328,C042,1,1417.4906373190988
P015328,C044,1,1417.4906373190988
P015329,C006,1,1594.5300689267142
P015329,C042,1,1121.337520366348
P015329,C044,1,1121.337520366348
P015338,C005,1,882.8980887587328
P015338,C044,1,1351.4906373190988
P015340,C005,1,882.8980887587328
P015340,C043,1,1351.4906373190988
P015344,C005,1,882.8980887587328
P015344,C042,1,1351.4906373190988
P015352,C004,1,882.8980887587328
P015352,C044,1,1351.4906373190988
P015353,C004,1,1528.5300689267142
P015353,C044,1,1055.337520366348
P015354,C004,1,882.8980887587328
P015354,C043,1,1351.4906373190988
P015358,C004,1,882.8980887587328
P015358,C042,1,1351.4906373190988
P015359,C004,1,1528.5300689267142
P015359,C042,1,1055.337520366348
P015366,C004,1,1212.898088758733
P015366,C006,5,1212.898088758733
P015366,C042,1,1681.4906373190988
P015381,C003,1,882.8980887587328
P015381,C044,1,1351.4906373190988
P015382,C003,1,1528.5300689267142
P015382,C044,1,1055.337520366348
P015383,C003,1,882.8980887587328
P015383,C043,1,1351.4906373190988
P015387,C003,1,882.8980887587328
P015387,C042,1,1351.4906373190988
P015388,C003,1,1528.5300689267142
P015388,C042,1,1055.337520366348
P015395,C003,1,1278.898088758733
P015395,C004,2,1278.898088758733
P015395,C006,4,1278.898088758733
P015395,C042,1,1747.4906373190988
P015410,C002,1,882.8980887587328
P015410,C044,1,1351.4906373190988
P015411,C002,1,1528.5300689267142
P015411,C044,1,1055.337520366348
P015412,C002,1,882.8980887587328
P015412,C043,1,1351.4906373190988
P015413,C002,1,1528.5300689267142
P015413,C043,1,1055.337520366348
P015416,C002,1,882.8980887587328
P015416,C042,1,1351.4906373190988
P015417,C002,1,1528.5300689267142
P015417,C042,1,1055.337520366348
P015426,C002,1,1278.898088758733
P015426,C004,2,1278.898088758733
P015426,C006,4,1278.898088758733
P015426,C043,1,1747.4906373190988
P015427,C002,1,1924.5300689267144
P015427,C004,2,1924.5300689267144
P015427,C006,4,1924.5300689267144
P015427,C043,1,1235.337520366348
P015430,C002,1,1344.898088758733
P015430,C003,2,1344.898088758733
P015430,C004,2,1344.898088758733
P015430,C005,1,1344.898088758733
P015430,C006,2,1344.898088758733
P015430,C042,1,1813.4906373190988
P015431,C002,1,1990.5300689267144
P015431,C003,2,1990.5300689267144
P015431,C004,2,1990.5300689267144
P015431,C005,1,1990.5300689267144
P015431,C006,2,1990.5300689267144
P015431,C042,1,1265.337520366348
P015432,C002,1,1344.898088758733
P015432,C003,3,1344.898088758733
P015432,C004,1,1344.898088758733
P015432,C006,3,1344.898088758733
P015432,C042,1,1813.4906373190988
P015436,C002,1,1344.898088758733
P015436,C003,3,1344.898088758733
P015436,C004,2,1344.898088758733
P015436,C006,2,1344.898088758733
P015436,C043,1,1813.4906373190988
P015437,C002,1,1990.5300689267144
P015437,C003,3,1990.5300689267144
P015437,C004,2,1990.5300689267144
P015437,C006,2,1990.5300689267144
P015437,C043,1,1265.337520366348
P015438,C002,1,1344.898088758733
P015438,C003,3,1344.898088758733
P015438,C004,2,1344.898088758733
P015438,C006,2,1344.898088758733
P015438,C042,1,1813.4906373190988
P015439,C002,1,1990.5300689267144
P015439,C003,3,1990.5300689267144
P015439,C004,2,1990.5300689267144
P015439,C006,2,1990.5300689267144
P015439,C042,1,1265.337520366348
P015440,C002,1,1344.898088758733
P015440,C003,3,1344.898088758733
P015440,C004,2,1344.898088758733
P015440,C005,1,1344.898088758733
P015440,C006,1,1344.898088758733
P015440,C043,1,1813.4906373190988
P015441,C002,1,1990.5300689267144
P015441,C003,3,1990.5300689267144
P015441,C004,2,1990.5300689267144
P015441,C005,1,1990.5300689267144
P015441,C006,1,1990.5300689267144
P015441,C043,1,1265.337520366348
P015442,C002,1,1344.898088758733
P015442,C003,3,1344.898088758733
P015442,C004,2,1344.898088758733
P015442,C005,1,1344.898088758733
P015442,C006,1,1344.898088758733
P015442,C042,1,1813.4906373190988
P015444,C001,1,882.8980887587328
P015444,C044,1,1351.4906373190988
P015445,C001,1,1528.5300689267142
P015445,C044,1,1055.337520366348
P015446,C001,1,882.8980887587328
P015446,C043,1,1351.4906373190988
P015447,C001,1,1528.5300689267142
P015447,C043,1,1055.337520366348
P015450,C001,1,882.8980887587328
P015450,C042,1,1351.4906373190988
P015451,C001,1,1528.5300689267142
P015451,C042,1,1055.337520366348
P015460,C001,1,1278.898088758733
P015460,C004,2,1278.898088758733
P015460,C006,4,1278.898088758733
P015460,C043,1,1747.4906373190988
P015461,C001,1,1924.5300689267144
P015461,C004,2,1924.5300689267144
P015461,C006,4,1924.5300689267144
P015461,C043,1,1235.337520366348
P015472,C001,1,1344.898088758733
P015472,C003,3,1344.898088758733
P015472,C004,2,1344.898088758733
P015472,C006,2,1344.898088758733
P015472,C043,1,1813.4906373190988
P015473,C001,1,1990.5300689267144
P015473,C003,3,1990.5300689267144
P015473,C004,2,1990.5300689267144
P015473,C006,2,1990.5300689267144
P015473,C043,1,1265.337520366348
P015474,C001,1,1344.898088758733
P015474,C003,3,1344.898088758733
P015474,C004,2,1344.898088758733
P015474,C006,2,1344.898088758733
P015474,C042,1,1813.4906373190988
P015476,C001,1,1344.898088758733
P015476,C003,3,1344.898088758733
P015476,C004,2,1344.898088758733
P015476,C005,1,1344.898088758733
P015476,C006,1,1344.898088758733
P015476,C043,1,1813.4906373190988
P015477,C001,1,1990.5300689267144
P015477,C003,3,1990.5300689267144
P015477,C004,2,1990.5300689267144
P015477,C005,1,1990.5300689267144
P015477,C006,1,1990.5300689267144
P015477,C043,1,1265.337520366348
P015478,C001,1,1344.898088758733
P015478,C003,3,1344.898088758733
P015478,C004,2,1344.898088758733
P015478,C005,1,1344.898088758733
P015478,C006,1,1344.898088758733
P015478,C042,1,1813.4906373190988
P015480,C001,1,1278.898088758733
P015480,C002,1,1278.898088758733
P015480,C006,5,1278.898088758733
P015480,C042,1,1747.4906373190988
P015521,C001,1,1206.898088758733
P015521,C002,1,1206.898088758733
P015521,C005,1,1206.898088758733
P015521,C006,2,1206.898088758733
P015521,C042,1,1747.4906373190988
P015521,C043,1,1747.4906373190988
P015521,C044,1,1747.4906373190988
P015522,C001,1,1924.5300689267144
P015522,C002,1,1924.5300689267144
P015522,C005,1,1924.5300689267144
P015522,C006,2,1924.5300689267144
P015522,C042,1,1307.337520366348
P015522,C043,1,1307.337520366348
P015522,C044,1,1307.337520366348
P015523,C001,1,1212.898088758733
P015523,C002,1,1212.898088758733
P015523,C005,1,1212.898088758733
P015523,C006,3,1212.898088758733
P015523,C044,1,1681.4906373190988
P015524,C001,1,1858.5300689267144
P015524,C002,1,1858.5300689267144
P015524,C005,1,1858.5300689267144
P015524,C006,3,1858.5300689267144
P015524,C044,1,1205.337520366348
P015529,C001,1,1242.898088758733
P015529,C002,1,1242.898088758733
P015529,C005,1,1242.898088758733
P015529,C006,3,1242.898088758733
P015529,C042,1,1747.4906373190988
P015529,C044,1,1747.4906373190988
P015530,C001,1,1924.5300689267144
P015530,C002,1,1924.5300689267144
P015530,C005,1,1924.5300689267144
P015530,C006,3,1924.5300689267144
P015530,C042,1,1271.337520366348
P015530,C044,1,1271.337520366348
P015533,C001,1,1278.898088758733
P015533,C002,1,1278.898088758733
P015533,C005,1,1278.898088758733
P015533,C006,4,1278.898088758733
P015533,C042,1,1747.4906373190988
P015546,C001,1,1140.898088758733
P015546,C002,1,1140.898088758733
P015546,C004,1,1140.898088758733
P015546,C005,1,1140.898088758733
P015546,C042,1,1681.4906373190988
P015546,C043,1,1681.4906373190988
P015546,C044,1,1681.4906373190988
P015556,C001,1,1176.898088758733
P015556,C002,1,1176.898088758733
P015556,C004,1,1176.898088758733
P015556,C005,1,1176.898088758733
P015556,C006,1,1176.898088758733
P015556,C042,1,1681.4906373190988
P015556,C044,1,1681.4906373190988
P015560,C001,1,1206.898088758733
P015560,C002,1,1206.898088758733
P015560,C004,1,1206.898088758733
P015560,C005,1,1206.898088758733
P015560,C006,1,1206.898088758733
P015560,C042,1,1747.4906373190988
P015560,C043,1,1747.4906373190988
P015560,C044,1,1747.4906373190988
P015561,C001,1,1924.5300689267144
P015561,C002,1,1924.5300689267144
P015561,C004,1,1924.5300689267144
P015561,C005,1,1924.5300689267144
P015561,C006,1,1924.5300689267144
P015561,C042,1,1307.337520366348
P015561,C043,1,1307.337520366348
P015561,C044,1,1307.337520366348
P015566,C001,1,1242.898088758733
P015566,C002,1,1242.898088758733
P015566,C004,1,1242.898088758733
P015566,C005,1,1242.898088758733
P015566,C006,2,1242.898088758733
P015566,C043,1,1747.4906373190988
P015566,C044,1,1747.4906373190988
P015570,C001,1,1242.898088758733
P015570,C002,1,1242.898088758733
P015570,C004,1,1242.898088758733
P015570,C005,1,1242.898088758733
P015570,C006,2,1242.898088758733
P015570,C042,1,1747.4906373190988
P015570,C044,1,1747.4906373190988
P015574,C001,1,1272.898088758733
P015574,C002,1,1272.898088758733
P015574,C004,1,1272.898088758733
P015574,C005,1,1272.898088758733
P015574,C006,2,1272.898088758733
P015574,C042,1,1813.4906373190988
P015574,C043,1,1813.4906373190988
P015574,C044,1,1813.4906373190988
P015575,C001,1,1990.5300689267144
P015575,C002,1,1990.5300689267144
P015575,C004,1,1990.5300689267144
P015575,C005,1,1990.5300689267144
P015575,C006,2,1990.5300689267144
P015575,C042,1,1337.337520366348
P015575,C043,1,1337.337520366348
P015575,C044,1,1337.337520366348
P015580,C001,1,1308.898088758733
P015580,C002,1,1308.898088758733
P015580,C004,1,1308.898088758733
P015580,C005,1,1308.898088758733
P015580,C006,3,1308.898088758733
P015580,C042,1,1813.4906373190988
P015580,C043,1,1813.4906373190988
P015588,C001,1,1410.898088758733
P015588,C002,1,1410.898088758733
P015588,C003,2,1410.898088758733
P015588,C004,2,1410.898088758733
P015588,C006,3,1410.898088758733
P015588,C042,1,1879.4906373190988
P015589,C001,1,1410.898088758733
P015589,C002,1,1410.898088758733
P015589,C003,2,1410.898088758733
P015589,C004,2,1410.898088758733
P015589,C005,1,1410.898088758733
P015589,C006,2,1410.898088758733
P015589,C042,1,1879.4906373190988
P015590,C001,1,1344.898088758733
P015590,C002,1,1344.898088758733
P015590,C003,3,1344.898088758733
P015590,C006,3,1344.898088758733
P015590,C043,1,1813.4906373190988
P015593,C001,1,1344.898088758733
P015593,C002,1,1344.898088758733
P015593,C003,3,1344.898088758733
P015593,C005,1,1344.898088758733
P015593,C006,2,1344.898088758733
P015593,C043,1,1813.4906373190988
P015596,C001,1,1410.898088758733
P015596,C002,1,1410.898088758733
P015596,C003,3,1410.898088758733
P015596,C004,2,1410.898088758733
P015596,C006,2,1410.898088758733
P015596,C042,1,1879.4906373190988
P015597,C001,1,2056.530068926714
P015597,C002,1,2056.530068926714
P015597,C003,3,2056.530068926714
P015597,C004,2,2056.530068926714
P015597,C006,2,2056.530068926714
P015597,C042,1,1295.337520366348
P015598,C001,1,1410.898088758733
P015598,C002,1,1410.898088758733
P015598,C003,3,1410.898088758733
P015598,C004,2,1410.898088758733
P015598,C005,1,1410.898088758733
P015598,C006,1,1410.898088758733
P015598,C042,1,1879.4906373190988
P015599,C001,1,2056.530068926714
P015599,C002,1,2056.530068926714
P015599,C003,3,2056.530068926714
P015599,C004,2,2056.530068926714
P015599,C005,1,2056.530068926714
P015599,C006,1,2056.530068926714
P015599,C042,1,1295.337520366348
P015600,C006,1,882.8980887587328
P015600,C047,1,1484.6463333564227
P015601,C006,1,1678.2633467689525
P015601,C047,1,1059.7551021712627
P015602,C006,1,882.8980887587328
P015602,C046,1,1484.6463333564227
P015603,C006,1,1678.2633467689525
P015603,C046,1,1059.7551021712627
P015604,C006,1,912.8980887587328
P015604,C046,1,1550.6463333564227
P015604,C047,1,1550.6463333564227
P015605,C006,1,1744.2633467689525
P015605,C046,1,1125.7551021712627
P015605,C047,1,1125.7551021712627
P015606,C006,1,882.8980887587328
P015606,C045,1,1484.6463333564227
P015607,C006,1,1678.2633467689525
P015607,C045,1,1059.7551021712627
P015608,C006,1,912.8980887587328
P015608,C045,1,1550.6463333564227
P015608,C047,1,1550.6463333564227
P015609,C006,1,1744.2633467689525
P015609,C045,1,1125.7551021712627
P015609,C047,1,1125.7551021712627
P015633,C004,1,1678.2633467689525
P015633,C047,1,1059.7551021712627
P015639,C004,1,1678.2633467689525
P015639,C045,1,1059.7551021712627
P015646,C004,1,1212.898088758733
P015646,C006,5,1212.898088758733
P015646,C045,1,1814.6463333564225
P015662,C003,1,1678.2633467689525
P015662,C047,1,1059.7551021712627
P015668,C003,1,1678.2633467689525
P015668,C045,1,1059.7551021712627
P015675,C003,1,1278.898088758733
P015675,C004,2,1278.898088758733
P015675,C006,4,1278.898088758733
P015675,C045,1,1880.6463333564225
P015706,C002,1,1278.898088758733
P015706,C004,2,1278.898088758733
P015706,C006,4,1278.898088758733
P015706,C046,1,1880.6463333564225
P015707,C002,1,2074.2633467689525
P015707,C004,2,2074.2633467689525
P015707,C006,4,2074.2633467689525
P015707,C046,1,1239.7551021712627
P015710,C002,1,1344.898088758733
P015710,C003,2,1344.898088758733
P015710,C004,2,1344.898088758733
P015710,C005,1,1344.898088758733
P015710,C006,2,1344.898088758733
P015710,C045,1,1946.6463333564225
P015711,C002,1,2140.2633467689525
P015711,C003,2,2140.2633467689525
P015711,C004,2,2140.2633467689525
P015711,C005,1,2140.2633467689525
P015711,C006,2,2140.2633467689525
P015711,C045,1,1269.7551021712627
P015714,C002,1,1344.898088758733
P015714,C003,3,1344.898088758733
P015714,C004,2,1344.898088758733
P015714,C006,2,1344.898088758733
P015714,C046,1,1946.6463333564225
P015715,C002,1,2140.2633467689525
P015715,C003,3,2140.2633467689525
P015715,C004,2,2140.2633467689525
P015715,C006,2,2140.2633467689525
P015715,C046,1,1269.7551021712627
P015716,C002,1,1344.898088758733
P015716,C003,3,1344.898088758733
P015716,C004,2,1344.898088758733
P015716,C006,2,1344.898088758733
P015716,C045,1,1946.6463333564225
P015717,C002,1,2140.2633467689525
P015717,C003,3,2140.2633467689525
P015717,C004,2,2140.2633467689525
P015717,C006,2,2140.2633467689525
P015717,C045,1,1269.7551021712627
P015718,C002,1,1344.898088758733
P015718,C003,3,1344.898088758733
P015718,C004,2,1344.898088758733
P015718,C005,1,1344.898088758733
P015718,C006,1,1344.898088758733
P015718,C046,1,1946.6463333564225
P015719,C002,1,2140.2633467689525
P015719,C003,3,2140.2633467689525
P015719,C004,2,2140.2633467689525
P015719,C005,1,2140.2633467689525
P015719,C006,1,2140.2633467689525
P015719,C046,1,1269.7551021712627
P015720,C002,1,1344.898088758733
P015720,C003,3,1344.898088758733
P015720,C004,2,1344.898088758733
P015720,C005,1,1344.898088758733
P015720,C006,1,1344.898088758733
P015720,C045,1,1946.6463333564225
P015738,C001,1,1278.898088758733
P015738,C004,2,1278.898088758733
P015738,C006,4,1278.898088758733
P015738,C046,1,1880.6463333564225
P015739,C001,1,2074.2633467689525
P015739,C004,2,2074.2633467689525
P015739,C006,4,2074.2633467689525
P015739,C046,1,1239.7551021712627
P015748,C001,1,1344.898088758733
P015748,C003,3,1344.898088758733
P015748,C004,2,1344.898088758733
P015748,C006,2,1344.898088758733
P015748,C046,1,1946.6463333564225
P015749,C001,1,2140.2633467689525
P015749,C003,3,2140.2633467689525
P015749,C004,2,2140.2633467689525
P015749,C006,2,2140.2633467689525
P015749,C046,1,1269.7551021712627
P015750,C001,1,1344.898088758733
P015750,C003,3,1344.898088758733
P015750,C004,2,1344.898088758733
P015750,C006,2,1344.898088758733
P015750,C045,1,1946.6463333564225
P015752,C001,1,1344.898088758733
P015752,C003,3,1344.898088758733
P015752,C004,2,1344.898088758733
P015752,C005,1,1344.898088758733
P015752,C006,1,1344.898088758733
P015752,C046,1,1946.6463333564225
P015753,C001,1,2140.2633467689525
P015753,C003,3,2140.2633467689525
P015753,C004,2,2140.2633467689525
P015753,C005,1,2140.2633467689525
P015753,C006,1,2140.2633467689525
P015753,C046,1,1269.7551021712627
P015754,C001,1,1344.898088758733
P015754,C003,3,1344.898088758733
P015754,C004,2,1344.898088758733
P015754,C005,1,1344.898088758733
P015754,C006,1,1344.898088758733
P015754,C045,1,1946.6463333564225
P015756,C001,1,1278.898088758733
P015756,C002,1,1278.898088758733
P015756,C006,5,1278.898088758733
P015756,C045,1,1880.6463333564225
P015797,C001,1,1206.898088758733
P015797,C002,1,1206.898088758733
P015797,C005,1,1206.898088758733
P015797,C006,2,1206.898088758733
P015797,C045,1,1880.6463333564225
P015797,C046,1,1880.6463333564225
P015797,C047,1,1880.6463333564225
P015798,C001,1,2074.2633467689525
P015798,C002,1,2074.2633467689525
P015798,C005,1,2074.2633467689525
P015798,C006,2,2074.2633467689525
P015798,C045,1,1311.7551021712627
P015798,C046,1,1311.7551021712627
P015798,C047,1,1311.7551021712627
P015799,C001,1,1212.898088758733
P015799,C002,1,1212.898088758733
P015799,C005,1,1212.898088758733
P015799,C006,3,1212.898088758733
P015799,C047,1,1814.6463333564225
P015800,C001,1,2008.2633467689525
P015800,C002,1,2008.2633467689525
P015800,C005,1,2008.2633467689525
P015800,C006,3,2008.2633467689525
P015800,C047,1,1209.7551021712627
P015805,C001,1,1242.898088758733
P015805,C002,1,1242.898088758733
P015805,C005,1,1242.898088758733
P015805,C006,3,1242.898088758733
P015805,C045,1,1880.6463333564225
P015805,C047,1,1880.6463333564225
P015806,C001,1,2074.2633467689525
P015806,C002,1,2074.2633467689525
P015806,C005,1,2074.2633467689525
P015806,C006,3,2074.2633467689525
P015806,C045,1,1275.7551021712627
P015806,C047,1,1275.7551021712627
P015809,C001,1,1278.898088758733
P015809,C002,1,1278.898088758733
P015809,C005,1,1278.898088758733
P015809,C006,4,1278.898088758733
P015809,C045,1,1880.6463333564225
P015822,C001,1,1140.898088758733
P015822,C002,1,1140.898088758733
P015822,C004,1,1140.898088758733
P015822,C005,1,1140.898088758733
P015822,C045,1,1814.6463333564225
P015822,C046,1,1814.6463333564225
P015822,C047,1,1814.6463333564225
P015832,C001,1,1176.898088758733
P015832,C002,1,1176.898088758733
P015832,C004,1,1176.898088758733
P015832,C005,1,1176.898088758733
P015832,C006,1,1176.898088758733
P015832,C045,1,1814.6463333564225
P015832,C047,1,1814.6463333564225
P015836,C001,1,1206.898088758733
P015836,C002,1,1206.898088758733
P015836,C004,1,1206.898088758733
P015836,C005,1,1206.898088758733
P015836,C006,1,1206.898088758733
P015836,C045,1,1880.6463333564225
P015836,C046,1,1880.6463333564225
P015836,C047,1,1880.6463333564225
P015837,C001,1,2074.2633467689525
P015837,C002,1,2074.2633467689525
P015837,C004,1,2074.2633467689525
P015837,C005,1,2074.2633467689525
P015837,C006,1,2074.2633467689525
P015837,C045,1,1311.7551021712627
P015837,C046,1,1311.7551021712627
P015837,C047,1,1311.7551021712627
P015842,C001,1,1242.898088758733
P015842,C002,1,1242.898088758733
P015842,C004,1,1242.898088758733
P015842,C005,1,1242.898088758733
P015842,C006,2,1242.898088758733
P015842,C046,1,1880.6463333564225
P015842,C047,1,1880.6463333564225
P015843,C001,1,2074.2633467689525
P015843,C002,1,2074.2633467689525
P015843,C004,1,2074.2633467689525
P015843,C005,1,2074.2633467689525
P015843,C006,2,2074.2633467689525
P015843,C046,1,1275.7551021712627
P015843,C047,1,1275.7551021712627
P015846,C001,1,1242.898088758733
P015846,C002,1,1242.898088758733
P015846,C004,1,1242.898088758733
P015846,C005,1,1242.898088758733
P015846,C006,2,1242.898088758733
P015846,C045,1,1880.6463333564225
P015846,C047,1,1880.6463333564225
P015848,C001,1,1242.898088758733
P015848,C002,1,1242.898088758733
P015848,C004,1,1242.898088758733
P015848,C005,1,1242.898088758733
P015848,C006,2,1242.898088758733
P015848,C045,1,1880.6463333564225
P015848,C046,1,1880.6463333564225
P015850,C001,1,1272.898088758733
P015850,C002,1,1272.898088758733
P015850,C004,1,1272.898088758733
P015850,C005,1,1272.898088758733
P015850,C006,2,1272.898088758733
P015850,C045,1,1946.6463333564225
P015850,C046,1,1946.6463333564225
P015850,C047,1,1946.6463333564225
P015851,C001,1,2140.2633467689525
P015851,C002,1,2140.2633467689525
P015851,C004,1,2140.2633467689525
P015851,C005,1,2140.2633467689525
P015851,C006,2,2140.2633467689525
P015851,C045,1,1341.7551021712627
P015851,C046,1,1341.7551021712627
P015851,C047,1,1341.7551021712627
P015856,C001,1,1308.898088758733
P015856,C002,1,1308.898088758733
P015856,C004,1,1308.898088758733
P015856,C005,1,1308.898088758733
P015856,C006,3,1308.898088758733
P015856,C045,1,1946.6463333564225
P015856,C046,1,1946.6463333564225
P015864,C001,1,1410.898088758733
P015864,C002,1,1410.898088758733
P015864,C003,2,1410.898088758733
P015864,C004,2,1410.898088758733
P015864,C006,3,1410.898088758733
P015864,C045,1,2012.6463333564225
P015865,C001,1,1410.898088758733
P015865,C002,1,1410.898088758733
P015865,C003,2,1410.898088758733
P015865,C004,2,1410.898088758733
P015865,C005,1,1410.898088758733
P015865,C006,2,1410.898088758733
P015865,C045,1,2012.6463333564225
P015866,C001,1,1344.898088758733
P015866,C002,1,1344.898088758733
P015866,C003,3,1344.898088758733
P015866,C006,3,1344.898088758733
P015866,C046,1,1946.6463333564225
P015869,C001,1,1344.898088758733
P015869,C002,1,1344.898088758733
P015869,C003,3,1344.898088758733
P015869,C005,1,1344.898088758733
P015869,C006,2,1344.898088758733
P015869,C046,1,1946.6463333564225
P015872,C001,1,1410.898088758733
P015872,C002,1,1410.898088758733
P015872,C003,3,1410.898088758733
P015872,C004,2,1410.898088758733
P015872,C006,2,1410.898088758733
P015872,C045,1,2012.6463333564225
P015873,C001,1,2206.2633467689525
P015873,C002,1,2206.2633467689525
P015873,C003,3,2206.2633467689525
P015873,C004,2,2206.2633467689525
P015873,C006,2,2206.2633467689525
P015873,C045,1,1299.7551021712627
P015874,C001,1,1410.898088758733
P015874,C002,1,1410.898088758733
P015874,C003,3,1410.898088758733
P015874,C004,2,1410.898088758733
P015874,C005,1,1410.898088758733
P015874,C006,1,1410.898088758733
P015874,C045,1,2012.6463333564225
P015875,C001,1,2206.2633467689525
P015875,C002,1,2206.2633467689525
P015875,C003,3,2206.2633467689525
P015875,C004,2,2206.2633467689525
P015875,C005,1,2206.2633467689525
P015875,C006,1,2206.2633467689525
P015875,C045,1,1299.7551021712627
P015876,C006,1,882.8980887587328
P015876,C050,1,1324.6862792018674
P015877,C006,1,1317.103625873203
P015877,C050,1,872.5054354300685
P015878,C006,1,882.8980887587328
P015878,C049,1,1324.6862792018674
P015879,C006,1,1317.103625873203
P015879,C049,1,872.5054354300685
P015880,C006,1,912.8980887587328
P015880,C049,1,1390.6862792018674
P015880,C050,1,1390.6862792018674
P015881,C006,1,1383.103625873203
P015881,C049,1,938.5054354300684
P015881,C050,1,938.5054354300684
P015882,C006,1,882.8980887587328
P015882,C048,1,1324.6862792018674
P015883,C006,1,1317.103625873203
P015883,C048,1,872.5054354300685
P015884,C006,1,912.8980887587328
P015884,C048,1,1390.6862792018674
P015884,C050,1,1390.6862792018674
P015885,C006,1,1383.103625873203
P015885,C048,1,938.5054354300684
P015885,C050,1,938.5054354300684
P015887,C006,1,1383.103625873203
P015887,C048,1,938.5054354300684
P015887,C049,1,938.5054354300684
P015889,C006,1,1449.103625873203
P015889,C048,1,1004.5054354300684
P015889,C049,1,1004.5054354300684
P015889,C050,1,1004.5054354300684
P015893,C006,5,1581.103625873203
P015893,C048,1,992.5054354300684
P015894,C005,1,882.8980887587328
P015894,C050,1,1324.6862792018674
P015896,C005,1,882.8980887587328
P015896,C049,1,1324.6862792018674
P015900,C005,1,882.8980887587328
P015900,C048,1,1324.6862792018674
P015908,C004,1,882.8980887587328
P015908,C050,1,1324.6862792018674
P015909,C004,1,1317.103625873203
P015909,C050,1,872.5054354300685
P015910,C004,1,882.8980887587328
P015910,C049,1,1324.6862792018674
P015913,C004,1,1383.103625873203
P015913,C049,1,938.5054354300684
P015913,C050,1,938.5054354300684
P015914,C004,1,882.8980887587328
P015914,C048,1,1324.6862792018674
P015915,C004,1,1317.103625873203
P015915,C048,1,872.5054354300685
P015917,C004,1,1383.103625873203
P015917,C048,1,938.5054354300684
P015917,C050,1,938.5054354300684
P015919,C004,1,1383.103625873203
P015919,C048,1,938.5054354300684
P015919,C049,1,938.5054354300684
P015922,C004,1,1212.898088758733
P015922,C006,5,1212.898088758733
P015922,C048,1,1654.6862792018674
P015923,C004,1,1647.103625873203
P015923,C006,5,1647.103625873203
P015923,C048,1,1022.5054354300684
P015925,C004,2,1383.103625873203
P015925,C050,1,902.5054354300684
P015929,C004,2,1449.103625873203
P015929,C049,1,968.5054354300684
P015929,C050,1,968.5054354300684
P015931,C004,2,1383.103625873203
P015931,C048,1,902.5054354300684
P015938,C003,1,882.8980887587328
P015938,C050,1,1324.6862792018674
P015939,C003,1,1317.103625873203
P015939,C050,1,872.5054354300685
P015940,C003,1,882.8980887587328
P015940,C049,1,1324.6862792018674
P015943,C003,1,1383.103625873203
P015943,C049,1,938.5054354300684
P015943,C050,1,938.5054354300684
P015944,C003,1,882.8980887587328
P015944,C048,1,1324.6862792018674
P015945,C003,1,1317.103625873203
P015945,C048,1,872.5054354300685
P015947,C003,1,1383.103625873203
P015947,C048,1,938.5054354300684
P015947,C050,1,938.5054354300684
P015949,C003,1,1383.103625873203
P015949,C048,1,938.5054354300684
P015949,C049,1,938.5054354300684
P015952,C003,1,1278.898088758733
P015952,C004,2,1278.898088758733
P015952,C006,4,1278.898088758733
P015952,C048,1,1720.6862792018674
P015953,C003,1,1713.103625873203
P015953,C004,2,1713.103625873203
P015953,C006,4,1713.103625873203
P015953,C048,1,1052.5054354300685
P015955,C003,3,1449.103625873203
P015955,C050,1,932.5054354300684
P015959,C003,3,1515.103625873203
P015959,C049,1,998.5054354300684
P015959,C050,1,998.5054354300684
P015961,C003,3,1449.103625873203
P015961,C048,1,932.5054354300684
P015969,C002,1,1317.103625873203
P015969,C050,1,872.5054354300685
P015970,C002,1,882.8980887587328
P015970,C049,1,1324.6862792018674
P015971,C002,1,1317.103625873203
P015971,C049,1,872.5054354300685
P015974,C002,1,882.8980887587328
P015974,C048,1,1324.6862792018674
P015975,C002,1,1317.103625873203
P015975,C048,1,872.5054354300685
P015977,C002,1,1383.103625873203
P015977,C048,1,938.5054354300684
P015977,C050,1,938.5054354300684
P015984,C002,1,1278.898088758733
P015984,C004,2,1278.898088758733
P015984,C006,4,1278.898088758733
P015984,C049,1,1720.6862792018674
P015985,C002,1,1713.103625873203
P015985,C004,2,1713.103625873203
P015985,C006,4,1713.103625873203
P015985,C049,1,1052.5054354300685
P015994,C002,1,1344.898088758733
P015994,C003,3,1344.898088758733
P015994,C004,2,1344.898088758733
P015994,C006,2,1344.898088758733
P015994,C049,1,1786.6862792018674
P015995,C002,1,1779.103625873203
P015995,C003,3,1779.103625873203
P015995,C004,2,1779.103625873203
P015995,C006,2,1779.103625873203
P015995,C049,1,1082.5054354300685
P015996,C002,1,1344.898088758733
P015996,C003,3,1344.898088758733
P015996,C004,2,1344.898088758733
P015996,C006,2,1344.898088758733
P015996,C048,1,1786.6862792018674
P015998,C002,1,1344.898088758733
P015998,C003,3,1344.898088758733
P015998,C004,2,1344.898088758733
P015998,C005,1,1344.898088758733
P015998,C006,1,1344.898088758733
P015998,C049,1,1786.6862792018674
P015999,C002,1,1779.103625873203
P015999,C003,3,1779.103625873203
P015999,C004,2,1779.103625873203
P015999,C005,1,1779.103625873203
P015999,C006,1,1779.103625873203
P015999,C049,1,1082.5054354300685
P016000,C002,1,1344.898088758733
P016000,C003,3,1344.898088758733
P016000,C004,2,1344.898088758733
P016000,C005,1,1344.898088758733
P016000,C006,1,1344.898088758733
P016000,C048,1,1786.6862792018674
P016003,C001,1,1317.103625873203
P016003,C050,1,872.5054354300685
P016004,C001,1,882.8980887587328
P016004,C049,1,1324.6862792018674
P016005,C001,1,1317.103625873203
P016005,C049,1,872.5054354300685
P016008,C001,1,882.8980887587328
P016008,C048,1,1324.6862792018674
P016009,C001,1,1317.103625873203
P016009,C048,1,872.5054354300685
P016011,C001,1,1383.103625873203
P016011,C048,1,938.5054354300684
P016011,C050,1,938.5054354300684
P016018,C001,1,1278.898088758733
P016018,C004,2,1278.898088758733
P016018,C006,4,1278.898088758733
P016018,C049,1,1720.6862792018674
P016019,C001,1,1713.103625873203
P016019,C004,2,1713.103625873203
P016019,C006,4,1713.103625873203
P016019,C049,1,1052.5054354300685
P016030,C001,1,1344.898088758733
P016030,C003,3,1344.898088758733
P016030,C004,2,1344.898088758733
P016030,C006,2,1344.898088758733
P016030,C049,1,1786.6862792018674
P016031,C001,1,1779.103625873203
P016031,C003,3,1779.103625873203
P016031,C004,2,1779.103625873203
P016031,C006,2,1779.103625873203
P016031,C049,1,1082.5054354300685
P016032,C001,1,1344.898088758733
P016032,C003,3,1344.898088758733
P016032,C004,2,1344.898088758733
P016032,C006,2,1344.898088758733
P016032,C048,1,1786.6862792018674
P016034,C001,1,1344.898088758733
P016034,C003,3,1344.898088758733
P016034,C004,2,1344.898088758733
P016034,C005,1,1344.898088758733
P016034,C006,1,1344.898088758733
P016034,C049,1,1786.6862792018674
P016035,C001,1,1779.103625873203
P016035,C003,3,1779.103625873203
P016035,C004,2,1779.103625873203
P016035,C005,1,1779.103625873203
P016035,C006,1,1779.103625873203
P016035,C049,1,1082.5054354300685
P016036,C001,1,1344.898088758733
P016036,C003,3,1344.898088758733
P016036,C004,2,1344.898088758733
P016036,C005,1,1344.898088758733
P016036,C006,1,1344.898088758733
P016036,C048,1,1786.6862792018674
P016038,C001,1,1278.898088758733
P016038,C002,1,1278.898088758733
P016038,C006,5,1278.898088758733
P016038,C048,1,1720.6862792018674
P016039,C001,1,1713.103625873203
P016039,C002,1,1713.103625873203
P016039,C006,5,1713.103625873203
P016039,C048,1,1052.5054354300685
P016080,C001,1,1206.898088758733
P016080,C002,1,1206.898088758733
P016080,C005,1,1206.898088758733
P016080,C006,2,1206.898088758733
P016080,C048,1,1720.6862792018674
P016080,C049,1,1720.6862792018674
P016080,C050,1,1720.6862792018674
P016081,C001,1,1713.103625873203
P016081,C002,1,1713.103625873203
P016081,C005,1,1713.103625873203
P016081,C006,2,1713.103625873203
P016081,C048,1,1124.5054354300685
P016081,C049,1,1124.5054354300685
P016081,C050,1,1124.5054354300685
P016088,C001,1,1242.898088758733
P016088,C002,1,1242.898088758733
P016088,C005,1,1242.898088758733
P016088,C006,3,1242.898088758733
P016088,C048,1,1720.6862792018674
P016088,C050,1,1720.6862792018674
P016089,C001,1,1713.103625873203
P016089,C002,1,1713.103625873203
P016089,C005,1,1713.103625873203
P016089,C006,3,1713.103625873203
P016089,C048,1,1088.5054354300685
P016089,C050,1,1088.5054354300685
P016106,C001,1,1140.898088758733
P016106,C002,1,1140.898088758733
P016106,C004,1,1140.898088758733
P016106,C005,1,1140.898088758733
P016106,C048,1,1654.6862792018674
P016106,C049,1,1654.6862792018674
P016106,C050,1,1654.6862792018674
P016107,C001,1,1647.103625873203
P016107,C002,1,1647.103625873203
P016107,C004,1,1647.103625873203
P016107,C005,1,1647.103625873203
P016107,C048,1,1094.5054354300685
P016107,C049,1,1094.5054354300685
P016107,C050,1,1094.5054354300685
P016120,C001,1,1206.898088758733
P016120,C002,1,1206.898088758733
P016120,C004,1,1206.898088758733
P016120,C005,1,1206.898088758733
P016120,C006,1,1206.898088758733
P016120,C048,1,1720.6862792018674
P016120,C049,1,1720.6862792018674
P016120,C050,1,1720.6862792018674
P016121,C001,1,1713.103625873203
P016121,C002,1,1713.103625873203
P016121,C004,1,1713.103625873203
P016121,C005,1,1713.103625873203
P016121,C006,1,1713.103625873203
P016121,C048,1,1124.5054354300685
P016121,C049,1,1124.5054354300685
P016121,C050,1,1124.5054354300685
P016130,C001,1,1242.898088758733
P016130,C002,1,1242.898088758733
P016130,C004,1,1242.898088758733
P016130,C005,1,1242.898088758733
P016130,C006,2,1242.898088758733
P016130,C048,1,1720.6862792018674
P016130,C050,1,1720.6862792018674
P016132,C001,1,1242.898088758733
P016132,C002,1,1242.898088758733
P016132,C004,1,1242.898088758733
P016132,C005,1,1242.898088758733
P016132,C006,2,1242.898088758733
P016132,C048,1,1720.6862792018674
P016132,C049,1,1720.6862792018674
P016134,C001,1,1272.898088758733
P016134,C002,1,1272.898088758733
P016134,C004,1,1272.898088758733
P016134,C005,1,1272.898088758733
P016134,C006,2,1272.898088758733
P016134,C048,1,1786.6862792018674
P016134,C049,1,1786.6862792018674
P016134,C050,1,1786.6862792018674
P016135,C001,1,1779.103625873203
P016135,C002,1,1779.103625873203
P016135,C004,1,1779.103625873203
P016135,C005,1,1779.103625873203
P016135,C006,2,1779.103625873203
P016135,C048,1,1154.5054354300685
P016135,C049,1,1154.5054354300685
P016135,C050,1,1154.5054354300685
P016140,C001,1,1308.898088758733
P016140,C002,1,1308.898088758733
P016140,C004,1,1308.898088758733
P016140,C005,1,1308.898088758733
P016140,C006,3,1308.898088758733
P016140,C048,1,1786.6862792018674
P016140,C049,1,1786.6862792018674
P016150,C001,1,1410.898088758733
P016150,C002,1,1410.898088758733
P016150,C003,2,1410.898088758733
P016150,C004,2,1410.898088758733
P016150,C006,3,1410.898088758733
P016150,C048,1,1852.6862792018676
P016151,C001,1,1845.103625873203
P016151,C002,1,1845.103625873203
P016151,C003,2,1845.103625873203
P016151,C004,2,1845.103625873203
P016151,C006,3,1845.103625873203
P016151,C048,1,1112.5054354300685
P016152,C001,1,1410.898088758733
P016152,C002,1,1410.898088758733
P016152,C003,2,1410.898088758733
P016152,C004,2,1410.898088758733
P016152,C005,1,1410.898088758733
P016152,C006,2,1410.898088758733
P016152,C048,1,1852.6862792018676
P016153,C001,1,1845.103625873203
P016153,C002,1,1845.103625873203
P016153,C003,2,1845.103625873203
P016153,C004,2,1845.103625873203
P016153,C005,1,1845.103625873203
P016153,C006,2,1845.103625873203
P016153,C048,1,1112.5054354300685
P016154,C001,1,1344.898088758733
P016154,C002,1,1344.898088758733
P016154,C003,3,1344.898088758733
P016154,C006,3,1344.898088758733
P016154,C049,1,1786.6862792018674
P016155,C001,1,1779.103625873203
P016155,C002,1,1779.103625873203
P016155,C003,3,1779.103625873203
P016155,C006,3,1779.103625873203
P016155,C049,1,1082.5054354300685
P016158,C001,1,1344.898088758733
P016158,C002,1,1344.898088758733
P016158,C003,3,1344.898088758733
P016158,C005,1,1344.898088758733
P016158,C006,2,1344.898088758733
P016158,C049,1,1786.6862792018674
P016159,C001,1,1779.103625873203
P016159,C002,1,1779.103625873203
P016159,C003,3,1779.103625873203
P016159,C005,1,1779.103625873203
P016159,C006,2,1779.103625873203
P016159,C049,1,1082.5054354300685
P016162,C001,1,1410.898088758733
P016162,C002,1,1410.898088758733
P016162,C003,3,1410.898088758733
P016162,C004,2,1410.898088758733
P016162,C006,2,1410.898088758733
P016162,C048,1,1852.6862792018676
P016163,C001,1,1845.103625873203
P016163,C002,1,1845.103625873203
P016163,C003,3,1845.103625873203
P016163,C004,2,1845.103625873203
P016163,C006,2,1845.103625873203
P016163,C048,1,1112.5054354300685
P016164,C001,1,1410.898088758733
P016164,C002,1,1410.898088758733
P016164,C003,3,1410.898088758733
P016164,C004,2,1410.898088758733
P016164,C005,1,1410.898088758733
P016164,C006,1,1410.898088758733
P016164,C048,1,1852.6862792018676
P016165,C001,1,1845.103625873203
P016165,C002,1,1845.103625873203
P016165,C003,3,1845.103625873203
P016165,C004,2,1845.103625873203
P016165,C005,1,1845.103625873203
P016165,C006,1,1845.103625873203
P016165,C048,1,1112.5054354300685
P016166,C006,1,882.8980887587328
P016166,C053,1,1590.5386233047034
P016167,C006,1,1967.4407194069
P016167,C053,1,1250.2201848609295
P016168,C006,1,882.8980887587328
P016168,C052,1,1590.5386233047034
P016169,C006,1,1967.4407194069
P016169,C052,1,1250.2201848609295
P016170,C006,1,912.8980887587328
P016170,C052,1,1656.5386233047034
P016170,C053,1,1656.5386233047034
P016171,C006,1,2033.4407194069
P016171,C052,1,1316.2201848609295
P016171,C053,1,1316.2201848609295
P016172,C006,1,882.8980887587328
P016172,C051,1,1590.5386233047034
P016173,C006,1,1967.4407194069
P016173,C051,1,1250.2201848609295
P016174,C006,1,912.8980887587328
P016174,C051,1,1656.5386233047034
P016174,C053,1,1656.5386233047034
P016175,C006,1,2033.4407194069
P016175,C051,1,1316.2201848609295
P016175,C053,1,1316.2201848609295
P016180,C006,5,1146.898088758733
P016180,C052,1,1854.5386233047032
P016183,C005,1,1967.4407194069
P016183,C053,1,1250.2201848609295
P016185,C005,1,1967.4407194069
P016185,C052,1,1250.2201848609295
P016189,C005,1,1967.4407194069
P016189,C051,1,1250.2201848609295
P016197,C004,1,1967.4407194069
P016197,C053,1,1250.2201848609295
P016199,C004,1,1967.4407194069
P016199,C052,1,1250.2201848609295
P016203,C004,1,1967.4407194069
P016203,C051,1,1250.2201848609295
P016210,C004,1,1212.898088758733
P016210,C006,5,1212.898088758733
P016210,C051,1,1920.5386233047032
P016212,C004,2,2033.4407194069
P016212,C053,1,1280.2201848609295
P016214,C004,2,2033.4407194069
P016214,C052,1,1280.2201848609295
P016218,C004,2,2033.4407194069
P016218,C051,1,1280.2201848609295
P016226,C003,1,1967.4407194069
P016226,C053,1,1250.2201848609295
P016228,C003,1,1967.4407194069
P016228,C052,1,1250.2201848609295
P016232,C003,1,1967.4407194069
P016232,C051,1,1250.2201848609295
P016239,C003,1,1278.898088758733
P016239,C004,2,1278.898088758733
P016239,C006,4,1278.898088758733
P016239,C051,1,1986.5386233047032
P016241,C003,3,2099.4407194069
P016241,C053,1,1310.2201848609295
P016243,C003,3,2099.4407194069
P016243,C052,1,1310.2201848609295
P016247,C003,3,2099.4407194069
P016247,C051,1,1310.2201848609295
P016254,C002,1,882.8980887587328
P016254,C053,1,1590.5386233047034
P016255,C002,1,1967.4407194069
P016255,C053,1,1250.2201848609295
P016256,C002,1,882.8980887587328
P016256,C052,1,1590.5386233047034
P016257,C002,1,1967.4407194069
P016257,C052,1,1250.2201848609295
P016260,C002,1,882.8980887587328
P016260,C051,1,1590.5386233047034
P016261,C002,1,1967.4407194069
P016261,C051,1,1250.2201848609295
P016269,C002,1,1278.898088758733
P016269,C004,2,1278.898088758733
P016269,C006,4,1278.898088758733
P016269,C052,1,1986.5386233047032
P016271,C002,1,1344.898088758733
P016271,C003,2,1344.898088758733
P016271,C004,2,1344.898088758733
P016271,C005,1,1344.898088758733
P016271,C006,2,1344.898088758733
P016271,C051,1,2052.538623304703
P016272,C002,1,1344.898088758733
P016272,C003,3,1344.898088758733
P016272,C004,1,1344.898088758733
P016272,C006,3,1344.898088758733
P016272,C051,1,2052.538623304703
P016273,C002,1,1344.898088758733
P016273,C003,3,1344.898088758733
P016273,C004,1,1344.898088758733
P016273,C005,1,1344.898088758733
P016273,C006,2,1344.898088758733
P016273,C051,1,2052.538623304703
P016274,C002,1,1344.898088758733
P016274,C003,3,1344.898088758733
P016274,C004,2,1344.898088758733
P016274,C006,2,1344.898088758733
P016274,C052,1,2052.538623304703
P016275,C002,1,1344.898088758733
P016275,C003,3,1344.898088758733
P016275,C004,2,1344.898088758733
P016275,C006,2,1344.898088758733
P016275,C051,1,2052.538623304703
P016276,C002,1,1344.898088758733
P016276,C003,3,1344.898088758733
P016276,C004,2,1344.898088758733
P016276,C005,1,1344.898088758733
P016276,C006,1,1344.898088758733
P016276,C052,1,2052.538623304703
P016277,C002,1,1344.898088758733
P016277,C003,3,1344.898088758733
P016277,C004,2,1344.898088758733
P016277,C005,1,1344.898088758733
P016277,C006,1,1344.898088758733
P016277,C051,1,2052.538623304703
P016278,C001,1,882.8980887587328
P016278,C053,1,1590.5386233047034
P016279,C001,1,1967.4407194069
P016279,C053,1,1250.2201848609295
P016280,C001,1,882.8980887587328
P016280,C052,1,1590.5386233047034
P016281,C001,1,1967.4407194069
P016281,C052,1,1250.2201848609295
P016284,C001,1,882.8980887587328
P016284,C051,1,1590.5386233047034
P016285,C001,1,1967.4407194069
P016285,C051,1,1250.2201848609295
P016293,C001,1,1278.898088758733
P016293,C004,2,1278.898088758733
P016293,C006,4,1278.898088758733
P016293,C052,1,1986.5386233047032
P016299,C001,1,1344.898088758733
P016299,C003,3,1344.898088758733
P016299,C004,2,1344.898088758733
P016299,C006,2,1344.898088758733
P016299,C052,1,2052.538623304703
P016300,C001,1,1344.898088758733
P016300,C003,3,1344.898088758733
P016300,C004,2,1344.898088758733
P016300,C006,2,1344.898088758733
P016300,C051,1,2052.538623304703
P016301,C001,1,1344.898088758733
P016301,C003,3,1344.898088758733
P016301,C004,2,1344.898088758733
P016301,C005,1,1344.898088758733
P016301,C006,1,1344.898088758733
P016301,C052,1,2052.538623304703
P016302,C001,1,1344.898088758733
P016302,C003,3,1344.898088758733
P016302,C004,2,1344.898088758733
P016302,C005,1,1344.898088758733
P016302,C006,1,1344.898088758733
P016302,C051,1,2052.538623304703
P016303,C001,1,1278.898088758733
P016303,C002,1,1278.898088758733
P016303,C006,5,1278.898088758733
P016303,C051,1,1986.5386233047032
P016330,C001,1,1140.898088758733
P016330,C002,1,1140.898088758733
P016330,C005,1,1140.898088758733
P016330,C006,1,1140.898088758733
P016330,C051,1,1920.5386233047032
P016330,C052,1,1920.5386233047032
P016330,C053,1,1920.5386233047032
P016331,C001,1,2297.4407194069
P016331,C002,1,2297.4407194069
P016331,C005,1,2297.4407194069
P016331,C006,1,2297.4407194069
P016331,C051,1,1472.2201848609295
P016331,C052,1,1472.2201848609295
P016331,C053,1,1472.2201848609295
P016334,C001,1,1176.898088758733
P016334,C002,1,1176.898088758733
P016334,C005,1,1176.898088758733
P016334,C006,2,1176.898088758733
P016334,C052,1,1920.5386233047032
P016334,C053,1,1920.5386233047032
P016339,C001,1,1206.898088758733
P016339,C002,1,1206.898088758733
P016339,C005,1,1206.898088758733
P016339,C006,2,1206.898088758733
P016339,C051,1,1986.5386233047032
P016339,C052,1,1986.5386233047032
P016339,C053,1,1986.5386233047032
P016340,C001,1,1212.898088758733
P016340,C002,1,1212.898088758733
P016340,C005,1,1212.898088758733
P016340,C006,3,1212.898088758733
P016340,C053,1,1920.5386233047032
P016343,C001,1,1242.898088758733
P016343,C002,1,1242.898088758733
P016343,C005,1,1242.898088758733
P016343,C006,3,1242.898088758733
P016343,C051,1,1986.5386233047032
P016343,C053,1,1986.5386233047032
P016345,C001,1,1278.898088758733
P016345,C002,1,1278.898088758733
P016345,C005,1,1278.898088758733
P016345,C006,4,1278.898088758733
P016345,C051,1,1986.5386233047032
P016358,C001,1,1140.898088758733
P016358,C002,1,1140.898088758733
P016358,C004,1,1140.898088758733
P016358,C005,1,1140.898088758733
P016358,C051,1,1920.5386233047032
P016358,C052,1,1920.5386233047032
P016358,C053,1,1920.5386233047032
P016364,C001,1,1176.898088758733
P016364,C002,1,1176.898088758733
P016364,C004,1,1176.898088758733
P016364,C005,1,1176.898088758733
P016364,C006,1,1176.898088758733
P016364,C052,1,1920.5386233047032
P016364,C053,1,1920.5386233047032
P016367,C001,1,1176.898088758733
P016367,C002,1,1176.898088758733
P016367,C004,1,1176.898088758733
P016367,C005,1,1176.898088758733
P016367,C006,1,1176.898088758733
P016367,C051,1,1920.5386233047032
P016367,C053,1,1920.5386233047032
P016371,C001,1,1206.898088758733
P016371,C002,1,1206.898088758733
P016371,C004,1,1206.898088758733
P016371,C005,1,1206.898088758733
P016371,C006,1,1206.898088758733
P016371,C051,1,1986.5386233047032
P016371,C052,1,1986.5386233047032
P016371,C053,1,1986.5386233047032
P016372,C001,1,1212.898088758733
P016372,C002,1,1212.898088758733
P016372,C004,1,1212.898088758733
P016372,C005,1,1212.898088758733
P016372,C006,2,1212.898088758733
P016372,C053,1,1920.5386233047032
P016374,C001,1,1242.898088758733
P016374,C002,1,1242.898088758733
P016374,C004,1,1242.898088758733
P016374,C005,1,1242.898088758733
P016374,C006,2,1242.898088758733
P016374,C052,1,1986.5386233047032
P016374,C053,1,1986.5386233047032
P016376,C001,1,1242.898088758733
P016376,C002,1,1242.898088758733
P016376,C004,1,1242.898088758733
P016376,C005,1,1242.898088758733
P016376,C006,2,1242.898088758733
P016376,C051,1,1986.5386233047032
P016376,C053,1,1986.5386233047032
P016378,C001,1,1272.898088758733
P016378,C002,1,1272.898088758733
P016378,C004,1,1272.898088758733
P016378,C005,1,1272.898088758733
P016378,C006,2,1272.898088758733
P016378,C051,1,2052.538623304703
P016378,C052,1,2052.538623304703
P016378,C053,1,2052.538623304703
P016381,C001,1,1308.898088758733
P016381,C002,1,1308.898088758733
P016381,C004,1,1308.898088758733
P016381,C005,1,1308.898088758733
P016381,C006,3,1308.898088758733
P016381,C051,1,2052.538623304703
P016381,C052,1,2052.538623304703
P016384,C001,1,1344.898088758733
P016384,C002,1,1344.898088758733
P016384,C003,1,1344.898088758733
P016384,C004,1,1344.898088758733
P016384,C006,4,1344.898088758733
P016384,C051,1,2052.538623304703
P016386,C001,1,1410.898088758733
P016386,C002,1,1410.898088758733
P016386,C003,2,1410.898088758733
P016386,C004,2,1410.898088758733
P016386,C006,3,1410.898088758733
P016386,C051,1,2118.538623304703
P016387,C001,1,1410.898088758733
P016387,C002,1,1410.898088758733
P016387,C003,2,1410.898088758733
P016387,C004,2,1410.898088758733
P016387,C005,1,1410.898088758733
P016387,C006,2,1410.898088758733
P016387,C051,1,2118.538623304703
P016388,C001,1,1344.898088758733
P016388,C002,1,1344.898088758733
P016388,C003,3,1344.898088758733
P016388,C006,3,1344.898088758733
P016388,C052,1,2052.538623304703
P016390,C001,1,1344.898088758733
P016390,C002,1,1344.898088758733
P016390,C003,3,1344.898088758733
P016390,C005,1,1344.898088758733
P016390,C006,2,1344.898088758733
P016390,C052,1,2052.538623304703
P016392,C001,1,1410.898088758733
P016392,C002,1,1410.898088758733
P016392,C003,3,1410.898088758733
P016392,C004,2,1410.898088758733
P016392,C006,2,1410.898088758733
P016392,C051,1,2118.538623304703
P016393,C001,1,1410.898088758733
P016393,C002,1,1410.898088758733
P016393,C003,3,1410.898088758733
P016393,C004,2,1410.898088758733
P016393,C005,1,1410.898088758733
P016393,C006,1,1410.898088758733
P016393,C051,1,2118.538623304703
P016394,C006,1,882.8980887587328
P016394,C056,1,1382.922795089868
P016395,C006,1,1548.3750345285423
P016395,C056,1,1031.5803281974074
P016396,C006,1,882.8980887587328
P016396,C055,1,1382.922795089868
P016397,C006,1,1548.3750345285423
P016397,C055,1,1031.5803281974074
P016398,C006,1,912.8980887587328
P016398,C055,1,1448.922795089868
P016398,C056,1,1448.922795089868
P016399,C006,1,1614.3750345285423
P016399,C055,1,1097.5803281974074
P016399,C056,1,1097.5803281974074
P016400,C006,1,882.8980887587328
P016400,C054,1,1382.922795089868
P016401,C006,1,1548.3750345285423
P016401,C054,1,1031.5803281974074
P016402,C006,1,912.8980887587328
P016402,C054,1,1448.922795089868
P016402,C056,1,1448.922795089868
P016403,C006,1,1614.3750345285423
P016403,C054,1,1097.5803281974074
P016403,C056,1,1097.5803281974074
P016412,C005,1,882.8980887587328
P016412,C056,1,1382.922795089868
P016413,C005,1,1548.3750345285423
P016413,C056,1,1031.5803281974074
P016414,C005,1,882.8980887587328
P016414,C055,1,1382.922795089868
P016415,C005,1,1548.3750345285423
P016415,C055,1,1031.5803281974074
P016418,C005,1,882.8980887587328
P016418,C054,1,1382.922795089868
P016419,C005,1,1548.3750345285423
P016419,C054,1,1031.5803281974074
P016427,C004,1,1548.3750345285423
P016427,C056,1,1031.5803281974074
P016433,C004,1,1548.3750345285423
P016433,C054,1,1031.5803281974074
P016440,C004,1,1212.898088758733
P016440,C006,5,1212.898088758733
P016440,C054,1,1712.9227950898678
P016441,C004,1,1878.3750345285423
P016441,C006,5,1878.3750345285423
P016441,C054,1,1181.5803281974074
P016457,C003,1,1548.3750345285423
P016457,C056,1,1031.5803281974074
P016463,C003,1,1548.3750345285423
P016463,C054,1,1031.5803281974074
P016470,C003,1,1278.898088758733
P016470,C004,2,1278.898088758733
P016470,C006,4,1278.898088758733
P016470,C054,1,1778.9227950898678
P016471,C003,1,1944.3750345285423
P016471,C004,2,1944.3750345285423
P016471,C006,4,1944.3750345285423
P016471,C054,1,1211.5803281974074
P016486,C002,1,882.8980887587328
P016486,C056,1,1382.922795089868
P016487,C002,1,1548.3750345285423
P016487,C056,1,1031.5803281974074
P016488,C002,1,882.8980887587328
P016488,C055,1,1382.922795089868
P016489,C002,1,1548.3750345285423
P016489,C055,1,1031.5803281974074
P016492,C002,1,882.8980887587328
P016492,C054,1,1382.922795089868
P016493,C002,1,1548.3750345285423
P016493,C054,1,1031.5803281974074
P016502,C002,1,1278.898088758733
P016502,C004,2,1278.898088758733
P016502,C006,4,1278.898088758733
P016502,C055,1,1778.9227950898678
P016503,C002,1,1944.3750345285423
P016503,C004,2,1944.3750345285423
P016503,C006,4,1944.3750345285423
P016503,C055,1,1211.5803281974074
P016512,C002,1,1344.898088758733
P016512,C003,3,1344.898088758733
P016512,C004,2,1344.898088758733
P016512,C006,2,1344.898088758733
P016512,C055,1,1844.922795089868
P016513,C002,1,2010.3750345285423
P016513,C003,3,2010.3750345285423
P016513,C004,2,2010.3750345285423
P016513,C006,2,2010.3750345285423
P016513,C055,1,1241.5803281974074
P016514,C002,1,1344.898088758733
P016514,C003,3,1344.898088758733
P016514,C004,2,1344.898088758733
P016514,C006,2,1344.898088758733
P016514,C054,1,1844.922795089868
P016516,C002,1,1344.898088758733
P016516,C003,3,1344.898088758733
P016516,C004,2,1344.898088758733
P016516,C005,1,1344.898088758733
P016516,C006,1,1344.898088758733
P016516,C055,1,1844.922795089868
P016517,C002,1,2010.3750345285423
P016517,C003,3,2010.3750345285423
P016517,C004,2,2010.3750345285423
P016517,C005,1,2010.3750345285423
P016517,C006,1,2010.3750345285423
P016517,C055,1,1241.5803281974074
P016518,C002,1,1344.898088758733
P016518,C003,3,1344.898088758733
P016518,C004,2,1344.898088758733
P016518,C005,1,1344.898088758733
P016518,C006,1,1344.898088758733
P016518,C054,1,1844.922795089868
P016520,C001,1,882.8980887587328
P016520,C056,1,1382.922795089868
P016521,C001,1,1548.3750345285423
P016521,C056,1,1031.5803281974074
P016522,C001,1,882.8980887587328
P016522,C055,1,1382.922795089868
P016523,C001,1,1548.3750345285423
P016523,C055,1,1031.5803281974074
P016526,C001,1,882.8980887587328
P016526,C054,1,1382.922795089868
P016527,C001,1,1548.3750345285423
P016527,C054,1,1031.5803281974074
P016536,C001,1,1278.898088758733
P016536,C004,2,1278.898088758733
P016536,C006,4,1278.898088758733
P016536,C055,1,1778.9227950898678
P016537,C001,1,1944.3750345285423
P016537,C004,2,1944.3750345285423
P016537,C006,4,1944.3750345285423
P016537,C055,1,1211.5803281974074
P016548,C001,1,1344.898088758733
P016548,C003,3,1344.898088758733
P016548,C004,2,1344.898088758733
P016548,C006,2,1344.898088758733
P016548,C055,1,1844.922795089868
P016549,C001,1,2010.3750345285423
P016549,C003,3,2010.3750345285423
P016549,C004,2,2010.3750345285423
P016549,C006,2,2010.3750345285423
P016549,C055,1,1241.5803281974074
P016550,C001,1,1344.898088758733
P016550,C003,3,1344.898088758733
P016550,C004,2,1344.898088758733
P016550,C006,2,1344.898088758733
P016550,C054,1,1844.922795089868
P016552,C001,1,1344.898088758733
P016552,C003,3,1344.898088758733
P016552,C004,2,1344.898088758733
P016552,C005,1,1344.898088758733
P016552,C006,1,1344.898088758733
P016552,C055,1,1844.922795089868
P016553,C001,1,2010.3750345285423
P016553,C003,3,2010.3750345285423
P016553,C004,2,2010.3750345285423
P016553,C005,1,2010.3750345285423
P016553,C006,1,2010.3750345285423
P016553,C055,1,1241.5803281974074
P016554,C001,1,1344.898088758733
P016554,C003,3,1344.898088758733
P016554,C004,2,1344.898088758733
P016554,C005,1,1344.898088758733
P016554,C006,1,1344.898088758733
P016554,C054,1,1844.922795089868
P016556,C001,1,1278.898088758733
P016556,C002,1,1278.898088758733
P016556,C006,5,1278.898088758733
P016556,C054,1,1778.9227950898678
P016557,C001,1,1944.3750345285423
P016557,C002,1,1944.3750345285423
P016557,C006,5,1944.3750345285423
P016557,C054,1,1211.5803281974074
P016598,C001,1,1206.898088758733
P016598,C002,1,1206.898088758733
P016598,C005,1,1206.898088758733
P016598,C006,2,1206.898088758733
P016598,C054,1,1778.9227950898678
P016598,C055,1,1778.9227950898678
P016598,C056,1,1778.9227950898678
P016599,C001,1,1944.3750345285423
P016599,C002,1,1944.3750345285423
P016599,C005,1,1944.3750345285423
P016599,C006,2,1944.3750345285423
P016599,C054,1,1283.5803281974074
P016599,C055,1,1283.5803281974074
P016599,C056,1,1283.5803281974074
P016600,C001,1,1212.898088758733
P016600,C002,1,1212.898088758733
P016600,C005,1,1212.898088758733
P016600,C006,3,1212.898088758733
P016600,C056,1,1712.9227950898678
P016601,C001,1,1878.3750345285423
P016601,C002,1,1878.3750345285423
P016601,C005,1,1878.3750345285423
P016601,C006,3,1878.3750345285423
P016601,C056,1,1181.5803281974074
P016606,C001,1,1242.898088758733
P016606,C002,1,1242.898088758733
P016606,C005,1,1242.898088758733
P016606,C006,3,1242.898088758733
P016606,C054,1,1778.9227950898678
P016606,C056,1,1778.9227950898678
P016607,C001,1,1944.3750345285423
P016607,C002,1,1944.3750345285423
P016607,C005,1,1944.3750345285423
P016607,C006,3,1944.3750345285423
P016607,C054,1,1247.5803281974074
P016607,C056,1,1247.5803281974074
P016624,C001,1,1140.898088758733
P016624,C002,1,1140.898088758733
P016624,C004,1,1140.898088758733
P016624,C005,1,1140.898088758733
P016624,C054,1,1712.9227950898678
P016624,C055,1,1712.9227950898678
P016624,C056,1,1712.9227950898678
P016634,C001,1,1176.898088758733
P016634,C002,1,1176.898088758733
P016634,C004,1,1176.898088758733
P016634,C005,1,1176.898088758733
P016634,C006,1,1176.898088758733
P016634,C054,1,1712.9227950898678
P016634,C056,1,1712.9227950898678
P016638,C001,1,1206.898088758733
P016638,C002,1,1206.898088758733
P016638,C004,1,1206.898088758733
P016638,C005,1,1206.898088758733
P016638,C006,1,1206.898088758733
P016638,C054,1,1778.9227950898678
P016638,C055,1,1778.9227950898678
P016638,C056,1,1778.9227950898678
P016639,C001,1,1944.3750345285423
P016639,C002,1,1944.3750345285423
P016639,C004,1,1944.3750345285423
P016639,C005,1,1944.3750345285423
P016639,C006,1,1944.3750345285423
P016639,C054,1,1283.5803281974074
P016639,C055,1,1283.5803281974074
P016639,C056,1,1283.5803281974074
P016644,C001,1,1242.898088758733
P016644,C002,1,1242.898088758733
P016644,C004,1,1242.898088758733
P016644,C005,1,1242.898088758733
P016644,C006,2,1242.898088758733
P016644,C055,1,1778.9227950898678
P016644,C056,1,1778.9227950898678
P016648,C001,1,1242.898088758733
P016648,C002,1,1242.898088758733
P016648,C004,1,1242.898088758733
P016648,C005,1,1242.898088758733
P016648,C006,2,1242.898088758733
P016648,C054,1,1778.9227950898678
P016648,C056,1,1778.9227950898678
P016650,C001,1,1242.898088758733
P016650,C002,1,1242.898088758733
P016650,C004,1,1242.898088758733
P016650,C005,1,1242.898088758733
P016650,C006,2,1242.898088758733
P016650,C054,1,1778.9227950898678
P016650,C055,1,1778.9227950898678
P016652,C001,1,1272.898088758733
P016652,C002,1,1272.898088758733
P016652,C004,1,1272.898088758733
P016652,C005,1,1272.898088758733
P016652,C006,2,1272.898088758733
P016652,C054,1,1844.922795089868
P016652,C055,1,1844.922795089868
P016652,C056,1,1844.922795089868
P016653,C001,1,2010.3750345285423
P016653,C002,1,2010.3750345285423
P016653,C004,1,2010.3750345285423
P016653,C005,1,2010.3750345285423
P016653,C006,2,2010.3750345285423
P016653,C054,1,1313.5803281974074
P016653,C055,1,1313.5803281974074
P016653,C056,1,1313.5803281974074
P016658,C001,1,1308.898088758733
P016658,C002,1,1308.898088758733
P016658,C004,1,1308.898088758733
P016658,C005,1,1308.898088758733
P016658,C006,3,1308.898088758733
P016658,C054,1,1844.922795089868
P016658,C055,1,1844.922795089868
P016668,C001,1,1410.898088758733
P016668,C002,1,1410.898088758733
P016668,C003,2,1410.898088758733
P016668,C004,2,1410.898088758733
P016668,C006,3,1410.898088758733
P016668,C054,1,1910.922795089868
P016669,C001,1,2076.3750345285425
P016669,C002,1,2076.3750345285425
P016669,C003,2,2076.3750345285425
P016669,C004,2,2076.3750345285425
P016669,C006,3,2076.3750345285425
P016669,C054,1,1271.5803281974074
P016670,C001,1,1410.898088758733
P016670,C002,1,1410.898088758733
P016670,C003,2,1410.898088758733
P016670,C004,2,1410.898088758733
P016670,C005,1,1410.898088758733
P016670,C006,2,1410.898088758733
P016670,C054,1,1910.922795089868
P016671,C001,1,2076.3750345285425
P016671,C002,1,2076.3750345285425
P016671,C003,2,2076.3750345285425
P016671,C004,2,2076.3750345285425
P016671,C005,1,2076.3750345285425
P016671,C006,2,2076.3750345285425
P016671,C054,1,1271.5803281974074
P016672,C001,1,1344.898088758733
P016672,C002,1,1344.898088758733
P016672,C003,3,1344.898088758733
P016672,C006,3,1344.898088758733
P016672,C055,1,1844.922795089868
P016673,C001,1,2010.3750345285423
P016673,C002,1,2010.3750345285423
P016673,C003,3,2010.3750345285423
P016673,C006,3,2010.3750345285423
P016673,C055,1,1241.5803281974074
P016676,C001,1,1344.898088758733
P016676,C002,1,1344.898088758733
P016676,C003,3,1344.898088758733
P016676,C005,1,1344.898088758733
P016676,C006,2,1344.898088758733
P016676,C055,1,1844.922795089868
P016677,C001,1,2010.3750345285423
P016677,C002,1,2010.3750345285423
P016677,C003,3,2010.3750345285423
P016677,C005,1,2010.3750345285423
P016677,C006,2,2010.3750345285423
P016677,C055,1,1241.5803281974074
P016680,C001,1,1410.898088758733
P016680,C002,1,1410.898088758733
P016680,C003,3,1410.898088758733
P016680,C004,2,1410.898088758733
P016680,C006,2,1410.898088758733
P016680,C054,1,1910.922795089868
P016681,C001,1,2076.3750345285425
P016681,C002,1,2076.3750345285425
P016681,C003,3,2076.3750345285425
P016681,C004,2,2076.3750345285425
P016681,C006,2,2076.3750345285425
P016681,C054,1,1271.5803281974074
P016682,C001,1,1410.898088758733
P016682,C002,1,1410.898088758733
P016682,C003,3,1410.898088758733
P016682,C004,2,1410.898088758733
P016682,C005,1,1410.898088758733
P016682,C006,1,1410.898088758733
P016682,C054,1,1910.922795089868
P016683,C001,1,2076.3750345285425
P016683,C002,1,2076.3750345285425
P016683,C003,3,2076.3750345285425
P016683,C004,2,2076.3750345285425
P016683,C005,1,2076.3750345285425
P016683,C006,1,2076.3750345285425
P016683,C054,1,1271.5803281974074
P016684,C006,1,882.8980887587328
P016684,C059,1,1736.416539826541
P016685,C006,1,2113.1184080271028
P016685,C059,1,1242.8999569592945
P016686,C006,1,882.8980887587328
P016686,C058,1,1736.416539826541
P016687,C006,1,2113.1184080271028
P016687,C058,1,1242.8999569592945
P016688,C006,1,912.8980887587328
P016688,C058,1,1802.416539826541
P016688,C059,1,1802.416539826541
P016689,C006,1,2179.1184080271028
P016689,C058,1,1308.8999569592945
P016689,C059,1,1308.8999569592945
P016690,C006,1,882.8980887587328
P016690,C057,1,1736.416539826541
P016691,C006,1,2113.1184080271028
P016691,C057,1,1242.8999569592945
P016692,C006,1,912.8980887587328
P016692,C057,1,1802.416539826541
P016692,C059,1,1802.416539826541
P016693,C006,1,2179.1184080271028
P016693,C057,1,1308.8999569592945
P016693,C059,1,1308.8999569592945
P016698,C006,5,1146.898088758733
P016698,C058,1,2000.416539826541
P016715,C004,1,2113.1184080271028
P016715,C059,1,1242.8999569592945
P016721,C004,1,2113.1184080271028
P016721,C057,1,1242.8999569592945
P016728,C004,1,1212.898088758733
P016728,C006,5,1212.898088758733
P016728,C057,1,2066.4165398265413
P016744,C003,1,2113.1184080271028
P016744,C059,1,1242.8999569592945
P016750,C003,1,2113.1184080271028
P016750,C057,1,1242.8999569592945
P016757,C003,1,1278.898088758733
P016757,C004,2,1278.898088758733
P016757,C006,4,1278.898088758733
P016757,C057,1,2132.4165398265413
P016787,C002,1,1278.898088758733
P016787,C004,2,1278.898088758733
P016787,C006,4,1278.898088758733
P016787,C058,1,2132.4165398265413
P016789,C002,1,1344.898088758733
P016789,C003,2,1344.898088758733
P016789,C004,2,1344.898088758733
P016789,C005,1,1344.898088758733
P016789,C006,2,1344.898088758733
P016789,C057,1,2198.4165398265413
P016790,C002,1,1344.898088758733
P016790,C003,3,1344.898088758733
P016790,C004,1,1344.898088758733
P016790,C006,3,1344.898088758733
P016790,C057,1,2198.4165398265413
P016791,C002,1,1344.898088758733
P016791,C003,3,1344.898088758733
P016791,C004,1,1344.898088758733
P016791,C005,1,1344.898088758733
P016791,C006,2,1344.898088758733
P016791,C057,1,2198.4165398265413
P016792,C002,1,1344.898088758733
P016792,C003,3,1344.898088758733
P016792,C004,2,1344.898088758733
P016792,C006,2,1344.898088758733
P016792,C058,1,2198.4165398265413
P016793,C002,1,1344.898088758733
P016793,C003,3,1344.898088758733
P016793,C004,2,1344.898088758733
P016793,C006,2,1344.898088758733
P016793,C057,1,2198.4165398265413
P016794,C002,1,1344.898088758733
P016794,C003,3,1344.898088758733
P016794,C004,2,1344.898088758733
P016794,C005,1,1344.898088758733
P016794,C006,1,1344.898088758733
P016794,C058,1,2198.4165398265413
P016795,C002,1,1344.898088758733
P016795,C003,3,1344.898088758733
P016795,C004,2,1344.898088758733
P016795,C005,1,1344.898088758733
P016795,C006,1,1344.898088758733
P016795,C057,1,2198.4165398265413
P016811,C001,1,1278.898088758733
P016811,C004,2,1278.898088758733
P016811,C006,4,1278.898088758733
P016811,C058,1,2132.4165398265413
P016817,C001,1,1344.898088758733
P016817,C003,3,1344.898088758733
P016817,C004,2,1344.898088758733
P016817,C006,2,1344.898088758733
P016817,C058,1,2198.4165398265413
P016818,C001,1,1344.898088758733
P016818,C003,3,1344.898088758733
P016818,C004,2,1344.898088758733
P016818,C006,2,1344.898088758733
P016818,C057,1,2198.4165398265413
P016819,C001,1,1344.898088758733
P016819,C003,3,1344.898088758733
P016819,C004,2,1344.898088758733
P016819,C005,1,1344.898088758733
P016819,C006,1,1344.898088758733
P016819,C058,1,2198.4165398265413
P016820,C001,1,1344.898088758733
P016820,C003,3,1344.898088758733
P016820,C004,2,1344.898088758733
P016820,C005,1,1344.898088758733
P016820,C006,1,1344.898088758733
P016820,C057,1,2198.4165398265413
P016821,C001,1,1278.898088758733
P016821,C002,1,1278.898088758733
P016821,C006,5,1278.898088758733
P016821,C057,1,2132.4165398265413
P016848,C001,1,1140.898088758733
P016848,C002,1,1140.898088758733
P016848,C005,1,1140.898088758733
P016848,C006,1,1140.898088758733
P016848,C057,1,2066.4165398265413
P016848,C058,1,2066.4165398265413
P016848,C059,1,2066.4165398265413
P016854,C001,1,1176.898088758733
P016854,C002,1,1176.898088758733
P016854,C005,1,1176.898088758733
P016854,C006,2,1176.898088758733
P016854,C058,1,2066.4165398265413
P016854,C059,1,2066.4165398265413
P016861,C001,1,1206.898088758733
P016861,C002,1,1206.898088758733
P016861,C005,1,1206.898088758733
P016861,C006,2,1206.898088758733
P016861,C057,1,2132.4165398265413
P016861,C058,1,2132.4165398265413
P016861,C059,1,2132.4165398265413
P016862,C001,1,1212.898088758733
P016862,C002,1,1212.898088758733
P016862,C005,1,1212.898088758733
P016862,C006,3,1212.898088758733
P016862,C059,1,2066.4165398265413
P016865,C001,1,1242.898088758733
P016865,C002,1,1242.898088758733
P016865,C005,1,1242.898088758733
P016865,C006,3,1242.898088758733
P016865,C057,1,2132.4165398265413
P016865,C059,1,2132.4165398265413
P016867,C001,1,1278.898088758733
P016867,C002,1,1278.898088758733
P016867,C005,1,1278.898088758733
P016867,C006,4,1278.898088758733
P016867,C057,1,2132.4165398265413
P016880,C001,1,1140.898088758733
P016880,C002,1,1140.898088758733
P016880,C004,1,1140.898088758733
P016880,C005,1,1140.898088758733
P016880,C057,1,2066.4165398265413
P016880,C058,1,2066.4165398265413
P016880,C059,1,2066.4165398265413
P016890,C001,1,1176.898088758733
P016890,C002,1,1176.898088758733
P016890,C004,1,1176.898088758733
P016890,C005,1,1176.898088758733
P016890,C006,1,1176.898088758733
P016890,C057,1,2066.4165398265413
P016890,C059,1,2066.4165398265413
P016894,C001,1,1206.898088758733
P016894,C002,1,1206.898088758733
P016894,C004,1,1206.898088758733
P016894,C005,1,1206.898088758733
P016894,C006,1,1206.898088758733
P016894,C057,1,2132.4165398265413
P016894,C058,1,2132.4165398265413
P016894,C059,1,2132.4165398265413
P016895,C001,1,2509.1184080271028
P016895,C002,1,2509.1184080271028
P016895,C004,1,2509.1184080271028
P016895,C005,1,2509.1184080271028
P016895,C006,1,2509.1184080271028
P016895,C057,1,1494.8999569592945
P016895,C058,1,1494.8999569592945
P016895,C059,1,1494.8999569592945
P016896,C001,1,1212.898088758733
P016896,C002,1,1212.898088758733
P016896,C004,1,1212.898088758733
P016896,C005,1,1212.898088758733
P016896,C006,2,1212.898088758733
P016896,C059,1,2066.4165398265413
P016899,C001,1,1242.898088758733
P016899,C002,1,1242.898088758733
P016899,C004,1,1242.898088758733
P016899,C005,1,1242.898088758733
P016899,C006,2,1242.898088758733
P016899,C058,1,2132.4165398265413
P016899,C059,1,2132.4165398265413
P016902,C001,1,1242.898088758733
P016902,C002,1,1242.898088758733
P016902,C004,1,1242.898088758733
P016902,C005,1,1242.898088758733
P016902,C006,2,1242.898088758733
P016902,C057,1,2132.4165398265413
P016902,C059,1,2132.4165398265413
P016905,C001,1,1272.898088758733
P016905,C002,1,1272.898088758733
P016905,C004,1,1272.898088758733
P016905,C005,1,1272.898088758733
P016905,C006,2,1272.898088758733
P016905,C057,1,2198.4165398265413
P016905,C058,1,2198.4165398265413
P016905,C059,1,2198.4165398265413
P016908,C001,1,1308.898088758733
P016908,C002,1,1308.898088758733
P016908,C004,1,1308.898088758733
P016908,C005,1,1308.898088758733
P016908,C006,3,1308.898088758733
P016908,C057,1,2198.4165398265413
P016908,C058,1,2198.4165398265413
P016911,C001,1,1344.898088758733
P016911,C002,1,1344.898088758733
P016911,C003,1,1344.898088758733
P016911,C004,1,1344.898088758733
P016911,C006,4,1344.898088758733
P016911,C057,1,2198.4165398265413
P016913,C001,1,1410.898088758733
P016913,C002,1,1410.898088758733
P016913,C003,2,1410.898088758733
P016913,C004,2,1410.898088758733
P016913,C006,3,1410.898088758733
P016913,C057,1,2264.4165398265413
P016914,C001,1,1410.898088758733
P016914,C002,1,1410.898088758733
P016914,C003,2,1410.898088758733
P016914,C004,2,1410.898088758733
P016914,C005,1,1410.898088758733
P016914,C006,2,1410.898088758733
P016914,C057,1,2264.4165398265413
P016915,C001,1,1344.898088758733
P016915,C002,1,1344.898088758733
P016915,C003,3,1344.898088758733
P016915,C006,3,1344.898088758733
P016915,C058,1,2198.4165398265413
P016917,C001,1,1344.898088758733
P016917,C002,1,1344.898088758733
P016917,C003,3,1344.898088758733
P016917,C005,1,1344.898088758733
P016917,C006,2,1344.898088758733
P016917,C058,1,2198.4165398265413
P016919,C001,1,1410.898088758733
P016919,C002,1,1410.898088758733
P016919,C003,3,1410.898088758733
P016919,C004,2,1410.898088758733
P016919,C006,2,1410.898088758733
P016919,C057,1,2264.4165398265413
P016920,C001,1,1410.898088758733
P016920,C002,1,1410.898088758733
P016920,C003,3,1410.898088758733
P016920,C004,2,1410.898088758733
P016920,C005,1,1410.898088758733
P016920,C006,1,1410.898088758733
P016920,C057,1,2264.4165398265413
P016921,C006,1,882.8980887587328
P016921,C062,1,1691.919206870823
P016922,C006,1,2041.634156919094
P016922,C062,1,1203.563038807004
P016923,C006,1,882.8980887587328
P016923,C061,1,1691.919206870823
P016924,C006,1,2041.634156919094
P016924,C061,1,1203.563038807004
P016925,C006,1,912.8980887587328
P016925,C061,1,1757.919206870823
P016925,C062,1,1757.919206870823
P016926,C006,1,2107.634156919094
P016926,C061,1,1269.563038807004
P016926,C062,1,1269.563038807004
P016927,C006,1,882.8980887587328
P016927,C060,1,1691.919206870823
P016928,C006,1,2041.634156919094
P016928,C060,1,1203.563038807004
P016929,C006,1,912.8980887587328
P016929,C060,1,1757.919206870823
P016929,C062,1,1757.919206870823
P016930,C006,1,2107.634156919094
P016930,C060,1,1269.563038807004
P016930,C062,1,1269.563038807004
P016935,C006,5,1146.898088758733
P016935,C061,1,1955.919206870823
P016937,C005,1,882.8980887587328
P016937,C062,1,1691.919206870823
P016939,C005,1,882.8980887587328
P016939,C061,1,1691.919206870823
P016943,C005,1,882.8980887587328
P016943,C060,1,1691.919206870823
P016951,C004,1,882.8980887587328
P016951,C062,1,1691.919206870823
P016952,C004,1,2041.634156919094
P016952,C062,1,1203.563038807004
P016953,C004,1,882.8980887587328
P016953,C061,1,1691.919206870823
P016957,C004,1,882.8980887587328
P016957,C060,1,1691.919206870823
P016958,C004,1,2041.634156919094
P016958,C060,1,1203.563038807004
P016965,C004,1,1212.898088758733
P016965,C006,5,1212.898088758733
P016965,C060,1,2021.919206870823
P016966,C004,2,948.8980887587328
P016966,C062,1,1757.919206870823
P016968,C004,2,948.8980887587328
P016968,C061,1,1757.919206870823
P016972,C004,2,948.8980887587328
P016972,C060,1,1757.919206870823
P016980,C003,1,882.8980887587328
P016980,C062,1,1691.919206870823
P016981,C003,1,2041.634156919094
P016981,C062,1,1203.563038807004
P016982,C003,1,882.8980887587328
P016982,C061,1,1691.919206870823
P016986,C003,1,882.8980887587328
P016986,C060,1,1691.919206870823
P016987,C003,1,2041.634156919094
P016987,C060,1,1203.563038807004
P016994,C003,1,1278.898088758733
P016994,C004,2,1278.898088758733
P016994,C006,4,1278.898088758733
P016994,C060,1,2087.919206870823
P016995,C003,3,1014.8980887587328
P016995,C062,1,1823.919206870823
P016997,C003,3,1014.8980887587328
P016997,C061,1,1823.919206870823
P017001,C003,3,1014.8980887587328
P017001,C060,1,1823.919206870823
P017009,C002,1,882.8980887587328
P017009,C062,1,1691.919206870823
P017011,C002,1,882.8980887587328
P017011,C061,1,1691.919206870823
P017015,C002,1,882.8980887587328
P017015,C060,1,1691.919206870823
P017024,C002,1,1278.898088758733
P017024,C004,2,1278.898088758733
P017024,C006,4,1278.898088758733
P017024,C061,1,2087.919206870823
P017026,C002,1,1344.898088758733
P017026,C003,2,1344.898088758733
P017026,C004,2,1344.898088758733
P017026,C005,1,1344.898088758733
P017026,C006,2,1344.898088758733
P017026,C060,1,2153.919206870823
P017027,C002,1,1344.898088758733
P017027,C003,3,1344.898088758733
P017027,C004,1,1344.898088758733
P017027,C006,3,1344.898088758733
P017027,C060,1,2153.919206870823
P017028,C002,1,1344.898088758733
P017028,C003,3,1344.898088758733
P017028,C004,1,1344.898088758733
P017028,C005,1,1344.898088758733
P017028,C006,2,1344.898088758733
P017028,C060,1,2153.919206870823
P017029,C002,1,1344.898088758733
P017029,C003,3,1344.898088758733
P017029,C004,2,1344.898088758733
P017029,C006,2,1344.898088758733
P017029,C061,1,2153.919206870823
P017030,C002,1,1344.898088758733
P017030,C003,3,1344.898088758733
P017030,C004,2,1344.898088758733
P017030,C006,2,1344.898088758733
P017030,C060,1,2153.919206870823
P017031,C002,1,1344.898088758733
P017031,C003,3,1344.898088758733
P017031,C004,2,1344.898088758733
P017031,C005,1,1344.898088758733
P017031,C006,1,1344.898088758733
P017031,C061,1,2153.919206870823
P017032,C002,1,1344.898088758733
P017032,C003,3,1344.898088758733
P017032,C004,2,1344.898088758733
P017032,C005,1,1344.898088758733
P017032,C006,1,1344.898088758733
P017032,C060,1,2153.919206870823
P017033,C001,1,882.8980887587328
P017033,C062,1,1691.919206870823
P017035,C001,1,882.8980887587328
P017035,C061,1,1691.919206870823
P017039,C001,1,882.8980887587328
P017039,C060,1,1691.919206870823
P017048,C001,1,1278.898088758733
P017048,C004,2,1278.898088758733
P017048,C006,4,1278.898088758733
P017048,C061,1,2087.919206870823
P017054,C001,1,1344.898088758733
P017054,C003,3,1344.898088758733
P017054,C004,2,1344.898088758733
P017054,C006,2,1344.898088758733
P017054,C061,1,2153.919206870823
P017055,C001,1,1344.898088758733
P017055,C003,3,1344.898088758733
P017055,C004,2,1344.898088758733
P017055,C006,2,1344.898088758733
P017055,C060,1,2153.919206870823
P017056,C001,1,1344.898088758733
P017056,C003,3,1344.898088758733
P017056,C004,2,1344.898088758733
P017056,C005,1,1344.898088758733
P017056,C006,1,1344.898088758733
P017056,C061,1,2153.919206870823
P017057,C001,1,1344.898088758733
P017057,C003,3,1344.898088758733
P017057,C004,2,1344.898088758733
P017057,C005,1,1344.898088758733
P017057,C006,1,1344.898088758733
P017057,C060,1,2153.919206870823
P017058,C001,1,1278.898088758733
P017058,C002,1,1278.898088758733
P017058,C006,5,1278.898088758733
P017058,C060,1,2087.919206870823
P017096,C001,1,1206.898088758733
P017096,C002,1,1206.898088758733
P017096,C005,1,1206.898088758733
P017096,C006,2,1206.898088758733
P017096,C060,1,2087.919206870823
P017096,C061,1,2087.919206870823
P017096,C062,1,2087.919206870823
P017097,C001,1,1212.898088758733
P017097,C002,1,1212.898088758733
P017097,C005,1,1212.898088758733
P017097,C006,3,1212.898088758733
P017097,C062,1,2021.919206870823
P017100,C001,1,1242.898088758733
P017100,C002,1,1242.898088758733
P017100,C005,1,1242.898088758733
P017100,C006,3,1242.898088758733
P017100,C060,1,2087.919206870823
P017100,C062,1,2087.919206870823
P017102,C001,1,1278.898088758733
P017102,C002,1,1278.898088758733
P017102,C005,1,1278.898088758733
P017102,C006,4,1278.898088758733
P017102,C060,1,2087.919206870823
P017129,C001,1,1206.898088758733
P017129,C002,1,1206.898088758733
P017129,C004,1,1206.898088758733
P017129,C005,1,1206.898088758733
P017129,C006,1,1206.898088758733
P017129,C060,1,2087.919206870823
P017129,C061,1,2087.919206870823
P017129,C062,1,2087.919206870823
P017130,C001,1,2437.634156919094
P017130,C002,1,2437.634156919094
P017130,C004,1,2437.634156919094
P017130,C005,1,2437.634156919094
P017130,C006,1,2437.634156919094
P017130,C060,1,1455.563038807004
P017130,C061,1,1455.563038807004
P017130,C062,1,1455.563038807004
P017133,C001,1,1242.898088758733
P017133,C002,1,1242.898088758733
P017133,C004,1,1242.898088758733
P017133,C005,1,1242.898088758733
P017133,C006,2,1242.898088758733
P017133,C061,1,2087.919206870823
P017133,C062,1,2087.919206870823
P017136,C001,1,1242.898088758733
P017136,C002,1,1242.898088758733
P017136,C004,1,1242.898088758733
P017136,C005,1,1242.898088758733
P017136,C006,2,1242.898088758733
P017136,C060,1,2087.919206870823
P017136,C062,1,2087.919206870823
P017138,C001,1,1272.898088758733
P017138,C002,1,1272.898088758733
P017138,C004,1,1272.898088758733
P017138,C005,1,1272.898088758733
P017138,C006,2,1272.898088758733
P017138,C060,1,2153.919206870823
P017138,C061,1,2153.919206870823
P017138,C062,1,2153.919206870823
P017141,C001,1,1308.898088758733
P017141,C002,1,1308.898088758733
P017141,C004,1,1308.898088758733
P017141,C005,1,1308.898088758733
P017141,C006,3,1308.898088758733
P017141,C060,1,2153.919206870823
P017141,C061,1,2153.919206870823
P017144,C001,1,1344.898088758733
P017144,C002,1,1344.898088758733
P017144,C003,1,1344.898088758733
P017144,C004,1,1344.898088758733
P017144,C006,4,1344.898088758733
P017144,C060,1,2153.919206870823
P017146,C001,1,1410.898088758733
P017146,C002,1,1410.898088758733
P017146,C003,2,1410.898088758733
P017146,C004,2,1410.898088758733
P017146,C006,3,1410.898088758733
P017146,C060,1,2219.919206870823
P017147,C001,1,1410.898088758733
P017147,C002,1,1410.898088758733
P017147,C003,2,1410.898088758733
P017147,C004,2,1410.898088758733
P017147,C005,1,1410.898088758733
P017147,C006,2,1410.898088758733
P017147,C060,1,2219.919206870823
P017148,C001,1,1344.898088758733
P017148,C002,1,1344.898088758733
P017148,C003,3,1344.898088758733
P017148,C006,3,1344.898088758733
P017148,C061,1,2153.919206870823
P017150,C001,1,1344.898088758733
P017150,C002,1,1344.898088758733
P017150,C003,3,1344.898088758733
P017150,C005,1,1344.898088758733
P017150,C006,2,1344.898088758733
P017150,C061,1,2153.919206870823
P017152,C001,1,1410.898088758733
P017152,C002,1,1410.898088758733
P017152,C003,3,1410.898088758733
P017152,C004,2,1410.898088758733
P017152,C006,2,1410.898088758733
P017152,C060,1,2219.919206870823
P017153,C001,1,1410.898088758733
P017153,C002,1,1410.898088758733
P017153,C003,3,1410.898088758733
P017153,C004,2,1410.898088758733
P017153,C005,1,1410.898088758733
P017153,C006,1,1410.898088758733
P017153,C060,1,2219.919206870823
P017159,C011,1,1750.5248218412685
P017159,C020,1,1285.5620324839206
P017183,C011,1,1750.5248218412685
P017183,C017,1,1285.5620324839206
P017213,C010,1,1188.9133786226248
P017213,C021,1,1652.9961679799726
P017217,C010,1,1188.9133786226248
P017217,C020,1,1652.9961679799726
P017221,C010,1,1188.9133786226248
P017221,C019,1,1652.9961679799726
P017229,C010,1,1188.9133786226248
P017229,C018,1,1652.9961679799726
P017274,C009,1,1750.5248218412685
P017274,C020,1,1285.5620324839206
P017307,C009,1,1750.5248218412685
P017307,C017,1,1285.5620324839206
P017348,C008,1,1750.5248218412685
P017348,C020,1,1285.5620324839206
P017378,C008,1,1750.5248218412685
P017378,C017,1,1285.5620324839206
P017548,C007,1,1188.9133786226248
P017548,C021,1,1652.9961679799726
P017552,C007,1,1188.9133786226248
P017552,C020,1,1652.9961679799726
P017558,C007,1,1188.9133786226248
P017558,C019,1,1652.9961679799726
P017568,C007,1,1188.9133786226248
P017568,C018,1,1652.9961679799726
P017946,C011,1,1700.6348888482023
P017946,C025,1,1074.6573203179064
P017981,C011,1,1700.6348888482023
P017981,C022,1,1074.6573203179064
P018126,C009,1,1700.6348888482023
P018126,C025,1,1074.6573203179064
P018165,C009,1,1700.6348888482023
P018165,C022,1,1074.6573203179064
P018223,C008,1,1700.6348888482023
P018223,C025,1,1074.6573203179064
P018262,C008,1,1700.6348888482023
P018262,C022,1,1074.6573203179064
P019444,C011,1,1188.9133786226248
P019444,C027,1,2127.8989806002
P019445,C011,1,1857.5922516929384
P019445,C027,1,909.0766497153631
P019446,C010,1,1188.9133786226248
P019446,C027,1,2127.8989806002
P019447,C010,1,1857.5922516929384
P019447,C027,1,909.0766497153631
P019448,C009,1,1857.5922516929384
P019448,C031,1,909.0766497153631
P019449,C009,1,1857.5922516929384
P019449,C030,1,909.0766497153631
P019450,C009,1,1188.9133786226248
P019450,C029,1,2127.8989806002
P019451,C009,1,1857.5922516929384
P019451,C029,1,909.0766497153631
P019452,C009,1,1923.5922516929384
P019452,C029,1,975.0766497153631
P019452,C031,1,975.0766497153631
P019454,C009,1,1188.9133786226248
P019454,C028,1,2127.8989806002
P019459,C009,1,1188.9133786226248
P019459,C027,1,2127.8989806002
P019460,C009,1,1857.5922516929384
P019460,C027,1,909.0766497153631
P019463,C009,1,1218.9133786226248
P019463,C027,1,2193.8989806002
P019463,C029,1,2193.8989806002
P019469,C008,1,1857.5922516929384
P019469,C031,1,909.0766497153631
P019470,C008,1,1857.5922516929384
P019470,C030,1,909.0766497153631
P019471,C008,1,1188.9133786226248
P019471,C029,1,2127.8989806002
P019472,C008,1,1857.5922516929384
P019472,C029,1,909.0766497153631
P019473,C008,1,1188.9133786226248
P019473,C028,1,2127.8989806002
P019474,C008,1,1857.5922516929384
P019474,C028,1,909.0766497153631
P019475,C008,1,1923.5922516929384
P019475,C028,1,975.0766497153631
P019475,C029,1,975.0766497153631
P019476,C008,1,1188.9133786226248
P019476,C027,1,2127.8989806002
P019477,C008,1,1857.5922516929384
P019477,C027,1,909.0766497153631
P019484,C007,1,1857.5922516929384
P019484,C031,1,909.0766497153631
P019485,C007,1,1923.5922516929384
P019485,C031,2,975.0766497153631
P019486,C007,1,1857.5922516929384
P019486,C030,1,909.0766497153631
P019488,C007,1,1188.9133786226248
P019488,C029,1,2127.8989806002
P019492,C007,1,1188.9133786226248
P019492,C028,1,2127.8989806002
P019499,C007,1,1188.9133786226248
P019499,C027,1,2127.8989806002
P019503,C007,1,1218.9133786226248
P019503,C027,1,2193.8989806002
P019503,C029,1,2193.8989806002
P019507,C007,1,1218.9133786226248
P019507,C027,1,2193.8989806002
P019507,C028,1,2193.8989806002
P019517,C011,1,1480.4376877710329
P019517,C044,1,1055.337520366348
P019522,C011,1,1188.9133786226248
P019522,C042,1,1612.9635460273098
P019523,C011,1,1480.4376877710329
P019523,C042,1,1055.337520366348
P019550,C010,1,1188.9133786226248
P019550,C042,1,1612.9635460273098
P019551,C010,1,1480.4376877710329
P019551,C042,1,1055.337520366348
P019566,C009,1,1480.4376877710329
P019566,C044,1,1055.337520366348
P019571,C009,1,1188.9133786226248
P019571,C042,1,1612.9635460273098
P019572,C009,1,1480.4376877710329
P019572,C042,1,1055.337520366348
P019593,C008,1,1480.4376877710329
P019593,C044,1,1055.337520366348
P019598,C008,1,1188.9133786226248
P019598,C042,1,1612.9635460273098
P019599,C008,1,1480.4376877710329
P019599,C042,1,1055.337520366348
P019745,C007,1,1188.9133786226248
P019745,C042,1,1612.9635460273098
P019746,C007,1,1480.4376877710329
P019746,C042,1,1055.337520366348
P019931,C007,1,1876.4376877710329
P019931,C008,1,1876.4376877710329
P019931,C009,1,1876.4376877710329
P019931,C011,2,1876.4376877710329
P019931,C042,1,1307.337520366348
P019931,C043,1,1307.337520366348
P019931,C044,1,1307.337520366348
P020063,C007,1,1512.9133786226248
P020063,C008,2,1512.9133786226248
P020063,C009,1,1512.9133786226248
P020063,C011,1,1512.9133786226248
P020063,C042,1,2008.9635460273096
P020063,C043,1,2008.9635460273096
P020063,C044,1,2008.9635460273096
P020064,C007,1,1876.4376877710329
P020064,C008,2,1876.4376877710329
P020064,C009,1,1876.4376877710329
P020064,C011,1,1876.4376877710329
P020064,C042,1,1307.337520366348
P020064,C043,1,1307.337520366348
P020064,C044,1,1307.337520366348
P020086,C007,1,1512.9133786226248
P020086,C008,2,1512.9133786226248
P020086,C009,1,1512.9133786226248
P020086,C010,1,1512.9133786226248
P020086,C042,1,2008.9635460273096
P020086,C043,1,2008.9635460273096
P020086,C044,1,2008.9635460273096
P020087,C007,1,1876.4376877710329
P020087,C008,2,1876.4376877710329
P020087,C009,1,1876.4376877710329
P020087,C010,1,1876.4376877710329
P020087,C042,1,1307.337520366348
P020087,C043,1,1307.337520366348
P020087,C044,1,1307.337520366348
P020098,C011,1,1863.901509257476
P020098,C047,1,1059.7551021712627
P020104,C011,1,1863.901509257476
P020104,C045,1,1059.7551021712627
P020124,C009,1,1863.901509257476
P020124,C047,1,1059.7551021712627
P020130,C009,1,1863.901509257476
P020130,C045,1,1059.7551021712627
P020138,C008,1,1863.901509257476
P020138,C047,1,1059.7551021712627
P020144,C008,1,1863.901509257476
P020144,C045,1,1059.7551021712627
P020267,C011,1,1605.5280043555952
P020267,C050,1,872.5054354300685
P020271,C011,1,1671.5280043555952
P020271,C049,1,938.5054354300684
P020271,C050,1,938.5054354300684
P020273,C011,1,1605.5280043555952
P020273,C048,1,872.5054354300685
P020275,C011,1,1671.5280043555952
P020275,C048,1,938.5054354300684
P020275,C050,1,938.5054354300684
P020277,C011,1,1671.5280043555952
P020277,C048,1,938.5054354300684
P020277,C049,1,938.5054354300684
P020281,C011,3,1737.5280043555952
P020281,C050,1,932.5054354300684
P020286,C011,3,1737.5280043555952
P020286,C048,1,932.5054354300684
P020309,C009,1,1605.5280043555952
P020309,C050,1,872.5054354300685
P020313,C009,1,1671.5280043555952
P020313,C049,1,938.5054354300684
P020313,C050,1,938.5054354300684
P020315,C009,1,1605.5280043555952
P020315,C048,1,872.5054354300685
P020317,C009,1,1671.5280043555952
P020317,C048,1,938.5054354300684
P020317,C050,1,938.5054354300684
P020319,C009,1,1671.5280043555952
P020319,C048,1,938.5054354300684
P020319,C049,1,938.5054354300684
P020322,C009,1,1803.5280043555952
P020322,C011,3,1803.5280043555952
P020322,C050,1,962.5054354300684
P020332,C008,1,1605.5280043555952
P020332,C050,1,872.5054354300685
P020336,C008,1,1671.5280043555952
P020336,C049,1,938.5054354300684
P020336,C050,1,938.5054354300684
P020338,C008,1,1605.5280043555952
P020338,C048,1,872.5054354300685
P020340,C008,1,1671.5280043555952
P020340,C048,1,938.5054354300684
P020340,C050,1,938.5054354300684
P020350,C008,2,1671.5280043555952
P020350,C050,1,902.5054354300684
P020356,C008,2,1671.5280043555952
P020356,C048,1,902.5054354300684
P020391,C008,2,1737.5280043555952
P020391,C009,1,1737.5280043555952
P020391,C050,1,932.5054354300684
P020397,C008,2,1737.5280043555952
P020397,C009,1,1737.5280043555952
P020397,C048,1,932.5054354300684
P020737,C011,1,1816.7104304929912
P020737,C053,1,1250.2201848609295
P020743,C011,1,1816.7104304929912
P020743,C051,1,1250.2201848609295
P020766,C009,1,1816.7104304929912
P020766,C053,1,1250.2201848609295
P020772,C009,1,1816.7104304929912
P020772,C051,1,1250.2201848609295
P020780,C008,1,1816.7104304929912
P020780,C053,1,1250.2201848609295
P020786,C008,1,1816.7104304929912
P020786,C051,1,1250.2201848609295
P020928,C011,1,1640.401311096521
P020928,C056,1,1031.5803281974074
P020934,C011,1,1640.401311096521
P020934,C054,1,1031.5803281974074
P020963,C009,1,1640.401311096521
P020963,C056,1,1031.5803281974074
P020969,C009,1,1640.401311096521
P020969,C054,1,1031.5803281974074
P020979,C008,1,1640.401311096521
P020979,C056,1,1031.5803281974074
P020985,C008,1,1640.401311096521
P020985,C054,1,1031.5803281974074
P021273,C016,1,1991.0854457057767
P021273,C025,1,1074.6573203179064
P021280,C016,1,1991.0854457057767
P021280,C022,1,1074.6573203179064
P021290,C015,1,1345.3647604288242
P021290,C024,1,2276.1428858166946
P021292,C015,1,1345.3647604288242
P021292,C023,1,2276.1428858166946
P021295,C015,1,1345.3647604288242
P021295,C022,1,2276.1428858166946
P021376,C012,1,1345.3647604288242
P021376,C026,1,2276.1428858166946
P021379,C012,1,1345.3647604288242
P021379,C025,1,2276.1428858166946
P021382,C012,1,1345.3647604288242
P021382,C024,1,2276.1428858166946
P021386,C012,1,1345.3647604288242
P021386,C023,1,2276.1428858166946
P021437,C016,1,1746.6042543312533
P021437,C030,1,909.0766497153631
P021473,C016,1,1746.6042543312533
P021473,C027,1,909.0766497153631
P021523,C016,3,2010.604254331253
P021523,C029,1,1101.0766497153631
P021523,C031,2,1101.0766497153631
P021554,C015,1,1345.3647604288242
P021554,C031,1,2185.262365044714
P021559,C015,1,1746.6042543312533
P021559,C030,1,909.0766497153631
P021959,C013,2,2076.6042543312533
P021959,C015,1,2076.6042543312533
P021959,C029,1,1167.0766497153631
P021959,C030,1,1167.0766497153631
P021959,C031,2,1167.0766497153631
P021968,C013,2,2076.6042543312533
P021968,C015,1,2076.6042543312533
P021968,C028,1,1167.0766497153631
P021968,C030,1,1167.0766497153631
P021968,C031,2,1167.0766497153631
P022086,C013,2,2142.6042543312533
P022086,C014,1,2142.6042543312533
P022086,C028,1,1233.0766497153631
P022086,C029,1,1233.0766497153631
P022086,C030,1,1233.0766497153631
P022086,C031,2,1233.0766497153631
P022130,C013,2,2076.6042543312533
P022130,C014,1,2076.6042543312533
P022130,C016,1,2076.6042543312533
P022130,C030,1,1131.0766497153631
P022130,C031,2,1131.0766497153631
P022150,C013,2,2142.6042543312533
P022150,C014,1,2142.6042543312533
P022150,C016,1,2142.6042543312533
P022150,C028,1,1197.0766497153631
P022150,C029,1,1197.0766497153631
P022150,C031,2,1197.0766497153631
P022152,C013,2,2142.6042543312533
P022152,C014,1,2142.6042543312533
P022152,C016,1,2142.6042543312533
P022152,C028,1,1197.0766497153631
P022152,C029,1,1197.0766497153631
P022152,C030,1,1197.0766497153631
P022152,C031,1,1197.0766497153631
P022203,C013,2,2076.6042543312533
P022203,C014,1,2076.6042543312533
P022203,C015,1,2076.6042543312533
P022203,C030,1,1131.0766497153631
P022203,C031,2,1131.0766497153631
P022223,C013,2,2142.6042543312533
P022223,C014,1,2142.6042543312533
P022223,C015,1,2142.6042543312533
P022223,C028,1,1197.0766497153631
P022223,C029,1,1197.0766497153631
P022223,C031,2,1197.0766497153631
P022225,C013,2,2142.6042543312533
P022225,C014,1,2142.6042543312533
P022225,C015,1,2142.6042543312533
P022225,C028,1,1197.0766497153631
P022225,C029,1,1197.0766497153631
P022225,C030,1,1197.0766497153631
P022225,C031,1,1197.0766497153631
P022487,C012,1,2076.6042543312533
P022487,C015,1,2076.6042543312533
P022487,C016,1,2076.6042543312533
P022487,C029,1,1167.0766497153631
P022487,C030,1,1167.0766497153631
P022487,C031,2,1167.0766497153631
P022675,C012,1,2142.6042543312533
P022675,C014,1,2142.6042543312533
P022675,C015,1,2142.6042543312533
P022675,C028,1,1233.0766497153631
P022675,C029,1,1233.0766497153631
P022675,C030,1,1233.0766497153631
P022675,C031,2,1233.0766497153631
P022858,C012,1,2142.6042543312533
P022858,C013,1,2142.6042543312533
P022858,C015,1,2142.6042543312533
P022858,C027,1,1233.0766497153631
P022858,C028,1,1233.0766497153631
P022858,C030,1,1233.0766497153631
P022858,C031,2,1233.0766497153631
P022975,C012,1,2142.6042543312533
P022975,C013,1,2142.6042543312533
P022975,C014,1,2142.6042543312533
P022975,C015,1,2142.6042543312533
P022975,C029,1,1197.0766497153631
P022975,C030,1,1197.0766497153631
P022975,C031,2,1197.0766497153631
P023020,C012,1,2208.6042543312533
P023020,C013,1,2208.6042543312533
P023020,C014,1,2208.6042543312533
P023020,C015,1,2208.6042543312533
P023020,C027,1,1263.0766497153631
P023020,C028,1,1263.0766497153631
P023020,C029,1,1263.0766497153631
P023020,C031,2,1263.0766497153631
P023022,C012,1,2208.6042543312533
P023022,C013,1,2208.6042543312533
P023022,C014,1,2208.6042543312533
P023022,C015,1,2208.6042543312533
P023022,C027,1,1263.0766497153631
P023022,C028,1,1263.0766497153631
P023022,C029,1,1263.0766497153631
P023022,C030,1,1263.0766497153631
P023022,C031,1,1263.0766497153631
P023135,C012,1,2208.6042543312533
P023135,C013,2,2208.6042543312533
P023135,C027,1,1299.0766497153631
P023135,C028,1,1299.0766497153631
P023135,C029,1,1299.0766497153631
P023135,C030,1,1299.0766497153631
P023135,C031,2,1299.0766497153631
P023173,C012,1,2142.6042543312533
P023173,C013,2,2142.6042543312533
P023173,C016,1,2142.6042543312533
P023173,C027,1,1197.0766497153631
P023173,C030,1,1197.0766497153631
P023173,C031,2,1197.0766497153631
P023193,C012,1,2208.6042543312533
P023193,C013,2,2208.6042543312533
P023193,C016,1,2208.6042543312533
P023193,C027,1,1263.0766497153631
P023193,C028,1,1263.0766497153631
P023193,C029,1,1263.0766497153631
P023193,C031,2,1263.0766497153631
P023195,C012,1,2208.6042543312533
P023195,C013,2,2208.6042543312533
P023195,C016,1,2208.6042543312533
P023195,C027,1,1263.0766497153631
P023195,C028,1,1263.0766497153631
P023195,C029,1,1263.0766497153631
P023195,C030,1,1263.0766497153631
P023195,C031,1,1263.0766497153631
P023280,C012,1,2208.6042543312533
P023280,C013,2,2208.6042543312533
P023280,C015,1,2208.6042543312533
P023280,C027,1,1263.0766497153631
P023280,C028,1,1263.0766497153631
P023280,C029,1,1263.0766497153631
P023280,C031,2,1263.0766497153631
P023282,C012,1,2208.6042543312533
P023282,C013,2,2208.6042543312533
P023282,C015,1,2208.6042543312533
P023282,C027,1,1263.0766497153631
P023282,C028,1,1263.0766497153631
P023282,C029,1,1263.0766497153631
P023282,C030,1,1263.0766497153631
P023282,C031,1,1263.0766497153631
P023364,C012,1,2208.6042543312533
P023364,C013,2,2208.6042543312533
P023364,C014,1,2208.6042543312533
P023364,C027,1,1263.0766497153631
P023364,C029,1,1263.0766497153631
P023364,C030,1,1263.0766497153631
P023364,C031,2,1263.0766497153631
P023373,C012,1,2208.6042543312533
P023373,C013,2,2208.6042543312533
P023373,C014,1,2208.6042543312533
P023373,C027,1,1263.0766497153631
P023373,C028,1,1263.0766497153631
P023373,C030,1,1263.0766497153631
P023373,C031,2,1263.0766497153631
P023378,C012,1,2208.6042543312533
P023378,C013,2,2208.6042543312533
P023378,C014,1,2208.6042543312533
P023378,C027,1,1263.0766497153631
P023378,C028,1,1263.0766497153631
P023378,C029,1,1263.0766497153631
P023378,C031,2,1263.0766497153631
P023381,C012,1,2208.6042543312533
P023381,C013,2,2208.6042543312533
P023381,C014,1,2208.6042543312533
P023381,C027,1,1263.0766497153631
P023381,C028,1,1263.0766497153631
P023381,C029,1,1263.0766497153631
P023381,C030,1,1263.0766497153631
P023381,C031,1,1263.0766497153631
P023417,C012,1,2208.6042543312533
P023417,C013,2,2208.6042543312533
P023417,C014,1,2208.6042543312533
P023417,C016,1,2208.6042543312533
P023417,C027,1,1227.0766497153631
P023417,C029,1,1227.0766497153631
P023417,C031,2,1227.0766497153631
P023419,C012,1,2208.6042543312533
P023419,C013,2,2208.6042543312533
P023419,C014,1,2208.6042543312533
P023419,C016,1,2208.6042543312533
P023419,C027,1,1227.0766497153631
P023419,C029,1,1227.0766497153631
P023419,C030,1,1227.0766497153631
P023419,C031,1,1227.0766497153631
P023426,C012,1,2208.6042543312533
P023426,C013,2,2208.6042543312533
P023426,C014,1,2208.6042543312533
P023426,C016,1,2208.6042543312533
P023426,C027,1,1227.0766497153631
P023426,C028,1,1227.0766497153631
P023426,C029,1,1227.0766497153631
P023426,C031,1,1227.0766497153631
P023427,C012,1,2208.6042543312533
P023427,C013,2,2208.6042543312533
P023427,C014,1,2208.6042543312533
P023427,C016,1,2208.6042543312533
P023427,C027,1,1227.0766497153631
P023427,C028,1,1227.0766497153631
P023427,C029,1,1227.0766497153631
P023427,C030,1,1227.0766497153631
P023475,C012,1,2208.6042543312533
P023475,C013,2,2208.6042543312533
P023475,C014,1,2208.6042543312533
P023475,C015,1,2208.6042543312533
P023475,C027,1,1227.0766497153631
P023475,C029,1,1227.0766497153631
P023475,C031,2,1227.0766497153631
P023477,C012,1,2208.6042543312533
P023477,C013,2,2208.6042543312533
P023477,C014,1,2208.6042543312533
P023477,C015,1,2208.6042543312533
P023477,C027,1,1227.0766497153631
P023477,C029,1,1227.0766497153631
P023477,C030,1,1227.0766497153631
P023477,C031,1,1227.0766497153631
P023484,C012,1,2208.6042543312533
P023484,C013,2,2208.6042543312533
P023484,C014,1,2208.6042543312533
P023484,C015,1,2208.6042543312533
P023484,C027,1,1227.0766497153631
P023484,C028,1,1227.0766497153631
P023484,C029,1,1227.0766497153631
P023484,C031,1,1227.0766497153631
P023485,C012,1,2208.6042543312533
P023485,C013,2,2208.6042543312533
P023485,C014,1,2208.6042543312533
P023485,C015,1,2208.6042543312533
P023485,C027,1,1227.0766497153631
P023485,C028,1,1227.0766497153631
P023485,C029,1,1227.0766497153631
P023485,C030,1,1227.0766497153631
P023501,C016,1,1572.8679986556597
P023501,C035,1,1113.7006332510348
P023504,C016,1,1345.3647604288242
P023504,C034,1,1803.532125833449
P023505,C016,1,1572.8679986556597
P023505,C034,1,1113.7006332510348
P023513,C016,1,1572.8679986556597
P023513,C033,1,1113.7006332510348
P023528,C016,1,1345.3647604288242
P023528,C032,1,1803.532125833449
P023529,C016,1,1572.8679986556597
P023529,C032,1,1113.7006332510348
P023537,C016,1,1638.8679986556597
P023537,C032,1,1179.7006332510348
P023537,C034,1,1179.7006332510348
P023545,C016,1,1638.8679986556597
P023545,C032,1,1179.7006332510348
P023545,C033,1,1179.7006332510348
P023606,C015,1,1572.8679986556597
P023606,C035,1,1113.7006332510348
P023610,C015,1,1572.8679986556597
P023610,C034,1,1113.7006332510348
P023618,C015,1,1572.8679986556597
P023618,C033,1,1113.7006332510348
P023633,C015,1,1345.3647604288242
P023633,C032,1,1803.532125833449
P023634,C015,1,1572.8679986556597
P023634,C032,1,1113.7006332510348
P023642,C015,1,1638.8679986556597
P023642,C032,1,1179.7006332510348
P023642,C034,1,1179.7006332510348
P023684,C014,1,1572.8679986556597
P023684,C035,1,1113.7006332510348
P023687,C014,1,1345.3647604288242
P023687,C034,1,1803.532125833449
P023688,C014,1,1572.8679986556597
P023688,C034,1,1113.7006332510348
P023696,C014,1,1572.8679986556597
P023696,C033,1,1113.7006332510348
P023711,C014,1,1345.3647604288242
P023711,C032,1,1803.532125833449
P023712,C014,1,1572.8679986556597
P023712,C032,1,1113.7006332510348
P023720,C014,1,1638.8679986556597
P023720,C032,1,1179.7006332510348
P023720,C034,1,1179.7006332510348
P023728,C014,1,1638.8679986556597
P023728,C032,1,1179.7006332510348
P023728,C033,1,1179.7006332510348
P023781,C013,1,1572.8679986556597
P023781,C035,1,1113.7006332510348
P023784,C013,1,1345.3647604288242
P023784,C034,1,1803.532125833449
P023785,C013,1,1572.8679986556597
P023785,C034,1,1113.7006332510348
P023793,C013,1,1572.8679986556597
P023793,C033,1,1113.7006332510348
P023808,C013,1,1345.3647604288242
P023808,C032,1,1803.532125833449
P023809,C013,1,1572.8679986556597
P023809,C032,1,1113.7006332510348
P023817,C013,1,1638.8679986556597
P023817,C032,1,1179.7006332510348
P023817,C034,1,1179.7006332510348
P024289,C012,1,1345.3647604288242
P024289,C034,1,1803.532125833449
P024290,C012,1,1572.8679986556597
P024290,C034,1,1113.7006332510348
P024298,C012,1,1572.8679986556597
P024298,C033,1,1113.7006332510348
P024313,C012,1,1345.3647604288242
P024313,C032,1,1803.532125833449
P024314,C012,1,1572.8679986556597
P024314,C032,1,1113.7006332510348
P024322,C012,1,1638.8679986556597
P024322,C032,1,1179.7006332510348
P024322,C034,1,1179.7006332510348
P024330,C012,1,1638.8679986556597
P024330,C032,1,1179.7006332510348
P024330,C033,1,1179.7006332510348
P024411,C012,1,1638.8679986556597
P024411,C015,1,1638.8679986556597
P024411,C032,1,1143.7006332510348
P025004,C012,1,2034.86799865566
P025004,C013,1,2034.86799865566
P025004,C014,1,2034.86799865566
P025004,C015,1,2034.86799865566
P025004,C032,1,1467.7006332510348
P025004,C033,1,1467.7006332510348
P025004,C034,1,1467.7006332510348
P025004,C035,1,1467.7006332510348
P025004,C036,1,1467.7006332510348
P025360,C012,1,2034.86799865566
P025360,C013,2,2034.86799865566
P025360,C014,1,2034.86799865566
P025360,C032,1,1467.7006332510348
P025360,C033,1,1467.7006332510348
P025360,C034,1,1467.7006332510348
P025360,C035,1,1467.7006332510348
P025360,C036,1,1467.7006332510348
P025397,C012,1,2034.86799865566
P025397,C013,2,2034.86799865566
P025397,C014,1,2034.86799865566
P025397,C016,1,2034.86799865566
P025397,C032,1,1431.7006332510348
P025397,C034,1,1431.7006332510348
P025397,C035,1,1431.7006332510348
P025397,C036,1,1431.7006332510348
P025405,C012,1,1968.86799865566
P025405,C013,2,1968.86799865566
P025405,C014,1,1968.86799865566
P025405,C016,1,1968.86799865566
P025405,C032,1,1365.7006332510348
P025405,C033,1,1365.7006332510348
P025405,C034,1,1365.7006332510348
P025406,C012,1,2034.86799865566
P025406,C013,2,2034.86799865566
P025406,C014,1,2034.86799865566
P025406,C016,1,2034.86799865566
P025406,C032,1,1431.7006332510348
P025406,C033,1,1431.7006332510348
P025406,C034,1,1431.7006332510348
P025406,C036,1,1431.7006332510348
P025407,C012,1,2034.86799865566
P025407,C013,2,2034.86799865566
P025407,C014,1,2034.86799865566
P025407,C016,1,2034.86799865566
P025407,C032,1,1431.7006332510348
P025407,C033,1,1431.7006332510348
P025407,C034,1,1431.7006332510348
P025407,C035,1,1431.7006332510348
P025428,C012,1,2034.86799865566
P025428,C013,2,2034.86799865566
P025428,C014,1,2034.86799865566
P025428,C016,2,2034.86799865566
P025428,C032,1,1395.7006332510348
P025428,C033,1,1395.7006332510348
P025428,C034,1,1395.7006332510348
P025465,C012,1,2034.86799865566
P025465,C013,2,2034.86799865566
P025465,C014,1,2034.86799865566
P025465,C015,1,2034.86799865566
P025465,C032,1,1431.7006332510348
P025465,C034,1,1431.7006332510348
P025465,C035,1,1431.7006332510348
P025465,C036,1,1431.7006332510348
P025473,C012,1,1968.86799865566
P025473,C013,2,1968.86799865566
P025473,C014,1,1968.86799865566
P025473,C015,1,1968.86799865566
P025473,C032,1,1365.7006332510348
P025473,C033,1,1365.7006332510348
P025473,C034,1,1365.7006332510348
P025474,C012,1,2034.86799865566
P025474,C013,2,2034.86799865566
P025474,C014,1,2034.86799865566
P025474,C015,1,2034.86799865566
P025474,C032,1,1431.7006332510348
P025474,C033,1,1431.7006332510348
P025474,C034,1,1431.7006332510348
P025474,C036,1,1431.7006332510348
P025475,C012,1,2034.86799865566
P025475,C013,2,2034.86799865566
P025475,C014,1,2034.86799865566
P025475,C015,1,2034.86799865566
P025475,C032,1,1431.7006332510348
P025475,C033,1,1431.7006332510348
P025475,C034,1,1431.7006332510348
P025475,C035,1,1431.7006332510348
P025496,C012,1,2034.86799865566
P025496,C013,2,2034.86799865566
P025496,C014,1,2034.86799865566
P025496,C015,1,2034.86799865566
P025496,C016,1,2034.86799865566
P025496,C032,1,1395.7006332510348
P025496,C033,1,1395.7006332510348
P025496,C034,1,1395.7006332510348
P025497,C016,1,1345.3647604288242
P025497,C050,1,2158.3810219269044
P025498,C016,1,1672.8816969281486
P025498,C050,1,872.5054354300685
P025499,C016,1,1345.3647604288242
P025499,C049,1,2158.3810219269044
P025501,C016,1,1375.3647604288242
P025501,C049,1,2224.3810219269044
P025501,C050,1,2224.3810219269044
P025502,C016,1,1738.8816969281486
P025502,C049,1,938.5054354300684
P025502,C050,1,938.5054354300684
P025503,C016,1,1345.3647604288242
P025503,C048,1,2158.3810219269044
P025504,C016,1,1672.8816969281486
P025504,C048,1,872.5054354300685
P025505,C016,1,1375.3647604288242
P025505,C048,1,2224.3810219269044
P025505,C050,1,2224.3810219269044
P025506,C016,1,1738.8816969281486
P025506,C048,1,938.5054354300684
P025506,C050,1,938.5054354300684
P025507,C016,1,1375.3647604288242
P025507,C048,1,2224.3810219269044
P025507,C049,1,2224.3810219269044
P025508,C016,1,1738.8816969281486
P025508,C048,1,938.5054354300684
P025508,C049,1,938.5054354300684
P025509,C016,1,1405.3647604288242
P025509,C048,1,2290.3810219269044
P025509,C049,1,2290.3810219269044
P025509,C050,1,2290.3810219269044
P025512,C016,3,1804.8816969281488
P025512,C050,1,932.5054354300684
P025517,C016,3,1804.8816969281488
P025517,C048,1,932.5054354300684
P025523,C015,1,1345.3647604288242
P025523,C050,1,2158.3810219269044
P025525,C015,1,1345.3647604288242
P025525,C049,1,2158.3810219269044
P025527,C015,1,1375.3647604288242
P025527,C049,1,2224.3810219269044
P025527,C050,1,2224.3810219269044
P025529,C015,1,1345.3647604288242
P025529,C048,1,2158.3810219269044
P025531,C015,1,1375.3647604288242
P025531,C048,1,2224.3810219269044
P025531,C050,1,2224.3810219269044
P025533,C015,1,1375.3647604288242
P025533,C048,1,2224.3810219269044
P025533,C049,1,2224.3810219269044
P025535,C015,1,1405.3647604288242
P025535,C048,1,2290.3810219269044
P025535,C049,1,2290.3810219269044
P025535,C050,1,2290.3810219269044
P025540,C014,1,1345.3647604288242
P025540,C050,1,2158.3810219269044
P025541,C014,1,1672.8816969281486
P025541,C050,1,872.5054354300685
P025542,C014,1,1345.3647604288242
P025542,C049,1,2158.3810219269044
P025544,C014,1,1375.3647604288242
P025544,C049,1,2224.3810219269044
P025544,C050,1,2224.3810219269044
P025545,C014,1,1738.8816969281486
P025545,C049,1,938.5054354300684
P025545,C050,1,938.5054354300684
P025546,C014,1,1345.3647604288242
P025546,C048,1,2158.3810219269044
P025547,C014,1,1672.8816969281486
P025547,C048,1,872.5054354300685
P025548,C014,1,1375.3647604288242
P025548,C048,1,2224.3810219269044
P025548,C050,1,2224.3810219269044
P025549,C014,1,1738.8816969281486
P025549,C048,1,938.5054354300684
P025549,C050,1,938.5054354300684
P025550,C014,1,1375.3647604288242
P025550,C048,1,2224.3810219269044
P025550,C049,1,2224.3810219269044
P025551,C014,1,1738.8816969281486
P025551,C048,1,938.5054354300684
P025551,C049,1,938.5054354300684
P025552,C014,1,1405.3647604288242
P025552,C048,1,2290.3810219269044
P025552,C049,1,2290.3810219269044
P025552,C050,1,2290.3810219269044
P025554,C014,1,1870.8816969281488
P025554,C016,3,1870.8816969281488
P025554,C050,1,962.5054354300684
P025564,C013,1,1345.3647604288242
P025564,C050,1,2158.3810219269044
P025565,C013,1,1672.8816969281486
P025565,C050,1,872.5054354300685
P025566,C013,1,1345.3647604288242
P025566,C049,1,2158.3810219269044
P025568,C013,1,1375.3647604288242
P025568,C049,1,2224.3810219269044
P025568,C050,1,2224.3810219269044
P025569,C013,1,1738.8816969281486
P025569,C049,1,938.5054354300684
P025569,C050,1,938.5054354300684
P025570,C013,1,1345.3647604288242
P025570,C048,1,2158.3810219269044
P025571,C013,1,1672.8816969281486
P025571,C048,1,872.5054354300685
P025572,C013,1,1375.3647604288242
P025572,C048,1,2224.3810219269044
P025572,C050,1,2224.3810219269044
P025573,C013,1,1738.8816969281486
P025573,C048,1,938.5054354300684
P025573,C050,1,938.5054354300684
P025574,C013,1,1375.3647604288242
P025574,C048,1,2224.3810219269044
P025574,C049,1,2224.3810219269044
P025576,C013,1,1405.3647604288242
P025576,C048,1,2290.3810219269044
P025576,C049,1,2290.3810219269044
P025576,C050,1,2290.3810219269044
P025585,C013,2,1738.8816969281486
P025585,C050,1,902.5054354300684
P025591,C013,2,1738.8816969281486
P025591,C048,1,902.5054354300684
P025629,C013,2,1804.8816969281488
P025629,C014,1,1804.8816969281488
P025629,C050,1,932.5054354300684
P025635,C013,2,1804.8816969281488
P025635,C014,1,1804.8816969281488
P025635,C048,1,932.5054354300684
P025658,C013,2,2002.8816969281488
P025658,C014,1,2002.8816969281488
P025658,C016,2,2002.8816969281488
P025658,C049,1,1058.5054354300685
P025658,C050,1,1058.5054354300685
P025680,C013,2,2002.8816969281488
P025680,C014,1,2002.8816969281488
P025680,C015,1,2002.8816969281488
P025680,C016,1,2002.8816969281488
P025680,C049,1,1058.5054354300685
P025680,C050,1,1058.5054354300685
P025686,C012,1,1345.3647604288242
P025686,C050,1,2158.3810219269044
P025688,C012,1,1345.3647604288242
P025688,C049,1,2158.3810219269044
P025690,C012,1,1375.3647604288242
P025690,C049,1,2224.3810219269044
P025690,C050,1,2224.3810219269044
P025692,C012,1,1345.3647604288242
P025692,C048,1,2158.3810219269044
P025694,C012,1,1375.3647604288242
P025694,C048,1,2224.3810219269044
P025694,C050,1,2224.3810219269044
P025696,C012,1,1375.3647604288242
P025696,C048,1,2224.3810219269044
P025696,C049,1,2224.3810219269044
P025698,C012,1,1405.3647604288242
P025698,C048,1,2290.3810219269044
P025698,C049,1,2290.3810219269044
P025698,C050,1,2290.3810219269044
P025998,C016,1,1673.912433739433
P025998,C062,1,1203.563038807004
P026004,C016,1,1673.912433739433
P026004,C060,1,1203.563038807004
P026037,C014,1,1673.912433739433
P026037,C062,1,1203.563038807004
P026043,C014,1,1673.912433739433
P026043,C060,1,1203.563038807004
P026057,C013,1,1673.912433739433
P026057,C062,1,1203.563038807004
P026063,C013,1,1673.912433739433
P026063,C060,1,1203.563038807004
P026452,C021,1,1285.5620324839206
P026452,C022,1,1816.4019571179056
P026453,C021,1,1602.1672449518917
P026453,C022,1,1074.6573203179064
P026555,C020,1,1285.5620324839206
P026555,C026,1,1816.4019571179056
P026598,C020,1,1285.5620324839206
P026598,C022,1,1816.4019571179056
P026599,C020,1,1602.1672449518917
P026599,C022,1,1074.6573203179064
P026742,C019,1,1602.1672449518917
P026742,C024,1,1074.6573203179064
P026775,C019,1,1285.5620324839206
P026775,C022,1,1816.4019571179056
P026776,C019,1,1602.1672449518917
P026776,C022,1,1074.6573203179064
P027127,C018,1,1285.5620324839206
P027127,C022,1,1816.4019571179056
P027128,C018,1,1602.1672449518917
P027128,C022,1,1074.6573203179064
P027690,C017,1,1285.5620324839206
P027690,C026,1,1816.4019571179056
P027701,C017,1,1602.1672449518917
P027701,C024,1,1074.6573203179064
P027735,C017,1,1285.5620324839206
P027735,C022,1,1816.4019571179056
P027736,C017,1,1602.1672449518917
P027736,C022,1,1074.6573203179064
P028342,C017,1,1998.1672449518917
P028342,C019,1,1998.1672449518917
P028342,C020,1,1998.1672449518917
P028342,C022,1,1398.6573203179064
P028342,C023,1,1398.6573203179064
P028342,C024,1,1398.6573203179064
P028342,C026,2,1398.6573203179064
P028908,C017,1,1998.1672449518917
P028908,C018,1,1998.1672449518917
P028908,C019,1,1998.1672449518917
P028908,C020,1,1998.1672449518917
P028908,C022,1,1362.6573203179064
P028908,C023,1,1362.6573203179064
P028908,C024,1,1362.6573203179064
P028908,C026,1,1362.6573203179064
P029121,C021,1,1781.1864611795145
P029121,C040,1,1265.7191979586669
P029135,C021,1,1781.1864611795145
P029135,C037,1,1265.7191979586669
P029187,C019,1,1781.1864611795145
P029187,C040,1,1265.7191979586669
P029209,C019,1,1781.1864611795145
P029209,C037,1,1265.7191979586669
P029274,C018,1,1781.1864611795145
P029274,C040,1,1265.7191979586669
P029293,C018,1,1781.1864611795145
P029293,C037,1,1265.7191979586669
P029620,C021,1,1557.3562617436571
P029620,C044,1,1055.337520366348
P029626,C021,1,1557.3562617436571
P029626,C042,1,1055.337520366348
P030138,C017,1,1959.929643562625
P030138,C045,1,1059.7551021712627
P030140,C021,1,1576.019538909586
P030140,C050,1,872.5054354300685
P030146,C021,1,1576.019538909586
P030146,C048,1,872.5054354300685
P030154,C021,2,1642.019538909586
P030154,C050,1,902.5054354300684
P030160,C021,2,1642.019538909586
P030160,C048,1,902.5054354300684
P030207,C019,1,1576.019538909586
P030207,C050,1,872.5054354300685
P030213,C019,1,1576.019538909586
P030213,C048,1,872.5054354300685
P030221,C019,1,1642.019538909586
P030221,C021,1,1642.019538909586
P030221,C050,1,902.5054354300684
P030227,C019,1,1642.019538909586
P030227,C021,1,1642.019538909586
P030227,C048,1,902.5054354300684
P030235,C019,1,1708.019538909586
P030235,C021,2,1708.019538909586
P030235,C050,1,932.5054354300684
P030241,C019,1,1708.019538909586
P030241,C021,2,1708.019538909586
P030241,C048,1,932.5054354300684
P030284,C018,1,1576.019538909586
P030284,C050,1,872.5054354300685
P030290,C018,1,1576.019538909586
P030290,C048,1,872.5054354300685
P030298,C018,1,1642.019538909586
P030298,C021,1,1642.019538909586
P030298,C050,1,902.5054354300684
P030304,C018,1,1642.019538909586
P030304,C021,1,1642.019538909586
P030304,C048,1,902.5054354300684
P030312,C018,1,1708.019538909586
P030312,C021,2,1708.019538909586
P030312,C050,1,932.5054354300684
P030317,C018,1,1708.019538909586
P030317,C021,2,1708.019538909586
P030317,C048,1,932.5054354300684
P030357,C018,1,1642.019538909586
P030357,C019,1,1642.019538909586
P030357,C050,1,902.5054354300684
P030363,C018,1,1642.019538909586
P030363,C019,1,1642.019538909586
P030363,C048,1,902.5054354300684
P030706,C017,1,1972.019538909586
P030706,C018,1,1972.019538909586
P030706,C019,1,1972.019538909586
P030706,C020,1,1972.019538909586
P030706,C021,1,1972.019538909586
P030706,C048,1,1124.5054354300685
P030706,C049,1,1124.5054354300685
P030706,C050,1,1124.5054354300685
P030708,C021,1,1741.8715339942405
P030708,C056,1,1031.5803281974074
P030713,C021,1,1741.8715339942405
P030713,C054,1,1031.5803281974074
P030889,C019,1,2114.342056918681
P030889,C062,1,1203.563038807004
P030893,C019,1,2114.342056918681
P030893,C060,1,1203.563038807004
P030918,C026,1,1074.6573203179064
P030918,C031,1,1838.583406103497
P030920,C026,1,1104.6573203179064
P030920,C031,2,1904.583406103497
P030922,C026,1,1074.6573203179064
P030922,C030,1,1838.583406103497
P030924,C026,1,1104.6573203179064
P030924,C030,1,1904.583406103497
P030924,C031,1,1904.583406103497
P030926,C026,1,1134.6573203179064
P030926,C030,1,1970.583406103497
P030926,C031,2,1970.583406103497
P030928,C026,1,1074.6573203179064
P030928,C029,1,1838.583406103497
P030930,C026,1,1104.6573203179064
P030930,C029,1,1904.583406103497
P030930,C031,1,1904.583406103497
P030932,C026,1,1134.6573203179064
P030932,C029,1,1970.583406103497
P030932,C031,2,1970.583406103497
P031086,C025,1,1074.6573203179064
P031086,C031,1,1838.583406103497
P031088,C025,1,1104.6573203179064
P031088,C031,2,1904.583406103497
P031090,C025,1,1074.6573203179064
P031090,C030,1,1838.583406103497
P031092,C025,1,1104.6573203179064
P031092,C030,1,1904.583406103497
P031092,C031,1,1904.583406103497
P031094,C025,1,1134.6573203179064
P031094,C030,1,1970.583406103497
P031094,C031,2,1970.583406103497
P031096,C025,1,1074.6573203179064
P031096,C029,1,1838.583406103497
P031098,C025,1,1104.6573203179064
P031098,C029,1,1904.583406103497
P031098,C031,1,1904.583406103497
P031100,C025,1,1134.6573203179064
P031100,C029,1,1970.583406103497
P031100,C031,2,1970.583406103497
P031310,C024,1,1074.6573203179064
P031310,C031,1,1838.583406103497
P031312,C024,1,1104.6573203179064
P031312,C031,2,1904.583406103497
P031314,C024,1,1074.6573203179064
P031314,C030,1,1838.583406103497
P031316,C024,1,1104.6573203179064
P031316,C030,1,1904.583406103497
P031316,C031,1,1904.583406103497
P031318,C024,1,1134.6573203179064
P031318,C030,1,1970.583406103497
P031318,C031,2,1970.583406103497
P031320,C024,1,1074.6573203179064
P031320,C029,1,1838.583406103497
P031322,C024,1,1104.6573203179064
P031322,C029,1,1904.583406103497
P031322,C031,1,1904.583406103497
P031324,C024,1,1134.6573203179064
P031324,C029,1,1970.583406103497
P031324,C031,2,1970.583406103497
P031764,C023,1,1074.6573203179064
P031764,C031,1,1838.583406103497
P031766,C023,1,1104.6573203179064
P031766,C031,2,1904.583406103497
P031768,C023,1,1074.6573203179064
P031768,C030,1,1838.583406103497
P031770,C023,1,1104.6573203179064
P031770,C030,1,1904.583406103497
P031770,C031,1,1904.583406103497
P031772,C023,1,1134.6573203179064
P031772,C030,1,1970.583406103497
P031772,C031,2,1970.583406103497
P031774,C023,1,1074.6573203179064
P031774,C029,1,1838.583406103497
P031776,C023,1,1104.6573203179064
P031776,C029,1,1904.583406103497
P031776,C031,1,1904.583406103497
P031778,C023,1,1134.6573203179064
P031778,C029,1,1970.583406103497
P031778,C031,2,1970.583406103497
P032572,C022,1,1074.6573203179064
P032572,C031,1,1838.583406103497
P032574,C022,1,1104.6573203179064
P032574,C031,2,1904.583406103497
P032576,C022,1,1074.6573203179064
P032576,C030,1,1838.583406103497
P032578,C022,1,1104.6573203179064
P032578,C030,1,1904.583406103497
P032578,C031,1,1904.583406103497
P032580,C022,1,1134.6573203179064
P032580,C030,1,1970.583406103497
P032580,C031,2,1970.583406103497
P032582,C022,1,1074.6573203179064
P032582,C029,1,1838.583406103497
P032584,C022,1,1104.6573203179064
P032584,C029,1,1904.583406103497
P032584,C031,1,1904.583406103497
P032586,C022,1,1134.6573203179064
P032586,C029,1,1970.583406103497
P032586,C031,2,1970.583406103497
P033968,C022,1,2146.982735500954
P033968,C023,1,2146.982735500954
P033968,C024,1,2146.982735500954
P033968,C027,1,1299.0766497153631
P033968,C028,1,1299.0766497153631
P033968,C029,1,1299.0766497153631
P033968,C030,1,1299.0766497153631
P033968,C031,2,1299.0766497153631
P034040,C022,1,2146.982735500954
P034040,C023,1,2146.982735500954
P034040,C024,1,2146.982735500954
P034040,C026,1,2146.982735500954
P034040,C027,1,1263.0766497153631
P034040,C028,1,1263.0766497153631
P034040,C029,1,1263.0766497153631
P034040,C031,2,1263.0766497153631
P034043,C022,1,2146.982735500954
P034043,C023,1,2146.982735500954
P034043,C024,1,2146.982735500954
P034043,C026,1,2146.982735500954
P034043,C027,1,1263.0766497153631
P034043,C028,1,1263.0766497153631
P034043,C029,1,1263.0766497153631
P034043,C030,1,1263.0766497153631
P034043,C031,1,1263.0766497153631
P034094,C022,1,2146.982735500954
P034094,C023,1,2146.982735500954
P034094,C024,1,2146.982735500954
P034094,C026,2,2146.982735500954
P034094,C027,1,1227.0766497153631
P034094,C028,1,1227.0766497153631
P034094,C029,1,1227.0766497153631
P034094,C031,1,1227.0766497153631
P034095,C022,1,2146.982735500954
P034095,C023,1,2146.982735500954
P034095,C024,1,2146.982735500954
P034095,C026,2,2146.982735500954
P034095,C027,1,1227.0766497153631
P034095,C028,1,1227.0766497153631
P034095,C029,1,1227.0766497153631
P034095,C030,1,1227.0766497153631
P034167,C022,1,2146.982735500954
P034167,C023,1,2146.982735500954
P034167,C024,1,2146.982735500954
P034167,C025,1,2146.982735500954
P034167,C027,1,1263.0766497153631
P034167,C028,1,1263.0766497153631
P034167,C029,1,1263.0766497153631
P034167,C031,2,1263.0766497153631
P034170,C022,1,2146.982735500954
P034170,C023,1,2146.982735500954
P034170,C024,1,2146.982735500954
P034170,C025,1,2146.982735500954
P034170,C027,1,1263.0766497153631
P034170,C028,1,1263.0766497153631
P034170,C029,1,1263.0766497153631
P034170,C030,1,1263.0766497153631
P034170,C031,1,1263.0766497153631
P034221,C022,1,2146.982735500954
P034221,C023,1,2146.982735500954
P034221,C024,1,2146.982735500954
P034221,C025,1,2146.982735500954
P034221,C026,1,2146.982735500954
P034221,C027,1,1227.0766497153631
P034221,C028,1,1227.0766497153631
P034221,C029,1,1227.0766497153631
P034221,C031,1,1227.0766497153631
P034222,C022,1,2146.982735500954
P034222,C023,1,2146.982735500954
P034222,C024,1,2146.982735500954
P034222,C025,1,2146.982735500954
P034222,C026,1,2146.982735500954
P034222,C027,1,1227.0766497153631
P034222,C028,1,1227.0766497153631
P034222,C029,1,1227.0766497153631
P034222,C030,1,1227.0766497153631
P036572,C022,1,2332.9655452001803
P036572,C023,1,2332.9655452001803
P036572,C024,1,2332.9655452001803
P036572,C026,1,2332.9655452001803
P036572,C032,1,1467.7006332510348
P036572,C033,1,1467.7006332510348
P036572,C034,1,1467.7006332510348
P036572,C035,1,1467.7006332510348
P036572,C036,1,1467.7006332510348
P036673,C022,1,2332.9655452001803
P036673,C023,1,2332.9655452001803
P036673,C024,1,2332.9655452001803
P036673,C025,1,2332.9655452001803
P036673,C032,1,1467.7006332510348
P036673,C033,1,1467.7006332510348
P036673,C034,1,1467.7006332510348
P036673,C035,1,1467.7006332510348
P036673,C036,1,1467.7006332510348
P036727,C026,1,1809.152600986799
P036727,C040,1,1265.7191979586669
P036754,C026,1,1809.152600986799
P036754,C037,1,1265.7191979586669
P037498,C023,1,1260.6573203179064
P037498,C024,1,1260.6573203179064
P037498,C037,1,1940.5007233460387
P037498,C038,1,1940.5007233460387
P037498,C039,1,1940.5007233460387
P037498,C040,1,1940.5007233460387
P037498,C041,1,1940.5007233460387
P037542,C023,1,1296.6573203179064
P037542,C024,1,1296.6573203179064
P037542,C026,1,1296.6573203179064
P037542,C037,1,1940.5007233460387
P037542,C038,1,1940.5007233460387
P037542,C039,1,1940.5007233460387
P037542,C041,1,1940.5007233460387
P037543,C023,1,1296.6573203179064
P037543,C024,1,1296.6573203179064
P037543,C026,1,1296.6573203179064
P037543,C037,1,1940.5007233460387
P037543,C038,1,1940.5007233460387
P037543,C039,1,1940.5007233460387
P037543,C040,1,1940.5007233460387
P037605,C023,1,1296.6573203179064
P037605,C024,1,1296.6573203179064
P037605,C025,1,1296.6573203179064
P037605,C037,1,1940.5007233460387
P037605,C038,1,1940.5007233460387
P037605,C039,1,1940.5007233460387
P037605,C041,1,1940.5007233460387
P037606,C023,1,1296.6573203179064
P037606,C024,1,1296.6573203179064
P037606,C025,1,1296.6573203179064
P037606,C037,1,1940.5007233460387
P037606,C038,1,1940.5007233460387
P037606,C039,1,1940.5007233460387
P037606,C040,1,1940.5007233460387
P038369,C022,1,1296.6573203179064
P038369,C023,1,1296.6573203179064
P038369,C024,1,1296.6573203179064
P038369,C038,1,1940.5007233460387
P038369,C039,1,1940.5007233460387
P038369,C040,1,1940.5007233460387
P038369,C041,1,1940.5007233460387
P038435,C022,1,1362.6573203179064
P038435,C023,1,1362.6573203179064
P038435,C024,1,1362.6573203179064
P038435,C026,1,1362.6573203179064
P038435,C037,1,2006.5007233460387
P038435,C038,1,2006.5007233460387
P038435,C039,1,2006.5007233460387
P038435,C041,1,2006.5007233460387
P038436,C022,1,1362.6573203179064
P038436,C023,1,1362.6573203179064
P038436,C024,1,1362.6573203179064
P038436,C026,1,1362.6573203179064
P038436,C037,1,2006.5007233460387
P038436,C038,1,2006.5007233460387
P038436,C039,1,2006.5007233460387
P038436,C040,1,2006.5007233460387
P038450,C022,1,1398.6573203179064
P038450,C023,1,1398.6573203179064
P038450,C024,1,1398.6573203179064
P038450,C026,2,1398.6573203179064
P038450,C037,1,2006.5007233460387
P038450,C038,1,2006.5007233460387
P038450,C039,1,2006.5007233460387
P038487,C022,1,1362.6573203179064
P038487,C023,1,1362.6573203179064
P038487,C024,1,1362.6573203179064
P038487,C025,1,1362.6573203179064
P038487,C037,1,2006.5007233460387
P038487,C038,1,2006.5007233460387
P038487,C039,1,2006.5007233460387
P038487,C041,1,2006.5007233460387
P038488,C022,1,1362.6573203179064
P038488,C023,1,1362.6573203179064
P038488,C024,1,1362.6573203179064
P038488,C025,1,1362.6573203179064
P038488,C037,1,2006.5007233460387
P038488,C038,1,2006.5007233460387
P038488,C039,1,2006.5007233460387
P038488,C040,1,2006.5007233460387
P038502,C022,1,1398.6573203179064
P038502,C023,1,1398.6573203179064
P038502,C024,1,1398.6573203179064
P038502,C025,1,1398.6573203179064
P038502,C026,1,1398.6573203179064
P038502,C037,1,2006.5007233460387
P038502,C038,1,2006.5007233460387
P038502,C039,1,2006.5007233460387
P038535,C025,1,1074.6573203179064
P038535,C043,1,1601.2386396365982
P038817,C023,1,1368.6573203179064
P038817,C024,1,1368.6573203179064
P038817,C025,1,1368.6573203179064
P038817,C026,2,1368.6573203179064
P038817,C043,1,1931.2386396365985
P038817,C044,1,1931.2386396365985
P038826,C022,1,1074.6573203179064
P038826,C043,1,1601.2386396365982
P039072,C022,1,1398.6573203179064
P039072,C023,1,1398.6573203179064
P039072,C025,1,1398.6573203179064
P039072,C026,2,1398.6573203179064
P039072,C042,1,1997.2386396365985
P039072,C043,1,1997.2386396365985
P039072,C044,1,1997.2386396365985
P039153,C026,1,1881.5416101716169
P039153,C047,1,1059.7551021712627
P039684,C026,1,1406.4766588051032
P039684,C050,1,872.5054354300685
P039690,C026,1,1406.4766588051032
P039690,C048,1,872.5054354300685
P039698,C026,2,1472.4766588051032
P039698,C050,1,902.5054354300684
P039704,C026,2,1472.4766588051032
P039704,C048,1,902.5054354300684
P039754,C024,1,1406.4766588051032
P039754,C050,1,872.5054354300685
P039760,C024,1,1406.4766588051032
P039760,C048,1,872.5054354300685
P039768,C024,1,1472.4766588051032
P039768,C026,1,1472.4766588051032
P039768,C050,1,902.5054354300684
P039774,C024,1,1472.4766588051032
P039774,C026,1,1472.4766588051032
P039774,C048,1,902.5054354300684
P039782,C024,1,1538.4766588051032
P039782,C026,2,1538.4766588051032
P039782,C050,1,932.5054354300684
P039788,C024,1,1538.4766588051032
P039788,C026,2,1538.4766588051032
P039788,C048,1,932.5054354300684
P039838,C023,1,1406.4766588051032
P039838,C050,1,872.5054354300685
P039843,C023,1,1074.6573203179064
P039843,C048,1,1606.918543692941
P039844,C023,1,1406.4766588051032
P039844,C048,1,872.5054354300685
P039852,C023,1,1472.4766588051032
P039852,C026,1,1472.4766588051032
P039852,C050,1,902.5054354300684
P039858,C023,1,1472.4766588051032
P039858,C026,1,1472.4766588051032
P039858,C048,1,902.5054354300684
P039866,C023,1,1538.4766588051032
P039866,C026,2,1538.4766588051032
P039866,C050,1,932.5054354300684
P039872,C023,1,1538.4766588051032
P039872,C026,2,1538.4766588051032
P039872,C048,1,932.5054354300684
P039922,C023,1,1472.4766588051032
P039922,C024,1,1472.4766588051032
P039922,C050,1,902.5054354300684
P039928,C023,1,1472.4766588051032
P039928,C024,1,1472.4766588051032
P039928,C048,1,902.5054354300684
P039995,C023,1,1368.6573203179064
P039995,C024,1,1368.6573203179064
P039995,C025,1,1368.6573203179064
P039995,C026,2,1368.6573203179064
P039995,C049,1,1936.918543692941
P039995,C050,1,1936.918543692941
P039996,C023,1,1736.4766588051032
P039996,C024,1,1736.4766588051032
P039996,C025,1,1736.4766588051032
P039996,C026,2,1736.4766588051032
P039996,C049,1,1058.5054354300685
P039996,C050,1,1058.5054354300685
P040009,C022,1,1074.6573203179064
P040009,C048,1,1606.918543692941
P040010,C022,1,1406.4766588051032
P040010,C048,1,872.5054354300685
P040253,C022,1,1398.6573203179064
P040253,C023,1,1398.6573203179064
P040253,C025,1,1398.6573203179064
P040253,C026,2,1398.6573203179064
P040253,C048,1,2002.918543692941
P040253,C049,1,2002.918543692941
P040253,C050,1,2002.918543692941
P040254,C022,1,1802.4766588051032
P040254,C023,1,1802.4766588051032
P040254,C025,1,1802.4766588051032
P040254,C026,2,1802.4766588051032
P040254,C048,1,1124.5054354300685
P040254,C049,1,1124.5054354300685
P040254,C050,1,1124.5054354300685
P040335,C026,1,1074.6573203179064
P040335,C053,1,1774.1957084027651
P040336,C026,1,1958.2385729457883
P040336,C053,1,1250.2201848609295
P040337,C026,1,1074.6573203179064
P040337,C052,1,1774.1957084027651
P040338,C026,1,1958.2385729457883
P040338,C052,1,1250.2201848609295
P040339,C026,1,1104.6573203179064
P040339,C052,1,1840.1957084027647
P040339,C053,1,1840.1957084027647
P040340,C026,1,2024.2385729457883
P040340,C052,1,1316.2201848609295
P040340,C053,1,1316.2201848609295
P040341,C026,1,1074.6573203179064
P040341,C051,1,1774.1957084027651
P040342,C026,1,1958.2385729457883
P040342,C051,1,1250.2201848609295
P040343,C026,1,1104.6573203179064
P040343,C051,1,1840.1957084027647
P040343,C053,1,1840.1957084027647
P040344,C026,1,2024.2385729457883
P040344,C051,1,1316.2201848609295
P040344,C053,1,1316.2201848609295
P041190,C022,1,1398.6573203179064
P041190,C023,1,1398.6573203179064
P041190,C024,1,1398.6573203179064
P041190,C026,2,1398.6573203179064
P041190,C054,1,2117.4344804309626
P041190,C055,1,2117.4344804309626
P041190,C056,1,2117.4344804309626
P041216,C022,1,1398.6573203179064
P041216,C023,1,1398.6573203179064
P041216,C024,1,1398.6573203179064
P041216,C025,1,1398.6573203179064
P041216,C026,1,1398.6573203179064
P041216,C054,1,2117.4344804309626
P041216,C055,1,2117.4344804309626
P041216,C056,1,2117.4344804309626
P041221,C026,1,2297.2801959823587
P041221,C059,1,1242.8999569592945
P041225,C026,1,2297.2801959823587
P041225,C057,1,1242.8999569592945
P041231,C025,1,2297.2801959823587
P041231,C059,1,1242.8999569592945
P041235,C025,1,2297.2801959823587
P041235,C057,1,1242.8999569592945
P041241,C024,1,2297.2801959823587
P041241,C059,1,1242.8999569592945
P041246,C024,1,2297.2801959823587
P041246,C057,1,1242.8999569592945
P041263,C023,1,2297.2801959823587
P041263,C059,1,1242.8999569592945
P041268,C023,1,2297.2801959823587
P041268,C057,1,1242.8999569592945
P041932,C022,1,1398.6573203179064
P041932,C023,1,1398.6573203179064
P041932,C024,1,1398.6573203179064
P041932,C026,2,1398.6573203179064
P041932,C060,1,2178.13448191142
P041932,C061,1,2178.13448191142
P041932,C062,1,2178.13448191142
P041958,C022,1,1398.6573203179064
P041958,C023,1,1398.6573203179064
P041958,C024,1,1398.6573203179064
P041958,C025,1,1398.6573203179064
P041958,C026,1,1398.6573203179064
P041958,C060,1,2178.13448191142
P041958,C061,1,2178.13448191142
P041958,C062,1,2178.13448191142
P044479,C027,1,1197.0766497153631
P044479,C028,1,1197.0766497153631
P044479,C029,1,1197.0766497153631
P044479,C031,1,1197.0766497153631
P044479,C032,1,1919.997837427801
P044479,C033,1,1919.997837427801
P044479,C034,1,1919.997837427801
P044479,C036,1,1919.997837427801
P044481,C027,1,1197.0766497153631
P044481,C028,1,1197.0766497153631
P044481,C029,1,1197.0766497153631
P044481,C031,1,1197.0766497153631
P044481,C032,1,1919.997837427801
P044481,C033,1,1919.997837427801
P044481,C034,1,1919.997837427801
P044481,C035,1,1919.997837427801
P044483,C027,1,1227.0766497153631
P044483,C028,1,1227.0766497153631
P044483,C029,1,1227.0766497153631
P044483,C031,1,1227.0766497153631
P044483,C032,1,1985.997837427801
P044483,C033,1,1985.997837427801
P044483,C034,1,1985.997837427801
P044483,C035,1,1985.997837427801
P044483,C036,1,1985.997837427801
P044484,C027,1,2193.9918209634725
P044484,C028,1,2193.9918209634725
P044484,C029,1,2193.9918209634725
P044484,C031,1,2193.9918209634725
P044484,C032,1,1467.7006332510348
P044484,C033,1,1467.7006332510348
P044484,C034,1,1467.7006332510348
P044484,C035,1,1467.7006332510348
P044484,C036,1,1467.7006332510348
P044521,C027,1,1233.0766497153631
P044521,C028,1,1233.0766497153631
P044521,C029,1,1233.0766497153631
P044521,C031,2,1233.0766497153631
P044521,C032,1,1919.997837427801
P044521,C034,1,1919.997837427801
P044521,C036,1,1919.997837427801
P044523,C027,1,1233.0766497153631
P044523,C028,1,1233.0766497153631
P044523,C029,1,1233.0766497153631
P044523,C031,2,1233.0766497153631
P044523,C032,1,1919.997837427801
P044523,C034,1,1919.997837427801
P044523,C035,1,1919.997837427801
P044531,C027,1,1233.0766497153631
P044531,C028,1,1233.0766497153631
P044531,C029,1,1233.0766497153631
P044531,C031,2,1233.0766497153631
P044531,C032,1,1919.997837427801
P044531,C033,1,1919.997837427801
P044531,C034,1,1919.997837427801
P044533,C027,1,1263.0766497153631
P044533,C028,1,1263.0766497153631
P044533,C029,1,1263.0766497153631
P044533,C031,2,1263.0766497153631
P044533,C032,1,1985.997837427801
P044533,C033,1,1985.997837427801
P044533,C034,1,1985.997837427801
P044533,C036,1,1985.997837427801
P044534,C027,1,2193.9918209634725
P044534,C028,1,2193.9918209634725
P044534,C029,1,2193.9918209634725
P044534,C031,2,2193.9918209634725
P044534,C032,1,1431.7006332510348
P044534,C033,1,1431.7006332510348
P044534,C034,1,1431.7006332510348
P044534,C036,1,1431.7006332510348
P044535,C027,1,1263.0766497153631
P044535,C028,1,1263.0766497153631
P044535,C029,1,1263.0766497153631
P044535,C031,2,1263.0766497153631
P044535,C032,1,1985.997837427801
P044535,C033,1,1985.997837427801
P044535,C034,1,1985.997837427801
P044535,C035,1,1985.997837427801
P044536,C027,1,2193.9918209634725
P044536,C028,1,2193.9918209634725
P044536,C029,1,2193.9918209634725
P044536,C031,2,2193.9918209634725
P044536,C032,1,1431.7006332510348
P044536,C033,1,1431.7006332510348
P044536,C034,1,1431.7006332510348
P044536,C035,1,1431.7006332510348
P044593,C027,1,1197.0766497153631
P044593,C028,1,1197.0766497153631
P044593,C029,1,1197.0766497153631
P044593,C030,1,1197.0766497153631
P044593,C032,1,1919.997837427801
P044593,C033,1,1919.997837427801
P044593,C034,1,1919.997837427801
P044593,C036,1,1919.997837427801
P044595,C027,1,1197.0766497153631
P044595,C028,1,1197.0766497153631
P044595,C029,1,1197.0766497153631
P044595,C030,1,1197.0766497153631
P044595,C032,1,1919.997837427801
P044595,C033,1,1919.997837427801
P044595,C034,1,1919.997837427801
P044595,C035,1,1919.997837427801
P044597,C027,1,1227.0766497153631
P044597,C028,1,1227.0766497153631
P044597,C029,1,1227.0766497153631
P044597,C030,1,1227.0766497153631
P044597,C032,1,1985.997837427801
P044597,C033,1,1985.997837427801
P044597,C034,1,1985.997837427801
P044597,C035,1,1985.997837427801
P044597,C036,1,1985.997837427801
P044598,C027,1,2193.9918209634725
P044598,C028,1,2193.9918209634725
P044598,C029,1,2193.9918209634725
P044598,C030,1,2193.9918209634725
P044598,C032,1,1467.7006332510348
P044598,C033,1,1467.7006332510348
P044598,C034,1,1467.7006332510348
P044598,C035,1,1467.7006332510348
P044598,C036,1,1467.7006332510348
P044635,C027,1,1233.0766497153631
P044635,C028,1,1233.0766497153631
P044635,C029,1,1233.0766497153631
P044635,C030,1,1233.0766497153631
P044635,C031,1,1233.0766497153631
P044635,C032,1,1919.997837427801
P044635,C034,1,1919.997837427801
P044635,C036,1,1919.997837427801
P044637,C027,1,1233.0766497153631
P044637,C028,1,1233.0766497153631
P044637,C029,1,1233.0766497153631
P044637,C030,1,1233.0766497153631
P044637,C031,1,1233.0766497153631
P044637,C032,1,1919.997837427801
P044637,C034,1,1919.997837427801
P044637,C035,1,1919.997837427801
P044645,C027,1,1233.0766497153631
P044645,C028,1,1233.0766497153631
P044645,C029,1,1233.0766497153631
P044645,C030,1,1233.0766497153631
P044645,C031,1,1233.0766497153631
P044645,C032,1,1919.997837427801
P044645,C033,1,1919.997837427801
P044645,C034,1,1919.997837427801
P044647,C027,1,1263.0766497153631
P044647,C028,1,1263.0766497153631
P044647,C029,1,1263.0766497153631
P044647,C030,1,1263.0766497153631
P044647,C031,1,1263.0766497153631
P044647,C032,1,1985.997837427801
P044647,C033,1,1985.997837427801
P044647,C034,1,1985.997837427801
P044647,C036,1,1985.997837427801
P044648,C027,1,2193.9918209634725
P044648,C028,1,2193.9918209634725
P044648,C029,1,2193.9918209634725
P044648,C030,1,2193.9918209634725
P044648,C031,1,2193.9918209634725
P044648,C032,1,1431.7006332510348
P044648,C033,1,1431.7006332510348
P044648,C034,1,1431.7006332510348
P044648,C036,1,1431.7006332510348
P044649,C027,1,1263.0766497153631
P044649,C028,1,1263.0766497153631
P044649,C029,1,1263.0766497153631
P044649,C030,1,1263.0766497153631
P044649,C031,1,1263.0766497153631
P044649,C032,1,1985.997837427801
P044649,C033,1,1985.997837427801
P044649,C034,1,1985.997837427801
P044649,C035,1,1985.997837427801
P044650,C027,1,2193.9918209634725
P044650,C028,1,2193.9918209634725
P044650,C029,1,2193.9918209634725
P044650,C030,1,2193.9918209634725
P044650,C031,1,2193.9918209634725
P044650,C032,1,1431.7006332510348
P044650,C033,1,1431.7006332510348
P044650,C034,1,1431.7006332510348
P044650,C035,1,1431.7006332510348
P044675,C027,1,1299.0766497153631
P044675,C028,1,1299.0766497153631
P044675,C029,1,1299.0766497153631
P044675,C030,1,1299.0766497153631
P044675,C031,2,1299.0766497153631
P044675,C032,1,1985.997837427801
P044675,C033,1,1985.997837427801
P044675,C034,1,1985.997837427801
P044860,C031,1,1885.7156251307588
P044860,C044,1,1055.337520366348
P044862,C031,1,1885.7156251307588
P044862,C043,1,1055.337520366348
P044866,C031,1,1885.7156251307588
P044866,C042,1,1055.337520366348
P044874,C031,2,1951.7156251307588
P044874,C044,1,1085.337520366348
P044876,C031,2,1951.7156251307588
P044876,C043,1,1085.337520366348
P044880,C031,2,1951.7156251307588
P044880,C042,1,1085.337520366348
P044888,C030,1,1885.7156251307588
P044888,C044,1,1055.337520366348
P044890,C030,1,1885.7156251307588
P044890,C043,1,1055.337520366348
P044894,C030,1,1885.7156251307588
P044894,C042,1,1055.337520366348
P044902,C030,1,1951.7156251307588
P044902,C031,1,1951.7156251307588
P044902,C044,1,1085.337520366348
P044904,C030,1,1951.7156251307588
P044904,C031,1,1951.7156251307588
P044904,C043,1,1085.337520366348
P044908,C030,1,1951.7156251307588
P044908,C031,1,1951.7156251307588
P044908,C042,1,1085.337520366348
P044919,C030,1,2017.7156251307588
P044919,C031,2,2017.7156251307588
P044919,C042,1,1115.337520366348
P044924,C029,1,1885.7156251307588
P044924,C044,1,1055.337520366348
P044926,C029,1,1885.7156251307588
P044926,C043,1,1055.337520366348
P044930,C029,1,1885.7156251307588
P044930,C042,1,1055.337520366348
P044938,C029,1,1951.7156251307588
P044938,C031,1,1951.7156251307588
P044938,C044,1,1085.337520366348
P044940,C029,1,1951.7156251307588
P044940,C031,1,1951.7156251307588
P044940,C043,1,1085.337520366348
P044944,C029,1,1951.7156251307588
P044944,C031,1,1951.7156251307588
P044944,C042,1,1085.337520366348
P044952,C029,1,2017.7156251307588
P044952,C031,2,2017.7156251307588
P044952,C044,1,1115.337520366348
P044954,C029,1,2017.7156251307588
P044954,C031,2,2017.7156251307588
P044954,C043,1,1115.337520366348
P044957,C029,1,2017.7156251307588
P044957,C031,2,2017.7156251307588
P044957,C042,1,1115.337520366348
P044964,C029,1,1951.7156251307588
P044964,C030,1,1951.7156251307588
P044964,C044,1,1085.337520366348
P044966,C029,1,1951.7156251307588
P044966,C030,1,1951.7156251307588
P044966,C043,1,1085.337520366348
P045396,C031,1,909.0766497153631
P045396,C047,1,1740.5628454851037
P045398,C031,1,909.0766497153631
P045398,C046,1,1740.5628454851037
P045402,C031,1,909.0766497153631
P045402,C045,1,1740.5628454851037
P045410,C031,2,975.0766497153631
P045410,C047,1,1806.5628454851037
P045412,C031,2,975.0766497153631
P045412,C046,1,1806.5628454851037
P045416,C031,2,975.0766497153631
P045416,C045,1,1806.5628454851037
P045424,C030,1,909.0766497153631
P045424,C047,1,1740.5628454851037
P045426,C030,1,909.0766497153631
P045426,C046,1,1740.5628454851037
P045430,C030,1,909.0766497153631
P045430,C045,1,1740.5628454851037
P045438,C030,1,975.0766497153631
P045438,C031,1,975.0766497153631
P045438,C047,1,1806.5628454851037
P045440,C030,1,975.0766497153631
P045440,C031,1,975.0766497153631
P045440,C046,1,1806.5628454851037
P045444,C030,1,975.0766497153631
P045444,C031,1,975.0766497153631
P045444,C045,1,1806.5628454851037
P045463,C029,1,909.0766497153631
P045463,C047,1,1740.5628454851037
P045465,C029,1,909.0766497153631
P045465,C046,1,1740.5628454851037
P045469,C029,1,909.0766497153631
P045469,C045,1,1740.5628454851037
P045477,C029,1,975.0766497153631
P045477,C031,1,975.0766497153631
P045477,C047,1,1806.5628454851037
P045479,C029,1,975.0766497153631
P045479,C031,1,975.0766497153631
P045479,C046,1,1806.5628454851037
P045483,C029,1,975.0766497153631
P045483,C031,1,975.0766497153631
P045483,C045,1,1806.5628454851037
P045505,C029,1,975.0766497153631
P045505,C030,1,975.0766497153631
P045505,C047,1,1806.5628454851037
P045507,C029,1,975.0766497153631
P045507,C030,1,975.0766497153631
P045507,C046,1,1806.5628454851037
P045511,C029,1,975.0766497153631
P045511,C030,1,975.0766497153631
P045511,C045,1,1806.5628454851037
P045540,C028,1,909.0766497153631
P045540,C047,1,1740.5628454851037
P045542,C028,1,909.0766497153631
P045542,C046,1,1740.5628454851037
P045546,C028,1,909.0766497153631
P045546,C045,1,1740.5628454851037
P045683,C028,1,1203.0766497153631
P045683,C029,1,1203.0766497153631
P045683,C030,1,1203.0766497153631
P045683,C031,2,1203.0766497153631
P045683,C046,1,2070.5628454851035
P045683,C047,1,2070.5628454851035
P045840,C027,1,1233.0766497153631
P045840,C029,1,1233.0766497153631
P045840,C030,1,1233.0766497153631
P045840,C031,2,1233.0766497153631
P045840,C045,1,2136.5628454851035
P045840,C046,1,2136.5628454851035
P045840,C047,1,2136.5628454851035
P045913,C027,1,1233.0766497153631
P045913,C028,1,1233.0766497153631
P045913,C030,1,1233.0766497153631
P045913,C031,2,1233.0766497153631
P045913,C045,1,2136.5628454851035
P045913,C046,1,2136.5628454851035
P045913,C047,1,2136.5628454851035
P045950,C027,1,1233.0766497153631
P045950,C028,1,1233.0766497153631
P045950,C029,1,1233.0766497153631
P045950,C031,2,1233.0766497153631
P045950,C045,1,2136.5628454851035
P045950,C046,1,2136.5628454851035
P045950,C047,1,2136.5628454851035
P045973,C027,1,1233.0766497153631
P045973,C028,1,1233.0766497153631
P045973,C029,1,1233.0766497153631
P045973,C030,1,1233.0766497153631
P045973,C031,1,1233.0766497153631
P045973,C045,1,2136.5628454851035
P045973,C046,1,2136.5628454851035
P045973,C047,1,2136.5628454851035
P045980,C031,1,1434.4322819393574
P045980,C050,1,872.5054354300685
P045986,C031,1,1434.4322819393574
P045986,C048,1,872.5054354300685
P045994,C031,2,1500.4322819393574
P045994,C050,1,902.5054354300684
P046000,C031,2,1500.4322819393574
P046000,C048,1,902.5054354300684
P046050,C029,1,1434.4322819393574
P046050,C050,1,872.5054354300685
P046056,C029,1,1434.4322819393574
P046056,C048,1,872.5054354300685
P046064,C029,1,1500.4322819393574
P046064,C031,1,1500.4322819393574
P046064,C050,1,902.5054354300684
P046070,C029,1,1500.4322819393574
P046070,C031,1,1500.4322819393574
P046070,C048,1,902.5054354300684
P046078,C029,1,1566.4322819393574
P046078,C031,2,1566.4322819393574
P046078,C050,1,932.5054354300684
P046084,C029,1,1566.4322819393574
P046084,C031,2,1566.4322819393574
P046084,C048,1,932.5054354300684
P046134,C028,1,1434.4322819393574
P046134,C050,1,872.5054354300685
P046140,C028,1,1434.4322819393574
P046140,C048,1,872.5054354300685
P046148,C028,1,1500.4322819393574
P046148,C031,1,1500.4322819393574
P046148,C050,1,902.5054354300684
P046154,C028,1,1500.4322819393574
P046154,C031,1,1500.4322819393574
P046154,C048,1,902.5054354300684
P046162,C028,1,1566.4322819393574
P046162,C031,2,1566.4322819393574
P046162,C050,1,932.5054354300684
P046168,C028,1,1566.4322819393574
P046168,C031,2,1566.4322819393574
P046168,C048,1,932.5054354300684
P046218,C028,1,1500.4322819393574
P046218,C029,1,1500.4322819393574
P046218,C050,1,902.5054354300684
P046224,C028,1,1500.4322819393574
P046224,C029,1,1500.4322819393574
P046224,C048,1,902.5054354300684
P046291,C028,1,1203.0766497153631
P046291,C029,1,1203.0766497153631
P046291,C030,1,1203.0766497153631
P046291,C031,2,1203.0766497153631
P046291,C049,1,1811.273496224652
P046291,C050,1,1811.273496224652
P046292,C028,1,1764.4322819393574
P046292,C029,1,1764.4322819393574
P046292,C030,1,1764.4322819393574
P046292,C031,2,1764.4322819393574
P046292,C049,1,1058.5054354300685
P046292,C050,1,1058.5054354300685
P046591,C027,1,1233.0766497153631
P046591,C028,1,1233.0766497153631
P046591,C029,1,1233.0766497153631
P046591,C031,2,1233.0766497153631
P046591,C048,1,1877.273496224652
P046591,C049,1,1877.273496224652
P046591,C050,1,1877.273496224652
P046619,C027,1,1233.0766497153631
P046619,C028,1,1233.0766497153631
P046619,C029,1,1233.0766497153631
P046619,C030,1,1233.0766497153631
P046619,C031,1,1233.0766497153631
P046619,C048,1,1877.273496224652
P046619,C049,1,1877.273496224652
P046619,C050,1,1877.273496224652
P046629,C027,1,1269.0766497153631
P046629,C028,1,1269.0766497153631
P046629,C029,1,1269.0766497153631
P046629,C030,1,1269.0766497153631
P046629,C031,2,1269.0766497153631
P046629,C048,1,1877.273496224652
P046629,C049,1,1877.273496224652
P046632,C031,1,1822.5823289693728
P046632,C056,1,1031.5803281974074
P046634,C031,1,1822.5823289693728
P046634,C055,1,1031.5803281974074
P046638,C031,1,1822.5823289693728
P046638,C054,1,1031.5803281974074
P046646,C031,2,1888.5823289693728
P046646,C056,1,1061.5803281974074
P046648,C031,2,1888.5823289693728
P046648,C055,1,1061.5803281974074
P046652,C031,2,1888.5823289693728
P046652,C054,1,1061.5803281974074
P046660,C030,1,1822.5823289693728
P046660,C056,1,1031.5803281974074
P046662,C030,1,1822.5823289693728
P046662,C055,1,1031.5803281974074
P046666,C030,1,1822.5823289693728
P046666,C054,1,1031.5803281974074
P046674,C030,1,1888.5823289693728
P046674,C031,1,1888.5823289693728
P046674,C056,1,1061.5803281974074
P046676,C030,1,1888.5823289693728
P046676,C031,1,1888.5823289693728
P046676,C055,1,1061.5803281974074
P046680,C030,1,1888.5823289693728
P046680,C031,1,1888.5823289693728
P046680,C054,1,1061.5803281974074
P046688,C030,1,1954.5823289693728
P046688,C031,2,1954.5823289693728
P046688,C056,1,1091.5803281974074
P046690,C030,1,1954.5823289693728
P046690,C031,2,1954.5823289693728
P046690,C055,1,1091.5803281974074
P046693,C030,1,1954.5823289693728
P046693,C031,2,1954.5823289693728
P046693,C054,1,1091.5803281974074
P046699,C029,1,1822.5823289693728
P046699,C056,1,1031.5803281974074
P046701,C029,1,1822.5823289693728
P046701,C055,1,1031.5803281974074
P046705,C029,1,1822.5823289693728
P046705,C054,1,1031.5803281974074
P046713,C029,1,1888.5823289693728
P046713,C031,1,1888.5823289693728
P046713,C056,1,1061.5803281974074
P046715,C029,1,1888.5823289693728
P046715,C031,1,1888.5823289693728
P046715,C055,1,1061.5803281974074
P046719,C029,1,1888.5823289693728
P046719,C031,1,1888.5823289693728
P046719,C054,1,1061.5803281974074
P046727,C029,1,1954.5823289693728
P046727,C031,2,1954.5823289693728
P046727,C056,1,1091.5803281974074
P046729,C029,1,1954.5823289693728
P046729,C031,2,1954.5823289693728
P046729,C055,1,1091.5803281974074
P046733,C029,1,1954.5823289693728
P046733,C031,2,1954.5823289693728
P046733,C054,1,1091.5803281974074
P046919,C028,1,1203.0766497153631
P046919,C029,1,1203.0766497153631
P046919,C030,1,1203.0766497153631
P046919,C031,2,1203.0766497153631
P046919,C055,1,2026.3886504873285
P046919,C056,1,2026.3886504873285
P047153,C027,1,1233.0766497153631
P047153,C028,1,1233.0766497153631
P047153,C030,1,1233.0766497153631
P047153,C031,2,1233.0766497153631
P047153,C054,1,2092.3886504873285
P047153,C055,1,2092.3886504873285
P047153,C056,1,2092.3886504873285
P047190,C027,1,1233.0766497153631
P047190,C028,1,1233.0766497153631
P047190,C029,1,1233.0766497153631
P047190,C031,2,1233.0766497153631
P047190,C054,1,2092.3886504873285
P047190,C055,1,2092.3886504873285
P047190,C056,1,2092.3886504873285
P047213,C027,1,1233.0766497153631
P047213,C028,1,1233.0766497153631
P047213,C029,1,1233.0766497153631
P047213,C030,1,1233.0766497153631
P047213,C031,1,1233.0766497153631
P047213,C054,1,2092.3886504873285
P047213,C055,1,2092.3886504873285
P047213,C056,1,2092.3886504873285
P047220,C031,1,2279.2842984379367
P047220,C059,1,1242.8999569592945
P047222,C031,1,2279.2842984379367
P047222,C058,1,1242.8999569592945
P047226,C031,1,2279.2842984379367
P047226,C057,1,1242.8999569592945
P047234,C031,2,2345.2842984379367
P047234,C059,1,1272.8999569592945
P047236,C031,2,2345.2842984379367
P047236,C058,1,1272.8999569592945
P047239,C031,2,2345.2842984379367
P047239,C057,1,1272.8999569592945
P047245,C030,1,2279.2842984379367
P047245,C059,1,1242.8999569592945
P047247,C030,1,2279.2842984379367
P047247,C058,1,1242.8999569592945
P047251,C030,1,2279.2842984379367
P047251,C057,1,1242.8999569592945
P047259,C030,1,2345.2842984379367
P047259,C031,1,2345.2842984379367
P047259,C059,1,1272.8999569592945
P047261,C030,1,2345.2842984379367
P047261,C031,1,2345.2842984379367
P047261,C058,1,1272.8999569592945
P047264,C030,1,2345.2842984379367
P047264,C031,1,2345.2842984379367
P047264,C057,1,1272.8999569592945
P047275,C029,1,2279.2842984379367
P047275,C059,1,1242.8999569592945
P047277,C029,1,2279.2842984379367
P047277,C058,1,1242.8999569592945
P047281,C029,1,2279.2842984379367
P047281,C057,1,1242.8999569592945
P047289,C029,1,2345.2842984379367
P047289,C031,1,2345.2842984379367
P047289,C059,1,1272.8999569592945
P047291,C029,1,2345.2842984379367
P047291,C031,1,2345.2842984379367
P047291,C058,1,1272.8999569592945
P047295,C029,1,2345.2842984379367
P047295,C031,1,2345.2842984379367
P047295,C057,1,1272.8999569592945
P047306,C029,1,2411.2842984379367
P047306,C031,2,2411.2842984379367
P047306,C057,1,1302.8999569592945
P047311,C029,1,2345.2842984379367
P047311,C030,1,2345.2842984379367
P047311,C059,1,1272.8999569592945
P047313,C029,1,2345.2842984379367
P047313,C030,1,2345.2842984379367
P047313,C058,1,1272.8999569592945
P047645,C027,1,1167.0766497153631
P047645,C028,1,1167.0766497153631
P047645,C029,1,1167.0766497153631
P047645,C031,1,1167.0766497153631
P047645,C057,1,2271.8409911940053
P047645,C058,1,2271.8409911940053
P047645,C059,1,2271.8409911940053
P047972,C028,1,1203.0766497153631
P047972,C029,1,1203.0766497153631
P047972,C030,1,1203.0766497153631
P047972,C031,2,1203.0766497153631
P047972,C061,1,1991.5620159667576
P047972,C062,1,1991.5620159667576
P048140,C027,1,1233.0766497153631
P048140,C029,1,1233.0766497153631
P048140,C030,1,1233.0766497153631
P048140,C031,2,1233.0766497153631
P048140,C060,1,2057.562015966758
P048140,C061,1,2057.562015966758
P048140,C062,1,2057.562015966758
P048220,C027,1,1233.0766497153631
P048220,C028,1,1233.0766497153631
P048220,C030,1,1233.0766497153631
P048220,C031,2,1233.0766497153631
P048220,C060,1,2057.562015966758
P048220,C061,1,2057.562015966758
P048220,C062,1,2057.562015966758
P048261,C027,1,1233.0766497153631
P048261,C028,1,1233.0766497153631
P048261,C029,1,1233.0766497153631
P048261,C031,2,1233.0766497153631
P048261,C060,1,2057.562015966758
P048261,C061,1,2057.562015966758
P048261,C062,1,2057.562015966758
P048288,C027,1,1233.0766497153631
P048288,C028,1,1233.0766497153631
P048288,C029,1,1233.0766497153631
P048288,C030,1,1233.0766497153631
P048288,C031,1,1233.0766497153631
P048288,C060,1,2057.562015966758
P048288,C061,1,2057.562015966758
P048288,C062,1,2057.562015966758
P048292,C027,1,1269.0766497153631
P048292,C028,1,1269.0766497153631
P048292,C029,1,1269.0766497153631
P048292,C030,1,1269.0766497153631
P048292,C031,2,1269.0766497153631
P048292,C060,1,2057.562015966758
P048292,C062,1,2057.562015966758
P049382,C036,1,1413.3107034703494
P049382,C050,1,872.5054354300685
P049388,C036,1,1413.3107034703494
P049388,C048,1,872.5054354300685
P049424,C034,1,1413.3107034703494
P049424,C050,1,872.5054354300685
P049430,C034,1,1413.3107034703494
P049430,C048,1,872.5054354300685
P049438,C034,1,1479.3107034703494
P049438,C036,1,1479.3107034703494
P049438,C050,1,902.5054354300684
P049444,C034,1,1479.3107034703494
P049444,C036,1,1479.3107034703494
P049444,C048,1,902.5054354300684
P049480,C033,1,1413.3107034703494
P049480,C050,1,872.5054354300685
P049486,C033,1,1413.3107034703494
P049486,C048,1,872.5054354300685
P049494,C033,1,1479.3107034703494
P049494,C036,1,1479.3107034703494
P049494,C050,1,902.5054354300684
P049500,C033,1,1479.3107034703494
P049500,C036,1,1479.3107034703494
P049500,C048,1,902.5054354300684
P049536,C033,1,1479.3107034703494
P049536,C034,1,1479.3107034703494
P049536,C050,1,902.5054354300684
P049542,C033,1,1479.3107034703494
P049542,C034,1,1479.3107034703494
P049542,C048,1,902.5054354300684
P049550,C033,1,1545.3107034703494
P049550,C034,1,1545.3107034703494
P049550,C036,1,1545.3107034703494
P049550,C050,1,932.5054354300684
P049556,C033,1,1545.3107034703494
P049556,C034,1,1545.3107034703494
P049556,C036,1,1545.3107034703494
P049556,C048,1,932.5054354300684
P050174,C036,1,1113.7006332510348
P050174,C057,1,2182.405154557014
P050175,C035,1,1113.7006332510348
P050175,C057,1,2182.405154557014
P050176,C034,1,1113.7006332510348
P050176,C058,1,2182.405154557014
P050177,C034,1,2311.854478265274
P050177,C058,1,1242.8999569592945
P050178,C034,1,1113.7006332510348
P050178,C057,1,2182.405154557014
P050179,C034,1,2311.854478265274
P050179,C057,1,1242.8999569592945
P050183,C032,1,2311.854478265274
P050183,C059,1,1242.8999569592945
P050184,C032,1,1113.7006332510348
P050184,C058,1,2182.405154557014
P050185,C032,1,2311.854478265274
P050185,C058,1,1242.8999569592945
P050191,C036,1,1113.7006332510348
P050191,C062,1,1554.235671890703
P050192,C036,1,1656.6980774466724
P050192,C062,1,1203.563038807004
P050193,C036,1,1113.7006332510348
P050193,C061,1,1554.235671890703
P050194,C036,1,1656.6980774466724
P050194,C061,1,1203.563038807004
P050195,C036,1,1143.7006332510348
P050195,C061,1,1620.235671890703
P050195,C062,1,1620.235671890703
P050196,C036,1,1722.6980774466724
P050196,C061,1,1269.563038807004
P050196,C062,1,1269.563038807004
P050197,C036,1,1113.7006332510348
P050197,C060,1,1554.235671890703
P050198,C036,1,1656.6980774466724
P050198,C060,1,1203.563038807004
P050199,C036,1,1143.7006332510348
P050199,C060,1,1620.235671890703
P050199,C062,1,1620.235671890703
P050200,C036,1,1722.6980774466724
P050200,C060,1,1269.563038807004
P050200,C062,1,1269.563038807004
P050595,C032,1,1371.7006332510348
P050595,C033,1,1371.7006332510348
P050595,C034,1,1371.7006332510348
P050595,C036,1,1371.7006332510348
P050595,C060,1,1884.235671890703
P050595,C061,1,1884.235671890703
P050595,C062,1,1884.235671890703
P050623,C032,1,1437.7006332510348
P050623,C033,1,1437.7006332510348
P050623,C034,1,1437.7006332510348
P050623,C035,1,1437.7006332510348
P050623,C036,1,1437.7006332510348
P050623,C060,1,1950.235671890703
P050623,C061,1,1950.235671890703
P050623,C062,1,1950.235671890703
P050624,C032,1,2052.6980774466724
P050624,C033,1,2052.6980774466724
P050624,C034,1,2052.6980774466724
P050624,C035,1,2052.6980774466724
P050624,C036,1,2052.6980774466724
P050624,C060,1,1455.563038807004
P050624,C061,1,1455.563038807004
P050624,C062,1,1455.563038807004
P050790,C041,1,1265.7191979586669
P050790,C050,1,1995.4820784885428
P050791,C041,1,1596.3883159599443
P050791,C050,1,872.5054354300685
P050793,C041,1,1596.3883159599443
P050793,C049,1,872.5054354300685
P050795,C041,1,1662.3883159599443
P050795,C049,1,938.5054354300684
P050795,C050,1,938.5054354300684
P050796,C041,1,1265.7191979586669
P050796,C048,1,1995.4820784885428
P050797,C041,1,1596.3883159599443
P050797,C048,1,872.5054354300685
P050799,C041,1,1662.3883159599443
P050799,C048,1,938.5054354300684
P050799,C050,1,938.5054354300684
P050801,C041,1,1662.3883159599443
P050801,C048,1,938.5054354300684
P050801,C049,1,938.5054354300684
P050803,C041,1,1728.3883159599443
P050803,C048,1,1004.5054354300684
P050803,C049,1,1004.5054354300684
P050803,C050,1,1004.5054354300684
P050804,C040,1,1265.7191979586669
P050804,C050,1,1995.4820784885428
P050805,C040,1,1596.3883159599443
P050805,C050,1,872.5054354300685
P050807,C040,1,1596.3883159599443
P050807,C049,1,872.5054354300685
P050809,C040,1,1662.3883159599443
P050809,C049,1,938.5054354300684
P050809,C050,1,938.5054354300684
P050810,C040,1,1265.7191979586669
P050810,C048,1,1995.4820784885428
P050811,C040,1,1596.3883159599443
P050811,C048,1,872.5054354300685
P050813,C040,1,1662.3883159599443
P050813,C048,1,938.5054354300684
P050813,C050,1,938.5054354300684
P050815,C040,1,1662.3883159599443
P050815,C048,1,938.5054354300684
P050815,C049,1,938.5054354300684
P050817,C040,1,1728.3883159599443
P050817,C048,1,1004.5054354300684
P050817,C049,1,1004.5054354300684
P050817,C050,1,1004.5054354300684
P050832,C039,1,1265.7191979586669
P050832,C050,1,1995.4820784885428
P050833,C039,1,1596.3883159599443
P050833,C050,1,872.5054354300685
P050835,C039,1,1596.3883159599443
P050835,C049,1,872.5054354300685
P050837,C039,1,1662.3883159599443
P050837,C049,1,938.5054354300684
P050837,C050,1,938.5054354300684
P050838,C039,1,1265.7191979586669
P050838,C048,1,1995.4820784885428
P050839,C039,1,1596.3883159599443
P050839,C048,1,872.5054354300685
P050841,C039,1,1662.3883159599443
P050841,C048,1,938.5054354300684
P050841,C050,1,938.5054354300684
P050843,C039,1,1662.3883159599443
P050843,C048,1,938.5054354300684
P050843,C049,1,938.5054354300684
P050845,C039,1,1728.3883159599443
P050845,C048,1,1004.5054354300684
P050845,C049,1,1004.5054354300684
P050845,C050,1,1004.5054354300684
P050847,C039,1,1662.3883159599443
P050847,C041,1,1662.3883159599443
P050847,C050,1,902.5054354300684
P050853,C039,1,1662.3883159599443
P050853,C041,1,1662.3883159599443
P050853,C048,1,902.5054354300684
P050886,C038,1,1265.7191979586669
P050886,C050,1,1995.4820784885428
P050887,C038,1,1596.3883159599443
P050887,C050,1,872.5054354300685
P050889,C038,1,1596.3883159599443
P050889,C049,1,872.5054354300685
P050891,C038,1,1662.3883159599443
P050891,C049,1,938.5054354300684
P050891,C050,1,938.5054354300684
P050892,C038,1,1265.7191979586669
P050892,C048,1,1995.4820784885428
P050893,C038,1,1596.3883159599443
P050893,C048,1,872.5054354300685
P050895,C038,1,1662.3883159599443
P050895,C048,1,938.5054354300684
P050895,C050,1,938.5054354300684
P050897,C038,1,1662.3883159599443
P050897,C048,1,938.5054354300684
P050897,C049,1,938.5054354300684
P050899,C038,1,1728.3883159599443
P050899,C048,1,1004.5054354300684
P050899,C049,1,1004.5054354300684
P050899,C050,1,1004.5054354300684
P050901,C038,1,1662.3883159599443
P050901,C041,1,1662.3883159599443
P050901,C050,1,902.5054354300684
P050907,C038,1,1662.3883159599443
P050907,C041,1,1662.3883159599443
P050907,C048,1,902.5054354300684
P050941,C038,1,1662.3883159599443
P050941,C039,1,1662.3883159599443
P050941,C050,1,902.5054354300684
P050947,C038,1,1662.3883159599443
P050947,C039,1,1662.3883159599443
P050947,C048,1,902.5054354300684
P050955,C038,1,1728.3883159599443
P050955,C039,1,1728.3883159599443
P050955,C041,1,1728.3883159599443
P050955,C050,1,932.5054354300684
P050961,C038,1,1728.3883159599443
P050961,C039,1,1728.3883159599443
P050961,C041,1,1728.3883159599443
P050961,C048,1,932.5054354300684
P050992,C037,1,1265.7191979586669
P050992,C050,1,1995.4820784885428
P050993,C037,1,1596.3883159599443
P050993,C050,1,872.5054354300685
P050995,C037,1,1596.3883159599443
P050995,C049,1,872.5054354300685
P050997,C037,1,1662.3883159599443
P050997,C049,1,938.5054354300684
P050997,C050,1,938.5054354300684
P050998,C037,1,1265.7191979586669
P050998,C048,1,1995.4820784885428
P050999,C037,1,1596.3883159599443
P050999,C048,1,872.5054354300685
P051001,C037,1,1662.3883159599443
P051001,C048,1,938.5054354300684
P051001,C050,1,938.5054354300684
P051003,C037,1,1662.3883159599443
P051003,C048,1,938.5054354300684
P051003,C049,1,938.5054354300684
P051005,C037,1,1728.3883159599443
P051005,C048,1,1004.5054354300684
P051005,C049,1,1004.5054354300684
P051005,C050,1,1004.5054354300684
P051013,C037,1,1662.3883159599443
P051013,C041,1,1662.3883159599443
P051013,C048,1,902.5054354300684
P051027,C037,1,1662.3883159599443
P051027,C040,1,1662.3883159599443
P051027,C048,1,902.5054354300684
P051054,C037,1,1662.3883159599443
P051054,C039,1,1662.3883159599443
P051054,C048,1,902.5054354300684
P051108,C037,1,1662.3883159599443
P051108,C038,1,1662.3883159599443
P051108,C048,1,902.5054354300684
P051203,C037,1,1992.3883159599443
P051203,C038,1,1992.3883159599443
P051203,C039,1,1992.3883159599443
P051203,C040,1,1992.3883159599443
P051203,C041,1,1992.3883159599443
P051203,C048,1,1124.5054354300685
P051203,C049,1,1124.5054354300685
P051203,C050,1,1124.5054354300685
P051438,C044,1,1055.337520366348
P051438,C046,1,1743.2940176360382
P051480,C042,1,1055.337520366348
P051480,C046,1,1743.2940176360382
P051549,C043,1,1461.2274964370713
P051549,C050,1,872.5054354300685
P051553,C043,1,1527.2274964370713
P051553,C049,1,938.5054354300684
P051553,C050,1,938.5054354300684
P051555,C043,1,1461.2274964370713
P051555,C048,1,872.5054354300685
P051557,C043,1,1527.2274964370713
P051557,C048,1,938.5054354300684
P051557,C050,1,938.5054354300684
P051559,C043,1,1527.2274964370713
P051559,C048,1,938.5054354300684
P051559,C049,1,938.5054354300684
P051561,C043,1,1593.2274964370713
P051561,C048,1,1004.5054354300684
P051561,C049,1,1004.5054354300684
P051561,C050,1,1004.5054354300684
P051634,C044,1,1055.337520366348
P051634,C052,1,1562.1229900295646
P051676,C042,1,1055.337520366348
P051676,C052,1,1562.1229900295646
P051732,C044,1,1055.337520366348
P051732,C055,1,1553.1345323875469
P051774,C042,1,1055.337520366348
P051774,C055,1,1553.1345323875469
P051830,C044,1,1055.337520366348
P051830,C058,1,1923.5288832270328
P051872,C042,1,1055.337520366348
P051872,C058,1,1923.5288832270328
P051925,C044,1,1055.337520366348
P051925,C061,1,1889.697013411572
P051963,C042,1,1055.337520366348
P051963,C061,1,1889.697013411572
P052025,C046,1,1612.260984410357
P052025,C050,1,872.5054354300685
P052029,C046,1,1678.260984410357
P052029,C049,1,938.5054354300684
P052029,C050,1,938.5054354300684
P052031,C046,1,1612.260984410357
P052031,C048,1,872.5054354300685
P052033,C046,1,1678.260984410357
P052033,C048,1,938.5054354300684
P052033,C050,1,938.5054354300684
P052035,C046,1,1678.260984410357
P052035,C048,1,938.5054354300684
P052035,C049,1,938.5054354300684
P052037,C046,1,1744.260984410357
P052037,C048,1,1004.5054354300684
P052037,C049,1,1004.5054354300684
P052037,C050,1,1004.5054354300684
P052206,C047,1,1059.7551021712627
P052206,C056,1,1505.1518918226486
P052207,C047,1,1476.987117848793
P052207,C056,1,1031.5803281974074
P052208,C047,1,1059.7551021712627
P052208,C055,1,1505.1518918226486
P052209,C047,1,1476.987117848793
P052209,C055,1,1031.5803281974074
P052212,C047,1,1059.7551021712627
P052212,C054,1,1505.1518918226486
P052213,C047,1,1476.987117848793
P052213,C054,1,1031.5803281974074
P052220,C046,1,1059.7551021712627
P052220,C056,1,1505.1518918226486
P052221,C046,1,1476.987117848793
P052221,C056,1,1031.5803281974074
P052222,C046,1,1059.7551021712627
P052222,C055,1,1505.1518918226486
P052223,C046,1,1476.987117848793
P052223,C055,1,1031.5803281974074
P052226,C046,1,1059.7551021712627
P052226,C054,1,1505.1518918226486
P052227,C046,1,1476.987117848793
P052227,C054,1,1031.5803281974074
P052248,C045,1,1059.7551021712627
P052248,C056,1,1505.1518918226486
P052249,C045,1,1476.987117848793
P052249,C056,1,1031.5803281974074
P052250,C045,1,1059.7551021712627
P052250,C055,1,1505.1518918226486
P052251,C045,1,1476.987117848793
P052251,C055,1,1031.5803281974074
P052254,C045,1,1059.7551021712627
P052254,C054,1,1505.1518918226486
P052255,C045,1,1476.987117848793
P052255,C054,1,1031.5803281974074
P052268,C045,1,1125.7551021712627
P052268,C047,1,1125.7551021712627
P052268,C054,1,1571.1518918226486
P052282,C045,1,1125.7551021712627
P052282,C046,1,1125.7551021712627
P052282,C054,1,1571.1518918226486
P052283,C045,1,1542.987117848793
P052283,C046,1,1542.987117848793
P052283,C054,1,1061.5803281974074
P052304,C047,1,1059.7551021712627
P052304,C059,1,1560.6468707581707
P052305,C047,1,1743.7317255462024
P052305,C059,1,1242.8999569592945
P052306,C047,1,1059.7551021712627
P052306,C058,1,1560.6468707581707
P052307,C047,1,1743.7317255462024
P052307,C058,1,1242.8999569592945
P052308,C047,1,1089.7551021712627
P052308,C058,1,1626.6468707581707
P052308,C059,1,1626.6468707581707
P052310,C047,1,1059.7551021712627
P052310,C057,1,1560.6468707581707
P052311,C047,1,1743.7317255462024
P052311,C057,1,1242.8999569592945
P052318,C046,1,1059.7551021712627
P052318,C059,1,1560.6468707581707
P052319,C046,1,1743.7317255462024
P052319,C059,1,1242.8999569592945
P052320,C046,1,1059.7551021712627
P052320,C058,1,1560.6468707581707
P052321,C046,1,1743.7317255462024
P052321,C058,1,1242.8999569592945
P052324,C046,1,1059.7551021712627
P052324,C057,1,1560.6468707581707
P052325,C046,1,1743.7317255462024
P052325,C057,1,1242.8999569592945
P052346,C045,1,1059.7551021712627
P052346,C059,1,1560.6468707581707
P052347,C045,1,1743.7317255462024
P052347,C059,1,1242.8999569592945
P052348,C045,1,1059.7551021712627
P052348,C058,1,1560.6468707581707
P052349,C045,1,1743.7317255462024
P052349,C058,1,1242.8999569592945
P052352,C045,1,1059.7551021712627
P052352,C057,1,1560.6468707581707
P052353,C045,1,1743.7317255462024
P052353,C057,1,1242.8999569592945
P052354,C045,1,1089.7551021712627
P052354,C057,1,1626.6468707581707
P052354,C059,1,1626.6468707581707
P052355,C045,1,1809.7317255462024
P052355,C057,1,1308.8999569592945
P052355,C059,1,1308.8999569592945
P052356,C045,1,1089.7551021712627
P052356,C057,1,1626.6468707581707
P052356,C058,1,1626.6468707581707
P052357,C045,1,1809.7317255462024
P052357,C057,1,1308.8999569592945
P052357,C058,1,1308.8999569592945
P052380,C045,1,1125.7551021712627
P052380,C046,1,1125.7551021712627
P052380,C057,1,1626.6468707581707
P052407,C050,1,872.5054354300685
P052407,C052,1,1701.9973704653896
P052435,C049,1,938.5054354300684
P052435,C050,1,938.5054354300684
P052435,C052,1,1767.9973704653896
P052449,C048,1,872.5054354300685
P052449,C052,1,1701.9973704653896
P052463,C048,1,938.5054354300684
P052463,C050,1,938.5054354300684
P052463,C052,1,1767.9973704653896
P052477,C048,1,938.5054354300684
P052477,C049,1,938.5054354300684
P052477,C052,1,1767.9973704653896
P052491,C048,1,1004.5054354300684
P052491,C049,1,1004.5054354300684
P052491,C050,1,1004.5054354300684
P052491,C052,1,1833.9973704653896
P052503,C050,1,872.5054354300685
P052503,C055,1,1516.6519766487274
P052531,C049,1,938.5054354300684
P052531,C050,1,938.5054354300684
P052531,C055,1,1582.6519766487274
P052545,C048,1,872.5054354300685
P052545,C055,1,1516.6519766487274
P052559,C048,1,938.5054354300684
P052559,C050,1,938.5054354300684
P052559,C055,1,1582.6519766487274
P052573,C048,1,938.5054354300684
P052573,C049,1,938.5054354300684
P052573,C055,1,1582.6519766487274
P052587,C048,1,1004.5054354300684
P052587,C049,1,1004.5054354300684
P052587,C050,1,1004.5054354300684
P052587,C055,1,1648.6519766487274
P052601,C050,1,872.5054354300685
P052601,C058,1,1859.7498175325825
P052629,C049,1,938.5054354300684
P052629,C050,1,938.5054354300684
P052629,C058,1,1925.7498175325825
P052643,C048,1,872.5054354300685
P052643,C058,1,1859.7498175325825
P052657,C048,1,938.5054354300684
P052657,C050,1,938.5054354300684
P052657,C058,1,1925.7498175325825
P052671,C048,1,938.5054354300684
P052671,C049,1,938.5054354300684
P052671,C058,1,1925.7498175325825
P052685,C048,1,1004.5054354300684
P052685,C049,1,1004.5054354300684
P052685,C050,1,1004.5054354300684
P052685,C058,1,1991.7498175325825
P052697,C050,1,872.5054354300685
P052697,C062,1,1527.057577081552
P052698,C050,1,1884.3551804584877
P052698,C062,1,1203.563038807004
P052699,C050,1,872.5054354300685
P052699,C061,1,1527.057577081552
P052700,C050,1,1884.3551804584877
P052700,C061,1,1203.563038807004
P052703,C050,1,872.5054354300685
P052703,C060,1,1527.057577081552
P052704,C050,1,1884.3551804584877
P052704,C060,1,1203.563038807004
P052711,C049,1,872.5054354300685
P052711,C062,1,1527.057577081552
P052712,C049,1,1884.3551804584877
P052712,C062,1,1203.563038807004
P052713,C049,1,872.5054354300685
P052713,C061,1,1527.057577081552
P052714,C049,1,1884.3551804584877
P052714,C061,1,1203.563038807004
P052717,C049,1,872.5054354300685
P052717,C060,1,1527.057577081552
P052718,C049,1,1884.3551804584877
P052718,C060,1,1203.563038807004
P052727,C049,1,938.5054354300684
P052727,C050,1,938.5054354300684
P052727,C061,1,1593.057577081552
P052739,C048,1,872.5054354300685
P052739,C062,1,1527.057577081552
P052740,C048,1,1884.3551804584877
P052740,C062,1,1203.563038807004
P052741,C048,1,872.5054354300685
P052741,C061,1,1527.057577081552
P052742,C048,1,1884.3551804584877
P052742,C061,1,1203.563038807004
P052745,C048,1,872.5054354300685
P052745,C060,1,1527.057577081552
P052746,C048,1,1884.3551804584877
P052746,C060,1,1203.563038807004
P052747,C048,1,902.5054354300684
P052747,C060,1,1593.057577081552
P052747,C062,1,1593.057577081552
P052749,C048,1,902.5054354300684
P052749,C060,1,1593.057577081552
P052749,C061,1,1593.057577081552
P052755,C048,1,938.5054354300684
P052755,C050,1,938.5054354300684
P052755,C061,1,1593.057577081552
P052769,C048,1,938.5054354300684
P052769,C049,1,938.5054354300684
P052769,C061,1,1593.057577081552
P052773,C048,1,938.5054354300684
P052773,C049,1,938.5054354300684
P052773,C060,1,1593.057577081552
P052783,C048,1,1004.5054354300684
P052783,C049,1,1004.5054354300684
P052783,C050,1,1004.5054354300684
P052783,C061,1,1659.057577081552
P052795,C053,1,1250.2201848609295
P052795,C056,1,1762.2533764533546
P052796,C053,1,1550.8035197898323
P052796,C056,1,1031.5803281974074
P052797,C053,1,1250.2201848609295
P052797,C055,1,1762.2533764533546
P052798,C053,1,1550.8035197898323
P052798,C055,1,1031.5803281974074
P052801,C053,1,1250.2201848609295
P052801,C054,1,1762.2533764533546
P052802,C053,1,1550.8035197898323
P052802,C054,1,1031.5803281974074
P052809,C052,1,1250.2201848609295
P052809,C056,1,1762.2533764533546
P052810,C052,1,1550.8035197898323
P052810,C056,1,1031.5803281974074
P052811,C052,1,1250.2201848609295
P052811,C055,1,1762.2533764533546
P052812,C052,1,1550.8035197898323
P052812,C055,1,1031.5803281974074
P052815,C052,1,1250.2201848609295
P052815,C054,1,1762.2533764533546
P052816,C052,1,1550.8035197898323
P052816,C054,1,1031.5803281974074
P052837,C051,1,1250.2201848609295
P052837,C056,1,1762.2533764533546
P052838,C051,1,1550.8035197898323
P052838,C056,1,1031.5803281974074
P052839,C051,1,1250.2201848609295
P052839,C055,1,1762.2533764533546
P052840,C051,1,1550.8035197898323
P052840,C055,1,1031.5803281974074
P052843,C051,1,1250.2201848609295
P052843,C054,1,1762.2533764533546
P052844,C051,1,1550.8035197898323
P052844,C054,1,1031.5803281974074
P052872,C051,1,1616.8035197898323
P052872,C052,1,1616.8035197898323
P052872,C054,1,1061.5803281974074
