task_id,uav_type,n_stops,visit_order,duration_s,energy_kWh,latest_start_s,direct_time_s,outage_time_s,outage_ratio,gap_count,max_gap_s,min_margin_db,needs_relay
R000001,A,1,S001,1192.470877312685,1.1815093765129427,,1192.470877312685,0.0,0.0,0,0.0,2.2144147110676613,0
R000002,A,1,S001,1192.470877312685,1.190044044633542,,1192.470877312685,0.0,0.0,0,0.0,2.2144147110676613,0
R000003,A,1,S001,1252.470877312685,1.236638256625778,,1252.470877312685,0.0,0.0,0,0.0,2.2144147110676613,0
R000004,A,1,S001,1192.470877312685,1.22307515767693,2750.6,1192.470877312685,0.0,0.0,0,0.0,2.2144147110676613,0
R000005,A,1,S001,1252.470877312685,1.2860758210865872,2690.6,1252.470877312685,0.0,0.0,0,0.0,2.2144147110676613,0
R000006,A,1,S001,1192.470877312685,1.1712029791239238,2750.6,1192.470877312685,0.0,0.0,0,0.0,2.2144147110676613,0
R000007,A,1,S001,1252.470877312685,1.1947775744571931,2690.6,1252.470877312685,0.0,0.0,0,0.0,2.2144147110676613,0
R000008,A,1,S001,1252.470877312685,1.2051640182931591,2690.6,1252.470877312685,0.0,0.0,0,0.0,2.2144147110676613,0
R000009,A,1,S001,1252.470877312685,1.2439335256573965,2690.6,1252.470877312685,0.0,0.0,0,0.0,2.2144147110676613,0
R000010,A,1,S001,1252.470877312685,1.1815093765129427,2690.6,1252.470877312685,0.0,0.0,0,0.0,2.2144147110676613,0
R000011,A,1,S001,1312.470877312685,1.2108193760785582,2630.6,1312.470877312685,0.0,0.0,0,0.0,2.2144147110676613,0
R000012,A,1,S001,1312.470877312685,1.22307515767693,2630.6,1312.470877312685,0.0,0.0,0,0.0,2.2144147110676613,0
R000013,A,1,S001,1312.470877312685,1.2680232749127218,2630.6,1312.470877312685,0.0,0.0,0,0.0,2.2144147110676613,0
R000014,A,1,S002,1947.7309474720896,2.784760777273276,,1112.525473736045,835.2054737360448,0.4288094692031446,1,835.2054737360448,-5.48219992618948,1
R000015,A,1,S002,1947.7309474720896,2.8041769787962227,,1112.525473736045,835.2054737360448,0.4288094692031446,1,835.2054737360448,-5.48219992618948,1
R000016,A,1,S002,2007.7309474720896,2.9120729211892558,,1142.525473736045,865.2054737360448,0.4309369613619867,1,865.2054737360448,-5.48219992618948,1
R000017,A,1,S002,1947.7309474720896,2.8804520955606967,2374.2,1112.525473736045,835.2054737360448,0.4288094692031446,1,835.2054737360448,-5.48219992618948,1
R000018,A,1,S002,2007.7309474720896,3.0281685265506377,2314.2,1142.525473736045,865.2054737360448,0.4309369613619867,1,865.2054737360448,-5.48219992618948,1
R000019,A,1,S002,1947.7309474720896,2.761693616757608,2374.2,1112.525473736045,835.2054737360448,0.4288094692031446,1,835.2054737360448,-5.48219992618948,1
R000020,A,1,S002,2007.7309474720896,2.8150165943872065,2314.2,1142.525473736045,865.2054737360448,0.4309369613619867,1,865.2054737360448,-5.48219992618948,1
R000021,A,1,S002,2007.7309474720896,2.8389272848085563,2314.2,1142.525473736045,865.2054737360448,0.4309369613619867,1,865.2054737360448,-5.48219992618948,1
R000022,A,1,S002,2007.7309474720896,2.9291301949638244,2314.2,1142.525473736045,865.2054737360448,0.4309369613619867,1,865.2054737360448,-5.48219992618948,1
R000023,A,1,S003,2202.276992828245,2.8294830790518493,,1303.431829747456,898.8451630807893,0.4081435559686155,1,898.8451630807893,-5.288334514260441,1
R000024,A,1,S003,2202.276992828245,2.850390451600208,,1303.431829747456,898.8451630807893,0.4081435559686155,1,898.8451630807893,-5.288334514260441,1
R000025,A,1,S003,2262.276992828245,2.963542785453088,,1333.431829747456,928.8451630807892,0.4105797680944317,1,928.8451630807892,-5.288334514260441,1
R000026,A,1,S003,2202.276992828245,2.9307167339043163,5850.9,1303.431829747456,898.8451630807893,0.4081435559686155,1,898.8451630807893,-5.288334514260441,1
R000027,A,1,S003,2262.276992828245,3.0827565924461284,5790.9,1333.431829747456,928.8451630807892,0.4105797680944317,1,928.8451630807892,-5.288334514260441,1
R000028,A,1,S003,2202.276992828245,2.804037247751029,5850.9,1303.431829747456,898.8451630807893,0.4081435559686155,1,898.8451630807893,-5.288334514260441,1
R000029,A,1,S003,2262.276992828245,2.8619491421678784,5790.9,1333.431829747456,928.8451630807892,0.4105797680944317,1,928.8451630807892,-5.288334514260441,1
R000030,A,1,S003,2262.276992828245,2.887245701141598,5790.9,1333.431829747456,928.8451630807892,0.4105797680944317,1,928.8451630807892,-5.288334514260441,1
R000031,A,1,S003,2262.276992828245,2.981173459179203,5790.9,1333.431829747456,928.8451630807892,0.4105797680944317,1,928.8451630807892,-5.288334514260441,1
R000032,A,1,S004,2123.959400972985,2.9448489638471385,,1383.866367153159,740.0930338198259,0.3484497083516708,1,740.0930338198259,-5.839925593266557,1
R000033,A,1,S004,2123.959400972985,2.9656942536784365,,1383.866367153159,740.0930338198259,0.3484497083516708,1,740.0930338198259,-5.839925593266557,1
R000034,A,1,S004,2123.959400972985,3.047009147807469,5886.4,1383.866367153159,740.0930338198259,0.3484497083516708,1,740.0930338198259,-5.839925593266557,1
R000035,A,1,S004,2183.959400972985,3.203366220355213,5826.4,1413.866367153159,770.0930338198259,0.3526132552998643,1,770.0930338198259,-5.839925593266557,1
R000036,A,1,S004,2123.959400972985,2.919891024803157,5886.4,1383.866367153159,740.0930338198259,0.3484497083516708,1,740.0930338198259,-5.839925593266557,1
R000037,A,1,S004,2183.959400972985,2.977295648239486,5826.4,1413.866367153159,770.0930338198259,0.3526132552998643,1,770.0930338198259,-5.839925593266557,1
R000038,A,1,S004,2183.959400972985,3.002823048333129,5826.4,1413.866367153159,770.0930338198259,0.3526132552998643,1,770.0930338198259,-5.839925593266557,1
R000039,A,1,S004,2183.959400972985,3.0986471482564,5826.4,1413.866367153159,770.0930338198259,0.3526132552998643,1,770.0930338198259,-5.839925593266557,1
R000040,A,1,S005,1635.7581046684645,2.023678708754835,,1247.555719000899,388.2023856675656,0.2373226117967158,1,388.2023856675656,-2.547971547580076,1
R000041,A,1,S005,1635.7581046684645,2.038049977348116,,1247.555719000899,388.2023856675656,0.2373226117967158,1,388.2023856675656,-2.547971547580076,1
R000042,A,1,S005,1635.7581046684645,2.094018302339303,9729.4,1247.555719000899,388.2023856675656,0.2373226117967158,1,388.2023856675656,-2.547971547580076,1
R000043,A,1,S005,1695.7581046684645,2.2014564651560837,9669.4,1277.555719000899,418.2023856675656,0.2466167695240518,1,418.2023856675656,-2.547971547580076,1
R000044,A,1,S005,1635.7581046684645,2.006441090948309,9729.4,1247.555719000899,388.2023856675656,0.2373226117967158,1,388.2023856675656,-2.547971547580076,1
R000045,A,1,S005,1695.7581046684645,2.046042483154676,9669.4,1277.555719000899,418.2023856675656,0.2466167695240518,1,418.2023856675656,-2.547971547580076,1
R000046,A,1,S005,1695.7581046684645,2.0636187252482485,9669.4,1277.555719000899,418.2023856675656,0.2466167695240518,1,418.2023856675656,-2.547971547580076,1
R000047,A,1,S005,1695.7581046684645,2.129518815506648,9669.4,1277.555719000899,418.2023856675656,0.2466167695240518,1,418.2023856675656,-2.547971547580076,1
R000048,A,1,S006,1252.6149834599576,1.2411219044028343,,1252.6149834599576,0.0,0.0,0,0.0,1.8739996127073368,0
R000049,A,1,S006,1252.6149834599576,1.250646292293427,,1252.6149834599576,0.0,0.0,0,0.0,1.8739996127073368,0
R000050,A,1,S006,1252.6149834599576,1.2869317340707995,2724.9,1252.6149834599576,0.0,0.0,0,0.0,1.8739996127073368,0
R000051,A,1,S006,1312.6149834599576,1.354999454410149,2664.9,1312.6149834599576,0.0,0.0,0,0.0,1.8739996127073368,0
R000052,A,1,S006,1252.6149834599576,1.2294267479818388,2724.9,1252.6149834599576,0.0,0.0,0,0.0,1.8739996127073368,0
R000053,A,1,S006,1312.6149834599576,1.2558925819390496,2664.9,1312.6149834599576,0.0,0.0,0,0.0,1.8739996127073368,0
R000054,A,1,S006,1312.6149834599576,1.2673398458663825,2664.9,1312.6149834599576,0.0,0.0,0,0.0,1.8739996127073368,0
R000055,A,1,S006,1312.6149834599576,1.3095840119305917,2664.9,1312.6149834599576,0.0,0.0,0,0.0,1.8739996127073368,0
R000056,A,1,S007,1667.3175960060048,1.8056692577182183,,1269.6187980030022,397.6987980030025,0.2385261206117386,1,397.6987980030025,-1.2114589415920705,1
R000057,A,1,S007,1667.3175960060048,1.8195808525494075,,1269.6187980030022,397.6987980030025,0.2385261206117386,1,397.6987980030025,-1.2114589415920705,1
R000058,A,1,S007,1667.3175960060048,1.8723077073056285,2518.7,1269.6187980030022,397.6987980030025,0.2385261206117386,1,397.6987980030025,-1.2114589415920705,1
R000059,A,1,S007,1727.3175960060048,1.9706696366234688,2458.7,1299.6187980030022,427.6987980030025,0.2476086615408482,1,427.6987980030025,-1.2114589415920705,1
R000060,A,1,S007,1667.3175960060048,1.7884953435658324,2518.7,1269.6187980030022,397.6987980030025,0.2385261206117386,1,397.6987980030025,-1.2114589415920705,1
R000061,A,1,S007,1727.3175960060048,1.827226616519499,2458.7,1299.6187980030022,427.6987980030025,0.2476086615408482,1,427.6987980030025,-1.2114589415920705,1
R000062,A,1,S007,1727.3175960060048,1.843878826796971,2458.7,1299.6187980030022,427.6987980030025,0.2476086615408482,1,427.6987980030025,-1.2114589415920705,1
R000063,A,1,S007,1727.3175960060048,1.9050984660637973,2458.7,1299.6187980030022,427.6987980030025,0.2476086615408482,1,427.6987980030025,-1.2114589415920705,1
R000064,A,1,S008,2116.2040179476107,3.052115105935034,,1255.608675640472,860.5953423071386,0.4066693641106411,1,860.5953423071386,-6.237413833707706,1
R000065,A,1,S008,2116.2040179476107,3.0736515722950584,,1255.608675640472,860.5953423071386,0.4066693641106411,1,860.5953423071386,-6.237413833707706,1
R000066,A,1,S008,2116.2040179476107,3.1579220394720044,5891.7,1255.608675640472,860.5953423071386,0.4066693641106411,1,860.5953423071386,-6.237413833707706,1
R000067,A,1,S008,2176.2040179476107,3.320471468312056,5831.7,1285.608675640472,890.5953423071386,0.4092425778843399,1,890.5953423071386,-6.237413833707706,1
R000068,A,1,S008,2116.2040179476107,3.02641678013471,5891.7,1255.608675640472,860.5953423071386,0.4066693641106411,1,860.5953423071386,-6.237413833707706,1
R000069,A,1,S008,2176.2040179476107,3.085653920531505,5831.7,1285.608675640472,890.5953423071386,0.4092425778843399,1,890.5953423071386,-6.237413833707706,1
R000070,A,1,S008,2176.2040179476107,3.1120924140464856,5831.7,1285.608675640472,890.5953423071386,0.4092425778843399,1,890.5953423071386,-6.237413833707706,1
R000071,A,1,S008,2176.2040179476107,3.211553578754032,5831.7,1285.608675640472,890.5953423071386,0.4092425778843399,1,890.5953423071386,-6.237413833707706,1
R000072,A,1,S009,1631.5344862389493,2.164472663159292,,1108.2772431194746,523.2572431194747,0.3207147918311547,1,523.2572431194747,-3.209010330240588,1
R000073,A,1,S009,1631.5344862389493,2.223769974851195,9732.6,1108.2772431194746,523.2572431194747,0.3207147918311547,1,523.2572431194747,-3.209010330240588,1
R000074,A,1,S009,1691.5344862389493,2.3382502154288844,9672.6,1138.2772431194746,553.2572431194747,0.327074172959735,1,553.2572431194747,-3.209010330240588,1
R000075,A,1,S009,1631.5344862389493,2.1312822055029432,9732.6,1108.2772431194746,523.2572431194747,0.3207147918311547,1,523.2572431194747,-3.209010330240588,1
R000076,A,1,S009,1691.5344862389493,2.1915142663338063,9672.6,1138.2772431194746,553.2572431194747,0.327074172959735,1,553.2572431194747,-3.209010330240588,1
R000077,A,1,S009,1691.5344862389493,2.261531325774452,9672.6,1138.2772431194746,553.2572431194747,0.327074172959735,1,553.2572431194747,-3.209010330240588,1
R000078,A,1,S010,1593.852469173274,1.86571458599424,,1214.022901253304,379.8295679199703,0.2383091128358866,1,379.8295679199703,-1.6556759388739977,1
R000079,A,1,S010,1593.852469173274,1.919081914389043,2555.5,1214.022901253304,379.8295679199703,0.2383091128358866,1,379.8295679199703,-1.6556759388739977,1
R000080,A,1,S010,1653.852469173274,2.0198116904222125,2495.5,1244.022901253304,409.8295679199703,0.2478029785358275,1,409.8295679199703,-1.6556759388739977,1
R000081,A,1,S010,1593.852469173274,1.8347888312684555,2555.5,1214.022901253304,379.8295679199703,0.2383091128358866,1,379.8295679199703,-1.6556759388739977,1
R000082,A,1,S010,1653.852469173274,1.890221360403144,2495.5,1244.022901253304,409.8295679199703,0.2478029785358275,1,409.8295679199703,-1.6556759388739977,1
R000083,A,1,S010,1653.852469173274,1.9525396814898757,2495.5,1244.022901253304,409.8295679199703,0.2478029785358275,1,409.8295679199703,-1.6556759388739977,1
R000084,A,1,S011,1163.5352135344808,1.104775062284771,,1163.5352135344808,0.0,0.0,0,0.0,2.937667103696427,0
R000085,A,1,S011,1163.5352135344808,1.1359227466302664,9966.0,1163.5352135344808,0.0,0.0,0,0.0,2.937667103696427,0
R000086,A,1,S011,1223.5352135344808,1.194888093078244,9906.0,1223.5352135344808,0.0,0.0,0,0.0,2.937667103696427,0
R000087,A,1,S011,1163.5352135344808,1.086805367412299,9966.0,1163.5352135344808,0.0,0.0,0,0.0,2.937667103696427,0
R000088,A,1,S011,1223.5352135344808,1.1190655088410852,9906.0,1223.5352135344808,0.0,0.0,0,0.0,2.937667103696427,0
R000089,A,1,S011,1223.5352135344808,1.1554902930398885,9906.0,1223.5352135344808,0.0,0.0,0,0.0,2.937667103696427,0
R000090,A,1,S012,2050.414682835104,2.83314290926716,,1195.9773414175518,854.4373414175518,0.4167144083440347,1,854.4373414175518,-5.4426206856221455,1
R000091,A,1,S012,2050.414682835104,2.9114301427790448,2324.9,1195.9773414175518,854.4373414175518,0.4167144083440347,1,854.4373414175518,-5.4426206856221455,1
R000092,A,1,S012,2110.414682835104,3.061601464969904,2264.9,1225.9773414175518,884.4373414175518,0.4190822536495103,1,884.4373414175518,-5.4426206856221455,1
R000093,A,1,S012,2050.414682835104,2.788878372086112,2324.9,1195.9773414175518,854.4373414175518,0.4167144083440347,1,854.4373414175518,-5.4426206856221455,1
R000094,A,1,S012,2110.414682835104,2.8689160516355905,2264.9,1225.9773414175518,884.4373414175518,0.4190822536495103,1,884.4373414175518,-5.4426206856221455,1
R000095,A,1,S012,2110.414682835104,2.961062090388955,2264.9,1225.9773414175518,884.4373414175518,0.4190822536495103,1,884.4373414175518,-5.4426206856221455,1
R000096,A,1,S013,1552.0233919046514,1.8710396210494764,,1183.145029285659,368.87836261899247,0.2376757750837137,1,368.87836261899247,-1.7783987710747056,1
R000097,A,1,S013,1552.0233919046514,1.9242610635843664,2576.5,1183.145029285659,368.87836261899247,0.2376757750837137,1,368.87836261899247,-1.7783987710747056,1
R000098,A,1,S013,1612.0233919046514,2.0252312019390644,2516.5,1213.1450292856591,398.8783626189922,0.247439562367458,1,398.8783626189922,-1.7783987710747056,1
R000099,A,1,S013,1552.0233919046514,1.8404346471826696,2576.5,1183.145029285659,368.87836261899247,0.2376757750837137,1,368.87836261899247,-1.7783987710747056,1
R000100,A,1,S013,1612.0233919046514,1.895441441300517,2516.5,1213.1450292856591,398.8783626189922,0.247439562367458,1,398.8783626189922,-1.7783987710747056,1
R000101,A,1,S013,1612.0233919046514,1.957745501136248,2516.5,1213.1450292856591,398.8783626189922,0.247439562367458,1,398.8783626189922,-1.7783987710747056,1
R000102,A,1,S014,1928.9611053702408,2.185397287318804,,1321.357219351787,607.6038860184537,0.3149902215896838,1,607.6038860184537,-2.7488069776422748,1
R000103,A,1,S014,1928.9611053702408,2.248452345106987,2388.0,1321.357219351787,607.6038860184537,0.3149902215896838,1,607.6038860184537,-2.7488069776422748,1
R000104,A,1,S014,1988.9611053702408,2.366013438574972,2328.0,1351.357219351787,637.6038860184537,0.3205713195179677,1,637.6038860184537,-2.7488069776422748,1
R000105,A,1,S014,1928.9611053702408,2.148191516377425,2388.0,1321.357219351787,607.6038860184537,0.3149902215896838,1,607.6038860184537,-2.7488069776422748,1
R000106,A,1,S014,1988.9611053702408,2.214459791976608,2328.0,1351.357219351787,637.6038860184537,0.3205713195179677,1,637.6038860184537,-2.7488069776422748,1
R000107,A,1,S014,1988.9611053702408,2.287650601258055,2328.0,1351.357219351787,637.6038860184537,0.3205713195179677,1,637.6038860184537,-2.7488069776422748,1
R000108,A,1,S015,1910.20984697682,2.3644554864474845,,1307.2649234884095,602.94492348841,0.3156432914648914,1,602.94492348841,-3.666371127136273,1
R000109,A,1,S015,1910.20984697682,2.432955544300718,9601.5,1307.2649234884095,602.94492348841,0.3156432914648914,1,602.94492348841,-3.666371127136273,1
R000110,A,1,S015,1970.20984697682,2.5615407139168,9541.5,1337.2649234884095,632.94492348841,0.3212576185524753,1,632.94492348841,-3.666371127136273,1
R000111,A,1,S015,1910.20984697682,2.324436471583647,6001.5,1307.2649234884095,602.94492348841,0.3156432914648914,1,602.94492348841,-3.666371127136273,1
R000112,A,1,S015,1970.20984697682,2.395963417961528,5941.5,1337.2649234884095,632.94492348841,0.3212576185524753,1,632.94492348841,-3.666371127136273,1
R000113,A,1,S015,1970.20984697682,2.475738504082244,5941.5,1337.2649234884095,632.94492348841,0.3212576185524753,1,632.94492348841,-3.666371127136273,1
R000114,B,1,S001,1090.3573074816584,0.9536714133213036,,1090.3573074816584,0.0,0.0,0,0.0,2.2144147110676613,0
R000115,B,1,S001,1150.3573074816584,0.9927462429280284,,1150.3573074816584,0.0,0.0,0,0.0,2.2144147110676613,0
R000116,B,1,S001,1090.3573074816584,0.9647749218029644,,1090.3573074816584,0.0,0.0,0,0.0,2.2144147110676613,0
R000117,B,1,S001,1150.3573074816584,1.009881731382137,,1150.3573074816584,0.0,0.0,0,0.0,2.2144147110676613,0
R000118,B,1,S001,1150.3573074816584,1.0294173470117374,,1150.3573074816584,0.0,0.0,0,0.0,2.2144147110676613,0
R000119,B,1,S001,1090.3573074816584,1.009881731382137,2801.7,1090.3573074816584,0.0,0.0,0,0.0,2.2144147110676613,0
R000120,B,1,S001,1150.3573074816584,1.0770845709208954,2741.7,1150.3573074816584,0.0,0.0,0,0.0,2.2144147110676613,0
R000121,B,1,S001,1150.3573074816584,1.1061855138834067,2741.7,1150.3573074816584,0.0,0.0,0,0.0,2.2144147110676613,0
R000122,B,1,S001,1150.3573074816584,1.2239597072836312,2741.7,1150.3573074816584,0.0,0.0,0,0.0,2.2144147110676613,0
R000123,B,1,S001,1090.3573074816584,0.9405893653118222,2801.7,1090.3573074816584,0.0,0.0,0,0.0,2.2144147110676613,0
R000124,B,1,S001,1150.3573074816584,0.9710308773692452,2741.7,1150.3573074816584,0.0,0.0,0,0.0,2.2144147110676613,0
R000125,B,1,S001,1150.3573074816584,0.98499963410779,2741.7,1150.3573074816584,0.0,0.0,0,0.0,2.2144147110676613,0
R000126,B,1,S001,1210.3573074816584,1.0639567879671474,2681.7,1210.3573074816584,0.0,0.0,0,0.0,2.2144147110676613,0
R000127,B,1,S001,1150.3573074816584,1.040183008029646,2741.7,1150.3573074816584,0.0,0.0,0,0.0,2.2144147110676613,0
R000128,B,1,S001,1210.3573074816584,1.1583766842339946,2681.7,1210.3573074816584,0.0,0.0,0,0.0,2.2144147110676613,0
R000129,B,1,S001,1150.3573074816584,0.9536714133213036,2741.7,1150.3573074816584,0.0,0.0,0,0.0,2.2144147110676613,0
R000130,B,1,S001,1210.3573074816584,0.9927462429280284,2681.7,1210.3573074816584,0.0,0.0,0,0.0,2.2144147110676613,0
R000131,B,1,S001,1210.3573074816584,1.009881731382137,2681.7,1210.3573074816584,0.0,0.0,0,0.0,2.2144147110676613,0
R000132,B,1,S001,1210.3573074816584,1.0770845709208954,2681.7,1210.3573074816584,0.0,0.0,0,0.0,2.2144147110676613,0
R000133,B,1,S002,1699.8886725284528,2.23741364001433,,988.6043362642264,711.2843362642265,0.4184299523604955,1,711.2843362642265,-5.48219992618948,1
R000134,B,1,S002,1699.8886725284528,2.263064735098496,,988.6043362642264,711.2843362642265,0.4184299523604955,1,711.2843362642265,-5.48219992618948,1
R000135,B,1,S002,1759.8886725284528,2.368649062244219,,1018.6043362642264,741.2843362642265,0.4212109253474622,1,741.2843362642265,-5.48219992618948,1
R000136,B,1,S002,1759.8886725284528,2.414765925213808,,1018.6043362642264,741.2843362642265,0.4212109253474622,1,741.2843362642265,-5.48219992618948,1
R000137,B,1,S002,1699.8886725284528,2.368649062244219,2498.1,988.6043362642264,711.2843362642265,0.4184299523604955,1,711.2843362642265,-5.48219992618948,1
R000138,B,1,S002,1759.8886725284528,2.5278631894397154,2438.1,1018.6043362642264,741.2843362642265,0.4212109253474622,1,741.2843362642265,-5.48219992618948,1
R000139,B,1,S002,1759.8886725284528,2.597196285968586,2438.1,1018.6043362642264,741.2843362642265,0.4212109253474622,1,741.2843362642265,-5.48219992618948,1
R000140,B,1,S002,1759.8886725284528,2.8791533493746737,2438.1,1018.6043362642264,741.2843362642265,0.4212109253474622,1,741.2843362642265,-5.48219992618948,1
R000141,B,1,S002,1699.8886725284528,2.2076096318361778,2498.1,988.6043362642264,711.2843362642265,0.4184299523604955,1,711.2843362642265,-5.48219992618948,1
R000142,B,1,S002,1759.8886725284528,2.277599466432769,2438.1,1018.6043362642264,741.2843362642265,0.4212109253474622,1,741.2843362642265,-5.48219992618948,1
R000143,B,1,S002,1759.8886725284528,2.31020487373459,2438.1,1018.6043362642264,741.2843362642265,0.4212109253474622,1,741.2843362642265,-5.48219992618948,1
R000144,B,1,S002,1819.8886725284528,2.4966496823506805,2378.1,1048.6043362642265,771.2843362642265,0.4238085262614699,1,771.2843362642265,-5.48219992618948,1
R000145,B,1,S002,1759.8886725284528,2.44024626994997,2438.1,1018.6043362642264,741.2843362642265,0.4212109253474622,1,741.2843362642265,-5.48219992618948,1
R000146,B,1,S002,1819.8886725284528,2.721922975511305,2378.1,1048.6043362642265,771.2843362642265,0.4238085262614699,1,771.2843362642265,-5.48219992618948,1
R000147,B,1,S003,1960.2414747964503,2.2875220919905983,,1172.4140707315587,787.8274040648918,0.401903242123116,1,787.8274040648918,-5.288334514260441,1
R000148,B,1,S003,1960.2414747964503,2.314518279263184,,1172.4140707315587,787.8274040648918,0.401903242123116,1,787.8274040648918,-5.288334514260441,1
R000149,B,1,S003,2020.2414747964503,2.4234670793332462,,1202.4140707315587,817.8274040648918,0.4048166589329585,1,817.8274040648918,-5.288334514260441,1
R000150,B,1,S003,2020.2414747964503,2.4704495370400963,,1202.4140707315587,817.8274040648918,0.4048166589329585,1,817.8274040648918,-5.288334514260441,1
R000151,B,1,S003,1960.2414747964503,2.4234670793332462,5971.9,1172.4140707315587,787.8274040648918,0.401903242123116,1,787.8274040648918,-5.288334514260441,1
R000152,B,1,S003,2020.2414747964503,2.584789173829935,5911.9,1202.4140707315587,817.8274040648918,0.4048166589329585,1,817.8274040648918,-5.288334514260441,1
R000153,B,1,S003,2020.2414747964503,2.654443926315979,5911.9,1202.4140707315587,817.8274040648918,0.4048166589329585,1,817.8274040648918,-5.288334514260441,1
R000154,B,1,S003,2020.2414747964503,2.935633182931117,5911.9,1202.4140707315587,817.8274040648918,0.4048166589329585,1,817.8274040648918,-5.288334514260441,1
R000155,B,1,S003,1960.2414747964503,2.2554972522689534,5971.9,1172.4140707315587,787.8274040648918,0.401903242123116,1,787.8274040648918,-5.288334514260441,1
R000156,B,1,S003,2020.2414747964503,2.3296855118090862,5911.9,1202.4140707315587,817.8274040648918,0.4048166589329585,1,817.8274040648918,-5.288334514260441,1
R000157,B,1,S003,2020.2414747964503,2.363473077027738,5911.9,1202.4140707315587,817.8274040648918,0.4048166589329585,1,817.8274040648918,-5.288334514260441,1
R000158,B,1,S003,2080.2414747964503,2.553333936621157,5851.9,1232.4140707315587,847.8274040648918,0.4075620135147295,1,847.8274040648918,-5.288334514260441,1
R000159,B,1,S003,2020.2414747964503,2.496305935550539,5911.9,1202.4140707315587,817.8274040648918,0.4048166589329585,1,817.8274040648918,-5.288334514260441,1
R000160,B,1,S003,2080.2414747964503,2.7791674808241336,5851.9,1232.4140707315587,847.8274040648918,0.4075620135147295,1,847.8274040648918,-5.288334514260441,1
R000161,B,1,S004,1865.7710095479192,2.371654142473272,,1214.7721714406262,650.9988381072931,0.3489167935271068,1,650.9988381072931,-5.839925593266557,1
R000162,B,1,S004,1865.7710095479192,2.39899460000606,,1214.7721714406262,650.9988381072931,0.3489167935271068,1,650.9988381072931,-5.839925593266557,1
R000163,B,1,S004,1925.7710095479192,2.5108422104926804,,1244.7721714406262,680.9988381072931,0.3536239951328168,1,680.9988381072931,-5.839925593266557,1
R000164,B,1,S004,1865.7710095479192,2.5108422104926804,6015.5,1214.7721714406262,650.9988381072931,0.3489167935271068,1,650.9988381072931,-5.839925593266557,1
R000165,B,1,S004,1925.7710095479192,2.678558384203423,5955.5,1244.7721714406262,680.9988381072931,0.3536239951328168,1,680.9988381072931,-5.839925593266557,1
R000166,B,1,S004,1925.7710095479192,2.751404337882099,5955.5,1244.7721714406262,680.9988381072931,0.3536239951328168,1,680.9988381072931,-5.839925593266557,1
R000167,B,1,S004,1925.7710095479192,3.0469873223143344,5955.5,1244.7721714406262,680.9988381072931,0.3536239951328168,1,680.9988381072931,-5.839925593266557,1
R000168,B,1,S004,1865.7710095479192,2.3396781276726504,6015.5,1214.7721714406262,650.9988381072931,0.3489167935271068,1,650.9988381072931,-5.839925593266557,1
R000169,B,1,S004,1925.7710095479192,2.4144453620331974,5955.5,1244.7721714406262,680.9988381072931,0.3536239951328168,1,680.9988381072931,-5.839925593266557,1
R000170,B,1,S004,1925.7710095479192,2.449030437883633,5955.5,1244.7721714406262,680.9988381072931,0.3536239951328168,1,680.9988381072931,-5.839925593266557,1
R000171,B,1,S004,1925.7710095479192,2.586356071937873,5955.5,1244.7721714406262,680.9988381072931,0.3536239951328168,1,680.9988381072931,-5.839925593266557,1
R000172,B,1,S004,1985.7710095479192,2.8822655586744954,5895.5,1274.7721714406262,710.9988381072931,0.3580467408823533,1,710.9988381072931,-5.839925593266557,1
R000173,B,1,S005,1459.0243444118548,1.6307770391235858,,1099.1888388725945,359.8355055392607,0.2466274856327455,1,359.8355055392607,-2.547971547580076,1
R000174,B,1,S005,1459.0243444118548,1.6495943457631383,,1099.1888388725945,359.8355055392607,0.2466274856327455,1,359.8355055392607,-2.547971547580076,1
R000175,B,1,S005,1519.024344411855,1.7264627652277489,,1129.1888388725945,389.8355055392609,0.2566354561553783,1,389.8355055392609,-2.547971547580076,1
R000176,B,1,S005,1459.0243444118548,1.7264627652277489,9817.7,1099.1888388725945,359.8355055392607,0.2466274856327455,1,359.8355055392607,-2.547971547580076,1
R000177,B,1,S005,1519.024344411855,1.841574039858056,9757.7,1129.1888388725945,389.8355055392609,0.2566354561553783,1,389.8355055392609,-2.547971547580076,1
R000178,B,1,S005,1519.024344411855,1.8915405294713896,9757.7,1129.1888388725945,389.8355055392609,0.2566354561553783,1,389.8355055392609,-2.547971547580076,1
R000179,B,1,S005,1519.024344411855,2.0941785211089887,9757.7,1129.1888388725945,389.8355055392609,0.2566354561553783,1,389.8355055392609,-2.547971547580076,1
R000180,B,1,S005,1459.0243444118548,1.6087354449980982,9817.7,1099.1888388725945,359.8355055392607,0.2466274856327455,1,359.8355055392607,-2.547971547580076,1
R000181,B,1,S005,1519.024344411855,1.660221800349294,9757.7,1129.1888388725945,389.8355055392609,0.2566354561553783,1,389.8355055392609,-2.547971547580076,1
R000182,B,1,S005,1519.024344411855,1.683998155030607,9757.7,1129.1888388725945,389.8355055392609,0.2566354561553783,1,389.8355055392609,-2.547971547580076,1
R000183,B,1,S005,1519.024344411855,1.7783066572354151,9757.7,1129.1888388725945,389.8355055392609,0.2566354561553783,1,389.8355055392609,-2.547971547580076,1
R000184,B,1,S005,1579.024344411855,1.981270504907188,9697.7,1159.1888388725945,419.8355055392609,0.2658828579971251,1,419.8355055392609,-2.547971547580076,1
R000185,B,1,S006,1146.5806863122368,1.0036601089341075,,1146.5806863122368,0.0,0.0,0,0.0,1.8739996127073368,0
R000186,B,1,S006,1146.5806863122368,1.0158519697435353,,1146.5806863122368,0.0,0.0,0,0.0,1.8739996127073368,0
R000187,B,1,S006,1206.5806863122368,1.0646767635077197,,1206.5806863122368,0.0,0.0,0,0.0,1.8739996127073368,0
R000188,B,1,S006,1146.5806863122368,1.0646767635077197,2777.9,1146.5806863122368,0.0,0.0,0,0.0,1.8739996127073368,0
R000189,B,1,S006,1206.5806863122368,1.1364459809209513,2717.9,1206.5806863122368,0.0,0.0,0,0.0,1.8739996127073368,0
R000190,B,1,S006,1206.5806863122368,1.1673263012445938,2717.9,1206.5806863122368,0.0,0.0,0,0.0,1.8739996127073368,0
R000191,B,1,S006,1206.5806863122368,1.2916085976872098,2717.9,1206.5806863122368,0.0,0.0,0,0.0,1.8739996127073368,0
R000192,B,1,S006,1146.5806863122368,0.9890827286994172,2777.9,1146.5806863122368,0.0,0.0,0,0.0,1.8739996127073368,0
R000193,B,1,S006,1206.5806863122368,1.0226791398132435,2717.9,1206.5806863122368,0.0,0.0,0,0.0,1.8739996127073368,0
R000194,B,1,S006,1206.5806863122368,1.0378462622414266,2717.9,1206.5806863122368,0.0,0.0,0,0.0,1.8739996127073368,0
R000195,B,1,S006,1206.5806863122368,1.097134517615153,2717.9,1206.5806863122368,0.0,0.0,0,0.0,1.8739996127073368,0
R000196,B,1,S006,1266.5806863122368,1.2225144279879572,2657.9,1266.5806863122368,0.0,0.0,0,0.0,1.8739996127073368,0
R000197,B,1,S007,1516.1902081524602,1.4646704529064232,,1144.0551040762302,372.1351040762301,0.2454409097719289,1,372.1351040762301,-1.2114589415920705,1
R000198,B,1,S007,1516.1902081524602,1.4823839139755906,,1144.0551040762302,372.1351040762301,0.2454409097719289,1,372.1351040762301,-1.2114589415920705,1
R000199,B,1,S007,1576.1902081524602,1.5529827173571036,,1174.0551040762302,402.1351040762301,0.2551310761837525,1,402.1351040762301,-1.2114589415920705,1
R000200,B,1,S007,1516.1902081524602,1.5529827173571036,2594.3,1144.0551040762302,372.1351040762301,0.2454409097719289,1,372.1351040762301,-1.2114589415920705,1
R000201,B,1,S007,1576.1902081524602,1.656283494582559,2534.3,1174.0551040762302,402.1351040762301,0.2551310761837525,1,402.1351040762301,-1.2114589415920705,1
R000202,B,1,S007,1576.1902081524602,1.7006330361027084,2534.3,1174.0551040762302,402.1351040762301,0.2551310761837525,1,402.1351040762301,-1.2114589415920705,1
R000203,B,1,S007,1576.1902081524602,1.878779072601222,2534.3,1174.0551040762302,402.1351040762301,0.2551310761837525,1,402.1351040762301,-1.2114589415920705,1
R000204,B,1,S007,1516.1902081524602,1.4433885947407328,2594.3,1144.0551040762302,372.1351040762301,0.2454409097719289,1,372.1351040762301,-1.2114589415920705,1
R000205,B,1,S007,1576.1902081524602,1.4922828576755198,2534.3,1174.0551040762302,402.1351040762301,0.2551310761837525,1,402.1351040762301,-1.2114589415920705,1
R000206,B,1,S007,1576.1902081524602,1.5142368666496449,2534.3,1174.0551040762302,402.1351040762301,0.2551310761837525,1,402.1351040762301,-1.2114589415920705,1
R000207,B,1,S007,1576.1902081524602,1.5997489166267655,2534.3,1174.0551040762302,402.1351040762301,0.2551310761837525,1,402.1351040762301,-1.2114589415920705,1
R000208,B,1,S007,1636.1902081524602,1.7797961289606792,2474.3,1204.0551040762302,432.1351040762301,0.264110555070602,1,432.1351040762301,-1.2114589415920705,1
R000209,B,1,S008,1845.888618492203,2.4541538694804026,,1100.4509759127682,745.4376425794347,0.4038367402624426,1,745.4376425794347,-6.237413833707706,1
R000210,B,1,S008,1845.888618492203,2.482490579035201,,1100.4509759127682,745.4376425794347,0.4038367402624426,1,745.4376425794347,-6.237413833707706,1
R000211,B,1,S008,1905.888618492203,2.598727872346759,,1130.4509759127682,775.4376425794347,0.406864092190709,1,775.4376425794347,-6.237413833707706,1
R000212,B,1,S008,1845.888618492203,2.598727872346759,6026.8,1100.4509759127682,745.4376425794347,0.4038367402624426,1,745.4376425794347,-6.237413833707706,1
R000213,B,1,S008,1905.888618492203,2.7734578535037,5966.8,1130.4509759127682,775.4376425794347,0.406864092190709,1,775.4376425794347,-6.237413833707706,1
R000214,B,1,S008,1905.888618492203,2.8494374346074407,5966.8,1130.4509759127682,775.4376425794347,0.406864092190709,1,775.4376425794347,-6.237413833707706,1
R000215,B,1,S008,1905.888618492203,3.1580400807067988,5966.8,1130.4509759127682,775.4376425794347,0.406864092190709,1,775.4376425794347,-6.237413833707706,1
R000216,B,1,S008,1845.888618492203,2.42110783164278,6026.8,1100.4509759127682,745.4376425794347,0.4038367402624426,1,745.4376425794347,-6.237413833707706,1
R000217,B,1,S008,1905.888618492203,2.4985230980260456,5966.8,1130.4509759127682,775.4376425794347,0.406864092190709,1,775.4376425794347,-6.237413833707706,1
R000218,B,1,S008,1905.888618492203,2.5344447027948696,5966.8,1130.4509759127682,775.4376425794347,0.406864092190709,1,775.4376425794347,-6.237413833707706,1
R000219,B,1,S008,1905.888618492203,2.6773567125024744,5966.8,1130.4509759127682,775.4376425794347,0.406864092190709,1,775.4376425794347,-6.237413833707706,1
R000220,B,1,S008,1965.888618492203,2.986013277988837,5906.8,1160.4509759127682,805.4376425794347,0.4097066512329621,1,805.4376425794347,-6.237413833707706,1
R000221,B,1,S009,1440.7787366148573,1.747610923658161,,982.8993683074286,457.8793683074287,0.3177999207451011,1,457.8793683074287,-3.209010330240588,1
R000222,B,1,S009,1440.7787366148573,1.8294665353755013,9828.0,982.8993683074286,457.8793683074287,0.3177999207451011,1,457.8793683074287,-3.209010330240588,1
R000223,B,1,S009,1500.7787366148573,2.00615948145015,9768.0,1012.8993683074286,487.8793683074287,0.3250841422552966,1,487.8793683074287,-3.209010330240588,1
R000224,B,1,S009,1440.7787366148573,1.7044365590124984,9828.0,982.8993683074286,457.8793683074287,0.3177999207451011,1,457.8793683074287,-3.209010330240588,1
R000225,B,1,S009,1500.7787366148573,1.7841885586109505,9768.0,1012.8993683074286,487.8793683074287,0.3250841422552966,1,487.8793683074287,-3.209010330240588,1
R000226,B,1,S009,1500.7787366148573,1.884867942604636,9768.0,1012.8993683074286,487.8793683074287,0.3250841422552966,1,487.8793683074287,-3.209010330240588,1
R000227,B,1,S009,1560.7787366148573,2.1024528395672246,9708.0,1042.8993683074286,517.8793683074286,0.3318083186029604,1,517.8793683074286,-3.209010330240588,1
R000228,B,1,S010,1434.5713591276815,1.5138320113468402,,1084.3823462305074,350.1890128971743,0.2441070711951989,1,350.1890128971743,-1.6556759388739977,1
R000229,B,1,S010,1434.5713591276815,1.586035527253023,2635.2,1084.3823462305074,350.1890128971743,0.2441070711951989,1,350.1890128971743,-1.6556759388739977,1
R000230,B,1,S010,1494.5713591276815,1.738712931654002,2575.2,1114.3823462305074,380.1890128971743,0.2543799669218033,1,380.1890128971743,-1.6556759388739977,1
R000231,B,1,S010,1434.5713591276815,1.4745696911912662,2635.2,1084.3823462305074,350.1890128971743,0.2441070711951989,1,350.1890128971743,-1.6556759388739977,1
R000232,B,1,S010,1494.5713591276815,1.546301375245534,2575.2,1114.3823462305074,380.1890128971743,0.2543799669218033,1,380.1890128971743,-1.6556759388739977,1
R000233,B,1,S010,1494.5713591276815,1.6342227468353867,2575.2,1114.3823462305074,380.1890128971743,0.2543799669218033,1,380.1890128971743,-1.6556759388739977,1
R000234,B,1,S010,1554.5713591276815,1.8210449428989823,2515.2,1144.3823462305074,410.1890128971743,0.263859880402881,1,410.1890128971743,-1.6556759388739977,1
R000235,B,1,S011,1069.630285736439,0.896945705083978,,1069.630285736439,0.0,0.0,0,0.0,2.937667103696427,0
R000236,B,1,S011,1069.630285736439,0.939198352395516,10013.0,1069.630285736439,0.0,0.0,0,0.0,2.937667103696427,0
R000237,B,1,S011,1129.630285736439,1.028789667546012,9953.0,1129.630285736439,0.0,0.0,0,0.0,2.937667103696427,0
R000238,B,1,S011,1069.630285736439,0.8740611488412908,10013.0,1069.630285736439,0.0,0.0,0,0.0,2.937667103696427,0
R000239,B,1,S011,1129.630285736439,0.9159305337356336,9953.0,1129.630285736439,0.0,0.0,0,0.0,2.937667103696427,0
R000240,B,1,S011,1129.630285736439,0.9674497168133565,9953.0,1129.630285736439,0.0,0.0,0,0.0,2.937667103696427,0
R000241,B,1,S011,1189.630285736439,1.077171254529726,9893.0,1189.630285736439,0.0,0.0,0,0.0,2.937667103696427,0
R000242,B,1,S012,1803.80003809751,2.2918774266365416,,1062.6700190487552,741.1300190487548,0.4108714953961492,1,741.1300190487548,-5.4426206856221455,1
R000243,B,1,S012,1803.80003809751,2.3993286940379432,2448.2,1062.6700190487552,741.1300190487548,0.4108714953961492,1,741.1300190487548,-5.4426206856221455,1
R000244,B,1,S012,1863.80003809751,2.62993043205916,2388.2,1092.6700190487552,771.1300190487548,0.4137407464783038,1,771.1300190487548,-5.4426206856221455,1
R000245,B,1,S012,1803.80003809751,2.2347054007946543,2448.2,1062.6700190487552,741.1300190487548,0.4108714953961492,1,741.1300190487548,-5.4426206856221455,1
R000246,B,1,S012,1863.80003809751,2.339979031417455,2388.2,1092.6700190487552,771.1300190487548,0.4137407464783038,1,771.1300190487548,-5.4426206856221455,1
R000247,B,1,S012,1863.80003809751,2.47176622537258,2388.2,1092.6700190487552,771.1300190487548,0.4137407464783038,1,771.1300190487548,-5.4426206856221455,1
R000248,B,1,S012,1923.80003809751,2.7552342804549035,2328.2,1122.6700190487552,801.1300190487548,0.4164310235906901,1,801.1300190487548,-5.4426206856221455,1
R000249,B,1,S013,1390.4000484846588,1.515473280040553,,1052.3333575756628,338.06669090899595,0.2431434688724596,1,338.06669090899595,-1.7783987710747056,1
R000250,B,1,S013,1390.4000484846588,1.587807896774214,2657.3,1052.3333575756628,338.06669090899595,0.2431434688724596,1,338.06669090899595,-1.7783987710747056,1
R000251,B,1,S013,1450.4000484846588,1.7414895548887972,2597.3,1082.3333575756628,368.066690908996,0.2537690834287703,1,368.066690908996,-1.7783987710747056,1
R000252,B,1,S013,1390.4000484846588,1.4764091513058744,2657.3,1052.3333575756628,338.06669090899595,0.2431434688724596,1,338.06669090899595,-1.7783987710747056,1
R000253,B,1,S013,1450.4000484846588,1.547954779892346,2597.3,1082.3333575756628,368.066690908996,0.2537690834287703,1,368.066690908996,-1.7783987710747056,1
R000254,B,1,S013,1450.4000484846588,1.6362383838364838,2597.3,1082.3333575756628,368.066690908996,0.2537690834287703,1,368.066690908996,-1.7783987710747056,1
R000255,B,1,S013,1510.4000484846588,1.824566933772147,2537.3,1112.3333575756628,398.066690908996,0.2635505019404395,1,398.066690908996,-1.7783987710747056,1
R000256,B,1,S014,1748.5974513534843,1.7819938276124847,,1201.175392343409,547.4220590100754,0.3130635118942606,1,547.4220590100754,-2.7488069776422748,1
R000257,B,1,S014,1748.5974513534843,1.86637824207281,2478.1,1201.175392343409,547.4220590100754,0.3130635118942606,1,547.4220590100754,-2.7488069776422748,1
R000258,B,1,S014,1808.5974513534843,2.042762783388696,2418.1,1231.175392343409,577.4220590100754,0.3192651071016135,1,577.4220590100754,-2.7488069776422748,1
R000259,B,1,S014,1748.5974513534843,1.7353480584036631,2478.1,1201.175392343409,547.4220590100754,0.3130635118942606,1,547.4220590100754,-2.7488069776422748,1
R000260,B,1,S014,1808.5974513534843,1.8200728549163372,2418.1,1231.175392343409,577.4220590100754,0.3192651071016135,1,577.4220590100754,-2.7488069776422748,1
R000261,B,1,S014,1808.5974513534843,1.9222555499361291,2418.1,1231.175392343409,577.4220590100754,0.3192651071016135,1,577.4220590100754,-2.7488069776422748,1
R000262,B,1,S014,1868.5974513534843,2.137304308171069,2358.1,1261.175392343409,607.4220590100754,0.325068440273265,1,607.4220590100754,-2.7488069776422748,1
R000263,B,1,S015,1709.5729924903098,1.9203083492730608,,1186.9464962451548,522.6264962451551,0.3057058683898911,1,522.6264962451551,-3.666371127136273,1
R000264,B,1,S015,1709.5729924903098,2.0125352220117474,9701.8,1186.9464962451548,522.6264962451551,0.3057058683898911,1,522.6264962451551,-3.666371127136273,1
R000265,B,1,S015,1769.5729924903098,2.206555701255996,9641.8,1216.9464962451548,552.6264962451551,0.3122936994350524,1,552.6264962451551,-3.666371127136273,1
R000266,B,1,S015,1709.5729924903098,1.8697882632867584,6101.8,1186.9464962451548,522.6264962451551,0.3057058683898911,1,522.6264962451551,-3.666371127136273,1
R000267,B,1,S015,1769.5729924903098,1.9618462768634837,6041.8,1216.9464962451548,552.6264962451551,0.3122936994350524,1,552.6264962451551,-3.666371127136273,1
R000268,B,1,S015,1769.5729924903098,2.0738719890423383,6041.8,1216.9464962451548,552.6264962451551,0.3122936994350524,1,552.6264962451551,-3.666371127136273,1
R000269,B,1,S015,1829.5729924903096,2.3109026130195294,5981.8,1246.9464962451548,582.6264962451551,0.3184494407365061,1,582.6264962451551,-3.666371127136273,1
R000270,C,1,S001,1165.4261775174657,1.9610302993820032,,1165.4261775174657,0.0,0.0,0,0.0,2.2144147110676613,0
R000271,C,1,S001,1231.4261775174657,1.9842276699516657,,1231.4261775174657,0.0,0.0,0,0.0,2.2144147110676613,0
R000272,C,1,S001,1165.4261775174657,1.967917243457357,,1165.4261775174657,0.0,0.0,0,0.0,2.2144147110676613,0
R000273,C,1,S001,1231.4261775174657,1.9935711338639848,,1231.4261775174657,0.0,0.0,0,0.0,2.2144147110676613,0
R000274,C,1,S001,1297.4261775174657,2.0262125182201034,,1297.4261775174657,0.0,0.0,0,0.0,2.2144147110676613,0
R000275,C,1,S001,1231.4261775174657,2.0036835943639915,,1231.4261775174657,0.0,0.0,0,0.0,2.2144147110676613,0
R000276,C,1,S001,1297.4261775174657,2.0386471676995974,,1297.4261775174657,0.0,0.0,0,0.0,2.2144147110676613,0
R000277,C,1,S001,1363.4261775174657,2.0808737955528014,,1363.4261775174657,0.0,0.0,0,0.0,2.2144147110676613,0
R000278,C,1,S001,1297.4261775174657,2.051884964949765,,1297.4261775174657,0.0,0.0,0,0.0,2.2144147110676613,0
R000279,C,1,S001,1363.4261775174657,2.096690530944877,,1363.4261775174657,0.0,0.0,0,0.0,2.2144147110676613,0
R000280,C,1,S001,1429.4261775174657,2.1499433145188216,,1429.4261775174657,0.0,0.0,0,0.0,2.2144147110676613,0
R000281,C,1,S001,1165.4261775174657,1.9935711338639848,2747.1,1165.4261775174657,0.0,0.0,0,0.0,2.2144147110676613,0
R000282,C,1,S001,1231.4261775174657,2.0262125182201034,2681.1,1231.4261775174657,0.0,0.0,0,0.0,2.2144147110676613,0
R000283,C,1,S001,1297.4261775174657,2.065950474916483,2615.1,1297.4261775174657,0.0,0.0,0,0.0,2.2144147110676613,0
R000284,C,1,S001,1231.4261775174657,2.0386471676995974,2681.1,1231.4261775174657,0.0,0.0,0,0.0,2.2144147110676613,0
R000285,C,1,S001,1297.4261775174657,2.0808737955528014,2615.1,1297.4261775174657,0.0,0.0,0,0.0,2.2144147110676613,0
R000286,C,1,S001,1363.4261775174657,2.1311750542779526,2549.1,1363.4261775174657,0.0,0.0,0,0.0,2.2144147110676613,0
R000287,C,1,S001,1297.4261775174657,2.096690530944877,2615.1,1297.4261775174657,0.0,0.0,0,0.0,2.2144147110676613,0
R000288,C,1,S001,1363.4261775174657,2.1499433145188216,2549.1,1363.4261775174657,0.0,0.0,0,0.0,2.2144147110676613,0
R000289,C,1,S001,1429.4261775174657,2.2130972953400043,2483.1,1429.4261775174657,0.0,0.0,0,0.0,2.2144147110676613,0
R000290,C,1,S001,1363.4261775174657,2.1698067931867904,2549.1,1363.4261775174657,0.0,0.0,0,0.0,2.2144147110676613,0
R000291,C,1,S001,1429.4261775174657,2.2366843927404867,2483.1,1429.4261775174657,0.0,0.0,0,0.0,2.2144147110676613,0
R000292,C,1,S001,1495.4261775174657,2.316385981778213,2417.1,1495.4261775174657,0.0,0.0,0,0.0,2.2144147110676613,0
R000293,C,1,S001,1231.4261775174657,2.0808737955528014,2681.1,1231.4261775174657,0.0,0.0,0,0.0,2.2144147110676613,0
R000294,C,1,S001,1297.4261775174657,2.1311750542779526,2615.1,1297.4261775174657,0.0,0.0,0,0.0,2.2144147110676613,0
R000295,C,1,S001,1363.4261775174657,2.190832939070467,2549.1,1363.4261775174657,0.0,0.0,0,0.0,2.2144147110676613,0
R000296,C,1,S001,1297.4261775174657,2.1499433145188216,2615.1,1297.4261775174657,0.0,0.0,0,0.0,2.2144147110676613,0
R000297,C,1,S001,1363.4261775174657,2.2130972953400043,2549.1,1363.4261775174657,0.0,0.0,0,0.0,2.2144147110676613,0
R000298,C,1,S001,1429.4261775174657,2.2882164448140943,2483.1,1429.4261775174657,0.0,0.0,0,0.0,2.2144147110676613,0
R000299,C,1,S001,1363.4261775174657,2.2366843927404867,2549.1,1363.4261775174657,0.0,0.0,0,0.0,2.2144147110676613,0
R000300,C,1,S001,1429.4261775174657,2.316385981778213,2483.1,1429.4261775174657,0.0,0.0,0,0.0,2.2144147110676613,0
R000301,C,1,S001,1495.4261775174657,2.4121644106544267,2417.1,1495.4261775174657,0.0,0.0,0,0.0,2.2144147110676613,0
R000302,C,1,S001,1429.4261775174657,2.346330681435848,2483.1,1429.4261775174657,0.0,0.0,0,0.0,2.2144147110676613,0
R000303,C,1,S001,1495.4261775174657,2.448413736367975,2417.1,1495.4261775174657,0.0,0.0,0,0.0,2.2144147110676613,0
R000304,C,1,S001,1561.4261775174657,2.5731986987483504,2351.1,1561.4261775174657,0.0,0.0,0,0.0,2.2144147110676613,0
R000305,C,1,S001,1297.4261775174657,2.2130972953400043,2615.1,1297.4261775174657,0.0,0.0,0,0.0,2.2144147110676613,0
R000306,C,1,S001,1363.4261775174657,2.2882164448140943,2549.1,1363.4261775174657,0.0,0.0,0,0.0,2.2144147110676613,0
R000307,C,1,S001,1429.4261775174657,2.378200464806586,2483.1,1429.4261775174657,0.0,0.0,0,0.0,2.2144147110676613,0
R000308,C,1,S001,1363.4261775174657,2.316385981778213,2549.1,1363.4261775174657,0.0,0.0,0,0.0,2.2144147110676613,0
R000310,C,1,S001,1495.4261775174657,2.52866628854727,2417.1,1495.4261775174657,0.0,0.0,0,0.0,2.2144147110676613,0
R000311,C,1,S001,1429.4261775174657,2.448413736367975,2483.1,1429.4261775174657,0.0,0.0,0,0.0,2.2144147110676613,0
R000312,C,1,S001,1495.4261775174657,2.5731986987483504,2417.1,1495.4261775174657,0.0,0.0,0,0.0,2.2144147110676613,0
R000313,C,1,S001,1561.4261775174657,2.728480567856419,2351.1,1561.4261775174657,0.0,0.0,0,0.0,2.2144147110676613,0
R000314,C,1,S001,1495.4261775174657,2.6210864665363207,2417.1,1495.4261775174657,0.0,0.0,0,0.0,2.2144147110676613,0
R000315,C,1,S001,1561.4261775174657,2.788923112291026,2351.1,1561.4261775174657,0.0,0.0,0,0.0,2.2144147110676613,0
R000316,C,1,S001,1627.4261775174657,3.004693884669704,2285.1,1627.4261775174657,0.0,0.0,0,0.0,2.2144147110676613,0
R000317,C,1,S001,1363.4261775174657,2.4121644106544267,2549.1,1363.4261775174657,0.0,0.0,0,0.0,2.2144147110676613,0
R000318,C,1,S001,1429.4261775174657,2.52866628854727,2483.1,1429.4261775174657,0.0,0.0,0,0.0,2.2144147110676613,0
R000319,C,1,S001,1495.4261775174657,2.6727029255505155,2417.1,1495.4261775174657,0.0,0.0,0,0.0,2.2144147110676613,0
R000320,C,1,S001,1429.4261775174657,2.5731986987483504,2483.1,1429.4261775174657,0.0,0.0,0,0.0,2.2144147110676613,0
R000321,C,1,S001,1495.4261775174657,2.728480567856419,2417.1,1495.4261775174657,0.0,0.0,0,0.0,2.2144147110676613,0
R000322,C,1,S001,1561.4261775174657,2.92626894731049,2351.1,1561.4261775174657,0.0,0.0,0,0.0,2.2144147110676613,0
R000323,C,1,S001,1495.4261775174657,2.788923112291026,2417.1,1495.4261775174657,0.0,0.0,0,0.0,2.2144147110676613,0
R000324,C,1,S001,1561.4261775174657,3.004693884669704,2351.1,1561.4261775174657,0.0,0.0,0,0.0,2.2144147110676613,0
R000326,C,1,S001,1429.4261775174657,2.728480567856419,2483.1,1429.4261775174657,0.0,0.0,0,0.0,2.2144147110676613,0
R000327,C,1,S001,1495.4261775174657,2.92626894731049,2417.1,1495.4261775174657,0.0,0.0,0,0.0,2.2144147110676613,0
R000328,C,1,S001,1495.4261775174657,3.004693884669704,2417.1,1495.4261775174657,0.0,0.0,0,0.0,2.2144147110676613,0
R000329,C,1,S001,1165.4261775174657,1.9525386995277736,2747.1,1165.4261775174657,0.0,0.0,0,0.0,2.2144147110676613,0
R000330,C,1,S001,1231.4261775174657,1.9716880961690404,2681.1,1231.4261775174657,0.0,0.0,0,0.0,2.2144147110676613,0
R000331,C,1,S001,1297.4261775174657,1.9985316370732773,2615.1,1297.4261775174657,0.0,0.0,0,0.0,2.2144147110676613,0
R000332,C,1,S001,1231.4261775174657,1.9798480583428797,2681.1,1231.4261775174657,0.0,0.0,0,0.0,2.2144147110676613,0
R000333,C,1,S001,1297.4261775174657,2.009026957313943,2615.1,1297.4261775174657,0.0,0.0,0,0.0,2.2144147110676613,0
R000334,C,1,S001,1363.4261775174657,2.0451642686894207,2549.1,1363.4261775174657,0.0,0.0,0,0.0,2.2144147110676613,0
R000335,C,1,S001,1297.4261775174657,2.020290257899074,2615.1,1297.4261775174657,0.0,0.0,0,0.0,2.2144147110676613,0
R000336,C,1,S001,1363.4261775174657,2.0588125032910654,2549.1,1363.4261775174657,0.0,0.0,0,0.0,2.2144147110676613,0
R000337,C,1,S001,1429.4261775174657,2.104946588384052,2483.1,1429.4261775174657,0.0,0.0,0,0.0,2.2144147110676613,0
R000338,C,1,S001,1363.4261775174657,2.073302813462038,2549.1,1363.4261775174657,0.0,0.0,0,0.0,2.2144147110676613,0
R000339,C,1,S001,1429.4261775174657,2.1221825805897,2483.1,1429.4261775174657,0.0,0.0,0,0.0,2.2144147110676613,0
R000340,C,1,S001,1495.4261775174657,2.180170010687464,2417.1,1495.4261775174657,0.0,0.0,0,0.0,2.2144147110676613,0
R000341,C,1,S001,1231.4261775174657,2.009026957313943,2681.1,1231.4261775174657,0.0,0.0,0,0.0,2.2144147110676613,0
R000342,C,1,S001,1297.4261775174657,2.0451642686894207,2615.1,1297.4261775174657,0.0,0.0,0,0.0,2.2144147110676613,0
R000343,C,1,S001,1363.4261775174657,2.088668043640008,2549.1,1363.4261775174657,0.0,0.0,0,0.0,2.2144147110676613,0
R000344,C,1,S001,1297.4261775174657,2.0588125032910654,2615.1,1297.4261775174657,0.0,0.0,0,0.0,2.2144147110676613,0
R000345,C,1,S001,1363.4261775174657,2.104946588384052,2549.1,1363.4261775174657,0.0,0.0,0,0.0,2.2144147110676613,0
R000346,C,1,S001,1429.4261775174657,2.159734116303751,2483.1,1429.4261775174657,0.0,0.0,0,0.0,2.2144147110676613,0
R000347,C,1,S001,1363.4261775174657,2.1221825805897,2549.1,1363.4261775174657,0.0,0.0,0,0.0,2.2144147110676613,0
R000348,C,1,S001,1429.4261775174657,2.180170010687464,2483.1,1429.4261775174657,0.0,0.0,0,0.0,2.2144147110676613,0
R000349,C,1,S001,1495.4261775174657,2.2490031003939803,2417.1,1495.4261775174657,0.0,0.0,0,0.0,2.2144147110676613,0
R000350,C,1,S001,1429.4261775174657,2.2018052799482666,2483.1,1429.4261775174657,0.0,0.0,0,0.0,2.2144147110676613,0
R000351,C,1,S001,1495.4261775174657,2.2747551279674587,2417.1,1495.4261775174657,0.0,0.0,0,0.0,2.2144147110676613,0
R000352,C,1,S001,1561.4261775174657,2.3620148515625594,2351.1,1561.4261775174657,0.0,0.0,0,0.0,2.2144147110676613,0
R000353,C,1,S001,1297.4261775174657,2.104946588384052,2615.1,1297.4261775174657,0.0,0.0,0,0.0,2.2144147110676613,0
R000354,C,1,S001,1363.4261775174657,2.159734116303751,2549.1,1363.4261775174657,0.0,0.0,0,0.0,2.2144147110676613,0
R000355,C,1,S001,1429.4261775174657,2.2247198393609047,2483.1,1429.4261775174657,0.0,0.0,0,0.0,2.2144147110676613,0
R000356,C,1,S001,1363.4261775174657,2.180170010687464,2549.1,1363.4261775174657,0.0,0.0,0,0.0,2.2144147110676613,0
R000359,C,1,S001,1429.4261775174657,2.2747551279674587,2483.1,1429.4261775174657,0.0,0.0,0,0.0,2.2144147110676613,0
R000364,C,1,S001,1627.4261775174657,2.6464030936935066,2285.1,1627.4261775174657,0.0,0.0,0,0.0,2.2144147110676613,0
R000365,C,1,S001,1363.4261775174657,2.2490031003939803,2549.1,1363.4261775174657,0.0,0.0,0,0.0,2.2144147110676613,0
R000366,C,1,S001,1429.4261775174657,2.331127483839708,2483.1,1429.4261775174657,0.0,0.0,0,0.0,2.2144147110676613,0
R000367,C,1,S001,1495.4261775174657,2.429990491986404,2417.1,1495.4261775174657,0.0,0.0,0,0.0,2.2144147110676613,0
R000368,C,1,S001,1429.4261775174657,2.3620148515625594,2483.1,1429.4261775174657,0.0,0.0,0,0.0,2.2144147110676613,0
R000369,C,1,S001,1495.4261775174657,2.4674620915354937,2417.1,1495.4261775174657,0.0,0.0,0,0.0,2.2144147110676613,0
R000373,C,1,S001,1627.4261775174657,2.8210742642766737,2285.1,1627.4261775174657,0.0,0.0,0,0.0,2.2144147110676613,0
R000374,C,1,S001,1561.4261775174657,2.7000419462788185,2351.1,1561.4261775174657,0.0,0.0,0,0.0,2.2144147110676613,0
R000375,C,1,S001,1627.4261775174657,2.8896527296614547,2285.1,1627.4261775174657,0.0,0.0,0,0.0,2.2144147110676613,0
R000376,C,1,S001,1429.4261775174657,2.4674620915354937,2483.1,1429.4261775174657,0.0,0.0,0,0.0,2.2144147110676613,0
R000377,C,1,S001,1495.4261775174657,2.5967010924346523,2417.1,1495.4261775174657,0.0,0.0,0,0.0,2.2144147110676613,0
R000378,C,1,S001,1561.4261775174657,2.7580840729607035,2351.1,1561.4261775174657,0.0,0.0,0,0.0,2.2144147110676613,0
R000379,C,1,S001,1495.4261775174657,2.6464030936935066,2417.1,1495.4261775174657,0.0,0.0,0,0.0,2.2144147110676613,0
R000380,C,1,S001,1561.4261775174657,2.8210742642766737,2351.1,1561.4261775174657,0.0,0.0,0,0.0,2.2144147110676613,0
R000381,C,1,S001,1627.4261775174657,3.046748953971834,2285.1,1627.4261775174657,0.0,0.0,0,0.0,2.2144147110676613,0
R000382,C,1,S001,1561.4261775174657,2.8896527296614547,2351.1,1561.4261775174657,0.0,0.0,0,0.0,2.2144147110676613,0
R000383,C,1,S001,1495.4261775174657,2.8210742642766737,2417.1,1495.4261775174657,0.0,0.0,0,0.0,2.2144147110676613,0
R000384,C,1,S001,1561.4261775174657,3.046748953971834,2351.1,1561.4261775174657,0.0,0.0,0,0.0,2.2144147110676613,0
R000385,C,1,S001,1231.4261775174657,1.9610302993820032,2681.1,1231.4261775174657,0.0,0.0,0,0.0,2.2144147110676613,0
R000386,C,1,S001,1297.4261775174657,1.9842276699516657,2615.1,1297.4261775174657,0.0,0.0,0,0.0,2.2144147110676613,0
R000387,C,1,S001,1363.4261775174657,2.014562197286185,2549.1,1363.4261775174657,0.0,0.0,0,0.0,2.2144147110676613,0
R000388,C,1,S001,1297.4261775174657,1.9935711338639848,2615.1,1297.4261775174657,0.0,0.0,0,0.0,2.2144147110676613,0
R000389,C,1,S001,1363.4261775174657,2.0262125182201034,2549.1,1363.4261775174657,0.0,0.0,0,0.0,2.2144147110676613,0
R000390,C,1,S001,1429.4261775174657,2.065950474916483,2483.1,1429.4261775174657,0.0,0.0,0,0.0,2.2144147110676613,0
R000391,C,1,S001,1363.4261775174657,2.0386471676995974,2549.1,1363.4261775174657,0.0,0.0,0,0.0,2.2144147110676613,0
R000392,C,1,S001,1429.4261775174657,2.0808737955528014,2483.1,1429.4261775174657,0.0,0.0,0,0.0,2.2144147110676613,0
R000393,C,1,S001,1495.4261775174657,2.1311750542779526,2417.1,1495.4261775174657,0.0,0.0,0,0.0,2.2144147110676613,0
R000394,C,1,S001,1429.4261775174657,2.096690530944877,2483.1,1429.4261775174657,0.0,0.0,0,0.0,2.2144147110676613,0
R000395,C,1,S001,1495.4261775174657,2.1499433145188216,2417.1,1495.4261775174657,0.0,0.0,0,0.0,2.2144147110676613,0
R000396,C,1,S001,1561.4261775174657,2.2130972953400043,2351.1,1561.4261775174657,0.0,0.0,0,0.0,2.2144147110676613,0
R000397,C,1,S001,1297.4261775174657,2.0262125182201034,2615.1,1297.4261775174657,0.0,0.0,0,0.0,2.2144147110676613,0
R000398,C,1,S001,1363.4261775174657,2.065950474916483,2549.1,1363.4261775174657,0.0,0.0,0,0.0,2.2144147110676613,0
R000399,C,1,S001,1429.4261775174657,2.1134419133920064,2483.1,1429.4261775174657,0.0,0.0,0,0.0,2.2144147110676613,0
R000400,C,1,S001,1363.4261775174657,2.0808737955528014,2549.1,1363.4261775174657,0.0,0.0,0,0.0,2.2144147110676613,0
R000401,C,1,S001,1429.4261775174657,2.1311750542779526,2483.1,1429.4261775174657,0.0,0.0,0,0.0,2.2144147110676613,0
R000409,C,1,S001,1363.4261775174657,2.1311750542779526,2549.1,1363.4261775174657,0.0,0.0,0,0.0,2.2144147110676613,0
R000410,C,1,S001,1429.4261775174657,2.190832939070467,2483.1,1429.4261775174657,0.0,0.0,0,0.0,2.2144147110676613,0
R000421,C,1,S001,1429.4261775174657,2.2882164448140943,2483.1,1429.4261775174657,0.0,0.0,0,0.0,2.2144147110676613,0
R000423,C,1,S001,1561.4261775174657,2.4871653749484786,2351.1,1561.4261775174657,0.0,0.0,0,0.0,2.2144147110676613,0
R000432,C,1,S001,1495.4261775174657,2.52866628854727,2417.1,1495.4261775174657,0.0,0.0,0,0.0,2.2144147110676613,0
R000433,C,1,S001,1561.4261775174657,2.6727029255505155,2351.1,1561.4261775174657,0.0,0.0,0,0.0,2.2144147110676613,0
R000438,C,1,S001,1561.4261775174657,2.92626894731049,2351.1,1561.4261775174657,0.0,0.0,0,0.0,2.2144147110676613,0
R000439,C,1,S002,1781.0067572452497,4.676867432535839,,1018.8133786226248,762.1933786226248,0.4279564777179948,1,762.1933786226248,-5.48219992618948,1
R000440,C,1,S002,1781.0067572452497,4.692284403823972,,1018.8133786226248,762.1933786226248,0.4279564777179948,1,762.1933786226248,-5.48219992618948,1
R000441,C,1,S002,1847.0067572452497,4.750654087999164,,1048.813378622625,798.1933786226248,0.4321550939061556,1,798.1933786226248,-5.48219992618948,1
R000442,C,1,S002,1847.0067572452497,4.773899786946872,,1048.813378622625,798.1933786226248,0.4321550939061556,1,798.1933786226248,-5.48219992618948,1
R000443,C,1,S002,1913.0067572452497,4.854865224065968,,1078.813378622625,834.1933786226248,0.4360640000163262,1,834.1933786226248,-5.48219992618948,1
R000444,C,1,S002,1781.0067572452497,4.750654087999164,2441.1,1018.8133786226248,762.1933786226248,0.4279564777179948,1,762.1933786226248,-5.48219992618948,1
R000445,C,1,S002,1847.0067572452497,4.825983284993884,2375.1,1048.813378622625,798.1933786226248,0.4321550939061556,1,798.1933786226248,-5.48219992618948,1
R000446,C,1,S002,1847.0067572452497,4.854865224065968,2375.1,1048.813378622625,798.1933786226248,0.4321550939061556,1,798.1933786226248,-5.48219992618948,1
R000447,C,1,S002,1913.0067572452497,4.953458993615905,2309.1,1078.813378622625,834.1933786226248,0.4360640000163262,1,834.1933786226248,-5.48219992618948,1
R000448,C,1,S002,1913.0067572452497,4.990549673877004,2309.1,1078.813378622625,834.1933786226248,0.4360640000163262,1,834.1933786226248,-5.48219992618948,1
R000449,C,1,S002,1979.0067572452497,5.11590528832408,2243.1,1108.813378622625,870.1933786226248,0.439712181596551,1,870.1933786226248,-5.48219992618948,1
R000450,C,1,S002,1847.0067572452497,4.953458993615905,2375.1,1048.813378622625,798.1933786226248,0.4321550939061556,1,798.1933786226248,-5.48219992618948,1
R000451,C,1,S002,1913.0067572452497,5.071650891876307,2309.1,1078.813378622625,834.1933786226248,0.4360640000163262,1,834.1933786226248,-5.48219992618948,1
R000452,C,1,S002,1913.0067572452497,5.11590528832408,2309.1,1078.813378622625,834.1933786226248,0.4360640000163262,1,834.1933786226248,-5.48219992618948,1
R000453,C,1,S002,1979.0067572452497,5.265292334190916,2243.1,1108.813378622625,870.1933786226248,0.439712181596551,1,870.1933786226248,-5.48219992618948,1
R000454,C,1,S002,1979.0067572452497,5.321242644964254,2243.1,1108.813378622625,870.1933786226248,0.439712181596551,1,870.1933786226248,-5.48219992618948,1
R000456,C,1,S002,1913.0067572452497,5.265292334190916,2309.1,1078.813378622625,834.1933786226248,0.4360640000163262,1,834.1933786226248,-5.48219992618948,1
R000457,C,1,S002,1979.0067572452497,5.443720325584658,2243.1,1108.813378622625,870.1933786226248,0.439712181596551,1,870.1933786226248,-5.48219992618948,1
R000458,C,1,S002,1979.0067572452497,5.5107927844537175,2243.1,1108.813378622625,870.1933786226248,0.439712181596551,1,870.1933786226248,-5.48219992618948,1
R000459,C,1,S002,2045.0067572452497,5.739363404434351,2177.1,1138.813378622625,906.1933786226248,0.4431248823076375,1,906.1933786226248,-5.48219992618948,1
R000460,C,1,S002,2045.0067572452497,5.826046510821036,2177.1,1138.813378622625,906.1933786226248,0.4431248823076375,1,906.1933786226248,-5.48219992618948,1
R000461,C,1,S002,2111.00675724525,6.125019578427351,2111.1,1168.8133786226251,942.1933786226248,0.4463241888681287,1,942.1933786226248,-5.48219992618948,1
R000462,C,1,S002,1979.0067572452497,5.739363404434351,2243.1,1108.813378622625,870.1933786226248,0.439712181596551,1,870.1933786226248,-5.48219992618948,1
R000463,C,1,S002,2045.0067572452497,6.018232400600038,2177.1,1138.813378622625,906.1933786226248,0.4431248823076375,1,906.1933786226248,-5.48219992618948,1
R000464,C,1,S002,2045.0067572452497,6.125019578427351,2177.1,1138.813378622625,906.1933786226248,0.4431248823076375,1,906.1933786226248,-5.48219992618948,1
R000465,C,1,S002,1781.0067572452497,4.6582050102966654,2441.1,1018.8133786226248,762.1933786226248,0.4279564777179948,1,762.1933786226248,-5.48219992618948,1
R000466,C,1,S002,1847.0067572452497,4.700787482891347,2375.1,1048.813378622625,798.1933786226248,0.4321550939061556,1,798.1933786226248,-5.48219992618948,1
R000467,C,1,S002,1847.0067572452497,4.719294226695465,2375.1,1048.813378622625,798.1933786226248,0.4321550939061556,1,798.1933786226248,-5.48219992618948,1
R000468,C,1,S002,1913.0067572452497,4.7862195430285706,2309.1,1078.813378622625,834.1933786226248,0.4360640000163262,1,834.1933786226248,-5.48219992618948,1
R000469,C,1,S002,1913.0067572452497,4.812258473329029,2309.1,1078.813378622625,834.1933786226248,0.4360640000163262,1,834.1933786226248,-5.48219992618948,1
R000470,C,1,S002,1979.0067572452497,4.901861248068313,2243.1,1108.813378622625,870.1933786226248,0.439712181596551,1,870.1933786226248,-5.48219992618948,1
R000471,C,1,S002,1847.0067572452497,4.7862195430285706,2375.1,1048.813378622625,798.1933786226248,0.4321550939061556,1,798.1933786226248,-5.48219992618948,1
R000472,C,1,S002,1913.0067572452497,4.870033787671201,2309.1,1078.813378622625,834.1933786226248,0.4360640000163262,1,834.1933786226248,-5.48219992618948,1
R000473,C,1,S002,1913.0067572452497,4.901861248068313,2309.1,1078.813378622625,834.1933786226248,0.4360640000163262,1,834.1933786226248,-5.48219992618948,1
R000475,C,1,S002,1979.0067572452497,5.0504742922977215,2243.1,1108.813378622625,870.1933786226248,0.439712181596551,1,870.1933786226248,-5.48219992618948,1
R000477,C,1,S002,1913.0067572452497,5.009938900055766,2309.1,1078.813378622625,834.1933786226248,0.4360640000163262,1,834.1933786226248,-5.48219992618948,1
R000478,C,1,S002,1979.0067572452497,5.139019529020874,2243.1,1108.813378622625,870.1933786226248,0.439712181596551,1,870.1933786226248,-5.48219992618948,1
R000479,C,1,S002,1979.0067572452497,5.187321479975067,2243.1,1108.813378622625,870.1933786226248,0.439712181596551,1,870.1933786226248,-5.48219992618948,1
R000483,C,1,S002,1979.0067572452497,5.350492426141567,2243.1,1108.813378622625,870.1933786226248,0.439712181596551,1,870.1933786226248,-5.48219992618948,1
R000484,C,1,S002,2045.0067572452497,5.54592298758468,2177.1,1138.813378622625,906.1933786226248,0.4431248823076375,1,906.1933786226248,-5.48219992618948,1
R000487,C,1,S002,2111.00675724525,5.967642976940152,2111.1,1168.8133786226251,942.1933786226248,0.4463241888681287,1,942.1933786226248,-5.48219992618948,1
R000489,C,1,S002,2045.0067572452497,5.871629979599366,2177.1,1138.813378622625,906.1933786226248,0.4431248823076375,1,906.1933786226248,-5.48219992618948,1
R000490,C,1,S002,2111.00675724525,6.181413550070367,2111.1,1168.8133786226251,942.1933786226248,0.4463241888681287,1,942.1933786226248,-5.48219992618948,1
R000491,C,1,S002,2111.00675724525,6.300747965355022,2111.1,1168.8133786226251,942.1933786226248,0.4463241888681287,1,942.1933786226248,-5.48219992618948,1
R000492,C,1,S003,2105.8095208576483,4.677110351925028,,1244.7647604288238,861.0447604288245,0.4088901450488933,1,861.0447604288245,-5.288334514260441,1
R000493,C,1,S003,2105.8095208576483,4.694112193175986,,1244.7647604288238,861.0447604288245,0.4088901450488933,1,861.0447604288245,-5.288334514260441,1
R000494,C,1,S003,2171.8095208576483,4.756952553623882,,1274.7647604288238,897.0447604288245,0.4130402559772282,1,897.0447604288245,-5.288334514260441,1
R000495,C,1,S003,2171.8095208576483,4.78159970137086,,1274.7647604288238,897.0447604288245,0.4130402559772282,1,897.0447604288245,-5.288334514260441,1
R000496,C,1,S003,2237.8095208576483,4.866506413373752,,1304.7647604288238,933.0447604288244,0.4169455674097015,1,933.0447604288244,-5.288334514260441,1
R000497,C,1,S003,2105.8095208576483,4.756952553623882,5884.6,1244.7647604288238,861.0447604288245,0.4088901450488933,1,861.0447604288245,-5.288334514260441,1
R000498,C,1,S003,2171.8095208576483,4.83635507834248,5818.6,1274.7647604288238,897.0447604288245,0.4130402559772282,1,897.0447604288245,-5.288334514260441,1
R000499,C,1,S003,2171.8095208576483,4.866506413373752,5818.6,1274.7647604288238,897.0447604288245,0.4130402559772282,1,897.0447604288245,-5.288334514260441,1
R000500,C,1,S003,2237.8095208576483,4.968628439321392,5752.6,1304.7647604288238,933.0447604288244,0.4169455674097015,1,933.0447604288244,-5.288334514260441,1
R000501,C,1,S003,2237.8095208576483,5.006796190948758,5752.6,1304.7647604288238,933.0447604288244,0.4169455674097015,1,933.0447604288244,-5.288334514260441,1
R000502,C,1,S003,2303.8095208576483,5.1350530520234505,5686.6,1334.7647604288238,969.0447604288244,0.4206271185423673,1,969.0447604288244,-5.288334514260441,1
R000503,C,1,S003,2171.8095208576483,4.968628439321392,5818.6,1274.7647604288238,897.0447604288245,0.4130402559772282,1,897.0447604288245,-5.288334514260441,1
R000504,C,1,S003,2237.8095208576483,5.089889424657498,5752.6,1304.7647604288238,933.0447604288244,0.4169455674097015,1,933.0447604288244,-5.288334514260441,1
R000505,C,1,S003,2237.8095208576483,5.1350530520234505,5752.6,1304.7647604288238,933.0447604288244,0.4169455674097015,1,933.0447604288244,-5.288334514260441,1
R000506,C,1,S003,2303.8095208576483,5.28677830626896,5686.6,1334.7647604288238,969.0447604288244,0.4206271185423673,1,969.0447604288244,-5.288334514260441,1
R000507,C,1,S003,2303.8095208576483,5.343363821540388,5686.6,1334.7647604288238,969.0447604288244,0.4206271185423673,1,969.0447604288244,-5.288334514260441,1
R000508,C,1,S003,2369.8095208576483,5.534311178524112,5620.6,1364.7647604288238,1005.0447604288244,0.4241036047762576,1,1005.0447604288244,-5.288334514260441,1
R000509,C,1,S003,2237.8095208576483,5.28677830626896,5752.6,1304.7647604288238,933.0447604288244,0.4169455674097015,1,933.0447604288244,-5.288334514260441,1
R000510,C,1,S003,2303.8095208576483,5.46686409866857,5686.6,1334.7647604288238,969.0447604288244,0.4206271185423673,1,969.0447604288244,-5.288334514260441,1
R000511,C,1,S003,2303.8095208576483,5.534311178524112,5686.6,1334.7647604288238,969.0447604288244,0.4206271185423673,1,969.0447604288244,-5.288334514260441,1
R000512,C,1,S003,2369.8095208576483,5.763364795675429,5620.6,1364.7647604288238,1005.0447604288244,0.4241036047762576,1,1005.0447604288244,-5.288334514260441,1
R000513,C,1,S003,2369.8095208576483,5.849963060420418,5620.6,1364.7647604288238,1005.0447604288244,0.4241036047762576,1,1005.0447604288244,-5.288334514260441,1
R000514,C,1,S003,2435.8095208576483,6.1477696491366665,5554.6,1394.7647604288238,1041.0447604288245,0.4273916952513892,1,1041.0447604288245,-5.288334514260441,1
R000515,C,1,S003,2303.8095208576483,5.763364795675429,5686.6,1334.7647604288238,969.0447604288244,0.4206271185423673,1,969.0447604288244,-5.288334514260441,1
R000516,C,1,S003,2369.8095208576483,6.041538336128271,5620.6,1364.7647604288238,1005.0447604288244,0.4241036047762576,1,1005.0447604288244,-5.288334514260441,1
R000517,C,1,S003,2369.8095208576483,6.1477696491366665,5620.6,1364.7647604288238,1005.0447604288244,0.4241036047762576,1,1005.0447604288244,-5.288334514260441,1
R000518,C,1,S003,2105.8095208576483,4.6559660592168,5884.6,1244.7647604288238,861.0447604288245,0.4088901450488933,1,861.0447604288245,-5.288334514260441,1
R000519,C,1,S003,2171.8095208576483,4.703389090502286,5818.6,1274.7647604288238,897.0447604288245,0.4130402559772282,1,897.0447604288245,-5.288334514260441,1
R000520,C,1,S003,2171.8095208576483,4.723408313237806,5818.6,1274.7647604288238,897.0447604288245,0.4130402559772282,1,897.0447604288245,-5.288334514260441,1
R000521,C,1,S003,2237.8095208576483,4.794603853857856,5752.6,1304.7647604288238,933.0447604288244,0.4169455674097015,1,933.0447604288244,-5.288334514260441,1
R000522,C,1,S003,2237.8095208576483,4.821978789661166,5752.6,1304.7647604288238,933.0447604288244,0.4169455674097015,1,933.0447604288244,-5.288334514260441,1
R000523,C,1,S003,2303.8095208576483,4.915320473001344,5686.6,1334.7647604288238,969.0447604288244,0.4206271185423673,1,969.0447604288244,-5.288334514260441,1
R000524,C,1,S003,2171.8095208576483,4.794603853857856,5818.6,1274.7647604288238,897.0447604288245,0.4130402559772282,1,897.0447604288245,-5.288334514260441,1
R000525,C,1,S003,2237.8095208576483,4.882292627980249,5752.6,1304.7647604288238,933.0447604288244,0.4169455674097015,1,933.0447604288244,-5.288334514260441,1
R000526,C,1,S003,2237.8095208576483,4.915320473001344,5752.6,1304.7647604288238,933.0447604288244,0.4169455674097015,1,933.0447604288244,-5.288334514260441,1
R000528,C,1,S003,2303.8095208576483,5.068235937813064,5686.6,1334.7647604288238,969.0447604288244,0.4206271185423673,1,969.0447604288244,-5.288334514260441,1
R000530,C,1,S003,2237.8095208576483,5.026704181199275,5752.6,1304.7647604288238,933.0447604288244,0.4169455674097015,1,933.0447604288244,-5.288334514260441,1
R000534,C,1,S003,2369.8095208576483,5.434618300041954,5620.6,1364.7647604288238,1005.0447604288244,0.4241036047762576,1,1005.0447604288244,-5.288334514260441,1
R000536,C,1,S003,2303.8095208576483,5.372901341449225,5686.6,1334.7647604288238,969.0447604288244,0.4206271185423673,1,969.0447604288244,-5.288334514260441,1
R000540,C,1,S003,2435.8095208576483,5.991161145408401,5554.6,1394.7647604288238,1041.0447604288245,0.4273916952513892,1,1041.0447604288245,-5.288334514260441,1
R000542,C,1,S003,2369.8095208576483,5.895451581992635,5620.6,1364.7647604288238,1005.0447604288244,0.4241036047762576,1,1005.0447604288244,-5.288334514260441,1
R000543,C,1,S003,2435.8095208576483,6.203815391673846,5554.6,1394.7647604288238,1041.0447604288245,0.4273916952513892,1,1041.0447604288245,-5.288334514260441,1
R000544,C,1,S003,2435.8095208576483,6.322299969862874,5554.6,1394.7647604288238,1041.0447604288245,0.4273916952513892,1,1041.0447604288245,-5.288334514260441,1
R000545,C,1,S004,1975.184064967841,4.9158811826487625,,1259.8620324839203,715.3220324839206,0.3621546189901887,1,715.3220324839206,-5.839925593266557,1
R000546,C,1,S004,1975.184064967841,4.932560295335747,,1259.8620324839203,715.3220324839206,0.3621546189901887,1,715.3220324839206,-5.839925593266557,1
R000547,C,1,S004,2041.184064967841,4.995222298875197,,1289.8620324839203,751.3220324839206,0.3680814706417756,1,751.3220324839206,-5.839925593266557,1
R000548,C,1,S004,1975.184064967841,4.995222298875197,5944.4,1259.8620324839203,715.3220324839206,0.3621546189901887,1,715.3220324839206,-5.839925593266557,1
R000549,C,1,S004,2041.184064967841,5.0755517860399575,5878.4,1289.8620324839203,751.3220324839206,0.3680814706417756,1,751.3220324839206,-5.839925593266557,1
R000550,C,1,S004,2041.184064967841,5.106257958370094,5878.4,1289.8620324839203,751.3220324839206,0.3680814706417756,1,751.3220324839206,-5.839925593266557,1
R000551,C,1,S004,2107.184064967841,5.210823192106296,5812.4,1319.8620324839203,787.3220324839206,0.3736370474574257,1,787.3220324839206,-5.839925593266557,1
R000552,C,1,S004,2041.184064967841,5.210823192106296,5878.4,1289.8620324839203,751.3220324839206,0.3680814706417756,1,751.3220324839206,-5.839925593266557,1
R000553,C,1,S004,2107.184064967841,5.335804673747933,5812.4,1319.8620324839203,787.3220324839206,0.3736370474574257,1,787.3220324839206,-5.839925593266557,1
R000554,C,1,S004,2107.184064967841,5.382525023009675,5812.4,1319.8620324839203,787.3220324839206,0.3736370474574257,1,787.3220324839206,-5.839925593266557,1
R000555,C,1,S004,2173.184064967841,5.540003886232419,5746.4,1349.8620324839203,823.3220324839206,0.3788551764924266,1,823.3220324839206,-5.839925593266557,1
R000556,C,1,S004,2107.184064967841,5.540003886232419,5812.4,1319.8620324839203,787.3220324839206,0.3736370474574257,1,787.3220324839206,-5.839925593266557,1
R000557,C,1,S004,2173.184064967841,5.7277360023062345,5746.4,1349.8620324839203,823.3220324839206,0.3788551764924266,1,823.3220324839206,-5.839925593266557,1
R000558,C,1,S004,2173.184064967841,5.798226948546756,5746.4,1349.8620324839203,823.3220324839206,0.3788551764924266,1,823.3220324839206,-5.839925593266557,1
R000559,C,1,S004,2239.184064967841,6.038194885243257,5680.4,1379.8620324839203,859.3220324839206,0.3837656965892449,1,859.3220324839206,-5.839925593266557,1
R000560,C,1,S004,1975.184064967841,4.895511856626976,5944.4,1259.8620324839203,715.3220324839206,0.3621546189901887,1,715.3220324839206,-5.839925593266557,1
R000561,C,1,S004,2041.184064967841,4.941727615214929,5878.4,1289.8620324839203,751.3220324839206,0.3680814706417756,1,751.3220324839206,-5.839925593266557,1
R000562,C,1,S004,2041.184064967841,4.961625482232476,5878.4,1289.8620324839203,751.3220324839206,0.3680814706417756,1,751.3220324839206,-5.839925593266557,1
R000563,C,1,S004,2107.184064967841,5.033200270747688,5812.4,1319.8620324839203,787.3220324839206,0.3736370474574257,1,787.3220324839206,-5.839925593266557,1
R000564,C,1,S004,2041.184064967841,5.033200270747688,5878.4,1289.8620324839203,751.3220324839206,0.3680814706417756,1,751.3220324839206,-5.839925593266557,1
R000565,C,1,S004,2107.184064967841,5.122369011844724,5812.4,1319.8620324839203,787.3220324839206,0.3736370474574257,1,787.3220324839206,-5.839925593266557,1
R000566,C,1,S004,2107.184064967841,5.156143665583004,5812.4,1319.8620324839203,787.3220324839206,0.3736370474574257,1,787.3220324839206,-5.839925593266557,1
R000567,C,1,S004,2173.184064967841,5.270588684160448,5746.4,1349.8620324839203,823.3220324839206,0.3788551764924266,1,823.3220324839206,-5.839925593266557,1
R000568,C,1,S004,2107.184064967841,5.270588684160448,5812.4,1319.8620324839203,787.3220324839206,0.3736370474574257,1,787.3220324839206,-5.839925593266557,1
R000569,C,1,S004,2173.184064967841,5.406913443965377,5746.4,1349.8620324839203,823.3220324839206,0.3788551764924266,1,823.3220324839206,-5.839925593266557,1
R000571,C,1,S004,2239.184064967841,5.629688481071383,5680.4,1379.8620324839203,859.3220324839206,0.3837656965892449,1,859.3220324839206,-5.839925593266557,1
R000572,C,1,S004,2173.184064967841,5.629688481071383,5746.4,1349.8620324839203,823.3220324839206,0.3788551764924266,1,823.3220324839206,-5.839925593266557,1
R000573,C,1,S004,2239.184064967841,5.835132935414114,5680.4,1379.8620324839203,859.3220324839206,0.3837656965892449,1,859.3220324839206,-5.839925593266557,1
R000574,C,1,S004,2239.184064967841,5.912495763157983,5680.4,1379.8620324839203,859.3220324839206,0.3837656965892449,1,859.3220324839206,-5.839925593266557,1
R000575,C,1,S004,2305.184064967841,6.1769107423796425,5614.4,1409.8620324839203,895.3220324839206,0.3883950293125121,1,895.3220324839206,-5.839925593266557,1
R000576,C,1,S005,1550.0446406358128,3.372868493061052,,1132.3073203179065,417.7373203179063,0.2695001868762661,1,417.7373203179063,-2.547971547580076,1
R000577,C,1,S005,1550.0446406358128,3.384387951979445,,1132.3073203179065,417.7373203179063,0.2695001868762661,1,417.7373203179063,-2.547971547580076,1
R000578,C,1,S005,1616.0446406358128,3.4275880983729943,,1162.3073203179065,453.7373203179063,0.2807702887089734,1,453.7373203179063,-2.547971547580076,1
R000579,C,1,S005,1550.0446406358128,3.4275880983729943,9755.3,1132.3073203179065,417.7373203179063,0.2695001868762661,1,417.7373203179063,-2.547971547580076,1
R000580,C,1,S005,1616.0446406358128,3.482881897769837,9689.3,1162.3073203179065,453.7373203179063,0.2807702887089734,1,453.7373203179063,-2.547971547580076,1
R000581,C,1,S005,1616.0446406358128,3.504003085807013,9689.3,1162.3073203179065,453.7373203179063,0.2807702887089734,1,453.7373203179063,-2.547971547580076,1
R000582,C,1,S005,1682.0446406358128,3.57588661102598,9623.3,1192.3073203179065,489.7373203179063,0.2911559589362537,1,489.7373203179063,-2.547971547580076,1
R000583,C,1,S005,1616.0446406358128,3.57588661102598,9689.3,1162.3073203179065,453.7373203179063,0.2807702887089734,1,453.7373203179063,-2.547971547580076,1
R000584,C,1,S005,1682.0446406358128,3.661745358921471,9623.3,1192.3073203179065,489.7373203179063,0.2911559589362537,1,489.7373203179063,-2.547971547580076,1
R000585,C,1,S005,1682.0446406358128,3.6938284871563294,9623.3,1192.3073203179065,489.7373203179063,0.2911559589362537,1,489.7373203179063,-2.547971547580076,1
R000586,C,1,S005,1748.0446406358128,3.801932171834694,9557.3,1222.3073203179065,525.7373203179063,0.3007573766117786,1,525.7373203179063,-2.547971547580076,1
R000587,C,1,S005,1682.0446406358128,3.801932171834694,9623.3,1192.3073203179065,489.7373203179063,0.2911559589362537,1,489.7373203179063,-2.547971547580076,1
R000588,C,1,S005,1748.0446406358128,3.9307446540963,9557.3,1222.3073203179065,525.7373203179063,0.3007573766117786,1,525.7373203179063,-2.547971547580076,1
R000589,C,1,S005,1748.0446406358128,3.9790991063996657,9557.3,1222.3073203179065,525.7373203179063,0.3007573766117786,1,525.7373203179063,-2.547971547580076,1
R000590,C,1,S005,1814.0446406358128,4.143667777960806,9491.3,1252.3073203179065,561.7373203179063,0.3096601416164822,1,561.7373203179063,-2.547971547580076,1
R000591,C,1,S005,1550.0446406358128,3.3587718485155573,9755.3,1132.3073203179065,417.7373203179063,0.2695001868762661,1,417.7373203179063,-2.547971547580076,1
R000592,C,1,S005,1616.0446406358128,3.3907142977820737,9689.3,1162.3073203179065,453.7373203179063,0.2807702887089734,1,453.7373203179063,-2.547971547580076,1
R000593,C,1,S005,1616.0446406358128,3.40443704149202,9689.3,1162.3073203179065,453.7373203179063,0.2807702887089734,1,453.7373203179063,-2.547971547580076,1
R000594,C,1,S005,1682.0446406358128,3.4537381205976523,9623.3,1192.3073203179065,489.7373203179063,0.2911559589362537,1,489.7373203179063,-2.547971547580076,1
R000595,C,1,S005,1616.0446406358128,3.4537381205976523,9689.3,1162.3073203179065,453.7373203179063,0.2807702887089734,1,453.7373203179063,-2.547971547580076,1
R000596,C,1,S005,1682.0446406358128,3.5150825196232827,9623.3,1192.3073203179065,489.7373203179063,0.2911559589362537,1,489.7373203179063,-2.547971547580076,1
R000597,C,1,S005,1682.0446406358128,3.5383041284212284,9623.3,1192.3073203179065,489.7373203179063,0.2911559589362537,1,489.7373203179063,-2.547971547580076,1
R000598,C,1,S005,1748.0446406358128,3.6169505120161327,9557.3,1222.3073203179065,525.7373203179063,0.3007573766117786,1,525.7373203179063,-2.547971547580076,1
R000599,C,1,S005,1682.0446406358128,3.6169505120161327,9623.3,1192.3073203179065,489.7373203179063,0.2911559589362537,1,489.7373203179063,-2.547971547580076,1
R000600,C,1,S005,1748.0446406358128,3.710573901041962,9557.3,1222.3073203179065,525.7373203179063,0.3007573766117786,1,525.7373203179063,-2.547971547580076,1
R000601,C,1,S005,1748.0446406358128,3.7455432984894728,9557.3,1222.3073203179065,525.7373203179063,0.3007573766117786,1,525.7373203179063,-2.547971547580076,1
R000602,C,1,S005,1814.0446406358128,3.863476139761546,9491.3,1252.3073203179065,561.7373203179063,0.3096601416164822,1,561.7373203179063,-2.547971547580076,1
R000603,C,1,S005,1748.0446406358128,3.863476139761546,9557.3,1222.3073203179065,525.7373203179063,0.3007573766117786,1,525.7373203179063,-2.547971547580076,1
R000604,C,1,S005,1814.0446406358128,4.004412978691258,9491.3,1252.3073203179065,561.7373203179063,0.3096601416164822,1,561.7373203179063,-2.547971547580076,1
R000605,C,1,S005,1814.0446406358128,4.057471335191948,9491.3,1252.3073203179065,561.7373203179063,0.3096601416164822,1,561.7373203179063,-2.547971547580076,1
R000606,C,1,S005,1880.0446406358128,4.2387743677705485,9425.3,1282.3073203179065,597.7373203179063,0.3179378337079046,1,597.7373203179063,-2.547971547580076,1
R000607,C,1,S006,1230.8632994307266,2.0505556029629,,1230.8632994307266,0.0,0.0,0,0.0,1.8739996127073368,0
R000608,C,1,S006,1230.8632994307266,2.058369001204221,,1230.8632994307266,0.0,0.0,0,0.0,1.8739996127073368,0
R000609,C,1,S006,1296.8632994307266,2.0869939663330395,,1296.8632994307266,0.0,0.0,0,0.0,1.8739996127073368,0
R000610,C,1,S006,1230.8632994307266,2.0869939663330395,2720.9,1230.8632994307266,0.0,0.0,0,0.0,1.8739996127073368,0
R000611,C,1,S006,1296.8632994307266,2.122874715497068,2654.9,1296.8632994307266,0.0,0.0,0,0.0,1.8739996127073368,0
R000612,C,1,S006,1296.8632994307266,2.136448827464135,2654.9,1296.8632994307266,0.0,0.0,0,0.0,1.8739996127073368,0
R000613,C,1,S006,1362.8632994307266,2.1822828527587017,2588.9,1362.8632994307266,0.0,0.0,0,0.0,1.8739996127073368,0
R000614,C,1,S006,1296.8632994307266,2.1822828527587017,2654.9,1296.8632994307266,0.0,0.0,0,0.0,1.8739996127073368,0
R000615,C,1,S006,1362.8632994307266,2.236501540450744,2588.9,1362.8632994307266,0.0,0.0,0,0.0,1.8739996127073368,0
R000616,C,1,S006,1362.8632994307266,2.25665244692809,2588.9,1362.8632994307266,0.0,0.0,0,0.0,1.8739996127073368,0
R000617,C,1,S006,1428.8632994307263,2.3242173466480023,2522.9,1428.8632994307263,0.0,0.0,0,0.0,1.8739996127073368,0
R000618,C,1,S006,1362.8632994307266,2.3242173466480023,2588.9,1362.8632994307266,0.0,0.0,0,0.0,1.8739996127073368,0
R000619,C,1,S006,1428.8632994307263,2.404206826670654,2522.9,1428.8632994307263,0.0,0.0,0,0.0,1.8739996127073368,0
R000620,C,1,S006,1428.8632994307263,2.434119978962054,2522.9,1428.8632994307263,0.0,0.0,0,0.0,1.8739996127073368,0
R000621,C,1,S006,1494.8632994307263,2.53556196695801,2456.9,1494.8632994307263,0.0,0.0,0,0.0,1.8739996127073368,0
R000622,C,1,S006,1230.8632994307266,2.040744924593012,2720.9,1230.8632994307266,0.0,0.0,0,0.0,1.8739996127073368,0
R000623,C,1,S006,1296.8632994307266,2.0626156510261007,2654.9,1296.8632994307266,0.0,0.0,0,0.0,1.8739996127073368,0
R000624,C,1,S006,1296.8632994307266,2.0717509458532777,2654.9,1296.8632994307266,0.0,0.0,0,0.0,1.8739996127073368,0
R000625,C,1,S006,1362.8632994307266,2.1040362649016404,2588.9,1362.8632994307266,0.0,0.0,0,0.0,1.8739996127073368,0
R000626,C,1,S006,1296.8632994307266,2.1040362649016404,2654.9,1296.8632994307266,0.0,0.0,0,0.0,1.8739996127073368,0
R000627,C,1,S006,1362.8632994307266,2.143547169832339,2588.9,1362.8632994307266,0.0,0.0,0,0.0,1.8739996127073368,0
R000628,C,1,S006,1362.8632994307266,2.158381463435101,2588.9,1362.8632994307266,0.0,0.0,0,0.0,1.8739996127073368,0
R000629,C,1,S006,1428.8632994307263,2.2082729757291,2522.9,1428.8632994307263,0.0,0.0,0,0.0,1.8739996127073368,0
R000630,C,1,S006,1362.8632994307266,2.2082729757291,2588.9,1362.8632994307266,0.0,0.0,0,0.0,1.8739996127073368,0
R000631,C,1,S006,1428.8632994307263,2.2671501862956878,2522.9,1428.8632994307263,0.0,0.0,0,0.0,1.8739996127073368,0
R000632,C,1,S006,1428.8632994307263,2.289032756983076,2522.9,1428.8632994307263,0.0,0.0,0,0.0,1.8739996127073368,0
R000633,C,1,S006,1494.8632994307263,2.362494819245423,2456.9,1494.8632994307263,0.0,0.0,0,0.0,1.8739996127073368,0
R000634,C,1,S006,1428.8632994307263,2.362494819245423,2522.9,1428.8632994307263,0.0,0.0,0,0.0,1.8739996127073368,0
R000635,C,1,S006,1494.8632994307263,2.4497585044669243,2456.9,1494.8632994307263,0.0,0.0,0,0.0,1.8739996127073368,0
R000636,C,1,S006,1494.8632994307263,2.48249384067321,2456.9,1494.8632994307263,0.0,0.0,0,0.0,1.8739996127073368,0
R000637,C,1,S006,1560.8632994307263,2.5939758810401803,2390.9,1560.8632994307263,0.0,0.0,0,0.0,1.8739996127073368,0
R000638,C,1,S007,1643.4812665020695,2.959278910819041,,1208.1006332510349,435.3806332510349,0.2649136574447754,1,435.3806332510349,-1.2114589415920705,1
R000639,C,1,S007,1643.4812665020695,2.970751885285929,,1208.1006332510349,435.3806332510349,0.2649136574447754,1,435.3806332510349,-1.2114589415920705,1
R000640,C,1,S007,1709.4812665020695,3.0125605007860696,,1238.1006332510349,471.3806332510349,0.2757448370379461,1,471.3806332510349,-1.2114589415920705,1
R000641,C,1,S007,1643.4812665020695,3.0125605007860696,2516.3,1208.1006332510349,435.3806332510349,0.2649136574447754,1,435.3806332510349,-1.2114589415920705,1
R000642,C,1,S007,1709.4812665020695,3.064710559739578,2450.3,1238.1006332510349,471.3806332510349,0.2757448370379461,1,471.3806332510349,-1.2114589415920705,1
R000643,C,1,S007,1709.4812665020695,3.084394100419125,2450.3,1238.1006332510349,471.3806332510349,0.2757448370379461,1,471.3806332510349,-1.2114589415920705,1
R000644,C,1,S007,1775.4812665020695,3.150730254463146,2384.3,1268.1006332510349,507.3806332510349,0.2857707613275138,1,507.3806332510349,-1.2114589415920705,1
R000645,C,1,S007,1709.4812665020695,3.150730254463146,2450.3,1238.1006332510349,471.3806332510349,0.2757448370379461,1,471.3806332510349,-1.2114589415920705,1
R000646,C,1,S007,1775.4812665020695,3.2290168072012717,2384.3,1268.1006332510349,507.3806332510349,0.2857707613275138,1,507.3806332510349,-1.2114589415920705,1
R000647,C,1,S007,1775.4812665020695,3.2580740486693784,2384.3,1268.1006332510349,507.3806332510349,0.2857707613275138,1,507.3806332510349,-1.2114589415920705,1
R000648,C,1,S007,1841.4812665020693,3.3553825425696315,2318.3,1298.1006332510349,543.3806332510349,0.2950780130841066,1,543.3806332510349,-1.2114589415920705,1
R000649,C,1,S007,1643.4812665020695,2.944790884657542,2516.3,1208.1006332510349,435.3806332510349,0.2649136574447754,1,435.3806332510349,-1.2114589415920705,1
R000650,C,1,S007,1709.4812665020695,2.97697289368711,2450.3,1238.1006332510349,471.3806332510349,0.2757448370379461,1,471.3806332510349,-1.2114589415920705,1
R000651,C,1,S007,1709.4812665020695,2.9903299262692187,2450.3,1238.1006332510349,471.3806332510349,0.2757448370379461,1,471.3806332510349,-1.2114589415920705,1
R000652,C,1,S007,1775.4812665020695,3.037355530435862,2384.3,1268.1006332510349,507.3806332510349,0.2857707613275138,1,507.3806332510349,-1.2114589415920705,1
R000653,C,1,S007,1709.4812665020695,3.037355530435862,2450.3,1238.1006332510349,471.3806332510349,0.2757448370379461,1,471.3806332510349,-1.2114589415920705,1
R000654,C,1,S007,1775.4812665020695,3.094679537567233,2384.3,1268.1006332510349,507.3806332510349,0.2857707613275138,1,507.3806332510349,-1.2114589415920705,1
R000655,C,1,S007,1775.4812665020695,3.116159175961826,2384.3,1268.1006332510349,507.3806332510349,0.2857707613275138,1,507.3806332510349,-1.2114589415920705,1
R000656,C,1,S007,1841.4812665020693,3.188278340107001,2318.3,1298.1006332510349,543.3806332510349,0.2950780130841066,1,543.3806332510349,-1.2114589415920705,1
R000657,C,1,S007,1775.4812665020695,3.188278340107001,2384.3,1268.1006332510349,507.3806332510349,0.2857707613275138,1,507.3806332510349,-1.2114589415920705,1
R000658,C,1,S007,1841.4812665020693,3.27320454069704,2318.3,1298.1006332510349,543.3806332510349,0.2950780130841066,1,543.3806332510349,-1.2114589415920705,1
R000659,C,1,S007,1841.4812665020693,3.304729869338286,2318.3,1298.1006332510349,543.3806332510349,0.2950780130841066,1,543.3806332510349,-1.2114589415920705,1
R000660,C,1,S007,1907.4812665020693,3.410443405708377,2252.3,1328.1006332510349,579.3806332510349,0.3037411918144289,1,579.3806332510349,-1.2114589415920705,1
R000661,C,1,S008,1939.7583959173328,5.115769065629389,,1141.3191979586666,798.4391979586667,0.4116178590277867,1,798.4391979586667,-6.237413833707706,1
R000662,C,1,S008,1939.7583959173328,5.132943671129786,,1141.3191979586666,798.4391979586667,0.4116178590277867,1,798.4391979586667,-6.237413833707706,1
R000663,C,1,S008,2005.7583959173328,5.197685128722332,,1171.3191979586666,834.4391979586667,0.416021789891118,1,834.4391979586667,-6.237413833707706,1
R000664,C,1,S008,1939.7583959173328,5.197685128722332,5964.3,1141.3191979586666,798.4391979586667,0.4116178590277867,1,798.4391979586667,-6.237413833707706,1
R000665,C,1,S008,2005.7583959173328,5.280923904754285,5898.3,1171.3191979586666,834.4391979586667,0.416021789891118,1,834.4391979586667,-6.237413833707706,1
R000666,C,1,S008,2005.7583959173328,5.312784415417555,5898.3,1171.3191979586666,834.4391979586667,0.416021789891118,1,834.4391979586667,-6.237413833707706,1
R000667,C,1,S008,2071.758395917333,5.421397281583459,5832.3,1201.3191979586668,870.4391979586667,0.4201451287341126,1,870.4391979586667,-6.237413833707706,1
R000668,C,1,S008,2005.7583959173328,5.421397281583459,5898.3,1171.3191979586666,834.4391979586667,0.416021789891118,1,834.4391979586667,-6.237413833707706,1
R000669,C,1,S008,2071.758395917333,5.551385338854885,5832.3,1201.3191979586668,870.4391979586667,0.4201451287341126,1,870.4391979586667,-6.237413833707706,1
R000670,C,1,S008,2071.758395917333,5.600012206093382,5832.3,1201.3191979586668,870.4391979586667,0.4201451287341126,1,870.4391979586667,-6.237413833707706,1
R000671,C,1,S008,2137.758395917333,5.764024034282102,5766.3,1231.3191979586668,906.4391979586668,0.4240138640969783,1,906.4391979586668,-6.237413833707706,1
R000672,C,1,S008,1939.7583959173328,5.094874878214972,5964.3,1141.3191979586666,798.4391979586667,0.4116178590277867,1,798.4391979586667,-6.237413833707706,1
R000673,C,1,S008,2005.7583959173328,5.142397617146049,5898.3,1171.3191979586666,834.4391979586667,0.416021789891118,1,834.4391979586667,-6.237413833707706,1
R000674,C,1,S008,2005.7583959173328,5.162942160612333,5898.3,1171.3191979586666,834.4391979586667,0.416021789891118,1,834.4391979586667,-6.237413833707706,1
R000675,C,1,S008,2071.758395917333,5.237015033214229,5832.3,1201.3191979586668,870.4391979586667,0.4201451287341126,1,870.4391979586667,-6.237413833707706,1
R000676,C,1,S008,2005.7583959173328,5.237015033214229,5898.3,1171.3191979586666,834.4391979586667,0.416021789891118,1,834.4391979586667,-6.237413833707706,1
R000677,C,1,S008,2071.758395917333,5.3295082394876125,5832.3,1201.3191979586668,870.4391979586667,0.4201451287341126,1,870.4391979586667,-6.237413833707706,1
R000678,C,1,S008,2071.758395917333,5.364581356933805,5832.3,1201.3191979586668,870.4391979586667,0.4201451287341126,1,870.4391979586667,-6.237413833707706,1
R000680,C,1,S008,2071.758395917333,5.483538057581007,5832.3,1201.3191979586668,870.4391979586667,0.4201451287341126,1,870.4391979586667,-6.237413833707706,1
R000681,C,1,S008,2137.758395917333,5.625402182366235,5766.3,1231.3191979586668,906.4391979586668,0.4240138640969783,1,906.4391979586668,-6.237413833707706,1
R000682,C,1,S008,2137.758395917333,5.678443616544408,5766.3,1231.3191979586668,906.4391979586668,0.4240138640969783,1,906.4391979586668,-6.237413833707706,1
R000683,C,1,S008,2203.758395917333,5.857489201651335,5700.3,1261.3191979586668,942.4391979586668,0.4276508712137513,1,942.4391979586668,-6.237413833707706,1
R000684,C,1,S009,1514.905040732696,3.617676857279677,,1010.487520366348,504.41752036634784,0.3329697286652253,1,504.41752036634784,-3.209010330240588,1
R000685,C,1,S009,1514.905040732696,3.6631929679368143,9774.7,1010.487520366348,504.41752036634784,0.3329697286652253,1,504.41752036634784,-3.209010330240588,1
R000686,C,1,S009,1580.905040732696,3.7441886661878656,9708.7,1040.487520366348,540.4175203663478,0.3418405953819229,1,540.4175203663478,-3.209010330240588,1
R000687,C,1,S009,1514.905040732696,3.5909546476797045,9774.7,1010.487520366348,504.41752036634784,0.3329697286652253,1,504.41752036634784,-3.209010330240588,1
R000688,C,1,S009,1580.905040732696,3.6387608744680255,9708.7,1040.487520366348,540.4175203663478,0.3418405953819229,1,540.4175203663478,-3.209010330240588,1
R000689,C,1,S009,1580.905040732696,3.690861963519836,9708.7,1040.487520366348,540.4175203663478,0.3418405953819229,1,540.4175203663478,-3.209010330240588,1
R000690,C,1,S009,1646.905040732696,3.780655381020191,9642.7,1070.487520366348,576.4175203663478,0.3500004591095938,1,576.4175203663478,-3.209010330240588,1
R000691,C,1,S010,1535.9002043425255,3.07906448052926,,1135.7051021712628,400.1951021712628,0.2605606152273251,1,400.1951021712628,-1.6556759388739977,1
R000692,C,1,S010,1535.9002043425255,3.120924501789653,2570.2,1135.7051021712628,400.1951021712628,0.2605606152273251,1,400.1951021712628,-1.6556759388739977,1
R000693,C,1,S010,1601.9002043425255,3.1936946746042265,2504.2,1165.7051021712628,436.1951021712628,0.2722985495530866,1,436.1951021712628,-1.6556759388739977,1
R000694,C,1,S010,1535.9002043425255,3.053539714934865,2570.2,1135.7051021712628,400.1951021712628,0.2605606152273251,1,400.1951021712628,-1.6556759388739977,1
R000695,C,1,S010,1601.9002043425255,3.098596668793638,2504.2,1165.7051021712628,436.1951021712628,0.2722985495530866,1,436.1951021712628,-1.6556759388739977,1
R000696,C,1,S010,1601.9002043425255,3.145955149054072,2504.2,1165.7051021712628,436.1951021712628,0.2722985495530866,1,436.1951021712628,-1.6556759388739977,1
R000697,C,1,S010,1667.9002043425255,3.226071420167962,2438.2,1195.7051021712628,472.1951021712628,0.283107527022217,1,472.1951021712628,-1.6556759388739977,1
R000698,C,1,S011,1147.450870860137,1.8201036944651492,,1147.450870860137,0.0,0.0,0,0.0,2.937667103696427,0
R000699,C,1,S011,1147.450870860137,1.844467191751066,9957.5,1147.450870860137,0.0,0.0,0,0.0,2.937667103696427,0
R000700,C,1,S011,1213.450870860137,1.8869488225798303,9891.5,1213.450870860137,0.0,0.0,0,0.0,2.937667103696427,0
R000701,C,1,S011,1147.450870860137,1.8053181781451495,9957.5,1147.450870860137,0.0,0.0,0,0.0,2.937667103696427,0
R000702,C,1,S011,1213.450870860137,1.831461350355997,9891.5,1213.450870860137,0.0,0.0,0,0.0,2.937667103696427,0
R000703,C,1,S011,1213.450870860137,1.8590664900140164,9891.5,1213.450870860137,0.0,0.0,0,0.0,2.937667103696427,0
R000704,C,1,S011,1279.450870860137,1.9058790476563696,9825.5,1279.450870860137,0.0,0.0,0,0.0,2.937667103696427,0
R000705,C,1,S012,1909.650369721859,4.711841354312911,,1110.2701848609297,799.3801848609296,0.4186002828242111,1,799.3801848609296,-5.4426206856221455,1
R000706,C,1,S012,1909.650369721859,4.772311845713779,2379.8,1110.2701848609297,799.3801848609296,0.4186002828242111,1,799.3801848609296,-5.4426206856221455,1
R000707,C,1,S012,1975.650369721859,4.879193366541598,2313.8,1140.2701848609297,835.3801848609296,0.4228380677389483,1,835.3801848609296,-5.4426206856221455,1
R000708,C,1,S012,1909.650369721859,4.675939158501082,2379.8,1110.2701848609297,799.3801848609296,0.4186002828242111,1,799.3801848609296,-5.4426206856221455,1
R000709,C,1,S012,1975.650369721859,4.7399123542590695,2313.8,1140.2701848609297,835.3801848609296,0.4228380677389483,1,835.3801848609296,-5.4426206856221455,1
R000710,C,1,S012,1975.650369721859,4.808896099444463,2313.8,1140.2701848609297,835.3801848609296,0.4228380677389483,1,835.3801848609296,-5.4426206856221455,1
R000711,C,1,S012,2041.650369721859,4.927151570527744,2247.8,1170.2701848609297,871.3801848609296,0.4268018646991162,1,871.3801848609296,-5.4426206856221455,1
R000712,C,1,S013,1479.560656394815,3.102261674758238,,1097.5803281974077,381.9803281974073,0.2581714555239413,1,381.9803281974073,-1.7783987710747056,1
R000713,C,1,S013,1479.560656394815,3.143806594871281,2598.4,1097.5803281974077,381.9803281974073,0.2581714555239413,1,381.9803281974073,-1.7783987710747056,1
R000714,C,1,S013,1545.560656394815,3.216405983225603,2532.4,1127.5803281974077,417.9803281974073,0.270439291054672,1,417.9803281974073,-1.7783987710747056,1
R000715,C,1,S013,1479.560656394815,3.0771371117257127,2598.4,1097.5803281974077,381.9803281974073,0.2581714555239413,1,381.9803281974073,-1.7783987710747056,1
R000716,C,1,S013,1545.560656394815,3.121615757430233,2532.4,1127.5803281974077,417.9803281974073,0.270439291054672,1,417.9803281974073,-1.7783987710747056,1
R000717,C,1,S013,1545.560656394815,3.168739991543473,2532.4,1127.5803281974077,417.9803281974073,0.270439291054672,1,417.9803281974073,-1.7783987710747056,1
R000718,C,1,S013,1611.560656394815,3.2487935027871178,2466.4,1157.5803281974077,453.9803281974073,0.2817022905070146,1,453.9803281974073,-1.7783987710747056,1
R000719,C,1,S014,1902.1299139185885,3.5592479971634603,,1278.549956959294,623.5799569592943,0.3278324747412514,1,623.5799569592943,-2.7488069776422748,1
R000720,C,1,S014,1902.1299139185885,3.6092726336916376,2387.1,1278.549956959294,623.5799569592943,0.3278324747412514,1,623.5799569592943,-2.7488069776422748,1
R000721,C,1,S014,1968.1299139185885,3.6951733739644377,2321.1,1308.549956959294,659.5799569592943,0.3351302941410288,1,659.5799569592943,-2.7488069776422748,1
R000722,C,1,S014,1902.1299139185885,3.528158093538446,2387.1,1278.549956959294,623.5799569592943,0.3278324747412514,1,623.5799569592943,-2.7488069776422748,1
R000723,C,1,S014,1968.1299139185885,3.582677476448757,2321.1,1308.549956959294,659.5799569592943,0.3351302941410288,1,659.5799569592943,-2.7488069776422748,1
R000724,C,1,S014,1968.1299139185885,3.638928351332662,2321.1,1308.549956959294,659.5799569592943,0.3351302941410288,1,659.5799569592943,-2.7488069776422748,1
R000725,C,1,S014,2034.1299139185885,3.733147523914552,2255.1,1338.549956959294,695.5799569592943,0.3419545389897517,1,695.5799569592943,-2.7488069776422748,1
R000726,C,1,S015,1835.806077614008,3.892821489416864,,1260.9630388070038,574.843038807004,0.3131284103570056,1,574.843038807004,-3.666371127136273,1
R000727,C,1,S015,1835.806077614008,3.946826483125973,9626.4,1260.9630388070038,574.843038807004,0.3131284103570056,1,574.843038807004,-3.666371127136273,1
R000728,C,1,S015,1901.806077614008,4.0401926186653565,9560.4,1290.9630388070038,610.843038807004,0.3211910225743747,1,610.843038807004,-3.666371127136273,1
R000729,C,1,S015,1835.806077614008,3.859605776401737,6026.4,1260.9630388070038,574.843038807004,0.3131284103570056,1,574.843038807004,-3.666371127136273,1
R000730,C,1,S015,1901.806077614008,3.918063233332615,5960.4,1290.9630388070038,610.843038807004,0.3211910225743747,1,610.843038807004,-3.666371127136273,1
R000731,C,1,S015,1901.806077614008,3.978994305833963,5960.4,1290.9630388070038,610.843038807004,0.3211910225743747,1,610.843038807004,-3.666371127136273,1
R000732,C,1,S015,1967.806077614008,4.08161388049806,5894.4,1320.9630388070038,646.843038807004,0.3287127965329338,1,646.843038807004,-3.666371127136273,1
R000733,A,2,S001>S002,2223.523082742813,2.810543432578636,2098.4,1393.214441852023,830.3086408907902,0.3734202929283595,1,830.3086408907902,-5.482207291600503,1
R000734,A,2,S002>S001,2223.523082742813,2.860274970746429,2344.2,1388.2207462137994,835.3023365290136,0.375666141274608,1,835.3023365290136,-5.482207291600503,1
R000735,A,2,S001>S002,2223.523082742813,2.877754254830414,,1393.214441852023,830.3086408907902,0.3734202929283595,1,830.3086408907902,-5.482207291600503,1
R000736,A,2,S002>S001,2223.523082742813,2.9686283122299346,,1388.2207462137994,835.3023365290136,0.375666141274608,1,835.3023365290136,-5.482207291600503,1
R000737,A,2,S001>S002,2223.523082742813,2.9724962928492618,2098.4,1393.214441852023,830.3086408907902,0.3734202929283595,1,830.3086408907902,-5.482207291600503,1
R000738,A,2,S002>S001,2223.523082742813,3.084723917591317,2344.2,1388.2207462137994,835.3023365290136,0.375666141274608,1,835.3023365290136,-5.482207291600503,1
R000739,A,2,S001>S002,2223.523082742813,2.820929876414602,2098.4,1393.214441852023,830.3086408907902,0.3734202929283595,1,830.3086408907902,-5.482207291600503,1
R000740,A,2,S002>S001,2223.523082742813,2.895482675849236,2344.2,1388.2207462137994,835.3023365290136,0.375666141274608,1,835.3023365290136,-5.482207291600503,1
R000741,A,2,S001>S002,2223.523082742813,2.927191819291223,2720.6,1393.214441852023,830.3086408907902,0.3734202929283595,1,830.3086408907902,-5.482207291600503,1
R000742,A,2,S002>S001,2223.523082742813,3.1292222453160226,1719.6,1388.2207462137994,835.3023365290136,0.375666141274608,1,835.3023365290136,-5.482207291600503,1
R000743,A,2,S001>S002,2223.523082742813,2.859699383778839,2098.4,1393.214441852023,830.3086408907902,0.3734202929283595,1,830.3086408907902,-5.482207291600503,1
R000745,A,2,S001>S002,2223.523082742813,2.824327842702595,2720.6,1393.214441852023,830.3086408907902,0.3734202929283595,1,830.3086408907902,-5.482207291600503,1
R000746,A,2,S002>S001,2223.523082742813,2.8468936335391364,1719.6,1388.2207462137994,835.3023365290136,0.375666141274608,1,835.3023365290136,-5.482207291600503,1
R000747,A,2,S001>S002,2223.523082742813,2.8462800164977957,2720.6,1393.214441852023,830.3086408907902,0.3734202929283595,1,830.3086408907902,-5.482207291600503,1
R000748,A,2,S002>S001,2223.523082742813,2.8708043239604866,1719.6,1388.2207462137994,835.3023365290136,0.375666141274608,1,835.3023365290136,-5.482207291600503,1
R000749,A,2,S001>S002,2223.523082742813,2.930353997420071,2098.4,1393.214441852023,830.3086408907902,0.3734202929283595,1,830.3086408907902,-5.482207291600503,1
R000750,A,2,S002>S001,2223.523082742813,2.9610072341157543,1719.6,1388.2207462137994,835.3023365290136,0.375666141274608,1,835.3023365290136,-5.482207291600503,1
R000751,A,2,S001>S002,2223.523082742813,2.7972752346343848,2098.4,1393.214441852023,830.3086408907902,0.3734202929283595,1,830.3086408907902,-5.482207291600503,1
R000752,A,2,S002>S001,2223.523082742813,2.8166378164252057,1719.6,1388.2207462137994,835.3023365290136,0.375666141274608,1,835.3023365290136,-5.482207291600503,1
R000753,A,2,S001>S002,2283.523082742813,2.8583840529629256,2038.4,1423.214441852023,860.3086408907902,0.3767461986228078,1,860.3086408907902,-5.482207291600503,1
R000754,A,2,S002>S001,2283.523082742813,2.8838813301306483,1659.6,1418.2207462137994,865.3023365290136,0.3789330368798685,1,865.3023365290136,-5.482207291600503,1
R000757,A,2,S001>S002,2283.523082742813,2.9832983207418184,2038.4,1423.214441852023,860.3086408907902,0.3767461986228078,1,860.3086408907902,-5.482207291600503,1
R000759,A,2,S001>S002,2283.523082742813,2.8265852342000004,2038.4,1453.214441852023,830.3086408907902,0.363608604250884,1,830.3086408907902,-5.482207291600503,1
R000761,A,2,S001>S002,2283.523082742813,2.838841015798372,2038.4,1453.214441852023,830.3086408907902,0.363608604250884,1,830.3086408907902,-5.482207291600503,1
R000763,A,2,S001>S002,2283.523082742813,2.8837891330341643,2038.4,1453.214441852023,830.3086408907902,0.363608604250884,1,830.3086408907902,-5.482207291600503,1
R000765,A,2,S001>S002,2283.523082742813,2.8403696443239594,2660.6,1453.214441852023,830.3086408907902,0.363608604250884,1,830.3086408907902,-5.482207291600503,1
R000766,A,2,S002>S001,2283.523082742813,2.897262667337941,1659.6,1448.2207462137994,835.3023365290136,0.3657954425079448,1,835.3023365290136,-5.482207291600503,1
R000767,A,2,S001>S002,2283.523082742813,2.8641911558815663,2660.6,1453.214441852023,830.3086408907902,0.363608604250884,1,830.3086408907902,-5.482207291600503,1
R000768,A,2,S002>S001,2283.523082742813,2.925710471919919,1659.6,1448.2207462137994,835.3023365290136,0.3657954425079448,1,835.3023365290136,-5.482207291600503,1
R000769,A,2,S001>S002,2283.523082742813,2.954443746675397,2038.4,1453.214441852023,830.3086408907902,0.363608604250884,1,830.3086408907902,-5.482207291600503,1
R000770,A,2,S002>S001,2283.523082742813,3.030909633103227,1659.6,1448.2207462137994,835.3023365290136,0.3657954425079448,1,835.3023365290136,-5.482207291600503,1
R000771,A,2,S001>S002,2283.523082742813,2.810543432578636,2038.4,1453.214441852023,830.3086408907902,0.363608604250884,1,830.3086408907902,-5.482207291600503,1
R000773,A,2,S001>S003,2760.7047436275843,3.476622640522299,5292.5,1812.0706880001524,948.634055627432,0.3436202505237559,1,948.634055627432,-5.288334514260441,1
R000774,A,2,S003>S001,2760.7047436275843,3.542894011002021,5820.9,1803.8128276171076,956.8919160104768,0.346611465141004,1,956.8919160104768,-5.288334514260441,1
R000775,A,2,S001>S003,2760.7047436275843,3.565685550303368,,1812.0706880001524,948.634055627432,0.3436202505237559,1,948.634055627432,-5.288334514260441,1
R000776,A,2,S001>S003,2760.7047436275843,3.487009084358265,5292.5,1812.0706880001524,948.634055627432,0.3436202505237559,1,948.634055627432,-5.288334514260441,1
R000777,A,2,S003>S001,2760.7047436275843,3.5883937223605296,5820.9,1803.8128276171076,956.8919160104768,0.346611465141004,1,956.8919160104768,-5.288334514260441,1
R000778,A,2,S001>S003,2760.7047436275843,3.525778591722502,2720.6,1812.0706880001524,948.634055627432,0.3436202505237559,1,948.634055627432,-5.288334514260441,1
R000779,A,2,S001>S003,2760.7047436275843,3.502452236583328,2720.6,1812.0706880001524,948.634055627432,0.3436202505237559,1,948.634055627432,-5.288334514260441,1
R000780,A,2,S003>S001,2760.7047436275843,3.518818633690992,1182.4,1803.8128276171076,956.8919160104768,0.346611465141004,1,956.8919160104768,-5.288334514260441,1
R000781,A,2,S001>S003,2760.7047436275843,3.5342113119707497,2720.6,1812.0706880001524,948.634055627432,0.3436202505237559,1,948.634055627432,-5.288334514260441,1
R000782,A,2,S003>S001,2760.7047436275843,3.5441151926647123,1182.4,1803.8128276171076,956.8919160104768,0.346611465141004,1,956.8919160104768,-5.288334514260441,1
R000783,A,2,S001>S003,2760.7047436275843,3.4633544425780483,2720.6,1812.0706880001524,948.634055627432,0.3436202505237559,1,948.634055627432,-5.288334514260441,1
R000785,A,2,S001>S003,2820.7047436275843,3.5517166702539744,2690.6,1842.0706880001524,978.634055627432,0.3469466479390727,1,978.634055627432,-5.288334514260441,1
R000786,A,2,S003>S001,2820.7047436275843,3.557858853443755,1122.4,1833.8128276171076,986.8919160104768,0.3498742355930804,1,986.8919160104768,-5.288334514260441,1
R000787,A,2,S001>S003,2820.7047436275843,3.589967354299691,2690.6,1842.0706880001524,978.634055627432,0.3469466479390727,1,978.634055627432,-5.288334514260441,1
R000788,A,2,S003>S001,2820.7047436275843,3.58758622542743,1122.4,1833.8128276171076,986.8919160104768,0.3498742355930804,1,986.8919160104768,-5.288334514260441,1
R000789,A,2,S001>S003,2820.7047436275843,3.492664442143664,2660.6,1872.0706880001524,948.634055627432,0.3363110080098052,1,948.634055627432,-5.288334514260441,1
R000790,A,2,S001>S003,2820.7047436275843,3.5049202237420354,2660.6,1872.0706880001524,948.634055627432,0.3363110080098052,1,948.634055627432,-5.288334514260441,1
R000791,A,2,S001>S003,2820.7047436275843,3.5498683409778278,2660.6,1872.0706880001524,948.634055627432,0.3363110080098052,1,948.634055627432,-5.288334514260441,1
R000792,A,2,S001>S003,2820.7047436275843,3.518494038204693,2660.6,1872.0706880001524,948.634055627432,0.3363110080098052,1,948.634055627432,-5.288334514260441,1
R000793,A,2,S003>S001,2820.7047436275843,3.581934230754785,1122.4,1863.8128276171076,956.8919160104768,0.3392385956638128,1,956.8919160104768,-5.288334514260441,1
R000794,A,2,S001>S003,2820.7047436275843,3.55212245135452,2660.6,1872.0706880001524,948.634055627432,0.3363110080098052,1,948.634055627432,-5.288334514260441,1
R000795,A,2,S001>S003,2820.7047436275843,3.476622640522299,2660.6,1872.0706880001524,948.634055627432,0.3363110080098052,1,948.634055627432,-5.288334514260441,1
R000796,A,2,S003>S001,2820.7047436275843,3.542894011002021,1122.4,1863.8128276171076,956.8919160104768,0.3392385956638128,1,956.8919160104768,-5.288334514260441,1
R000797,A,2,S001>S004,2429.091954260734,3.019109917028195,5581.2,1697.9713305490848,731.1206237116492,0.3009851572021518,1,731.1206237116492,-5.8403154647654105,1
R000798,A,2,S004>S001,2429.091954260734,3.07695257478158,5856.4,1695.4860623679913,733.6058918927426,0.3020082836328883,1,733.6058918927426,-5.8403154647654105,1
R000799,A,2,S001>S004,2429.091954260734,3.0912101661476994,,1697.9713305490848,731.1206237116492,0.3009851572021518,1,731.1206237116492,-5.8403154647654105,1
R000800,A,2,S004>S001,2429.091954260734,3.193598126925457,,1695.4860623679913,733.6058918927426,0.3020082836328883,1,733.6058918927426,-5.8403154647654105,1
R000801,A,2,S001>S004,2429.091954260734,3.1937664572506907,5581.2,1697.9713305490848,731.1206237116492,0.3009851572021518,1,731.1206237116492,-5.8403154647654105,1
R000802,A,2,S004>S001,2429.091954260734,3.3163958064224577,5856.4,1695.4860623679913,733.6058918927426,0.3020082836328883,1,733.6058918927426,-5.8403154647654105,1
R000803,A,2,S001>S004,2429.091954260734,3.0294963608641616,5581.2,1697.9713305490848,731.1206237116492,0.3009851572021518,1,731.1206237116492,-5.8403154647654105,1
R000804,A,2,S004>S001,2429.091954260734,3.115852634400374,5856.4,1695.4860623679913,733.6058918927426,0.3020082836328883,1,733.6058918927426,-5.8403154647654105,1
R000805,A,2,S001>S004,2429.091954260734,3.1406477306085083,2720.6,1697.9713305490848,731.1206237116492,0.3009851572021518,1,731.1206237116492,-5.8403154647654105,1
R000806,A,2,S004>S001,2429.091954260734,3.368508553897973,1514.0,1695.4860623679913,733.6058918927426,0.3020082836328883,1,733.6058918927426,-5.8403154647654105,1
R000807,A,2,S001>S004,2429.091954260734,3.0682658682283988,2720.6,1697.9713305490848,731.1206237116492,0.3009851572021518,1,731.1206237116492,-5.8403154647654105,1
R000809,A,2,S001>S004,2429.091954260734,3.0356414980650746,2720.6,1697.9713305490848,731.1206237116492,0.3009851572021518,1,731.1206237116492,-5.8403154647654105,1
R000810,A,2,S004>S001,2429.091954260734,3.060923983328033,1514.0,1695.4860623679913,733.6058918927426,0.3020082836328883,1,733.6058918927426,-5.8403154647654105,1
R000811,A,2,S001>S004,2429.091954260734,3.0597359278150806,2720.6,1697.9713305490848,731.1206237116492,0.3009851572021518,1,731.1206237116492,-5.8403154647654105,1
R000812,A,2,S004>S001,2429.091954260734,3.086451383421677,1514.0,1695.4860623679913,733.6058918927426,0.3020082836328883,1,733.6058918927426,-5.8403154647654105,1
R000813,A,2,S001>S004,2429.091954260734,3.1516241618215,2720.6,1697.9713305490848,731.1206237116492,0.3009851572021518,1,731.1206237116492,-5.8403154647654105,1
R000814,A,2,S004>S001,2429.091954260734,3.182275483344948,1514.0,1695.4860623679913,733.6058918927426,0.3020082836328883,1,733.6058918927426,-5.8403154647654105,1
R000815,A,2,S001>S004,2429.091954260734,3.0058417190839446,2720.6,1697.9713305490848,731.1206237116492,0.3009851572021518,1,731.1206237116492,-5.8403154647654105,1
R000817,A,2,S001>S004,2489.091954260734,3.072998183985886,2690.6,1727.9713305490848,761.1206237116492,0.3057824450433787,1,761.1206237116492,-5.8403154647654105,1
R000818,A,2,S004>S001,2489.091954260734,3.100383567896428,1454.0,1725.4860623679913,763.6058918927426,0.3067809088312831,1,763.6058918927426,-5.8403154647654105,1
R000821,A,2,S001>S004,2489.091954260734,3.2092869081089264,2690.6,1727.9713305490848,761.1206237116492,0.3057824450433787,1,761.1206237116492,-5.8403154647654105,1
R000822,A,2,S004>S001,2489.091954260734,3.242083848759256,1454.0,1725.4860623679913,763.6058918927426,0.3067809088312831,1,763.6058918927426,-5.8403154647654105,1
R000823,A,2,S001>S004,2489.091954260734,3.03515171864956,2660.6,1757.9713305490848,731.1206237116492,0.2937298569705889,1,731.1206237116492,-5.8403154647654105,1
R000824,A,2,S004>S001,2489.091954260734,3.1372240540660874,1454.0,1755.4860623679913,733.6058918927426,0.2947283207584933,1,733.6058918927426,-5.8403154647654105,1
R000825,A,2,S001>S004,2489.091954260734,3.047407500247932,2660.6,1757.9713305490848,731.1206237116492,0.2937298569705889,1,731.1206237116492,-5.8403154647654105,1
R000826,A,2,S004>S001,2489.091954260734,3.1838412434737933,1454.0,1755.4860623679913,733.6058918927426,0.2947283207584933,1,733.6058918927426,-5.8403154647654105,1
R000827,A,2,S001>S004,2489.091954260734,3.092355617483724,2660.6,1757.9713305490848,731.1206237116492,0.2937298569705889,1,731.1206237116492,-5.8403154647654105,1
R000828,A,2,S004>S001,2489.091954260734,3.356667854662236,1454.0,1755.4860623679913,733.6058918927426,0.2947283207584933,1,733.6058918927426,-5.8403154647654105,1
R000829,A,2,S001>S004,2489.091954260734,3.05168329968644,2660.6,1757.9713305490848,731.1206237116492,0.2937298569705889,1,731.1206237116492,-5.8403154647654105,1
R000830,A,2,S004>S001,2489.091954260734,3.116412159349974,1454.0,1755.4860623679913,733.6058918927426,0.2947283207584933,1,733.6058918927426,-5.8403154647654105,1
R000831,A,2,S001>S004,2489.091954260734,3.077647067198851,2660.6,1757.9713305490848,731.1206237116492,0.2937298569705889,1,731.1206237116492,-5.8403154647654105,1
R000832,A,2,S004>S001,2489.091954260734,3.1466660743495622,1454.0,1755.4860623679913,733.6058918927426,0.2947283207584933,1,733.6058918927426,-5.8403154647654105,1
R000833,A,2,S001>S004,2489.091954260734,3.175713911076825,2660.6,1757.9713305490848,731.1206237116492,0.2937298569705889,1,731.1206237116492,-5.8403154647654105,1
R000834,A,2,S004>S001,2489.091954260734,3.258112440212802,1454.0,1755.4860623679913,733.6058918927426,0.2947283207584933,1,733.6058918927426,-5.8403154647654105,1
R000835,A,2,S001>S004,2489.091954260734,3.019109917028195,2660.6,1757.9713305490848,731.1206237116492,0.2937298569705889,1,731.1206237116492,-5.8403154647654105,1
R000836,A,2,S004>S001,2489.091954260734,3.07695257478158,1454.0,1755.4860623679913,733.6058918927426,0.2947283207584933,1,733.6058918927426,-5.8403154647654105,1
R000837,A,2,S001>S005,1961.598880550133,2.178256571695945,9403.5,1494.7235282627098,466.8753522874231,0.2380075544070902,1,466.8753522874231,-2.547971547580076,1
R000838,A,2,S005>S001,1961.598880550133,2.207812118976067,9699.4,1496.8207909437651,464.7780896063677,0.2369383945998276,1,464.7780896063677,-2.547971547580076,1
R000839,A,2,S001>S005,1961.598880550133,2.2380358155562026,,1494.7235282627098,466.8753522874231,0.2380075544070902,1,466.8753522874231,-2.547971547580076,1
R000840,A,2,S005>S001,1961.598880550133,2.2869028875901543,,1496.8207909437651,464.7780896063677,0.2369383945998276,1,464.7780896063677,-2.547971547580076,1
R000841,A,2,S001>S005,1961.598880550133,2.318961997297462,9403.5,1494.7235282627098,466.8753522874231,0.2380075544070902,1,466.8753522874231,-2.547971547580076,1
R000842,A,2,S005>S001,1961.598880550133,2.371266790723075,9699.4,1496.8207909437651,464.7780896063677,0.2369383945998276,1,464.7780896063677,-2.547971547580076,1
R000843,A,2,S001>S005,1961.598880550133,2.188643015531911,9403.5,1494.7235282627098,466.8753522874231,0.2380075544070902,1,466.8753522874231,-2.547971547580076,1
R000844,A,2,S005>S001,1961.598880550133,2.23342905081524,9699.4,1496.8207909437651,464.7780896063677,0.2369383945998276,1,464.7780896063677,-2.547971547580076,1
R000845,A,2,S001>S005,1961.598880550133,2.287473380017012,2720.6,1494.7235282627098,466.8753522874231,0.2380075544070902,1,466.8753522874231,-2.547971547580076,1
R000846,A,2,S005>S001,1961.598880550133,2.4025056163368586,1981.5,1496.8207909437651,464.7780896063677,0.2369383945998276,1,464.7780896063677,-2.547971547580076,1
R000849,A,2,S001>S005,1961.598880550133,2.188051179753129,2720.6,1494.7235282627098,466.8753522874231,0.2380075544070902,1,466.8753522874231,-2.547971547580076,1
R000850,A,2,S005>S001,1961.598880550133,2.1981424067522166,1981.5,1496.8207909437651,464.7780896063677,0.2369383945998276,1,464.7780896063677,-2.547971547580076,1
R000851,A,2,S001>S005,1961.598880550133,2.2065615772235843,2720.6,1494.7235282627098,466.8753522874231,0.2380075544070902,1,466.8753522874231,-2.547971547580076,1
R000853,A,2,S001>S005,1961.598880550133,2.276819701868271,2720.6,1494.7235282627098,466.8753522874231,0.2380075544070902,1,466.8753522874231,-2.547971547580076,1
R000854,A,2,S005>S001,1961.598880550133,2.2816187391041884,1981.5,1496.8207909437651,464.7780896063677,0.2369383945998276,1,464.7780896063677,-2.547971547580076,1
R000857,A,2,S001>S005,2021.598880550133,2.216725626936237,2690.6,1524.7235282627098,496.8753522874231,0.245783353497015,1,496.8753522874231,-2.547971547580076,1
R000858,A,2,S005>S001,2021.598880550133,2.2253066147098024,1921.5,1526.8207909437651,494.7780896063677,0.2447459257949949,1,494.7780896063677,-2.547971547580076,1
R000861,A,2,S001>S005,2021.598880550133,2.32081510066622,2690.6,1524.7235282627098,496.8753522874231,0.245783353497015,1,496.8753522874231,-2.547971547580076,1
R000869,A,2,S001>S005,2021.598880550133,2.2040929813744934,2660.6,1554.7235282627098,466.8753522874231,0.2309436143733782,1,466.8753522874231,-2.547971547580076,1
R000870,A,2,S005>S001,2021.598880550133,2.2349763269336527,1921.5,1556.8207909437651,464.7780896063677,0.2299061866713582,1,464.7780896063677,-2.547971547580076,1
R000877,A,2,S001>S006,1979.901539321032,2.22529065568912,1997.6,1979.901539321032,0.0,0.0,0,0.0,1.868477871682444,0
R000878,A,2,S006>S001,1979.901539321032,2.2437947224537016,2694.9,1979.901539321032,0.0,0.0,0,0.0,1.868477871682444,0
R000879,A,2,S001>S006,1979.901539321032,2.298943101905432,,1979.901539321032,0.0,0.0,0,0.0,1.868477871682444,0
R000880,A,2,S006>S001,1979.901539321032,2.30303226765752,,1979.901539321032,0.0,0.0,0,0.0,1.868477871682444,0
R000881,A,2,S001>S006,1979.901539321032,2.404549314458616,1997.6,1979.901539321032,0.0,0.0,0,0.0,1.868477871682444,0
R000882,A,2,S006>S001,1979.901539321032,2.356354098894327,2694.9,1979.901539321032,0.0,0.0,0,0.0,1.868477871682444,0
R000883,A,2,S001>S006,1979.901539321032,2.235677099525086,1997.6,1979.901539321032,0.0,0.0,0,0.0,1.868477871682444,0
R000884,A,2,S006>S001,1979.901539321032,2.2686944903505606,2694.9,1979.901539321032,0.0,0.0,0,0.0,1.868477871682444,0
R000885,A,2,S001>S006,1979.901539321032,2.348380666366242,2720.6,1979.901539321032,0.0,0.0,0,0.0,1.868477871682444,0
R000886,A,2,S006>S001,1979.901539321032,2.4095524969867013,1963.2,1979.901539321032,0.0,0.0,0,0.0,1.868477871682444,0
R000887,A,2,S001>S006,1979.901539321032,2.274446606889323,1997.6,1979.901539321032,0.0,0.0,0,0.0,1.868477871682444,0
R000888,A,2,S006>S001,1979.901539321032,2.364137054507144,1963.2,1979.901539321032,0.0,0.0,0,0.0,1.868477871682444,0
R000889,A,2,S001>S006,1979.901539321032,2.2426398324339885,2720.6,1979.901539321032,0.0,0.0,0,0.0,1.868477871682444,0
R000890,A,2,S006>S001,1979.901539321032,2.2279306707088327,1963.2,1979.901539321032,0.0,0.0,0,0.0,1.868477871682444,0
R000891,A,2,S001>S006,1979.901539321032,2.267468863572814,2720.6,1979.901539321032,0.0,0.0,0,0.0,1.868477871682444,0
R000893,A,2,S001>S006,1979.901539321032,2.3624070190294253,1997.6,1979.901539321032,0.0,0.0,0,0.0,1.868477871682444,0
R000894,A,2,S006>S001,1979.901539321032,2.2816221007003747,1963.2,1979.901539321032,0.0,0.0,0,0.0,1.868477871682444,0
R000897,A,2,S001>S006,2039.901539321032,2.2811515307814867,1937.6,2039.901539321032,0.0,0.0,0,0.0,1.868477871682444,0
R000898,A,2,S006>S001,2039.901539321032,2.245581446521465,1903.2,2039.901539321032,0.0,0.0,0,0.0,1.868477871682444,0
R000901,A,2,S001>S006,2039.901539321032,2.4220894714392203,1937.6,2039.901539321032,0.0,0.0,0,0.0,1.868477871682444,0
R000903,A,2,S001>S006,2039.901539321032,2.2413324573104845,1937.6,2039.901539321032,0.0,0.0,0,0.0,1.868477871682444,0
R000904,A,2,S006>S001,2039.901539321032,2.2824302699924672,1903.2,2039.901539321032,0.0,0.0,0,0.0,1.868477871682444,0
R000907,A,2,S001>S006,2039.901539321032,2.2985363561446484,1937.6,2039.901539321032,0.0,0.0,0,0.0,1.868477871682444,0
R000908,A,2,S006>S001,2039.901539321032,2.424252363110743,1903.2,2039.901539321032,0.0,0.0,0,0.0,1.868477871682444,0
R000909,A,2,S001>S006,2039.901539321032,2.2586816340553533,2660.6,2039.901539321032,0.0,0.0,0,0.0,1.868477871682444,0
R000910,A,2,S006>S001,2039.901539321032,2.261445498266334,1903.2,2039.901539321032,0.0,0.0,0,0.0,1.868477871682444,0
R000911,A,2,S001>S006,2039.901539321032,2.2853800029565843,2660.6,2039.901539321032,0.0,0.0,0,0.0,1.868477871682444,0
R000912,A,2,S006>S001,2039.901539321032,2.274833874585452,1903.2,2039.901539321032,0.0,0.0,0,0.0,1.868477871682444,0
R000917,A,2,S001>S007,2198.3443129395614,2.4898231689173187,1987.7,1815.944962977704,382.3993499618573,0.1739487976069245,1,382.3993499618573,-1.2114589415920705,1
R000918,A,2,S007>S001,2198.3443129395614,2.523708932533409,2488.7,1804.9114552848664,393.4328576546951,0.1789678056066696,1,393.4328576546951,-1.2114589415920705,1
R000919,A,2,S001>S007,2198.3443129395614,2.563718585471725,,1815.944962977704,382.3993499618573,0.1739487976069245,1,382.3993499618573,-1.2114589415920705,1
R000920,A,2,S007>S001,2198.3443129395614,2.603400225098434,,1804.9114552848664,393.4328576546951,0.1789678056066696,1,393.4328576546951,-1.2114589415920705,1
R000921,A,2,S001>S007,2198.3443129395614,2.6692192358386984,1987.7,1815.944962977704,382.3993499618573,0.1739487976069245,1,382.3993499618573,-1.2114589415920705,1
R000922,A,2,S007>S001,2198.3443129395614,2.680408516207961,2488.7,1804.9114552848664,393.4328576546951,0.1789678056066696,1,393.4328576546951,-1.2114589415920705,1
R000923,A,2,S001>S007,2198.3443129395614,2.5002096127532845,1987.7,1815.944962977704,382.3993499618573,0.1739487976069245,1,382.3993499618573,-1.2114589415920705,1
R000924,A,2,S007>S001,2198.3443129395614,2.553617706381464,2488.7,1804.9114552848664,393.4328576546951,0.1789678056066696,1,393.4328576546951,-1.2114589415920705,1
R000925,A,2,S001>S007,2198.3443129395614,2.6131561499325344,2720.6,1815.944962977704,382.3993499618573,0.1739487976069245,1,382.3993499618573,-1.2114589415920705,1
R000926,A,2,S007>S001,2198.3443129395614,2.7327360812807915,1744.8,1804.9114552848664,393.4328576546951,0.1789678056066696,1,393.4328576546951,-1.2114589415920705,1
R000927,A,2,S001>S007,2198.3443129395614,2.5389791201175216,1987.7,1815.944962977704,382.3993499618573,0.1739487976069245,1,382.3993499618573,-1.2114589415920705,1
R000929,A,2,S001>S007,2198.3443129395614,2.5073561661214474,2720.6,1815.944962977704,382.3993499618573,0.1739487976069245,1,382.3993499618573,-1.2114589415920705,1
R000930,A,2,S007>S001,2198.3443129395614,2.508043695745947,1744.8,1804.9114552848664,393.4328576546951,0.1789678056066696,1,393.4328576546951,-1.2114589415920705,1
R000931,A,2,S001>S007,2198.3443129395614,2.5322443471391067,2720.6,1815.944962977704,382.3993499618573,0.1739487976069245,1,382.3993499618573,-1.2114589415920705,1
R000932,A,2,S007>S001,2198.3443129395614,2.524695906023419,1744.8,1804.9114552848664,393.4328576546951,0.1789678056066696,1,393.4328576546951,-1.2114589415920705,1
R000933,A,2,S001>S007,2198.3443129395614,2.627076940409508,1987.7,1815.944962977704,382.3993499618573,0.1739487976069245,1,382.3993499618573,-1.2114589415920705,1
R000934,A,2,S007>S001,2198.3443129395614,2.585915545290245,1744.8,1804.9114552848664,393.4328576546951,0.1789678056066696,1,393.4328576546951,-1.2114589415920705,1
R000935,A,2,S001>S007,2198.3443129395614,2.476554970973068,1987.7,1815.944962977704,382.3993499618573,0.1739487976069245,1,382.3993499618573,-1.2114589415920705,1
R000937,A,2,S001>S007,2258.3443129395614,2.5459388247817363,1927.7,1845.944962977704,412.3993499618573,0.1826113704623986,1,412.3993499618573,-1.2114589415920705,1
R000938,A,2,S007>S001,2258.3443129395614,2.533705969098319,1684.8,1834.9114552848664,423.4328576546951,0.1874970327724456,1,423.4328576546951,-1.2114589415920705,1
R000941,A,2,S001>S007,2258.3443129395614,2.686541127815925,1927.7,1845.944962977704,412.3993499618573,0.1826113704623986,1,412.3993499618573,-1.2114589415920705,1
R000942,A,2,S007>S001,2258.3443129395614,2.6234887263262405,1684.8,1834.9114552848664,423.4328576546951,0.1874970327724456,1,423.4328576546951,-1.2114589415920705,1
R000943,A,2,S001>S007,2258.3443129395614,2.5058649705386835,1927.7,1875.944962977704,382.3993499618573,0.1693273022057957,1,382.3993499618573,-1.2114589415920705,1
R000945,A,2,S001>S007,2258.3443129395614,2.518120752137055,1927.7,1875.944962977704,382.3993499618573,0.1693273022057957,1,382.3993499618573,-1.2114589415920705,1
R000947,A,2,S001>S007,2258.3443129395614,2.563068869372847,1927.7,1875.944962977704,382.3993499618573,0.1693273022057957,1,382.3993499618573,-1.2114589415920705,1
R000949,A,2,S001>S007,2258.3443129395614,2.523397967742812,2660.6,1875.944962977704,382.3993499618573,0.1693273022057957,1,382.3993499618573,-1.2114589415920705,1
R000950,A,2,S007>S001,2258.3443129395614,2.549371205885781,1684.8,1864.9114552848664,393.4328576546951,0.1742129645158427,1,393.4328576546951,-1.2114589415920705,1
R000951,A,2,S001>S007,2258.3443129395614,2.5501554865228773,2660.6,1875.944962977704,382.3993499618573,0.1693273022057957,1,382.3993499618573,-1.2114589415920705,1
R000952,A,2,S007>S001,2258.3443129395614,2.5687900233195387,1684.8,1864.9114552848664,393.4328576546951,0.1742129645158427,1,393.4328576546951,-1.2114589415920705,1
R000953,A,2,S001>S007,2258.3443129395614,2.6511666896648327,1927.7,1875.944962977704,382.3993499618573,0.1693273022057957,1,382.3993499618573,-1.2114589415920705,1
R000954,A,2,S007>S001,2258.3443129395614,2.639153963113703,1684.8,1864.9114552848664,393.4328576546951,0.1742129645158427,1,393.4328576546951,-1.2114589415920705,1
R000955,A,2,S001>S007,2258.3443129395614,2.4898231689173187,1927.7,1875.944962977704,382.3993499618573,0.1693273022057957,1,382.3993499618573,-1.2114589415920705,1
R000958,A,2,S008>S001,2465.115557312032,3.30441892340695,5861.7,1586.5609356266375,878.5546216853937,0.3563949037112776,2,788.5546216853937,-6.237413833707706,1
R000962,A,2,S008>S001,2465.115557312032,3.5544824815065983,5861.7,1586.5609356266375,878.5546216853937,0.3563949037112776,2,788.5546216853937,-6.237413833707706,1
R000964,A,2,S008>S001,2465.115557312032,3.346103427241028,5861.7,1586.5609356266375,878.5546216853937,0.3563949037112776,2,788.5546216853937,-6.237413833707706,1
R000968,A,2,S001>S008,2465.115557312032,3.2619813004802314,2720.6,1584.1600603417364,880.9554969702954,0.3573688439704999,2,780.9554969702954,-6.237413833707706,1
R000969,A,2,S008>S001,2465.115557312032,3.2864240979397548,1478.0,1586.5609356266375,878.5546216853937,0.3563949037112776,2,788.5546216853937,-6.237413833707706,1
R000987,A,2,S001>S008,2525.115557312032,3.278023102101596,2660.6,1644.1600603417364,880.9554969702954,0.3488772996623039,2,780.9554969702954,-6.237413833707706,1
R000988,A,2,S008>S001,2525.115557312032,3.3453000313651247,1418.0,1646.5609356266375,878.5546216853937,0.3479265014788508,2,788.5546216853937,-6.237413833707706,1
R000991,A,2,S001>S008,2525.115557312032,3.4133481393631526,2660.6,1644.1600603417364,880.9554969702954,0.3488772996623039,2,780.9554969702954,-6.237413833707706,1
R000992,A,2,S008>S001,2525.115557312032,3.492504244732184,1418.0,1646.5609356266375,878.5546216853937,0.3479265014788508,2,788.5546216853937,-6.237413833707706,1
R000995,A,2,S001>S009,1906.845376804481,2.1794676839038387,9457.3,1388.8693484424834,517.9760283619975,0.2716402885429699,1,517.9760283619975,-3.209010330240588,1
R000996,A,2,S009>S001,1906.845376804481,2.2094766520787923,9702.6,1383.5881336850064,523.2572431194747,0.2744098968298922,1,523.2572431194747,-3.209010330240588,1
R000997,A,2,S001>S009,1906.845376804481,2.237363201674045,,1388.8693484424834,517.9760283619975,0.2716402885429699,1,517.9760283619975,-3.209010330240588,1
R000998,A,2,S009>S001,1906.845376804481,2.2917993437969573,,1383.5881336850064,523.2572431194747,0.2744098968298922,1,523.2572431194747,-3.209010330240588,1
R000999,A,2,S001>S009,1906.845376804481,2.315089607556245,9457.3,1388.8693484424834,517.9760283619975,0.2716402885429699,1,517.9760283619975,-3.209010330240588,1
R001000,A,2,S009>S001,1906.845376804481,2.3817451280080397,9702.6,1383.5881336850064,523.2572431194747,0.2744098968298922,1,523.2572431194747,-3.209010330240588,1
R001001,A,2,S001>S009,1906.845376804481,2.189854127739805,9457.3,1388.8693484424834,517.9760283619975,0.2716402885429699,1,517.9760283619975,-3.209010330240588,1
R001002,A,2,S009>S001,1906.845376804481,2.235009178912961,9702.6,1383.5881336850064,523.2572431194747,0.2744098968298922,1,523.2572431194747,-3.209010330240588,1
R001003,A,2,S001>S009,1906.845376804481,2.286800766134854,2720.6,1388.8693484424834,517.9760283619975,0.2716402885429699,1,517.9760283619975,-3.209010330240588,1
R001004,A,2,S009>S001,1906.845376804481,2.4089893860960965,2036.3,1383.5881336850064,523.2572431194747,0.2744098968298922,1,523.2572431194747,-3.209010330240588,1
R001005,A,2,S001>S009,1906.845376804481,2.228623635104042,2720.6,1388.8693484424834,517.9760283619975,0.2716402885429699,1,517.9760283619975,-3.209010330240588,1
R001007,A,2,S001>S009,1906.845376804481,2.2058889633414265,2720.6,1388.8693484424834,517.9760283619975,0.2716402885429699,1,517.9760283619975,-3.209010330240588,1
R001008,A,2,S009>S001,1906.845376804481,2.219844829422451,2036.3,1383.5881336850064,523.2572431194747,0.2744098968298922,1,523.2572431194747,-3.209010330240588,1
R001009,A,2,S001>S009,1906.845376804481,2.2729473121270543,2720.6,1388.8693484424834,517.9760283619975,0.2716402885429699,1,517.9760283619975,-3.209010330240588,1
R001010,A,2,S009>S001,1906.845376804481,2.289861888863096,2036.3,1383.5881336850064,523.2572431194747,0.2744098968298922,1,523.2572431194747,-3.209010330240588,1
R001011,A,2,S001>S009,1906.845376804481,2.166199485959588,2720.6,1388.8693484424834,517.9760283619975,0.2716402885429699,1,517.9760283619975,-3.209010330240588,1
R001012,A,2,S009>S001,1906.845376804481,2.177662252977285,2036.3,1383.5881336850064,523.2572431194747,0.2744098968298922,1,523.2572431194747,-3.209010330240588,1
R001013,A,2,S001>S009,1966.845376804481,2.236733038812522,2690.6,1418.8693484424837,547.9760283619974,0.2786065619719888,1,547.9760283619974,-3.209010330240588,1
R001014,A,2,S009>S001,1966.845376804481,2.2521005379398398,1976.3,1413.5881336850064,553.2572431194747,0.2812916814123678,1,553.2572431194747,-3.209010330240588,1
R001015,A,2,S001>S009,1966.845376804481,2.314951411810232,2690.6,1418.8693484424837,547.9760283619974,0.2786065619719888,1,547.9760283619974,-3.209010330240588,1
R001016,A,2,S009>S001,1966.845376804481,2.3336597005469257,1976.3,1413.5881336850064,553.2572431194747,0.2812916814123678,1,553.2572431194747,-3.209010330240588,1
R001017,A,2,S001>S009,1966.845376804481,2.1955094855252035,2660.6,1448.8693484424837,517.9760283619974,0.2633537107037611,1,517.9760283619974,-3.209010330240588,1
R001023,A,2,S001>S009,1966.845376804481,2.223800102725197,2660.6,1448.8693484424837,517.9760283619974,0.2633537107037611,1,517.9760283619974,-3.209010330240588,1
R001025,A,2,S001>S009,1966.845376804481,2.29703706138238,2660.6,1448.8693484424837,517.9760283619974,0.2633537107037611,1,517.9760283619974,-3.209010330240588,1
R001026,A,2,S009>S001,1966.845376804481,2.341891751353608,1976.3,1443.5881336850064,523.2572431194747,0.2660388301441401,1,523.2572431194747,-3.209010330240588,1
R001027,A,2,S001>S009,1966.845376804481,2.1794676839038387,2660.6,1448.8693484424837,517.9760283619974,0.2633537107037611,1,517.9760283619974,-3.209010330240588,1
R001029,A,2,S001>S010,2031.8707704431356,2.2433882772061646,2117.5,1633.0960551602975,398.77471528283786,0.1962598808367464,1,398.77471528283786,-1.6556759388739977,1
R001030,A,2,S010>S001,2031.8707704431356,2.27234016375811,2525.5,1623.5601539391807,408.3106165039546,0.2009530440830669,1,408.3106165039546,-1.6556759388739977,1
R001031,A,2,S001>S010,2031.8707704431356,2.309398835911474,,1633.0960551602975,398.77471528283786,0.1962598808367464,1,398.77471528283786,-1.6556759388739977,1
R001032,A,2,S010>S001,2031.8707704431356,2.349387048511341,,1623.5601539391807,408.3106165039546,0.2009530440830669,1,408.3106165039546,-1.6556759388739977,1
R001033,A,2,S001>S010,2031.8707704431356,2.4004298200768,2117.5,1633.0960551602975,398.77471528283786,0.1962598808367464,1,398.77471528283786,-1.6556759388739977,1
R001034,A,2,S010>S001,2031.8707704431356,2.4283458609567,2525.5,1623.5601539391807,408.3106165039546,0.2009530440830669,1,408.3106165039546,-1.6556759388739977,1
R001035,A,2,S001>S010,2031.8707704431356,2.253774721042131,2117.5,1633.0960551602975,398.77471528283786,0.1962598808367464,1,398.77471528283786,-1.6556759388739977,1
R001036,A,2,S010>S001,2031.8707704431356,2.2987555309376315,2525.5,1623.5601539391807,408.3106165039546,0.2009530440830669,1,408.3106165039546,-1.6556759388739977,1
R001037,A,2,S001>S010,2031.8707704431356,2.3588364003722835,2720.6,1633.0960551602975,398.77471528283786,0.1962598808367464,1,398.77471528283786,-1.6556759388739977,1
R001038,A,2,S010>S001,2031.8707704431356,2.4661333639945493,1911.2,1623.5601539391807,408.3106165039546,0.2009530440830669,1,408.3106165039546,-1.6556759388739977,1
R001039,A,2,S001>S010,2031.8707704431356,2.292544228406368,2117.5,1633.0960551602975,398.77471528283786,0.1962598808367464,1,398.77471528283786,-1.6556759388739977,1
R001041,A,2,S001>S010,2031.8707704431356,2.277924597578856,2720.6,1633.0960551602975,398.77471528283786,0.1962598808367464,1,398.77471528283786,-1.6556759388739977,1
R001043,A,2,S001>S010,2031.8707704431356,2.3582875246476087,2117.5,1633.0960551602975,398.77471528283786,0.1962598808367464,1,398.77471528283786,-1.6556759388739977,1
R001044,A,2,S010>S001,2031.8707704431356,2.34009557270986,1911.2,1623.5601539391807,408.3106165039546,0.2009530440830669,1,408.3106165039546,-1.6556759388739977,1
R001049,A,2,S001>S010,2091.870770443136,2.408430097484362,2057.5,1663.0960551602975,428.77471528283786,0.2049718946988334,1,428.77471528283786,-1.6556759388739977,1
R001063,A,2,S001>S011,1641.3121858110787,1.6010482826366723,9488.3,1641.3121858110787,0.0,0.0,0,0.0,2.214023733231812,0
R001064,A,2,S011>S001,1641.3121858110785,1.6068586974692134,9936.0,1641.3121858110785,0.0,0.0,0,0.0,2.214023733231812,0
R001065,A,2,S001>S011,1641.3121858110787,1.657002301170531,,1641.3121858110787,0.0,0.0,0,0.0,2.214023733231812,0
R001066,A,2,S011>S001,1641.3121858110785,1.6524453214139945,,1641.3121858110785,0.0,0.0,0,0.0,2.214023733231812,0
R001067,A,2,S001>S011,1641.3121858110787,1.7313478073832145,9488.3,1641.3121858110787,0.0,0.0,0,0.0,2.214023733231812,0
R001068,A,2,S011>S001,1641.3121858110785,1.698680585581882,9936.0,1641.3121858110785,0.0,0.0,0,0.0,2.214023733231812,0
R001069,A,2,S001>S011,1641.3121858110787,1.6114347264726383,9488.3,1641.3121858110787,0.0,0.0,0,0.0,2.214023733231812,0
R001070,A,2,S011>S001,1641.3121858110785,1.6228580013447234,9936.0,1641.3121858110785,0.0,0.0,0,0.0,2.214023733231812,0
R001071,A,2,S001>S011,1641.3121858110787,1.7064398656313404,2720.6,1641.3121858110787,0.0,0.0,0,0.0,2.214023733231812,0
R001072,A,2,S011>S001,1641.3121858110785,1.7229504231670898,2301.8,1641.3121858110785,0.0,0.0,0,0.0,2.214023733231812,0
R001073,A,2,S001>S011,1641.3121858110787,1.6502042338368756,2720.6,1641.3121858110787,0.0,0.0,0,0.0,2.214023733231812,0
R001074,A,2,S011>S001,1641.3121858110785,1.683552623128734,2301.8,1641.3121858110785,0.0,0.0,0,0.0,2.214023733231812,0
R001075,A,2,S001>S011,1641.3121858110787,1.6255280628379123,2720.6,1641.3121858110787,0.0,0.0,0,0.0,2.214023733231812,0
R001076,A,2,S011>S001,1641.3121858110785,1.6092964184516716,2301.8,1641.3121858110785,0.0,0.0,0,0.0,2.214023733231812,0
R001077,A,2,S001>S011,1641.3121858110787,1.6892055119540237,2720.6,1641.3121858110787,0.0,0.0,0,0.0,2.214023733231812,0
R001078,A,2,S011>S001,1641.3121858110785,1.6457212026504746,2301.8,1641.3121858110785,0.0,0.0,0,0.0,2.214023733231812,0
R001079,A,2,S001>S011,1641.3121858110787,1.587780084692422,2720.6,1641.3121858110787,0.0,0.0,0,0.0,2.214023733231812,0
R001080,A,2,S011>S001,1641.3121858110785,1.5869000980788974,2301.8,1641.3121858110785,0.0,0.0,0,0.0,2.214023733231812,0
R001082,A,2,S011>S001,1701.3121858110785,1.6261536562408527,2241.8,1701.3121858110785,0.0,0.0,0,0.0,2.214023733231812,0
R001083,A,2,S001>S011,1701.3121858110787,1.7290811648549176,2690.6,1701.3121858110787,0.0,0.0,0,0.0,2.214023733231812,0
R001084,A,2,S011>S001,1701.3121858110785,1.668260368070241,2241.8,1701.3121858110785,0.0,0.0,0,0.0,2.214023733231812,0
R001085,A,2,S001>S011,1701.3121858110787,1.6170900842580371,2660.6,1701.3121858110787,0.0,0.0,0,0.0,2.214023733231812,0
R001086,A,2,S011>S001,1701.3121858110785,1.6316403183705095,2241.8,1701.3121858110785,0.0,0.0,0,0.0,2.214023733231812,0
R001087,A,2,S001>S011,1701.3121858110787,1.629345865856409,2660.6,1701.3121858110787,0.0,0.0,0,0.0,2.214023733231812,0
R001089,A,2,S001>S011,1701.3121858110787,1.674293983092201,2660.6,1701.3121858110787,0.0,0.0,0,0.0,2.214023733231812,0
R001091,A,2,S001>S011,1701.3121858110787,1.6434392022216828,2660.6,1701.3121858110787,0.0,0.0,0,0.0,2.214023733231812,0
R001092,A,2,S011>S001,1701.3121858110785,1.6335247253977037,2241.8,1701.3121858110785,0.0,0.0,0,0.0,2.214023733231812,0
R001093,A,2,S001>S011,1701.3121858110787,1.7132952612093488,2660.6,1701.3121858110787,0.0,0.0,0,0.0,2.214023733231812,0
R001094,A,2,S011>S001,1701.3121858110785,1.675631437227092,2241.8,1701.3121858110785,0.0,0.0,0,0.0,2.214023733231812,0
R001095,A,2,S001>S011,1701.3121858110787,1.6010482826366723,2660.6,1701.3121858110787,0.0,0.0,0,0.0,2.214023733231812,0
R001096,A,2,S011>S001,1701.3121858110785,1.6068586974692134,2241.8,1701.3121858110785,0.0,0.0,0,0.0,2.214023733231812,0
R001097,A,2,S001>S012,2372.198601251149,2.908830791276891,2003.1,1574.002318241212,798.1962830099369,0.3364795353091225,1,798.1962830099369,-5.443598579685016,1
R001098,A,2,S012>S001,2372.198601251149,2.9627908254020374,2294.9,1570.328388332946,801.8702129182029,0.3380282799658002,1,801.8702129182029,-5.443598579685016,1
R001099,A,2,S001>S012,2372.198601251149,2.980120849306726,,1574.002318241212,798.1962830099369,0.3364795353091225,1,798.1962830099369,-5.443598579685016,1
R001100,A,2,S012>S001,2372.198601251149,3.074731658835257,,1570.328388332946,801.8702129182029,0.3380282799658002,1,801.8702129182029,-5.443598579685016,1
R001101,A,2,S001>S012,2372.198601251149,3.080851392349325,2003.1,1574.002318241212,798.1962830099369,0.3364795353091225,1,798.1962830099369,-5.443598579685016,1
R001102,A,2,S012>S001,2372.198601251149,3.1926421392320297,2294.9,1570.328388332946,801.8702129182029,0.3380282799658002,1,801.8702129182029,-5.443598579685016,1
R001103,A,2,S001>S012,2372.198601251149,2.9192172351128574,2003.1,1574.002318241212,798.1962830099369,0.3364795353091225,1,798.1962830099369,-5.443598579685016,1
R001104,A,2,S012>S001,2372.198601251149,2.999956725897716,2294.9,1570.328388332946,801.8702129182029,0.3380282799658002,1,801.8702129182029,-5.443598579685016,1
R001105,A,2,S001>S012,2372.198601251149,3.0295584137675355,2720.6,1574.002318241212,798.1962830099369,0.3364795353091225,1,798.1962830099369,-5.443598579685016,1
R001106,A,2,S012>S001,2372.198601251149,3.2417596594804863,1570.9,1570.328388332946,801.8702129182029,0.3380282799658002,1,801.8702129182029,-5.443598579685016,1
R001107,A,2,S001>S012,2372.198601251149,2.957986742477094,2003.1,1574.002318241212,798.1962830099369,0.3364795353091225,1,798.1962830099369,-5.443598579685016,1
R001109,A,2,S001>S012,2372.198601251149,2.948646610974108,2720.6,1574.002318241212,798.1962830099369,0.3364795353091225,1,798.1962830099369,-5.443598579685016,1
R001110,A,2,S012>S001,2372.198601251149,2.9723402319809105,1570.9,1570.328388332946,801.8702129182029,0.3380282799658002,1,801.8702129182029,-5.443598579685016,1
R001111,A,2,S001>S012,2372.198601251149,3.038709096920135,2003.1,1574.002318241212,798.1962830099369,0.3364795353091225,1,798.1962830099369,-5.443598579685016,1
R001112,A,2,S012>S001,2372.198601251149,3.064486270734275,1570.9,1570.328388332946,801.8702129182029,0.3380282799658002,1,801.8702129182029,-5.443598579685016,1
R001113,A,2,S001>S012,2372.198601251149,2.8955625933326403,2003.1,1574.002318241212,798.1962830099369,0.3364795353091225,1,798.1962830099369,-5.443598579685016,1
R001114,A,2,S012>S001,2372.198601251149,2.9164504191008995,1570.9,1570.328388332946,801.8702129182029,0.3380282799658002,1,801.8702129182029,-5.443598579685016,1
R001117,A,2,S001>S012,2432.198601251149,3.0951033052062917,1943.1,1604.002318241212,828.1962830099369,0.3405134278853314,1,828.1962830099369,-5.443598579685016,1
R001118,A,2,S012>S001,2432.198601251149,3.1219223323951355,1510.9,1600.328388332946,831.8702129182029,0.3420239665010415,1,831.8702129182029,-5.443598579685016,1
R001119,A,2,S001>S012,2432.198601251149,2.924872592898256,1943.1,1634.002318241212,798.1962830099369,0.3281789088273203,1,798.1962830099369,-5.443598579685016,1
R001120,A,2,S012>S001,2432.198601251149,3.0203705065276023,1510.9,1630.328388332946,801.8702129182029,0.3296894474430305,1,801.8702129182029,-5.443598579685016,1
R001121,A,2,S001>S012,2432.198601251149,2.937128374496628,1943.1,1634.002318241212,798.1962830099369,0.3281789088273203,1,798.1962830099369,-5.443598579685016,1
R001123,A,2,S001>S012,2432.198601251149,2.9820764917324194,1943.1,1634.002318241212,798.1962830099369,0.3281789088273203,1,798.1962830099369,-5.443598579685016,1
R001125,A,2,S001>S012,2432.198601251149,2.9665577503578784,2660.6,1634.002318241212,798.1962830099369,0.3281789088273203,1,798.1962830099369,-5.443598579685016,1
R001126,A,2,S012>S001,2432.198601251149,3.029893813529368,1510.9,1630.328388332946,801.8702129182029,0.3296894474430305,1,801.8702129182029,-5.443598579685016,1
R001127,A,2,S001>S012,2432.198601251149,3.0627988461754603,1943.1,1634.002318241212,798.1962830099369,0.3281789088273203,1,798.1962830099369,-5.443598579685016,1
R001128,A,2,S012>S001,2432.198601251149,3.136961822800138,1510.9,1630.328388332946,801.8702129182029,0.3296894474430305,1,801.8702129182029,-5.443598579685016,1
R001129,A,2,S001>S012,2432.198601251149,2.908830791276891,1943.1,1634.002318241212,798.1962830099369,0.3281789088273203,1,798.1962830099369,-5.443598579685016,1
R001131,A,2,S001>S013,1904.4758672031696,2.0841473153929906,2224.0,1526.7967964739023,377.6790707292673,0.1983112924838004,1,377.6790707292673,-1.7783987710747056,1
R001132,A,2,S013>S001,1904.4758672031696,2.109529333387659,2546.5,1512.5378427189432,391.9380244842266,0.2057983675371059,1,391.9380244842266,-1.7783987710747056,1
R001133,A,2,S001>S013,1904.4758672031696,2.1448879085059707,,1526.7967964739023,377.6790707292673,0.1983112924838004,1,377.6790707292673,-1.7783987710747056,1
R001134,A,2,S013>S001,1904.4758672031696,2.184108473956614,,1512.5378427189432,391.9380244842266,0.2057983675371059,1,391.9380244842266,-1.7783987710747056,1
R001135,A,2,S001>S013,1904.4758672031696,2.2268277201498705,2224.0,1526.7967964739023,377.6790707292673,0.1983112924838004,1,377.6790707292673,-1.7783987710747056,1
R001136,A,2,S013>S001,1904.4758672031696,2.2632977240623213,2546.5,1512.5378427189432,391.9380244842266,0.2057983675371059,1,391.9380244842266,-1.7783987710747056,1
R001137,A,2,S001>S013,1904.4758672031696,2.094533759228957,2224.0,1526.7967964739023,377.6790707292673,0.1983112924838004,1,377.6790707292673,-1.7783987710747056,1
R001138,A,2,S013>S001,1904.4758672031696,2.133507963423774,2546.5,1512.5378427189432,391.9380244842266,0.2057983675371059,1,391.9380244842266,-1.7783987710747056,1
R001139,A,2,S001>S013,1904.4758672031696,2.19432547296678,2720.6,1526.7967964739023,377.6790707292673,0.1983112924838004,1,377.6790707292673,-1.7783987710747056,1
R001140,A,2,S013>S001,1904.4758672031696,2.291991783745412,2038.6,1512.5378427189432,391.9380244842266,0.2057983675371059,1,391.9380244842266,-1.7783987710747056,1
R001141,A,2,S001>S013,1904.4758672031696,2.133303266593193,2224.0,1526.7967964739023,377.6790707292673,0.1983112924838004,1,377.6790707292673,-1.7783987710747056,1
R001143,A,2,S001>S013,1904.4758672031696,2.1134136701733524,2720.6,1526.7967964739023,377.6790707292673,0.1983112924838004,1,377.6790707292673,-1.7783987710747056,1
R001144,A,2,S013>S001,1904.4758672031696,2.117801542062712,2038.6,1512.5378427189432,391.9380244842266,0.2057983675371059,1,391.9380244842266,-1.7783987710747056,1
R001145,A,2,S001>S013,1904.4758672031696,2.1846854247206795,2224.0,1526.7967964739023,377.6790707292673,0.1983112924838004,1,377.6790707292673,-1.7783987710747056,1
R001146,A,2,S013>S001,1904.4758672031696,2.1801056018984424,2038.6,1512.5378427189432,391.9380244842266,0.2057983675371059,1,391.9380244842266,-1.7783987710747056,1
R001147,A,2,S001>S013,1904.4758672031696,2.07087911744874,2224.0,1526.7967964739023,377.6790707292673,0.1983112924838004,1,377.6790707292673,-1.7783987710747056,1
R001148,A,2,S013>S001,1904.4758672031696,2.079577734656458,2038.6,1512.5378427189432,391.9380244842266,0.2057983675371059,1,391.9380244842266,-1.7783987710747056,1
R001149,A,2,S001>S013,1964.4758672031696,2.1462574125891902,2164.0,1556.7967964739023,407.6790707292673,0.2075256191920958,1,407.6790707292673,-1.7783987710747056,1
R001151,A,2,S001>S013,1964.4758672031696,2.229129304526096,2164.0,1556.7967964739023,407.6790707292673,0.2075256191920958,1,407.6790707292673,-1.7783987710747056,1
R001152,A,2,S013>S001,1964.4758672031696,2.2187046059704416,1978.6,1542.5378427189432,421.9380244842266,0.2147840202714941,1,421.9380244842266,-1.7783987710747056,1
R001159,A,2,S001>S013,1964.4758672031696,2.1313248095571224,2660.6,1586.7967964739023,377.6790707292673,0.1922543702544792,1,377.6790707292673,-1.7783987710747056,1
R001161,A,2,S001>S013,1964.4758672031696,2.208775173976005,2164.0,1586.7967964739023,377.6790707292673,0.1922543702544792,1,377.6790707292673,-1.7783987710747056,1
R001163,A,2,S001>S013,1964.4758672031696,2.0841473153929906,2164.0,1586.7967964739023,377.6790707292673,0.1922543702544792,1,377.6790707292673,-1.7783987710747056,1
R001165,A,2,S001>S014,2447.8026426192573,2.7161090979674603,1869.1,1804.65033378938,643.1523088298777,0.2627467989583001,1,643.1523088298777,-2.749877307286681,1
R001166,A,2,S014>S001,2447.8026426192573,2.7616705003096857,2358.0,1797.4977474862203,650.304895133037,0.2656688426633864,1,650.304895133037,-2.749877307286681,1
R001167,A,2,S001>S014,2447.8026426192573,2.793148324424269,,1804.65033378938,643.1523088298777,0.2627467989583001,1,643.1523088298777,-2.749877307286681,1
R001168,A,2,S014>S001,2447.8026426192573,2.855607943189352,,1797.4977474862203,650.304895133037,0.2656688426633864,1,650.304895133037,-2.749877307286681,1
R001169,A,2,S001>S014,2447.8026426192573,2.9024859757480392,1869.1,1804.65033378938,643.1523088298777,0.2627467989583001,1,643.1523088298777,-2.749877307286681,1
R001170,A,2,S014>S001,2447.8026426192573,2.947641789320663,2358.0,1797.4977474862203,650.304895133037,0.2656688426633864,1,650.304895133037,-2.749877307286681,1
R001171,A,2,S001>S014,2447.8026426192573,2.726495541803427,1869.1,1804.65033378938,643.1523088298777,0.2627467989583001,1,643.1523088298777,-2.749877307286681,1
R001172,A,2,S014>S001,2447.8026426192573,2.796088142722299,2358.0,1797.4977474862203,650.304895133037,0.2656688426633864,1,650.304895133037,-2.749877307286681,1
R001173,A,2,S001>S014,2447.8026426192573,2.842585888885078,2720.6,1804.65033378938,643.1523088298777,0.2627467989583001,1,643.1523088298777,-2.749877307286681,1
R001174,A,2,S014>S001,2447.8026426192573,3.003749584516957,1495.3000000000002,1797.4977474862203,650.304895133037,0.2656688426633864,1,650.304895133037,-2.749877307286681,1
R001175,A,2,S001>S014,2447.8026426192573,2.765265049167664,1869.1,1804.65033378938,643.1523088298777,0.2627467989583001,1,643.1523088298777,-2.749877307286681,1
R001177,A,2,S001>S014,2447.8026426192573,2.7616740860916504,2720.6,1804.65033378938,643.1523088298777,0.2627467989583001,1,643.1523088298777,-2.749877307286681,1
R001179,A,2,S001>S014,2447.8026426192573,2.8603436803188487,1869.1,1804.65033378938,643.1523088298777,0.2627467989583001,1,643.1523088298777,-2.749877307286681,1
R001180,A,2,S014>S001,2447.8026426192573,2.8372606507710776,1495.3000000000002,1797.4977474862203,650.304895133037,0.2656688426633864,1,650.304895133037,-2.749877307286681,1
R001185,A,2,S001>S014,2507.8026426192573,2.9217532160030912,1809.1,1834.65033378938,673.1523088298777,0.2684231595381079,1,673.1523088298777,-2.749877307286681,1
R001193,A,2,S001>S014,2507.8026426192573,2.7795852254754205,2660.6,1864.65033378938,643.1523088298777,0.2564604956944066,1,643.1523088298777,-2.749877307286681,1
R001199,A,2,S001>S015,2415.780812112339,2.8404469535929846,5495.9,1836.3623388700128,579.4184732423262,0.2398472867808265,1,579.4184732423262,-3.669029510894831,1
R001200,A,2,S015>S001,2415.780812112339,2.8882649657015667,5971.5,1844.3305785653351,571.4502335470038,0.2365488750808201,1,571.4502335470038,-3.669029510894831,1
R001201,A,2,S001>S015,2415.780812112339,2.9189876511456823,,1836.3623388700128,579.4184732423262,0.2398472867808265,1,579.4184732423262,-3.669029510894831,1
R001202,A,2,S015>S001,2415.780812112339,2.988977041800972,,1844.3305785653351,571.4502335470038,0.2365488750808201,1,571.4502335470038,-3.669029510894831,1
R001203,A,2,S001>S015,2415.780812112339,3.0311331041898373,9095.9,1836.3623388700128,579.4184732423262,0.2398472867808265,1,579.4184732423262,-3.669029510894831,1
R001204,A,2,S015>S001,2415.780812112339,3.0897131561462485,9571.5,1844.3305785653351,571.4502335470038,0.2365488750808201,1,571.4502335470038,-3.669029510894831,1
R001205,A,2,S001>S015,2415.780812112339,2.850833397428951,5495.9,1836.3623388700128,579.4184732423262,0.2398472867808265,1,579.4184732423262,-3.669029510894831,1
R001206,A,2,S015>S001,2415.780812112339,2.9241358601909764,5971.5,1844.3305785653351,571.4502335470038,0.2365488750808201,1,571.4502335470038,-3.669029510894831,1
R001207,A,2,S001>S015,2415.780812112339,2.968425215606492,2720.6,1836.3623388700128,579.4184732423262,0.2398472867808265,1,579.4184732423262,-3.669029510894831,1
R001208,A,2,S015>S001,2415.780812112339,3.145824273896261,1527.3000000000002,1844.3305785653351,571.4502335470038,0.2365488750808201,1,571.4502335470038,-3.669029510894831,1
R001209,A,2,S001>S015,2415.780812112339,2.889602904793188,2720.6,1836.3623388700128,579.4184732423262,0.2398472867808265,1,579.4184732423262,-3.669029510894831,1
R001210,A,2,S015>S001,2415.780812112339,3.0600220640617053,1527.3000000000002,1844.3305785653351,571.4502335470038,0.2365488750808201,1,571.4502335470038,-3.669029510894831,1
R001211,A,2,S001>S015,2415.780812112339,2.887513412813064,2720.6,1836.3623388700128,579.4184732423262,0.2398472867808265,1,579.4184732423262,-3.669029510894831,1
R001212,A,2,S015>S001,2415.780812112339,2.8929531538346414,1527.3000000000002,1844.3305785653351,571.4502335470038,0.2365488750808201,1,571.4502335470038,-3.669029510894831,1
R001213,A,2,S001>S015,2415.780812112339,2.9889908087606463,2720.6,1836.3623388700128,579.4184732423262,0.2398472867808265,1,579.4184732423262,-3.669029510894831,1
R001214,A,2,S015>S001,2415.780812112339,2.9727282399553574,1527.3000000000002,1844.3305785653351,571.4502335470038,0.2365488750808201,1,571.4502335470038,-3.669029510894831,1
R001216,A,2,S015>S001,2415.780812112339,2.8434762304542187,1527.3000000000002,1844.3305785653351,571.4502335470038,0.2365488750808201,1,571.4502335470038,-3.669029510894831,1
R001219,A,2,S001>S015,2475.780812112339,3.052223463865645,2690.6,1866.3623388700128,609.4184732423262,0.2461520302043094,1,609.4184732423262,-3.669029510894831,1
R001220,A,2,S015>S001,2475.780812112339,3.021860347805129,1467.3000000000002,1874.3305785653351,601.4502335470038,0.2429335547817925,1,601.4502335470038,-3.669029510894831,1
R001221,A,2,S001>S015,2475.780812112339,2.8564887552143494,2660.6,1896.3623388700128,579.4184732423262,0.2340346408727377,1,579.4184732423262,-3.669029510894831,1
R001222,A,2,S015>S001,2475.780812112339,2.9438154665716194,1467.3000000000002,1904.3305785653351,571.4502335470038,0.2308161654502208,1,571.4502335470038,-3.669029510894831,1
R001223,A,2,S001>S015,2475.780812112339,2.8687445368127213,2660.6,1896.3623388700128,579.4184732423262,0.2340346408727377,1,579.4184732423262,-3.669029510894831,1
R001224,A,2,S015>S001,2475.780812112339,2.986680526020861,1467.3000000000002,1904.3305785653351,571.4502335470038,0.2308161654502208,1,571.4502335470038,-3.669029510894831,1
R001225,A,2,S001>S015,2475.780812112339,2.9136926540485133,2660.6,1896.3623388700128,579.4184732423262,0.2340346408727377,1,579.4184732423262,-3.669029510894831,1
R001226,A,2,S015>S001,2475.780812112339,3.1449986923444837,1467.3000000000002,1904.3305785653351,571.4502335470038,0.2308161654502208,1,571.4502335470038,-3.669029510894831,1
R001227,A,2,S001>S015,2475.780812112339,2.905424552196834,2660.6,1896.3623388700128,579.4184732423262,0.2340346408727377,1,579.4184732423262,-3.669029510894831,1
R001228,A,2,S015>S001,2475.780812112339,2.9468645274103897,1467.3000000000002,1904.3305785653351,571.4502335470038,0.2308161654502208,1,571.4502335470038,-3.669029510894831,1
R001229,A,2,S001>S015,2475.780812112339,3.013080558015972,2660.6,1896.3623388700128,579.4184732423262,0.2340346408727377,1,579.4184732423262,-3.669029510894831,1
R001230,A,2,S015>S001,2475.780812112339,3.038779595041687,1467.3000000000002,1904.3305785653351,571.4502335470038,0.2308161654502208,1,571.4502335470038,-3.669029510894831,1
R001231,A,2,S001>S015,2475.780812112339,2.8404469535929846,2660.6,1896.3623388700128,579.4184732423262,0.2340346408727377,1,579.4184732423262,-3.669029510894831,1
R001232,A,2,S015>S001,2475.780812112339,2.8882649657015667,1467.3000000000002,1904.3305785653351,571.4502335470038,0.2308161654502208,1,571.4502335470038,-3.669029510894831,1
R001233,A,2,S002>S004,2513.5100313619305,3.331437259987184,5496.8,1284.1047297833677,1229.405301578563,0.4891189158741559,1,1229.405301578563,-5.839925593266557,1
R001234,A,2,S004>S002,2513.5100313619305,3.344444000136015,5856.4,1272.2871111058364,1241.222920256094,0.4938205556249739,1,1241.222920256094,-5.839925593266557,1
R001238,A,2,S004>S002,2513.5100313619305,3.5767630157787247,5856.4,1272.2871111058364,1241.222920256094,0.4938205556249739,1,1241.222920256094,-5.839925593266557,1
R001242,A,2,S002>S004,2513.5100313619305,3.4455508605638023,2344.2,1284.1047297833677,1229.405301578563,0.4891189158741559,1,1229.405301578563,-5.839925593266557,1
R001264,A,2,S002>S005,2437.591184100497,3.124480287563737,8927.5,1261.247825842968,1176.3433582575292,0.482584350456459,2,837.820270692425,-5.485428237127181,1
R001265,A,2,S005>S002,2437.591184100497,3.120237260943263,9699.4,1248.9439002497163,1188.6472838507807,0.4876319259783535,2,844.2485277405067,-5.485428237127181,1
R001269,A,2,S005>S002,2437.591184100497,3.285685603611438,9699.4,1248.9439002497163,1188.6472838507807,0.4876319259783535,2,844.2485277405067,-5.485428237127181,1
R001271,A,2,S005>S002,2437.591184100497,3.147847863703604,9699.4,1248.9439002497163,1188.6472838507807,0.4876319259783535,2,844.2485277405067,-5.485428237127181,1
R001272,A,2,S002>S005,2437.591184100497,3.359424291205469,2344.2,1261.247825842968,1176.3433582575292,0.482584350456459,2,837.820270692425,-5.485428237127181,1
R001274,A,2,S002>S005,2437.591184100497,3.238593888140355,2344.2,1261.247825842968,1176.3433582575292,0.482584350456459,2,837.820270692425,-5.485428237127181,1
R001296,A,2,S002>S009,2219.799820896939,2.844028409136309,9144.4,1143.519023718433,1076.280797178506,0.4848548896375804,1,1076.280797178506,-5.482718810576927,1
R001297,A,2,S009>S002,2219.799820896939,2.835461888350986,9702.6,1137.2836931370866,1082.5161277598522,0.4876638503928014,1,1082.5161277598522,-5.482718810576927,1
R001298,A,2,S002>S009,2219.799820896939,2.952234747678102,,1143.519023718433,1076.280797178506,0.4848548896375804,1,1076.280797178506,-5.482718810576927,1
R001299,A,2,S009>S002,2219.799820896939,2.915796832401494,,1137.2836931370866,1082.5161277598522,0.4876638503928014,1,1082.5161277598522,-5.482718810576927,1
R001300,A,2,S002>S009,2219.799820896939,3.087598899898224,9144.4,1143.519023718433,1076.280797178506,0.4848548896375804,1,1076.280797178506,-5.482718810576927,1
R001301,A,2,S009>S002,2219.799820896939,3.005742616612576,9702.6,1137.2836931370866,1082.5161277598522,0.4876638503928014,1,1082.5161277598522,-5.482718810576927,1
R001302,A,2,S002>S009,2219.799820896939,2.86793909955766,9144.4,1143.519023718433,1076.280797178506,0.4848548896375804,1,1076.280797178506,-5.482718810576927,1
R001303,A,2,S009>S002,2219.799820896939,2.8590066675174977,9702.6,1137.2836931370866,1082.5161277598522,0.4876638503928014,1,1082.5161277598522,-5.482718810576927,1
R001304,A,2,S002>S009,2219.799820896939,3.0683303530394848,2344.2,1143.519023718433,1076.280797178506,0.4848548896375804,1,1076.280797178506,-5.482718810576927,1
R001305,A,2,S009>S002,2219.799820896939,3.0247727259713155,2102.1,1137.2836931370866,1082.5161277598522,0.4876638503928014,1,1082.5161277598522,-5.482718810576927,1
R001306,A,2,S002>S009,2219.799820896939,2.958142009712927,2344.2,1143.519023718433,1076.280797178506,0.4848548896375804,1,1076.280797178506,-5.482718810576927,1
R001307,A,2,S009>S002,2219.799820896939,2.948053836316883,2102.1,1137.2836931370866,1082.5161277598522,0.4876638503928014,1,1082.5161277598522,-5.482718810576927,1
R001308,A,2,S002>S009,2219.799820896939,2.879089111297403,2344.2,1143.519023718433,1076.280797178506,0.4848548896375804,1,1076.280797178506,-5.482718810576927,1
R001309,A,2,S009>S002,2219.799820896939,2.848055353694421,2102.1,1137.2836931370866,1082.5161277598522,0.4876638503928014,1,1082.5161277598522,-5.482718810576927,1
R001310,A,2,S002>S009,2219.799820896939,2.988560568311411,2344.2,1143.519023718433,1076.280797178506,0.4848548896375804,1,1076.280797178506,-5.482718810576927,1
R001311,A,2,S009>S002,2219.799820896939,2.918072413135066,2102.1,1137.2836931370866,1082.5161277598522,0.4876638503928014,1,1082.5161277598522,-5.482718810576927,1
R001312,A,2,S002>S009,2219.799820896939,2.813772592022379,2344.2,1143.519023718433,1076.280797178506,0.4848548896375804,1,1076.280797178506,-5.482718810576927,1
R001313,A,2,S009>S002,2219.799820896939,2.805872777249255,2102.1,1137.2836931370866,1082.5161277598522,0.4876638503928014,1,1082.5161277598522,-5.482718810576927,1
R001318,A,2,S002>S009,2279.799820896939,2.8810161057278214,2284.2,1173.519023718433,1106.280797178506,0.4852534801688261,1,1106.280797178506,-5.482718810576927,1
R001319,A,2,S009>S002,2279.799820896939,2.871905770689847,2042.1,1167.2836931370866,1112.5161277598522,0.4879885144135841,1,1112.5161277598522,-5.482718810576927,1
R001325,A,2,S010>S002,2626.9160895559367,3.487996012177482,2525.5,1324.7529009007585,1302.1631886551784,0.4957003361593102,3,763.5944849930206,-5.489452286646269,1
R001329,A,2,S002>S010,2626.916089555937,3.5486558839876774,2344.2,1351.7954740885905,1275.1206154673466,0.4854059178125089,4,716.172036642946,-5.489452286646269,1
R001340,A,2,S002>S011,2355.196200412635,3.0723786239206734,8774.4,1512.380364941564,842.815835471071,0.3578537683286887,2,812.815835471071,-5.483756690521034,1
R001341,A,2,S011>S002,2355.196200412636,3.05252784803436,9936.0,1505.9567755716448,849.2394248409905,0.3605811799000873,2,819.2394248409905,-5.483756690521034,1
R001342,A,2,S002>S011,2355.196200412635,3.202539644538251,,1512.380364941564,842.815835471071,0.3578537683286887,2,812.815835471071,-5.483756690521034,1
R001343,A,2,S011>S002,2355.196200412636,3.1071086073821936,,1505.9567755716448,849.2394248409905,0.3605811799000873,2,819.2394248409905,-5.483756690521034,1
R001344,A,2,S002>S011,2355.196200412635,3.378058990005263,8774.4,1512.380364941564,842.815835471071,0.3578537683286887,2,812.815835471071,-5.483756690521034,1
R001345,A,2,S011>S002,2355.196200412636,3.153343871550081,9936.0,1505.9567755716448,849.2394248409905,0.3605811799000873,2,819.2394248409905,-5.483756690521034,1
R001346,A,2,S002>S011,2355.196200412635,3.096289314342023,8774.4,1512.380364941564,842.815835471071,0.3578537683286887,2,812.815835471071,-5.483756690521034,1
R001347,A,2,S011>S002,2355.196200412636,3.0775212873129227,9936.0,1505.9567755716448,849.2394248409905,0.3605811799000873,2,819.2394248409905,-5.483756690521034,1
R001348,A,2,S002>S011,2355.196200412635,3.318635249899634,2344.2,1512.380364941564,842.815835471071,0.3578537683286887,2,812.815835471071,-5.483756690521034,1
R001349,A,2,S011>S002,2355.196200412636,3.2129356533223774,1966.7,1505.9567755716448,849.2394248409905,0.3605811799000873,2,819.2394248409905,-5.483756690521034,1
R001350,A,2,S002>S011,2355.196200412635,3.1864922244972917,2344.2,1512.380364941564,842.815835471071,0.3578537683286887,2,812.815835471071,-5.483756690521034,1
R001351,A,2,S011>S002,2355.196200412636,3.1735378532840217,1966.7,1505.9567755716448,849.2394248409905,0.3605811799000873,2,819.2394248409905,-5.483756690521034,1
R001352,A,2,S002>S011,2355.196200412635,3.1293940081575524,2344.2,1512.380364941564,842.815835471071,0.3578537683286887,2,812.815835471071,-5.483756690521034,1
R001353,A,2,S011>S002,2355.196200412636,3.044276558775172,1966.7,1505.9567755716448,849.2394248409905,0.3605811799000873,2,819.2394248409905,-5.483756690521034,1
R001354,A,2,S002>S011,2355.196200412635,3.2790206584184487,2344.2,1512.380364941564,842.815835471071,0.3578537683286887,2,812.815835471071,-5.483756690521034,1
R001356,A,2,S002>S011,2355.196200412635,3.0421228068067427,2344.2,1512.380364941564,842.815835471071,0.3578537683286887,2,812.815835471071,-5.483756690521034,1
R001358,A,2,S002>S011,2415.196200412635,3.197992924808817,2314.2,1572.380364941564,842.815835471071,0.3489637137252354,2,812.815835471071,-5.483756690521034,1
R001359,A,2,S011>S002,2415.196200412636,3.061133796564353,1906.7,1565.9567755716448,849.2394248409905,0.3516233690231453,2,819.2394248409905,-5.483756690521034,1
R001360,A,2,S002>S011,2415.196200412635,3.37346185412704,2314.2,1572.380364941564,842.815835471071,0.3489637137252354,2,812.815835471071,-5.483756690521034,1
R001361,A,2,S011>S002,2415.196200412636,3.1032405083937418,1906.7,1565.9567755716448,849.2394248409905,0.3516233690231453,2,819.2394248409905,-5.483756690521034,1
R001362,A,2,S002>S011,2415.196200412635,3.1093663205121853,2284.2,1542.380364941564,872.815835471071,0.3613850648332218,2,842.815835471071,-5.483756690521034,1
R001363,A,2,S011>S002,2415.196200412636,3.091324140517714,1906.7,1535.9567755716448,879.2394248409905,0.3640447201311317,2,849.2394248409905,-5.483756690521034,1
R001364,A,2,S002>S011,2415.196200412635,3.137814125094164,2284.2,1542.380364941564,872.815835471071,0.3613850648332218,2,842.815835471071,-5.483756690521034,1
R001366,A,2,S002>S011,2415.196200412635,3.2430132862774714,2284.2,1542.380364941564,872.815835471071,0.3613850648332218,2,842.815835471071,-5.483756690521034,1
R001367,A,2,S011>S002,2415.196200412636,3.2340811734655324,1906.7,1535.9567755716448,879.2394248409905,0.3640447201311317,2,849.2394248409905,-5.483756690521034,1
R001375,A,2,S002>S012,2581.3266397005914,3.473397582837713,2344.2,1191.19509451,1390.1315451905914,0.5385337615978089,1,1390.1315451905916,-5.485484479902681,1
R001399,A,2,S002>S013,2406.7601868457914,3.2597474526422507,2344.2,1183.0691727589665,1223.6910140868251,0.5084391127852868,1,1223.691014086825,-5.484293742593266,1
R001415,A,2,S003>S006,2584.3492811454093,3.0442496862391497,1393.1999999999998,1661.984607159672,922.3646739857372,0.3569040302388755,1,922.3646739857372,-5.295996049876194,1
R001416,A,2,S006>S003,2584.349281145409,3.022227131212894,2694.9,1659.655499049049,924.69378209636,0.3578052660461308,1,924.69378209636,-5.295996049876194,1
R001417,A,2,S003>S006,2584.3492811454093,3.1772287453109884,,1661.984607159672,922.3646739857372,0.3569040302388755,1,922.3646739857372,-5.295996049876194,1
R001418,A,2,S006>S003,2584.349281145409,3.0823126546944244,,1659.655499049049,924.69378209636,0.3578052660461308,1,924.69378209636,-5.295996049876194,1
R001419,A,2,S003>S006,2584.3492811454093,3.3504639934726086,1393.1999999999998,1661.984607159672,922.3646739857372,0.3569040302388755,1,922.3646739857372,-5.295996049876194,1
R001421,A,2,S003>S006,2584.3492811454093,3.069546245212869,1393.1999999999998,1661.984607159672,922.3646739857372,0.3569040302388755,1,922.3646739857372,-5.295996049876194,1
R001423,A,2,S003>S006,2584.3492811454093,3.296442552304029,5820.9,1661.984607159672,922.3646739857372,0.3569040302388755,1,922.3646739857372,-5.295996049876194,1
R001424,A,2,S006>S003,2584.349281145409,3.1901941145998105,5468.8,1659.655499049049,924.69378209636,0.3578052660461308,1,924.69378209636,-5.295996049876194,1
R001425,A,2,S003>S006,2584.3492811454093,3.1634740032504745,1393.1999999999998,1661.984607159672,922.3646739857372,0.3569040302388755,1,922.3646739857372,-5.295996049876194,1
R001426,A,2,S006>S003,2584.349281145409,3.1447786721202533,2694.9,1659.655499049049,924.69378209636,0.3578052660461308,1,924.69378209636,-5.295996049876194,1
R001427,A,2,S003>S006,2584.3492811454093,3.0615140156118743,5820.9,1661.984607159672,922.3646739857372,0.3569040302388755,1,922.3646739857372,-5.295996049876194,1
R001429,A,2,S003>S006,2584.3492811454093,3.100931660999499,5820.9,1661.984607159672,922.3646739857372,0.3569040302388755,1,922.3646739857372,-5.295996049876194,1
R001431,A,2,S003>S006,2584.3492811454093,3.248880860205684,1393.1999999999998,1661.984607159672,922.3646739857372,0.3569040302388755,1,922.3646739857372,-5.295996049876194,1
R001432,A,2,S006>S003,2584.349281145409,3.058385138081711,2694.9,1659.655499049049,924.69378209636,0.3578052660461308,1,924.69378209636,-5.295996049876194,1
R001433,A,2,S003>S006,2584.3492811454093,3.01178362312312,1393.1999999999998,1661.984607159672,922.3646739857372,0.3569040302388755,1,922.3646739857372,-5.295996049876194,1
R001445,A,2,S003>S006,2644.3492811454093,3.2215899362302034,1333.1999999999998,1691.984607159672,952.3646739857372,0.360150862360065,1,952.3646739857372,-5.295996049876194,1
R001446,A,2,S006>S003,2644.349281145409,3.2048830400081925,2664.9,1689.655499049049,954.69378209636,0.3610316492240507,1,954.69378209636,-5.295996049876194,1
R001447,A,2,S003>S007,2421.811759351617,2.871173179876538,1764.2,1316.2291190479243,1105.5826403036926,0.4565105591029446,1,1105.5826403036926,-5.288334514260441,1
R001448,A,2,S007>S003,2421.811759351617,2.8556258174243565,2488.7,1316.8215087025342,1104.990250649083,0.4562659531164049,1,1104.990250649083,-5.288334514260441,1
R001449,A,2,S003>S007,2421.811759351617,2.988487093411404,,1316.2291190479243,1105.5826403036926,0.4565105591029446,1,1105.5826403036926,-5.288334514260441,1
R001450,A,2,S007>S003,2421.811759351617,2.9291634766694608,,1316.8215087025342,1104.990250649083,0.4562659531164049,1,1104.990250649083,-5.288334514260441,1
R001451,A,2,S003>S007,2421.811759351617,3.13586238640271,1764.2,1316.2291190479243,1105.5826403036926,0.4565105591029446,1,1105.5826403036926,-5.288334514260441,1
R001452,A,2,S007>S003,2421.811759351617,3.0061717677789885,2488.7,1316.8215087025342,1104.990250649083,0.4562659531164049,1,1104.990250649083,-5.288334514260441,1
R001453,A,2,S003>S007,2421.811759351617,2.896469738850258,1764.2,1316.2291190479243,1105.5826403036926,0.4565105591029446,1,1105.5826403036926,-5.288334514260441,1
R001454,A,2,S007>S003,2421.811759351617,2.879380957952491,2488.7,1316.8215087025342,1104.990250649083,0.4562659531164049,1,1104.990250649083,-5.288334514260441,1
R001455,A,2,S003>S007,2421.811759351617,3.1077009004044447,5820.9,1316.2291190479243,1105.5826403036926,0.4565105591029446,1,1105.5826403036926,-5.288334514260441,1
R001456,A,2,S007>S003,2421.811759351617,3.034106170443921,5631.4,1316.8215087025342,1104.990250649083,0.4562659531164049,1,1104.990250649083,-5.288334514260441,1
R001457,A,2,S003>S007,2421.811759351617,2.990397496887863,1764.2,1316.2291190479243,1105.5826403036926,0.4565105591029446,1,1105.5826403036926,-5.288334514260441,1
R001458,A,2,S007>S003,2421.811759351617,2.9685349998842496,2488.7,1316.8215087025342,1104.990250649083,0.4562659531164049,1,1104.990250649083,-5.288334514260441,1
R001459,A,2,S003>S007,2421.811759351617,2.879714825431088,5820.9,1316.2291190479243,1105.5826403036926,0.4565105591029446,1,1105.5826403036926,-5.288334514260441,1
R001460,A,2,S007>S003,2421.811759351617,2.847197713536473,5631.4,1316.8215087025342,1104.990250649083,0.4562659531164049,1,1104.990250649083,-5.288334514260441,1
R001462,A,2,S007>S003,2421.811759351617,2.863849923813945,5631.4,1316.8215087025342,1104.990250649083,0.4562659531164049,1,1104.990250649083,-5.288334514260441,1
R001463,A,2,S003>S007,2421.811759351617,3.0342792531357854,1764.2,1316.2291190479243,1105.5826403036926,0.4565105591029446,1,1105.5826403036926,-5.288334514260441,1
R001464,A,2,S007>S003,2421.811759351617,2.9250695630807715,2488.7,1316.8215087025342,1104.990250649083,0.4562659531164049,1,1104.990250649083,-5.288334514260441,1
R001465,A,2,S003>S007,2421.811759351617,2.838707116760508,1764.2,1316.2291190479243,1105.5826403036926,0.4565105591029446,1,1105.5826403036926,-5.288334514260441,1
R001466,A,2,S007>S003,2421.811759351617,2.8256403547351923,2488.7,1316.8215087025342,1104.990250649083,0.4562659531164049,1,1104.990250649083,-5.288334514260441,1
R001468,A,2,S007>S003,2481.811759351617,2.8728599868888454,2428.7,1346.8215087025342,1134.990250649083,0.4573232624804725,1,1134.990250649083,-5.288334514260441,1
R001473,A,2,S003>S007,2481.811759351617,2.910213399629301,1704.2,1346.2291190479243,1135.5826403036926,0.4575619549003861,1,1135.5826403036926,-5.288334514260441,1
R001474,A,2,S007>S003,2481.811759351617,2.8923583723792263,2458.7,1346.8215087025342,1134.990250649083,0.4573232624804725,1,1134.990250649083,-5.288334514260441,1
R001475,A,2,S003>S007,2481.811759351617,2.939940771612976,1704.2,1346.2291190479243,1135.5826403036926,0.4575619549003861,1,1135.5826403036926,-5.288334514260441,1
R001476,A,2,S007>S003,2481.811759351617,2.920532061319097,2458.7,1346.8215087025342,1134.990250649083,0.4573232624804725,1,1134.990250649083,-5.288334514260441,1
R001477,A,2,S003>S007,2481.811759351617,3.048513429867592,1704.2,1346.2291190479243,1135.5826403036926,0.4575619549003861,1,1135.5826403036926,-5.288334514260441,1
R001478,A,2,S007>S003,2481.811759351617,3.0239495390168702,2458.7,1346.8215087025342,1134.990250649083,0.4573232624804725,1,1134.990250649083,-5.288334514260441,1
R001479,A,2,S003>S011,2529.3951950075766,3.050203314384187,8600.2,1599.3439772392871,930.0512177682892,0.3676970762038248,1,930.0512177682892,-5.288334514260441,1
R001480,A,2,S011>S003,2529.395195007577,3.025231325596631,9936.0,1610.45882453553,918.936370472047,0.3633028054634595,1,918.936370472047,-5.288334514260441,1
R001482,A,2,S011>S003,2529.395195007577,3.0800554712365398,,1610.45882453553,918.936370472047,0.3633028054634595,1,918.936370472047,-5.288334514260441,1
R001483,A,2,S003>S011,2529.3951950075766,3.359213222860024,8600.2,1599.3439772392871,930.0512177682892,0.3676970762038248,1,930.0512177682892,-5.288334514260441,1
R001484,A,2,S011>S003,2529.395195007577,3.126290735404427,9936.0,1610.45882453553,918.936370472047,0.3633028054634595,1,918.936370472047,-5.288334514260441,1
R001485,A,2,S003>S011,2529.3951950075766,3.075499873357907,8600.2,1599.3439772392871,930.0512177682892,0.3676970762038248,1,930.0512177682892,-5.288334514260441,1
R001486,A,2,S011>S003,2529.395195007577,3.0504681511672684,9936.0,1610.45882453553,918.936370472047,0.3633028054634595,1,918.936370472047,-5.288334514260441,1
R001487,A,2,S003>S011,2529.3951950075766,3.302831514354768,5820.9,1599.3439772392871,930.0512177682892,0.3676970762038248,1,930.0512177682892,-5.288334514260441,1
R001488,A,2,S011>S003,2529.395195007577,3.1855427772430165,5523.8,1610.45882453553,918.936370472047,0.3633028054634595,1,918.936370472047,-5.288334514260441,1
R001489,A,2,S003>S011,2529.3951950075766,3.169427631395512,5820.9,1599.3439772392871,930.0512177682892,0.3676970762038248,1,930.0512177682892,-5.288334514260441,1
R001490,A,2,S011>S003,2529.395195007577,3.146144977204661,5523.8,1610.45882453553,918.936370472047,0.3633028054634595,1,918.936370472047,-5.288334514260441,1
R001492,A,2,S011>S003,2529.395195007577,3.016255457030493,5523.8,1610.45882453553,918.936370472047,0.3633028054634595,1,918.936370472047,-5.288334514260441,1
R001494,A,2,S011>S003,2529.395195007577,3.052680241229296,5523.8,1610.45882453553,918.936370472047,0.3633028054634595,1,918.936370472047,-5.288334514260441,1
R001495,A,2,S003>S011,2529.3951950075766,3.0177372512681577,5820.9,1599.3439772392871,930.0512177682892,0.3676970762038248,1,930.0512177682892,-5.288334514260441,1
R001496,A,2,S011>S003,2529.395195007577,2.993859136657719,5523.8,1610.45882453553,918.936370472047,0.3633028054634595,1,918.936370472047,-5.288334514260441,1
R001498,A,2,S011>S003,2589.395195007577,3.033112694819674,5463.8,1670.45882453553,918.9363704720472,0.3548845584651509,1,918.9363704720472,-5.288334514260441,1
R001500,A,2,S011>S003,2589.395195007577,3.0752194066490626,5463.8,1670.45882453553,918.9363704720472,0.3548845584651509,1,918.9363704720472,-5.288334514260441,1
R001501,A,2,S003>S011,2589.3951950075766,3.0892435341369504,5760.9,1629.3439772392871,960.0512177682892,0.3707627246776752,1,960.0512177682892,-5.288334514260441,1
R001502,A,2,S011>S003,2589.395195007577,3.0643255405242,5463.8,1640.45882453553,948.9363704720472,0.3664702754919843,1,948.9363704720472,-5.288334514260441,1
R001507,A,2,S003>S015,2543.7989415425154,3.120819726658497,5367.9,1333.933217759243,1209.8657237832724,0.4756137381870404,1,1209.8657237832726,-5.288334514260441,1
R001508,A,2,S015>S003,2543.7989415425154,3.117061782887005,5971.5,1336.7635354766226,1207.0354060658929,0.4745011039803199,1,1207.0354060658929,-5.288334514260441,1
R001511,A,2,S003>S015,2543.7989415425154,3.3869509953820787,8967.9,1333.933217759243,1209.8657237832724,0.4756137381870404,1,1209.8657237832726,-5.288334514260441,1
R001512,A,2,S015>S003,2543.7989415425154,3.310692560889614,9571.5,1336.7635354766226,1207.0354060658929,0.4745011039803199,1,1207.0354060658929,-5.288334514260441,1
R001514,A,2,S015>S003,2543.7989415425154,3.1451152649343417,5971.5,1336.7635354766226,1207.0354060658929,0.4745011039803199,1,1207.0354060658929,-5.288334514260441,1
R001515,A,2,S003>S015,2543.7989415425154,3.35818611925074,5820.9,1333.933217759243,1209.8657237832724,0.4756137381870404,1,1209.8657237832726,-5.288334514260441,1
R001519,A,2,S003>S015,2543.7989415425154,3.1626752279462096,5820.9,1333.933217759243,1209.8657237832724,0.4756137381870404,1,1209.8657237832726,-5.288334514260441,1
R001521,A,2,S003>S015,2543.7989415425154,3.2853678621151534,5820.9,1333.933217759243,1209.8657237832724,0.4756137381870404,1,1209.8657237832726,-5.288334514260441,1
R001530,A,2,S015>S003,2603.7989415425154,3.1604478873792976,5449.4,1366.7635354766223,1237.035406065893,0.4750886815143497,1,1237.035406065893,-5.288334514260441,1
R001535,A,2,S004>S005,2420.9494149405173,3.0401445097664306,8944.2,1359.5409819507695,1061.4084329897478,0.4384265224376142,2,719.2821715965185,-5.839925593266557,1
R001536,A,2,S005>S004,2420.9494149405173,3.0275488822624066,9699.4,1369.9236079571956,1051.0258069833217,0.434137863640222,2,709.6915243430997,-5.839925593266557,1
R001540,A,2,S005>S004,2420.9494149405173,3.190605626810659,9699.4,1369.9236079571956,1051.0258069833217,0.434137863640222,2,709.6915243430997,-5.839925593266557,1
R001541,A,2,S004>S005,2420.9494149405173,3.065671909860074,8944.2,1359.5409819507695,1061.4084329897478,0.4384265224376142,2,719.2821715965185,-5.839925593266557,1
R001542,A,2,S005>S004,2420.9494149405173,3.0527678869028243,9699.4,1369.9236079571956,1051.0258069833217,0.434137863640222,2,709.6915243430997,-5.839925593266557,1
R001543,A,2,S004>S005,2420.9494149405173,3.282560291918545,5856.4,1359.5409819507695,1061.4084329897478,0.4384265224376142,2,719.2821715965185,-5.839925593266557,1
R001545,A,2,S004>S005,2420.9494149405173,3.1614960097833453,5856.4,1359.5409819507695,1061.4084329897478,0.4384265224376142,2,719.2821715965185,-5.839925593266557,1
R001546,A,2,S005>S004,2420.9494149405173,3.1479398893573034,5589.4,1369.9236079571956,1051.0258069833217,0.434137863640222,2,709.6915243430997,-5.839925593266557,1
R001548,A,2,S005>S004,2420.9494149405173,3.018216278522864,5589.4,1369.9236079571956,1051.0258069833217,0.434137863640222,2,709.6915243430997,-5.839925593266557,1
R001553,A,2,S004>S005,2420.9494149405173,3.007697825374083,5856.4,1359.5409819507695,1061.4084329897478,0.4384265224376142,2,719.2821715965185,-5.839925593266557,1
R001554,A,2,S005>S004,2420.9494149405173,2.9958525041230235,5589.4,1369.9236079571956,1051.0258069833217,0.434137863640222,2,709.6915243430997,-5.839925593266557,1
R001568,A,2,S008>S004,2648.003502516305,3.5521471533745714,5861.7,1345.423089158367,1302.580413357938,0.4919103815837636,1,1302.580413357938,-6.237840464252969,1
R001570,A,2,S008>S004,2648.003502516305,3.585790958439996,5861.7,1345.423089158367,1302.580413357938,0.4919103815837636,1,1302.580413357938,-6.237840464252969,1
R001571,A,2,S004>S008,2648.0035025163056,3.5510206071643573,5856.4,1354.0519536352638,1293.9515488810418,0.4886517512727776,1,1293.9515488810418,-6.237840464252969,1
R001572,A,2,S008>S004,2648.003502516305,3.543463310130573,5362.3,1345.423089158367,1302.580413357938,0.4919103815837636,1,1302.580413357938,-6.237840464252969,1
R001573,A,2,S004>S008,2648.0035025163056,3.584075777141778,5856.4,1354.0519536352638,1293.9515488810418,0.4886517512727776,1,1293.9515488810418,-6.237840464252969,1
R001574,A,2,S008>S004,2648.003502516305,3.569901803645553,5362.3,1345.423089158367,1302.580413357938,0.4919103815837636,1,1302.580413357938,-6.237840464252969,1
R001575,A,2,S004>S008,2648.0035025163056,3.509406392028011,5359.9,1354.0519536352638,1293.9515488810418,0.4886517512727776,1,1293.9515488810418,-6.237840464252969,1
R001576,A,2,S008>S004,2648.003502516305,3.5099244955341025,5362.3,1345.423089158367,1302.580413357938,0.4919103815837636,1,1302.580413357938,-6.237840464252969,1
R001577,A,2,S008>S004,2708.003502516305,3.584344418088748,5302.3,1375.423089158367,1332.580413357938,0.4920896195738634,1,1332.580413357938,-6.237840464252969,1
R001579,A,2,S004>S009,2407.538352657926,3.154761379351488,8956.6,1273.2806610882246,1134.2576915697016,0.471127569086274,1,1134.2576915697016,-5.839925593266557,1
R001580,A,2,S009>S004,2407.5383526579258,3.144259885269906,9702.6,1278.862949184409,1128.6754034735168,0.4688088986110886,1,1128.6754034735168,-5.839925593266557,1
R001581,A,2,S004>S009,2407.538352657926,3.275584219587164,,1273.2806610882246,1134.2576915697016,0.471127569086274,1,1134.2576915697016,-5.839925593266557,1
R001582,A,2,S009>S004,2407.5383526579258,3.2276324009323183,,1278.862949184409,1128.6754034735168,0.4688088986110886,1,1128.6754034735168,-5.839925593266557,1
R001583,A,2,S004>S009,2407.538352657926,3.4296211421400957,8956.6,1273.2806610882246,1134.2576915697016,0.471127569086274,1,1134.2576915697016,-5.839925593266557,1
R001584,A,2,S009>S004,2407.5383526579258,3.3175781851434003,9702.6,1278.862949184409,1128.6754034735168,0.4688088986110886,1,1128.6754034735168,-5.839925593266557,1
R001585,A,2,S004>S009,2407.538352657926,3.180288779445131,8956.6,1273.2806610882246,1134.2576915697016,0.471127569086274,1,1134.2576915697016,-5.839925593266557,1
R001586,A,2,S009>S004,2407.5383526579258,3.1708422360483226,9702.6,1278.862949184409,1128.6754034735168,0.4688088986110886,1,1128.6754034735168,-5.839925593266557,1
R001587,A,2,S004>S009,2407.538352657926,3.398381899084165,5856.4,1273.2806610882246,1134.2576915697016,0.471127569086274,1,1134.2576915697016,-5.839925593266557,1
R001588,A,2,S009>S004,2407.5383526579258,3.3487788240326646,5602.8,1278.862949184409,1128.6754034735168,0.4688088986110886,1,1128.6754034735168,-5.839925593266557,1
R001589,A,2,S004>S009,2407.538352657926,3.276112879368402,5856.4,1273.2806610882246,1134.2576915697016,0.471127569086274,1,1134.2576915697016,-5.839925593266557,1
R001590,A,2,S009>S004,2407.5383526579258,3.272059934378232,5602.8,1278.862949184409,1128.6754034735168,0.4688088986110886,1,1128.6754034735168,-5.839925593266557,1
R001591,A,2,S004>S009,2407.538352657926,3.1978387270620807,5856.4,1273.2806610882246,1134.2576915697016,0.471127569086274,1,1134.2576915697016,-5.839925593266557,1
R001592,A,2,S009>S004,2407.5383526579258,3.153324458570262,5602.8,1278.862949184409,1128.6754034735168,0.4688088986110886,1,1128.6754034735168,-5.839925593266557,1
R001593,A,2,S004>S009,2407.538352657926,3.324902070041283,5856.4,1273.2806610882246,1134.2576915697016,0.471127569086274,1,1134.2576915697016,-5.839925593266557,1
R001594,A,2,S009>S004,2407.5383526579258,3.2233415180109075,5602.8,1278.862949184409,1128.6754034735168,0.4688088986110886,1,1128.6754034735168,-5.839925593266557,1
R001595,A,2,S004>S009,2407.538352657926,3.1223146949591403,5856.4,1273.2806610882246,1134.2576915697016,0.471127569086274,1,1134.2576915697016,-5.839925593266557,1
R001596,A,2,S009>S004,2407.5383526579258,3.111141882125096,5602.8,1278.862949184409,1128.6754034735168,0.4688088986110886,1,1128.6754034735168,-5.839925593266557,1
R001607,A,2,S004>S011,2408.9513611636767,3.0880786104475857,8720.6,1631.225077425231,777.7262837384458,0.3228484793328307,2,747.7262837384458,-5.839925593266557,1
R001608,A,2,S011>S004,2408.9513611636767,3.061717086892406,9936.0,1647.320557172353,761.630803991324,0.3161669497649831,2,731.630803991324,-5.839925593266557,1
R001612,A,2,S011>S004,2408.9513611636767,3.161635382204145,9936.0,1647.320557172353,761.630803991324,0.3161669497649831,2,731.630803991324,-5.839925593266557,1
R001614,A,2,S011>S004,2408.9513611636767,3.0858127979669865,9936.0,1647.320557172353,761.630803991324,0.3161669497649831,2,731.630803991324,-5.839925593266557,1
R001615,A,2,S004>S011,2408.9513611636767,3.345142738067552,5856.4,1631.225077425231,777.7262837384458,0.3228484793328307,2,747.7262837384458,-5.839925593266557,1
R001617,A,2,S004>S011,2408.9513611636767,3.2094301104645,5856.4,1631.225077425231,777.7262837384458,0.3228484793328307,2,747.7262837384458,-5.839925593266557,1
R001618,A,2,S011>S004,2408.9513611636767,3.178244219759756,5601.4,1647.320557172353,761.630803991324,0.3161669497649831,2,731.630803991324,-5.839925593266557,1
R001619,A,2,S004>S011,2408.9513611636767,3.144599566045468,5856.4,1631.225077425231,777.7262837384458,0.3228484793328307,2,747.7262837384458,-5.839925593266557,1
R001621,A,2,S004>S011,2408.9513611636767,3.2960624285627054,5856.4,1631.225077425231,777.7262837384458,0.3228484793328307,2,747.7262837384458,-5.839925593266557,1
R001630,A,2,S011>S004,2468.9513611636767,3.0991107992300018,5541.4,1677.320557172353,791.630803991324,0.3206344266005342,2,761.630803991324,-5.839925593266557,1
R001640,A,2,S005>S006,2283.1973338726966,2.815864533067548,1694.3,1918.7985777624224,364.3987561102739,0.1596002021832211,2,344.3987561102739,-2.549050034207454,1
R001641,A,2,S006>S005,2283.1973338726966,2.8170801207762977,2694.9,1920.7007843935296,362.4965494791668,0.1587670693642192,2,342.4965494791668,-2.54885274671409,1
R001642,A,2,S005>S006,2283.1973338726966,2.923276620970726,,1918.7985777624224,364.3987561102739,0.1596002021832211,2,344.3987561102739,-2.549050034207454,1
R001643,A,2,S006>S005,2283.1973338726966,2.878498714688862,,1920.7007843935296,362.4965494791668,0.1587670693642192,2,342.4965494791668,-2.54885274671409,1
R001644,A,2,S005>S006,2283.1973338726966,3.07210904764633,1694.3,1918.7985777624224,364.3987561102739,0.1596002021832211,2,344.3987561102739,-2.549050034207454,1
R001645,A,2,S006>S005,2283.1973338726966,2.9318205459256688,2694.9,1920.7007843935296,362.4965494791668,0.1587670693642192,2,342.4965494791668,-2.54885274671409,1
R001646,A,2,S005>S006,2283.1973338726966,2.8334407751611206,1694.3,1918.7985777624224,364.3987561102739,0.1596002021832211,2,344.3987561102739,-2.549050034207454,1
R001647,A,2,S006>S005,2283.1973338726966,2.8441609373819023,2694.9,1920.7007843935296,362.4965494791668,0.1587670693642192,2,342.4965494791668,-2.54885274671409,1
R001648,A,2,S005>S006,2283.1973338726966,3.007640524103646,9699.4,1918.7985777624224,364.3987561102739,0.1596002021832211,2,344.3987561102739,-2.549050034207454,1
R001649,A,2,S006>S005,2283.1973338726966,2.9935686111350197,9081.9,1920.7007843935296,362.4965494791668,0.1587670693642192,2,342.4965494791668,-2.54885274671409,1
R001650,A,2,S005>S006,2283.1973338726966,2.89934086541952,1694.3,1918.7985777624224,364.3987561102739,0.1596002021832211,2,344.3987561102739,-2.549050034207454,1
R001651,A,2,S006>S005,2283.1973338726966,2.948153168655462,2694.9,1920.7007843935296,362.4965494791668,0.1587670693642192,2,342.4965494791668,-2.54885274671409,1
R001652,A,2,S005>S006,2283.1973338726966,2.835686169979523,9699.4,1918.7985777624224,364.3987561102739,0.1596002021832211,2,344.3987561102739,-2.549050034207454,1
R001653,A,2,S006>S005,2283.1973338726966,2.7986187130309887,9081.9,1920.7007843935296,362.4965494791668,0.1587670693642192,2,342.4965494791668,-2.54885274671409,1
R001654,A,2,S005>S006,2283.1973338726966,2.8698027841958123,9699.4,1918.7985777624224,364.3987561102739,0.1596002021832211,2,344.3987561102739,-2.549050034207454,1
R001655,A,2,S006>S005,2283.1973338726966,2.8100659769583216,9081.9,1920.7007843935296,362.4965494791668,0.1587670693642192,2,342.4965494791668,-2.54885274671409,1
R001657,A,2,S006>S005,2283.1973338726966,2.852310143022531,2694.9,1920.7007843935296,362.4965494791668,0.1587670693642192,2,342.4965494791668,-2.54885274671409,1
R001659,A,2,S006>S005,2283.1973338726966,2.7838480354947737,2694.9,1920.7007843935296,362.4965494791668,0.1587670693642192,2,342.4965494791668,-2.54885274671409,1
R001660,A,2,S005>S006,2343.1973338726966,2.888592900175873,1634.3,1978.7985777624224,364.3987561102739,0.1555134733394465,2,344.3987561102739,-2.549050034207454,1
R001661,A,2,S006>S005,2343.1973338726966,2.8162694888436213,2634.9,1980.7007843935296,362.4965494791668,0.1547016737510767,2,342.4965494791668,-2.54885274671409,1
R001662,A,2,S005>S006,2343.1973338726966,2.9296467369952213,1634.3,1978.7985777624224,364.3987561102739,0.1555134733394465,2,344.3987561102739,-2.549050034207454,1
R001663,A,2,S006>S005,2343.1973338726966,2.829657865162739,2634.9,1980.7007843935296,362.4965494791668,0.1547016737510767,2,342.4965494791668,-2.54885274671409,1
R001664,A,2,S005>S006,2343.1973338726966,3.0821805490397427,1634.3,1978.7985777624224,364.3987561102739,0.1555134733394465,2,344.3987561102739,-2.549050034207454,1
R001665,A,2,S006>S005,2343.1973338726966,2.8783178734716603,2634.9,1980.7007843935296,362.4965494791668,0.1547016737510767,2,342.4965494791668,-2.54885274671409,1
R001666,A,2,S005>S006,2343.1973338726966,2.843028741025133,1634.3,1948.7985777624224,394.3987561102739,0.1683164923452841,2,374.3987561102739,-2.549050034207454,1
R001667,A,2,S006>S005,2343.1973338726966,2.859113189661028,2664.9,1950.7007843935296,392.4965494791668,0.1675046927569143,2,372.4965494791668,-2.54885274671409,1
R001668,A,2,S005>S006,2343.1973338726966,2.8638403522521747,1634.3,1948.7985777624224,394.3987561102739,0.1683164923452841,2,374.3987561102739,-2.549050034207454,1
R001669,A,2,S006>S005,2343.1973338726966,2.891836972128008,2664.9,1950.7007843935296,392.4965494791668,0.1675046927569143,2,372.4965494791668,-2.54885274671409,1
R001670,A,2,S005>S006,2343.1973338726966,2.9404341138567567,1634.3,1948.7985777624224,394.3987561102739,0.1683164923452841,2,374.3987561102739,-2.549050034207454,1
R001671,A,2,S006>S005,2343.1973338726966,3.013716572543536,2664.9,1950.7007843935296,392.4965494791668,0.1675046927569143,2,372.4965494791668,-2.54885274671409,1
R001679,A,2,S007>S005,2432.411091307195,2.8995392367680406,2488.7,1500.3246488543227,932.0864424528723,0.3831944549931987,2,589.4236820362056,-2.5488776518370173,1
R001680,A,2,S005>S007,2432.411091307195,3.0428710910251744,9699.4,1515.1473115934973,917.2637797136978,0.377100640180338,2,572.8650236034239,-2.549050034207454,1
R001684,A,2,S005>S007,2432.411091307195,2.8736343751561595,9699.4,1515.1473115934973,917.2637797136978,0.377100640180338,2,572.8650236034239,-2.549050034207454,1
R001685,A,2,S007>S005,2432.411091307195,2.855056471674492,8932.7,1500.3246488543227,932.0864424528723,0.3831944549931987,2,589.4236820362056,-2.5488776518370173,1
R001686,A,2,S005>S007,2432.411091307195,2.90503335111734,9699.4,1515.1473115934973,917.2637797136978,0.377100640180338,2,572.8650236034239,-2.549050034207454,1
R001689,A,2,S007>S005,2432.411091307195,2.9329283212187907,2488.7,1500.3246488543227,932.0864424528723,0.3831944549931987,2,589.4236820362056,-2.5488776518370173,1
R001691,A,2,S007>S005,2432.411091307195,2.8334991128732114,2488.7,1500.3246488543227,932.0864424528723,0.3831944549931987,2,589.4236820362056,-2.5488776518370173,1
R001705,A,2,S008>S005,2438.1095066825583,3.1774937111837174,5861.7,1307.03638727581,1131.0731194067482,0.4639139941444861,2,788.5546216853937,-6.237413833707706,1
R001708,A,2,S005>S008,2438.1095066825583,3.3524073943407995,5569.8,1320.1091944392997,1118.0003122432586,0.4585521319608316,2,776.3391659962658,-6.237413833707706,1
R001709,A,2,S008>S005,2438.1095066825583,3.4204335324812205,5861.7,1307.03638727581,1131.0731194067482,0.4639139941444861,2,788.5546216853937,-6.237413833707706,1
R001711,A,2,S008>S005,2438.1095066825583,3.2120544782156504,5861.7,1307.03638727581,1131.0731194067482,0.4639139941444861,2,788.5546216853937,-6.237413833707706,1
R001712,A,2,S005>S008,2438.1095066825583,3.318927803831629,9699.4,1320.1091944392997,1118.0003122432586,0.4585521319608316,2,776.3391659962658,-6.237413833707706,1
R001713,A,2,S008>S005,2438.1095066825583,3.4521895604903907,8927.0,1307.03638727581,1131.0731194067482,0.4639139941444861,2,788.5546216853937,-6.237413833707706,1
R001716,A,2,S005>S008,2438.1095066825583,3.154817027479936,9699.4,1320.1091944392997,1118.0003122432586,0.4585521319608316,2,776.3391659962658,-6.237413833707706,1
R001717,A,2,S008>S005,2438.1095066825583,3.167793170397848,8927.0,1307.03638727581,1131.0731194067482,0.4639139941444861,2,788.5546216853937,-6.237413833707706,1
R001718,A,2,S005>S008,2438.1095066825583,3.181090063923795,9699.4,1320.1091944392997,1118.0003122432586,0.4585521319608316,2,776.3391659962658,-6.237413833707706,1
R001719,A,2,S008>S005,2438.1095066825583,3.194231663912828,8927.0,1307.03638727581,1131.0731194067482,0.4639139941444861,2,788.5546216853937,-6.237413833707706,1
R001720,A,2,S005>S008,2438.1095066825583,3.2804697446913647,5569.8,1320.1091944392997,1118.0003122432586,0.4585521319608316,2,776.3391659962658,-6.237413833707706,1
R001721,A,2,S008>S005,2438.1095066825583,3.2936928286203746,5861.7,1307.03638727581,1131.0731194067482,0.4639139941444861,2,788.5546216853937,-6.237413833707706,1
R001722,A,2,S005>S008,2438.1095066825583,3.121890931044226,5569.8,1320.1091944392997,1118.0003122432586,0.4585521319608316,2,776.3391659962658,-6.237413833707706,1
R001723,A,2,S008>S005,2438.1095066825583,3.1342543558013767,5861.7,1307.03638727581,1131.0731194067482,0.4639139941444861,2,788.5546216853937,-6.237413833707706,1
R001736,A,2,S005>S009,2174.894023856222,2.630472491228152,9189.3,1219.337901892261,955.5561219639608,0.4393575555785935,2,614.9696318855881,-3.212377640721556,1
R001737,A,2,S009>S005,2174.894023856222,2.641355553438105,9702.6,1216.963107234143,957.9309166220788,0.4404494683946061,2,616.7020063030684,-3.212377640721556,1
R001741,A,2,S009>S005,2174.894023856222,2.8141232184210705,9702.6,1216.963107234143,957.9309166220788,0.4404494683946061,2,616.7020063030684,-3.212377640721556,1
R001743,A,2,S009>S005,2174.894023856222,2.667387269325993,9702.6,1216.963107234143,957.9309166220788,0.4404494683946061,2,616.7020063030684,-3.212377640721556,1
R001744,A,2,S005>S009,2174.894023856222,2.8029722672539483,9699.4,1219.337901892261,955.5561219639608,0.4393575555785935,2,614.9696318855881,-3.212377640721556,1
R001745,A,2,S009>S005,2174.894023856222,2.842831873787179,9190.2,1216.963107234143,957.9309166220788,0.4404494683946061,2,616.7020063030684,-3.212377640721556,1
R001748,A,2,S005>S009,2174.894023856222,2.665134527346114,9699.4,1219.337901892261,955.5561219639608,0.4393575555785935,2,614.9696318855881,-3.212377640721556,1
R001758,A,2,S005>S009,2234.894023856222,2.6576366991857374,9129.3,1249.337901892261,985.5561219639608,0.4409856178609411,2,614.9696318855881,-3.212377640721556,1
R001759,A,2,S009>S005,2234.894023856222,2.6816690469887203,9130.2,1246.963107234143,987.9309166220788,0.442048216191228,2,616.7020063030684,-3.212377640721556,1
R001772,A,2,S005>S010,2496.7167287043526,3.3635995681987896,9699.4,1727.9987720215331,768.7179566828194,0.3078915392543303,2,424.3192005725455,-2.549050034207454,1
R001776,A,2,S005>S010,2496.7167287043526,3.225761828290955,9699.4,1727.9987720215331,768.7179566828194,0.3078915392543303,2,424.3192005725455,-2.549050034207454,1
R001779,A,2,S010>S005,2496.716728704352,3.246439649303116,2525.5,1724.4499863052151,772.266742399137,0.3093129202526302,2,430.00180913090776,-2.548818129849124,1
R001792,A,2,S005>S011,1949.6423614464868,2.1386985334906496,9179.9,1514.393965443635,435.248396002852,0.2232452498005484,2,345.248396002852,-2.549206206331945,1
R001793,A,2,S011>S005,1949.6423614464863,2.1267377111176944,9936.0,1514.8191640181012,434.82319742838536,0.2230271592507764,2,344.82319742838536,-2.549206206331945,1
R001794,A,2,S005>S011,1949.6423614464868,2.2274092600799777,,1514.393965443635,435.248396002852,0.2232452498005484,2,345.248396002852,-2.549206206331945,1
R001795,A,2,S011>S005,1949.6423614464863,2.1739852082894893,,1514.8191640181012,434.82319742838536,0.2230271592507764,2,344.82319742838536,-2.549206206331945,1
R001796,A,2,S005>S011,1949.6423614464868,2.342535056363188,9179.9,1514.393965443635,435.248396002852,0.2232452498005484,2,345.248396002852,-2.549206206331945,1
R001797,A,2,S011>S005,1949.6423614464863,2.220220472457377,9936.0,1514.8191640181012,434.82319742838536,0.2230271592507764,2,344.82319742838536,-2.549206206331945,1
R001798,A,2,S005>S011,1949.6423614464868,2.1562747755842224,9179.9,1514.393965443635,435.248396002852,0.2232452498005484,2,345.248396002852,-2.549206206331945,1
R001799,A,2,S011>S005,1949.6423614464863,2.1443978882202184,9936.0,1514.8191640181012,434.82319742838536,0.2230271592507764,2,344.82319742838536,-2.549206206331945,1
R001800,A,2,S005>S011,1949.6423614464868,2.311773163212898,9699.4,1514.393965443635,435.248396002852,0.2232452498005484,2,345.248396002852,-2.549206206331945,1
R001801,A,2,S011>S005,1949.6423614464863,2.2505940531076667,9415.5,1514.8191640181012,434.82319742838536,0.2230271592507764,2,344.82319742838536,-2.549206206331945,1
R001802,A,2,S005>S011,1949.6423614464868,2.222174865842621,9179.9,1514.393965443635,435.248396002852,0.2232452498005484,2,345.248396002852,-2.549206206331945,1
R001803,A,2,S011>S005,1949.6423614464863,2.211196253069311,9415.5,1514.8191640181012,434.82319742838536,0.2230271592507764,2,344.82319742838536,-2.549206206331945,1
R001804,A,2,S005>S011,1949.6423614464868,2.173935423305064,9699.4,1514.393965443635,435.248396002852,0.2232452498005484,2,345.248396002852,-2.549206206331945,1
R001805,A,2,S011>S005,1949.6423614464863,2.1270608342493773,9415.5,1514.8191640181012,434.82319742838536,0.2230271592507764,2,344.82319742838536,-2.549206206331945,1
R001807,A,2,S011>S005,1949.6423614464863,2.1634856184481803,9415.5,1514.8191640181012,434.82319742838536,0.2230271592507764,2,344.82319742838536,-2.549206206331945,1
R001808,A,2,S005>S011,1949.6423614464868,2.116334759090809,9179.9,1514.393965443635,435.248396002852,0.2232452498005484,2,345.248396002852,-2.549206206331945,1
R001809,A,2,S011>S005,1949.6423614464863,2.104664513876603,9415.5,1514.8191640181012,434.82319742838536,0.2230271592507764,2,344.82319742838536,-2.549206206331945,1
R001811,A,2,S011>S005,2009.6423614464863,2.1439180720385584,9355.5,1574.8191640181012,434.82319742838536,0.2163684473268225,2,344.82319742838536,-2.549206206331945,1
R001814,A,2,S005>S011,2009.6423614464868,2.165862741448235,9119.9,1544.393965443635,465.248396002852,0.231508055825405,2,375.248396002852,-2.549206206331945,1
R001815,A,2,S011>S005,2009.6423614464863,2.1540810141933826,9355.5,1544.8191640181012,464.82319742838536,0.2312964765998553,2,374.82319742838536,-2.549206206331945,1
R001816,A,2,S005>S011,2009.6423614464868,2.1866743526752765,9119.9,1544.393965443635,465.248396002852,0.231508055825405,2,375.248396002852,-2.549206206331945,1
R001817,A,2,S011>S005,2009.6423614464863,2.1751605206050253,9355.5,1544.8191640181012,464.82319742838536,0.2312964765998553,2,374.82319742838536,-2.549206206331945,1
R001818,A,2,S005>S011,2009.6423614464868,2.2632681142798585,9119.9,1544.393965443635,465.248396002852,0.231508055825405,2,375.248396002852,-2.549206206331945,1
R001819,A,2,S011>S005,2009.6423614464863,2.252909689750393,9355.5,1544.8191640181012,464.82319742838536,0.2312964765998553,2,374.82319742838536,-2.549206206331945,1
R001821,A,2,S012>S005,2613.395458112008,3.5252676945332864,2294.9,1256.519087734623,1356.8763703773848,0.5192005542695904,2,1015.6474600583748,-5.4426206856221455,1
R001824,A,2,S012>S005,2613.395458112008,3.5641136330999457,2294.9,1256.519087734623,1356.8763703773848,0.5192005542695904,2,1015.6474600583748,-5.4426206856221455,1
R001826,A,2,S005>S012,2613.395458112008,3.5396709917679927,9699.4,1267.0139726838274,1346.3814854281804,0.5151847498812312,2,1005.7949953498076,-5.4426206856221455,1
R001827,A,2,S012>S005,2613.395458112008,3.5330440449631046,8751.7,1256.519087734623,1356.8763703773848,0.5192005542695904,2,1015.6474600583748,-5.4426206856221455,1
R001843,A,2,S005>S013,2312.560619041485,3.124448791582264,9699.4,1348.8880509327946,963.6725681086906,0.4167123491483287,6,429.4589926624792,-2.549050034207454,1
R001847,A,2,S005>S013,2312.560619041485,2.986611051674429,9699.4,1348.8880509327946,963.6725681086906,0.4167123491483287,6,429.4589926624792,-2.549050034207454,1
R001868,A,2,S015>S005,2503.6193687528475,3.18433065361148,9571.5,1561.8207831550624,941.7985855977852,0.3761748280717817,2,598.5496191264308,-3.671366013578563,1
R001871,A,2,S005>S015,2503.6193687528475,3.1468361237777858,9699.4,1556.6732486837222,946.9461200691254,0.3782308652376487,2,602.5473639588515,-3.671366013578563,1
R001875,A,2,S005>S015,2503.6193687528475,3.008998383869951,9699.4,1556.6732486837222,946.9461200691254,0.3782308652376487,2,602.5473639588515,-3.671366013578563,1
R001891,A,2,S006>S007,2069.3954208579034,2.062012988598818,2116.6,1638.4523407583715,430.9430800995317,0.208245884646288,2,371.2355895996093,-1.2202135831403211,1
R001903,A,2,S006>S007,2069.3954208579034,2.07225237723474,2694.9,1638.4523407583715,430.9430800995317,0.208245884646288,2,371.2355895996093,-1.2202135831403211,1
R001904,A,2,S007>S006,2069.3954208579034,2.0775935004077333,1908.1,1636.1876812045102,433.2077396533931,0.209340242704219,2,373.2077396533931,-1.2190225456925816,1
R001908,A,2,S007>S006,2069.3954208579034,2.155465349952032,1908.1,1636.1876812045102,433.2077396533931,0.209340242704219,2,373.2077396533931,-1.2190225456925816,1
R001917,A,2,S006>S007,2129.3954208579034,2.0796637644114506,2056.6,1698.4523407583715,430.9430800995317,0.2023781378875656,2,371.2355895996093,-1.2202135831403211,1
R001923,A,2,S006>S009,2378.867777588821,3.1311047723167853,8985.3,1863.5955270857808,515.2722505030397,0.2166039892411804,1,515.2722505030397,-3.214050195268925,1
R001924,A,2,S009>S006,2378.867777588821,3.1737633051555543,9702.6,1872.9964088996849,505.871368689136,0.2126521589198532,1,505.871368689136,-3.214050195268925,1
R001925,A,2,S006>S009,2378.867777588821,3.2186573014497704,,1863.5955270857808,515.2722505030397,0.2166039892411804,1,515.2722505030397,-3.214050195268925,1
R001926,A,2,S009>S006,2378.867777588821,3.2690042778205948,,1872.9964088996849,505.871368689136,0.2126521589198532,1,505.871368689136,-3.214050195268925,1
R001927,A,2,S006>S009,2378.867777588821,3.3482182932490976,8985.3,1863.5955270857808,515.2722505030397,0.2166039892411804,1,515.2722505030397,-3.214050195268925,1
R001928,A,2,S009>S006,2378.867777588821,3.358950062031677,9702.6,1872.9964088996849,505.871368689136,0.2126521589198532,1,505.871368689136,-3.214050195268925,1
R001930,A,2,S009>S006,2378.867777588821,3.212214112936599,9702.6,1872.9964088996849,505.871368689136,0.2126521589198532,1,505.871368689136,-3.214050195268925,1
R001931,A,2,S006>S009,2378.867777588821,3.2719791326865773,2694.9,1863.5955270857808,515.2722505030397,0.2166039892411804,1,515.2722505030397,-3.214050195268925,1
R001932,A,2,S009>S006,2378.867777588821,3.4371148892608643,1598.7,1872.9964088996849,505.871368689136,0.2126521589198532,1,505.871368689136,-3.214050195268925,1
R001934,A,2,S009>S006,2378.867777588821,3.360395999606432,1598.7,1872.9964088996849,505.871368689136,0.2126521589198532,1,505.871368689136,-3.214050195268925,1
R001935,A,2,S006>S009,2378.867777588821,3.184319524142811,2694.9,1863.5955270857808,515.2722505030397,0.2166039892411804,1,515.2722505030397,-3.214050195268925,1
R001936,A,2,S009>S006,2378.867777588821,3.168841902815684,1598.7,1872.9964088996849,505.871368689136,0.2126521589198532,1,505.871368689136,-3.214050195268925,1
R001937,A,2,S006>S009,2378.867777588821,3.30280285076954,2694.9,1863.5955270857808,515.2722505030397,0.2166039892411804,1,515.2722505030397,-3.214050195268925,1
R001938,A,2,S009>S006,2378.867777588821,3.2388589622563293,1598.7,1872.9964088996849,505.871368689136,0.2126521589198532,1,505.871368689136,-3.214050195268925,1
R001940,A,2,S009>S006,2378.867777588821,3.1266593263705182,1598.7,1872.9964088996849,505.871368689136,0.2126521589198532,1,505.871368689136,-3.214050195268925,1
R001941,A,2,S006>S009,2438.867777588821,3.238533520300134,2664.9,1893.5955270857808,545.2722505030397,0.2235759787855828,1,545.2722505030397,-3.214050195268925,1
R001942,A,2,S009>S006,2438.867777588821,3.201097611333073,1538.6999999999998,1902.9964088996849,535.871368689136,0.2197213697328535,1,535.871368689136,-3.214050195268925,1
R001943,A,2,S006>S009,2438.867777588821,3.377813687886687,2664.9,1893.5955270857808,545.2722505030397,0.2235759787855828,1,545.2722505030397,-3.214050195268925,1
R001944,A,2,S009>S006,2438.867777588821,3.2826567739401598,1538.6999999999998,1902.9964088996849,535.871368689136,0.2197213697328535,1,535.871368689136,-3.214050195268925,1
R001945,A,2,S006>S009,2438.867777588821,3.1487555481294174,2634.9,1923.5955270857808,515.2722505030397,0.2112751889372461,1,515.2722505030397,-3.214050195268925,1
R001946,A,2,S009>S006,2438.867777588821,3.2334711549381048,1538.6999999999998,1932.9964088996849,505.871368689136,0.2074205798845168,1,505.871368689136,-3.214050195268925,1
R001947,A,2,S006>S009,2438.867777588821,3.162143924448535,2634.9,1923.5955270857808,515.2722505030397,0.2112751889372461,1,515.2722505030397,-3.214050195268925,1
R001948,A,2,S009>S006,2438.867777588821,3.2800547627402272,1538.6999999999998,1932.9964088996849,505.871368689136,0.2074205798845168,1,505.871368689136,-3.214050195268925,1
R001949,A,2,S006>S009,2438.867777588821,3.2108039327574565,2634.9,1923.5955270857808,515.2722505030397,0.2112751889372461,1,515.2722505030397,-3.214050195268925,1
R001950,A,2,S009>S006,2438.867777588821,3.454159751291612,1538.6999999999998,1932.9964088996849,505.871368689136,0.2074205798845168,1,505.871368689136,-3.214050195268925,1
R001952,A,2,S010>S006,2365.715882853336,3.058687739458973,2525.5,1986.690900708105,379.0249821452308,0.1602157659304723,1,379.0249821452308,-1.6556759388739977,1
R001953,A,2,S006>S010,2365.715882853336,3.110049229953808,,1985.9224738752096,379.7934089781261,0.160540583816874,1,379.7934089781261,-1.6556759388739977,1
R001954,A,2,S010>S006,2365.715882853336,3.1459482768015867,,1986.690900708105,379.0249821452308,0.1602157659304723,1,379.0249821452308,-1.6556759388739977,1
R001955,A,2,S006>S010,2365.715882853336,3.242822618937788,1783.7,1985.9224738752096,379.7934089781261,0.160540583816874,1,379.7934089781261,-1.6556759388739977,1
R001956,A,2,S010>S006,2365.715882853336,3.224907089246946,2525.5,1986.690900708105,379.0249821452308,0.1602157659304723,1,379.0249821452308,-1.6556759388739977,1
R001958,A,2,S010>S006,2365.715882853336,3.0953167592278774,2525.5,1986.690900708105,379.0249821452308,0.1602157659304723,1,379.0249821452308,-1.6556759388739977,1
R001959,A,2,S006>S010,2365.715882853336,3.1633710611906145,2694.9,1985.9224738752096,379.7934089781261,0.160540583816874,1,379.7934089781261,-1.6556759388739977,1
R001960,A,2,S010>S006,2365.715882853336,3.303522980327452,1611.8,1986.690900708105,379.0249821452308,0.1602157659304723,1,379.0249821452308,-1.6556759388739977,1
R001961,A,2,S006>S010,2365.715882853336,3.0741699276623407,1783.7,1985.9224738752096,379.7934089781261,0.160540583816874,1,379.7934089781261,-1.6556759388739977,1
R001962,A,2,S010>S006,2365.715882853336,3.236250971395114,1611.8,1986.690900708105,379.0249821452308,0.1602157659304723,1,379.0249821452308,-1.6556759388739977,1
R001963,A,2,S006>S010,2365.715882853336,3.075711452646848,2694.9,1985.9224738752096,379.7934089781261,0.160540583816874,1,379.7934089781261,-1.6556759388739977,1
R001964,A,2,S010>S006,2365.715882853336,3.052227457068049,1611.8,1986.690900708105,379.0249821452308,0.1602157659304723,1,379.0249821452308,-1.6556759388739977,1
R001965,A,2,S006>S010,2365.715882853336,3.19740717645823,1783.7,1985.9224738752096,379.7934089781261,0.160540583816874,1,379.7934089781261,-1.6556759388739977,1
R001966,A,2,S010>S006,2365.715882853336,3.1145457781547803,1611.8,1986.690900708105,379.0249821452308,0.1602157659304723,1,379.0249821452308,-1.6556759388739977,1
R001968,A,2,S010>S006,2365.715882853336,3.0137932803672154,1611.8,1986.690900708105,379.0249821452308,0.1602157659304723,1,379.0249821452308,-1.6556759388739977,1
R001969,A,2,S006>S010,2425.715882853336,3.131425784768352,1723.7,2015.9224738752096,409.7934089781261,0.1689371009502117,1,409.7934089781261,-1.6556759388739977,1
R001970,A,2,S010>S006,2425.715882853336,3.0810880110539483,1551.8000000000002,2016.690900708105,409.0249821452308,0.1686203174232014,1,409.0249821452308,-1.6556759388739977,1
R001971,A,2,S006>S010,2425.715882853336,3.274353638278512,1723.7,2015.9224738752096,409.7934089781261,0.1689371009502117,1,409.7934089781261,-1.6556759388739977,1
R001972,A,2,S010>S006,2425.715882853336,3.1530439918612085,1551.8000000000002,2016.690900708105,409.0249821452308,0.1686203174232014,1,409.0249821452308,-1.6556759388739977,1
R001973,A,2,S006>S010,2425.715882853336,3.03812927348343,1723.7,2045.9224738752096,379.7934089781261,0.1565696179271335,1,379.7934089781261,-1.6556759388739977,1
R001974,A,2,S010>S006,2425.715882853336,3.115555825807826,1551.8000000000002,2046.690900708105,379.0249821452308,0.1562528344001231,1,379.0249821452308,-1.6556759388739977,1
R001975,A,2,S006>S010,2425.715882853336,3.051517649802548,1723.7,2045.9224738752096,379.7934089781261,0.1565696179271335,1,379.7934089781261,-1.6556759388739977,1
R001976,A,2,S010>S006,2425.715882853336,3.159881923797529,1551.8000000000002,2046.690900708105,379.0249821452308,0.1562528344001231,1,379.0249821452308,-1.6556759388739977,1
R001977,A,2,S006>S010,2425.715882853336,3.1001776581114697,1723.7,2045.9224738752096,379.7934089781261,0.1565696179271335,1,379.7934089781261,-1.6556759388739977,1
R001978,A,2,S010>S006,2425.715882853336,3.325270083139362,1551.8000000000002,2046.690900708105,379.0249821452308,0.1562528344001231,1,379.0249821452308,-1.6556759388739977,1
R001979,A,2,S006>S011,1803.2371837537848,1.8426002531397008,9326.3,1803.2371837537848,0.0,0.0,0,0.0,1.8670874984587729,0
R001980,A,2,S011>S006,1803.2371837537848,1.850191162628196,9936.0,1803.2371837537848,0.0,0.0,0,0.0,1.8670874984587729,0
R001981,A,2,S006>S011,1803.2371837537848,1.907949803963496,,1803.2371837537848,0.0,0.0,0,0.0,1.8670874984587729,0
R001982,A,2,S011>S006,1803.2371837537848,1.8993036584548717,,1803.2371837537848,0.0,0.0,0,0.0,1.8670874984587729,0
R001983,A,2,S006>S011,1803.2371837537848,1.9963710635805048,9326.3,1803.2371837537848,0.0,0.0,0,0.0,1.8670874984587729,0
R001984,A,2,S011>S006,1803.2371837537848,1.945538922622759,9936.0,1803.2371837537848,0.0,0.0,0,0.0,1.8670874984587729,0
R001985,A,2,S006>S011,1803.2371837537848,1.8540475170670336,9326.3,1803.2371837537848,0.0,0.0,0,0.0,1.8670874984587729,0
R001986,A,2,S011>S006,1803.2371837537848,1.8697163383856008,9936.0,1803.2371837537848,0.0,0.0,0,0.0,1.8670874984587729,0
R001987,A,2,S006>S011,1803.2371837537848,1.9612716352003023,2694.9,1803.2371837537848,0.0,0.0,0,0.0,1.8670874984587729,0
R001988,A,2,S011>S006,1803.2371837537848,1.9829704968362956,2174.3,1803.2371837537848,0.0,0.0,0,0.0,1.8670874984587729,0
R001989,A,2,S006>S011,1803.2371837537848,1.8962916831312429,2694.9,1803.2371837537848,0.0,0.0,0,0.0,1.8670874984587729,0
R001990,A,2,S011>S006,1803.2371837537848,1.94357269679794,2174.3,1803.2371837537848,0.0,0.0,0,0.0,1.8670874984587729,0
R001991,A,2,S006>S011,1803.2371837537848,1.873612026656536,2694.9,1803.2371837537848,0.0,0.0,0,0.0,1.8670874984587729,0
R001992,A,2,S011>S006,1803.2371837537848,1.8482083739349868,2174.3,1803.2371837537848,0.0,0.0,0,0.0,1.8670874984587729,0
R001995,A,2,S006>S011,1803.2371837537848,1.8278295756034857,2694.9,1803.2371837537848,0.0,0.0,0,0.0,1.8670874984587729,0
R001996,A,2,S011>S006,1803.2371837537848,1.8258120535622129,2174.3,1803.2371837537848,0.0,0.0,0,0.0,1.8670874984587729,0
R002001,A,2,S006>S011,1863.2371837537848,1.8602510289523329,2634.9,1863.2371837537848,0.0,0.0,0,0.0,1.8670874984587729,0
R002002,A,2,S011>S006,1863.2371837537848,1.8804237952873704,2114.3,1863.2371837537848,0.0,0.0,0,0.0,1.8670874984587729,0
R002003,A,2,S006>S011,1863.2371837537848,1.8736394052714505,2634.9,1863.2371837537848,0.0,0.0,0,0.0,1.8670874984587729,0
R002004,A,2,S011>S006,1863.2371837537848,1.903733064563074,2114.3,1863.2371837537848,0.0,0.0,0,0.0,1.8670874984587729,0
R002005,A,2,S006>S011,1863.2371837537848,1.922299413580372,2634.9,1863.2371837537848,0.0,0.0,0,0.0,1.8670874984587729,0
R002007,A,2,S006>S013,2304.904741473189,2.9882101243713657,1823.6,1954.1788894238407,350.72585204934785,0.1521650095722307,1,350.72585204934785,-1.7783987710747056,1
R002009,A,2,S006>S013,2304.904741473189,3.0763345441454177,,1954.1788894238407,350.72585204934785,0.1521650095722307,1,350.72585204934785,-1.7783987710747056,1
R002010,A,2,S013>S006,2304.904741473189,3.1114659438439736,,1947.6966771126604,357.2080643605286,0.1549773654126016,1,357.2080643605286,-1.7783987710747056,1
R002011,A,2,S006>S013,2304.904741473189,3.2069142293050525,1823.6,1954.1788894238407,350.72585204934785,0.1521650095722307,1,350.72585204934785,-1.7783987710747056,1
R002012,A,2,S013>S006,2304.904741473189,3.190655193949681,2546.5,1947.6966771126604,357.2080643605286,0.1549773654126016,1,357.2080643605286,-1.7783987710747056,1
R002013,A,2,S006>S013,2304.904741473189,2.9996573882986985,1823.6,1954.1788894238407,350.72585204934785,0.1521650095722307,1,350.72585204934785,-1.7783987710747056,1
R002014,A,2,S013>S006,2304.904741473189,3.0608654333111334,2546.5,1947.6966771126604,357.2080643605286,0.1549773654126016,1,357.2080643605286,-1.7783987710747056,1
R002015,A,2,S006>S013,2304.904741473189,3.1296563753822246,2694.9,1954.1788894238407,350.72585204934785,0.1521650095722307,1,350.72585204934785,-1.7783987710747056,1
R002016,A,2,S013>S006,2304.904741473189,3.2670751103725086,1672.6,1947.6966771126604,357.2080643605286,0.1549773654126016,1,357.2080643605286,-1.7783987710747056,1
R002017,A,2,S006>S013,2304.904741473189,3.041901554362908,1823.6,1954.1788894238407,350.72585204934785,0.1521650095722307,1,350.72585204934785,-1.7783987710747056,1
R002019,A,2,S006>S013,2304.904741473189,3.041996766838458,2694.9,1954.1788894238407,350.72585204934785,0.1521650095722307,1,350.72585204934785,-1.7783987710747056,1
R002020,A,2,S013>S006,2304.904741473189,3.0192243360213737,1672.6,1947.6966771126604,357.2080643605286,0.1549773654126016,1,357.2080643605286,-1.7783987710747056,1
R002021,A,2,S006>S013,2304.904741473189,3.161498786825496,1823.6,1954.1788894238407,350.72585204934785,0.1521650095722307,1,350.72585204934785,-1.7783987710747056,1
R002022,A,2,S013>S006,2304.904741473189,3.081528395857104,1672.6,1947.6966771126604,357.2080643605286,0.1549773654126016,1,357.2080643605286,-1.7783987710747056,1
R002023,A,2,S006>S013,2304.904741473189,2.9734394468351506,1823.6,1954.1788894238407,350.72585204934785,0.1521650095722307,1,350.72585204934785,-1.7783987710747056,1
R002025,A,2,S006>S013,2364.904741473189,3.0966755948580107,1763.6,1984.1788894238407,380.7258520493479,0.1609899313797219,1,380.7258520493479,-1.7783987710747056,1
R002026,A,2,S013>S006,2364.904741473189,3.0480439583052235,1612.6,1977.6966771126604,387.2080643605286,0.1637309349379214,1,387.2080643605286,-1.7783987710747056,1
R002027,A,2,S006>S013,2364.904741473189,3.237157493004104,1763.6,1984.1788894238407,380.7258520493479,0.1609899313797219,1,380.7258520493479,-1.7783987710747056,1
R002028,A,2,S013>S006,2364.904741473189,3.1201273999291037,1612.6,1977.6966771126604,387.2080643605286,0.1637309349379214,1,387.2080643605286,-1.7783987710747056,1
R002029,A,2,S006>S013,2364.904741473189,3.0058609001839978,1763.6,2014.1788894238407,350.72585204934785,0.1483044309982935,1,350.72585204934785,-1.7783987710747056,1
R002030,A,2,S013>S006,2364.904741473189,3.0807515552575406,1612.6,2007.6966771126604,357.2080643605286,0.151045434556493,1,357.2080643605286,-1.7783987710747056,1
R002031,A,2,S006>S013,2364.904741473189,3.019249276503116,1763.6,2014.1788894238407,350.72585204934785,0.1483044309982935,1,350.72585204934785,-1.7783987710747056,1
R002032,A,2,S013>S006,2364.904741473189,3.1243530266601187,1612.6,2007.6966771126604,357.2080643605286,0.151045434556493,1,357.2080643605286,-1.7783987710747056,1
R002033,A,2,S006>S013,2364.904741473189,3.0679092848120373,1763.6,2014.1788894238407,350.72585204934785,0.1483044309982935,1,350.72585204934785,-1.7783987710747056,1
R002034,A,2,S013>S006,2364.904741473189,3.28742042062117,1612.6,2007.6966771126604,357.2080643605286,0.151045434556493,1,357.2080643605286,-1.7783987710747056,1
R002035,A,2,S006>S014,2716.7824784248605,3.346012717121287,1600.1,2108.9662849749952,607.8161934498653,0.2237264846474811,1,607.8161934498653,-2.7507647795652304,1
R002036,A,2,S014>S006,2716.7824784248605,3.398571690758848,2358.0,2104.2736851798445,612.5087932450162,0.2254537483619731,1,612.5087932450162,-2.7507647795652304,1
R002037,A,2,S006>S014,2716.7824784248605,3.4424017138927656,,2108.9662849749952,607.8161934498653,0.2237264846474811,1,607.8161934498653,-2.7507647795652304,1
R002038,A,2,S014>S006,2716.7824784248605,3.5007721669057608,,2104.2736851798445,612.5087932450162,0.2254537483619731,1,612.5087932450162,-2.7507647795652304,1
R002039,A,2,S006>S014,2716.7824784248605,3.5856474140214063,1600.1,2108.9662849749952,607.8161934498653,0.2237264846474811,1,607.8161934498653,-2.7507647795652304,1
R002040,A,2,S014>S006,2716.7824784248605,3.592806013037072,2358.0,2104.2736851798445,612.5087932450162,0.2254537483619731,1,612.5087932450162,-2.7507647795652304,1
R002041,A,2,S006>S014,2716.7824784248605,3.35745998104862,1600.1,2108.9662849749952,607.8161934498653,0.2237264846474811,1,607.8161934498653,-2.7507647795652304,1
R002043,A,2,S006>S014,2716.7824784248605,3.4957235451295725,2694.9,2108.9662849749952,607.8161934498653,0.2237264846474811,1,607.8161934498653,-2.7507647795652304,1
R002044,A,2,S006>S014,2716.7824784248605,3.3997041471128284,1600.1,2108.9662849749952,607.8161934498653,0.2237264846474811,1,607.8161934498653,-2.7507647795652304,1
R002045,A,2,S006>S014,2716.7824784248605,3.4080639365858056,2694.9,2108.9662849749952,607.8161934498653,0.2237264846474811,1,607.8161934498653,-2.7507647795652304,1
R002046,A,2,S014>S006,2716.7824784248605,3.391333445623744,1260.8000000000002,2104.2736851798445,612.5087932450162,0.2254537483619731,1,612.5087932450162,-2.7507647795652304,1
R002047,A,2,S006>S014,2716.7824784248605,3.540231971541849,1600.1,2108.9662849749952,607.8161934498653,0.2237264846474811,1,607.8161934498653,-2.7507647795652304,1
R002048,A,2,S014>S006,2716.7824784248605,3.4645242549051902,1260.8000000000002,2104.2736851798445,612.5087932450162,0.2254537483619731,1,612.5087932450162,-2.7507647795652304,1
R002049,A,2,S006>S014,2716.7824784248605,3.331242039585072,1600.1,2108.9662849749952,607.8161934498653,0.2237264846474811,1,607.8161934498653,-2.7507647795652304,1
R002051,A,2,S006>S014,2776.7824784248605,3.4687077187473587,1540.1,2138.9662849749952,637.8161934498653,0.2296961315499472,1,637.8161934498653,-2.7507647795652304,1
R002052,A,2,S014>S006,2776.7824784248605,3.425325998754122,1200.8000000000002,2134.2736851798445,642.5087932450162,0.2313860729953473,1,642.5087932450162,-2.7507647795652304,1
R002053,A,2,S014>S006,2776.7824784248605,3.509430114220258,1200.8000000000002,2134.2736851798445,642.5087932450162,0.2313860729953473,1,642.5087932450162,-2.7507647795652304,1
R002054,A,2,S006>S014,2776.7824784248605,3.3636634929339198,1540.1,2168.9662849749952,607.8161934498653,0.2188922604390139,1,607.8161934498653,-2.7507647795652304,1
R002055,A,2,S014>S006,2776.7824784248605,3.464715129613978,1200.8000000000002,2164.2736851798445,612.5087932450162,0.220582201884414,1,612.5087932450162,-2.7507647795652304,1
R002056,A,2,S006>S014,2776.7824784248605,3.3770518692530365,1540.1,2168.9662849749952,607.8161934498653,0.2188922604390139,1,607.8161934498653,-2.7507647795652304,1
R002057,A,2,S014>S006,2776.7824784248605,3.51588579269289,1200.8000000000002,2164.2736851798445,612.5087932450162,0.220582201884414,1,612.5087932450162,-2.7507647795652304,1
R002058,A,2,S006>S014,2776.7824784248605,3.425711877561958,1540.1,2168.9662849749952,607.8161934498653,0.2188922604390139,1,607.8161934498653,-2.7507647795652304,1
R002060,A,2,S015>S006,2371.4947380635567,2.769050512256081,5971.5,1762.0628557535322,609.4318823100245,0.2569821777499097,1,609.4318823100245,-3.675154722543596,1
R002064,A,2,S015>S006,2371.4947380635567,2.968986208855231,9571.5,1762.0628557535322,609.4318823100245,0.2569821777499097,1,609.4318823100245,-3.675154722543596,1
R002067,A,2,S006>S015,2371.4947380635567,2.855671700843559,2694.9,1766.45604070667,605.0386973568866,0.2551296815656992,1,605.0386973568866,-3.675154722543596,1
R002069,A,2,S006>S015,2371.4947380635567,2.7791878960593874,2694.9,1766.45604070667,605.0386973568866,0.2551296815656992,1,605.0386973568866,-3.675154722543596,1
R002071,A,2,S006>S015,2371.4947380635567,2.7680120922997924,2694.9,1766.45604070667,605.0386973568866,0.2551296815656992,1,605.0386973568866,-3.675154722543596,1
R002073,A,2,S006>S015,2371.4947380635567,2.863537471978882,2694.9,1766.45604070667,605.0386973568866,0.2551296815656992,1,605.0386973568866,-3.675154722543596,1
R002075,A,2,S006>S015,2371.4947380635567,2.7107257885316303,2694.9,1766.45604070667,605.0386973568866,0.2551296815656992,1,605.0386973568866,-3.675154722543596,1
R002088,A,2,S007>S009,2566.0508800906346,3.3007799949206897,8798.1,1641.1919973512454,924.8588827393892,0.3604211007330932,2,481.69420338873033,-3.219817883004424,1
R002089,A,2,S009>S007,2566.0508800906346,3.3265487380251875,9702.6,1646.7040437712317,919.3468363194032,0.3582730348226498,2,481.63787869890166,-3.219817883004424,1
R002093,A,2,S009>S007,2566.0508800906346,3.510442297469554,9702.6,1646.7040437712317,919.3468363194032,0.3582730348226498,2,481.63787869890166,-3.219817883004424,1
R002095,A,2,S009>S007,2566.0508800906346,3.3637063483744765,9702.6,1646.7040437712317,919.3468363194032,0.3582730348226498,2,481.63787869890166,-3.219817883004424,1
R002117,A,2,S010>S007,2619.874508426268,3.457807246254096,2525.5,1864.173251534904,755.701256891364,0.2884494102525949,2,390.2672713704912,-1.6558195701998244,1
R002136,A,2,S007>S011,1977.7318095023973,2.035618120347617,9151.8,1584.2989518477025,393.4328576546951,0.1989313494197597,1,393.4328576546951,-1.2114589415920705,1
R002137,A,2,S011>S007,1977.7318095023973,2.0264104290153035,9936.0,1601.173797755269,376.5580117471284,0.1903989256469871,1,376.5580117471284,-1.2114589415920705,1
R002139,A,2,S011>S007,1977.7318095023973,2.074392267543854,,1601.173797755269,376.5580117471284,0.1903989256469871,1,376.5580117471284,-1.2114589415920705,1
R002140,A,2,S007>S011,1977.7318095023973,2.2251591062513336,9151.8,1584.2989518477025,393.4328576546951,0.1989313494197597,1,393.4328576546951,-1.2114589415920705,1
R002141,A,2,S011>S007,1977.7318095023973,2.1206275317117416,9936.0,1601.173797755269,376.5580117471284,0.1903989256469871,1,376.5580117471284,-1.2114589415920705,1
R002142,A,2,S007>S011,1977.7318095023973,2.052270330625089,9151.8,1584.2989518477025,393.4328576546951,0.1989313494197597,1,393.4328576546951,-1.2114589415920705,1
R002143,A,2,S011>S007,1977.7318095023973,2.0448049474745837,9936.0,1601.173797755269,376.5580117471284,0.1903989256469871,1,376.5580117471284,-1.2114589415920705,1
R002144,A,2,S007>S011,1977.7318095023973,2.1956391780366267,2488.7,1584.2989518477025,393.4328576546951,0.1989313494197597,1,393.4328576546951,-1.2114589415920705,1
R002145,A,2,S011>S007,1977.7318095023973,2.153244876593116,2208.3,1601.173797755269,376.5580117471284,0.1903989256469871,1,376.5580117471284,-1.2114589415920705,1
R002146,A,2,S007>S011,1977.7318095023973,2.113489969891916,2488.7,1584.2989518477025,393.4328576546951,0.1989313494197597,1,393.4328576546951,-1.2114589415920705,1
R002147,A,2,S011>S007,1977.7318095023973,2.11384707655476,2208.3,1601.173797755269,376.5580117471284,0.1903989256469871,1,376.5580117471284,-1.2114589415920705,1
R002149,A,2,S011>S007,1977.7318095023973,2.025645729333988,2208.3,1601.173797755269,376.5580117471284,0.1903989256469871,1,376.5580117471284,-1.2114589415920705,1
R002150,A,2,S007>S011,1977.7318095023973,2.159587935691662,2488.7,1584.2989518477025,393.4328576546951,0.1989313494197597,1,393.4328576546951,-1.2114589415920705,1
R002151,A,2,S011>S007,1977.7318095023973,2.0620705135327912,2208.3,1601.173797755269,376.5580117471284,0.1903989256469871,1,376.5580117471284,-1.2114589415920705,1
R002152,A,2,S007>S011,1977.7318095023973,2.0140607615463364,2488.7,1584.2989518477025,393.4328576546951,0.1989313494197597,1,393.4328576546951,-1.2114589415920705,1
R002153,A,2,S011>S007,1977.7318095023973,2.003249408961214,2208.3,1601.173797755269,376.5580117471284,0.1903989256469871,1,376.5580117471284,-1.2114589415920705,1
R002155,A,2,S011>S007,2037.7318095023973,2.042502967123169,2148.3,1661.173797755269,376.5580117471284,0.184792723944905,1,376.5580117471284,-1.2114589415920705,1
R002157,A,2,S011>S007,2037.7318095023973,2.0846096789525577,2148.3,1661.173797755269,376.5580117471284,0.184792723944905,1,376.5580117471284,-1.2114589415920705,1
R002158,A,2,S007>S011,2037.7318095023973,2.061280393699989,2428.7,1614.2989518477025,423.4328576546951,0.2077961661491141,1,423.4328576546951,-1.2114589415920705,1
R002159,A,2,S011>S007,2037.7318095023973,2.0548578013649084,2148.3,1631.173797755269,406.5580117471284,0.199514975352133,1,406.5580117471284,-1.2114589415920705,1
R002160,A,2,S007>S011,2037.7318095023973,2.0806992111337466,2428.7,1614.2989518477025,423.4328576546951,0.2077961661491141,1,423.4328576546951,-1.2114589415920705,1
R002161,A,2,S011>S007,2037.7318095023973,2.076681806738867,2148.3,1631.173797755269,406.5580117471284,0.199514975352133,1,406.5580117471284,-1.2114589415920705,1
R002162,A,2,S007>S011,2037.7318095023973,2.151063150927911,2428.7,1614.2989518477025,423.4328576546951,0.2077961661491141,1,423.4328576546951,-1.2114589415920705,1
R002165,A,2,S013>S007,2550.2814987903166,3.358388677306233,2546.5,1852.0216808968823,698.259817893434,0.2737971546374947,2,368.2626910329054,-1.7816933802026682,1
R002171,A,2,S007>S013,2550.281498790317,3.5233397430744047,2488.7,1840.7421463917783,709.5393523985387,0.2782200132554373,2,381.2204451384192,-1.7816933802026682,1
R002174,A,2,S007>S013,2550.281498790317,3.396548933247906,2488.7,1840.7421463917783,709.5393523985387,0.2782200132554373,2,381.2204451384192,-1.7816933802026682,1
R002189,A,2,S015>S007,2251.502053075503,2.543478127810705,5971.5,1319.560824777091,931.9412282984122,0.4139197772550998,1,931.9412282984122,-3.666371127136273,1
R002192,A,2,S007>S015,2251.5020530755028,2.707383278549464,9260.2,1317.322896714321,934.1791563611818,0.4149137483952606,1,934.1791563611818,-3.666371127136273,1
R002193,A,2,S015>S007,2251.502053075503,2.7362858905596674,9571.5,1319.560824777091,931.9412282984122,0.4139197772550998,1,931.9412282984122,-3.666371127136273,1
R002198,A,2,S007>S015,2251.5020530755028,2.6020525418496026,2488.7,1317.322896714321,934.1791563611818,0.4149137483952606,1,934.1791563611818,-3.666371127136273,1
R002200,A,2,S007>S015,2251.5020530755028,2.5554595064688392,2488.7,1317.322896714321,934.1791563611818,0.4149137483952606,1,934.1791563611818,-3.666371127136273,1
R002204,A,2,S007>S015,2251.5020530755028,2.5026233335040238,2488.7,1317.322896714321,934.1791563611818,0.4149137483952606,1,934.1791563611818,-3.666371127136273,1
R002216,A,2,S008>S009,2603.382151192291,3.589140777704381,8760.8,1204.837383093433,1398.5447680988582,0.5372030254791276,1,1398.5447680988582,-6.237897062330717,1
R002217,A,2,S009>S008,2603.3821511922915,3.5834740311177,9702.6,1219.0485356665138,1384.3336155257778,0.5317442984280212,1,1384.3336155257778,-6.237897062330717,1
R002221,A,2,S008>S011,2421.260085706776,3.1380578976555507,8708.3,1657.329019522684,763.9310661840917,0.3155097094664644,1,763.9310661840917,-6.238708362975757,1
R002222,A,2,S011>S008,2421.2600857067764,3.1104650332910317,9936.0,1674.765339617999,746.4947460887774,0.3083083682316897,1,746.4947460887774,-6.238708362975757,1
R002223,A,2,S008>S011,2421.260085706776,3.2759524896644256,,1657.329019522684,763.9310661840917,0.3155097094664644,1,763.9310661840917,-6.238708362975757,1
R002224,A,2,S011>S008,2421.2600857067764,3.1643604888833456,,1674.765339617999,746.4947460887774,0.3083083682316897,1,746.4947460887774,-6.238708362975757,1
R002225,A,2,S008>S011,2421.260085706776,3.458783506301568,8708.3,1657.329019522684,763.9310661840917,0.3155097094664644,1,763.9310661840917,-6.238708362975757,1
R002226,A,2,S011>S008,2421.2600857067764,3.210595753051233,9936.0,1674.765339617999,746.4947460887774,0.3083083682316897,1,746.4947460887774,-6.238708362975757,1
R002227,A,2,S008>S011,2421.260085706776,3.164496391170531,8708.3,1657.329019522684,763.9310661840917,0.3155097094664644,1,763.9310661840917,-6.238708362975757,1
R002228,A,2,S011>S008,2421.2600857067764,3.1347731688140748,9936.0,1674.765339617999,746.4947460887774,0.3083083682316897,1,746.4947460887774,-6.238708362975757,1
R002229,A,2,S008>S011,2421.260085706776,3.4036541724563456,5861.7,1657.329019522684,763.9310661840917,0.3155097094664644,1,763.9310661840917,-6.238708362975757,1
R002230,A,2,S011>S008,2421.2600857067764,3.2670603368964564,5586.6,1674.765339617999,746.4947460887774,0.3083083682316897,1,746.4947460887774,-6.238708362975757,1
R002231,A,2,S008>S011,2421.260085706776,3.2639575558780773,5861.7,1657.329019522684,763.9310661840917,0.3155097094664644,1,763.9310661840917,-6.238708362975757,1
R002232,A,2,S011>S008,2421.2600857067764,3.2276625368581007,5586.6,1674.765339617999,746.4947460887774,0.3083083682316897,1,746.4947460887774,-6.238708362975757,1
R002233,A,2,S008>S011,2421.260085706776,3.195275118190775,5861.7,1657.329019522684,763.9310661840917,0.3155097094664644,1,763.9310661840917,-6.238708362975757,1
R002234,A,2,S011>S008,2421.2600857067764,3.102881733460497,5586.6,1674.765339617999,746.4947460887774,0.3083083682316897,1,746.4947460887774,-6.238708362975757,1
R002235,A,2,S008>S011,2421.260085706776,3.3498656167435445,5861.7,1657.329019522684,763.9310661840917,0.3155097094664644,1,763.9310661840917,-6.238708362975757,1
R002236,A,2,S011>S008,2421.2600857067764,3.1393065176593,5586.6,1674.765339617999,746.4947460887774,0.3083083682316897,1,746.4947460887774,-6.238708362975757,1
R002237,A,2,S008>S011,2421.260085706776,3.1045190830590794,5861.7,1657.329019522684,763.9310661840917,0.3155097094664644,1,763.9310661840917,-6.238708362975757,1
R002238,A,2,S011>S008,2421.2600857067764,3.080485413087723,5586.6,1674.765339617999,746.4947460887774,0.3083083682316897,1,746.4947460887774,-6.238708362975757,1
R002239,A,2,S008>S011,2481.260085706776,3.266232945351998,5831.7,1717.329019522684,763.9310661840917,0.3078802865466195,1,763.9310661840917,-6.238708362975757,1
R002240,A,2,S011>S008,2481.2600857067764,3.119738971249678,5526.6,1734.765339617999,746.4947460887774,0.3008530828303481,1,746.4947460887774,-6.238708362975757,1
R002241,A,2,S008>S011,2481.260085706776,3.44719780322478,5831.7,1717.329019522684,763.9310661840917,0.3078802865466195,1,763.9310661840917,-6.238708362975757,1
R002242,A,2,S011>S008,2481.2600857067764,3.1618456830790667,5526.6,1734.765339617999,746.4947460887774,0.3008530828303481,1,746.4947460887774,-6.238708362975757,1
R002243,A,2,S008>S011,2481.260085706776,3.1789390056137243,5801.7,1687.329019522684,793.9310661840917,0.3199709175017596,1,793.9310661840917,-6.238708362975757,1
R002244,A,2,S011>S008,2481.2600857067764,3.148166126032547,5526.6,1704.765339617999,776.4947460887774,0.3129437137854882,1,776.4947460887774,-6.238708362975757,1
R002245,A,2,S008>S011,2481.260085706776,3.210326016596049,5801.7,1687.329019522684,793.9310661840917,0.3199709175017596,1,793.9310661840917,-6.238708362975757,1
R002246,A,2,S011>S008,2481.2600857067764,3.17742623333896,5526.6,1704.765339617999,776.4947460887774,0.3129437137854882,1,776.4947460887774,-6.238708362975757,1
R002247,A,2,S008>S011,2481.260085706776,3.326143218980784,5801.7,1687.329019522684,793.9310661840917,0.3199709175017596,1,793.9310661840917,-6.238708362975757,1
R002248,A,2,S011>S008,2481.2600857067764,3.286015850656396,5526.6,1704.765339617999,776.4947460887774,0.3129437137854882,1,776.4947460887774,-6.238708362975757,1
R002250,A,2,S015>S008,2799.103967400092,3.545749012181917,5971.5,1470.118337938375,1328.985629461717,0.4747896630278176,2,709.1621476095038,-6.243983355098692,1
R002252,A,2,S015>S008,2799.103967400092,3.578700711446337,5971.5,1470.118337938375,1328.985629461717,0.4747896630278176,2,709.1621476095038,-6.243983355098692,1
R002253,A,2,S008>S015,2799.1039674000917,3.599910151951936,5861.7,1457.4852583679674,1341.618709032124,0.4793029214553497,2,715.0264774834491,-6.244263731045464,1
R002263,A,2,S010>S009,2344.97749976523,3.077739732823981,2525.5,1355.7464508831465,989.2310488820837,0.4218509768136886,3,503.62790104674855,-3.22108252558607,1
R002265,A,2,S010>S009,2344.97749976523,2.9481494028049124,2525.5,1355.7464508831465,989.2310488820837,0.4218509768136886,3,503.62790104674855,-3.22108252558607,1
R002266,A,2,S009>S010,2344.97749976523,3.103174634112749,9702.6,1366.553693489632,978.4238062755978,0.4172423003519453,3,496.50003079851103,-3.22108252558607,1
R002267,A,2,S010>S009,2344.97749976523,3.12513674649061,9019.2,1355.7464508831465,989.2310488820837,0.4218509768136886,3,503.62790104674855,-3.22108252558607,1
R002270,A,2,S009>S010,2344.97749976523,2.956438685017672,9702.6,1366.553693489632,978.4238062755978,0.4172423003519453,3,496.50003079851103,-3.22108252558607,1
R002271,A,2,S010>S009,2344.97749976523,2.921626207880922,9019.2,1355.7464508831465,989.2310488820837,0.4218509768136886,3,503.62790104674855,-3.22108252558607,1
R002273,A,2,S010>S009,2344.97749976523,2.983944528967653,2525.5,1355.7464508831465,989.2310488820837,0.4218509768136886,3,503.62790104674855,-3.22108252558607,1
R002275,A,2,S010>S009,2344.97749976523,2.883192031180088,2525.5,1355.7464508831465,989.2310488820837,0.4218509768136886,3,503.62790104674855,-3.22108252558607,1
R002287,A,2,S011>S009,2037.497591245566,2.5512507992443787,9936.0,1471.5777669602826,565.9198242852835,0.2777523893607769,1,565.9198242852835,-3.209942490616612,1
R002289,A,2,S011>S009,2037.497591245566,2.4754282150072204,9936.0,1471.5777669602826,565.9198242852835,0.2777523893607769,1,565.9198242852835,-3.209942490616612,1
R002290,A,2,S009>S011,2037.497591245566,2.6539544411670217,9702.6,1466.760764385857,570.736826859709,0.2801165651983938,1,570.736826859709,-3.209942490616612,1
R002294,A,2,S009>S011,2037.497591245566,2.507218492071944,9702.6,1466.760764385857,570.736826859709,0.2801165651983938,1,570.736826859709,-3.209942490616612,1
R002305,A,2,S011>S009,2097.497591245566,2.5124865077774965,9266.7,1501.5777669602826,595.9198242852835,0.2841098968468449,1,595.9198242852835,-3.209942490616612,1
R002311,A,2,S012>S009,2376.0445717421867,3.3195766947790597,2294.9,1178.3012706259851,1197.7433011162016,0.5040912596340651,1,1197.7433011162016,-5.4426206856221455,1
R002313,A,2,S012>S009,2376.0445717421867,3.1268912814447463,2294.9,1178.3012706259851,1197.7433011162016,0.5040912596340651,1,1197.7433011162016,-5.4426206856221455,1
R002314,A,2,S009>S012,2376.0445717421867,3.2514373311877502,9702.6,1185.9533139110415,1190.0912578311452,0.5008707631096898,1,1190.0912578311452,-5.4426206856221455,1
R002315,A,2,S012>S009,2376.0445717421867,3.350221880118114,8988.1,1178.3012706259851,1197.7433011162016,0.5040912596340651,1,1197.7433011162016,-5.4426206856221455,1
R002317,A,2,S012>S009,2376.0445717421867,3.249682505537165,2294.9,1178.3012706259851,1197.7433011162016,0.5040912596340651,1,1197.7433011162016,-5.4426206856221455,1
R002318,A,2,S009>S012,2376.0445717421867,3.104701382092672,9702.6,1185.9533139110415,1190.0912578311452,0.5008707631096898,1,1190.0912578311452,-5.4426206856221455,1
R002319,A,2,S012>S009,2376.0445717421867,3.1097676302656745,8988.1,1178.3012706259851,1197.7433011162016,0.5040912596340651,1,1197.7433011162016,-5.4426206856221455,1
R002321,A,2,S012>S009,2376.0445717421867,3.201913669019039,2294.9,1178.3012706259851,1197.7433011162016,0.5040912596340651,1,1197.7433011162016,-5.4426206856221455,1
R002335,A,2,S013>S009,2129.7306033190835,2.793922472250571,2546.5,1173.5948802451255,956.135723073958,0.4489467924177199,1,956.135723073958,-3.212887152010012,1
R002337,A,2,S013>S009,2129.7306033190835,2.6641327116120235,2546.5,1173.5948802451255,956.135723073958,0.4489467924177199,1,956.135723073958,-3.212887152010012,1
R002338,A,2,S009>S013,2129.7306033190835,2.8198945830282147,9702.6,1177.827392160008,951.9032111590756,0.4469594462677954,1,951.9032111590756,-3.212887152010012,1
R002339,A,2,S013>S009,2129.7306033190835,2.8256273606741558,9234.4,1173.5948802451255,956.135723073958,0.4489467924177199,1,956.135723073958,-3.212887152010012,1
R002342,A,2,S009>S013,2129.7306033190835,2.673158633933137,9702.6,1177.827392160008,951.9032111590756,0.4469594462677954,1,951.9032111590756,-3.212887152010012,1
R002343,A,2,S013>S009,2129.7306033190835,2.6468370058341955,9234.4,1173.5948802451255,956.135723073958,0.4489467924177199,1,956.135723073958,-3.212887152010012,1
R002345,A,2,S013>S009,2129.7306033190835,2.709141065669926,2546.5,1173.5948802451255,956.135723073958,0.4489467924177199,1,956.135723073958,-3.212887152010012,1
R002361,A,2,S009>S014,2710.325987366697,3.46051409060975,9702.6,1501.7843942378547,1208.5415931288428,0.4459026695541666,2,718.7697219169204,-3.227908027579588,1
R002362,A,2,S014>S009,2710.325987366697,3.428726221203684,8653.9,1487.850068233407,1222.4759191332903,0.4510438688303415,2,714.5456889969694,-3.227908027579588,1
R002364,A,2,S014>S009,2710.325987366697,3.5019170304851306,2358.0,1487.850068233407,1222.4759191332903,0.4510438688303415,2,714.5456889969694,-3.227908027579588,1
R002374,A,2,S015>S009,2678.9893765423435,3.5518560059130744,5971.5,1600.5282604269808,1078.4611161153628,0.4025626699226729,2,586.4540991068995,-3.667449320763623,1
R002376,A,2,S009>S015,2678.989376542344,3.544353774106696,9702.6,1614.4081424825506,1064.5812340597934,0.3973816557024957,2,584.9580343159698,-3.667449320763623,1
R002386,A,2,S011>S010,2191.3229713862047,2.7100444284469734,9936.0,1800.3127744593464,391.0101969268583,0.1784356765445259,1,391.0101969268583,-1.6558298429310554,1
R002388,A,2,S011>S010,2191.3229713862047,2.634221844209814,9936.0,1800.3127744593464,391.0101969268583,0.1784356765445259,1,391.0101969268583,-1.6558298429310554,1
R002389,A,2,S010>S011,2191.322971386204,2.787313169080848,2525.5,1791.0244703607652,400.298501025439,0.1826743507244005,1,400.298501025439,-1.6558298429310554,1
R002390,A,2,S011>S010,2191.3229713862047,2.772080460288427,1958.1,1800.3127744593464,391.0101969268583,0.1784356765445259,1,391.0101969268583,-1.6558298429310554,1
R002391,A,2,S010>S011,2191.322971386204,2.687614187438295,2525.5,1791.0244703607652,400.298501025439,0.1826743507244005,1,400.298501025439,-1.6558298429310554,1
R002392,A,2,S011>S010,2191.3229713862047,2.732682660250071,1958.1,1800.3127744593464,391.0101969268583,0.1784356765445259,1,391.0101969268583,-1.6558298429310554,1
R002397,A,2,S010>S011,2191.322971386204,2.58686168965073,2525.5,1791.0244703607652,400.298501025439,0.1826743507244005,1,400.298501025439,-1.6558298429310554,1
R002410,A,2,S012>S010,2478.1521069062715,3.374739682968492,2294.9,1236.5777209961425,1241.574385910129,0.5010081433056635,1,1241.574385910129,-5.4454248818918245,1
R002413,A,2,S010>S012,2478.1521069062715,3.281165418088414,2525.5,1233.4225216747132,1244.7295852315583,0.5022813497858614,1,1244.7295852315583,-5.4454248818918245,1
R002431,A,2,S010>S013,2009.992187968592,2.247183844051178,,1225.29659992368,784.6955880449123,0.3903973322592703,1,784.6955880449123,-1.7901289961733653,1
R002432,A,2,S013>S010,2009.992187968592,2.2464161969019547,,1231.8713306152831,778.120857353309,0.3871263092518386,1,778.120857353309,-1.7901289961733653,1
R002433,A,2,S010>S013,2009.992187968592,2.343030407082674,2118.5,1225.29659992368,784.6955880449123,0.3903973322592703,1,784.6955880449123,-1.7901289961733653,1
R002434,A,2,S013>S010,2009.992187968592,2.325605447007662,2546.5,1231.8713306152831,778.120857353309,0.3871263092518386,1,778.120857353309,-1.7901289961733653,1
R002435,A,2,S010>S013,2009.992187968592,2.186401049820283,2118.5,1225.29659992368,784.6955880449123,0.3903973322592703,1,784.6955880449123,-1.7901289961733653,1
R002436,A,2,S013>S010,2009.992187968592,2.195815686369114,2546.5,1231.8713306152831,778.120857353309,0.3871263092518386,1,778.120857353309,-1.7901289961733653,1
R002437,A,2,S010>S013,2009.992187968592,2.326142656496537,2525.5,1225.29659992368,784.6955880449123,0.3903973322592703,1,784.6955880449123,-1.7901289961733653,1
R002438,A,2,S013>S010,2009.992187968592,2.342490926760466,2139.4,1231.8713306152831,778.120857353309,0.3871263092518386,1,778.120857353309,-1.7901289961733653,1
R002439,A,2,S010>S013,2009.992187968592,2.248719370907014,2118.5,1225.29659992368,784.6955880449123,0.3903973322592703,1,784.6955880449123,-1.7901289961733653,1
R002440,A,2,S013>S010,2009.992187968592,2.2750052259576488,2139.4,1231.8713306152831,778.120857353309,0.3871263092518386,1,778.120857353309,-1.7901289961733653,1
R002441,A,2,S010>S013,2009.992187968592,2.1965523264774687,2525.5,1225.29659992368,784.6955880449123,0.3903973322592703,1,784.6955880449123,-1.7901289961733653,1
R002442,A,2,S013>S010,2009.992187968592,2.18566630207304,2139.4,1231.8713306152831,778.120857353309,0.3871263092518386,1,778.120857353309,-1.7901289961733653,1
R002443,A,2,S010>S013,2009.992187968592,2.275758398150337,2118.5,1225.29659992368,784.6955880449123,0.3903973322592703,1,784.6955880449123,-1.7901289961733653,1
R002444,A,2,S013>S010,2009.992187968592,2.2479703619087705,2139.4,1231.8713306152831,778.120857353309,0.3871263092518386,1,778.120857353309,-1.7901289961733653,1
R002445,A,2,S010>S013,2009.992187968592,2.147966873119449,2118.5,1225.29659992368,784.6955880449123,0.3903973322592703,1,784.6955880449123,-1.7901289961733653,1
R002446,A,2,S013>S010,2009.992187968592,2.147442494666786,2139.4,1231.8713306152831,778.120857353309,0.3871263092518386,1,778.120857353309,-1.7901289961733653,1
R002448,A,2,S013>S010,2069.992187968592,2.214485924356889,2079.4,1261.8713306152831,808.120857353309,0.3903980227801568,1,808.120857353309,-1.7901289961733653,1
R002451,A,2,S010>S013,2069.992187968592,2.215261603806182,2058.5,1255.29659992368,814.6955880449123,0.3935742331686875,1,814.6955880449123,-1.7901289961733653,1
R002452,A,2,S013>S010,2069.992187968592,2.232447841048828,2079.4,1261.8713306152831,808.120857353309,0.3903980227801568,1,808.120857353309,-1.7901289961733653,1
R002453,A,2,S010>S013,2069.992187968592,2.287217584613442,2058.5,1255.29659992368,814.6955880449123,0.3935742331686875,1,814.6955880449123,-1.7901289961733653,1
R002454,A,2,S013>S010,2069.992187968592,2.3240080661205824,2079.4,1261.8713306152831,808.120857353309,0.3903980227801568,1,808.120857353309,-1.7901289961733653,1
R002455,A,2,S010>S014,2254.530767160259,2.4795625810558324,,1299.2536020015266,955.2771651587324,0.4237144061520045,1,955.2771651587324,-2.7488069776422748,1
R002456,A,2,S014>S010,2254.5307671602595,2.5020339872210484,,1296.1265186035644,958.4042485566952,0.4251014279853332,1,958.4042485566952,-2.7488069776422748,1
R002457,A,2,S010>S014,2254.530767160259,2.5798092471587277,2062.4,1299.2536020015266,955.2771651587324,0.4237144061520045,1,955.2771651587324,-2.7488069776422748,1
R002458,A,2,S014>S010,2254.5307671602595,2.5940678333523595,2358.0,1296.1265186035644,958.4042485566952,0.4251014279853332,1,958.4042485566952,-2.7488069776422748,1
R002459,A,2,S010>S014,2254.530767160259,2.416176218803449,2062.4,1299.2536020015266,955.2771651587324,0.4237144061520045,1,955.2771651587324,-2.7488069776422748,1
R002460,A,2,S014>S010,2254.5307671602595,2.4425141867539955,2358.0,1296.1265186035644,958.4042485566952,0.4251014279853332,1,958.4042485566952,-2.7488069776422748,1
R002461,A,2,S010>S014,2254.530767160259,2.5585213935011915,2525.5,1299.2536020015266,955.2771651587324,0.4237144061520045,1,955.2771651587324,-2.7488069776422748,1
R002463,A,2,S010>S014,2254.530767160259,2.47849453989018,2062.4,1299.2536020015266,955.2771651587324,0.4237144061520045,1,955.2771651587324,-2.7488069776422748,1
R002464,A,2,S014>S010,2254.5307671602595,2.537006474692978,1894.9,1296.1265186035644,958.4042485566952,0.4251014279853332,1,958.4042485566952,-2.7488069776422748,1
R002465,A,2,S010>S014,2254.530767160259,2.428931063482123,2525.5,1299.2536020015266,955.2771651587324,0.4237144061520045,1,955.2771651587324,-2.7488069776422748,1
R002466,A,2,S014>S010,2254.5307671602595,2.429747987908655,1894.9,1296.1265186035644,958.4042485566952,0.4251014279853332,1,958.4042485566952,-2.7488069776422748,1
R002467,A,2,S010>S014,2254.530767160259,2.5125372382263897,2062.4,1299.2536020015266,955.2771651587324,0.4237144061520045,1,955.2771651587324,-2.7488069776422748,1
R002468,A,2,S014>S010,2254.5307671602595,2.5029387971901023,1894.9,1296.1265186035644,958.4042485566952,0.4251014279853332,1,958.4042485566952,-2.7488069776422748,1
R002469,A,2,S010>S014,2254.530767160259,2.377742042102615,2062.4,1299.2536020015266,955.2771651587324,0.4237144061520045,1,955.2771651587324,-2.7488069776422748,1
R002470,A,2,S014>S010,2254.5307671602595,2.3840399757226485,1894.9,1296.1265186035644,958.4042485566952,0.4251014279853332,1,958.4042485566952,-2.7488069776422748,1
R002471,A,2,S010>S014,2314.530767160259,2.46763449217693,2002.4,1329.2536020015266,985.2771651587324,0.4256919714087825,1,985.2771651587324,-2.7488069776422748,1
R002472,A,2,S014>S010,2314.5307671602595,2.463740541039034,1834.9,1326.1265186035644,988.4042485566952,0.4270430372240791,1,988.4042485566952,-2.7488069776422748,1
R002473,A,2,S010>S014,2314.530767160259,2.5641721138185494,2002.4,1329.2536020015266,985.2771651587324,0.4256919714087825,1,985.2771651587324,-2.7488069776422748,1
R002474,A,2,S014>S010,2314.5307671602595,2.54784465650517,1834.9,1326.1265186035644,988.4042485566952,0.4270430372240791,1,988.4042485566952,-2.7488069776422748,1
R002475,A,2,S010>S014,2314.530767160259,2.445036772789348,2002.4,1329.2536020015266,985.2771651587324,0.4256919714087825,1,985.2771651587324,-2.7488069776422748,1
R002479,A,2,S011>S012,2519.7250637155976,3.3362700561997496,,1684.1814704015892,835.5435933140084,0.3316010962251223,3,755.5435933140084,-5.442925668296965,1
R002480,A,2,S012>S011,2519.725063715597,3.4354378454848167,,1672.9045334145817,846.8205303010154,0.3360765595006188,3,766.8205303010154,-5.442925668296965,1
R002481,A,2,S011>S012,2519.7250637155976,3.454175713649166,1855.6,1684.1814704015892,835.5435933140084,0.3316010962251223,3,755.5435933140084,-5.442925668296965,1
R002482,A,2,S012>S011,2519.725063715597,3.553348325881589,2294.9,1672.9045334145817,846.8205303010154,0.3360765595006188,3,766.8205303010154,-5.442925668296965,1
R002484,A,2,S012>S011,2519.725063715597,3.3606629125472764,2294.9,1672.9045334145817,846.8205303010154,0.3360765595006188,3,766.8205303010154,-5.442925668296965,1
R002485,A,2,S011>S012,2519.7250637155976,3.382505320367637,9936.0,1684.1814704015892,835.5435933140084,0.3316010962251223,3,755.5435933140084,-5.442925668296965,1
R002487,A,2,S012>S011,2519.725063715597,3.5229419904155037,2294.9,1672.9045334145817,846.8205303010154,0.3360765595006188,3,766.8205303010154,-5.442925668296965,1
R002488,A,2,S011>S012,2519.7250637155976,3.3066827361304787,9936.0,1684.1814704015892,835.5435933140084,0.3316010962251223,3,755.5435933140084,-5.442925668296965,1
R002489,A,2,S012>S011,2519.725063715597,3.3217730639181995,8609.9,1672.9045334145817,846.8205303010154,0.3360765595006188,3,766.8205303010154,-5.442925668296965,1
R002490,A,2,S011>S012,2519.7250637155976,3.414777913610811,1855.6,1684.1814704015892,835.5435933140084,0.3316010962251223,3,755.5435933140084,-5.442925668296965,1
R002491,A,2,S012>S011,2519.725063715597,3.413919102671564,2294.9,1672.9045334145817,846.8205303010154,0.3360765595006188,3,766.8205303010154,-5.442925668296965,1
R002493,A,2,S012>S011,2519.725063715597,3.265883251038189,2294.9,1672.9045334145817,846.8205303010154,0.3360765595006188,3,766.8205303010154,-5.442925668296965,1
R002494,A,2,S011>S012,2579.7250637155976,3.356232954076214,1795.6,1714.1814704015892,865.5435933140084,0.3355177671791735,3,785.5435933140084,-5.442925668296965,1
R002496,A,2,S011>S012,2579.7250637155976,3.482930307577859,1795.6,1714.1814704015892,865.5435933140084,0.3355177671791735,3,785.5435933140084,-5.442925668296965,1
R002498,A,2,S011>S012,2579.7250637155976,3.2833689968183606,1795.6,1744.1814704015892,835.5435933140084,0.3238886209488419,3,755.5435933140084,-5.442925668296965,1
R002499,A,2,S012>S011,2579.725063715597,3.4351013067639515,2264.9,1732.9045334145817,846.8205303010154,0.32825999259058,3,766.8205303010154,-5.442925668296965,1
R002500,A,2,S011>S012,2579.7250637155976,3.325475708647749,1795.6,1744.1814704015892,835.5435933140084,0.3238886209488419,3,755.5435933140084,-5.442925668296965,1
R002503,A,2,S011>S013,2073.906995590139,2.6304193011679096,2054.6,1702.0256312514673,371.8813643386718,0.1793143883160736,1,371.8813643386718,-1.7783987710747056,1
R002504,A,2,S013>S011,2073.906995590139,2.6526699351932157,2546.5,1701.9689711059125,371.9380244842266,0.1793417088013583,2,361.9380244842266,-1.7783987710747056,1
R002506,A,2,S013>S011,2073.906995590139,2.522880174554668,2546.5,1701.9689711059125,371.9380244842266,0.1793417088013583,2,361.9380244842266,-1.7783987710747056,1
R002507,A,2,S011>S013,2073.906995590139,2.575938404048216,9936.0,1702.0256312514673,371.8813643386718,0.1793143883160736,1,371.8813643386718,-1.7783987710747056,1
R002510,A,2,S013>S011,2073.906995590139,2.636495048176759,2546.5,1701.9689711059125,371.9380244842266,0.1793417088013583,2,361.9380244842266,-1.7783987710747056,1
R002511,A,2,S011>S013,2073.906995590139,2.5001158198110573,9936.0,1702.0256312514673,371.8813643386718,0.1793143883160736,1,371.8813643386718,-1.7783987710747056,1
R002513,A,2,S011>S013,2073.906995590139,2.5910215011295543,2054.6,1702.0256312514673,371.8813643386718,0.1793143883160736,1,371.8813643386718,-1.7783987710747056,1
R002514,A,2,S013>S011,2073.906995590139,2.557237358260489,2546.5,1701.9689711059125,371.9380244842266,0.1793417088013583,2,361.9380244842266,-1.7783987710747056,1
R002516,A,2,S013>S011,2073.906995590139,2.456709491018505,2546.5,1701.9689711059125,371.9380244842266,0.1793417088013583,2,361.9380244842266,-1.7783987710747056,1
R002526,A,2,S014>S011,2596.9866272945333,3.1746379610596867,,1970.509592675819,626.4770346187142,0.2412322913157855,1,626.4770346187142,-2.75239471804683,1
R002527,A,2,S011>S014,2596.9866272945333,3.232216489789268,1719.9,1966.0513080526207,630.9353192419121,0.2429490058249558,1,630.9353192419121,-2.75239471804683,1
R002528,A,2,S014>S011,2596.9866272945333,3.2666718071909973,2358.0,1970.509592675819,626.4770346187142,0.2412322913157855,1,626.4770346187142,-2.75239471804683,1
R002530,A,2,S014>S011,2596.9866272945333,3.115118160592633,2358.0,1970.509592675819,626.4770346187142,0.2412322913157855,1,626.4770346187142,-2.75239471804683,1
R002531,A,2,S011>S014,2596.9866272945333,3.153856626705955,9936.0,1966.0513080526207,630.9353192419121,0.2429490058249558,1,630.9353192419121,-2.75239471804683,1
R002532,A,2,S014>S011,2596.9866272945333,3.341877482774311,8532.6,1970.509592675819,626.4770346187142,0.2412322913157855,1,626.4770346187142,-2.75239471804683,1
R002534,A,2,S014>S011,2596.9866272945333,3.263514645457394,2358.0,1970.509592675819,626.4770346187142,0.2412322913157855,1,626.4770346187142,-2.75239471804683,1
R002535,A,2,S011>S014,2596.9866272945333,3.078034042468796,9936.0,1966.0513080526207,630.9353192419121,0.2429490058249558,1,630.9353192419121,-2.75239471804683,1
R002536,A,2,S014>S011,2596.9866272945333,3.0726410302817344,8532.6,1970.509592675819,626.4770346187142,0.2412322913157855,1,626.4770346187142,-2.75239471804683,1
R002538,A,2,S014>S011,2596.9866272945333,3.145831839563181,2358.0,1970.509592675819,626.4770346187142,0.2412322913157855,1,626.4770346187142,-2.75239471804683,1
R002540,A,2,S014>S011,2596.9866272945333,3.0269330180957272,2358.0,1970.509592675819,626.4770346187142,0.2412322913157855,1,626.4770346187142,-2.75239471804683,1
R002549,A,2,S011>S015,2215.335702009946,2.4864337065463844,,1598.7296624171086,616.6060395928375,0.2783352604453576,1,616.6060395928375,-3.66811798046524,1
R002550,A,2,S015>S011,2215.335702009946,2.5609800769582103,,1596.746979693411,618.588722316535,0.2792302411572644,1,618.588722316535,-3.66811798046524,1
R002551,A,2,S011>S015,2215.335702009946,2.574818019830107,9296.3,1598.7296624171086,616.6060395928375,0.2783352604453576,1,616.6060395928375,-3.66811798046524,1
R002552,A,2,S015>S011,2215.335702009946,2.661716191303487,9571.5,1596.746979693411,618.588722316535,0.2792302411572644,1,618.588722316535,-3.66811798046524,1
R002553,A,2,S011>S015,2215.335702009946,2.4315364083761724,5696.3,1598.7296624171086,616.6060395928375,0.2783352604453576,1,616.6060395928375,-3.66811798046524,1
R002554,A,2,S015>S011,2215.335702009946,2.4961388953482158,5971.5,1596.746979693411,618.588722316535,0.2792302411572644,1,618.588722316535,-3.66811798046524,1
R002555,A,2,S011>S015,2215.335702009946,2.532668970714272,9936.0,1598.7296624171086,616.6060395928375,0.2783352604453576,1,616.6060395928375,-3.66811798046524,1
R002556,A,2,S015>S011,2215.335702009946,2.697906573752656,8914.2,1596.746979693411,618.588722316535,0.2792302411572644,1,618.588722316535,-3.66811798046524,1
R002557,A,2,S011>S015,2215.335702009946,2.467961192574976,5696.3,1598.7296624171086,616.6060395928375,0.2783352604453576,1,616.6060395928375,-3.66811798046524,1
R002558,A,2,S015>S011,2215.335702009946,2.6121043639181,5971.5,1596.746979693411,618.588722316535,0.2792302411572644,1,618.588722316535,-3.66811798046524,1
R002559,A,2,S011>S015,2215.335702009946,2.456846386477113,9936.0,1598.7296624171086,616.6060395928375,0.2783352604453576,1,616.6060395928375,-3.66811798046524,1
R002560,A,2,S015>S011,2215.335702009946,2.4757944728028294,8914.2,1596.746979693411,618.588722316535,0.2792302411572644,1,618.588722316535,-3.66811798046524,1
R002561,A,2,S011>S015,2215.335702009946,2.535420219791752,9296.3,1598.7296624171086,616.6060395928375,0.2783352604453576,1,616.6060395928375,-3.66811798046524,1
R002562,A,2,S015>S011,2215.335702009946,2.555569558923545,8914.2,1596.746979693411,618.588722316535,0.2792302411572644,1,618.588722316535,-3.66811798046524,1
R002563,A,2,S011>S015,2215.335702009946,2.409140088003398,5696.3,1598.7296624171086,616.6060395928375,0.2783352604453576,1,616.6060395928375,-3.66811798046524,1
R002564,A,2,S015>S011,2215.335702009946,2.4263175494224067,5971.5,1596.746979693411,618.588722316535,0.2792302411572644,1,618.588722316535,-3.66811798046524,1
R002565,A,2,S011>S015,2275.335702009946,2.493201086293261,5636.3,1628.7296624171086,646.6060395928375,0.2841805009351587,1,646.6060395928375,-3.66811798046524,1
R002566,A,2,S015>S011,2275.335702009946,2.5127865991420197,5911.5,1626.746979693411,648.588722316535,0.285051881242665,1,648.588722316535,-3.66811798046524,1
R002567,A,2,S011>S015,2275.335702009946,2.583941454435341,5636.3,1628.7296624171086,646.6060395928375,0.2841805009351587,1,646.6060395928375,-3.66811798046524,1
R002568,A,2,S015>S011,2275.335702009946,2.604701666773317,5911.5,1626.746979693411,648.588722316535,0.285051881242665,1,648.588722316535,-3.66811798046524,1
R002569,A,2,S011>S015,2275.335702009946,2.448393646165353,5636.3,1658.7296624171086,616.6060395928375,0.2709956333248544,1,616.6060395928375,-3.66811798046524,1
R002573,A,2,S012>S013,2338.4501997119714,3.0430898345670543,,1217.8514196665185,1120.598780045453,0.4792057492537057,1,1120.598780045453,-5.443640922583995,1
R002575,A,2,S012>S013,2338.4501997119714,3.192353810540206,1790.0,1217.8514196665185,1120.598780045453,0.4792057492537057,1,1120.598780045453,-5.443640922583995,1
R002576,A,2,S013>S012,2338.4501997119714,3.066888840594874,2546.5,1221.2709510366926,1117.1792486752788,0.4777434425641745,1,1117.1792486752788,-5.443640922583995,1
R002577,A,2,S012>S013,2338.4501997119714,2.950306360195038,1790.0,1217.8514196665185,1120.598780045453,0.4792057492537057,1,1120.598780045453,-5.443640922583995,1
R002578,A,2,S013>S012,2338.4501997119714,2.937099079956327,2546.5,1221.2709510366926,1117.1792486752788,0.4777434425641745,1,1117.1792486752788,-5.443640922583995,1
R002579,A,2,S012>S013,2338.4501997119714,3.161000314963827,2294.9,1217.8514196665185,1120.598780045453,0.4792057492537057,1,1120.598780045453,-5.443640922583995,1
R002580,A,2,S013>S012,2338.4501997119714,3.0966096070045865,2036.8,1221.2709510366926,1117.1792486752788,0.4777434425641745,1,1117.1792486752788,-5.443640922583995,1
R002581,A,2,S012>S013,2338.4501997119714,3.0424523989484027,1790.0,1217.8514196665185,1120.598780045453,0.4792057492537057,1,1120.598780045453,-5.443640922583995,1
R002582,A,2,S013>S012,2338.4501997119714,3.02912390620177,2036.8,1221.2709510366926,1117.1792486752788,0.4777434425641745,1,1117.1792486752788,-5.443640922583995,1
R002583,A,2,S012>S013,2338.4501997119714,2.9683149016295136,2294.9,1217.8514196665185,1120.598780045453,0.4792057492537057,1,1120.598780045453,-5.443640922583995,1
R002584,A,2,S013>S012,2338.4501997119714,2.92045114616074,2036.8,1221.2709510366926,1117.1792486752788,0.4777434425641745,1,1117.1792486752788,-5.443640922583995,1
R002585,A,2,S012>S013,2338.4501997119714,3.091814435959257,1790.0,1217.8514196665185,1120.598780045453,0.4792057492537057,1,1120.598780045453,-5.443640922583995,1
R002587,A,2,S012>S013,2338.4501997119714,2.894416547315027,1790.0,1217.8514196665185,1120.598780045453,0.4792057492537057,1,1120.598780045453,-5.443640922583995,1
R002588,A,2,S013>S012,2338.4501997119714,2.882227338754486,2036.8,1221.2709510366926,1117.1792486752788,0.4777434425641745,1,1117.1792486752788,-5.443640922583995,1
R002594,A,2,S013>S012,2398.4501997119714,2.979474372054585,1976.8,1251.2709510366926,1147.1792486752788,0.4783002160366069,1,1147.1792486752788,-5.443640922583995,1
R002603,A,2,S014>S013,2345.3329465611714,2.853288219689378,2358.0,1308.8400175739678,1036.4929289872036,0.4419385019542553,2,708.0415284338183,-2.7488069776422748,1
R002605,A,2,S014>S013,2345.3329465611714,2.701734573091014,2358.0,1308.8400175739678,1036.4929289872036,0.4419385019542553,2,708.0415284338183,-2.7488069776422748,1
R002606,A,2,S013>S014,2345.332946561171,2.8172045703493342,2546.5,1307.6221363439745,1037.7108102171965,0.442457780563196,2,704.6597221750271,-2.7488069776422748,1
R002610,A,2,S013>S014,2345.332946561171,2.687414809710787,2546.5,1307.6221363439745,1037.7108102171965,0.442457780563196,2,704.6597221750271,-2.7488069776422748,1
R002624,B,2,S001>S002,1975.6266365230265,2.3009802603649803,,1258.236519464691,717.3901170583352,0.3631202899353974,1,717.3901170583352,-5.482207291600503,1
R002625,B,2,S002>S001,1975.6266365230265,2.377753397053279,,1264.245437465831,711.3811990571952,0.3600787648364468,1,711.3811990571952,-5.482207291600503,1
R002626,B,2,S001>S002,1975.6266365230265,2.3333502575194807,,1258.236519464691,717.3901170583352,0.3631202899353974,1,717.3901170583352,-5.482207291600503,1
R002628,B,2,S001>S002,1975.6266365230265,2.4631038967822363,2222.4,1258.236519464691,717.3901170583352,0.3631202899353974,1,717.3901170583352,-5.482207291600503,1
R002629,B,2,S002>S001,1975.6266365230265,2.577258981444066,2468.1,1264.245437465831,711.3811990571952,0.3600787648364468,1,711.3811990571952,-5.482207291600503,1
R002630,B,2,S001>S002,1975.6266365230265,2.2615163426734206,2222.4,1258.236519464691,717.3901170583352,0.3631202899353974,1,717.3901170583352,-5.482207291600503,1
R002631,B,2,S002>S001,1975.6266365230265,2.3269952584371203,2468.1,1264.245437465831,711.3811990571952,0.3600787648364468,1,711.3811990571952,-5.482207291600503,1
R002632,B,2,S001>S002,1975.6266365230265,2.318115748819089,,1258.236519464691,717.3901170583352,0.3631202899353974,1,717.3901170583352,-5.482207291600503,1
R002633,B,2,S002>S001,1975.6266365230265,2.4330106476711832,,1264.245437465831,711.3811990571952,0.3600787648364468,1,711.3811990571952,-5.482207291600503,1
R002636,B,2,S001>S002,1975.6266365230265,2.492204839744748,2222.4,1258.236519464691,717.3901170583352,0.3631202899353974,1,717.3901170583352,-5.482207291600503,1
R002637,B,2,S002>S001,1975.6266365230265,2.6615578713955506,2468.1,1264.245437465831,711.3811990571952,0.3600787648364468,1,711.3811990571952,-5.482207291600503,1
R002638,B,2,S001>S002,1975.6266365230265,2.275485099411965,2222.4,1258.236519464691,717.3901170583352,0.3631202899353974,1,717.3901170583352,-5.482207291600503,1
R002651,B,2,S002>S001,1975.6266365230265,3.0052595886923026,1916.4,1264.245437465831,711.3811990571952,0.3600787648364468,1,711.3811990571952,-5.482207291600503,1
R002658,B,2,S001>S002,1975.6266365230265,2.279264894806197,2771.7,1258.236519464691,717.3901170583352,0.3631202899353974,1,717.3901170583352,-5.482207291600503,1
R002659,B,2,S002>S001,1975.6266365230265,2.3096497792210102,1916.4,1264.245437465831,711.3811990571952,0.3600787648364468,1,711.3811990571952,-5.482207291600503,1
R002660,B,2,S001>S002,1975.6266365230265,2.308468160245133,2771.7,1258.236519464691,717.3901170583352,0.3631202899353974,1,717.3901170583352,-5.482207291600503,1
R002661,B,2,S002>S001,1975.6266365230265,2.342255186522831,1916.4,1264.245437465831,711.3811990571952,0.3600787648364468,1,711.3811990571952,-5.482207291600503,1
R002662,B,2,S001>S002,2035.6266365230265,2.477253229736565,2741.7,1288.236519464691,747.3901170583352,0.3671548129940581,1,747.3901170583352,-5.482207291600503,1
R002663,B,2,S002>S001,2035.6266365230265,2.528699995138921,1856.4,1294.245437465831,741.3811990571952,0.3642029367052886,1,741.3811990571952,-5.482207291600503,1
R002664,B,2,S001>S002,1975.6266365230265,2.426202333890987,2222.4,1258.236519464691,717.3901170583352,0.3631202899353974,1,717.3901170583352,-5.482207291600503,1
R002665,B,2,S002>S001,1975.6266365230265,2.47229658273821,1916.4,1264.245437465831,711.3811990571952,0.3600787648364468,1,711.3811990571952,-5.482207291600503,1
R002668,B,2,S001>S002,1975.6266365230265,2.244156878625479,2222.4,1258.236519464691,717.3901170583352,0.3631202899353974,1,717.3901170583352,-5.482207291600503,1
R002669,B,2,S002>S001,1975.6266365230265,2.269463952802571,1916.4,1264.245437465831,711.3811990571952,0.3600787648364468,1,711.3811990571952,-5.482207291600503,1
R002681,B,2,S002>S001,2035.6266365230265,2.813831084687621,1856.4,1324.245437465831,711.3811990571952,0.3494654600670177,1,711.3811990571952,-5.482207291600503,1
R002688,B,2,S001>S002,2035.6266365230265,2.3009802603649803,2711.7,1318.236519464691,717.3901170583352,0.3524173363557872,1,717.3901170583352,-5.482207291600503,1
R002690,B,2,S001>S002,2035.6266365230265,2.3333502575194807,2711.7,1318.236519464691,717.3901170583352,0.3524173363557872,1,717.3901170583352,-5.482207291600503,1
R002692,B,2,S001>S002,2035.6266365230265,2.4631038967822363,2162.4,1318.236519464691,717.3901170583352,0.3524173363557872,1,717.3901170583352,-5.482207291600503,1
R002693,B,2,S002>S001,2035.6266365230265,2.577258981444066,1856.4,1324.245437465831,711.3811990571952,0.3494654600670177,1,711.3811990571952,-5.482207291600503,1
R002694,B,2,S001>S002,2035.6266365230265,2.2615163426734206,2162.4,1318.236519464691,717.3901170583352,0.3524173363557872,1,717.3901170583352,-5.482207291600503,1
R002708,B,2,S001>S003,2461.185882874073,2.861307424263077,,1629.9961440687418,831.189738805331,0.3377192046277713,1,831.189738805331,-5.288334514260441,1
R002709,B,2,S003>S001,2461.185882874073,2.9438355805305,,1635.3117258794937,825.8741569945793,0.3355594401631123,1,825.8741569945793,-5.288334514260441,1
R002710,B,2,S001>S003,2461.185882874073,2.906227700956186,,1629.9961440687418,831.189738805331,0.3377192046277713,1,831.189738805331,-5.288334514260441,1
R002712,B,2,S001>S003,2461.185882874073,3.0862299510566604,5471.0,1629.9961440687418,831.189738805331,0.3377192046277713,1,831.189738805331,-5.288334514260441,1
R002713,B,2,S003>S001,2461.185882874073,3.146451211807825,5941.9,1635.3117258794937,825.8741569945793,0.3355594401631123,1,825.8741569945793,-5.288334514260441,1
R002714,B,2,S001>S003,2461.185882874073,2.806834080888577,5471.0,1629.9961440687418,831.189738805331,0.3377192046277713,1,831.189738805331,-5.288334514260441,1
R002715,B,2,S003>S001,2461.185882874073,2.8913475497869765,5941.9,1635.3117258794937,825.8741569945793,0.3355594401631123,1,825.8741569945793,-5.288334514260441,1
R002716,B,2,S001>S003,2461.185882874073,2.878442912717186,,1629.9961440687418,831.189738805331,0.3377192046277713,1,831.189738805331,-5.288334514260441,1
R002717,B,2,S003>S001,2461.185882874073,3.0117444263834687,,1635.3117258794937,825.8741569945793,0.3355594401631123,1,825.8741569945793,-5.288334514260441,1
R002722,B,2,S003>S001,2461.185882874073,2.951750424077961,5941.9,1635.3117258794937,825.8741569945793,0.3355594401631123,1,825.8741569945793,-5.288334514260441,1
R002725,B,2,S001>S003,2521.185882874073,2.899759991486479,5411.0,1689.9961440687416,831.1897388053312,0.32968205337474,1,831.1897388053312,-5.288334514260441,1
R002732,B,2,S001>S003,2461.185882874073,2.8395920587042944,2771.7,1629.9961440687418,831.189738805331,0.3377192046277713,1,831.189738805331,-5.288334514260441,1
R002733,B,2,S003>S001,2461.185882874073,2.860343790721259,1430.9,1635.3117258794937,825.8741569945793,0.3355594401631123,1,825.8741569945793,-5.288334514260441,1
R002734,B,2,S001>S003,2461.185882874073,2.8813456036818383,2771.7,1629.9961440687418,831.189738805331,0.3377192046277713,1,831.189738805331,-5.288334514260441,1
R002736,B,2,S001>S003,2521.185882874073,3.12193458275666,2741.7,1659.9961440687416,861.1897388053312,0.3415812156712546,1,861.1897388053312,-5.288334514260441,1
R002737,B,2,S003>S001,2521.185882874073,3.0839922155333297,1370.9,1665.3117258794937,855.8741569945793,0.33947284998237,1,855.8741569945793,-5.288334514260441,1
R002738,B,2,S001>S003,2461.185882874073,3.049328388165411,2771.7,1629.9961440687418,831.189738805331,0.3377192046277713,1,831.189738805331,-5.288334514260441,1
R002739,B,2,S003>S001,2461.185882874073,3.026964214462711,1430.9,1635.3117258794937,825.8741569945793,0.3355594401631123,1,825.8741569945793,-5.288334514260441,1
R002740,B,2,S001>S003,2461.185882874073,2.789474616840635,2771.7,1629.9961440687418,831.189738805331,0.3377192046277713,1,831.189738805331,-5.288334514260441,1
R002749,B,2,S003>S001,2521.185882874073,2.9855163214251283,1370.9,1695.3117258794937,825.8741569945793,0.3275736876858554,1,825.8741569945793,-5.288334514260441,1
R002750,B,2,S001>S003,2521.185882874073,2.9603027575411955,2711.7,1689.9961440687416,831.1897388053312,0.32968205337474,1,831.1897388053312,-5.288334514260441,1
R002751,B,2,S003>S001,2521.185882874073,3.190444053571134,1370.9,1695.3117258794937,825.8741569945793,0.3275736876858554,1,825.8741569945793,-5.288334514260441,1
R002752,B,2,S001>S003,2521.185882874073,3.1675220643697592,2711.7,1689.9961440687416,831.1897388053312,0.32968205337474,1,831.1897388053312,-5.288334514260441,1
R002754,B,2,S003>S001,2521.185882874073,3.060577196283223,1370.9,1695.3117258794937,825.8741569945793,0.3275736876858554,1,825.8741569945793,-5.288334514260441,1
R002755,B,2,S001>S003,2521.185882874073,3.054722653808043,2711.7,1689.9961440687416,831.1897388053312,0.32968205337474,1,831.1897388053312,-5.288334514260441,1
R002757,B,2,S001>S003,2521.185882874073,2.861307424263077,2711.7,1689.9961440687416,831.1897388053312,0.32968205337474,1,831.1897388053312,-5.288334514260441,1
R002758,B,2,S003>S001,2521.185882874073,2.9438355805305,1370.9,1695.3117258794937,825.8741569945793,0.3275736876858554,1,825.8741569945793,-5.288334514260441,1
R002759,B,2,S001>S003,2521.185882874073,2.906227700956186,2711.7,1689.9961440687416,831.1897388053312,0.32968205337474,1,831.1897388053312,-5.288334514260441,1
R002760,B,2,S003>S001,2521.185882874073,2.985129117311136,1370.9,1695.3117258794937,825.8741569945793,0.3275736876858554,1,825.8741569945793,-5.288334514260441,1
R002761,B,2,S001>S003,2521.185882874073,3.0862299510566604,2711.7,1689.9961440687416,831.1897388053312,0.32968205337474,1,831.1897388053312,-5.288334514260441,1
R002762,B,2,S003>S001,2521.185882874073,3.146451211807825,1370.9,1695.3117258794937,825.8741569945793,0.3275736876858554,1,825.8741569945793,-5.288334514260441,1
R002764,B,2,S003>S001,2521.185882874073,2.8913475497869765,1370.9,1695.3117258794937,825.8741569945793,0.3275736876858554,1,825.8741569945793,-5.288334514260441,1
R002765,B,2,S001>S003,2581.185882874073,2.931327446129477,2681.7,1719.9961440687416,861.1897388053312,0.3336411160928954,1,861.1897388053312,-5.288334514260441,1
R002766,B,2,S003>S001,2581.185882874073,3.0078660493303437,1310.9,1725.3117258794937,855.8741569945793,0.3315817596373916,1,855.8741569945793,-5.288334514260441,1
R002767,B,2,S001>S003,2581.185882874073,2.987115966253449,2681.7,1719.9961440687416,861.1897388053312,0.3336411160928954,1,861.1897388053312,-5.288334514260441,1
R002768,B,2,S003>S001,2581.185882874073,3.0579679735284286,1310.9,1725.3117258794937,855.8741569945793,0.3315817596373916,1,855.8741569945793,-5.288334514260441,1
R002769,B,2,S001>S003,2581.185882874073,2.8551345086691318,2651.7,1749.9961440687416,831.1897388053312,0.3220185513643931,1,831.1897388053312,-5.288334514260441,1
R002770,B,2,S003>S001,2581.185882874073,3.1021004228050453,1310.9,1755.3117258794937,825.8741569945793,0.3199591949088894,1,825.8741569945793,-5.288334514260441,1
R002771,B,2,S001>S003,2581.185882874073,2.8759862115489776,2651.7,1749.9961440687416,831.1897388053312,0.3220185513643931,1,831.1897388053312,-5.288334514260441,1
R002772,B,2,S003>S001,2581.185882874073,3.193874255662478,1310.9,1755.3117258794937,825.8741569945793,0.3199591949088894,1,825.8741569945793,-5.288334514260441,1
R002773,B,2,S001>S003,2581.185882874073,2.95813870987405,2651.7,1749.9961440687416,831.1897388053312,0.3220185513643931,1,831.1897388053312,-5.288334514260441,1
R002774,B,2,S001>S004,2166.4843458792902,2.476880600142908,,1517.8203499210388,648.6639959582515,0.2994085773996139,1,648.6639959582515,-5.8403154647654105,1
R002775,B,2,S004>S001,2166.4843458792902,2.562900976756316,,1521.9726496990804,644.5116961802098,0.2974919700694297,1,644.5116961802098,-5.8403154647654105,1
R002776,B,2,S001>S004,2166.4843458792902,2.511872747674877,,1517.8203499210388,648.6639959582515,0.2994085773996139,1,648.6639959582515,-5.8403154647654105,1
R002777,B,2,S004>S001,2166.4843458792902,2.605492954814452,,1521.9726496990804,644.5116961802098,0.2974919700694297,1,644.5116961802098,-5.8403154647654105,1
R002778,B,2,S001>S004,2166.4843458792902,2.651696544867071,5714.8,1517.8203499210388,648.6639959582515,0.2994085773996139,1,648.6639959582515,-5.8403154647654105,1
R002779,B,2,S004>S001,2166.4843458792902,2.7732091285251945,5985.5,1521.9726496990804,644.5116961802098,0.2974919700694297,1,644.5116961802098,-5.8403154647654105,1
R002780,B,2,S001>S004,2166.4843458792902,2.4341509821380747,5714.8,1517.8203499210388,648.6639959582515,0.2994085773996139,1,648.6639959582515,-5.8403154647654105,1
R002781,B,2,S004>S001,2166.4843458792902,2.509096106354969,5985.5,1521.9726496990804,644.5116961802098,0.2974919700694297,1,644.5116961802098,-5.8403154647654105,1
R002782,B,2,S001>S004,2166.4843458792902,2.4940160885970166,,1517.8203499210388,648.6639959582515,0.2994085773996139,1,648.6639959582515,-5.8403154647654105,1
R002783,B,2,S004>S001,2166.4843458792902,2.6230142875034232,,1521.9726496990804,644.5116961802098,0.2974919700694297,1,644.5116961802098,-5.8403154647654105,1
R002784,B,2,S001>S004,2166.4843458792902,2.531408363304477,,1517.8203499210388,648.6639959582515,0.2994085773996139,1,648.6639959582515,-5.8403154647654105,1
R002785,B,2,S004>S001,2166.4843458792902,2.671674851506416,,1521.9726496990804,644.5116961802098,0.2974919700694297,1,644.5116961802098,-5.8403154647654105,1
R002786,B,2,S001>S004,2166.4843458792902,2.680797487829582,5714.8,1517.8203499210388,648.6639959582515,0.2994085773996139,1,648.6639959582515,-5.8403154647654105,1
R002787,B,2,S004>S001,2166.4843458792902,2.863576414892842,5985.5,1521.9726496990804,644.5116961802098,0.2974919700694297,1,644.5116961802098,-5.8403154647654105,1
R002788,B,2,S001>S004,2166.4843458792902,2.448119738876619,5714.8,1517.8203499210388,648.6639959582515,0.2994085773996139,1,648.6639959582515,-5.8403154647654105,1
R002789,B,2,S004>S001,2166.4843458792902,2.561202514894376,5985.5,1521.9726496990804,644.5116961802098,0.2974919700694297,1,644.5116961802098,-5.8403154647654105,1
R002794,B,2,S001>S004,2226.4843458792902,2.527076892735977,5654.8,1577.8203499210388,648.6639959582515,0.2913400209432323,1,648.6639959582515,-5.8403154647654105,1
R002795,B,2,S004>S001,2226.4843458792902,2.860658822954602,5955.5,1581.9726496990804,644.5116961802098,0.289475062949826,1,644.5116961802098,-5.8403154647654105,1
R002797,B,2,S004>S001,2166.4843458792902,2.862345439700935,1725.6,1521.9726496990804,644.5116961802098,0.2974919700694297,1,644.5116961802098,-5.8403154647654105,1
R002799,B,2,S004>S001,2166.4843458792902,2.935191393379611,1725.6,1521.9726496990804,644.5116961802098,0.2974919700694297,1,644.5116961802098,-5.8403154647654105,1
R002800,B,2,S001>S004,2166.4843458792902,2.7985716812298067,2771.7,1517.8203499210388,648.6639959582515,0.2994085773996139,1,648.6639959582515,-5.8403154647654105,1
R002802,B,2,S004>S001,2166.4843458792902,2.770143127435385,1725.6,1521.9726496990804,644.5116961802098,0.2974919700694297,1,644.5116961802098,-5.8403154647654105,1
R002806,B,2,S001>S004,2166.4843458792902,2.4551652345841246,2771.7,1517.8203499210388,648.6639959582515,0.2994085773996139,1,648.6639959582515,-5.8403154647654105,1
R002807,B,2,S004>S001,2166.4843458792902,2.4885848434922515,1725.6,1521.9726496990804,644.5116961802098,0.2974919700694297,1,644.5116961802098,-5.8403154647654105,1
R002808,B,2,S001>S004,2166.4843458792902,2.486990650400529,2771.7,1517.8203499210388,648.6639959582515,0.2994085773996139,1,648.6639959582515,-5.8403154647654105,1
R002809,B,2,S004>S001,2166.4843458792902,2.523169919342687,1725.6,1521.9726496990804,644.5116961802098,0.2974919700694297,1,644.5116961802098,-5.8403154647654105,1
R002810,B,2,S001>S004,2166.4843458792902,2.614794981975822,2771.7,1517.8203499210388,648.6639959582515,0.2994085773996139,1,648.6639959582515,-5.8403154647654105,1
R002811,B,2,S004>S001,2166.4843458792902,2.660495553396927,1725.6,1521.9726496990804,644.5116961802098,0.2974919700694297,1,644.5116961802098,-5.8403154647654105,1
R002814,B,2,S001>S004,2166.4843458792902,2.4167915180901325,2771.7,1517.8203499210388,648.6639959582515,0.2994085773996139,1,648.6639959582515,-5.8403154647654105,1
R002815,B,2,S004>S001,2166.4843458792902,2.4457936239323264,1725.6,1521.9726496990804,644.5116961802098,0.2974919700694297,1,644.5116961802098,-5.8403154647654105,1
R002823,B,2,S004>S001,2226.4843458792902,2.5903202598285584,1665.6,1581.9726496990804,644.5116961802098,0.289475062949826,1,644.5116961802098,-5.8403154647654105,1
R002825,B,2,S004>S001,2226.4843458792902,2.7899513264521434,1665.6,1581.9726496990804,644.5116961802098,0.289475062949826,1,644.5116961802098,-5.8403154647654105,1
R002826,B,2,S001>S004,2226.4843458792902,2.7329886581801706,2711.7,1577.8203499210388,648.6639959582515,0.2913400209432323,1,648.6639959582515,-5.8403154647654105,1
R002827,B,2,S004>S001,2226.4843458792902,3.026484290209284,1665.6,1581.9726496990804,644.5116961802098,0.289475062949826,1,644.5116961802098,-5.8403154647654105,1
R002829,B,2,S004>S001,2226.4843458792902,2.6550609420274696,1665.6,1581.9726496990804,644.5116961802098,0.289475062949826,1,644.5116961802098,-5.8403154647654105,1
R002831,B,2,S004>S001,2226.4843458792902,3.114372904343357,1665.6,1581.9726496990804,644.5116961802098,0.289475062949826,1,644.5116961802098,-5.8403154647654105,1
R002833,B,2,S004>S001,2226.4843458792902,2.9106657298722847,1665.6,1581.9726496990804,644.5116961802098,0.289475062949826,1,644.5116961802098,-5.8403154647654105,1
R002834,B,2,S001>S004,2226.4843458792902,2.476880600142908,2711.7,1577.8203499210388,648.6639959582515,0.2913400209432323,1,648.6639959582515,-5.8403154647654105,1
R002835,B,2,S004>S001,2226.4843458792902,2.562900976756316,1665.6,1581.9726496990804,644.5116961802098,0.289475062949826,1,644.5116961802098,-5.8403154647654105,1
R002837,B,2,S004>S001,2226.4843458792902,2.605492954814452,1665.6,1581.9726496990804,644.5116961802098,0.289475062949826,1,644.5116961802098,-5.8403154647654105,1
R002838,B,2,S001>S004,2226.4843458792902,2.651696544867071,2711.7,1577.8203499210388,648.6639959582515,0.2913400209432323,1,648.6639959582515,-5.8403154647654105,1
R002839,B,2,S004>S001,2226.4843458792902,2.7732091285251945,1665.6,1581.9726496990804,644.5116961802098,0.289475062949826,1,644.5116961802098,-5.8403154647654105,1
R002840,B,2,S001>S004,2226.4843458792902,2.4341509821380747,2711.7,1577.8203499210388,648.6639959582515,0.2913400209432323,1,648.6639959582515,-5.8403154647654105,1
R002846,B,2,S001>S004,2286.4843458792902,2.745770760055577,2681.7,1607.8203499210388,678.6639959582515,0.2968155006971038,1,678.6639959582515,-5.8403154647654105,1
R002847,B,2,S004>S001,2286.4843458792902,2.8865223574861734,1605.6,1611.9726496990804,674.5116961802098,0.2949994813635252,1,674.5116961802098,-5.8403154647654105,1
R002854,B,2,S001>S005,1773.2519109993514,1.7945318432815371,,1345.299863218892,427.95204778045934,0.241337423704948,1,427.95204778045934,-2.547971547580076,1
R002855,B,2,S005>S001,1773.2519109993514,1.8355947747151016,,1356.8407015212883,416.4112094780629,0.2348291333538651,1,416.4112094780629,-2.547971547580076,1
R002856,B,2,S001>S005,1773.2519109993514,1.8222527830813984,,1345.299863218892,427.95204778045934,0.241337423704948,1,427.95204778045934,-2.547971547580076,1
R002857,B,2,S005>S001,1773.2519109993514,1.8648519719988397,,1356.8407015212883,416.4112094780629,0.2348291333538651,1,416.4112094780629,-2.547971547580076,1
R002858,B,2,S001>S005,1773.2519109993514,1.9325153362736256,9503.5,1345.299863218892,427.95204778045934,0.241337423704948,1,427.95204778045934,-2.547971547580076,1
R002859,B,2,S005>S001,1773.2519109993514,1.979963246629147,9787.7,1356.8407015212883,416.4112094780629,0.2348291333538651,1,416.4112094780629,-2.547971547580076,1
R002860,B,2,S001>S005,1773.2519109993514,1.7603622035558746,9503.5,1345.299863218892,427.95204778045934,0.241337423704948,1,427.95204778045934,-2.547971547580076,1
R002861,B,2,S005>S001,1773.2519109993514,1.7986110071203845,9787.7,1356.8407015212883,416.4112094780629,0.2348291333538651,1,416.4112094780629,-2.547971547580076,1
R002862,B,2,S001>S005,1773.2519109993514,1.811667331735646,,1345.299863218892,427.95204778045934,0.241337423704948,1,427.95204778045934,-2.547971547580076,1
R002863,B,2,S005>S001,1773.2519109993514,1.875354159455703,,1356.8407015212883,416.4112094780629,0.2348291333538651,1,416.4112094780629,-2.547971547580076,1
R002864,B,2,S001>S005,1773.2519109993514,1.8417883987109984,,1345.299863218892,427.95204778045934,0.241337423704948,1,427.95204778045934,-2.547971547580076,1
R002869,B,2,S005>S001,1773.2519109993514,1.832889549258561,9787.7,1356.8407015212883,416.4112094780629,0.2348291333538651,1,416.4112094780629,-2.547971547580076,1
R002874,B,2,S001>S005,1833.2519109993516,1.8532881141537767,9443.5,1405.299863218892,427.95204778045934,0.2334387572230441,1,427.95204778045934,-2.547971547580076,1
R002875,B,2,S005>S001,1833.2519109993516,2.029336386186895,9757.7,1416.8407015212883,416.4112094780629,0.2271434749254219,1,416.4112094780629,-2.547971547580076,1
R002888,B,2,S001>S005,1773.2519109993514,1.772816477722754,2771.7,1345.299863218892,427.95204778045934,0.241337423704948,1,427.95204778045934,-2.547971547580076,1
R002890,B,2,S001>S005,1773.2519109993514,1.797370685807051,2771.7,1345.299863218892,427.95204778045934,0.241337423704948,1,427.95204778045934,-2.547971547580076,1
R002892,B,2,S001>S005,1773.2519109993514,1.8956137733823764,2771.7,1345.299863218892,427.95204778045934,0.241337423704948,1,427.95204778045934,-2.547971547580076,1
R002896,B,2,S001>S005,1773.2519109993514,1.7430027395079328,2771.7,1345.299863218892,427.95204778045934,0.241337423704948,1,427.95204778045934,-2.547971547580076,1
R002898,B,2,S001>S005,1833.2519109993516,1.8110847955711944,2741.7,1375.299863218892,457.95204778045934,0.2498031203637574,1,457.95204778045934,-2.547971547580076,1
R002936,B,2,S001>S006,1787.5544443474505,1.843460026012976,,1787.5544443474505,0.0,0.0,0,0.0,1.868477871682444,0
R002937,B,2,S006>S001,1787.5544443474505,1.846758750563803,,1787.5544443474505,0.0,0.0,0,0.0,1.868477871682444,0
R002938,B,2,S001>S006,1787.5544443474505,1.8794794245127369,,1787.5544443474505,0.0,0.0,0,0.0,1.868477871682444,0
R002939,B,2,S006>S001,1787.5544443474505,1.8652141937535744,,1787.5544443474505,0.0,0.0,0,0.0,1.868477871682444,0
R002940,B,2,S001>S006,1787.5544443474505,2.0237288407502545,2137.0,1787.5544443474505,0.0,0.0,0,0.0,1.868477871682444,0
R002941,B,2,S006>S001,1787.5544443474505,1.936983411166806,2747.9,1787.5544443474505,0.0,0.0,0,0.0,1.868477871682444,0
R002944,B,2,S001>S006,1787.5544443474505,1.860595514467085,,1787.5544443474505,0.0,0.0,0,0.0,1.868477871682444,0
R002945,B,2,S006>S001,1787.5544443474505,1.8831080204658928,,1787.5544443474505,0.0,0.0,0,0.0,1.868477871682444,0
R002946,B,2,S001>S006,1787.5544443474505,1.899015040142337,,1787.5544443474505,0.0,0.0,0,0.0,1.868477871682444,0
R002956,B,2,S001>S006,1847.5544443474505,1.8925225129078345,2077.0,1847.5544443474505,0.0,0.0,0,0.0,1.868477871682444,0
R002957,B,2,S006>S001,1847.5544443474505,2.047462994261839,2717.9,1847.5544443474505,0.0,0.0,0,0.0,1.868477871682444,0
R002966,B,2,S001>S006,1847.5544443474505,2.062471539742773,2077.0,1847.5544443474505,0.0,0.0,0,0.0,1.868477871682444,0
R002969,B,2,S006>S001,1847.5544443474505,2.276310608566823,2044.5,1847.5544443474505,0.0,0.0,0,0.0,1.868477871682444,0
R002978,B,2,S001>S006,1787.5544443474505,1.7822371382619904,2137.0,1787.5544443474505,0.0,0.0,0,0.0,1.868477871682444,0
R002979,B,2,S006>S001,1787.5544443474505,1.7835346060357016,2104.5,1787.5544443474505,0.0,0.0,0,0.0,1.868477871682444,0
R002980,B,2,S001>S006,1847.5544443474505,1.8730033997322968,2077.0,1847.5544443474505,0.0,0.0,0,0.0,1.868477871682444,0
R003001,B,2,S006>S001,1847.5544443474505,1.8652141937535744,2044.5,1847.5544443474505,0.0,0.0,0,0.0,1.868477871682444,0
R003002,B,2,S001>S006,1847.5544443474505,2.0237288407502545,2077.0,1847.5544443474505,0.0,0.0,0,0.0,1.868477871682444,0
R003003,B,2,S006>S001,1847.5544443474505,1.936983411166806,2044.5,1847.5544443474505,0.0,0.0,0,0.0,1.868477871682444,0
R003004,B,2,S001>S006,1847.5544443474505,1.7995966023099323,2077.0,1847.5544443474505,0.0,0.0,0,0.0,1.868477871682444,0
R003018,B,2,S001>S007,1985.396204095139,2.0591279452824702,,1629.3244841354187,356.0717199597202,0.1793454219491685,1,356.0717199597202,-1.2114589415920705,1
R003019,B,2,S007>S001,1985.3962040951387,2.0917875824649905,,1617.5270403672162,367.8691637279227,0.1852875325182674,1,367.8691637279227,-1.2114589415920705,1
R003020,B,2,S001>S007,1985.396204095139,2.095108607360486,,1629.3244841354187,356.0717199597202,0.1793454219491685,1,356.0717199597202,-1.2114589415920705,1
R003021,B,2,S007>S001,1985.3962040951387,2.118428332809515,,1617.5270403672162,367.8691637279227,0.1852875325182674,1,367.8691637279227,-1.2114589415920705,1
R003022,B,2,S001>S007,1985.396204095139,2.238792313993243,2125.1,1629.3244841354187,356.0717199597202,0.1793454219491685,1,356.0717199597202,-1.2114589415920705,1
R003023,B,2,S007>S001,1985.3962040951387,2.2217291100349703,2564.3,1617.5270403672162,367.8691637279227,0.1852875325182674,1,367.8691637279227,-1.2114589415920705,1
R003026,B,2,S001>S007,1985.396204095139,2.0762634337365795,,1629.3244841354187,356.0717199597202,0.1793454219491685,1,356.0717199597202,-1.2114589415920705,1
R003027,B,2,S007>S001,1985.3962040951387,2.13602833282231,,1617.5270403672162,367.8691637279227,0.1852875325182674,1,367.8691637279227,-1.2114589415920705,1
R003028,B,2,S001>S007,1985.396204095139,2.114644222990086,,1629.3244841354187,356.0717199597202,0.1793454219491685,1,356.0717199597202,-1.2114589415920705,1
R003030,B,2,S001>S007,1985.396204095139,2.2678932569557544,2125.1,1629.3244841354187,356.0717199597202,0.1793454219491685,1,356.0717199597202,-1.2114589415920705,1
R003038,B,2,S001>S007,2045.396204095139,2.1081123785749964,2065.1,1689.3244841354187,356.0717199597202,0.1740844728502087,1,356.0717199597202,-1.2114589415920705,1
R003039,B,2,S007>S001,2045.3962040951387,2.3238623967626864,2534.3,1677.5270403672162,367.8691637279227,0.1798522765376227,1,367.8691637279227,-1.2114589415920705,1
R003040,B,2,S001>S007,1985.396204095139,2.1434662732753376,2771.7,1629.3244841354187,356.0717199597202,0.1793454219491685,1,356.0717199597202,-1.2114589415920705,1
R003042,B,2,S001>S007,1985.396204095139,2.191412389861755,2771.7,1629.3244841354187,356.0717199597202,0.1793454219491685,1,356.0717199597202,-1.2114589415920705,1
R003044,B,2,S001>S007,1985.396204095139,2.385667450355979,2125.1,1629.3244841354187,356.0717199597202,0.1793454219491685,1,356.0717199597202,-1.2114589415920705,1
R003050,B,2,S001>S007,2045.396204095139,2.202532274841843,2065.1,1689.3244841354187,356.0717199597202,0.1740844728502087,1,356.0717199597202,-1.2114589415920705,1
R003052,B,2,S001>S007,1985.396204095139,2.0374125797236875,2771.7,1629.3244841354187,356.0717199597202,0.1793454219491685,1,356.0717199597202,-1.2114589415920705,1
R003054,B,2,S001>S007,1985.396204095139,2.0702265100861386,2771.7,1629.3244841354187,356.0717199597202,0.1793454219491685,1,356.0717199597202,-1.2114589415920705,1
R003056,B,2,S001>S007,1985.396204095139,2.201890751101994,2125.1,1629.3244841354187,356.0717199597202,0.1793454219491685,1,356.0717199597202,-1.2114589415920705,1
R003060,B,2,S001>S007,1985.396204095139,1.9978270039291524,2125.1,1629.3244841354187,356.0717199597202,0.1793454219491685,1,356.0717199597202,-1.2114589415920705,1
R003068,B,2,S001>S007,2045.396204095139,2.036901833535877,2065.1,1689.3244841354187,356.0717199597202,0.1740844728502087,1,356.0717199597202,-1.2114589415920705,1
R003070,B,2,S001>S007,2045.396204095139,2.149183663945496,2711.7,1689.3244841354187,356.0717199597202,0.1740844728502087,1,356.0717199597202,-1.2114589415920705,1
R003071,B,2,S007>S001,2045.3962040951387,2.2516951911836425,1846.7,1677.5270403672162,367.8691637279227,0.1798522765376227,1,367.8691637279227,-1.2114589415920705,1
R003072,B,2,S001>S007,2045.396204095139,2.320084427306343,2065.1,1689.3244841354187,356.0717199597202,0.1740844728502087,1,356.0717199597202,-1.2114589415920705,1
R003073,B,2,S007>S001,2045.3962040951387,2.395277026991069,1846.7,1677.5270403672162,367.8691637279227,0.1798522765376227,1,367.8691637279227,-1.2114589415920705,1
R003074,B,2,S001>S007,2045.396204095139,2.054037321989986,2065.1,1689.3244841354187,356.0717199597202,0.1740844728502087,1,356.0717199597202,-1.2114589415920705,1
R003076,B,2,S001>S007,2045.396204095139,2.2436035602123434,2711.7,1689.3244841354187,356.0717199597202,0.1740844728502087,1,356.0717199597202,-1.2114589415920705,1
R003078,B,2,S001>S007,2045.396204095139,2.1212401615287444,2065.1,1689.3244841354187,356.0717199597202,0.1740844728502087,1,356.0717199597202,-1.2114589415920705,1
R003080,B,2,S001>S007,2045.396204095139,2.0591279452824702,2711.7,1689.3244841354187,356.0717199597202,0.1740844728502087,1,356.0717199597202,-1.2114589415920705,1
R003081,B,2,S007>S001,2045.3962040951387,2.0917875824649905,1846.7,1677.5270403672162,367.8691637279227,0.1798522765376227,1,367.8691637279227,-1.2114589415920705,1
R003082,B,2,S001>S007,2045.396204095139,2.095108607360486,2711.7,1689.3244841354187,356.0717199597202,0.1740844728502087,1,356.0717199597202,-1.2114589415920705,1
R003084,B,2,S001>S007,2045.396204095139,2.238792313993243,2065.1,1689.3244841354187,356.0717199597202,0.1740844728502087,1,356.0717199597202,-1.2114589415920705,1
R003085,B,2,S007>S001,2045.3962040951387,2.2217291100349703,1846.7,1677.5270403672162,367.8691637279227,0.1798522765376227,1,367.8691637279227,-1.2114589415920705,1
R003086,B,2,S001>S007,2045.396204095139,2.0151864679770943,2065.1,1689.3244841354187,356.0717199597202,0.1740844728502087,1,356.0717199597202,-1.2114589415920705,1
R003088,B,2,S001>S007,2105.396204095139,2.1151714428243724,2005.1,1719.324484135419,386.0717199597202,0.1833724784004,1,386.0717199597202,-1.2114589415920705,1
R003094,B,2,S001>S007,2105.396204095139,2.0634868957576487,2005.1,1749.324484135419,356.0717199597202,0.1691233788999602,1,356.0717199597202,-1.2114589415920705,1
R003096,B,2,S001>S007,2105.396204095139,2.084338598637495,2005.1,1749.324484135419,356.0717199597202,0.1691233788999602,1,356.0717199597202,-1.2114589415920705,1
R003098,B,2,S001>S007,2105.396204095139,2.1664910969625675,2005.1,1749.324484135419,356.0717199597202,0.1691233788999602,1,356.0717199597202,-1.2114589415920705,1
R003113,B,2,S008>S001,2179.1815690592607,3.060224531063916,5996.8,1415.7846471015705,763.3969219576901,0.3503135914862036,2,693.3969219576901,-6.237413833707706,1
R003121,B,2,S008>S001,2239.1815690592607,3.070582523110132,5966.8,1475.7846471015705,763.3969219576901,0.3409267620394059,2,693.3969219576901,-6.237413833707706,1
R003176,B,2,S001>S009,1716.0890852163714,1.81732765078088,,1252.4346887149245,463.65439650144685,0.270180843463023,1,463.65439650144685,-3.209010330240588,1
R003177,B,2,S009>S001,1716.0890852163714,1.8679585604471056,,1258.2097169089427,457.8793683074287,0.2668156171214721,1,457.8793683074287,-3.209010330240588,1
R003178,B,2,S001>S009,1716.0890852163714,1.923302063413312,9552.7,1252.4346887149245,463.65439650144685,0.270180843463023,1,463.65439650144685,-3.209010330240588,1
R003179,B,2,S009>S001,1716.0890852163714,1.9910912009240107,9798.0,1258.2097169089427,457.8793683074287,0.2668156171214721,1,457.8793683074287,-3.209010330240588,1
R003180,B,2,S001>S009,1716.0890852163714,1.757802488427198,9552.7,1252.4346887149245,463.65439650144685,0.270180843463023,1,463.65439650144685,-3.209010330240588,1
R003181,B,2,S009>S001,1716.0890852163714,1.7973883283682424,9798.0,1258.2097169089427,457.8793683074287,0.2668156171214721,1,457.8793683074287,-3.209010330240588,1
R003182,B,2,S001>S009,1716.0890852163714,1.8368632664104805,,1252.4346887149245,463.65439650144685,0.270180843463023,1,463.65439650144685,-3.209010330240588,1
R003183,B,2,S009>S001,1716.0890852163714,1.9128123931643424,,1258.2097169089427,457.8793683074287,0.2668156171214721,1,457.8793683074287,-3.209010330240588,1
R003184,B,2,S001>S009,1716.0890852163714,1.9524030063758235,9552.7,1252.4346887149245,463.65439650144685,0.270180843463023,1,463.65439650144685,-3.209010330240588,1
R003185,B,2,S009>S001,1716.0890852163714,2.0538137771276284,9798.0,1258.2097169089427,457.8793683074287,0.2668156171214721,1,457.8793683074287,-3.209010330240588,1
R003186,B,2,S001>S009,1716.0890852163714,1.7717712451657426,9552.7,1252.4346887149245,463.65439650144685,0.270180843463023,1,463.65439650144685,-3.209010330240588,1
R003187,B,2,S009>S001,1716.0890852163714,1.8318428542884289,9798.0,1258.2097169089427,457.8793683074287,0.2668156171214721,1,457.8793683074287,-3.209010330240588,1
R003192,B,2,S001>S009,1776.0890852163714,1.8507283990251,9492.7,1312.4346887149245,463.65439650144685,0.261053570094409,1,463.65439650144685,-3.209010330240588,1
R003193,B,2,S009>S001,1776.0890852163714,2.030340053353308,9768.0,1318.2097169089427,457.8793683074287,0.2578020281294886,1,457.8793683074287,-3.209010330240588,1
R003204,B,2,S001>S009,1716.0890852163714,1.792445553506533,2771.7,1252.4346887149245,463.65439650144685,0.270180843463023,1,463.65439650144685,-3.209010330240588,1
R003205,B,2,S009>S001,1716.0890852163714,1.8120390320587492,2176.0,1258.2097169089427,457.8793683074287,0.2668156171214721,1,457.8793683074287,-3.209010330240588,1
R003206,B,2,S001>S009,1716.0890852163714,1.8864005005220628,2771.7,1252.4346887149245,463.65439650144685,0.270180843463023,1,463.65439650144685,-3.209010330240588,1
R003207,B,2,S009>S001,1716.0890852163714,1.9127184160524349,2176.0,1258.2097169089427,457.8793683074287,0.2668156171214721,1,457.8793683074287,-3.209010330240588,1
R003210,B,2,S001>S009,1716.0890852163714,1.740443024379256,2771.7,1252.4346887149245,463.65439650144685,0.270180843463023,1,463.65439650144685,-3.209010330240588,1
R003211,B,2,S009>S001,1716.0890852163714,1.7555216388202537,2176.0,1258.2097169089427,457.8793683074287,0.2668156171214721,1,457.8793683074287,-3.209010330240588,1
R003212,B,2,S001>S009,1776.0890852163714,1.8346919341876975,2741.7,1282.4346887149245,493.65439650144685,0.2779446147214556,1,493.65439650144685,-3.209010330240588,1
R003214,B,2,S001>S009,1776.0890852163714,1.9494136617157816,2741.7,1282.4346887149245,493.65439650144685,0.2779446147214556,1,493.65439650144685,-3.209010330240588,1
R003216,B,2,S001>S009,1776.0890852163714,1.7795178539859808,2711.7,1312.4346887149245,463.65439650144685,0.261053570094409,1,463.65439650144685,-3.209010330240588,1
R003228,B,2,S001>S009,1776.0890852163714,1.81732765078088,2711.7,1312.4346887149245,463.65439650144685,0.261053570094409,1,463.65439650144685,-3.209010330240588,1
R003230,B,2,S001>S009,1776.0890852163714,1.923302063413312,2711.7,1312.4346887149245,463.65439650144685,0.261053570094409,1,463.65439650144685,-3.209010330240588,1
R003232,B,2,S001>S009,1776.0890852163714,1.757802488427198,2711.7,1312.4346887149245,463.65439650144685,0.261053570094409,1,463.65439650144685,-3.209010330240588,1
R003244,B,2,S001>S010,1839.3792976696125,1.8847984800176776,,1462.398715221988,376.98058244762456,0.2049498887615171,1,376.98058244762456,-1.6556759388739977,1
R003245,B,2,S010>S001,1839.3792976696125,1.9144008564337376,,1470.7092361884538,368.67006148115865,0.2004317771479989,1,368.67006148115865,-1.6556759388739977,1
R003246,B,2,S001>S010,1839.3792976696125,2.0082099798610966,2230.4,1462.398715221988,376.98058244762456,0.2049498887615171,1,376.98058244762456,-1.6556759388739977,1
R003247,B,2,S010>S001,1839.3792976696125,2.021070704144668,2605.2,1470.7092361884538,368.67006148115865,0.2004317771479989,1,368.67006148115865,-1.6556759388739977,1
R003248,B,2,S001>S010,1839.3792976696125,1.81532930093188,2230.4,1462.398715221988,376.98058244762456,0.2049498887615171,1,376.98058244762456,-1.6556759388739977,1
R003249,B,2,S010>S001,1839.3792976696125,1.8522629784822844,2605.2,1470.7092361884538,368.67006148115865,0.2004317771479989,1,368.67006148115865,-1.6556759388739977,1
R003250,B,2,S001>S010,1839.3792976696125,1.904334095647278,,1462.398715221988,376.98058244762456,0.2049498887615171,1,376.98058244762456,-1.6556759388739977,1
R003251,B,2,S010>S001,1839.3792976696125,1.958196565591631,,1470.7092361884538,368.67006148115865,0.2004317771479989,1,368.67006148115865,-1.6556759388739977,1
R003252,B,2,S001>S010,1839.3792976696125,2.037310922823608,2230.4,1462.398715221988,376.98058244762456,0.2049498887615171,1,376.98058244762456,-1.6556759388739977,1
R003253,B,2,S010>S001,1839.3792976696125,2.079786819650676,2605.2,1470.7092361884538,368.67006148115865,0.2004317771479989,1,368.67006148115865,-1.6556759388739977,1
R003254,B,2,S001>S010,1839.3792976696125,1.8292980576704243,2230.4,1462.398715221988,376.98058244762456,0.2049498887615171,1,376.98058244762456,-1.6556759388739977,1
R003275,B,2,S010>S001,1839.3792976696125,1.947849906981377,2052.7,1470.7092361884538,368.67006148115865,0.2004317771479989,1,368.67006148115865,-1.6556759388739977,1
R003278,B,2,S001>S010,1839.3792976696125,1.797969836883938,2230.4,1462.398715221988,376.98058244762456,0.2049498887615171,1,376.98058244762456,-1.6556759388739977,1
R003281,B,2,S010>S001,1899.3792976696125,1.8996626873990132,1992.7,1500.7092361884538,398.67006148115865,0.2098949177609207,1,398.67006148115865,-1.6556759388739977,1
R003312,B,2,S001>S011,1504.1306688962588,1.355622378747253,,1504.1306688962588,0.0,0.0,0,0.0,2.214023733231812,0
R003313,B,2,S011>S001,1504.1306688962588,1.3422249332668974,,1504.1306688962588,0.0,0.0,0,0.0,2.214023733231812,0
R003314,B,2,S001>S011,1504.1306688962588,1.4569979898343604,9578.5,1504.1306688962588,0.0,0.0,0,0.0,2.214023733231812,0
R003315,B,2,S011>S001,1504.1306688962588,1.404797368647854,9983.0,1504.1306688962588,0.0,0.0,0,0.0,2.214023733231812,0
R003316,B,2,S001>S011,1504.1306688962588,1.2985777375879768,9578.5,1504.1306688962588,0.0,0.0,0,0.0,2.214023733231812,0
R003317,B,2,S011>S001,1504.1306688962588,1.305853984302895,9983.0,1504.1306688962588,0.0,0.0,0,0.0,2.214023733231812,0
R003318,B,2,S001>S011,1504.1306688962588,1.3751579943768533,,1504.1306688962588,0.0,0.0,0,0.0,2.214023733231812,0
R003319,B,2,S011>S001,1504.1306688962588,1.368608820945603,,1504.1306688962588,0.0,0.0,0,0.0,2.214023733231812,0
R003320,B,2,S001>S011,1504.1306688962588,1.4860989327968717,9578.5,1504.1306688962588,0.0,0.0,0,0.0,2.214023733231812,0
R003321,B,2,S011>S001,1504.1306688962588,1.4399776520852037,9983.0,1504.1306688962588,0.0,0.0,0,0.0,2.214023733231812,0
R003322,B,2,S001>S011,1504.1306688962588,1.3125464943265213,9578.5,1504.1306688962588,0.0,0.0,0,0.0,2.214023733231812,0
R003323,B,2,S011>S001,1504.1306688962588,1.3271185182748255,9983.0,1504.1306688962588,0.0,0.0,0,0.0,2.214023733231812,0
R003325,B,2,S011>S001,1564.1306688962588,1.4007576547594136,9923.0,1564.1306688962588,0.0,0.0,0,0.0,2.214023733231812,0
R003327,B,2,S011>S001,1564.1306688962588,1.488359239068918,9923.0,1564.1306688962588,0.0,0.0,0,0.0,2.214023733231812,0
R003328,B,2,S001>S011,1564.1306688962588,1.391503648185879,9518.5,1564.1306688962588,0.0,0.0,0,0.0,2.214023733231812,0
R003329,B,2,S011>S001,1564.1306688962588,1.4489230865882032,9953.0,1564.1306688962588,0.0,0.0,0,0.0,2.214023733231812,0
R003330,B,2,S001>S011,1504.1306688962588,1.4519261612485226,2771.7,1504.1306688962588,0.0,0.0,0,0.0,2.214023733231812,0
R003332,B,2,S001>S011,1504.1306688962588,1.6038731261970962,2771.7,1504.1306688962588,0.0,0.0,0,0.0,2.214023733231812,0
R003333,B,2,S011>S001,1504.1306688962588,1.5825908102219577,2387.9,1504.1306688962588,0.0,0.0,0,0.0,2.214023733231812,0
R003334,B,2,S001>S011,1504.1306688962588,1.3677298682483774,2771.7,1504.1306688962588,0.0,0.0,0,0.0,2.214023733231812,0
R003338,B,2,S001>S011,1564.1306688962588,1.485923544452726,2711.7,1564.1306688962588,0.0,0.0,0,0.0,2.214023733231812,0
R003339,B,2,S011>S001,1564.1306688962588,1.594350863457345,2327.9,1564.1306688962588,0.0,0.0,0,0.0,2.214023733231812,0
R003340,B,2,S001>S011,1504.1306688962588,1.3307402814729057,2771.7,1504.1306688962588,0.0,0.0,0,0.0,2.214023733231812,0
R003341,B,2,S011>S001,1504.1306688962588,1.309456484600663,2387.9,1504.1306688962588,0.0,0.0,0,0.0,2.214023733231812,0
R003343,B,2,S011>S001,1504.1306688962588,1.360975667678386,2387.9,1504.1306688962588,0.0,0.0,0,0.0,2.214023733231812,0
R003346,B,2,S001>S011,1504.1306688962588,1.2812182735400348,2771.7,1504.1306688962588,0.0,0.0,0,0.0,2.214023733231812,0
R003347,B,2,S011>S001,1504.1306688962588,1.2800034441099974,2387.9,1504.1306688962588,0.0,0.0,0,0.0,2.214023733231812,0
R003349,B,2,S011>S001,1564.1306688962588,1.3327243032605456,2327.9,1564.1306688962588,0.0,0.0,0,0.0,2.214023733231812,0
R003351,B,2,S011>S001,1564.1306688962588,1.3952967386415025,2327.9,1564.1306688962588,0.0,0.0,0,0.0,2.214023733231812,0
R003354,B,2,S001>S011,1564.1306688962588,1.409697435332263,2711.7,1564.1306688962588,0.0,0.0,0,0.0,2.214023733231812,0
R003355,B,2,S011>S001,1564.1306688962588,1.4157383470374216,2327.9,1564.1306688962588,0.0,0.0,0,0.0,2.214023733231812,0
R003356,B,2,S001>S011,1564.1306688962588,1.5382901031474596,2711.7,1564.1306688962588,0.0,0.0,0,0.0,2.214023733231812,0
R003357,B,2,S011>S001,1564.1306688962588,1.503339931346926,2327.9,1564.1306688962588,0.0,0.0,0,0.0,2.214023733231812,0
R003358,B,2,S001>S011,1564.1306688962588,1.3374285916008686,2711.7,1564.1306688962588,0.0,0.0,0,0.0,2.214023733231812,0
R003359,B,2,S011>S001,1564.1306688962588,1.3653670292127158,2327.9,1564.1306688962588,0.0,0.0,0,0.0,2.214023733231812,0
R003363,B,2,S011>S001,1564.1306688962588,1.4692051687144394,2327.9,1564.1306688962588,0.0,0.0,0,0.0,2.214023733231812,0
R003364,B,2,S001>S011,1564.1306688962588,1.355622378747253,2711.7,1564.1306688962588,0.0,0.0,0,0.0,2.214023733231812,0
R003365,B,2,S011>S001,1564.1306688962588,1.3422249332668974,2327.9,1564.1306688962588,0.0,0.0,0,0.0,2.214023733231812,0
R003366,B,2,S001>S011,1564.1306688962588,1.4569979898343604,2711.7,1564.1306688962588,0.0,0.0,0,0.0,2.214023733231812,0
R003367,B,2,S011>S001,1564.1306688962588,1.404797368647854,2327.9,1564.1306688962588,0.0,0.0,0,0.0,2.214023733231812,0
R003368,B,2,S001>S011,1564.1306688962588,1.2985777375879768,2711.7,1564.1306688962588,0.0,0.0,0,0.0,2.214023733231812,0
R003369,B,2,S011>S001,1564.1306688962588,1.305853984302895,2327.9,1564.1306688962588,0.0,0.0,0,0.0,2.214023733231812,0
R003370,B,2,S001>S011,1624.1306688962588,1.4012233997561032,2681.7,1624.1306688962588,0.0,0.0,0,0.0,2.214023733231812,0
R003371,B,2,S011>S001,1624.1306688962588,1.3704762976847378,2267.9,1624.1306688962588,0.0,0.0,0,0.0,2.214023733231812,0
R003372,B,2,S001>S011,1624.1306688962588,1.5252797063686092,2681.7,1624.1306688962588,0.0,0.0,0,0.0,2.214023733231812,0
R003373,B,2,S011>S001,1624.1306688962588,1.4467966279954008,2267.9,1624.1306688962588,0.0,0.0,0,0.0,2.214023733231812,0
R003374,B,2,S001>S011,1624.1306688962588,1.3468781653685316,2651.7,1624.1306688962588,0.0,0.0,0,0.0,2.214023733231812,0
R003376,B,2,S001>S011,1624.1306688962588,1.3677298682483774,2651.7,1624.1306688962588,0.0,0.0,0,0.0,2.214023733231812,0
R003379,B,2,S011>S001,1624.1306688962588,1.5389800909461695,2267.9,1624.1306688962588,0.0,0.0,0,0.0,2.214023733231812,0
R003380,B,2,S001>S012,2119.5592724397216,2.4226289166278328,,1419.638210956902,699.9210614828196,0.3302200936693667,1,699.9210614828196,-5.443598579685016,1
R003381,B,2,S012>S001,2119.559272439721,2.50864461033241,,1430.9963818903152,688.5628905494059,0.324861351839826,1,688.5628905494059,-5.443598579685016,1
R003382,B,2,S001>S012,2119.5592724397216,2.559638000379912,2132.4,1419.638210956902,699.9210614828196,0.3302200936693667,1,699.9210614828196,-5.443598579685016,1
R003383,B,2,S012>S001,2119.559272439721,2.669460034795518,2418.2,1430.9963818903152,688.5628905494059,0.324861351839826,1,688.5628905494059,-5.443598579685016,1
R003384,B,2,S001>S012,2119.5592724397216,2.346155040870568,2132.4,1419.638210956902,699.9210614828196,0.3302200936693667,1,699.9210614828196,-5.443598579685016,1
R003385,B,2,S012>S001,2119.559272439721,2.416054401145428,2418.2,1430.9963818903152,688.5628905494059,0.324861351839826,1,688.5628905494059,-5.443598579685016,1
R003386,B,2,S001>S012,2119.5592724397216,2.442164532257433,,1419.638210956902,699.9210614828196,0.3302200936693667,1,699.9210614828196,-5.443598579685016,1
R003387,B,2,S012>S001,2119.559272439721,2.5718449825695937,,1430.9963818903152,688.5628905494059,0.324861351839826,1,688.5628905494059,-5.443598579685016,1
R003388,B,2,S001>S012,2119.5592724397216,2.588738943342423,2132.4,1419.638210956902,699.9210614828196,0.3302200936693667,1,699.9210614828196,-5.443598579685016,1
R003389,B,2,S012>S001,2119.559272439721,2.7557616442718675,2418.2,1430.9963818903152,688.5628905494059,0.324861351839826,1,688.5628905494059,-5.443598579685016,1
R003390,B,2,S001>S012,2119.5592724397216,2.3601237976091123,2132.4,1419.638210956902,699.9210614828196,0.3302200936693667,1,699.9210614828196,-5.443598579685016,1
R003391,B,2,S012>S001,2119.559272439721,2.465810243630163,2418.2,1430.9963818903152,688.5628905494059,0.324861351839826,1,688.5628905494059,-5.443598579685016,1
R003397,B,2,S012>S001,2179.559272439721,2.751591467188954,2388.2,1490.9963818903152,688.5628905494059,0.3159184057328494,1,688.5628905494059,-5.443598579685016,1
R003398,B,2,S001>S012,2119.5592724397216,2.518932699129102,2771.7,1419.638210956902,699.9210614828196,0.3302200936693667,1,699.9210614828196,-5.443598579685016,1
R003399,B,2,S012>S001,2119.559272439721,2.8233924301518547,1772.5,1430.9963818903152,688.5628905494059,0.324861351839826,1,688.5628905494059,-5.443598579685016,1
R003400,B,2,S001>S012,2119.5592724397216,2.706513136742648,2132.4,1419.638210956902,699.9210614828196,0.3302200936693667,1,699.9210614828196,-5.443598579685016,1
R003401,B,2,S012>S001,2119.559272439721,3.106342811673875,1772.5,1430.9963818903152,688.5628905494059,0.324861351839826,1,688.5628905494059,-5.443598579685016,1
R003403,B,2,S012>S001,2119.559272439721,2.6652282234652755,1772.5,1430.9963818903152,688.5628905494059,0.324861351839826,1,688.5628905494059,-5.443598579685016,1
R003407,B,2,S012>S001,2179.559272439721,3.0943097013869423,1712.5,1490.9963818903152,688.5628905494059,0.3159184057328494,1,688.5628905494059,-5.443598579685016,1
R003408,B,2,S001>S012,2119.5592724397216,2.397746819353485,2771.7,1419.638210956902,699.9210614828196,0.3302200936693667,1,699.9210614828196,-5.443598579685016,1
R003409,B,2,S012>S001,2119.559272439721,2.4300001038302343,1772.5,1430.9963818903152,688.5628905494059,0.324861351839826,1,688.5628905494059,-5.443598579685016,1
R003410,B,2,S001>S012,2119.5592724397216,2.5227364374886623,2132.4,1419.638210956902,699.9210614828196,0.3302200936693667,1,699.9210614828196,-5.443598579685016,1
R003411,B,2,S012>S001,2119.559272439721,2.5617872977853597,1772.5,1430.9963818903152,688.5628905494059,0.324861351839826,1,688.5628905494059,-5.443598579685016,1
R003414,B,2,S001>S012,2119.5592724397216,2.3287955768226256,2132.4,1419.638210956902,699.9210614828196,0.3302200936693667,1,699.9210614828196,-5.443598579685016,1
R003415,B,2,S012>S001,2119.559272439721,2.3555778181003517,1772.5,1430.9963818903152,688.5628905494059,0.324861351839826,1,688.5628905494059,-5.443598579685016,1
R003421,B,2,S012>S001,2179.559272439721,2.493608640788369,1712.5,1490.9963818903152,688.5628905494059,0.3159184057328494,1,688.5628905494059,-5.443598579685016,1
R003423,B,2,S012>S001,2179.559272439721,2.6847633828043,1712.5,1490.9963818903152,688.5628905494059,0.3159184057328494,1,688.5628905494059,-5.443598579685016,1
R003424,B,2,S001>S012,2179.5592724397216,2.640930113693011,2072.4,1479.638210956902,699.9210614828196,0.3211296294316202,1,699.9210614828196,-5.443598579685016,1
R003425,B,2,S012>S001,2179.559272439721,2.911310764214046,1712.5,1490.9963818903152,688.5628905494059,0.3159184057328494,1,688.5628905494059,-5.443598579685016,1
R003427,B,2,S012>S001,2179.559272439721,2.5554051777970863,1712.5,1490.9963818903152,688.5628905494059,0.3159184057328494,1,688.5628905494059,-5.443598579685016,1
R003429,B,2,S012>S001,2179.559272439721,2.994389943631954,1712.5,1490.9963818903152,688.5628905494059,0.3159184057328494,1,688.5628905494059,-5.443598579685016,1
R003432,B,2,S001>S012,2179.5592724397216,2.4226289166278328,2711.7,1479.638210956902,699.9210614828196,0.3211296294316202,1,699.9210614828196,-5.443598579685016,1
R003433,B,2,S012>S001,2179.559272439721,2.50864461033241,1712.5,1490.9963818903152,688.5628905494059,0.3159184057328494,1,688.5628905494059,-5.443598579685016,1
R003434,B,2,S001>S012,2179.5592724397216,2.559638000379912,2072.4,1479.638210956902,699.9210614828196,0.3211296294316202,1,699.9210614828196,-5.443598579685016,1
R003435,B,2,S012>S001,2179.559272439721,2.669460034795518,1712.5,1490.9963818903152,688.5628905494059,0.3159184057328494,1,688.5628905494059,-5.443598579685016,1
R003436,B,2,S001>S012,2179.5592724397216,2.346155040870568,2072.4,1479.638210956902,699.9210614828196,0.3211296294316202,1,699.9210614828196,-5.443598579685016,1
R003439,B,2,S012>S001,2239.559272439721,2.5810821416670464,1652.5,1520.9963818903152,718.5628905494059,0.3208501330561441,1,718.5628905494059,-5.443598579685016,1
R003441,B,2,S012>S001,2239.559272439721,2.7780025108170934,1652.5,1520.9963818903152,718.5628905494059,0.3208501330561441,1,718.5628905494059,-5.443598579685016,1
R003445,B,2,S012>S001,2239.559272439721,2.6652282234652755,1652.5,1550.9963818903152,688.5628905494059,0.3074546403048767,1,688.5628905494059,-5.443598579685016,1
R003448,B,2,S001>S013,1724.3699160932651,1.7477908791488763,,1374.928339848393,349.44157624487207,0.2026488475492354,1,349.44157624487207,-1.7783987710747056,1
R003449,B,2,S013>S001,1724.3699160932651,1.7801030142333398,,1373.2435633190348,351.1263527742303,0.2036258864743724,1,351.1263527742303,-1.7783987710747056,1
R003450,B,2,S001>S013,1724.3699160932651,1.8589048578721323,2323.3,1374.928339848393,349.44157624487207,0.2026488475492354,1,349.44157624487207,-1.7783987710747056,1
R003451,B,2,S013>S001,1724.3699160932651,1.887410791187392,2627.3,1373.2435633190348,351.1263527742303,0.2036258864743724,1,351.1263527742303,-1.7783987710747056,1
R003452,B,2,S001>S013,1724.3699160932651,1.6850107391737583,2323.3,1374.928339848393,349.44157624487207,0.2026488475492354,1,349.44157624487207,-1.7783987710747056,1
R003453,B,2,S013>S001,1724.3699160932651,1.7178269419574033,2627.3,1373.2435633190348,351.1263527742303,0.2036258864743724,1,351.1263527742303,-1.7783987710747056,1
R003454,B,2,S001>S013,1724.3699160932651,1.7673264947784766,,1374.928339848393,349.44157624487207,0.2026488475492354,1,349.44157624487207,-1.7783987710747056,1
R003455,B,2,S013>S001,1724.3699160932651,1.8209897651310012,,1373.2435633190348,351.1263527742303,0.2036258864743724,1,351.1263527742303,-1.7783987710747056,1
R003456,B,2,S001>S013,1724.3699160932651,1.888005800834644,2323.3,1374.928339848393,349.44157624487207,0.2026488475492354,1,349.44157624487207,-1.7783987710747056,1
R003457,B,2,S013>S001,1724.3699160932651,1.9434373534442089,2627.3,1373.2435633190348,351.1263527742303,0.2036258864743724,1,351.1263527742303,-1.7783987710747056,1
R003458,B,2,S001>S013,1724.3699160932651,1.6989794959123028,2323.3,1374.928339848393,349.44157624487207,0.2026488475492354,1,349.44157624487207,-1.7783987710747056,1
R003464,B,2,S001>S013,1784.3699160932651,1.7779366497716604,2263.3,1434.928339848393,349.44157624487207,0.1958347162733758,1,349.44157624487207,-1.7783987710747056,1
R003465,B,2,S013>S001,1784.3699160932651,1.9338504647773749,2597.3,1433.2435633190348,351.1263527742303,0.1967789019571644,1,351.1263527742303,-1.7783987710747056,1
R003472,B,2,S001>S013,1784.3699160932651,1.916041296532012,2263.3,1404.928339848393,379.44157624487207,0.2126473736318246,1,379.44157624487207,-1.7783987710747056,1
R003473,B,2,S013>S001,1784.3699160932651,2.0666176840120563,2107.7,1403.2435633190348,381.1263527742303,0.2135915593156131,1,381.1263527742303,-1.7783987710747056,1
R003474,B,2,S001>S013,1784.3699160932651,1.872356546038508,2263.3,1434.928339848393,349.44157624487207,0.1958347162733758,1,349.44157624487207,-1.7783987710747056,1
R003475,B,2,S013>S001,1784.3699160932651,2.1542528713516726,2107.7,1433.2435633190348,351.1263527742303,0.1967789019571644,1,351.1263527742303,-1.7783987710747056,1
R003476,B,2,S001>S013,1724.3699160932651,1.722908781874529,2771.7,1374.928339848393,349.44157624487207,0.2026488475492354,1,349.44157624487207,-1.7783987710747056,1
R003477,B,2,S013>S001,1724.3699160932651,1.7291467820688644,2167.7,1373.2435633190348,351.1263527742303,0.2036258864743724,1,351.1263527742303,-1.7783987710747056,1
R003478,B,2,S001>S013,1724.3699160932651,1.8220032949808829,2323.3,1374.928339848393,349.44157624487207,0.2026488475492354,1,349.44157624487207,-1.7783987710747056,1
R003479,B,2,S013>S001,1724.3699160932651,1.8174303860130023,2167.7,1373.2435633190348,351.1263527742303,0.2036258864743724,1,351.1263527742303,-1.7783987710747056,1
R003482,B,2,S001>S013,1724.3699160932651,1.6676512751258163,2323.3,1374.928339848393,349.44157624487207,0.2026488475492354,1,349.44157624487207,-1.7783987710747056,1
R003483,B,2,S013>S001,1724.3699160932651,1.6787773852268184,2167.7,1373.2435633190348,351.1263527742303,0.2036258864743724,1,351.1263527742303,-1.7783987710747056,1
R003484,B,2,S001>S013,1784.3699160932651,1.7675463436801548,2263.3,1404.928339848393,379.44157624487207,0.2126473736318246,1,379.44157624487207,-1.7783987710747056,1
R003485,B,2,S013>S001,1784.3699160932651,1.7689998989507325,2107.7,1403.2435633190348,381.1263527742303,0.2135915593156131,1,381.1263527742303,-1.7783987710747056,1
R003500,B,2,S001>S013,1784.3699160932651,1.7477908791488763,2711.7,1434.928339848393,349.44157624487207,0.1958347162733758,1,349.44157624487207,-1.7783987710747056,1
R003502,B,2,S001>S013,1784.3699160932651,1.8589048578721323,2263.3,1434.928339848393,349.44157624487207,0.1958347162733758,1,349.44157624487207,-1.7783987710747056,1
R003504,B,2,S001>S013,1784.3699160932651,1.6850107391737583,2263.3,1434.928339848393,349.44157624487207,0.1958347162733758,1,349.44157624487207,-1.7783987710747056,1
R003516,B,2,S001>S014,2219.9207613122026,2.2867885704154256,,1633.4117218654878,586.5090394467147,0.2642026912258018,1,586.5090394467147,-2.749877307286681,1
R003517,B,2,S014>S001,2219.9207613122026,2.332837500513357,,1629.797693187544,590.1230681246586,0.2658306901800562,1,590.1230681246586,-2.749877307286681,1
R003518,B,2,S001>S014,2219.9207613122026,2.4343839314596845,2006.8,1633.4117218654878,586.5090394467147,0.2642026912258018,1,586.5090394467147,-2.749877307286681,1
R003519,B,2,S014>S001,2219.9207613122026,2.456250231282369,2448.1,1629.797693187544,590.1230681246586,0.2658306901800562,1,590.1230681246586,-2.749877307286681,1
R003520,B,2,S001>S014,2219.9207613122026,2.203689580823078,2006.8,1633.4117218654878,586.5090394467147,0.2642026912258018,1,586.5090394467147,-2.749877307286681,1
R003521,B,2,S014>S001,2219.9207613122026,2.26028835085625,2448.1,1629.797693187544,590.1230681246586,0.2658306901800562,1,590.1230681246586,-2.749877307286681,1
R003522,B,2,S001>S014,2219.9207613122026,2.3063241860450256,,1633.4117218654878,586.5090394467147,0.2642026912258018,1,586.5090394467147,-2.749877307286681,1
R003523,B,2,S014>S001,2219.9207613122026,2.3877746832202296,,1629.797693187544,590.1230681246586,0.2658306901800562,1,590.1230681246586,-2.749877307286681,1
R003524,B,2,S001>S014,2219.9207613122026,2.463484874422196,2006.8,1633.4117218654878,586.5090394467147,0.2642026912258018,1,586.5090394467147,-2.749877307286681,1
R003525,B,2,S014>S001,2219.9207613122026,2.5280826943372414,2448.1,1629.797693187544,590.1230681246586,0.2658306901800562,1,590.1230681246586,-2.749877307286681,1
R003526,B,2,S001>S014,2219.9207613122026,2.2176583375616223,2006.8,1633.4117218654878,586.5090394467147,0.2642026912258018,1,586.5090394467147,-2.749877307286681,1
R003527,B,2,S014>S001,2219.9207613122026,2.3053927658648825,2448.1,1629.797693187544,590.1230681246586,0.2658306901800562,1,590.1230681246586,-2.749877307286681,1
R003534,B,2,S001>S014,2219.9207613122026,2.383092352916695,2771.7,1633.4117218654878,586.5090394467147,0.2642026912258018,1,586.5090394467147,-2.749877307286681,1
R003584,B,2,S001>S015,2172.833737173595,2.38247420256781,,1664.9871267112444,507.8466104623508,0.2337254810499001,1,507.8466104623508,-3.669029510894831,1
R003585,B,2,S015>S001,2172.833737173595,2.437455437658852,,1661.7019308698464,511.1318063037488,0.2352374217866411,1,511.1318063037488,-3.669029510894831,1
R003586,B,2,S001>S015,2172.833737173595,2.534043051701203,9238.5,1664.9871267112444,507.8466104623508,0.2337254810499001,1,507.8466104623508,-3.669029510894831,1
R003587,B,2,S015>S001,2172.833737173595,2.5730974799491166,9671.8,1661.7019308698464,511.1318063037488,0.2352374217866411,1,511.1318063037488,-3.669029510894831,1
R003588,B,2,S001>S015,2172.833737173595,2.297357829586928,5638.5,1664.9871267112444,507.8466104623508,0.2337254810499001,1,507.8466104623508,-3.669029510894831,1
R003589,B,2,S015>S001,2172.833737173595,2.358120384477282,6071.8,1661.7019308698464,511.1318063037488,0.2352374217866411,1,511.1318063037488,-3.669029510894831,1
R003590,B,2,S001>S015,2172.833737173595,2.40200981819741,,1664.9871267112444,507.8466104623508,0.2337254810499001,1,507.8466104623508,-3.669029510894831,1
R003591,B,2,S015>S001,2172.833737173595,2.495910284973934,,1661.7019308698464,511.1318063037488,0.2352374217866411,1,511.1318063037488,-3.669029510894831,1
R003592,B,2,S001>S015,2172.833737173595,2.5631439946637142,9238.5,1664.9871267112444,507.8466104623508,0.2337254810499001,1,507.8466104623508,-3.669029510894831,1
R003593,B,2,S015>S001,2172.833737173595,2.650346667638204,9671.8,1661.7019308698464,511.1318063037488,0.2352374217866411,1,511.1318063037488,-3.669029510894831,1
R003594,B,2,S001>S015,2172.833737173595,2.311326586325472,5638.5,1664.9871267112444,507.8466104623508,0.2337254810499001,1,507.8466104623508,-3.669029510894831,1
R003595,B,2,S015>S001,2172.833737173595,2.405637243245691,6071.8,1661.7019308698464,511.1318063037488,0.2352374217866411,1,511.1318063037488,-3.669029510894831,1
R003600,B,2,S001>S015,2232.833737173595,2.39028374018483,5578.5,1724.9871267112444,507.8466104623508,0.2274448840535713,1,507.8466104623508,-3.669029510894831,1
R003601,B,2,S015>S001,2232.833737173595,2.6773375924599363,6041.8,1721.7019308698464,511.1318063037488,0.2289161963983752,1,511.1318063037488,-3.669029510894831,1
R003602,B,2,S001>S015,2172.833737173595,2.47877798506908,2771.7,1664.9871267112444,507.8466104623508,0.2337254810499001,1,507.8466104623508,-3.669029510894831,1
R003603,B,2,S015>S001,2172.833737173595,2.728115906399505,1719.2,1661.7019308698464,511.1318063037488,0.2352374217866411,1,511.1318063037488,-3.669029510894831,1
R003604,B,2,S001>S015,2172.833737173595,2.680918188063939,2771.7,1664.9871267112444,507.8466104623508,0.2337254810499001,1,507.8466104623508,-3.669029510894831,1
R003605,B,2,S015>S001,2172.833737173595,2.9631225814479705,1719.2,1661.7019308698464,511.1318063037488,0.2352374217866411,1,511.1318063037488,-3.669029510894831,1
R003606,B,2,S001>S015,2172.833737173595,2.3665099602473285,2771.7,1664.9871267112444,507.8466104623508,0.2337254810499001,1,507.8466104623508,-3.669029510894831,1
R003610,B,2,S001>S015,2232.833737173595,2.484703636451677,2711.7,1724.9871267112444,507.8466104623508,0.2274448840535713,1,507.8466104623508,-3.669029510894831,1
R003612,B,2,S001>S015,2172.833737173595,2.3575921052934627,2771.7,1664.9871267112444,507.8466104623508,0.2337254810499001,1,507.8466104623508,-3.669029510894831,1
R003614,B,2,S001>S015,2172.833737173595,2.497141488809953,2771.7,1664.9871267112444,507.8466104623508,0.2337254810499001,1,507.8466104623508,-3.669029510894831,1
R003615,B,2,S015>S001,2172.833737173595,2.476894745484333,1719.2,1661.7019308698464,511.1318063037488,0.2352374217866411,1,511.1318063037488,-3.669029510894831,1
R003618,B,2,S001>S015,2172.833737173595,2.2799983655389857,2771.7,1664.9871267112444,507.8466104623508,0.2337254810499001,1,507.8466104623508,-3.669029510894831,1
R003624,B,2,S001>S015,2232.833737173595,2.31907319514571,2711.7,1724.9871267112444,507.8466104623508,0.2274448840535713,1,507.8466104623508,-3.669029510894831,1
R003626,B,2,S001>S015,2232.833737173595,2.4365492591528204,2711.7,1724.9871267112444,507.8466104623508,0.2274448840535713,1,507.8466104623508,-3.669029510894831,1
R003627,B,2,S015>S001,2232.833737173595,2.6002824080491966,1659.2,1721.7019308698464,511.1318063037488,0.2289161963983752,1,511.1318063037488,-3.669029510894831,1
R003628,B,2,S001>S015,2232.833737173595,2.6153351650143017,2711.7,1724.9871267112444,507.8466104623508,0.2274448840535713,1,507.8466104623508,-3.669029510894831,1
R003629,B,2,S015>S001,2232.833737173595,2.789401619528051,1659.2,1721.7019308698464,511.1318063037488,0.2289161963983752,1,511.1318063037488,-3.669029510894831,1
R003630,B,2,S001>S015,2232.833737173595,2.3362086835998195,2711.7,1724.9871267112444,507.8466104623508,0.2274448840535713,1,507.8466104623508,-3.669029510894831,1
R003632,B,2,S001>S015,2232.833737173595,2.530969155419667,2711.7,1724.9871267112444,507.8466104623508,0.2274448840535713,1,507.8466104623508,-3.669029510894831,1
R003633,B,2,S015>S001,2232.833737173595,2.8852434762344243,1659.2,1721.7019308698464,511.1318063037488,0.2289161963983752,1,511.1318063037488,-3.669029510894831,1
R003636,B,2,S001>S015,2232.833737173595,2.38247420256781,2711.7,1724.9871267112444,507.8466104623508,0.2274448840535713,1,507.8466104623508,-3.669029510894831,1
R003637,B,2,S015>S001,2232.833737173595,2.437455437658852,1659.2,1721.7019308698464,511.1318063037488,0.2289161963983752,1,511.1318063037488,-3.669029510894831,1
R003638,B,2,S001>S015,2232.833737173595,2.534043051701203,2711.7,1724.9871267112444,507.8466104623508,0.2274448840535713,1,507.8466104623508,-3.669029510894831,1
R003639,B,2,S015>S001,2232.833737173595,2.5730974799491166,1659.2,1721.7019308698464,511.1318063037488,0.2289161963983752,1,511.1318063037488,-3.669029510894831,1
R003640,B,2,S001>S015,2232.833737173595,2.297357829586928,2711.7,1724.9871267112444,507.8466104623508,0.2274448840535713,1,507.8466104623508,-3.669029510894831,1
R003646,B,2,S001>S015,2292.833737173595,2.3456582573674822,2651.7,1784.9871267112444,507.8466104623508,0.221492994554581,1,507.8466104623508,-3.669029510894831,1
R003647,B,2,S015>S001,2292.833737173595,2.52357291009472,1599.2,1781.7019308698464,511.1318063037488,0.2229258048749,1,511.1318063037488,-3.669029510894831,1
R003648,B,2,S001>S015,2292.833737173595,2.3665099602473285,2651.7,1784.9871267112444,507.8466104623508,0.221492994554581,1,507.8466104623508,-3.669029510894831,1
R003649,B,2,S015>S001,2292.833737173595,2.595432194185848,1599.2,1781.7019308698464,511.1318063037488,0.2229258048749,1,511.1318063037488,-3.669029510894831,1
R003650,B,2,S001>S015,2292.833737173595,2.4486624585724,2651.7,1784.9871267112444,507.8466104623508,0.221492994554581,1,507.8466104623508,-3.669029510894831,1
R003651,B,2,S015>S001,2292.833737173595,2.877847054027922,1599.2,1781.7019308698464,511.1318063037488,0.2229258048749,1,511.1318063037488,-3.669029510894831,1
R003671,B,2,S002>S004,2283.0595965413672,2.9154506159115545,5598.2,1165.0105340708346,1118.0490624705326,0.489715233086459,1,1118.0490624705326,-5.839925593266557,1
R003672,B,2,S004>S002,2283.0595965413672,2.999057269837968,5955.5,1158.365973634018,1124.6936229073492,0.4926256084646937,1,1124.6936229073492,-5.839925593266557,1
R003711,B,2,S005>S002,2167.400969497194,2.7090042443849374,9787.7,1105.0227627778982,1062.3782067192965,0.4901622826927833,2,736.3463307373272,-5.485428237127181,1
R003713,B,2,S005>S002,2167.400969497194,2.5276520048761757,9787.7,1105.0227627778982,1062.3782067192965,0.4901622826927833,2,736.3463307373272,-5.485428237127181,1
R003719,B,2,S005>S002,2167.400969497194,2.7719183509717578,9787.7,1105.0227627778982,1062.3782067192965,0.4901622826927833,2,736.3463307373272,-5.485428237127181,1
R003726,B,2,S002>S005,2227.400969497194,2.7535470982820405,9049.4,1144.9787487114838,1082.4222207857108,0.4859575063532691,2,753.8991332206066,-5.485428237127181,1
R003727,B,2,S005>S002,2227.400969497194,2.7741619147608416,9757.7,1135.0227627778982,1092.3782067192965,0.4904272834926017,2,766.3463307373272,-5.485428237127181,1
R003767,B,2,S002>S006,2339.793830388806,3.12483042194881,,1670.0613434898137,669.7324868989921,0.2862356837600952,1,669.7324868989921,-5.484932230656369,1
R003768,B,2,S006>S002,2339.793830388806,3.051356009811338,,1656.7394967217772,683.0543336670287,0.2919292823135296,1,683.0543336670287,-5.484932230656369,1
R003769,B,2,S002>S006,2339.793830388806,3.1964858472563837,,1670.0613434898137,669.7324868989921,0.2862356837600952,1,669.7324868989921,-5.484932230656369,1
R003770,B,2,S006>S002,2339.793830388806,3.0698114530011096,,1656.7394967217772,683.0543336670287,0.2919292823135296,1,683.0543336670287,-5.484932230656369,1
R003771,B,2,S006>S002,2339.793830388806,3.141580670414341,2747.9,1656.7394967217772,683.0543336670287,0.2919292823135296,1,683.0543336670287,-5.484932230656369,1
R003772,B,2,S002>S006,2339.793830388806,3.03775709152018,1584.7,1670.0613434898137,669.7324868989921,0.2862356837600952,1,669.7324868989921,-5.484932230656369,1
R003773,B,2,S006>S002,2339.793830388806,3.027813829306633,2747.9,1656.7394967217772,683.0543336670287,0.2919292823135296,1,683.0543336670287,-5.484932230656369,1
R003774,B,2,S002>S006,2339.793830388806,3.165121879144101,,1670.0613434898137,669.7324868989921,0.2862356837600952,1,669.7324868989921,-5.484932230656369,1
R003775,B,2,S006>S002,2339.793830388806,3.1004540530578364,,1656.7394967217772,683.0543336670287,0.2919292823135296,1,683.0543336670287,-5.484932230656369,1
R003776,B,2,S006>S002,2339.793830388806,3.1214017781112178,,1656.7394967217772,683.0543336670287,0.2919292823135296,1,683.0543336670287,-5.484932230656369,1
R003777,B,2,S002>S006,2339.793830388806,3.0703624988220004,1584.7,1670.0613434898137,669.7324868989921,0.2862356837600952,1,669.7324868989921,-5.484932230656369,1
R003778,B,2,S006>S002,2339.793830388806,3.073623551791544,2747.9,1656.7394967217772,683.0543336670287,0.2919292823135296,1,683.0543336670287,-5.484932230656369,1
R003779,B,2,S006>S002,2399.793830388806,3.15826042403282,2687.9,1716.739496721777,683.0543336670289,0.2846304232544688,1,683.0543336670289,-5.484932230656369,1
R003780,B,2,S002>S006,2339.793830388806,3.0740722833326517,2468.1,1670.0613434898137,669.7324868989921,0.2862356837600952,1,669.7324868989921,-5.484932230656369,1
R003781,B,2,S006>S002,2339.793830388806,2.992580689577495,1858.2,1656.7394967217772,683.0543336670287,0.2919292823135296,1,683.0543336670287,-5.484932230656369,1
R003782,B,2,S002>S006,2339.793830388806,3.1380416587467543,2468.1,1670.0613434898137,669.7324868989921,0.2862356837600952,1,669.7324868989921,-5.484932230656369,1
R003783,B,2,S006>S002,2339.793830388806,3.0077478120056784,1858.2,1656.7394967217772,683.0543336670287,0.2919292823135296,1,683.0543336670287,-5.484932230656369,1
R003784,B,2,S006>S002,2339.793830388806,3.067036067379405,1858.2,1656.7394967217772,683.0543336670287,0.2919292823135296,1,683.0543336670287,-5.484932230656369,1
R003785,B,2,S006>S002,2399.793830388806,3.1924159777522094,1798.2,1716.739496721777,683.0543336670289,0.2846304232544688,1,683.0543336670289,-5.484932230656369,1
R003786,B,2,S002>S006,2339.793830388806,2.9975712651017408,1584.7,1670.0613434898137,669.7324868989921,0.2862356837600952,1,669.7324868989921,-5.484932230656369,1
R003787,B,2,S006>S002,2339.793830388806,2.9735616586983595,1858.2,1656.7394967217772,683.0543336670287,0.2919292823135296,1,683.0543336670287,-5.484932230656369,1
R003788,B,2,S002>S006,2399.793830388806,3.1739911688532563,1524.6999999999998,1730.0613434898137,669.7324868989921,0.2790791768934936,1,669.7324868989921,-5.484932230656369,1
R003789,B,2,S006>S002,2399.793830388806,3.0161228700822003,1798.2,1716.739496721777,683.0543336670289,0.2846304232544688,1,683.0543336670289,-5.484932230656369,1
R003790,B,2,S006>S002,2399.793830388806,3.034578313271972,1798.2,1716.739496721777,683.0543336670289,0.2846304232544688,1,683.0543336670289,-5.484932230656369,1
R003791,B,2,S006>S002,2399.793830388806,3.106347530685203,1798.2,1716.739496721777,683.0543336670289,0.2846304232544688,1,683.0543336670289,-5.484932230656369,1
R003792,B,2,S002>S006,2399.793830388806,3.0885152301363386,1524.6999999999998,1700.0613434898137,699.7324868989921,0.2915802507858035,1,699.7324868989921,-5.484932230656369,1
R003794,B,2,S002>S006,2399.793830388806,3.1288066873316294,1524.6999999999998,1700.0613434898137,699.7324868989921,0.2915802507858035,1,699.7324868989921,-5.484932230656369,1
R003795,B,2,S006>S002,2399.793830388806,3.157137406393585,1798.2,1686.739496721777,713.0543336670289,0.2971314971467788,1,713.0543336670289,-5.484932230656369,1
R003799,B,2,S007>S002,2499.204575322845,3.12864457221949,2564.3,1356.2773098970388,1142.927265425806,0.4573164104735859,3,603.207159721972,-5.488551136969605,1
R003801,B,2,S007>S002,2499.204575322845,3.1780673400225883,2564.3,1356.2773098970388,1142.927265425806,0.4573164104735859,3,603.207159721972,-5.488551136969605,1
R003819,B,2,S008>S002,2402.80987261225,3.158114797075842,1795.2,1059.9226956392265,1342.887176973023,0.5588819957332221,1,1342.8871769730235,-6.237684605084638,1
R003820,B,2,S002>S008,2402.80987261225,3.0731161497494632,2468.1,1089.1326165377682,1313.6772560744816,0.5467254280282685,1,1313.6772560744816,-6.237684605084638,1
R003823,B,2,S002>S008,2462.80987261225,3.164060114784061,2408.1,1119.1326165377682,1343.6772560744816,0.5455870836871675,1,1343.6772560744816,-6.237684605084638,1
R003824,B,2,S002>S009,1971.652763374452,2.410374254099376,,1018.141148906387,953.5116144680652,0.4836103152545711,1,953.5116144680652,-5.482718810576927,1
R003825,B,2,S009>S002,1971.652763374452,2.364111050010119,,1013.362555665268,958.2902077091836,0.4860339637437403,1,958.2902077091836,-5.482718810576927,1
R003826,B,2,S002>S009,1971.652763374452,2.595679924167337,9297.1,1018.141148906387,953.5116144680652,0.4836103152545711,1,953.5116144680652,-5.482718810576927,1
R003827,B,2,S009>S002,1971.652763374452,2.487243690487024,9798.0,1013.362555665268,958.2902077091836,0.4860339637437403,1,958.2902077091836,-5.482718810576927,1
R003828,B,2,S002>S009,1971.652763374452,2.3051549084689524,9297.1,1018.141148906387,953.5116144680652,0.4836103152545711,1,953.5116144680652,-5.482718810576927,1
R003829,B,2,S009>S002,1971.652763374452,2.2935408179312557,9798.0,1013.362555665268,958.2902077091836,0.4860339637437403,1,958.2902077091836,-5.482718810576927,1
R003832,B,2,S002>S009,1971.652763374452,2.665013020696208,9297.1,1018.141148906387,953.5116144680652,0.4836103152545711,1,953.5116144680652,-5.482718810576927,1
R003833,B,2,S009>S002,1971.652763374452,2.5471999902944207,9798.0,1013.362555665268,958.2902077091836,0.4860339637437403,1,958.2902077091836,-5.482718810576927,1
R003834,B,2,S002>S009,1971.652763374452,2.337760315770773,9297.1,1018.141148906387,953.5116144680652,0.4836103152545711,1,953.5116144680652,-5.482718810576927,1
R003835,B,2,S009>S002,1971.652763374452,2.325229067455221,9798.0,1013.362555665268,958.2902077091836,0.4860339637437403,1,958.2902077091836,-5.482718810576927,1
R003840,B,2,S002>S009,2031.652763374452,2.5242051243868637,9237.1,1048.1411489063871,983.5116144680652,0.4840943453518661,1,983.5116144680652,-5.482718810576927,1
R003841,B,2,S009>S002,2031.652763374452,2.506530618927054,9768.0,1043.362555665268,988.2902077091836,0.4864464171858255,1,988.2902077091836,-5.482718810576927,1
R003842,B,2,S002>S009,1971.652763374452,2.638921477823742,2468.1,1018.141148906387,953.5116144680652,0.4836103152545711,1,953.5116144680652,-5.482718810576927,1
R003843,B,2,S009>S002,1971.652763374452,2.5730530956668867,2226.4,1013.362555665268,958.2902077091836,0.4860339637437403,1,958.2902077091836,-5.482718810576927,1
R003846,B,2,S002>S009,1971.652763374452,2.467801711986153,2468.1,1018.141148906387,953.5116144680652,0.4836103152545711,1,953.5116144680652,-5.482718810576927,1
R003847,B,2,S009>S002,1971.652763374452,2.4517615568213724,2226.4,1013.362555665268,958.2902077091836,0.4860339637437403,1,958.2902077091836,-5.482718810576927,1
R003852,B,2,S002>S009,1971.652763374452,2.3519300655897464,2468.1,1018.141148906387,953.5116144680652,0.4836103152545711,1,953.5116144680652,-5.482718810576927,1
R003855,B,2,S009>S002,1971.652763374452,2.4119373995466,2226.4,1013.362555665268,958.2902077091836,0.4860339637437403,1,958.2902077091836,-5.482718810576927,1
R003858,B,2,S002>S009,1971.652763374452,2.264969082050513,2468.1,1018.141148906387,953.5116144680652,0.4836103152545711,1,953.5116144680652,-5.482718810576927,1
R003859,B,2,S009>S002,1971.652763374452,2.254740622314418,2226.4,1013.362555665268,958.2902077091836,0.4860339637437403,1,958.2902077091836,-5.482718810576927,1
R003880,B,2,S010>S002,2324.387432435765,2.8245681795262154,2605.2,1190.83176342894,1133.555669006825,0.4876793142092292,4,644.6275203674631,-5.489452286646269,1
R003885,B,2,S010>S002,2324.387432435765,2.867423534420099,2605.2,1190.83176342894,1133.555669006825,0.4876793142092292,4,644.6275203674631,-5.489452286646269,1
R003891,B,2,S002>S010,2324.387432435765,3.1930543650716383,2468.1,1182.1549190657938,1142.232513369971,0.4914122738019652,3,662.2508991711276,-5.489452286646269,1
R003895,B,2,S002>S010,2324.387432435765,2.906062952837642,2468.1,1182.1549190657938,1142.232513369971,0.4914122738019652,3,662.2508991711276,-5.489452286646269,1
R003917,B,2,S011>S002,2087.8211581653945,2.563374481680889,9983.0,1355.0831742008052,732.7379839645894,0.3509582135897402,2,712.7379839645894,-5.483756690521034,1
R003919,B,2,S011>S002,2087.8211581653945,2.46443109733593,9983.0,1355.0831742008052,732.7379839645894,0.3509582135897402,2,712.7379839645894,-5.483756690521034,1
R003923,B,2,S011>S002,2087.8211581653945,2.610433326031776,9983.0,1355.0831742008052,732.7379839645894,0.3509582135897402,2,712.7379839645894,-5.483756690521034,1
R003925,B,2,S011>S002,2087.8211581653945,2.497574192221397,9983.0,1355.0831742008052,732.7379839645894,0.3509582135897402,2,712.7379839645894,-5.483756690521034,1
R003927,B,2,S011>S002,2147.8211581653945,2.5712133287059853,9923.0,1415.0831742008052,732.7379839645894,0.3411540952462134,2,712.7379839645894,-5.483756690521034,1
R003929,B,2,S011>S002,2147.8211581653945,2.658814913015489,9923.0,1415.0831742008052,732.7379839645894,0.3411540952462134,2,712.7379839645894,-5.483756690521034,1
R003930,B,2,S002>S011,2147.8211581653945,2.710532850184152,8934.8,1398.926460166142,748.8946979992526,0.348676469245203,2,728.8946979992526,-5.483756690521034,1
R003931,B,2,S011>S002,2147.8211581653945,2.689606477838212,9953.0,1385.0831742008052,762.7379839645894,0.3551217386349325,2,742.7379839645894,-5.483756690521034,1
R003932,B,2,S002>S011,2087.8211581653945,2.854285666569895,2468.1,1368.926460166142,718.8946979992526,0.3443277194445898,2,698.8946979992526,-5.483756690521034,1
R003935,B,2,S002>S011,2087.8211581653945,2.6541294377834417,2468.1,1368.926460166142,718.8946979992526,0.3443277194445898,2,698.8946979992526,-5.483756690521034,1
R003937,B,2,S002>S011,2147.8211581653945,3.0157348297139976,2438.1,1428.926460166142,718.8946979992526,0.3347088258564838,2,698.8946979992526,-5.483756690521034,1
R003938,B,2,S011>S002,2147.8211581653945,2.741230735064073,2050.2,1415.0831742008052,732.7379839645894,0.3411540952462134,2,712.7379839645894,-5.483756690521034,1
R003939,B,2,S002>S011,2147.8211581653945,2.935806143344777,2408.1,1398.926460166142,748.8946979992526,0.348676469245203,2,728.8946979992526,-5.483756690521034,1
R003941,B,2,S002>S011,2087.8211581653945,2.567294254335899,2468.1,1368.926460166142,718.8946979992526,0.3443277194445898,2,698.8946979992526,-5.483756690521034,1
R003946,B,2,S002>S011,2087.8211581653945,2.4512968078478017,2468.1,1368.926460166142,718.8946979992526,0.3443277194445898,2,698.8946979992526,-5.483756690521034,1
R003960,B,2,S002>S011,2147.8211581653945,2.9790123561126136,2408.1,1398.926460166142,748.8946979992526,0.348676469245203,2,728.8946979992526,-5.483756690521034,1
R003962,B,2,S002>S011,2147.8211581653945,2.741746357273187,2408.1,1398.926460166142,748.8946979992526,0.348676469245203,2,728.8946979992526,-5.483756690521034,1
R003980,B,2,S002>S012,2282.898225416072,3.1212808514285,2468.1,1057.8877721412027,1225.0104532748692,0.5366031825845428,1,1225.0104532748692,-5.485484479902681,1
R003984,B,2,S002>S012,2282.898225416072,2.8342894391945035,2468.1,1057.8877721412027,1225.0104532748692,0.5366031825845428,1,1225.0104532748692,-5.485484479902681,1
R004013,B,2,S013>S002,2126.0869555475965,2.6265804970510764,2627.3,1048.6801927909191,1077.4067627566774,0.506755737316106,1,1077.4067627566774,-5.484293742593266,1
R004020,B,2,S002>S013,2126.0869555475965,2.9526764116282656,2468.1,1052.25750104897,1073.8294544986263,0.5050731587890535,1,1073.8294544986263,-5.484293742593266,1
R004029,B,2,S002>S013,2126.0869555475965,2.6656849993942693,2468.1,1052.25750104897,1073.8294544986263,0.5050731587890535,1,1073.8294544986263,-5.484293742593266,1
R004054,B,2,S002>S015,2609.479839045008,3.1826899367202985,2468.1,1500.74903734216,1108.7308017028477,0.4248857512187602,2,571.4662515474296,-5.494780277456826,1
R004060,B,2,S005>S003,2574.3796914047834,3.189274870461329,9787.7,1373.5790080687975,1200.8006833359857,0.4664427269004498,2,874.7688073540164,-5.289876004192095,1
R004062,B,2,S005>S003,2574.3796914047834,3.0079226309525664,9787.7,1373.5790080687975,1200.8006833359857,0.4664427269004498,2,874.7688073540164,-5.289876004192095,1
R004068,B,2,S005>S003,2574.3796914047834,3.0553213751203807,9787.7,1373.5790080687975,1200.8006833359857,0.4664427269004498,2,874.7688073540164,-5.289876004192095,1
R004069,B,2,S005>S003,2634.3796914047834,3.1903763430526872,9727.7,1403.5790080687982,1230.8006833359852,0.4672070193039108,2,874.7688073540162,-5.289876004192095,1
R004070,B,2,S003>S005,2574.3796914047834,3.174086313739639,5941.9,1379.8321253932772,1194.5475660115062,0.4640137466900492,2,865.1887118448398,-5.289876004192095,1
R004071,B,2,S003>S005,2574.3796914047834,3.0338835926376184,5941.9,1379.8321253932772,1194.5475660115062,0.4640137466900492,2,865.1887118448398,-5.289876004192095,1
R004087,B,2,S003>S006,2330.171573353827,2.558343297859562,,1528.8246583839873,801.3469149698398,0.343900390912613,1,801.3469149698398,-5.295996049876194,1
R004089,B,2,S003>S006,2330.171573353827,2.6177901776904653,,1528.8246583839873,801.3469149698398,0.343900390912613,1,801.3469149698398,-5.295996049876194,1
R004091,B,2,S003>S006,2330.171573353827,2.8520886893959743,1594.4,1528.8246583839873,801.3469149698398,0.343900390912613,1,801.3469149698398,-5.295996049876194,1
R004093,B,2,S003>S006,2330.171573353827,2.484234055235457,1594.4,1528.8246583839873,801.3469149698398,0.343900390912613,1,801.3469149698398,-5.295996049876194,1
R004094,B,2,S006>S003,2330.171573353827,2.455571685638261,2747.9,1515.6205914592915,814.5509818945357,0.3495669551586489,1,814.5509818945357,-5.295996049876194,1
R004101,B,2,S003>S006,2330.171573353827,2.5180216204541086,1594.4,1528.8246583839873,801.3469149698398,0.343900390912613,1,801.3469149698398,-5.295996049876194,1
R004103,B,2,S003>S006,2390.171573353827,2.780489942199307,1534.4,1588.8246583839873,801.3469149698398,0.3352675280316426,1,801.3469149698398,-5.295996049876194,1
R004105,B,2,S003>S006,2390.171573353827,3.0951168823764688,1534.4,1588.8246583839873,801.3469149698398,0.3352675280316426,1,801.3469149698398,-5.295996049876194,1
R004107,B,2,S003>S006,2390.171573353827,2.707882480047528,1534.4,1558.8246583839873,831.3469149698398,0.3478189282467765,1,831.3469149698398,-5.295996049876194,1
R004108,B,2,S006>S003,2390.171573353827,2.678791470428787,2717.9,1545.6205914592915,844.5509818945357,0.3533432458614188,1,844.5509818945357,-5.295996049876194,1
R004109,B,2,S003>S006,2330.171573353827,2.7609589291368866,5941.9,1528.8246583839873,801.3469149698398,0.343900390912613,1,801.3469149698398,-5.295996049876194,1
R004111,B,2,S003>S006,2330.171573353827,2.848767024673198,5941.9,1528.8246583839873,801.3469149698398,0.343900390912613,1,801.3469149698398,-5.295996049876194,1
R004114,B,2,S003>S006,2330.171573353827,2.650854478976909,1594.4,1528.8246583839873,801.3469149698398,0.343900390912613,1,801.3469149698398,-5.295996049876194,1
R004116,B,2,S003>S006,2390.171573353827,3.0063234864022834,1534.4,1588.8246583839873,801.3469149698398,0.3352675280316426,1,801.3469149698398,-5.295996049876194,1
R004120,B,2,S003>S006,2330.171573353827,2.505855267116038,5941.9,1528.8246583839873,801.3469149698398,0.343900390912613,1,801.3469149698398,-5.295996049876194,1
R004122,B,2,S003>S006,2330.171573353827,2.5577961753849574,5941.9,1528.8246583839873,801.3469149698398,0.343900390912613,1,801.3469149698398,-5.295996049876194,1
R004147,B,2,S003>S007,2179.683316742361,2.4032139423908365,,1190.6654251211517,989.0178916212092,0.4537438461929152,1,989.0178916212092,-5.288334514260441,1
R004148,B,2,S007>S003,2179.683316742361,2.353345423305933,,1185.8037496866364,993.8795670557246,0.4559742965510807,1,993.8795670557246,-5.288334514260441,1
R004149,B,2,S003>S007,2179.683316742361,2.453977727704116,,1190.6654251211517,989.0178916212092,0.4537438461929152,1,989.0178916212092,-5.288334514260441,1
R004150,B,2,S007>S003,2179.683316742361,2.379986173650458,,1185.8037496866364,993.8795670557246,0.4559742965510807,1,993.8795670557246,-5.288334514260441,1
R004153,B,2,S003>S007,2179.683316742361,2.339708149934304,1930.8,1190.6654251211517,989.0178916212092,0.4537438461929152,1,989.0178916212092,-5.288334514260441,1
R004154,B,2,S007>S003,2179.683316742361,2.319286313968874,2564.3,1185.8037496866364,993.8795670557246,0.4559742965510807,1,993.8795670557246,-5.288334514260441,1
R004156,B,2,S007>S003,2179.683316742361,2.389380727738657,,1185.8037496866364,993.8795670557246,0.4559742965510807,1,993.8795670557246,-5.288334514260441,1
R004158,B,2,S007>S003,2179.683316742361,2.4195736499556224,,1185.8037496866364,993.8795670557246,0.4559742965510807,1,993.8795670557246,-5.288334514260441,1
R004159,B,2,S003>S007,2179.683316742361,2.723888607884128,1930.8,1190.6654251211517,989.0178916212092,0.4537438461929152,1,989.0178916212092,-5.288334514260441,1
R004161,B,2,S003>S007,2179.683316742361,2.373495715152956,1930.8,1190.6654251211517,989.0178916212092,0.4537438461929152,1,989.0178916212092,-5.288334514260441,1
R004162,B,2,S007>S003,2179.683316742361,2.3506348770311982,2564.3,1185.8037496866364,993.8795670557246,0.4559742965510807,1,993.8795670557246,-5.288334514260441,1
R004167,B,2,S003>S007,2239.683316742361,2.5633565747463747,1870.8,1220.6654251211517,1019.0178916212092,0.4549830255035251,1,1019.0178916212092,-5.288334514260441,1
R004168,B,2,S007>S003,2239.683316742361,2.528235963411383,2534.3,1215.8037496866364,1023.8795670557246,0.4571537232080499,1,1023.8795670557246,-5.288334514260441,1
R004169,B,2,S003>S007,2179.683316742361,2.6058295736681614,5941.9,1190.6654251211517,989.0178916212092,0.4537438461929152,1,989.0178916212092,-5.288334514260441,1
R004170,B,2,S007>S003,2179.683316742361,2.5313884548280585,5752.5,1185.8037496866364,993.8795670557246,0.4559742965510807,1,993.8795670557246,-5.288334514260441,1
R004171,B,2,S003>S007,2179.683316742361,2.6849545746868486,5941.9,1190.6654251211517,989.0178916212092,0.4537438461929152,1,989.0178916212092,-5.288334514260441,1
R004172,B,2,S007>S003,2179.683316742361,2.575737996348208,5752.5,1185.8037496866364,993.8795670557246,0.4559742965510807,1,993.8795670557246,-5.288334514260441,1
R004175,B,2,S003>S007,2179.683316742361,2.506328573675757,1930.8,1190.6654251211517,989.0178916212092,0.4537438461929152,1,989.0178916212092,-5.288334514260441,1
R004176,B,2,S007>S003,2179.683316742361,2.474853876872265,2564.3,1185.8037496866364,993.8795670557246,0.4559742965510807,1,993.8795670557246,-5.288334514260441,1
R004181,B,2,S003>S007,2179.683316742361,2.350725911647313,5941.9,1190.6654251211517,989.0178916212092,0.4537438461929152,1,989.0178916212092,-5.288334514260441,1
R004182,B,2,S007>S003,2179.683316742361,2.308382093922532,5752.5,1185.8037496866364,993.8795670557246,0.4559742965510807,1,993.8795670557246,-5.288334514260441,1
R004184,B,2,S007>S003,2179.683316742361,2.3303361028966574,5752.5,1185.8037496866364,993.8795670557246,0.4559742965510807,1,993.8795670557246,-5.288334514260441,1
R004185,B,2,S003>S007,2179.683316742361,2.5657506171186872,1930.8,1190.6654251211517,989.0178916212092,0.4537438461929152,1,989.0178916212092,-5.288334514260441,1
R004186,B,2,S007>S003,2179.683316742361,2.415848152873778,2564.3,1185.8037496866364,993.8795670557246,0.4559742965510807,1,993.8795670557246,-5.288334514260441,1
R004189,B,2,S003>S007,2179.683316742361,2.297544730115816,1930.8,1190.6654251211517,989.0178916212092,0.4537438461929152,1,989.0178916212092,-5.288334514260441,1
R004190,B,2,S007>S003,2179.683316742361,2.2807696891534355,2564.3,1185.8037496866364,993.8795670557246,0.4559742965510807,1,993.8795670557246,-5.288334514260441,1
R004192,B,2,S007>S003,2239.683316742361,2.342441203259592,2504.3,1215.8037496866364,1023.8795670557246,0.4571537232080499,1,1023.8795670557246,-5.288334514260441,1
R004197,B,2,S003>S007,2239.683316742361,2.3921961806778285,1870.8,1220.6654251211517,1019.0178916212092,0.4549830255035251,1,1019.0178916212092,-5.288334514260441,1
R004198,B,2,S007>S003,2239.683316742361,2.368065461845858,2534.3,1215.8037496866364,1023.8795670557246,0.4571537232080499,1,1023.8795670557246,-5.288334514260441,1
R004204,B,2,S007>S003,2239.683316742361,2.406656811140482,2534.3,1215.8037496866364,1023.8795670557246,0.4571537232080499,1,1023.8795670557246,-5.288334514260441,1
R004208,B,2,S007>S003,2239.683316742361,2.557653689676657,2534.3,1215.8037496866364,1023.8795670557246,0.4571537232080499,1,1023.8795670557246,-5.288334514260441,1
R004209,B,2,S003>S011,2272.278424723509,2.620614088310738,,1473.2449659711178,799.0334587523918,0.351644169155731,1,799.0334587523918,-5.288334514260441,1
R004211,B,2,S003>S011,2272.278424723509,2.8594023887996327,8810.4,1473.2449659711178,799.0334587523918,0.351644169155731,1,799.0334587523918,-5.288334514260441,1
R004212,B,2,S011>S003,2272.278424723509,2.552520455265749,9983.0,1462.4886016206112,809.7898231028978,0.3563779043500943,1,809.7898231028978,-5.288334514260441,1
R004213,B,2,S003>S011,2272.278424723509,2.4856801431972544,8810.4,1473.2449659711178,799.0334587523918,0.351644169155731,1,799.0334587523918,-5.288334514260441,1
R004214,B,2,S011>S003,2272.278424723509,2.4535770709207902,9983.0,1462.4886016206112,809.7898231028978,0.3563779043500943,1,809.7898231028978,-5.288334514260441,1
R004215,B,2,S003>S011,2272.278424723509,2.667596546017589,,1473.2449659711178,799.0334587523918,0.351644169155731,1,799.0334587523918,-5.288334514260441,1
R004217,B,2,S003>S011,2272.278424723509,2.9290571412856767,8810.4,1473.2449659711178,799.0334587523918,0.351644169155731,1,799.0334587523918,-5.288334514260441,1
R004218,B,2,S011>S003,2272.278424723509,2.5994526362214057,9983.0,1462.4886016206112,809.7898231028978,0.3563779043500943,1,809.7898231028978,-5.288334514260441,1
R004219,B,2,S003>S011,2272.278424723509,2.519467708415906,8810.4,1473.2449659711178,799.0334587523918,0.351644169155731,1,799.0334587523918,-5.288334514260441,1
R004220,B,2,S011>S003,2272.278424723509,2.4865935024110275,9983.0,1462.4886016206112,809.7898231028978,0.3563779043500943,1,809.7898231028978,-5.288334514260441,1
R004221,B,2,S003>S011,2332.278424723509,2.785148087621212,8750.4,1533.2449659711178,799.0334587523918,0.3425978006237042,1,799.0334587523918,-5.288334514260441,1
R004222,B,2,S011>S003,2332.278424723509,2.560232638895616,9923.0,1522.4886016206112,809.7898231028978,0.3472097561417429,1,809.7898231028978,-5.288334514260441,1
R004223,B,2,S003>S011,2332.278424723509,3.1060417956415827,8750.4,1533.2449659711178,799.0334587523918,0.3425978006237042,1,799.0334587523918,-5.288334514260441,1
R004224,B,2,S011>S003,2332.278424723509,2.64783422320512,9923.0,1522.4886016206112,809.7898231028978,0.3472097561417429,1,809.7898231028978,-5.288334514260441,1
R004225,B,2,S003>S011,2332.278424723509,2.709328568009325,8750.4,1503.2449659711178,829.0334587523918,0.3554607588717343,1,829.0334587523918,-5.288334514260441,1
R004226,B,2,S011>S003,2332.278424723509,2.6752051698494785,9953.0,1492.4886016206112,839.7898231028978,0.360072714389773,1,839.7898231028978,-5.288334514260441,1
R004227,B,2,S003>S011,2272.278424723509,2.851590935293471,5941.9,1473.2449659711178,799.0334587523918,0.351644169155731,1,799.0334587523918,-5.288334514260441,1
R004230,B,2,S003>S011,2272.278424723509,2.6523005669387065,5941.9,1473.2449659711178,799.0334587523918,0.351644169155731,1,799.0334587523918,-5.288334514260441,1
R004232,B,2,S003>S011,2332.278424723509,3.010981631824188,5911.9,1533.2449659711178,799.0334587523918,0.3425978006237042,1,799.0334587523918,-5.288334514260441,1
R004236,B,2,S003>S011,2272.278424723509,2.56062008600523,5941.9,1473.2449659711178,799.0334587523918,0.351644169155731,1,799.0334587523918,-5.288334514260441,1
R004238,B,2,S003>S011,2272.278424723509,2.7709191505202364,5941.9,1473.2449659711178,799.0334587523918,0.351644169155731,1,799.0334587523918,-5.288334514260441,1
R004241,B,2,S003>S011,2272.278424723509,2.4435167233787665,5941.9,1473.2449659711178,799.0334587523918,0.351644169155731,1,799.0334587523918,-5.288334514260441,1
R004243,B,2,S003>S011,2332.278424723509,2.6552812303333004,5911.9,1533.2449659711178,799.0334587523918,0.3425978006237042,1,799.0334587523918,-5.288334514260441,1
R004245,B,2,S003>S011,2332.278424723509,2.911663488647384,5911.9,1533.2449659711178,799.0334587523918,0.3425978006237042,1,799.0334587523918,-5.288334514260441,1
R004261,B,2,S003>S015,2278.8901511181266,2.8536188016948487,9132.5,1213.6147905159878,1065.2753606021388,0.4674535804542691,1,1065.2753606021388,-5.288334514260441,1
R004262,B,2,S015>S003,2278.8901511181266,2.748565225913554,9671.8,1205.745776460725,1073.1443746574016,0.4709065832466161,1,1073.1443746574016,-5.288334514260441,1
R004268,B,2,S015>S003,2278.8901511181266,2.815581995338432,9671.8,1205.745776460725,1073.1443746574016,0.4709065832466161,1,1073.1443746574016,-5.288334514260441,1
R004275,B,2,S003>S015,2338.8901511181266,2.761973104194177,5472.5,1243.6147905159878,1095.2753606021388,0.468288500030039,1,1095.2753606021388,-5.288334514260441,1
R004276,B,2,S015>S003,2338.8901511181266,2.782626229362827,6041.8,1235.745776460725,1103.1443746574016,0.4716529222759922,1,1103.1443746574016,-5.288334514260441,1
R004286,B,2,S003>S015,2278.8901511181266,2.5932322533898127,5941.9,1213.6147905159878,1065.2753606021388,0.4674535804542691,1,1065.2753606021388,-5.288334514260441,1
R004288,B,2,S003>S015,2278.8901511181266,2.7651355634154524,5941.9,1213.6147905159878,1065.2753606021388,0.4674535804542691,1,1065.2753606021388,-5.288334514260441,1
R004315,B,2,S005>S004,2159.879838348898,2.634728389110993,9787.7,1210.8294122446628,949.0504261042352,0.4393996412456579,2,626.0830235923183,-5.839925593266557,1
R004316,B,2,S004>S005,2159.8798383488984,2.4701872498223576,9116.9,1197.5656010716832,962.3142372772152,0.4455406361924504,2,630.1879758839857,-5.839925593266557,1
R004317,B,2,S005>S004,2159.879838348898,2.4533761496022306,9787.7,1210.8294122446628,949.0504261042352,0.4393996412456579,2,626.0830235923183,-5.839925593266557,1
R004323,B,2,S005>S004,2159.879838348898,2.694531733143571,9787.7,1210.8294122446628,949.0504261042352,0.4393996412456579,2,626.0830235923183,-5.839925593266557,1
R004324,B,2,S004>S005,2159.8798383488984,2.504772325672793,9116.9,1197.5656010716832,962.3142372772152,0.4455406361924504,2,630.1879758839857,-5.839925593266557,1
R004325,B,2,S005>S004,2159.879838348898,2.4869893587027883,9787.7,1210.8294122446628,949.0504261042352,0.4393996412456579,2,626.0830235923183,-5.839925593266557,1
R004330,B,2,S004>S005,2159.8798383488984,2.7456255141456696,5985.5,1197.5656010716832,962.3142372772152,0.4455406361924504,2,630.1879758839857,-5.839925593266557,1
R004334,B,2,S004>S005,2159.8798383488984,3.162469034325075,5985.5,1197.5656010716832,962.3142372772152,0.4455406361924504,2,630.1879758839857,-5.839925593266557,1
R004336,B,2,S004>S005,2159.8798383488984,2.642097959727033,5985.5,1197.5656010716832,962.3142372772152,0.4455406361924504,2,630.1879758839857,-5.839925593266557,1
R004337,B,2,S005>S004,2159.879838348898,2.620883838556846,5721.4,1210.8294122446628,949.0504261042352,0.4393996412456579,2,626.0830235923183,-5.839925593266557,1
R004350,B,2,S004>S005,2159.8798383488984,2.4273960302624324,5985.5,1197.5656010716832,962.3142372772152,0.4455406361924504,2,630.1879758839857,-5.839925593266557,1
R004351,B,2,S005>S004,2159.879838348898,2.4122280524734365,5721.4,1210.8294122446628,949.0504261042352,0.4393996412456579,2,626.0830235923183,-5.839925593266557,1
R004370,B,2,S004>S006,2410.994825419306,3.136946370876028,,1760.9821628491222,650.0126625701837,0.2696035079449568,2,630.0126625701837,-5.840958177313738,1
R004371,B,2,S006>S004,2410.994825419305,3.0542247188134466,,1763.4730057263018,647.5218196930036,0.2685703896441961,2,627.5218196930036,-5.840958177313738,1
R004372,B,2,S006>S004,2410.994825419305,3.072680162003218,,1763.4730057263018,647.5218196930036,0.2685703896441961,2,627.5218196930036,-5.840958177313738,1
R004373,B,2,S006>S004,2410.994825419305,3.14444937941645,2747.9,1763.4730057263018,647.5218196930036,0.2685703896441961,2,627.5218196930036,-5.840958177313738,1
R004374,B,2,S004>S006,2410.994825419306,3.048322756266035,1513.5,1760.9821628491222,650.0126625701837,0.2696035079449568,2,630.0126625701837,-5.840958177313738,1
R004375,B,2,S006>S004,2410.994825419305,3.030682538308742,2747.9,1763.4730057263018,647.5218196930036,0.2685703896441961,2,627.5218196930036,-5.840958177313738,1
R004376,B,2,S004>S006,2410.994825419306,3.179538348934164,,1760.9821628491222,650.0126625701837,0.2696035079449568,2,630.0126625701837,-5.840958177313738,1
R004377,B,2,S006>S004,2410.994825419305,3.102027427045855,,1763.4730057263018,647.5218196930036,0.2685703896441961,2,627.5218196930036,-5.840958177313738,1
R004378,B,2,S006>S004,2410.994825419305,3.1229751520992366,,1763.4730057263018,647.5218196930036,0.2685703896441961,2,627.5218196930036,-5.840958177313738,1
R004379,B,2,S004>S006,2410.994825419306,3.08290783211647,1513.5,1760.9821628491222,650.0126625701837,0.2696035079449568,2,630.0126625701837,-5.840958177313738,1
R004380,B,2,S006>S004,2410.994825419305,3.075196925779562,2747.9,1763.4730057263018,647.5218196930036,0.2685703896441961,2,627.5218196930036,-5.840958177313738,1
R004381,B,2,S006>S004,2470.994825419305,3.159833798020838,2687.9,1823.4730057263016,647.5218196930036,0.2620490391286534,2,627.5218196930036,-5.840958177313738,1
R004383,B,2,S006>S004,2410.994825419305,2.9968459295167627,5470.2,1763.4730057263018,647.5218196930036,0.2685703896441961,2,627.5218196930036,-5.840958177313738,1
R004385,B,2,S006>S004,2410.994825419305,3.0120130519449457,5470.2,1763.4730057263018,647.5218196930036,0.2685703896441961,2,627.5218196930036,-5.840958177313738,1
R004386,B,2,S006>S004,2410.994825419305,3.071301307318672,2747.9,1763.4730057263018,647.5218196930036,0.2685703896441961,2,627.5218196930036,-5.840958177313738,1
R004387,B,2,S006>S004,2470.994825419305,3.1966812176914763,2687.9,1823.4730057263016,647.5218196930036,0.2620490391286534,2,627.5218196930036,-5.840958177313738,1
R004389,B,2,S006>S004,2410.994825419305,2.977826898637627,2747.9,1763.4730057263018,647.5218196930036,0.2685703896441961,2,627.5218196930036,-5.840958177313738,1
R004390,B,2,S004>S006,2470.994825419306,3.183956501170417,1453.5,1820.9821628491225,650.0126625701837,0.2630570715419779,2,630.0126625701837,-5.840958177313738,1
R004391,B,2,S006>S004,2470.994825419305,3.020388110021467,2687.9,1823.4730057263016,647.5218196930036,0.2620490391286534,2,627.5218196930036,-5.840958177313738,1
R004392,B,2,S006>S004,2470.994825419305,3.0388435532112386,2687.9,1823.4730057263016,647.5218196930036,0.2620490391286534,2,627.5218196930036,-5.840958177313738,1
R004393,B,2,S006>S004,2470.994825419305,3.1106127706244706,2687.9,1823.4730057263016,647.5218196930036,0.2620490391286534,2,627.5218196930036,-5.840958177313738,1
R004394,B,2,S004>S006,2470.994825419306,3.102127626667382,1453.5,1790.9821628491222,680.0126625701837,0.2751979306370225,2,660.0126625701837,-5.840958177313738,1
R004395,B,2,S006>S004,2470.994825419305,3.100252713691169,2717.9,1793.4730057263018,677.5218196930036,0.2741898982236979,2,657.5218196930036,-5.840958177313738,1
R004396,B,2,S004>S006,2470.994825419306,3.144719604725518,1453.5,1790.9821628491222,680.0126625701837,0.2751979306370225,2,660.0126625701837,-5.840958177313738,1
R004397,B,2,S006>S004,2470.994825419305,3.156221882098852,2717.9,1793.4730057263018,677.5218196930036,0.2741898982236979,2,657.5218196930036,-5.840958177313738,1
R004421,B,2,S004>S008,2340.2948278919507,2.985752695169893,,1198.89425390756,1141.4005739843908,0.4877165733056469,1,1141.4005739843908,-6.237840464252969,1
R004422,B,2,S008>S004,2340.2948278919507,2.981953496735106,,1176.3288934458346,1163.965934446116,0.4973586748873742,1,1163.965934446116,-6.237840464252969,1
R004424,B,2,S008>S004,2340.2948278919507,3.156683477892047,5996.8,1176.3288934458346,1163.965934446116,0.4973586748873742,1,1163.965934446116,-6.237840464252969,1
R004425,B,2,S004>S008,2340.2948278919507,2.86811160386428,5532.4,1198.89425390756,1141.4005739843908,0.4877165733056469,1,1141.4005739843908,-6.237840464252969,1
R004426,B,2,S008>S004,2340.2948278919507,2.8817487224143923,5996.8,1176.3288934458346,1163.965934446116,0.4973586748873742,1,1163.965934446116,-6.237840464252969,1
R004428,B,2,S008>S004,2340.2948278919507,2.991345266530318,,1176.3288934458346,1163.965934446116,0.4973586748873742,1,1163.965934446116,-6.237840464252969,1
R004435,B,2,S004>S008,2340.2948278919507,3.14375464075209,5985.5,1198.89425390756,1141.4005739843908,0.4877165733056469,1,1141.4005739843908,-6.237840464252969,1
R004438,B,2,S004>S008,2340.2948278919507,2.8796416185818643,5985.5,1198.89425390756,1141.4005739843908,0.4877165733056469,1,1141.4005739843908,-6.237840464252969,1
R004439,B,2,S008>S004,2340.2948278919507,2.8707023951968087,5540.9,1176.3288934458346,1163.965934446116,0.4973586748873742,1,1163.965934446116,-6.237840464252969,1
R004440,B,2,S004>S008,2340.2948278919507,2.923940922560845,5985.5,1198.89425390756,1141.4005739843908,0.4877165733056469,1,1141.4005739843908,-6.237840464252969,1
R004442,B,2,S004>S008,2340.2948278919507,3.100449601271369,5532.4,1198.89425390756,1141.4005739843908,0.4877165733056469,1,1141.4005739843908,-6.237840464252969,1
R004443,B,2,S008>S004,2340.2948278919507,3.049536009673237,5540.9,1176.3288934458346,1163.965934446116,0.4973586748873742,1,1163.965934446116,-6.237840464252969,1
R004458,B,2,S004>S009,2133.197649492877,2.67662414838094,,1127.9027862761784,1005.2948632166988,0.4712619402405991,1,1005.2948632166988,-5.839925593266557,1
R004459,B,2,S009>S004,2133.197649492877,2.6147846058141435,,1129.7687534718762,1003.428896021001,0.4703872124833557,1,1003.428896021001,-5.839925593266557,1
R004460,B,2,S004>S009,2133.197649492877,2.8873742458235965,9135.6,1127.9027862761784,1005.2948632166988,0.4712619402405991,1,1005.2948632166988,-5.839925593266557,1
R004461,B,2,S009>S004,2133.197649492877,2.7379172462910484,9798.0,1129.7687534718762,1003.428896021001,0.4703872124833557,1,1003.428896021001,-5.839925593266557,1
R004462,B,2,S004>S009,2133.197649492877,2.5574572340019355,9135.6,1127.9027862761784,1005.2948632166988,0.4712619402405991,1,1005.2948632166988,-5.839925593266557,1
R004463,B,2,S009>S004,2133.197649492877,2.5442143737352803,9798.0,1129.7687534718762,1003.428896021001,0.4703872124833557,1,1003.428896021001,-5.839925593266557,1
R004466,B,2,S004>S009,2133.197649492877,2.960220199502273,9135.6,1127.9027862761784,1005.2948632166988,0.4712619402405991,1,1005.2948632166988,-5.839925593266557,1
R004467,B,2,S009>S004,2133.197649492877,2.801968734899142,9798.0,1129.7687534718762,1003.428896021001,0.4703872124833557,1,1003.428896021001,-5.839925593266557,1
R004468,B,2,S004>S009,2133.197649492877,2.5920423098523706,9135.6,1127.9027862761784,1005.2948632166988,0.4712619402405991,1,1005.2948632166988,-5.839925593266557,1
R004469,B,2,S009>S004,2133.197649492877,2.579997812059942,9798.0,1129.7687534718762,1003.428896021001,0.4703872124833557,1,1003.428896021001,-5.839925593266557,1
R004474,B,2,S004>S009,2133.197649492877,2.9171862757703586,5985.5,1127.9027862761784,1005.2948632166988,0.4712619402405991,1,1005.2948632166988,-5.839925593266557,1
R004475,B,2,S009>S004,2133.197649492877,2.844964054464389,5748.0,1129.7687534718762,1003.428896021001,0.4703872124833557,1,1003.428896021001,-5.839925593266557,1
R004478,B,2,S009>S004,2133.197649492877,2.7236725156188752,5748.0,1129.7687534718762,1003.428896021001,0.4703872124833557,1,1003.428896021001,-5.839925593266557,1
R004484,B,2,S009>S004,2133.197649492877,2.557259916279309,5748.0,1129.7687534718762,1003.428896021001,0.4703872124833557,1,1003.428896021001,-5.839925593266557,1
R004485,B,2,S004>S009,2133.197649492877,2.7951719335580463,5985.5,1127.9027862761784,1005.2948632166988,0.4712619402405991,1,1005.2948632166988,-5.839925593266557,1
R004489,B,2,S004>S009,2133.197649492877,2.5146660144420103,5985.5,1127.9027862761784,1005.2948632166988,0.4712619402405991,1,1005.2948632166988,-5.839925593266557,1
R004490,B,2,S009>S004,2133.197649492877,2.500742523040814,5748.0,1129.7687534718762,1003.428896021001,0.4703872124833557,1,1003.428896021001,-5.839925593266557,1
R004520,B,2,S011>S004,2142.5349317857595,2.572688985160659,9983.0,1471.273897560799,671.2610342249604,0.3133022590513742,2,651.2610342249604,-5.839925593266557,1
R004522,B,2,S011>S004,2142.5349317857595,2.4737456008156995,9983.0,1471.273897560799,671.2610342249604,0.3133022590513742,2,651.2610342249604,-5.839925593266557,1
R004526,B,2,S011>S004,2142.5349317857595,2.618541596096075,9983.0,1471.273897560799,671.2610342249604,0.3133022590513742,2,651.2610342249604,-5.839925593266557,1
R004528,B,2,S011>S004,2142.5349317857595,2.505682462285697,9983.0,1471.273897560799,671.2610342249604,0.3133022590513742,2,651.2610342249604,-5.839925593266557,1
R004530,B,2,S011>S004,2202.5349317857595,2.579321598770285,9923.0,1531.273897560799,671.2610342249604,0.3047674861077999,2,651.2610342249604,-5.839925593266557,1
R004532,B,2,S011>S004,2202.5349317857595,2.6669231830797893,9923.0,1531.273897560799,671.2610342249604,0.3047674861077999,2,651.2610342249604,-5.839925593266557,1
R004533,B,2,S004>S011,2142.534931785759,2.8858899899760893,5985.5,1473.902843759846,668.6320880259129,0.3120752329898406,2,648.6320880259129,-5.839925593266557,1
R004536,B,2,S004>S011,2142.534931785759,2.680388496902825,5985.5,1473.902843759846,668.6320880259129,0.3120752329898406,2,648.6320880259129,-5.839925593266557,1
R004537,B,2,S011>S004,2142.5349317857595,2.634582090914804,5738.7,1471.273897560799,671.2610342249604,0.3133022590513742,2,651.2610342249604,-5.839925593266557,1
R004542,B,2,S004>S011,2142.534931785759,2.583516089977623,5985.5,1473.902843759846,668.6320880259129,0.3120752329898406,2,648.6320880259129,-5.839925593266557,1
R004544,B,2,S004>S011,2142.534931785759,2.7978542945832467,5985.5,1473.902843759846,668.6320880259129,0.3120752329898406,2,648.6320880259129,-5.839925593266557,1
R004548,B,2,S011>S004,2142.5349317857595,2.4354696321659928,5738.7,1471.273897560799,671.2610342249604,0.3133022590513742,2,651.2610342249604,-5.839925593266557,1
R004575,B,2,S013>S004,2312.4902380276403,2.8976636536824865,2627.3,1165.0863905975275,1147.4038474301128,0.4961767312837402,1,1147.4038474301128,-5.839925593266557,1
R004578,B,2,S013>S004,2312.4902380276403,3.134057974025992,2627.3,1165.0863905975275,1147.4038474301128,0.4961767312837402,1,1147.4038474301128,-5.839925593266557,1
R004580,B,2,S013>S004,2312.4902380276403,2.9405231990295406,2627.3,1165.0863905975275,1147.4038474301128,0.4961767312837402,1,1147.4038474301128,-5.839925593266557,1
R004583,B,2,S013>S004,2312.4902380276403,3.114032475974528,2627.3,1165.0863905975275,1147.4038474301128,0.4961767312837402,1,1147.4038474301128,-5.839925593266557,1
R004584,B,2,S004>S013,2312.4902380276403,2.987741266950158,5985.5,1162.0191384187617,1150.4710996088786,0.4975031162034801,1,1150.4710996088786,-5.839925593266557,1
R004586,B,2,S013>S004,2312.4902380276403,2.984959698946429,2627.3,1165.0863905975275,1147.4038474301128,0.4961767312837402,1,1147.4038474301128,-5.839925593266557,1
R004589,B,2,S013>S004,2312.4902380276403,2.8463066981602454,2627.3,1165.0863905975275,1147.4038474301128,0.4961767312837402,1,1147.4038474301128,-5.839925593266557,1
R004605,B,2,S004>S015,2623.4991795311826,3.170038085984732,5985.5,1583.4101457405973,1040.0890337905853,0.3964510612030946,3,515.7365844365474,-5.844273057181852,1
R004613,B,2,S005>S006,2039.7465511801888,2.3438125690138323,,1703.7146751982195,336.0318759819692,0.1647419753143068,2,326.0318759819692,-2.549050034207454,1
R004614,B,2,S006>S005,2039.7465511801884,2.3060483621310945,,1697.2500017010216,342.4965494791668,0.1679113266699727,2,332.4965494791668,-2.54885274671409,1
R004615,B,2,S005>S006,2039.7465511801888,2.394745463678365,,1703.7146751982195,336.0318759819692,0.1647419753143068,2,326.0318759819692,-2.549050034207454,1
R004616,B,2,S006>S005,2039.7465511801884,2.324503805320866,,1697.2500017010216,342.4965494791668,0.1679113266699727,2,332.4965494791668,-2.54885274671409,1
R004617,B,2,S005>S006,2039.7465511801888,2.5984655822734037,1884.8,1703.7146751982195,336.0318759819692,0.1647419753143068,2,326.0318759819692,-2.549050034207454,1
R004618,B,2,S006>S005,2039.7465511801884,2.3962730227340976,2747.9,1697.2500017010216,342.4965494791668,0.1679113266699727,2,332.4965494791668,-2.54885274671409,1
R004619,B,2,S005>S006,2039.7465511801888,2.2814584083621794,1884.8,1703.7146751982195,336.0318759819692,0.1647419753143068,2,326.0318759819692,-2.549050034207454,1
R004620,B,2,S006>S005,2039.7465511801884,2.2825061816263896,2747.9,1697.2500017010216,342.4965494791668,0.1679113266699727,2,332.4965494791668,-2.54885274671409,1
R004621,B,2,S005>S006,2039.7465511801888,2.37306976629757,,1703.7146751982195,336.0318759819692,0.1647419753143068,2,326.0318759819692,-2.549050034207454,1
R004622,B,2,S006>S005,2039.7465511801884,2.345272683257216,,1697.2500017010216,342.4965494791668,0.1679113266699727,2,332.4965494791668,-2.54885274671409,1
R004623,B,2,S005>S006,2039.7465511801888,2.428156697507104,,1703.7146751982195,336.0318759819692,0.1647419753143068,2,326.0318759819692,-2.549050034207454,1
R004625,B,2,S005>S006,2039.7465511801888,2.6484320718867367,1884.8,1703.7146751982195,336.0318759819692,0.1647419753143068,2,326.0318759819692,-2.549050034207454,1
R004626,B,2,S006>S005,2039.7465511801884,2.4479222209940903,2747.9,1697.2500017010216,342.4965494791668,0.1679113266699727,2,332.4965494791668,-2.54885274671409,1
R004627,B,2,S005>S006,2039.7465511801888,2.3052347630434924,1884.8,1703.7146751982195,336.0318759819692,0.1647419753143068,2,326.0318759819692,-2.549050034207454,1
R004629,B,2,S005>S006,2099.746551180189,2.526984993690013,1824.8,1763.7146751982195,336.0318759819692,0.1600344935883325,2,326.0318759819692,-2.549050034207454,1
R004630,B,2,S006>S005,2099.7465511801884,2.4030790542322,2687.9,1757.2500017010216,342.4965494791668,0.1631132811179818,2,332.4965494791668,-2.54885274671409,1
R004631,B,2,S005>S006,2099.746551180189,2.797955108712569,1824.8,1763.7146751982195,336.0318759819692,0.1600344935883325,2,326.0318759819692,-2.549050034207454,1
R004632,B,2,S006>S005,2099.7465511801884,2.503110347737454,2687.9,1757.2500017010216,342.4965494791668,0.1631132811179818,2,332.4965494791668,-2.54885274671409,1
R004633,B,2,S005>S006,2039.7465511801888,2.488181040927877,9787.7,1703.7146751982195,336.0318759819692,0.1647419753143068,2,326.0318759819692,-2.549050034207454,1
R004634,B,2,S006>S005,2039.7465511801884,2.502930286301845,9237.0,1697.2500017010216,342.4965494791668,0.1679113266699727,2,332.4965494791668,-2.54885274671409,1
R004635,B,2,S005>S006,2039.7465511801888,2.559823227922006,9787.7,1703.7146751982195,336.0318759819692,0.1647419753143068,2,326.0318759819692,-2.549050034207454,1
R004636,B,2,S006>S005,2039.7465511801884,2.533810606625488,9237.0,1697.2500017010216,342.4965494791668,0.1679113266699727,2,332.4965494791668,-2.54885274671409,1
R004637,B,2,S005>S006,2039.7465511801888,2.851070063524336,1884.8,1703.7146751982195,336.0318759819692,0.1647419753143068,2,326.0318759819692,-2.549050034207454,1
R004638,B,2,S006>S005,2039.7465511801884,2.658092903068104,2747.9,1697.2500017010216,342.4965494791668,0.1679113266699727,2,332.4965494791668,-2.54885274671409,1
R004639,B,2,S005>S006,2039.7465511801888,2.3995432652483006,1884.8,1703.7146751982195,336.0318759819692,0.1647419753143068,2,326.0318759819692,-2.549050034207454,1
R004641,B,2,S005>S006,2099.746551180189,2.6892023756342875,1824.8,1763.7146751982195,336.0318759819692,0.1600344935883325,2,326.0318759819692,-2.549050034207454,1
R004642,B,2,S006>S005,2099.7465511801884,2.588998733368851,2687.9,1757.2500017010216,342.4965494791668,0.1631132811179818,2,332.4965494791668,-2.54885274671409,1
R004645,B,2,S005>S006,2039.7465511801888,2.306828801419115,9787.7,1703.7146751982195,336.0318759819692,0.1647419753143068,2,326.0318759819692,-2.549050034207454,1
R004647,B,2,S005>S006,2039.7465511801888,2.352280853481223,9787.7,1703.7146751982195,336.0318759819692,0.1647419753143068,2,326.0318759819692,-2.549050034207454,1
R004649,B,2,S005>S006,2039.7465511801888,2.5351981996507624,1884.8,1703.7146751982195,336.0318759819692,0.1647419753143068,2,326.0318759819692,-2.549050034207454,1
R004650,B,2,S006>S005,2039.7465511801884,2.3329513955380303,2747.9,1697.2500017010216,342.4965494791668,0.1679113266699727,2,332.4965494791668,-2.54885274671409,1
R004651,B,2,S005>S006,2099.746551180189,2.92859675437932,1824.8,1763.7146751982195,336.0318759819692,0.1600344935883325,2,326.0318759819692,-2.549050034207454,1
R004652,B,2,S006>S005,2099.7465511801884,2.4583313059108343,2687.9,1757.2500017010216,342.4965494791668,0.1631132811179818,2,332.4965494791668,-2.54885274671409,1
R004653,B,2,S005>S006,2039.7465511801888,2.252013647136472,1884.8,1703.7146751982195,336.0318759819692,0.1647419753143068,2,326.0318759819692,-2.549050034207454,1
R004655,B,2,S005>S006,2099.746551180189,2.377733872027875,1824.8,1763.7146751982195,336.0318759819692,0.1600344935883325,2,326.0318759819692,-2.549050034207454,1
R004656,B,2,S006>S005,2099.7465511801884,2.282038198240825,2687.9,1757.2500017010216,342.4965494791668,0.1631132811179818,2,332.4965494791668,-2.54885274671409,1
R004657,B,2,S005>S006,2099.746551180189,2.434394635954848,1824.8,1763.7146751982195,336.0318759819692,0.1600344935883325,2,326.0318759819692,-2.549050034207454,1
R004658,B,2,S006>S005,2099.7465511801884,2.300493641430597,2687.9,1757.2500017010216,342.4965494791668,0.1631132811179818,2,332.4965494791668,-2.54885274671409,1
R004659,B,2,S005>S006,2099.746551180189,2.658258643663437,1824.8,1763.7146751982195,336.0318759819692,0.1600344935883325,2,326.0318759819692,-2.549050034207454,1
R004660,B,2,S006>S005,2099.7465511801884,2.372262858843828,2687.9,1757.2500017010216,342.4965494791668,0.1631132811179818,2,332.4965494791668,-2.54885274671409,1
R004693,B,2,S005>S007,2190.29755037323,2.523137887087845,9787.7,1339.5836176667249,850.7139327065053,0.3884010793700346,2,524.6820567245361,-2.549050034207454,1
R004695,B,2,S005>S007,2190.29755037323,2.5908607613303527,9787.7,1339.5836176667249,850.7139327065053,0.3884010793700346,2,524.6820567245361,-2.549050034207454,1
R004705,B,2,S005>S007,2190.29755037323,2.3417856475790826,9787.7,1339.5836176667249,850.7139327065053,0.3884010793700346,2,524.6820567245361,-2.549050034207454,1
R004707,B,2,S005>S007,2190.29755037323,2.3833183868895693,9787.7,1339.5836176667249,850.7139327065053,0.3884010793700346,2,524.6820567245361,-2.549050034207454,1
R004710,B,2,S007>S005,2190.29755037323,2.424353001720477,2564.3,1333.7748018471302,856.5227485260999,0.3910531463545431,2,523.8599881094332,-2.5488776518370173,1
R004738,B,2,S008>S005,2163.788689411802,2.85814447868587,5996.8,1137.8732697327578,1025.915419679044,0.4741292089653754,2,693.3969219576901,-6.237413833707706,1
R004746,B,2,S008>S005,2163.788689411802,2.9448020646374133,5996.8,1137.8732697327578,1025.915419679044,0.4741292089653754,2,693.3969219576901,-6.237413833707706,1
R004753,B,2,S005>S008,2163.788689411802,2.734318516511236,9787.7,1174.9514947115963,988.8371947002056,0.4569934206324963,2,665.5429285815176,-6.237413833707706,1
R004754,B,2,S008>S005,2163.788689411802,2.9125925846811187,9113.0,1137.8732697327578,1025.915419679044,0.4741292089653754,2,693.3969219576901,-6.237413833707706,1
R004755,B,2,S005>S008,2163.788689411802,2.7955375318057056,9787.7,1174.9514947115963,988.8371947002056,0.4569934206324963,2,665.5429285815176,-6.237413833707706,1
R004763,B,2,S005>S008,2163.788689411802,2.552966277002473,9787.7,1174.9514947115963,988.8371947002056,0.4569934206324963,2,665.5429285815176,-6.237413833707706,1
R004764,B,2,S008>S005,2163.788689411802,2.570747696203997,9113.0,1137.8732697327578,1025.915419679044,0.4741292089653754,2,693.3969219576901,-6.237413833707706,1
R004765,B,2,S005>S008,2163.788689411802,2.587995157364923,9787.7,1174.9514947115963,988.8371947002056,0.4569934206324963,2,665.5429285815176,-6.237413833707706,1
R004767,B,2,S005>S008,2163.788689411802,2.7277973232171773,5708.9,1174.9514947115963,988.8371947002056,0.4569934206324963,2,665.5429285815176,-6.237413833707706,1
R004768,B,2,S008>S005,2163.788689411802,2.749581310680425,5996.8,1137.8732697327578,1025.915419679044,0.4741292089653754,2,693.3969219576901,-6.237413833707706,1
R004771,B,2,S005>S008,2163.788689411802,2.510197707522547,5708.9,1174.9514947115963,988.8371947002056,0.4569934206324963,2,665.5429285815176,-6.237413833707706,1
R004772,B,2,S008>S005,2163.788689411802,2.526378467658354,5996.8,1137.8732697327578,1025.915419679044,0.4741292089653754,2,693.3969219576901,-6.237413833707706,1
R004794,B,2,S009>S005,1947.055659514665,2.338178977037079,9798.0,1078.1281800998077,868.9274794148573,0.4462776783851426,2,537.6985690958468,-3.212377640721556,1
R004796,B,2,S009>S005,1947.055659514665,2.1444761044813108,9798.0,1078.1281800998077,868.9274794148573,0.4462776783851426,2,537.6985690958468,-3.212377640721556,1
R004800,B,2,S009>S005,1947.055659514665,2.401389269709572,9798.0,1078.1281800998077,868.9274794148573,0.4462776783851426,2,537.6985690958468,-3.212377640721556,1
R004802,B,2,S009>S005,1947.055659514665,2.179418346870372,9798.0,1078.1281800998077,868.9274794148573,0.4462776783851426,2,537.6985690958468,-3.212377640721556,1
R004807,B,2,S005>S009,1947.055659514665,2.383082283980769,9787.7,1083.9600270802152,863.0956324344498,0.4432824650989126,2,540.8760224843818,-3.212377640721556,1
R004817,B,2,S005>S009,1947.055659514665,2.175539909539986,9787.7,1083.9600270802152,863.0956324344498,0.4432824650989126,2,540.8760224843818,-3.212377640721556,1
R004857,B,2,S005>S010,2222.612149890565,2.8464449343064464,9787.7,1498.358216998737,724.2539328918284,0.3258570924879937,2,398.2220569098593,-2.549050034207454,1
R004860,B,2,S010>S005,2222.612149890565,3.098282465470242,2605.2,1499.985962514224,722.626187376341,0.3251247355108362,2,390.3612541081118,-2.548818129849124,1
R004867,B,2,S005>S010,2222.612149890565,2.6389025598656635,9787.7,1498.358216998737,724.2539328918284,0.3258570924879937,2,398.2220569098593,-2.549050034207454,1
R004891,B,2,S011>S005,1767.4437185028924,1.7602607095469662,,1352.620521074507,414.82319742838536,0.2347023518122319,2,334.82319742838536,-2.549206206331945,1
R004892,B,2,S005>S011,1767.4437185028926,1.985768997669892,9315.2,1370.5622026283454,396.8815158745473,0.2245511479204127,2,326.8815158745473,-2.549206206331945,1
R004893,B,2,S011>S005,1767.4437185028924,1.822833144927923,9983.0,1352.620521074507,414.82319742838536,0.2347023518122319,2,334.82319742838536,-2.549206206331945,1
R004894,B,2,S005>S011,1767.4437185028926,1.7399993562905691,9315.2,1370.5622026283454,396.8815158745473,0.2245511479204127,2,326.8815158745473,-2.549206206331945,1
R004895,B,2,S011>S005,1767.4437185028924,1.7238897605829635,9983.0,1352.620521074507,414.82319742838536,0.2347023518122319,2,334.82319742838536,-2.549206206331945,1
R004897,B,2,S011>S005,1767.4437185028924,1.7886932373646998,,1352.620521074507,414.82319742838536,0.2347023518122319,2,334.82319742838536,-2.549206206331945,1
R004899,B,2,S011>S005,1767.4437185028924,1.8600620685043008,9983.0,1352.620521074507,414.82319742838536,0.2347023518122319,2,334.82319742838536,-2.549206206331945,1
R004900,B,2,S005>S011,1767.4437185028926,1.7637757109718826,9315.2,1370.5622026283454,396.8815158745473,0.2245511479204127,2,326.8815158745473,-2.549206206331945,1
R004901,B,2,S011>S005,1767.4437185028924,1.7472029346939222,9983.0,1352.620521074507,414.82319742838536,0.2347023518122319,2,334.82319742838536,-2.549206206331945,1
R004903,B,2,S011>S005,1827.4437185028924,1.8208420711785105,9923.0,1412.620521074507,414.82319742838536,0.226996428523787,2,334.82319742838536,-2.549206206331945,1
R004905,B,2,S011>S005,1827.4437185028924,1.9084436554880144,9923.0,1412.620521074507,414.82319742838536,0.226996428523787,2,334.82319742838536,-2.549206206331945,1
R004906,B,2,S005>S011,1767.4437185028926,1.9938859357842955,9787.7,1370.5622026283454,396.8815158745473,0.2245511479204127,2,326.8815158745473,-2.549206206331945,1
R004907,B,2,S011>S005,1767.4437185028924,1.90152330750323,9509.3,1352.620521074507,414.82319742838536,0.2347023518122319,2,334.82319742838536,-2.549206206331945,1
R004909,B,2,S011>S005,1767.4437185028924,2.010601798258301,9509.3,1352.620521074507,414.82319742838536,0.2347023518122319,2,334.82319742838536,-2.549206206331945,1
R004910,B,2,S005>S011,1767.4437185028926,1.8580842131766908,9315.2,1370.5622026283454,396.8815158745473,0.2245511479204127,2,326.8815158745473,-2.549206206331945,1
R004911,B,2,S011>S005,1767.4437185028924,1.8401833567705743,9509.3,1352.620521074507,414.82319742838536,0.2347023518122319,2,334.82319742838536,-2.549206206331945,1
R004917,B,2,S011>S005,1767.4437185028924,1.7249586780722923,9509.3,1352.620521074507,414.82319742838536,0.2347023518122319,2,334.82319742838536,-2.549206206331945,1
R004919,B,2,S011>S005,1767.4437185028924,1.776477861150015,9509.3,1352.620521074507,414.82319742838536,0.2347023518122319,2,334.82319742838536,-2.549206206331945,1
R004922,B,2,S005>S011,1767.4437185028926,1.7105545950648615,9315.2,1370.5622026283454,396.8815158745473,0.2245511479204127,2,326.8815158745473,-2.549206206331945,1
R004923,B,2,S011>S005,1767.4437185028924,1.6955056375816264,9509.3,1352.620521074507,414.82319742838536,0.2347023518122319,2,334.82319742838536,-2.549206206331945,1
R004925,B,2,S011>S005,1827.4437185028924,1.7482264967321746,9449.3,1412.620521074507,414.82319742838536,0.226996428523787,2,334.82319742838536,-2.549206206331945,1
R004929,B,2,S011>S005,1827.4437185028924,1.7602070617928764,9449.3,1382.620521074507,444.82319742838536,0.2434128027717321,2,364.82319742838536,-2.549206206331945,1
R004935,B,2,S011>S005,1827.4437185028924,1.7890632148933072,9449.3,1382.620521074507,444.82319742838536,0.2434128027717321,2,364.82319742838536,-2.549206206331945,1
R004943,B,2,S012>S005,2308.163379022158,3.1165387012003487,2418.2,1122.3837139773095,1185.7796650448486,0.5137329860710286,2,854.550754725838,-5.4426206856221455,1
R004953,B,2,S005>S012,2308.1633790221586,3.0903356840346907,9787.7,1123.7066503150313,1184.4567287071272,0.513159830656752,2,862.2371187570593,-5.4426206856221455,1
R004957,B,2,S005>S012,2308.1633790221586,2.882793309593908,9787.7,1123.7066503150313,1184.4567287071272,0.513159830656752,2,862.2371187570593,-5.4426206856221455,1
R004962,B,2,S012>S005,2308.163379022158,2.8000526022262524,2418.2,1122.3837139773095,1185.7796650448486,0.5137329860710286,2,854.550754725838,-5.4426206856221455,1
R004978,B,2,S013>S005,2056.4752802266776,2.5612415720594086,2627.3,1173.4458172254583,883.029463001219,0.4293897774953492,6,379.8209023347772,-2.549323641835884,1
R004980,B,2,S013>S005,2056.4752802266776,2.3916577228294207,2627.3,1173.4458172254583,883.029463001219,0.4293897774953492,6,379.8209023347772,-2.549323641835884,1
R004986,B,2,S013>S005,2056.4752802266776,2.4312799497325104,2627.3,1173.4458172254583,883.029463001219,0.4293897774953492,6,379.8209023347772,-2.549323641835884,1
R004991,B,2,S005>S013,2056.4752802266776,2.647347391051575,9787.7,1188.076379222798,868.3989010038796,0.4222753900101144,6,392.5522056859729,-2.549050034207454,1
R005001,B,2,S005>S013,2056.4752802266776,2.439805016610792,9787.7,1188.076379222798,868.3989010038796,0.4222753900101144,6,392.5522056859729,-2.549050034207454,1
R005034,B,2,S005>S014,2589.4098848712288,3.0545227178338727,9787.7,1648.6257300712732,940.7841547999554,0.3633199055493451,2,614.7522788179863,-2.7502565690805056,1
R005051,B,2,S015>S005,2252.4402729970698,2.649865375674607,9671.8,1390.9601146425398,861.48015835453,0.3824652616463188,2,528.2311918831758,-3.671366013578563,1
R005064,B,2,S005>S015,2252.4402729970698,2.6718853670765057,9787.7,1396.3548214404673,856.0854515566024,0.3800702117697023,2,530.0535755746332,-3.671366013578563,1
R005074,B,2,S005>S015,2252.4402729970698,2.4643429926357223,9787.7,1396.3548214404673,856.0854515566024,0.3800702117697023,2,530.0535755746332,-3.671366013578563,1
R005135,B,2,S007>S006,1898.8730802572863,1.805580241620066,2025.7,1491.2290345306656,407.6440457266207,0.21467682593688,2,357.6440457266207,-1.2190225456925816,1
R005138,B,2,S006>S007,1898.8730802572863,1.6598685325736795,2211.6,1489.8714982577392,409.0015819995472,0.215391742740452,2,361.2355895996095,-1.2202135831403211,1
R005158,B,2,S006>S008,2447.4250048913004,3.032973603927838,,1674.6450533125244,772.779951578776,0.3157522498276094,2,562.779951578776,-6.244364601074523,1
R005170,B,2,S006>S008,2447.4250048913004,3.123198264530841,2747.9,1674.6450533125244,772.779951578776,0.3157522498276094,2,562.779951578776,-6.244364601074523,1
R005189,B,2,S006>S009,2102.5192680508744,2.617306550805461,,1645.200503699875,457.31876435099934,0.2175099040946975,1,457.31876435099934,-3.214050195268925,1
R005190,B,2,S009>S006,2102.5192680508744,2.647182780766799,,1652.0257741737844,450.49349387709,0.2142636696474686,1,450.49349387709,-3.214050195268925,1
R005191,B,2,S006>S009,2102.5192680508744,2.795577850193609,9166.3,1645.200503699875,457.31876435099934,0.2175099040946975,1,457.31876435099934,-3.214050195268925,1
R005192,B,2,S009>S006,2102.5192680508744,2.7703154212437044,9798.0,1652.0257741737844,450.49349387709,0.2142636696474686,1,450.49349387709,-3.214050195268925,1
R005194,B,2,S009>S006,2102.5192680508744,2.576612548687936,9798.0,1652.0257741737844,450.49349387709,0.2142636696474686,1,450.49349387709,-3.214050195268925,1
R005195,B,2,S006>S009,2102.5192680508744,2.6382542758588423,,1645.200503699875,457.31876435099934,0.2175099040946975,1,457.31876435099934,-3.214050195268925,1
R005196,B,2,S009>S006,2102.5192680508744,2.709162697235767,,1652.0257741737844,450.49349387709,0.2142636696474686,1,450.49349387709,-3.214050195268925,1
R005197,B,2,S006>S009,2102.5192680508744,2.826458170517252,9166.3,1645.200503699875,457.31876435099934,0.2175099040946975,1,457.31876435099934,-3.214050195268925,1
R005198,B,2,S009>S006,2102.5192680508744,2.8501640811990527,9798.0,1652.0257741737844,450.49349387709,0.2142636696474686,1,450.49349387709,-3.214050195268925,1
R005199,B,2,S006>S009,2102.5192680508744,2.5353147246817684,9166.3,1645.200503699875,457.31876435099934,0.2175099040946975,1,457.31876435099934,-3.214050195268925,1
R005200,B,2,S009>S006,2102.5192680508744,2.628193158359853,9798.0,1652.0257741737844,450.49349387709,0.2142636696474686,1,450.49349387709,-3.214050195268925,1
R005206,B,2,S009>S006,2102.5192680508744,2.958591829840637,1822.0,1652.0257741737844,450.49349387709,0.2142636696474686,1,450.49349387709,-3.214050195268925,1
R005208,B,2,S009>S006,2102.5192680508744,3.1761955237858746,1822.0,1652.0257741737844,450.49349387709,0.2142636696474686,1,450.49349387709,-3.214050195268925,1
R005209,B,2,S006>S009,2102.5192680508744,2.594602980055495,2747.9,1645.200503699875,457.31876435099934,0.2175099040946975,1,457.31876435099934,-3.214050195268925,1
R005210,B,2,S009>S006,2102.5192680508744,2.8373002909951226,1822.0,1652.0257741737844,450.49349387709,0.2142636696474686,1,450.49349387709,-3.214050195268925,1
R005213,B,2,S006>S009,2162.5192680508744,2.719982890428299,2687.9,1705.200503699875,457.31876435099934,0.2114750009895591,1,457.31876435099934,-3.214050195268925,1
R005215,B,2,S009>S006,2102.5192680508744,2.571427111280232,1822.0,1652.0257741737844,450.49349387709,0.2142636696474686,1,450.49349387709,-3.214050195268925,1
R005216,B,2,S006>S009,2102.5192680508744,2.756266386887811,2747.9,1645.200503699875,457.31876435099934,0.2175099040946975,1,457.31876435099934,-3.214050195268925,1
R005217,B,2,S009>S006,2102.5192680508744,2.6721064952739177,1822.0,1652.0257741737844,450.49349387709,0.2142636696474686,1,450.49349387709,-3.214050195268925,1
R005221,B,2,S009>S006,2102.5192680508744,2.514909718041736,1822.0,1652.0257741737844,450.49349387709,0.2142636696474686,1,450.49349387709,-3.214050195268925,1
R005226,B,2,S006>S009,2162.5192680508744,2.5436897827582903,2687.9,1705.200503699875,457.31876435099934,0.2114750009895591,1,457.31876435099934,-3.214050195268925,1
R005227,B,2,S009>S006,2162.5192680508744,2.657172166427789,1762.0,1712.0257741737844,450.49349387709,0.2083188346724557,1,450.49349387709,-3.214050195268925,1
R005228,B,2,S006>S009,2162.5192680508744,2.675112921780444,2687.9,1705.200503699875,457.31876435099934,0.2114750009895591,1,457.31876435099934,-3.214050195268925,1
R005229,B,2,S009>S006,2162.5192680508744,2.8208592454257007,1762.0,1712.0257741737844,450.49349387709,0.2083188346724557,1,450.49349387709,-3.214050195268925,1
R005230,B,2,S006>S009,2162.5192680508744,2.881646297260615,2687.9,1705.200503699875,457.31876435099934,0.2114750009895591,1,457.31876435099934,-3.214050195268925,1
R005231,B,2,S009>S006,2162.5192680508744,2.994835373867224,1762.0,1712.0257741737844,450.49349387709,0.2083188346724557,1,450.49349387709,-3.214050195268925,1
R005232,B,2,S006>S009,2162.5192680508744,2.5621452259480617,2687.9,1705.200503699875,457.31876435099934,0.2114750009895591,1,457.31876435099934,-3.214050195268925,1
R005233,B,2,S009>S006,2162.5192680508744,2.7218490696755007,1762.0,1712.0257741737844,450.49349387709,0.2083188346724557,1,450.49349387709,-3.214050195268925,1
R005234,B,2,S006>S009,2162.5192680508744,2.775144215285698,2687.9,1705.200503699875,457.31876435099934,0.2114750009895591,1,457.31876435099934,-3.214050195268925,1
R005235,B,2,S009>S006,2162.5192680508744,3.128516015698522,1762.0,1712.0257741737844,450.49349387709,0.2083188346724557,1,450.49349387709,-3.214050195268925,1
R005236,B,2,S006>S009,2162.5192680508744,2.6339144433612933,2687.9,1705.200503699875,457.31876435099934,0.2114750009895591,1,457.31876435099934,-3.214050195268925,1
R005237,B,2,S009>S006,2162.5192680508744,2.9786623519837034,1762.0,1712.0257741737844,450.49349387709,0.2083188346724557,1,450.49349387709,-3.214050195268925,1
R005238,B,2,S006>S010,2101.2317554363144,2.5344585150851,,1753.2647702785534,347.966985157761,0.1656014308071918,1,347.966985157761,-1.6556759388739977,1
R005240,B,2,S006>S010,2101.2317554363144,2.7168582195902866,1968.5,1753.2647702785534,347.966985157761,0.1656014308071918,1,347.966985157761,-1.6556759388739977,1
R005241,B,2,S010>S006,2101.2317554363144,2.653364928111549,2605.2,1751.84732831388,349.38442712243454,0.1662760074982238,1,349.38442712243454,-1.6556759388739977,1
R005242,B,2,S006>S010,2101.2317554363144,2.434875954376844,1968.5,1753.2647702785534,347.966985157761,0.1656014308071918,1,347.966985157761,-1.6556759388739977,1
R005244,B,2,S006>S010,2101.2317554363144,2.5554062401384816,,1753.2647702785534,347.966985157761,0.1656014308071918,1,347.966985157761,-1.6556759388739977,1
R005245,B,2,S010>S006,2101.2317554363144,2.604228004705897,,1751.84732831388,349.38442712243454,0.1662760074982238,1,349.38442712243454,-1.6556759388739977,1
R005246,B,2,S006>S010,2101.2317554363144,2.7477385399139287,1968.5,1753.2647702785534,347.966985157761,0.1656014308071918,1,347.966985157761,-1.6556759388739977,1
R005247,B,2,S010>S006,2101.2317554363144,2.7258182587649418,2605.2,1751.84732831388,349.38442712243454,0.1662760074982238,1,349.38442712243454,-1.6556759388739977,1
R005248,B,2,S006>S010,2101.2317554363144,2.450043076805027,1968.5,1753.2647702785534,347.966985157761,0.1656014308071918,1,347.966985157761,-1.6556759388739977,1
R005254,B,2,S006>S010,2101.2317554363144,2.637108052821974,2747.9,1753.2647702785534,347.966985157761,0.1656014308071918,1,347.966985157761,-1.6556759388739977,1
R005256,B,2,S006>S010,2101.2317554363144,2.872020836356545,1968.5,1753.2647702785534,347.966985157761,0.1656014308071918,1,347.966985157761,-1.6556759388739977,1
R005257,B,2,S010>S006,2101.2317554363144,3.02116628582096,1823.3,1751.84732831388,349.38442712243454,0.1662760074982238,1,349.38442712243454,-1.6556759388739977,1
R005258,B,2,S006>S010,2101.2317554363144,2.5093313321787534,1968.5,1753.2647702785534,347.966985157761,0.1656014308071918,1,347.966985157761,-1.6556759388739977,1
R005262,B,2,S006>S010,2161.2317554363144,2.6347112425515578,1908.5,1813.2647702785532,347.966985157761,0.1610040127730367,1,347.966985157761,-1.6556759388739977,1
R005263,B,2,S010>S006,2161.2317554363144,3.1577052864692976,1763.3,1811.84732831388,349.38442712243454,0.1616598619021771,1,349.38442712243454,-1.6556759388739977,1
R005264,B,2,S006>S010,2101.2317554363144,2.5076280138188065,2747.9,1753.2647702785534,347.966985157761,0.1656014308071918,1,347.966985157761,-1.6556759388739977,1
R005265,B,2,S010>S006,2101.2317554363144,2.476518154231583,1823.3,1751.84732831388,349.38442712243454,0.1662760074982238,1,349.38442712243454,-1.6556759388739977,1
R005266,B,2,S006>S010,2101.2317554363144,2.677546756284488,1968.5,1753.2647702785534,347.966985157761,0.1656014308071918,1,347.966985157761,-1.6556759388739977,1
R005267,B,2,S010>S006,2101.2317554363144,2.564439525821436,1823.3,1751.84732831388,349.38442712243454,0.1662760074982238,1,349.38442712243454,-1.6556759388739977,1
R005270,B,2,S006>S010,2101.2317554363144,2.4158569234977083,1968.5,1753.2647702785534,347.966985157761,0.1656014308071918,1,347.966985157761,-1.6556759388739977,1
R005276,B,2,S006>S010,2161.2317554363144,2.4584181348815486,1908.5,1813.2647702785532,347.966985157761,0.1610040127730367,1,347.966985157761,-1.6556759388739977,1
R005277,B,2,S010>S006,2161.2317554363144,2.5608386294915344,1763.3,1811.84732831388,349.38442712243454,0.1616598619021771,1,349.38442712243454,-1.6556759388739977,1
R005278,B,2,S006>S010,2161.2317554363144,2.592264886060083,2687.9,1813.2647702785532,347.966985157761,0.1610040127730367,1,347.966985157761,-1.6556759388739977,1
R005279,B,2,S010>S006,2161.2317554363144,2.7079109204166003,1763.3,1811.84732831388,349.38442712243454,0.1616598619021771,1,349.38442712243454,-1.6556759388739977,1
R005280,B,2,S006>S010,2161.2317554363144,2.8029266666572923,1908.5,1813.2647702785532,347.966985157761,0.1610040127730367,1,347.966985157761,-1.6556759388739977,1
R005281,B,2,S010>S006,2161.2317554363144,2.857035096332857,1763.3,1811.84732831388,349.38442712243454,0.1616598619021771,1,349.38442712243454,-1.6556759388739977,1
R005282,B,2,S006>S010,2161.2317554363144,2.47687357807132,1908.5,1813.2647702785532,347.966985157761,0.1610040127730367,1,347.966985157761,-1.6556759388739977,1
R005283,B,2,S010>S006,2161.2317554363144,2.6220256806868973,1763.3,1811.84732831388,349.38442712243454,0.1616598619021771,1,349.38442712243454,-1.6556759388739977,1
R005284,B,2,S006>S010,2161.2317554363144,2.692296179565337,2687.9,1813.2647702785532,347.966985157761,0.1610040127730367,1,347.966985157761,-1.6556759388739977,1
R005285,B,2,S010>S006,2161.2317554363144,2.992847172719128,1763.3,1811.84732831388,349.38442712243454,0.1616598619021771,1,349.38442712243454,-1.6556759388739977,1
R005286,B,2,S006>S010,2161.2317554363144,2.548642795484552,1908.5,1813.2647702785532,347.966985157761,0.1610040127730367,1,347.966985157761,-1.6556759388739977,1
R005287,B,2,S010>S006,2161.2317554363144,2.864507604784099,1763.3,1811.84732831388,349.38442712243454,0.1616598619021771,1,349.38442712243454,-1.6556759388739977,1
R005288,B,2,S006>S011,1646.331067478288,1.5628611685104044,,1646.331067478288,0.0,0.0,0,0.0,1.8670874984587729,0
R005289,B,2,S011>S006,1646.3310674782883,1.541415476126632,,1646.3310674782883,0.0,0.0,0,0.0,1.8670874984587729,0
R005290,B,2,S006>S011,1646.331067478288,1.683196152673297,9436.3,1646.331067478288,0.0,0.0,0,0.0,1.8670874984587729,0
R005291,B,2,S011>S006,1646.3310674782883,1.603987911507589,9983.0,1646.3310674782883,0.0,0.0,0,0.0,1.8670874984587729,0
R005292,B,2,S006>S011,1646.331067478288,1.4953390706184682,9436.3,1646.331067478288,0.0,0.0,0,0.0,1.8670874984587729,0
R005293,B,2,S011>S006,1646.3310674782883,1.5050445271626296,9983.0,1646.3310674782883,0.0,0.0,0,0.0,1.8670874984587729,0
R005294,B,2,S006>S011,1646.331067478288,1.5838088935637862,,1646.331067478288,0.0,0.0,0,0.0,1.8670874984587729,0
R005296,B,2,S006>S011,1646.331067478288,1.7140764729969395,9436.3,1646.331067478288,0.0,0.0,0,0.0,1.8670874984587729,0
R005297,B,2,S011>S006,1646.3310674782883,1.6435878458951991,9983.0,1646.3310674782883,0.0,0.0,0,0.0,1.8670874984587729,0
R005298,B,2,S006>S011,1646.331067478288,1.5105061930466512,9436.3,1646.331067478288,0.0,0.0,0,0.0,1.8670874984587729,0
R005299,B,2,S011>S006,1646.3310674782883,1.530728712084821,9983.0,1646.3310674782883,0.0,0.0,0,0.0,1.8670874984587729,0
R005301,B,2,S011>S006,1706.3310674782883,1.604367848569409,9923.0,1706.3310674782883,0.0,0.0,0,0.0,1.8670874984587729,0
R005303,B,2,S011>S006,1706.3310674782883,1.6919694328789134,9923.0,1706.3310674782883,0.0,0.0,0,0.0,1.8670874984587729,0
R005304,B,2,S006>S011,1646.331067478288,1.6655107062472785,2747.9,1646.331067478288,0.0,0.0,0,0.0,1.8670874984587729,0
R005308,B,2,S006>S011,1646.331067478288,1.5697944484203776,2747.9,1646.331067478288,0.0,0.0,0,0.0,1.8670874984587729,0
R005314,B,2,S006>S011,1646.331067478288,1.5360306672441113,2747.9,1646.331067478288,0.0,0.0,0,0.0,1.8670874984587729,0
R005315,B,2,S011>S006,1646.3310674782883,1.5032607830262497,2278.2,1646.3310674782883,0.0,0.0,0,0.0,1.8670874984587729,0
R005316,B,2,S006>S011,1646.331067478288,1.6438846893674988,2747.9,1646.331067478288,0.0,0.0,0,0.0,1.8670874984587729,0
R005320,B,2,S006>S011,1646.331067478288,1.4763200397393323,2747.9,1646.331067478288,0.0,0.0,0,0.0,1.8670874984587729,0
R005321,B,2,S011>S006,1646.3310674782883,1.4738077425355838,2278.2,1646.3310674782883,0.0,0.0,0,0.0,1.8670874984587729,0
R005326,B,2,S006>S011,1706.331067478288,1.5188812511231728,2687.9,1706.331067478288,0.0,0.0,0,0.0,1.8670874984587729,0
R005332,B,2,S006>S011,1706.331067478288,1.5373366943129445,2687.9,1706.331067478288,0.0,0.0,0,0.0,1.8670874984587729,0
R005336,B,2,S006>S011,1706.331067478288,1.609105911726176,2687.9,1706.331067478288,0.0,0.0,0,0.0,1.8670874984587729,0
R005338,B,2,S006>S012,2452.3480777552704,3.1229936732226045,1799.6,1749.7063737608632,702.6417039944072,0.2865179337174527,1,702.6417039944072,-5.443587154173386,1
R005339,B,2,S006>S012,2452.3480777552704,3.1381607956507875,1799.6,1749.7063737608632,702.6417039944072,0.2865179337174527,1,702.6417039944072,-5.443587154173386,1
R005340,B,2,S006>S012,2452.3480777552704,3.197449051024514,1799.6,1749.7063737608632,702.6417039944072,0.2865179337174527,1,702.6417039944072,-5.443587154173386,1
R005341,B,2,S006>S012,2452.3480777552704,3.1039746423434686,1799.6,1749.7063737608632,702.6417039944072,0.2865179337174527,1,702.6417039944072,-5.443587154173386,1
R005342,B,2,S012>S006,2452.3480777552704,3.129459415847483,1472.1999999999998,1753.8687138171929,698.4793639380778,0.2848206460876561,1,698.4793639380778,-5.443587154173386,1
R005343,B,2,S006>S012,2512.3480777552704,3.1465358537273094,1739.6,1809.7063737608632,702.6417039944072,0.2796753006542798,1,702.6417039944072,-5.443587154173386,1
R005344,B,2,S006>S012,2512.3480777552704,3.164991296917081,1739.6,1809.7063737608632,702.6417039944072,0.2796753006542798,1,702.6417039944072,-5.443587154173386,1
R005345,B,2,S006>S013,2041.4938800112327,2.5042704022980744,,1710.350069139984,331.1438108712491,0.1622066145353455,1,331.1438108712491,-1.7783987710747056,1
R005346,B,2,S013>S006,2041.4938800112336,2.51689693430364,,1715.0974873607013,326.39639265053233,0.159881151663671,1,326.39639265053233,-1.7783987710747056,1
R005347,B,2,S006>S013,2041.4938800112327,2.6839455727720583,2006.2,1710.350069139984,331.1438108712491,0.1622066145353455,1,331.1438108712491,-1.7783987710747056,1
R005348,B,2,S013>S006,2041.4938800112336,2.6242047112576907,2627.3,1715.0974873607013,326.39639265053233,0.159881151663671,1,326.39639265053233,-1.7783987710747056,1
R005350,B,2,S013>S006,2041.4938800112336,2.4546208620277024,2627.3,1715.0974873607013,326.39639265053233,0.159881151663671,1,326.39639265053233,-1.7783987710747056,1
R005352,B,2,S013>S006,2041.4938800112336,2.573840692327044,,1715.0974873607013,326.39639265053233,0.159881151663671,1,326.39639265053233,-1.7783987710747056,1
R005353,B,2,S006>S013,2041.4938800112327,2.7148258930957008,2006.2,1710.350069139984,331.1438108712491,0.1622066145353455,1,331.1438108712491,-1.7783987710747056,1
R005354,B,2,S013>S006,2041.4938800112336,2.6962882806402506,2627.3,1715.0974873607013,326.39639265053233,0.159881151663671,1,326.39639265053233,-1.7783987710747056,1
R005356,B,2,S013>S006,2041.4938800112336,2.5027535056437995,2627.3,1715.0974873607013,326.39639265053233,0.159881151663671,1,326.39639265053233,-1.7783987710747056,1
R005362,B,2,S013>S006,2041.4938800112336,2.803356296201003,1883.0,1715.0974873607013,326.39639265053233,0.159881151663671,1,326.39639265053233,-1.7783987710747056,1
R005364,B,2,S013>S006,2041.4938800112336,2.9907074141712484,1883.0,1715.0974873607013,326.39639265053233,0.159881151663671,1,326.39639265053233,-1.7783987710747056,1
R005366,B,2,S013>S006,2041.4938800112336,2.6981051251486896,1883.0,1715.0974873607013,326.39639265053233,0.159881151663671,1,326.39639265053233,-1.7783987710747056,1
R005369,B,2,S006>S013,2101.493880011233,2.6062043783904136,1946.2,1770.350069139984,331.1438108712491,0.1575754343236436,1,331.1438108712491,-1.7783987710747056,1
R005370,B,2,S013>S006,2101.4938800112336,3.12096852962957,1823.0,1775.0974873607013,326.39639265053233,0.1553163660171057,1,326.39639265053233,-1.7783987710747056,1
R005371,B,2,S006>S013,2041.4938800112327,2.4774399010317816,2747.9,1710.350069139984,331.1438108712491,0.1622066145353455,1,331.1438108712491,-1.7783987710747056,1
R005372,B,2,S013>S006,2041.4938800112336,2.447548098505901,1883.0,1715.0974873607013,326.39639265053233,0.159881151663671,1,326.39639265053233,-1.7783987710747056,1
R005373,B,2,S006>S013,2041.4938800112327,2.64463410946626,2006.2,1710.350069139984,331.1438108712491,0.1622066145353455,1,331.1438108712491,-1.7783987710747056,1
R005374,B,2,S013>S006,2041.4938800112336,2.535831702450039,1883.0,1715.0974873607013,326.39639265053233,0.159881151663671,1,326.39639265053233,-1.7783987710747056,1
R005378,B,2,S013>S006,2041.4938800112336,2.3971787016638557,1883.0,1715.0974873607013,326.39639265053233,0.159881151663671,1,326.39639265053233,-1.7783987710747056,1
R005383,B,2,S006>S013,2101.493880011233,2.4299112707204045,1946.2,1770.350069139984,331.1438108712491,0.1575754343236436,1,331.1438108712491,-1.7783987710747056,1
R005384,B,2,S013>S006,2101.4938800112336,2.529813532644526,1823.0,1775.0974873607013,326.39639265053233,0.1553163660171057,1,326.39639265053233,-1.7783987710747056,1
R005385,B,2,S006>S013,2101.493880011233,2.562076773273058,2687.9,1770.350069139984,331.1438108712491,0.1575754343236436,1,331.1438108712491,-1.7783987710747056,1
R005386,B,2,S013>S006,2101.4938800112336,2.676603052082632,1823.0,1775.0974873607013,326.39639265053233,0.1553163660171057,1,326.39639265053233,-1.7783987710747056,1
R005387,B,2,S006>S013,2101.493880011233,2.7700140198390644,1946.2,1770.350069139984,331.1438108712491,0.1575754343236436,1,331.1438108712491,-1.7783987710747056,1
R005388,B,2,S013>S006,2101.4938800112336,2.8269894493779804,1823.0,1775.0974873607013,326.39639265053233,0.1553163660171057,1,326.39639265053233,-1.7783987710747056,1
R005389,B,2,S006>S013,2101.493880011233,2.448366713910176,1946.2,1770.350069139984,331.1438108712491,0.1575754343236436,1,331.1438108712491,-1.7783987710747056,1
R005390,B,2,S013>S006,2101.4938800112336,2.590230412380047,1823.0,1775.0974873607013,326.39639265053233,0.1553163660171057,1,326.39639265053233,-1.7783987710747056,1
R005391,B,2,S006>S013,2101.493880011233,2.662108066778312,2687.9,1770.350069139984,331.1438108712491,0.1575754343236436,1,331.1438108712491,-1.7783987710747056,1
R005392,B,2,S013>S006,2101.4938800112336,2.9596317696613674,1823.0,1775.0974873607013,326.39639265053233,0.1553163660171057,1,326.39639265053233,-1.7783987710747056,1
R005393,B,2,S006>S013,2101.493880011233,2.5201359313234075,1946.2,1770.350069139984,331.1438108712491,0.1575754343236436,1,331.1438108712491,-1.7783987710747056,1
R005394,B,2,S013>S006,2101.4938800112336,2.830180509617486,1823.0,1775.0974873607013,326.39639265053233,0.1553163660171057,1,326.39639265053233,-1.7783987710747056,1
R005396,B,2,S014>S006,2430.536392082336,2.844860900853226,,1878.2094258456984,552.3269662366379,0.227244886369892,1,552.3269662366379,-2.7507647795652304,1
R005397,B,2,S006>S014,2430.536392082336,3.0090673455713683,1796.2,1875.7673093927565,554.7690826895796,0.2282496507753529,1,554.7690826895796,-2.7507647795652304,1
R005398,B,2,S014>S006,2430.536392082336,2.9682736316222385,2448.1,1878.2094258456984,552.3269662366379,0.227244886369892,1,552.3269662366379,-2.7507647795652304,1
R005399,B,2,S006>S014,2430.536392082336,2.7059660915003847,1796.2,1875.7673093927565,554.7690826895796,0.2282496507753529,1,554.7690826895796,-2.7507647795652304,1
R005400,B,2,S014>S006,2430.536392082336,2.7723117511961184,2448.1,1878.2094258456984,552.3269662366379,0.227244886369892,1,552.3269662366379,-2.7507647795652304,1
R005401,B,2,S006>S014,2430.536392082336,2.834489193972222,,1875.7673093927565,554.7690826895796,0.2282496507753529,1,554.7690826895796,-2.7507647795652304,1
R005402,B,2,S014>S006,2430.536392082336,2.9108989857704883,,1878.2094258456984,552.3269662366379,0.227244886369892,1,552.3269662366379,-2.7507647795652304,1
R005403,B,2,S006>S014,2430.536392082336,3.039947665895011,1796.2,1875.7673093927565,554.7690826895796,0.2282496507753529,1,554.7690826895796,-2.7507647795652304,1
R005404,B,2,S014>S006,2430.536392082336,3.0512069968875,2448.1,1878.2094258456984,552.3269662366379,0.227244886369892,1,552.3269662366379,-2.7507647795652304,1
R005406,B,2,S014>S006,2430.536392082336,2.8285170684151413,2448.1,1878.2094258456984,552.3269662366379,0.227244886369892,1,552.3269662366379,-2.7507647795652304,1
R005411,B,2,S006>S014,2430.536392082336,2.916191006655714,2747.9,1875.7673093927565,554.7690826895796,0.2282496507753529,1,554.7690826895796,-2.7507647795652304,1
R005412,B,2,S014>S006,2430.536392082336,3.17414161446013,1494.0,1878.2094258456984,552.3269662366379,0.227244886369892,1,552.3269662366379,-2.7507647795652304,1
R005413,B,2,S006>S014,2430.536392082336,3.164229962337627,1796.2,1875.7673093927565,554.7690826895796,0.2282496507753529,1,554.7690826895796,-2.7507647795652304,1
R005415,B,2,S014>S006,2430.536392082336,3.053634381007563,1494.0,1878.2094258456984,552.3269662366379,0.227244886369892,1,552.3269662366379,-2.7507647795652304,1
R005417,B,2,S006>S014,2490.536392082336,2.9058013796750988,1736.2,1935.7673093927565,554.7690826895796,0.2227508437352073,1,554.7690826895796,-2.7507647795652304,1
R005419,B,2,S014>S006,2430.536392082336,2.7636243494133845,1494.0,1878.2094258456984,552.3269662366379,0.227244886369892,1,552.3269662366379,-2.7507647795652304,1
R005420,B,2,S006>S014,2430.536392082336,2.96975588226557,1796.2,1875.7673093927565,554.7690826895796,0.2282496507753529,1,554.7690826895796,-2.7507647795652304,1
R005421,B,2,S014>S006,2430.536392082336,2.8658070444331765,1494.0,1878.2094258456984,552.3269662366379,0.227244886369892,1,552.3269662366379,-2.7507647795652304,1
R005424,B,2,S014>S006,2430.536392082336,2.7043624603895853,1494.0,1878.2094258456984,552.3269662366379,0.227244886369892,1,552.3269662366379,-2.7507647795652304,1
R005429,B,2,S006>S014,2490.536392082336,2.7295082720050896,1736.2,1935.7673093927565,554.7690826895796,0.2227508437352073,1,554.7690826895796,-2.7507647795652304,1
R005430,B,2,S014>S006,2490.536392082336,2.859939037082057,1434.0,1938.2094258456984,552.3269662366379,0.2217702853058242,1,552.3269662366379,-2.7507647795652304,1
R005431,B,2,S006>S014,2490.536392082336,2.8713478398938235,2687.9,1935.7673093927565,554.7690826895796,0.2227508437352073,1,554.7690826895796,-2.7507647795652304,1
R005432,B,2,S014>S006,2490.536392082336,3.0292051331693703,1434.0,1938.2094258456984,552.3269662366379,0.2217702853058242,1,552.3269662366379,-2.7507647795652304,1
R005433,B,2,S006>S014,2490.536392082336,3.0951357926383745,1736.2,1935.7673093927565,554.7690826895796,0.2227508437352073,1,554.7690826895796,-2.7507647795652304,1
R005434,B,2,S006>S014,2490.536392082336,2.747963715194861,1736.2,1935.7673093927565,554.7690826895796,0.2227508437352073,1,554.7690826895796,-2.7507647795652304,1
R005435,B,2,S014>S006,2490.536392082336,2.929765406579713,1434.0,1938.2094258456984,552.3269662366379,0.2217702853058242,1,552.3269662366379,-2.7507647795652304,1
R005436,B,2,S006>S014,2490.536392082336,2.9713791333990778,2687.9,1935.7673093927565,554.7690826895796,0.2227508437352073,1,554.7690826895796,-2.7507647795652304,1
R005437,B,2,S006>S014,2490.536392082336,2.8197329326080927,1736.2,1935.7673093927565,554.7690826895796,0.2227508437352073,1,554.7690826895796,-2.7507647795652304,1
R005441,B,2,S015>S006,2139.7788503466786,2.477530022284508,9671.8,1600.665395279909,539.1134550667696,0.2519482118347999,1,539.1134550667696,-3.675154722543596,1
R005454,B,2,S006>S015,2139.778850346678,2.391008672992599,2747.9,1603.120464889554,536.658385457124,0.2508008644772692,1,536.658385457124,-3.675154722543596,1
R005458,B,2,S006>S015,2139.778850346678,2.28154388058951,2747.9,1603.120464889554,536.658385457124,0.2508008644772692,1,536.658385457124,-3.675154722543596,1
R005464,B,2,S006>S015,2139.778850346678,2.261528633989432,2747.9,1603.120464889554,536.658385457124,0.2508008644772692,1,536.658385457124,-3.675154722543596,1
R005466,B,2,S006>S015,2139.778850346678,2.39263622406122,2747.9,1603.120464889554,536.658385457124,0.2508008644772692,1,536.658385457124,-3.675154722543596,1
R005525,B,2,S009>S007,2280.055397024981,2.8969639501104627,9798.0,1441.140349844459,838.9150471805222,0.3679362564063748,2,436.26000388685566,-3.219817883004424,1
R005527,B,2,S009>S007,2280.055397024981,2.7032610775546937,9798.0,1441.140349844459,838.9150471805222,0.3679362564063748,2,436.26000388685566,-3.219817883004424,1
R005531,B,2,S009>S007,2280.055397024981,2.9748703913374763,9798.0,1441.140349844459,838.9150471805222,0.3679362564063748,2,436.26000388685566,-3.219817883004424,1
R005533,B,2,S009>S007,2280.055397024981,2.752899468498276,9798.0,1441.140349844459,838.9150471805222,0.3679362564063748,2,436.26000388685566,-3.219817883004424,1
R005570,B,2,S010>S007,2321.557645722134,2.975813240691634,2605.2,1608.6095576081314,712.9480881140028,0.3070990244104992,2,360.62671634769504,-1.6558195701998244,1
R005576,B,2,S010>S007,2321.557645722134,3.0505060149663663,2605.2,1608.6095576081314,712.9480881140028,0.3070990244104992,2,360.62671634769504,-1.6558195701998244,1
R005608,B,2,S011>S007,1808.0562893174128,1.685524312187013,,1448.6576399294756,359.398649387937,0.1987762502259369,1,359.398649387937,-1.2114589415920705,1
R005609,B,2,S007>S011,1808.0562893174128,1.886613158568334,9274.6,1440.1871255894898,367.8691637279227,0.2034611233629251,1,367.8691637279227,-1.2114589415920705,1
R005610,B,2,S011>S007,1808.0562893174128,1.7480967475679696,9983.0,1448.6576399294756,359.398649387937,0.1987762502259369,1,359.398649387937,-1.2114589415920705,1
R005611,B,2,S007>S011,1808.0562893174128,1.6604241393409371,9274.6,1440.1871255894898,367.8691637279227,0.2034611233629251,1,367.8691637279227,-1.2114589415920705,1
R005612,B,2,S011>S007,1808.0562893174128,1.6491533632230102,9983.0,1448.6576399294756,359.398649387937,0.1987762502259369,1,359.398649387937,-1.2114589415920705,1
R005614,B,2,S011>S007,1808.0562893174128,1.714705272305086,,1448.6576399294756,359.398649387937,0.1987762502259369,1,359.398649387937,-1.2114589415920705,1
R005615,B,2,S007>S011,1808.0562893174128,1.930962700088483,9274.6,1440.1871255894898,367.8691637279227,0.2034611233629251,1,367.8691637279227,-1.2114589415920705,1
R005616,B,2,S011>S007,1808.0562893174128,1.7860741034446863,9983.0,1448.6576399294756,359.398649387937,0.1987762502259369,1,359.398649387937,-1.2114589415920705,1
R005617,B,2,S007>S011,1808.0562893174128,1.6823781483150624,9274.6,1440.1871255894898,367.8691637279227,0.2034611233629251,1,367.8691637279227,-1.2114589415920705,1
R005618,B,2,S011>S007,1808.0562893174128,1.6732149696343084,9983.0,1448.6576399294756,359.398649387937,0.1987762502259369,1,359.398649387937,-1.2114589415920705,1
R005620,B,2,S011>S007,1868.0562893174128,1.7468541061188965,9923.0,1508.6576399294756,359.398649387937,0.1923917664811166,1,359.398649387937,-1.2114589415920705,1
R005622,B,2,S011>S007,1868.0562893174128,1.8344556904284008,9923.0,1508.6576399294756,359.398649387937,0.1923917664811166,1,359.398649387937,-1.2114589415920705,1
R005623,B,2,S007>S011,1808.0562893174128,1.890288874314165,2564.3,1440.1871255894898,367.8691637279227,0.2034611233629251,1,367.8691637279227,-1.2114589415920705,1
R005625,B,2,S007>S011,1808.0562893174128,2.1091087365869967,2564.3,1440.1871255894898,367.8691637279227,0.2034611233629251,1,367.8691637279227,-1.2114589415920705,1
R005626,B,2,S011>S007,1808.0562893174128,1.9389238366407424,2302.4,1448.6576399294756,359.398649387937,0.1987762502259369,1,359.398649387937,-1.2114589415920705,1
R005627,B,2,S007>S011,1808.0562893174128,1.7678901982921833,2564.3,1440.1871255894898,367.8691637279227,0.2034611233629251,1,367.8691637279227,-1.2114589415920705,1
R005628,B,2,S011>S007,1808.0562893174128,1.768505395153016,2302.4,1448.6576399294756,359.398649387937,0.1987762502259369,1,359.398649387937,-1.2114589415920705,1
R005630,B,2,S011>S007,1868.0562893174128,1.8782269328693857,2242.4,1508.6576399294756,359.398649387937,0.1923917664811166,1,359.398649387937,-1.2114589415920705,1
R005634,B,2,S011>S007,1808.0562893174128,1.6491192325327138,2302.4,1448.6576399294756,359.398649387937,0.1987762502259369,1,359.398649387937,-1.2114589415920705,1
R005635,B,2,S007>S011,1808.0562893174128,1.8300785806125404,2564.3,1440.1871255894898,367.8691637279227,0.2034611233629251,1,367.8691637279227,-1.2114589415920705,1
R005636,B,2,S011>S007,1808.0562893174128,1.7006384156104366,2302.4,1448.6576399294756,359.398649387937,0.1987762502259369,1,359.398649387937,-1.2114589415920705,1
R005639,B,2,S007>S011,1808.0562893174128,1.6328117345718407,2564.3,1440.1871255894898,367.8691637279227,0.2034611233629251,1,367.8691637279227,-1.2114589415920705,1
R005640,B,2,S011>S007,1808.0562893174128,1.619666192042048,2302.4,1448.6576399294756,359.398649387937,0.1987762502259369,1,359.398649387937,-1.2114589415920705,1
R005646,B,2,S011>S007,1868.0562893174128,1.6865971756618672,2242.4,1478.6576399294756,389.398649387937,0.208451239726948,1,389.398649387937,-1.2114589415920705,1
R005652,B,2,S011>S007,1868.0562893174128,1.7162174779020936,2242.4,1478.6576399294756,389.398649387937,0.208451239726948,1,389.398649387937,-1.2114589415920705,1
R005704,B,2,S007>S014,2656.7057220713214,3.191241959172457,2564.3,1754.5173214612478,902.1884006100736,0.3395891359418895,2,547.092430241526,-2.7488069776422748,1
R005713,B,2,S007>S015,2038.480270145949,2.267073830811121,9372.9,1197.0044694710664,841.4758006748829,0.412795656155473,1,841.4758006748829,-3.666371127136273,1
R005714,B,2,S015>S007,2038.4802701459491,2.2909386520971644,9671.8,1193.9971308503186,844.4831392956307,0.4142709407902035,1,844.4831392956307,-3.666371127136273,1
R005720,B,2,S015>S007,2038.4802701459491,2.356808743074178,9671.8,1193.9971308503186,844.4831392956307,0.4142709407902035,1,844.4831392956307,-3.666371127136273,1
R005727,B,2,S007>S015,2038.480270145949,2.277506322211213,2564.3,1197.0044694710664,841.4758006748829,0.412795656155473,1,841.4758006748829,-3.666371127136273,1
R005729,B,2,S007>S015,2038.480270145949,2.489569408829784,2564.3,1197.0044694710664,841.4758006748829,0.412795656155473,1,841.4758006748829,-3.666371127136273,1
R005731,B,2,S007>S015,2038.480270145949,2.1581079159945373,2564.3,1197.0044694710664,841.4758006748829,0.412795656155473,1,841.4758006748829,-3.666371127136273,1
R005737,B,2,S007>S015,2038.480270145949,2.0911101527581497,2564.3,1197.0044694710664,841.4758006748829,0.412795656155473,1,841.4758006748829,-3.666371127136273,1
R005739,B,2,S007>S015,2038.480270145949,2.210539252855328,2564.3,1197.0044694710664,841.4758006748829,0.412795656155473,1,841.4758006748829,-3.666371127136273,1
R005740,B,2,S015>S007,2038.4802701459491,2.2079951191197877,2072.0,1193.9971308503186,844.4831392956307,0.4142709407902035,1,844.4831392956307,-3.666371127136273,1
R005743,B,2,S007>S015,2038.480270145949,2.023029452274195,2564.3,1197.0044694710664,841.4758006748829,0.412795656155473,1,841.4758006748829,-3.666371127136273,1
R005744,B,2,S015>S007,2038.4802701459491,2.0314151264862312,2072.0,1193.9971308503186,844.4831392956307,0.4142709407902035,1,844.4831392956307,-3.666371127136273,1
R005745,B,2,S007>S015,2098.4802701459494,2.145120593990412,2534.3,1227.0044694710664,871.4758006748829,0.4152890132315953,1,871.4758006748829,-3.666371127136273,1
R005746,B,2,S015>S007,2098.4802701459494,2.1466583520891964,2012.0,1223.9971308503186,874.4831392956307,0.4167221163508058,1,874.4831392956307,-3.666371127136273,1
R005747,B,2,S007>S015,2098.4802701459494,2.2896683029962093,2534.3,1227.0044694710664,871.4758006748829,0.4152890132315953,1,871.4758006748829,-3.666371127136273,1
R005748,B,2,S015>S007,2098.4802701459494,2.282300394379461,2012.0,1223.9971308503186,874.4831392956307,0.4167221163508058,1,874.4831392956307,-3.666371127136273,1
R005749,B,2,S007>S015,2098.4802701459494,2.084700966380351,2504.3,1227.0044694710664,871.4758006748829,0.4152890132315953,1,871.4758006748829,-3.666371127136273,1
R005759,B,2,S007>S015,2098.4802701459494,2.214642493950331,2504.3,1227.0044694710664,871.4758006748829,0.4152890132315953,1,871.4758006748829,-3.666371127136273,1
R005763,B,2,S009>S008,2289.208983160864,3.091202506407045,9798.0,1083.89083593881,1205.3181472220542,0.5265216745558069,1,1205.3181472220542,-6.237897062330717,1
R005765,B,2,S009>S008,2289.208983160864,2.8974996338512766,9798.0,1083.89083593881,1205.3181472220542,0.5265216745558069,1,1205.3181472220542,-6.237897062330717,1
R005768,B,2,S009>S008,2289.208983160864,3.162350075780493,9798.0,1083.89083593881,1205.3181472220542,0.5265216745558069,1,1205.3181472220542,-6.237897062330717,1
R005770,B,2,S009>S008,2289.208983160864,2.9403791529412926,9798.0,1083.89083593881,1205.3181472220542,0.5265216745558069,1,1205.3181472220542,-6.237897062330717,1
R005774,B,2,S008>S009,2289.208983160864,2.978314891070826,5996.8,1059.459508281387,1229.7494748794772,0.5371940630695411,1,1229.7494748794777,-6.237897062330717,1
R005776,B,2,S008>S009,2289.208983160864,3.1923837548970697,5996.8,1059.459508281387,1229.7494748794772,0.5371940630695411,1,1229.7494748794777,-6.237897062330717,1
R005778,B,2,S008>S009,2289.208983160864,2.860683260199488,5996.8,1059.459508281387,1229.7494748794772,0.5371940630695411,1,1229.7494748794777,-6.237897062330717,1
R005790,B,2,S008>S011,2150.012915326489,2.6892582152411344,,1481.2395488701009,668.7733664563879,0.3110555111966998,1,668.7733664563879,-6.238708362975757,1
R005791,B,2,S011>S008,2150.012915326489,2.548303931121888,,1502.655175991274,647.3577393352148,0.3010948142313418,1,647.3577393352148,-6.238708362975757,1
R005792,B,2,S008>S011,2150.012915326489,2.940199771231356,8932.6,1481.2395488701009,668.7733664563879,0.3110555111966998,1,668.7733664563879,-6.238708362975757,1
R005793,B,2,S011>S008,2150.012915326489,2.6108763665028443,9983.0,1502.655175991274,647.3577393352148,0.3010948142313418,1,647.3577393352148,-6.238708362975757,1
R005794,B,2,S008>S011,2150.012915326489,2.5489440846899205,8932.6,1481.2395488701009,668.7733664563879,0.3110555111966998,1,668.7733664563879,-6.238708362975757,1
R005795,B,2,S011>S008,2150.012915326489,2.5119329821578846,9983.0,1502.655175991274,647.3577393352148,0.3010948142313418,1,647.3577393352148,-6.238708362975757,1
R005796,B,2,S008>S011,2150.012915326489,2.7399164283504334,,1481.2395488701009,668.7733664563879,0.3110555111966998,1,668.7733664563879,-6.238708362975757,1
R005797,B,2,S011>S008,2150.012915326489,2.585510546250513,,1502.655175991274,647.3577393352148,0.3010948142313418,1,647.3577393352148,-6.238708362975757,1
R005798,B,2,S008>S011,2150.012915326489,3.0161793523350964,8932.6,1481.2395488701009,668.7733664563879,0.3110555111966998,1,668.7733664563879,-6.238708362975757,1
R005799,B,2,S011>S008,2150.012915326489,2.656879377390114,9983.0,1502.655175991274,647.3577393352148,0.3010948142313418,1,647.3577393352148,-6.238708362975757,1
R005800,B,2,S008>S011,2150.012915326489,2.5848656894587445,8932.6,1481.2395488701009,668.7733664563879,0.3110555111966998,1,668.7733664563879,-6.238708362975757,1
R005801,B,2,S011>S008,2150.012915326489,2.544020243579736,9983.0,1502.655175991274,647.3577393352148,0.3010948142313418,1,647.3577393352148,-6.238708362975757,1
R005802,B,2,S008>S011,2210.012915326489,2.86380481348483,8872.6,1541.2395488701009,668.7733664563879,0.302610614543666,1,668.7733664563879,-6.238708362975757,1
R005803,B,2,S011>S008,2210.012915326489,2.617659380064324,9923.0,1562.655175991274,647.3577393352148,0.2929203421598916,1,647.3577393352148,-6.238708362975757,1
R005804,B,2,S011>S008,2210.012915326489,2.705260964373828,9923.0,1562.655175991274,647.3577393352148,0.2929203421598916,1,647.3577393352148,-6.238708362975757,1
R005805,B,2,S008>S011,2150.012915326489,2.9399677775018165,5996.8,1481.2395488701009,668.7733664563879,0.3110555111966998,1,668.7733664563879,-6.238708362975757,1
R005806,B,2,S011>S008,2150.012915326489,2.7344262022233936,5722.7,1502.655175991274,647.3577393352148,0.3010948142313418,1,647.3577393352148,-6.238708362975757,1
R005807,B,2,S011>S008,2150.012915326489,2.843504692978465,5722.7,1502.655175991274,647.3577393352148,0.3010948142313418,1,647.3577393352148,-6.238708362975757,1
R005808,B,2,S008>S011,2150.012915326489,2.7277776991663494,5996.8,1481.2395488701009,668.7733664563879,0.3110555111966998,1,668.7733664563879,-6.238708362975757,1
R005809,B,2,S011>S008,2150.012915326489,2.673086251490738,5722.7,1502.655175991274,647.3577393352148,0.3010948142313418,1,647.3577393352148,-6.238708362975757,1
R005810,B,2,S008>S011,2210.012915326489,3.110583882472392,5966.8,1541.2395488701009,668.7733664563879,0.302610614543666,1,668.7733664563879,-6.238708362975757,1
R005811,B,2,S011>S008,2210.012915326489,2.782807789207108,5662.7,1562.655175991274,647.3577393352148,0.2929203421598916,1,647.3577393352148,-6.238708362975757,1
R005813,B,2,S011>S008,2210.012915326489,2.9493355421854788,5662.7,1532.655175991274,677.3577393352148,0.3064949234629914,1,677.3577393352148,-6.238708362975757,1
R005814,B,2,S008>S011,2150.012915326489,2.624975045689245,5996.8,1481.2395488701009,668.7733664563879,0.3110555111966998,1,668.7733664563879,-6.238708362975757,1
R005815,B,2,S011>S008,2150.012915326489,2.502798179015901,5722.7,1502.655175991274,647.3577393352148,0.3010948142313418,1,647.3577393352148,-6.238708362975757,1
R005816,B,2,S008>S011,2150.012915326489,2.8440986302301297,5996.8,1481.2395488701009,668.7733664563879,0.3110555111966998,1,668.7733664563879,-6.238708362975757,1
R005817,B,2,S011>S008,2150.012915326489,2.554317362093624,5722.7,1502.655175991274,647.3577393352148,0.3010948142313418,1,647.3577393352148,-6.238708362975757,1
R005818,B,2,S011>S008,2210.012915326489,2.664038899809994,5662.7,1562.655175991274,647.3577393352148,0.2929203421598916,1,647.3577393352148,-6.238708362975757,1
R005819,B,2,S008>S011,2150.012915326489,2.5045748561442776,5996.8,1481.2395488701009,668.7733664563879,0.3110555111966998,1,668.7733664563879,-6.238708362975757,1
R005820,B,2,S011>S008,2150.012915326489,2.473345138525236,5722.7,1502.655175991274,647.3577393352148,0.3010948142313418,1,647.3577393352148,-6.238708362975757,1
R005821,B,2,S008>S011,2210.012915326489,2.723298476830314,5966.8,1541.2395488701009,668.7733664563879,0.302610614543666,1,668.7733664563879,-6.238708362975757,1
R005822,B,2,S011>S008,2210.012915326489,2.526065997675784,5662.7,1562.655175991274,647.3577393352148,0.2929203421598916,1,647.3577393352148,-6.238708362975757,1
R005823,B,2,S008>S011,2210.012915326489,2.9918321077103425,5966.8,1541.2395488701009,668.7733664563879,0.302610614543666,1,668.7733664563879,-6.238708362975757,1
R005824,B,2,S011>S008,2210.012915326489,2.58863843305674,5662.7,1562.655175991274,647.3577393352148,0.2929203421598916,1,647.3577393352148,-6.238708362975757,1
R005825,B,2,S008>S011,2210.012915326489,2.6048442709607693,5936.8,1511.2395488701009,698.7733664563879,0.3161851958467658,1,698.7733664563879,-6.238708362975757,1
R005826,B,2,S011>S008,2210.012915326489,2.56199425428222,5662.7,1532.655175991274,677.3577393352148,0.3064949234629914,1,677.3577393352148,-6.238708362975757,1
R005832,B,2,S011>S008,2210.012915326489,2.6019959488287974,5662.7,1532.655175991274,677.3577393352148,0.3064949234629914,1,677.3577393352148,-6.238708362975757,1
R005834,B,2,S011>S008,2210.012915326489,2.8351077506860944,5662.7,1532.655175991274,677.3577393352148,0.3064949234629914,1,677.3577393352148,-6.238708362975757,1
R005836,B,2,S011>S008,2210.012915326489,2.7597072839328405,5662.7,1532.655175991274,677.3577393352148,0.3064949234629914,1,677.3577393352148,-6.238708362975757,1
R005841,B,2,S015>S008,2497.9852361759326,3.096440399547096,9671.8,1319.3180339574706,1178.667202218462,0.4718471451107683,2,618.8437203662488,-6.243983355098692,1
R005843,B,2,S015>S008,2497.9852361759326,2.881463304075261,6071.8,1319.3180339574706,1178.667202218462,0.4718471451107683,2,618.8437203662488,-6.243983355098692,1
R005846,B,2,S015>S008,2497.9852361759326,3.169465802896423,9671.8,1319.3180339574706,1178.667202218462,0.4718471451107683,2,618.8437203662488,-6.243983355098692,1
R005853,B,2,S008>S015,2497.9852361759326,2.954044279463111,5996.8,1297.1668311247122,1200.8184050512205,0.4807147727139917,2,629.383873230249,-6.244263731045464,1
R005855,B,2,S008>S015,2497.9852361759326,3.160686832437853,5996.8,1297.1668311247122,1200.8184050512205,0.4807147727139917,2,629.383873230249,-6.244263731045464,1
R005872,B,2,S010>S009,2093.685332575856,2.599555993525664,2605.2,1210.3685760711005,883.3167565047552,0.4218956606139151,3,457.3541636922164,-3.22108252558607,1
R005879,B,2,S009>S010,2093.685332575856,2.6410537802394143,9798.0,1206.9131384668356,886.7721941090201,0.423546069847099,3,451.122155986465,-3.22108252558607,1
R005889,B,2,S009>S010,2093.685332575856,2.4190828574002143,9798.0,1206.9131384668356,886.7721941090201,0.423546069847099,3,451.122155986465,-3.22108252558607,1
R005892,B,2,S010>S009,2093.685332575856,2.460558478039044,2605.2,1210.3685760711005,883.3167565047552,0.4218956606139151,3,457.3541636922164,-3.22108252558607,1
R005896,B,2,S010>S009,2093.685332575856,2.3222333532839974,2605.2,1210.3685760711005,883.3167565047552,0.4218956606139151,3,457.3541636922164,-3.22108252558607,1
R005914,B,2,S011>S009,1823.051961586948,2.1244497761662227,9983.0,1329.2474282492158,493.804533337732,0.2708669548331909,1,493.804533337732,-3.209942490616612,1
R005916,B,2,S011>S009,1823.051961586948,2.0115906423558445,9983.0,1329.2474282492158,493.804533337732,0.2708669548331909,1,493.804533337732,-3.209942490616612,1
R005918,B,2,S011>S009,1883.051961586948,2.0852297788404326,9923.0,1389.2474282492158,493.804533337732,0.262236275690224,1,493.804533337732,-3.209942490616612,1
R005920,B,2,S011>S009,1883.051961586948,2.172831363149937,9923.0,1389.2474282492158,493.804533337732,0.262236275690224,1,493.804533337732,-3.209942490616612,1
R005956,B,2,S012>S009,2107.894920902864,2.84623227126454,2418.2,1052.9233958139391,1054.9715250889246,0.5004858233811077,1,1054.9715250889246,-5.4426206856221455,1
R005963,B,2,S009>S012,2107.894920902864,2.7495856699672534,9798.0,1052.6459915422447,1055.248929360619,0.5006174258955137,1,1055.248929360619,-5.4426206856221455,1
R005973,B,2,S009>S012,2107.894920902864,2.527614747128053,9798.0,1052.6459915422447,1055.248929360619,0.5006174258955137,1,1055.248929360619,-5.4426206856221455,1
R005980,B,2,S012>S009,2107.894920902864,2.4595571238121954,2418.2,1052.9233958139391,1054.9715250889246,0.5004858233811077,1,1054.9715250889246,-5.4426206856221455,1
R006005,B,2,S009>S013,1899.8965744521413,2.4053958076107538,9798.0,1047.0157204500117,852.88085400213,0.4489090961428091,1,852.88085400213,-3.212887152010012,1
R006015,B,2,S009>S013,1899.8965744521413,2.1834248847715543,9798.0,1047.0157204500117,852.88085400213,0.4489090961428091,1,852.88085400213,-3.212887152010012,1
R006040,B,2,S014>S009,2419.2173240730453,3.060774092674404,2448.1,1312.4721934213608,1106.7451306516846,0.4574806569210347,2,634.363861988591,-3.227908027579588,1
R006042,B,2,S014>S009,2419.2173240730453,2.838084164202045,2448.1,1312.4721934213608,1106.7451306516846,0.4574806569210347,2,634.363861988591,-3.227908027579588,1
R006046,B,2,S009>S014,2419.2173240730453,3.055966095099336,9798.0,1331.6025672294766,1087.6147568435688,0.4495729862798922,2,633.2207604436924,-3.227908027579588,1
R006052,B,2,S009>S014,2419.2173240730453,2.833995172260136,9798.0,1331.6025672294766,1087.6147568435688,0.4495729862798922,2,633.2207604436924,-3.227908027579588,1
R006063,B,2,S009>S014,2479.2173240730453,2.978283324774887,9738.0,1361.6025672294766,1117.6147568435688,0.4507933798266087,2,633.2207604436924,-3.227908027579588,1
R006073,B,2,S015>S009,2377.4142272267136,3.150069389623356,9671.8,1399.2715383546058,978.1426888721078,0.411431326384012,2,516.1356718636446,-3.667449320763623,1
R006075,B,2,S015>S009,2377.4142272267136,2.905359965230843,6071.8,1399.2715383546058,978.1426888721078,0.411431326384012,2,516.1356718636446,-3.667449320763623,1
R006078,B,2,S009>S015,2377.4142272267136,3.11868305089971,9798.0,1414.0897152392956,963.324511987418,0.4051984298550906,2,519.0791870556404,-3.667449320763623,1
R006080,B,2,S015>S009,2377.4142272267136,3.106529311724466,6071.8,1399.2715383546058,978.1426888721078,0.411431326384012,2,516.1356718636446,-3.667449320763623,1
R006082,B,2,S009>S015,2377.4142272267136,2.8967121280605106,9798.0,1414.0897152392956,963.324511987418,0.4051984298550906,2,519.0791870556404,-3.667449320763623,1
R006099,B,2,S011>S010,1966.965815585526,2.261847230390763,9983.0,1603.719755537529,363.2460600479969,0.1846732958802672,1,363.2460600479969,-1.6558298429310554,1
R006101,B,2,S011>S010,1966.965815585526,2.1489880965803847,9983.0,1603.719755537529,363.2460600479969,0.1846732958802672,1,363.2460600479969,-1.6558298429310554,1
R006103,B,2,S011>S010,2026.965815585526,2.222627233064973,9923.0,1663.719755537529,363.2460600479969,0.1792068012469498,1,363.2460600479969,-1.6558298429310554,1
R006105,B,2,S011>S010,2026.965815585526,2.310228817374477,9923.0,1663.719755537529,363.2460600479969,0.1792068012469498,1,363.2460600479969,-1.6558298429310554,1
R006110,B,2,S010>S011,1966.965815585526,2.2253294444829,2605.2,1606.3078695828829,360.65794600264303,0.1833575058320383,1,360.65794600264303,-1.6558298429310554,1
R006156,B,2,S010>S012,2209.0991017847828,2.5685026481829283,2605.2,1100.1151993059166,1108.9839024788662,0.5020073122038266,1,1108.9839024788662,-5.4454248818918245,1
R006178,B,2,S010>S013,1826.4840978683635,1.8703095305292257,,1094.4849282136836,731.9991696546797,0.4007695279192272,1,731.9991696546797,-1.7901289961733653,1
R006180,B,2,S010>S013,1826.4840978683635,2.0142405931735827,2221.2,1094.4849282136836,731.9991696546797,0.4007695279192272,1,731.9991696546797,-1.7901289961733653,1
R006181,B,2,S013>S010,1826.4840978683635,1.9925579192506049,2627.3,1102.230775592487,724.2533222758766,0.3965286766641613,1,724.2533222758766,-1.7901289961733653,1
R006182,B,2,S010>S013,1826.4840978683635,1.786923523923476,2221.2,1094.4849282136836,731.9991696546797,0.4007695279192272,1,731.9991696546797,-1.7901289961733653,1
R006183,B,2,S013>S010,1826.4840978683635,1.799023144254153,2627.3,1102.230775592487,724.2533222758766,0.3965286766641613,1,724.2533222758766,-1.7901289961733653,1
R006188,B,2,S010>S013,1826.4840978683635,1.9918997845882704,2605.2,1094.4849282136836,731.9991696546797,0.4007695279192272,1,731.9991696546797,-1.7901289961733653,1
R006189,B,2,S013>S010,1826.4840978683635,2.014896457002583,2243.3,1102.230775592487,724.2533222758766,0.3965286766641613,1,724.2533222758766,-1.7901289961733653,1
R006192,B,2,S010>S013,1826.4840978683635,1.8748448955133283,2221.2,1094.4849282136836,731.9991696546797,0.4007695279192272,1,731.9991696546797,-1.7901289961733653,1
R006193,B,2,S013>S010,1826.4840978683635,1.9096452859502693,2243.3,1102.230775592487,724.2533222758766,0.3965286766641613,1,724.2533222758766,-1.7901289961733653,1
R006198,B,2,S010>S013,1826.4840978683635,1.7994882281798024,2605.2,1094.4849282136836,731.9991696546797,0.4007695279192272,1,731.9991696546797,-1.7901289961733653,1
R006199,B,2,S013>S010,1826.4840978683635,1.7864603323589376,2243.3,1102.230775592487,724.2533222758766,0.3965286766641613,1,724.2533222758766,-1.7901289961733653,1
R006200,B,2,S010>S013,1826.4840978683635,1.9097504083549677,2221.2,1094.4849282136836,731.9991696546797,0.4007695279192272,1,731.9991696546797,-1.7901289961733653,1
R006201,B,2,S013>S010,1826.4840978683635,1.874743936303076,2243.3,1102.230775592487,724.2533222758766,0.3965286766641613,1,724.2533222758766,-1.7901289961733653,1
R006204,B,2,S010>S013,1826.4840978683635,1.7365197707582825,2221.2,1094.4849282136836,731.9991696546797,0.4007695279192272,1,731.9991696546797,-1.7901289961733653,1
R006205,B,2,S013>S010,1826.4840978683635,1.7360909355168914,2243.3,1102.230775592487,724.2533222758766,0.3965286766641613,1,724.2533222758766,-1.7901289961733653,1
R006214,B,2,S010>S013,1886.4840978683635,1.826657675930965,2161.2,1124.4849282136836,761.9991696546797,0.4039255727178947,1,761.9991696546797,-1.7901289961733653,1
R006215,B,2,S013>S010,1886.4840978683635,1.848993955459436,2183.3,1132.230775592487,754.2533222758766,0.399819602576108,1,754.2533222758766,-1.7901289961733653,1
R006218,B,2,S010>S013,1886.4840978683635,1.9333275236418956,2161.2,1124.4849282136836,761.9991696546797,0.4039255727178947,1,761.9991696546797,-1.7901289961733653,1
R006220,B,2,S010>S014,2055.402245808285,2.064406530339061,,1179.0717749931484,876.330470815137,0.4263547306140656,1,876.330470815137,-2.7488069776422748,1
R006221,B,2,S014>S010,2055.402245808285,2.091994557569912,,1166.485963580768,888.9162822275175,0.4324780144812734,1,888.9162822275175,-2.7488069776422748,1
R006224,B,2,S010>S014,2055.402245808285,1.9777626931388856,2171.3,1179.0717749931484,876.330470815137,0.4263547306140656,1,876.330470815137,-2.7488069776422748,1
R006225,B,2,S014>S010,2055.402245808285,2.009612640214565,2448.1,1166.485963580768,888.9162822275175,0.4324780144812734,1,888.9162822275175,-2.7488069776422748,1
R006230,B,2,S010>S014,2055.402245808285,2.1859967843981067,2605.2,1179.0717749931484,876.330470815137,0.4263547306140656,1,876.330470815137,-2.7488069776422748,1
R006231,B,2,S014>S010,2055.402245808285,2.2605353894894664,2014.3,1166.485963580768,888.9162822275175,0.4324780144812734,1,888.9162822275175,-2.7488069776422748,1
R006232,B,2,S010>S014,2055.402245808285,2.3997691868313784,2171.3,1179.0717749931484,876.330470815137,0.4263547306140656,1,876.330470815137,-2.7488069776422748,1
R006233,B,2,S014>S010,2055.402245808285,2.473272528230132,2014.3,1166.485963580768,888.9162822275175,0.4324780144812734,1,888.9162822275175,-2.7488069776422748,1
R006234,B,2,S010>S014,2055.402245808285,2.0656840647287384,2171.3,1179.0717749931484,876.330470815137,0.4263547306140656,1,876.330470815137,-2.7488069776422748,1
R006240,B,2,S010>S014,2055.402245808285,1.9935852279896389,2605.2,1179.0717749931484,876.330470815137,0.4263547306140656,1,876.330470815137,-2.7488069776422748,1
R006241,B,2,S014>S010,2055.402245808285,1.993778751197146,2014.3,1166.485963580768,888.9162822275175,0.4324780144812734,1,888.9162822275175,-2.7488069776422748,1
R006242,B,2,S010>S014,2055.402245808285,2.1097257953820336,2171.3,1179.0717749931484,876.330470815137,0.4263547306140656,1,876.330470815137,-2.7488069776422748,1
R006243,B,2,S014>S010,2055.402245808285,2.095961446216938,2014.3,1166.485963580768,888.9162822275175,0.4324780144812734,1,888.9162822275175,-2.7488069776422748,1
R006246,B,2,S010>S014,2055.402245808285,1.927358939973692,2171.3,1179.0717749931484,876.330470815137,0.4263547306140656,1,876.330470815137,-2.7488069776422748,1
R006247,B,2,S014>S010,2055.402245808285,1.9345168621733464,2014.3,1166.485963580768,888.9162822275175,0.4324780144812734,1,888.9162822275175,-2.7488069776422748,1
R006248,B,2,S010>S014,2115.402245808285,2.046092329174696,2111.3,1209.0717749931484,906.330470815137,0.428443560845721,1,906.330470815137,-2.7488069776422748,1
R006249,B,2,S014>S010,2115.402245808285,2.0400841383536186,1954.3,1196.485963580768,918.9162822275176,0.4343931675634597,1,918.9162822275176,-2.7488069776422748,1
R006250,B,2,S010>S014,2115.402245808285,2.1867652307785344,2111.3,1209.0717749931484,906.330470815137,0.428443560845721,1,906.330470815137,-2.7488069776422748,1
R006251,B,2,S014>S010,2115.402245808285,2.163496869122631,1954.3,1196.485963580768,918.9162822275176,0.4343931675634597,1,918.9162822275176,-2.7488069776422748,1
R006256,B,2,S010>S014,2115.402245808285,2.017496845146375,2111.3,1209.0717749931484,906.330470815137,0.428443560845721,1,906.330470815137,-2.7488069776422748,1
R006265,B,2,S010>S015,2545.137459436735,3.075640223948641,2605.2,1601.5589230029675,943.5785364337672,0.3707377505034997,2,512.4929577813848,-3.671333806023583,1
R006272,B,2,S012>S011,2234.5086700317224,3.049101991830721,2418.2,1500.995462099504,733.5132079322184,0.3282659932224854,3,663.5132079322184,-5.442925668296965,1
R006274,B,2,S012>S011,2234.5086700317224,2.759150591189017,2418.2,1500.995462099504,733.5132079322184,0.3282659932224854,3,663.5132079322184,-5.442925668296965,1
R006279,B,2,S011>S012,2234.508670031723,2.8003245375246366,9983.0,1503.9216841337714,730.5869858979515,0.3269564337325124,3,670.5869858979515,-5.442925668296965,1
R006283,B,2,S012>S011,2234.5086700317224,2.9882597886294944,2418.2,1500.995462099504,733.5132079322184,0.3282659932224854,3,663.5132079322184,-5.442925668296965,1
R006286,B,2,S011>S012,2234.508670031723,2.6874654037142585,9983.0,1503.9216841337714,730.5869858979515,0.3269564337325124,3,670.5869858979515,-5.442925668296965,1
R006289,B,2,S012>S011,2234.5086700317224,2.840014578899258,2418.2,1500.995462099504,733.5132079322184,0.3282659932224854,3,663.5132079322184,-5.442925668296965,1
R006293,B,2,S012>S011,2234.5086700317224,2.63380509921425,2418.2,1500.995462099504,733.5132079322184,0.3282659932224854,3,663.5132079322184,-5.442925668296965,1
R006298,B,2,S011>S012,2294.508670031723,2.7611045401988465,9923.0,1563.9216841337714,730.5869858979515,0.3184067227289451,3,670.5869858979515,-5.442925668296965,1
R006299,B,2,S012>S011,2294.5086700317224,2.991276306525972,8788.1,1560.995462099504,733.5132079322184,0.3196820380382686,3,663.5132079322184,-5.442925668296965,1
R006300,B,2,S011>S012,2294.508670031723,2.9475654821603703,1957.5,1563.9216841337714,730.5869858979515,0.3184067227289451,3,670.5869858979515,-5.442925668296965,1
R006303,B,2,S011>S012,2294.508670031723,2.848706124508351,9923.0,1563.9216841337714,730.5869858979515,0.3184067227289451,3,670.5869858979515,-5.442925668296965,1
R006316,B,2,S011>S013,1859.064906774846,2.149338975737025,9983.0,1514.26149564245,344.8034111323959,0.1854714216140897,1,344.8034111323959,-1.7783987710747056,1
R006326,B,2,S011>S013,1859.064906774846,2.036479841926647,9983.0,1514.26149564245,344.8034111323959,0.1854714216140897,1,344.8034111323959,-1.7783987710747056,1
R006338,B,2,S011>S013,1919.064906774846,2.110118978411235,9923.0,1574.26149564245,344.8034111323959,0.1796726155093252,1,344.8034111323959,-1.7783987710747056,1
R006344,B,2,S011>S013,1919.064906774846,2.1977205627207392,9923.0,1574.26149564245,344.8034111323959,0.1796726155093252,1,344.8034111323959,-1.7783987710747056,1
R006353,B,2,S014>S011,2341.133778398127,2.566077361617749,2448.1,1774.8385707877912,566.2952076103359,0.2418892986106124,1,566.2952076103359,-2.75239471804683,1
R006358,B,2,S011>S014,2341.1337783981267,2.6318284395062426,9983.0,1768.917017145222,572.2167612529047,0.244418651566521,1,572.2167612529047,-2.75239471804683,1
R006361,B,2,S014>S011,2341.133778398127,3.1047888266018147,2448.1,1774.8385707877912,566.2952076103359,0.2418892986106124,1,566.2952076103359,-2.75239471804683,1
R006363,B,2,S014>S011,2341.133778398127,2.7715444544085823,2448.1,1774.8385707877912,566.2952076103359,0.2418892986106124,1,566.2952076103359,-2.75239471804683,1
R006367,B,2,S011>S014,2341.1337783981267,2.5189693056958644,9983.0,1768.917017145222,572.2167612529047,0.244418651566521,1,572.2167612529047,-2.75239471804683,1
R006370,B,2,S014>S011,2341.133778398127,2.6133557775439344,2448.1,1774.8385707877912,566.2952076103359,0.2418892986106124,1,566.2952076103359,-2.75239471804683,1
R006374,B,2,S014>S011,2341.133778398127,2.4519111935003437,2448.1,1774.8385707877912,566.2952076103359,0.2418892986106124,1,566.2952076103359,-2.75239471804683,1
R006379,B,2,S011>S014,2401.1337783981267,2.5926084421804525,9923.0,1828.917017145222,572.2167612529047,0.2383110705454524,1,572.2167612529047,-2.75239471804683,1
R006385,B,2,S011>S014,2401.1337783981267,2.680210026489957,9923.0,1828.917017145222,572.2167612529047,0.2383110705454524,1,572.2167612529047,-2.75239471804683,1
R006389,B,2,S011>S015,2010.36867212228,2.047908947182032,,1471.4587712748323,538.9099008474473,0.2680652102872942,1,538.9099008474473,-3.66811798046524,1
R006390,B,2,S015>S011,2010.36867212228,2.148358587389806,,1472.0983770489995,538.2702950732801,0.2677470568147313,1,538.2702950732801,-3.66811798046524,1
R006391,B,2,S011>S015,2010.36867212228,2.175072830881061,9401.0,1471.4587712748323,538.9099008474473,0.2680652102872942,1,538.9099008474473,-3.66811798046524,1
R006392,B,2,S015>S011,2010.36867212228,2.302794970054076,9671.8,1472.0983770489995,538.2702950732801,0.2677470568147313,1,538.2702950732801,-3.66811798046524,1
R006393,B,2,S011>S015,2010.36867212228,1.9750691851992703,5801.0,1471.4587712748323,538.9099008474473,0.2680652102872942,1,538.9099008474473,-3.66811798046524,1
R006394,B,2,S015>S011,2010.36867212228,2.058085545661563,6071.8,1472.0983770489995,538.2702950732801,0.2677470568147313,1,538.2702950732801,-3.66811798046524,1
R006399,B,2,S011>S015,2010.36867212228,2.1192777783216328,9983.0,1471.4587712748323,538.9099008474473,0.2680652102872942,1,538.9099008474473,-3.66811798046524,1
R006400,B,2,S015>S011,2010.36867212228,2.352631355946838,9072.3,1472.0983770489995,538.2702950732801,0.2677470568147313,1,538.2702950732801,-3.66811798046524,1
R006401,B,2,S011>S015,2010.36867212228,2.2841513216361324,9401.0,1471.4587712748323,538.9099008474473,0.2680652102872942,1,538.9099008474473,-3.66811798046524,1
R006402,B,2,S015>S011,2010.36867212228,2.587638030995303,9072.3,1472.0983770489995,538.2702950732801,0.2677470568147313,1,538.2702950732801,-3.66811798046524,1
R006403,B,2,S011>S015,2010.36867212228,2.026588368276993,5801.0,1471.4587712748323,538.9099008474473,0.2680652102872942,1,538.9099008474473,-3.66811798046524,1
R006404,B,2,S015>S011,2010.36867212228,2.2199476437331795,6071.8,1472.0983770489995,538.2702950732801,0.2677470568147313,1,538.2702950732801,-3.66811798046524,1
R006409,B,2,S011>S015,2010.36867212228,2.006418644511254,9983.0,1471.4587712748323,538.9099008474473,0.2680652102872942,1,538.9099008474473,-3.66811798046524,1
R006410,B,2,S015>S011,2010.36867212228,2.031701641905135,9072.3,1472.0983770489995,538.2702950732801,0.2677470568147313,1,538.2702950732801,-3.66811798046524,1
R006411,B,2,S011>S015,2010.36867212228,2.113732880148405,9401.0,1471.4587712748323,538.9099008474473,0.2680652102872942,1,538.9099008474473,-3.66811798046524,1
R006412,B,2,S015>S011,2010.36867212228,2.14372735408399,9072.3,1472.0983770489995,538.2702950732801,0.2677470568147313,1,538.2702950732801,-3.66811798046524,1
R006415,B,2,S011>S015,2010.36867212228,1.9456161447086049,5801.0,1471.4587712748323,538.9099008474473,0.2680652102872942,1,538.9099008474473,-3.66811798046524,1
R006416,B,2,S015>S011,2010.36867212228,1.9671473614504336,6071.8,1472.0983770489995,538.2702950732801,0.2677470568147313,1,538.2702950732801,-3.66811798046524,1
R006417,B,2,S011>S015,2070.36867212228,2.0549524770099783,5741.0,1501.4587712748323,568.9099008474473,0.2747867606904391,1,568.9099008474473,-3.66811798046524,1
R006418,B,2,S015>S011,2070.36867212228,2.082390587053399,6011.8,1502.0983770489995,568.2702950732801,0.2744778274155208,1,568.2702950732801,-3.66811798046524,1
R006419,B,2,S011>S015,2070.36867212228,2.1847068718101346,5741.0,1501.4587712748323,568.9099008474473,0.2747867606904391,1,568.9099008474473,-3.66811798046524,1
R006421,B,2,S011>S015,2070.36867212228,2.0800577809958427,9923.0,1531.4587712748323,538.9099008474473,0.2602965878028984,1,538.9099008474473,-3.66811798046524,1
R006425,B,2,S011>S015,2070.36867212228,1.9983370038591528,5741.0,1531.4587712748323,538.9099008474473,0.2602965878028984,1,538.9099008474473,-3.66811798046524,1
R006427,B,2,S011>S015,2070.36867212228,2.1676593653053478,9923.0,1531.4587712748323,538.9099008474473,0.2602965878028984,1,538.9099008474473,-3.66811798046524,1
R006431,B,2,S012>S013,2086.5988403522592,2.5386999192940123,,1087.039747956522,999.5590923957373,0.4790375001967277,1,999.5590923957373,-5.443640922583995,1
R006432,B,2,S013>S012,2086.59884035226,2.462682739334376,,1087.9636286678958,998.635211684364,0.4785947314701729,1,998.635211684364,-5.443640922583995,1
R006433,B,2,S012>S013,2086.5988403522592,2.765259497930109,1961.1,1087.039747956522,999.5590923957373,0.4790375001967277,1,999.5590923957373,-5.443640922583995,1
R006434,B,2,S013>S012,2086.59884035226,2.585130327647584,2627.3,1087.9636286678958,998.635211684364,0.4785947314701729,1,998.635211684364,-5.443640922583995,1
R006435,B,2,S012>S013,2086.5988403522592,2.409660139508856,1961.1,1087.039747956522,999.5590923957373,0.4790375001967277,1,999.5590923957373,-5.443640922583995,1
R006436,B,2,S013>S012,2086.59884035226,2.391595552651132,2627.3,1087.9636286678958,998.635211684364,0.4785947314701729,1,998.635211684364,-5.443640922583995,1
R006441,B,2,S012>S013,2086.5988403522592,2.722616580996286,2418.2,1087.039747956522,999.5590923957373,0.4790375001967277,1,999.5590923957373,-5.443640922583995,1
R006442,B,2,S013>S012,2086.59884035226,2.62614051541474,2165.4,1087.9636286678958,998.635211684364,0.4785947314701729,1,998.635211684364,-5.443640922583995,1
R006443,B,2,S012>S013,2086.5988403522592,3.048209879452129,1961.1,1087.039747956522,999.5590923957373,0.4790375001967277,1,999.5590923957373,-5.443640922583995,1
R006445,B,2,S012>S013,2086.5988403522592,2.541447333463981,1961.1,1087.039747956522,999.5590923957373,0.4790375001967277,1,999.5590923957373,-5.443640922583995,1
R006446,B,2,S013>S012,2086.59884035226,2.520889344362426,2165.4,1087.9636286678958,998.635211684364,0.4785947314701729,1,998.635211684364,-5.443640922583995,1
R006451,B,2,S012>S013,2086.5988403522592,2.4326651803545816,2418.2,1087.039747956522,999.5590923957373,0.4790375001967277,1,999.5590923957373,-5.443640922583995,1
R006452,B,2,S013>S012,2086.59884035226,2.369951119444296,2165.4,1087.9636286678958,998.635211684364,0.4785947314701729,1,998.635211684364,-5.443640922583995,1
R006453,B,2,S012>S013,2086.5988403522592,2.607095291243529,1961.1,1087.039747956522,999.5590923957373,0.4790375001967277,1,999.5590923957373,-5.443640922583995,1
R006457,B,2,S012>S013,2086.5988403522592,2.335237853778973,1961.1,1087.039747956522,999.5590923957373,0.4790375001967277,1,999.5590923957373,-5.443640922583995,1
R006458,B,2,S013>S012,2086.59884035226,2.319581722602249,2165.4,1087.9636286678958,998.635211684364,0.4785947314701729,1,998.635211684364,-5.443640922583995,1
R006475,B,2,S014>S012,2509.57710449304,3.1815515771643783,2448.1,1202.2188166561773,1307.3582878368625,0.5209476471140193,2,687.1682036227055,-5.4486797063387655,1
R006498,B,2,S014>S013,2122.051487782791,2.4415008083580734,2448.1,1175.7403858039656,946.3111019788251,0.4459416312125259,2,627.8597014254399,-2.7488069776422748,1
R006500,B,2,S014>S013,2122.051487782791,2.218810879885715,2448.1,1175.7403858039656,946.3111019788251,0.4459416312125259,2,627.8597014254399,-2.7488069776422748,1
R006505,B,2,S013>S014,2122.051487782791,2.39585315873159,2627.3,1187.440309335596,934.6111784471948,0.4404281346743928,2,622.3717621150217,-2.7488069776422748,1
R006540,B,2,S015>S013,2438.0906360346894,3.077352151887963,6071.8,1605.7514884223467,832.3391476123427,0.3413897479078379,2,505.2836210823946,-3.6671851228972514,1
R006541,B,2,S013>S015,2438.0906360346894,3.081925602816767,2627.3,1625.4308956592174,812.659740375472,0.3333181007975904,2,500.4203240432989,-3.6671851228972514,1
R006553,C,2,S001>S002,2107.6359209875445,4.726741986089674,,1339.30770273292,768.3282182546245,0.3645450386396053,1,768.3282182546245,-5.482207291600503,1
R006555,C,2,S001>S002,2107.6359209875445,4.7452979255355645,,1339.30770273292,768.3282182546245,0.3645450386396053,1,768.3282182546245,-5.482207291600503,1
R006559,C,2,S001>S002,2173.6359209875445,4.838961504782672,,1369.30770273292,804.3282182546245,0.3700381515084621,1,804.3282182546245,-5.482207291600503,1
R006563,C,2,S001>S002,2107.6359209875445,4.812707746260031,2114.5,1339.30770273292,768.3282182546245,0.3645450386396053,1,768.3282182546245,-5.482207291600503,1
R006564,C,2,S002>S001,2107.6359209875445,4.867713366833592,2411.1,1345.326307013357,762.3096139741874,0.3616894200669169,1,762.3096139741874,-5.482207291600503,1
R006575,C,2,S001>S002,2173.6359209875445,5.037991143302701,2048.5,1369.30770273292,804.3282182546245,0.3700381515084621,1,804.3282182546245,-5.482207291600503,1
R006576,C,2,S002>S001,2173.6359209875445,5.113380973716016,2345.1,1375.326307013357,798.3096139741874,0.3672692405688127,1,798.3096139741874,-5.482207291600503,1
R006587,C,2,S001>S002,2239.6359209875445,5.3795086527168365,1982.5,1399.30770273292,840.3282182546245,0.37520751046183,1,840.3282182546245,-5.482207291600503,1
R006588,C,2,S002>S001,2239.6359209875445,5.485450407424366,2279.1,1405.326307013357,834.3096139741874,0.3725201967676546,1,834.3096139741874,-5.482207291600503,1
R006598,C,2,S001>S002,2305.6359209875445,5.8998996505811,1916.5,1429.30770273292,876.3282182546245,0.3800809183608128,1,876.3282182546245,-5.482207291600503,1
R006599,C,2,S002>S001,2305.6359209875445,6.059962482439746,2213.1,1435.326307013357,870.3096139741874,0.3774705303868698,1,870.3096139741874,-5.482207291600503,1
R006602,C,2,S001>S002,2107.6359209875445,4.703009868425951,2114.5,1339.30770273292,768.3282182546245,0.3645450386396053,1,768.3282182546245,-5.482207291600503,1
R006686,C,2,S002>S001,2305.6359209875445,5.730411205994288,2249.1,1471.326307013357,834.3096139741874,0.3618566168143485,1,834.3096139741874,-5.482207291600503,1
R006693,C,2,S001>S002,2371.6359209875445,6.043936287584344,1850.5,1495.3077027329205,876.3282182546241,0.3695036875178222,1,876.3282182546241,-5.482207291600503,1
R006763,C,2,S002>S001,2173.6359209875445,5.166579130419582,2345.1,1375.326307013357,798.3096139741874,0.3672692405688127,1,798.3096139741874,-5.482207291600503,1
R006775,C,2,S002>S001,2239.6359209875445,5.56146662654922,2279.1,1405.326307013357,834.3096139741874,0.3725201967676546,1,834.3096139741874,-5.482207291600503,1
R006786,C,2,S002>S001,2305.6359209875445,6.175693420522852,2213.1,1435.326307013357,870.3096139741874,0.3774705303868698,1,870.3096139741874,-5.482207291600503,1
R006790,C,2,S002>S001,2107.6359209875445,4.769968068790967,2411.1,1345.326307013357,762.3096139741874,0.3616894200669169,1,762.3096139741874,-5.482207291600503,1
R006962,C,2,S001>S002,2437.6359209875445,6.297502309344319,1784.5,1561.3077027329205,876.3282182546241,0.3594992224678091,1,876.3282182546241,-5.482207291600503,1
R007123,C,2,S001>S002,2437.6359209875445,6.375927246703533,1784.5,1561.3077027329205,876.3282182546241,0.3594992224678091,1,876.3282182546241,-5.482207291600503,1
R007245,C,2,S002>S001,2305.6359209875445,5.7456324996445804,2285.1,1507.326307013357,798.3096139741874,0.3462427032418272,1,798.3096139741874,-5.482207291600503,1
R007505,C,2,S002>S001,2239.6359209875445,5.572298181355047,1672.9,1441.326307013357,798.3096139741874,0.3564461555975495,1,798.3096139741874,-5.482207291600503,1
R008347,C,2,S002>S001,2371.6359209875445,6.337268804197034,1540.9,1573.326307013357,798.3096139741874,0.3366071524341615,1,798.3096139741874,-5.482207291600503,1
R008665,C,2,S001>S002,2107.6359209875445,4.714202412307049,2717.1,1339.30770273292,768.3282182546245,0.3645450386396053,1,768.3282182546245,-5.482207291600503,1
R008666,C,2,S002>S001,2107.6359209875445,4.731728093766626,1804.9,1345.326307013357,762.3096139741874,0.3616894200669169,1,762.3096139741874,-5.482207291600503,1
R008667,C,2,S001>S002,2107.6359209875445,4.731574850014459,2717.1,1339.30770273292,768.3282182546245,0.3645450386396053,1,768.3282182546245,-5.482207291600503,1
R008668,C,2,S002>S001,2107.6359209875445,4.750234837570743,1804.9,1345.326307013357,762.3096139741874,0.3616894200669169,1,762.3096139741874,-5.482207291600503,1
R008671,C,2,S001>S002,2173.6359209875445,4.820604594982148,2687.1,1369.30770273292,804.3282182546245,0.3700381515084621,1,804.3282182546245,-5.482207291600503,1
R008672,C,2,S002>S001,2173.6359209875445,4.843199084204308,1738.9,1375.326307013357,798.3096139741874,0.3672692405688127,1,798.3096139741874,-5.482207291600503,1
R008675,C,2,S001>S002,2107.6359209875445,4.795522185353871,2114.5,1339.30770273292,768.3282182546245,0.3645450386396053,1,768.3282182546245,-5.482207291600503,1
R008676,C,2,S002>S001,2107.6359209875445,4.817160153903849,1804.9,1345.326307013357,762.3096139741874,0.3616894200669169,1,762.3096139741874,-5.482207291600503,1
R008687,C,2,S001>S002,2173.6359209875445,5.0117626774088,2048.5,1369.30770273292,804.3282182546245,0.3700381515084621,1,804.3282182546245,-5.482207291600503,1
R008688,C,2,S002>S001,2173.6359209875445,5.0408795109310445,1738.9,1375.326307013357,798.3096139741874,0.3672692405688127,1,798.3096139741874,-5.482207291600503,1
R008699,C,2,S001>S002,2239.6359209875445,5.340295308296723,1982.5,1399.30770273292,840.3282182546245,0.37520751046183,1,840.3282182546245,-5.482207291600503,1
R008700,C,2,S002>S001,2239.6359209875445,5.381433037016846,1672.9,1405.326307013357,834.3096139741874,0.3725201967676546,1,834.3096139741874,-5.482207291600503,1
R008711,C,2,S001>S002,2305.6359209875445,5.838695453569323,1916.5,1429.30770273292,876.3282182546245,0.3800809183608128,1,876.3282182546245,-5.482207291600503,1
R008712,C,2,S002>S001,2305.6359209875445,5.902570590474644,1606.9,1435.326307013357,870.3096139741874,0.3774705303868698,1,870.3096139741874,-5.482207291600503,1
R008717,C,2,S001>S002,2107.6359209875445,4.692352071638915,2114.5,1339.30770273292,768.3282182546245,0.3645450386396053,1,768.3282182546245,-5.482207291600503,1
R008718,C,2,S002>S001,2107.6359209875445,4.707808043411117,1804.9,1345.326307013357,762.3096139741874,0.3616894200669169,1,762.3096139741874,-5.482207291600503,1
R008778,C,2,S002>S001,2173.6359209875445,4.925647069994973,1738.9,1411.326307013357,762.3096139741874,0.3507071292913896,1,762.3096139741874,-5.482207291600503,1
R008812,C,2,S002>S001,2371.6359209875445,6.23702683239414,1540.9,1501.326307013357,870.3096139741874,0.3669659437489849,1,870.3096139741874,-5.482207291600503,1
R008870,C,2,S002>S001,2239.6359209875445,5.063001964937904,1672.9,1477.326307013357,762.3096139741874,0.3403721144274444,1,762.3096139741874,-5.482207291600503,1
R008901,C,2,S001>S002,2437.6359209875445,6.129317434994533,1784.5,1561.3077027329205,876.3282182546241,0.3594992224678091,1,876.3282182546241,-5.482207291600503,1
R008955,C,2,S002>S001,2173.6359209875445,4.968236395738262,1738.9,1411.326307013357,762.3096139741874,0.3507071292913896,1,762.3096139741874,-5.482207291600503,1
R008979,C,2,S002>S001,2305.6359209875445,5.685967105824051,1606.9,1471.326307013357,834.3096139741874,0.3618566168143485,1,834.3096139741874,-5.482207291600503,1
R008988,C,2,S002>S001,2371.6359209875445,6.367123113024972,1540.9,1501.326307013357,870.3096139741874,0.3669659437489849,1,870.3096139741874,-5.482207291600503,1
R009046,C,2,S002>S001,2239.6359209875445,5.115310701890182,1672.9,1477.326307013357,762.3096139741874,0.3403721144274444,1,762.3096139741874,-5.482207291600503,1
R009075,C,2,S001>S002,2437.6359209875445,6.192307626310504,1784.5,1561.3077027329205,876.3282182546241,0.3594992224678091,1,876.3282182546241,-5.482207291600503,1
R009140,C,2,S002>S001,2371.6359209875445,5.700229342367964,1540.9,1573.326307013357,798.3096139741874,0.3366071524341615,1,798.3096139741874,-5.482207291600503,1
R009149,C,2,S002>S001,2437.6359209875445,6.335719904853651,1474.9,1603.326307013357,834.3096139741874,0.3422617819137604,1,834.3096139741874,-5.482207291600503,1
R009221,C,2,S002>S001,2371.6359209875445,6.088208784849513,1540.9,1537.326307013357,834.3096139741874,0.3517865480915732,1,834.3096139741874,-5.482207291600503,1
R009226,C,2,S001>S002,2437.6359209875445,6.260886091695284,1784.5,1561.3077027329205,876.3282182546241,0.3594992224678091,1,876.3282182546241,-5.482207291600503,1
R009360,C,2,S001>S002,2503.6359209875445,5.912366472179416,1718.5,1663.3077027329205,840.3282182546241,0.3356431385291682,1,840.3282182546241,-5.482207291600503,1
R009411,C,2,S002>S001,2371.6359209875445,5.89084155820404,1540.9,1573.326307013357,798.3096139741874,0.3366071524341615,1,798.3096139741874,-5.482207291600503,1
R009524,C,2,S001>S002,2503.6359209875445,5.553219182718255,1718.5,1699.3077027329205,804.3282182546241,0.3212640510195913,1,804.3282182546241,-5.482207291600503,1
R009576,C,2,S002>S001,2305.6359209875445,5.977001781433783,1606.9,1471.326307013357,834.3096139741874,0.3618566168143485,1,834.3096139741874,-5.482207291600503,1
R009657,C,2,S002>S001,2371.6359209875445,6.335719904853651,1540.9,1537.326307013357,834.3096139741874,0.3517865480915732,1,834.3096139741874,-5.482207291600503,1
R009896,C,2,S002>S001,2437.6359209875445,5.931280747284055,1474.9,1639.326307013357,798.3096139741874,0.3274933746671952,1,798.3096139741874,-5.482207291600503,1
R009998,C,2,S002>S001,2437.6359209875445,6.038115252941765,1474.9,1639.326307013357,798.3096139741874,0.3274933746671952,1,798.3096139741874,-5.482207291600503,1
R010126,C,2,S001>S002,2569.6359209875445,5.500356283361894,2291.1,1765.3077027329205,804.3282182546241,0.3130125212234386,1,804.3282182546241,-5.482207291600503,1
R010141,C,2,S002>S001,2305.6359209875445,5.64781557096145,1606.9,1507.326307013357,798.3096139741874,0.3462427032418272,1,798.3096139741874,-5.482207291600503,1
R010608,C,2,S001>S002,2173.6359209875445,4.726741986089674,2651.1,1405.30770273292,768.3282182546245,0.3534760402310388,1,768.3282182546245,-5.482207291600503,1
R010610,C,2,S001>S002,2173.6359209875445,4.7452979255355645,2651.1,1405.30770273292,768.3282182546245,0.3534760402310388,1,768.3282182546245,-5.482207291600503,1
R010614,C,2,S001>S002,2239.6359209875445,4.838961504782672,2621.1,1435.30770273292,804.3282182546245,0.3591334692917249,1,804.3282182546245,-5.482207291600503,1
R010618,C,2,S001>S002,2173.6359209875445,4.812707746260031,2048.5,1405.30770273292,768.3282182546245,0.3534760402310388,1,768.3282182546245,-5.482207291600503,1
R010630,C,2,S001>S002,2239.6359209875445,5.037991143302701,1982.5,1435.30770273292,804.3282182546245,0.3591334692917249,1,804.3282182546245,-5.482207291600503,1
R010642,C,2,S001>S002,2305.6359209875445,5.3795086527168365,1916.5,1465.30770273292,840.3282182546245,0.3644670047882916,1,840.3282182546245,-5.482207291600503,1
R010653,C,2,S001>S002,2371.6359209875445,5.8998996505811,1850.5,1495.3077027329205,876.3282182546241,0.3695036875178222,1,876.3282182546241,-5.482207291600503,1
R010654,C,2,S002>S001,2371.6359209875445,6.059962482439746,1540.9,1501.326307013357,870.3096139741874,0.3669659437489849,1,870.3096139741874,-5.482207291600503,1
R010657,C,2,S001>S002,2173.6359209875445,4.703009868425951,2048.5,1405.30770273292,768.3282182546245,0.3534760402310388,1,768.3282182546245,-5.482207291600503,1
R010835,C,2,S001>S002,2503.6359209875445,6.225854028517874,1718.5,1627.3077027329205,876.3282182546241,0.3500222260387451,1,876.3282182546241,-5.482207291600503,1
R011000,C,2,S001>S002,2503.6359209875445,6.297502309344319,1718.5,1627.3077027329205,876.3282182546241,0.3500222260387451,1,876.3282182546241,-5.482207291600503,1
R011127,C,2,S002>S001,2371.6359209875445,5.656237548978119,1540.9,1573.326307013357,798.3096139741874,0.3366071524341615,1,798.3096139741874,-5.482207291600503,1
R011142,C,2,S001>S002,2503.6359209875445,6.375927246703533,1718.5,1627.3077027329205,876.3282182546241,0.3500222260387451,1,876.3282182546241,-5.482207291600503,1
R011202,C,2,S002>S001,2437.6359209875445,5.942439391105244,1474.9,1639.326307013357,798.3096139741874,0.3274933746671952,1,798.3096139741874,-5.482207291600503,1
R011265,C,2,S002>S001,2503.6359209875445,6.290471674443621,1408.9,1705.326307013357,798.3096139741874,0.3188601055297604,1,798.3096139741874,-5.482207291600503,1
R011268,C,2,S001>S002,2569.6359209875445,6.017561155213232,1652.5,1729.3077027329205,840.3282182546241,0.3270222880180142,1,840.3282182546241,-5.482207291600503,1
R011288,C,2,S001>S002,2635.6359209875445,6.188386256753811,1586.5,1759.3077027329205,876.3282182546241,0.3324921364428336,1,876.3282182546241,-5.482207291600503,1
R011311,C,2,S002>S001,2437.6359209875445,6.050819649917338,1474.9,1639.326307013357,798.3096139741874,0.3274933746671952,1,798.3096139741874,-5.482207291600503,1
R011317,C,2,S001>S002,2503.6359209875445,5.880215320193768,1718.5,1663.3077027329205,840.3282182546241,0.3356431385291682,1,840.3282182546241,-5.482207291600503,1
R011371,C,2,S001>S002,2569.6359209875445,6.095986092572446,1652.5,1729.3077027329205,840.3282182546241,0.3270222880180142,1,840.3282182546241,-5.482207291600503,1
R011401,C,2,S001>S002,2569.6359209875445,5.24872807345105,2291.1,1765.3077027329205,804.3282182546241,0.3130125212234386,1,804.3282182546241,-5.482207291600503,1
R011402,C,2,S002>S001,2569.6359209875445,6.211717609425478,1342.9,1771.326307013357,798.3096139741874,0.3106703200457233,1,798.3096139741874,-5.482207291600503,1
R011404,C,2,S002>S001,2503.6359209875445,6.125034503038793,1408.9,1741.326307013357,762.3096139741874,0.3044810180201835,1,762.3096139741874,-5.482207291600503,1
R011407,C,2,S001>S002,2569.6359209875445,5.635296656881167,1652.5,1765.3077027329205,804.3282182546241,0.3130125212234386,1,804.3282182546241,-5.482207291600503,1
R011419,C,2,S001>S002,2635.6359209875445,5.761335720060282,1586.5,1795.3077027329205,840.3282182546241,0.3188331937514959,1,840.3282182546241,-5.482207291600503,1
R011574,C,2,S002>S001,2437.6359209875445,5.6915254658178895,1474.9,1639.326307013357,798.3096139741874,0.3274933746671952,1,798.3096139741874,-5.482207291600503,1
R011594,C,2,S001>S002,2503.6359209875445,5.945912874386787,1718.5,1663.3077027329205,840.3282182546241,0.3356431385291682,1,840.3282182546241,-5.482207291600503,1
R011631,C,2,S002>S001,2371.6359209875445,5.524318631635148,1540.9,1573.326307013357,798.3096139741874,0.3366071524341615,1,798.3096139741874,-5.482207291600503,1
R011717,C,2,S001>S002,2503.6359209875445,6.017561155213232,1718.5,1663.3077027329205,840.3282182546241,0.3356431385291682,1,840.3282182546241,-5.482207291600503,1
R011762,C,2,S001>S002,2503.6359209875445,5.579519014575263,1718.5,1699.3077027329205,804.3282182546241,0.3212640510195913,1,804.3282182546241,-5.482207291600503,1
R011807,C,2,S001>S002,2503.6359209875445,6.095986092572446,1718.5,1663.3077027329205,840.3282182546241,0.3356431385291682,1,840.3282182546241,-5.482207291600503,1
R011874,C,2,S001>S002,2569.6359209875445,5.373513035831426,2291.1,1765.3077027329205,804.3282182546241,0.3130125212234386,1,804.3282182546241,-5.482207291600503,1
R011878,C,2,S001>S002,2569.6359209875445,5.833085036335238,1652.5,1765.3077027329205,804.3282182546241,0.3130125212234386,1,804.3282182546241,-5.482207291600503,1
R011888,C,2,S001>S002,2635.6359209875445,5.987010409755442,1586.5,1795.3077027329205,840.3282182546241,0.3188331937514959,1,840.3282182546241,-5.482207291600503,1
R011929,C,2,S001>S002,2569.6359209875445,5.421400803619395,2291.1,1765.3077027329205,804.3282182546241,0.3130125212234386,1,804.3282182546241,-5.482207291600503,1
R011933,C,2,S001>S002,2569.6359209875445,5.911509973694452,1652.5,1765.3077027329205,804.3282182546241,0.3130125212234386,1,804.3282182546241,-5.482207291600503,1
R011945,C,2,S001>S002,2569.6359209875445,5.514975795896346,1652.5,1801.3077027329205,768.3282182546241,0.299002754428863,1,768.3282182546241,-5.482207291600503,1
R012144,C,2,S001>S002,2569.6359209875445,5.5287949049394935,2291.1,1765.3077027329205,804.3282182546241,0.3130125212234386,1,804.3282182546241,-5.482207291600503,1
R012195,C,2,S001>S002,2569.6359209875445,5.712764175350417,1652.5,1801.3077027329205,768.3282182546241,0.299002754428863,1,768.3282182546241,-5.482207291600503,1
R012198,C,2,S001>S002,2635.6359209875445,5.854382924132329,1586.5,1831.3077027329205,804.3282182546241,0.3051742510601581,1,804.3282182546241,-5.482207291600503,1
R012202,C,2,S001>S002,2569.6359209875445,5.65493500356712,2291.1,1765.3077027329205,804.3282182546241,0.3130125212234386,1,804.3282182546241,-5.482207291600503,1
R012214,C,2,S001>S002,2569.6359209875445,5.791189112709631,1652.5,1801.3077027329205,768.3282182546241,0.299002754428863,1,768.3282182546241,-5.482207291600503,1
R012218,C,2,S001>S002,2635.6359209875445,5.552396036533585,1586.5,1867.3077027329205,768.3282182546241,0.2915153083688204,1,768.3282182546241,-5.482207291600503,1
R012352,C,2,S003>S001,2722.620073751352,5.980997730032831,,1787.9192098069018,934.7008639444496,0.3433093265402159,1,934.7008639444496,-5.288334514260441,1
R012353,C,2,S001>S003,2788.620073751352,6.088245908026286,,1812.798952703182,975.8211210481696,0.3499297484922211,1,975.8211210481696,-5.288334514260441,1
R012354,C,2,S003>S001,2788.620073751352,6.083119755980471,,1817.9192098069016,970.7008639444496,0.3480936227496304,1,970.7008639444496,-5.288334514260441,1
R012356,C,2,S003>S001,2656.620073751352,5.950846395001561,5854.6,1757.9192098069018,898.7008639444496,0.3382873120714679,1,898.7008639444496,-5.288334514260441,1
R012363,C,2,S001>S003,2788.620073751352,6.302475142869202,5201.8,1812.798952703182,975.8211210481696,0.3499297484922211,1,975.8211210481696,-5.288334514260441,1
R012364,C,2,S003>S001,2788.620073751352,6.24954436868253,5722.6,1817.9192098069016,970.7008639444496,0.3480936227496304,1,970.7008639444496,-5.288334514260441,1
R012376,C,2,S001>S003,2788.620073751352,6.020259902941863,5201.8,1812.798952703182,975.8211210481696,0.3499297484922211,1,975.8211210481696,-5.288334514260441,1
R012377,C,2,S003>S001,2788.620073751352,6.029811789660425,5722.6,1817.9192098069016,970.7008639444496,0.3480936227496304,1,970.7008639444496,-5.288334514260441,1
R012442,C,2,S003>S001,2656.620073751352,5.997087950794425,5854.6,1757.9192098069018,898.7008639444496,0.3382873120714679,1,898.7008639444496,-5.288334514260441,1
R012452,C,2,S003>S001,2722.620073751352,6.265634589444124,5788.6,1787.9192098069018,934.7008639444496,0.3433093265402159,1,934.7008639444496,-5.288334514260441,1
R012454,C,2,S003>S001,2656.620073751352,5.853989850658479,5854.6,1757.9192098069018,898.7008639444496,0.3382873120714679,1,898.7008639444496,-5.288334514260441,1
R012646,C,2,S001>S003,2986.620073751352,6.266222208564787,,2046.798952703182,939.8211210481696,0.3146771594110746,1,939.8211210481696,-5.288334514260441,1
R012846,C,2,S001>S003,2722.620073751352,6.107677817747037,2651.1,1818.798952703182,903.8211210481696,0.3319674051337039,1,903.8211210481696,-5.288334514260441,1
R012849,C,2,S001>S003,2722.620073751352,5.896725366739135,2651.1,1818.798952703182,903.8211210481696,0.3319674051337039,1,903.8211210481696,-5.288334514260441,1
R013067,C,2,S001>S003,2854.620073751352,6.3377020575270855,2555.1,1914.798952703182,939.8211210481696,0.3292280922739814,1,939.8211210481696,-5.288334514260441,1
R013140,C,2,S001>S003,2854.620073751352,6.361985318560162,2555.1,1914.798952703182,939.8211210481696,0.3292280922739814,1,939.8211210481696,-5.288334514260441,1
R013191,C,2,S001>S003,2854.620073751352,6.38773734613364,2555.1,1914.798952703182,939.8211210481696,0.3292280922739814,1,939.8211210481696,-5.288334514260441,1
R013270,C,2,S001>S003,3052.620073751352,6.314800801037992,2357.1,2112.7989527031823,939.8211210481696,0.3078735965636325,1,939.8211210481696,-5.288334514260441,1
R013413,C,2,S001>S003,2986.620073751352,6.362042613942528,2387.1,2082.7989527031823,903.8211210481696,0.3026233999401614,1,903.8211210481696,-5.288334514260441,1
R013432,C,2,S001>S003,3052.620073751352,6.280540497361255,2321.1,2148.7989527031823,903.8211210481696,0.2960804486676482,1,903.8211210481696,-5.288334514260441,1
R013433,C,2,S001>S003,3052.620073751352,6.337893534165703,2321.1,2148.7989527031823,903.8211210481696,0.2960804486676482,1,903.8211210481696,-5.288334514260441,1
R013549,C,2,S001>S003,2722.620073751352,5.763466874524124,2651.1,1818.798952703182,903.8211210481696,0.3319674051337039,1,903.8211210481696,-5.288334514260441,1
R013591,C,2,S001>S003,2854.620073751352,6.303815157236649,2555.1,1914.798952703182,939.8211210481696,0.3292280922739814,1,939.8211210481696,-5.288334514260441,1
R013626,C,2,S001>S003,2920.620073751352,6.374671030466013,2489.1,1980.798952703182,939.8211210481696,0.3217882152816367,1,939.8211210481696,-5.288334514260441,1
R013659,C,2,S001>S003,2854.620073751352,6.326079513506185,2555.1,1914.798952703182,939.8211210481696,0.3292280922739814,1,939.8211210481696,-5.288334514260441,1
R013760,C,2,S001>S003,3052.620073751352,6.236277508907151,2357.1,2112.7989527031823,939.8211210481696,0.3078735965636325,1,939.8211210481696,-5.288334514260441,1
R013761,C,2,S001>S003,2986.620073751352,6.182796967221128,2387.1,2082.7989527031823,903.8211210481696,0.3026233999401614,1,903.8211210481696,-5.288334514260441,1
R013767,C,2,S001>S003,3118.620073751352,6.323462251213357,2327.1,2142.7989527031823,975.8211210481696,0.3129015711985609,1,975.8211210481696,-5.288334514260441,1
R013787,C,2,S001>S003,3052.620073751352,6.266222208564787,2357.1,2112.7989527031823,939.8211210481696,0.3078735965636325,1,939.8211210481696,-5.288334514260441,1
R013788,C,2,S001>S003,2986.620073751352,6.2109665041852455,2387.1,2082.7989527031823,903.8211210481696,0.3026233999401614,1,903.8211210481696,-5.288334514260441,1
R013794,C,2,S001>S003,3118.620073751352,6.35635667355985,2327.1,2142.7989527031823,975.8211210481696,0.3129015711985609,1,975.8211210481696,-5.288334514260441,1
R013796,C,2,S001>S003,3052.620073751352,6.101294850639855,2321.1,2148.7989527031823,903.8211210481696,0.2960804486676482,1,903.8211210481696,-5.288334514260441,1
R013797,C,2,S001>S003,3052.620073751352,6.146724087532233,2321.1,2148.7989527031823,903.8211210481696,0.2960804486676482,1,903.8211210481696,-5.288334514260441,1
R013798,C,2,S001>S003,3118.620073751352,6.306744933061461,2291.1,2178.7989527031823,939.8211210481696,0.3013580041244555,1,939.8211210481696,-5.288334514260441,1
R013799,C,2,S001>S003,3118.620073751352,6.368305263496914,2291.1,2178.7989527031823,939.8211210481696,0.3013580041244555,1,939.8211210481696,-5.288334514260441,1
R013800,C,2,S001>S003,3052.620073751352,6.306744933061461,2321.1,2148.7989527031823,903.8211210481696,0.2960804486676482,1,903.8211210481696,-5.288334514260441,1
R013803,C,2,S001>S003,3118.620073751352,6.222237308850723,2291.1,2178.7989527031823,939.8211210481696,0.3013580041244555,1,939.8211210481696,-5.288334514260441,1
R013890,C,2,S001>S003,3052.620073751352,6.332055937783366,2357.1,2112.7989527031823,939.8211210481696,0.3078735965636325,1,939.8211210481696,-5.288334514260441,1
R013891,C,2,S001>S003,2986.620073751352,6.27278098721362,2387.1,2082.7989527031823,903.8211210481696,0.3026233999401614,1,903.8211210481696,-5.288334514260441,1
R013912,C,2,S001>S003,3052.620073751352,6.368305263496914,2357.1,2112.7989527031823,939.8211210481696,0.3078735965636325,1,939.8211210481696,-5.288334514260441,1
R013913,C,2,S001>S003,2986.620073751352,6.306744933061461,2387.1,2082.7989527031823,903.8211210481696,0.3026233999401614,1,903.8211210481696,-5.288334514260441,1
R013917,C,2,S001>S003,3052.620073751352,6.191278870632347,2321.1,2148.7989527031823,903.8211210481696,0.2960804486676482,1,903.8211210481696,-5.288334514260441,1
R013918,C,2,S001>S003,3052.620073751352,6.242502516408447,2321.1,2148.7989527031823,903.8211210481696,0.2960804486676482,1,903.8211210481696,-5.288334514260441,1
R013921,C,2,S001>S003,3118.620073751352,6.327684548823658,2291.1,2178.7989527031823,939.8211210481696,0.3013580041244555,1,939.8211210481696,-5.288334514260441,1
R013925,C,2,S001>S003,2986.620073751352,6.342994258775009,2387.1,2082.7989527031823,903.8211210481696,0.3026233999401614,1,903.8211210481696,-5.288334514260441,1
R013929,C,2,S001>S003,3052.620073751352,6.225242816480188,2321.1,2148.7989527031823,903.8211210481696,0.2960804486676482,1,903.8211210481696,-5.288334514260441,1
R013930,C,2,S001>S003,3052.620073751352,6.278751842121995,2321.1,2148.7989527031823,903.8211210481696,0.2960804486676482,1,903.8211210481696,-5.288334514260441,1
R013931,C,2,S001>S003,3052.620073751352,6.153793629917643,2321.1,2148.7989527031823,903.8211210481696,0.2960804486676482,1,903.8211210481696,-5.288334514260441,1
R013934,C,2,S001>S003,3118.620073751352,6.341744694373031,2255.1,2214.7989527031823,903.8211210481696,0.2898144370503502,1,903.8211210481696,-5.288334514260441,1
R013935,C,2,S001>S003,3118.620073751352,6.2592408698905775,2255.1,2214.7989527031823,903.8211210481696,0.2898144370503502,1,903.8211210481696,-5.288334514260441,1
R013961,C,2,S001>S003,2986.620073751352,6.381745897355513,2387.1,2082.7989527031823,903.8211210481696,0.3026233999401614,1,903.8211210481696,-5.288334514260441,1
R013978,C,2,S001>S003,3052.620073751352,6.30024378077424,2321.1,2148.7989527031823,903.8211210481696,0.2960804486676482,1,903.8211210481696,-5.288334514260441,1
R013979,C,2,S001>S003,3052.620073751352,6.359004394301291,2321.1,2148.7989527031823,903.8211210481696,0.2960804486676482,1,903.8211210481696,-5.288334514260441,1
R013980,C,2,S001>S003,3052.620073751352,6.221769270341487,2321.1,2148.7989527031823,903.8211210481696,0.2960804486676482,1,903.8211210481696,-5.288334514260441,1
R013987,C,2,S001>S003,3052.620073751352,6.341744694373031,2321.1,2148.7989527031823,903.8211210481696,0.2960804486676482,1,903.8211210481696,-5.288334514260441,1
R013988,C,2,S001>S003,3052.620073751352,6.2592408698905775,2321.1,2148.7989527031823,903.8211210481696,0.2960804486676482,1,903.8211210481696,-5.288334514260441,1
R013989,C,2,S001>S003,3118.620073751352,6.388479870789736,2255.1,2214.7989527031823,903.8211210481696,0.2898144370503502,1,903.8211210481696,-5.288334514260441,1
R013990,C,2,S001>S003,3052.620073751352,6.386277104574111,2321.1,2148.7989527031823,903.8211210481696,0.2960804486676482,1,903.8211210481696,-5.288334514260441,1
R013991,C,2,S001>S003,3052.620073751352,6.2993342067667655,2321.1,2148.7989527031823,903.8211210481696,0.2960804486676482,1,903.8211210481696,-5.288334514260441,1
R014001,C,2,S001>S003,3052.620073751352,6.342313153382674,2321.1,2148.7989527031823,903.8211210481696,0.2960804486676482,1,903.8211210481696,-5.288334514260441,1
R014004,C,2,S001>S003,3052.620073751352,6.388479870789736,2321.1,2148.7989527031823,903.8211210481696,0.2960804486676482,1,903.8211210481696,-5.288334514260441,1
R014006,C,2,S001>S004,2328.4965986869074,5.050186260588012,,1614.455550930153,714.0410477567541,0.3066532492078443,1,714.0410477567541,-5.8403154647654105,1
R014007,C,2,S004>S001,2328.4965986869074,5.101388349556319,,1618.9591365154868,709.5374621714207,0.3047191318946075,1,709.5374621714207,-5.8403154647654105,1
R014009,C,2,S004>S001,2328.4965986869074,5.124278633846247,,1618.9591365154868,709.5374621714207,0.3047191318946075,1,709.5374621714207,-5.8403154647654105,1
R014010,C,2,S001>S004,2394.4965986869074,5.144422546641966,,1644.455550930153,750.0410477567541,0.3132353782285851,1,750.0410477567541,-5.8403154647654105,1
R014011,C,2,S004>S001,2394.4965986869074,5.204608121011008,,1648.9591365154868,745.5374621714207,0.3113545713868452,1,745.5374621714207,-5.8403154647654105,1
R014013,C,2,S004>S001,2328.4965986869074,5.204608121011008,5914.4,1618.9591365154868,709.5374621714207,0.3047191318946075,1,709.5374621714207,-5.8403154647654105,1
R014014,C,2,S001>S004,2394.4965986869074,5.236649818760371,5525.1,1644.455550930153,750.0410477567541,0.3132353782285851,1,750.0410477567541,-5.8403154647654105,1
R014021,C,2,S004>S001,2394.4965986869074,5.464861008718984,5848.4,1648.9591365154868,745.5374621714207,0.3113545713868452,1,745.5374621714207,-5.8403154647654105,1
R014027,C,2,S004>S001,2526.4965986869074,5.856792337277284,5716.4,1708.9591365154868,817.5374621714207,0.3235854196662359,1,817.5374621714207,-5.8403154647654105,1
R014036,C,2,S004>S001,2328.4965986869074,5.070783950185978,5914.4,1618.9591365154868,709.5374621714207,0.3047191318946075,1,709.5374621714207,-5.8403154647654105,1
R014059,C,2,S001>S004,2526.4965986869074,5.860689647470038,5393.1,1704.455550930153,822.0410477567541,0.3253679613833607,1,822.0410477567541,-5.8403154647654105,1
R014060,C,2,S004>S001,2526.4965986869074,5.964189270385163,5716.4,1708.9591365154868,817.5374621714207,0.3235854196662359,1,817.5374621714207,-5.8403154647654105,1
R014061,C,2,S001>S004,2592.4965986869074,6.09195693714572,5327.1,1734.455550930153,858.0410477567541,0.3309709444522896,1,858.0410477567541,-5.8403154647654105,1
R014062,C,2,S004>S001,2592.4965986869074,6.211956391473967,5650.4,1738.9591365154868,853.5374621714207,0.3292337828345599,1,853.5374621714207,-5.8403154647654105,1
R014063,C,2,S001>S004,2592.4965986869074,6.179236097492703,5327.1,1734.455550930153,858.0410477567541,0.3309709444522896,1,858.0410477567541,-5.8403154647654105,1
R014064,C,2,S004>S001,2592.4965986869074,6.305967077350692,5650.4,1738.9591365154868,853.5374621714207,0.3292337828345599,1,853.5374621714207,-5.8403154647654105,1
R014068,C,2,S004>S001,2394.4965986869074,5.24083938977766,,1684.9591365154868,709.5374621714207,0.2963200960738538,1,709.5374621714207,-5.8403154647654105,1
R014072,C,2,S004>S001,2394.4965986869074,5.339112159115352,5884.4,1684.9591365154868,709.5374621714207,0.2963200960738538,1,709.5374621714207,-5.8403154647654105,1
R014080,C,2,S004>S001,2460.4965986869074,5.649731459445614,5818.4,1714.9591365154868,745.5374621714207,0.3030028420154254,1,745.5374621714207,-5.8403154647654105,1
R014087,C,2,S001>S004,2526.4965986869074,5.849888044074821,5393.1,1740.455550930153,786.0410477567541,0.3111189811873414,1,786.0410477567541,-5.8403154647654105,1
R014088,C,2,S004>S001,2526.4965986869074,6.118340707289059,5752.4,1744.9591365154868,781.5374621714207,0.3093364394702166,1,781.5374621714207,-5.8403154647654105,1
R014093,C,2,S004>S001,2394.4965986869074,5.17268518655449,5884.4,1684.9591365154868,709.5374621714207,0.2963200960738538,1,709.5374621714207,-5.8403154647654105,1
R014127,C,2,S004>S001,2328.4965986869074,5.246025881111306,5914.4,1618.9591365154868,709.5374621714207,0.3047191318946075,1,709.5374621714207,-5.8403154647654105,1
R014135,C,2,S004>S001,2394.4965986869074,5.5222929457508885,5848.4,1648.9591365154868,745.5374621714207,0.3113545713868452,1,745.5374621714207,-5.8403154647654105,1
R014143,C,2,S004>S001,2460.4965986869074,5.937994871287969,5782.4,1678.9591365154868,781.5374621714207,0.3176340347670074,1,781.5374621714207,-5.8403154647654105,1
R014193,C,2,S004>S001,2460.4965986869074,5.71997035343343,5818.4,1714.9591365154868,745.5374621714207,0.3030028420154254,1,745.5374621714207,-5.8403154647654105,1
R014201,C,2,S004>S001,2526.4965986869074,6.218161352444268,5752.4,1744.9591365154868,781.5374621714207,0.3093364394702166,1,781.5374621714207,-5.8403154647654105,1
R014302,C,2,S004>S001,2526.4965986869074,6.325002379741221,5752.4,1744.9591365154868,781.5374621714207,0.3093364394702166,1,781.5374621714207,-5.8403154647654105,1
R014521,C,2,S001>S004,2328.4965986869074,5.092171108856449,2717.1,1614.455550930153,714.0410477567541,0.3066532492078443,1,714.0410477567541,-5.8403154647654105,1
R014523,C,2,S001>S004,2328.4965986869074,5.115652672494995,2717.1,1614.455550930153,714.0410477567541,0.3066532492078443,1,714.0410477567541,-5.8403154647654105,1
R014527,C,2,S001>S004,2328.4965986869074,5.199083823974664,2717.1,1614.455550930153,714.0410477567541,0.3066532492078443,1,714.0410477567541,-5.8403154647654105,1
R014544,C,2,S004>S001,2460.4965986869074,6.218161352444268,1452.0,1678.9591365154868,781.5374621714207,0.3176340347670074,1,781.5374621714207,-5.8403154647654105,1
R014623,C,2,S004>S001,2460.4965986869074,5.586095658223761,1452.0,1750.9591365154868,709.5374621714207,0.2883716492638434,1,709.5374621714207,-5.8403154647654105,1
R014688,C,2,S004>S001,2394.4965986869074,5.407264592357098,1518.0,1684.9591365154868,709.5374621714207,0.2963200960738538,1,709.5374621714207,-5.8403154647654105,1
R015016,C,2,S004>S001,2526.4965986869074,6.062227128128982,1386.0,1816.9591365154868,709.5374621714207,0.2808384790781779,1,709.5374621714207,-5.8403154647654105,1
R015031,C,2,S004>S001,2460.4965986869074,6.026896709763014,1452.0,1750.9591365154868,709.5374621714207,0.2883716492638434,1,709.5374621714207,-5.8403154647654105,1
R015061,C,2,S004>S001,2526.4965986869074,6.326976397149695,1386.0,1816.9591365154868,709.5374621714207,0.2808384790781779,1,709.5374621714207,-5.8403154647654105,1
R015338,C,2,S001>S004,2328.4965986869074,5.0376466868053855,2717.1,1614.455550930153,714.0410477567541,0.3066532492078443,1,714.0410477567541,-5.8403154647654105,1
R015340,C,2,S001>S004,2328.4965986869074,5.056853563138277,2717.1,1614.455550930153,714.0410477567541,0.3066532492078443,1,714.0410477567541,-5.8403154647654105,1
R015344,C,2,S001>S004,2328.4965986869074,5.127236985735806,2717.1,1614.455550930153,714.0410477567541,0.3066532492078443,1,714.0410477567541,-5.8403154647654105,1
R015352,C,2,S001>S004,2394.4965986869074,5.363621850606978,2687.1,1644.455550930153,750.0410477567541,0.3132353782285851,1,750.0410477567541,-5.8403154647654105,1
R015353,C,2,S004>S001,2394.4965986869074,5.386547322857142,1518.0,1648.9591365154868,745.5374621714207,0.3113545713868452,1,745.5374621714207,-5.8403154647654105,1
R015360,C,2,S001>S004,2460.4965986869074,5.720690679662215,2657.1,1674.455550930153,786.0410477567541,0.3194643911217924,1,786.0410477567541,-5.8403154647654105,1
R015361,C,2,S004>S001,2460.4965986869074,5.745647119768079,1452.0,1678.9591365154868,781.5374621714207,0.3176340347670074,1,781.5374621714207,-5.8403154647654105,1
R015368,C,2,S001>S004,2328.4965986869074,5.013388204160661,2717.1,1614.455550930153,714.0410477567541,0.3066532492078443,1,714.0410477567541,-5.8403154647654105,1
R015421,C,2,S004>S001,2526.4965986869074,5.980785371316697,1386.0,1744.9591365154868,781.5374621714207,0.3093364394702166,1,781.5374621714207,-5.8403154647654105,1
R015457,C,2,S004>S001,2460.4965986869074,5.27842662159448,1452.0,1750.9591365154868,709.5374621714207,0.2883716492638434,1,709.5374621714207,-5.8403154647654105,1
R015509,C,2,S004>S001,2394.4965986869074,5.191620216657682,1518.0,1684.9591365154868,709.5374621714207,0.2963200960738538,1,709.5374621714207,-5.8403154647654105,1
R015765,C,2,S001>S004,2724.4965986869074,6.292761843544908,2393.1,1938.455550930153,786.0410477567543,0.2885087278639265,1,786.0410477567543,-5.8403154647654105,1
R015831,C,2,S004>S001,2592.4965986869074,6.077837890559581,1320.0,1882.9591365154868,709.5374621714207,0.2736888690734635,1,709.5374621714207,-5.8403154647654105,1
R015841,C,2,S001>S004,2724.4965986869074,6.361340308929689,2393.1,1938.455550930153,786.0410477567543,0.2885087278639265,1,786.0410477567543,-5.8403154647654105,1
R015859,C,2,S004>S001,2658.4965986869074,6.105876640683588,1254.0,1948.9591365154868,709.5374621714207,0.2668942523838012,1,709.5374621714207,-5.8403154647654105,1
R015888,C,2,S004>S001,2394.4965986869074,5.474900057846457,1518.0,1684.9591365154868,709.5374621714207,0.2963200960738538,1,709.5374621714207,-5.8403154647654105,1
R015939,C,2,S004>S001,2460.4965986869074,5.668354070573166,1452.0,1750.9591365154868,709.5374621714207,0.2883716492638434,1,709.5374621714207,-5.8403154647654105,1
R015983,C,2,S004>S001,2526.4965986869074,5.899490470607353,1386.0,1816.9591365154868,709.5374621714207,0.2808384790781779,1,709.5374621714207,-5.8403154647654105,1
R016021,C,2,S004>S001,2460.4965986869074,5.740921999927169,1452.0,1750.9591365154868,709.5374621714207,0.2883716492638434,1,709.5374621714207,-5.8403154647654105,1
R016063,C,2,S004>S001,2526.4965986869074,5.986034195904623,1386.0,1816.9591365154868,709.5374621714207,0.2808384790781779,1,709.5374621714207,-5.8403154647654105,1
R016099,C,2,S004>S001,2592.4965986869074,6.278727973707296,1320.0,1882.9591365154868,709.5374621714207,0.2736888690734635,1,709.5374621714207,-5.8403154647654105,1
R016202,C,2,S004>S001,2592.4965986869074,6.273160674463221,1320.0,1882.9591365154868,709.5374621714207,0.2736888690734635,1,709.5374621714207,-5.8403154647654105,1
R016242,C,2,S001>S004,2724.4965986869074,5.764613122115369,2321.1,2010.455550930153,714.0410477567543,0.2620818275570217,1,714.0410477567543,-5.8403154647654105,1
R016287,C,2,S004>S001,2526.4965986869074,6.073283519364566,1386.0,1816.9591365154868,709.5374621714207,0.2808384790781779,1,709.5374621714207,-5.8403154647654105,1
R016453,C,2,S001>S004,2790.4965986869074,5.966658234456853,2255.1,2076.455550930153,714.0410477567543,0.2558831457070231,1,714.0410477567543,-5.8403154647654105,1
R016526,C,2,S001>S004,2724.4965986869074,6.164958982393696,2321.1,2010.455550930153,714.0410477567543,0.2620818275570217,1,714.0410477567543,-5.8403154647654105,1
R016544,C,2,S001>S004,2790.4965986869074,5.978626852089147,2255.1,2076.455550930153,714.0410477567543,0.2558831457070231,1,714.0410477567543,-5.8403154647654105,1
R016550,C,2,S001>S004,2790.4965986869074,6.057051789448361,2255.1,2076.455550930153,714.0410477567543,0.2558831457070231,1,714.0410477567543,-5.8403154647654105,1
R016604,C,2,S001>S004,2526.4965986869074,5.759904024082329,2591.1,1740.455550930153,786.0410477567541,0.3111189811873414,1,786.0410477567541,-5.8403154647654105,1
R016611,C,2,S001>S004,2394.4965986869074,5.024046000947697,2651.1,1680.455550930153,714.0410477567541,0.2982009029155938,1,714.0410477567541,-5.8403154647654105,1
R016664,C,2,S004>S001,2592.4965986869074,6.118340707289059,1320.0,1810.9591365154868,781.5374621714207,0.3014613259540117,1,781.5374621714207,-5.8403154647654105,1
R016697,C,2,S004>S001,2526.4965986869074,5.352040213969351,1386.0,1816.9591365154868,709.5374621714207,0.2808384790781779,1,709.5374621714207,-5.8403154647654105,1
R016748,C,2,S004>S001,2460.4965986869074,5.286224425571104,1452.0,1750.9591365154868,709.5374621714207,0.2883716492638434,1,709.5374621714207,-5.8403154647654105,1
R016768,C,2,S004>S001,2592.4965986869074,6.218161352444268,1320.0,1810.9591365154868,781.5374621714207,0.3014613259540117,1,781.5374621714207,-5.8403154647654105,1
R016802,C,2,S004>S001,2526.4965986869074,5.442272995562666,1386.0,1816.9591365154868,709.5374621714207,0.2808384790781779,1,709.5374621714207,-5.8403154647654105,1
R016865,C,2,S001>S004,2724.4965986869074,6.14439050481875,2393.1,1938.455550930153,786.0410477567543,0.2885087278639265,1,786.0410477567543,-5.8403154647654105,1
R016867,C,2,S004>S001,2592.4965986869074,5.524557532789613,1320.0,1882.9591365154868,709.5374621714207,0.2736888690734635,1,709.5374621714207,-5.8403154647654105,1
R016911,C,2,S004>S001,2526.4965986869074,5.407264592357098,1386.0,1816.9591365154868,709.5374621714207,0.2808384790781779,1,709.5374621714207,-5.8403154647654105,1
R016951,C,2,S001>S004,2724.4965986869074,6.2001681471246535,2393.1,1938.455550930153,786.0410477567543,0.2885087278639265,1,786.0410477567543,-5.8403154647654105,1
R016987,C,2,S001>S004,2790.4965986869074,6.397956526578724,2327.1,2004.455550930153,786.0410477567543,0.2816850047861132,1,786.0410477567543,-5.8403154647654105,1
R017003,C,2,S004>S001,2592.4965986869074,5.725742626064347,1320.0,1882.9591365154868,709.5374621714207,0.2736888690734635,1,709.5374621714207,-5.8403154647654105,1
R017019,C,2,S001>S004,2724.4965986869074,6.26061069155926,2393.1,1938.455550930153,786.0410477567543,0.2885087278639265,1,786.0410477567543,-5.8403154647654105,1
R017039,C,2,S004>S001,2658.4965986869074,5.967992203029952,1254.0,1948.9591365154868,709.5374621714207,0.2668942523838012,1,709.5374621714207,-5.8403154647654105,1
R017049,C,2,S001>S004,2724.4965986869074,5.831873960971277,2357.1,1974.455550930153,750.0410477567543,0.2752952777104741,1,750.0410477567543,-5.8403154647654105,1
R017069,C,2,S004>S001,2724.4965986869074,6.256485450909174,1188.0,2014.9591365154868,709.5374621714207,0.260428830233588,1,709.5374621714207,-5.8403154647654105,1
R017071,C,2,S004>S001,2724.4965986869074,6.326976397149695,1188.0,2014.9591365154868,709.5374621714207,0.260428830233588,1,709.5374621714207,-5.8403154647654105,1
R017073,C,2,S001>S004,2724.4965986869074,5.530374439076289,2321.1,2010.455550930153,714.0410477567543,0.2620818275570217,1,714.0410477567543,-5.8403154647654105,1
R017076,C,2,S001>S004,2790.4965986869074,5.987155830079345,2291.1,2040.455550930153,750.0410477567543,0.2687840752465681,1,750.0410477567543,-5.8403154647654105,1
R017084,C,2,S001>S004,2856.4965986869074,6.118513814636319,2261.1,2070.455550930153,786.0410477567543,0.2751766090385287,1,786.0410477567543,-5.8403154647654105,1
R017100,C,2,S004>S001,2526.4965986869074,5.959185805762605,1386.0,1780.9591365154868,745.5374621714207,0.2950874592741973,1,745.5374621714207,-5.8403154647654105,1
R017147,C,2,S004>S001,2592.4965986869074,6.247447196489073,1320.0,1846.9591365154868,745.5374621714207,0.2875750975137376,1,745.5374621714207,-5.8403154647654105,1
R017191,C,2,S001>S004,2724.4965986869074,6.326308245752279,2393.1,1938.455550930153,786.0410477567543,0.2885087278639265,1,786.0410477567543,-5.8403154647654105,1
R017193,C,2,S004>S001,2592.4965986869074,5.728688855180586,1320.0,1882.9591365154868,709.5374621714207,0.2736888690734635,1,709.5374621714207,-5.8403154647654105,1
R017224,C,2,S004>S001,2592.4965986869074,6.356279301523109,1320.0,1846.9591365154868,745.5374621714207,0.2875750975137376,1,745.5374621714207,-5.8403154647654105,1
R017230,C,2,S004>S001,2526.4965986869074,5.5886731004403,1386.0,1816.9591365154868,709.5374621714207,0.2808384790781779,1,709.5374621714207,-5.8403154647654105,1
R017265,C,2,S001>S004,2724.4965986869074,6.397956526578724,2393.1,1938.455550930153,786.0410477567543,0.2885087278639265,1,786.0410477567543,-5.8403154647654105,1
R017283,C,2,S004>S001,2658.4965986869074,6.154599882891103,1254.0,1948.9591365154868,709.5374621714207,0.2668942523838012,1,709.5374621714207,-5.8403154647654105,1
R017291,C,2,S001>S004,2724.4965986869074,5.931378187773442,2357.1,1974.455550930153,750.0410477567543,0.2752952777104741,1,750.0410477567543,-5.8403154647654105,1
R017345,C,2,S001>S004,2724.4965986869074,5.987155830079345,2357.1,1974.455550930153,750.0410477567543,0.2752952777104741,1,750.0410477567543,-5.8403154647654105,1
R017365,C,2,S001>S004,2790.4965986869074,6.184944209533416,2291.1,2040.455550930153,750.0410477567543,0.2687840752465681,1,750.0410477567543,-5.8403154647654105,1
R017371,C,2,S001>S004,2856.4965986869074,6.3441885043314805,2261.1,2070.455550930153,786.0410477567543,0.2751766090385287,1,786.0410477567543,-5.8403154647654105,1
R017398,C,2,S001>S004,2790.4965986869074,6.26336914689263,2291.1,2040.455550930153,750.0410477567543,0.2687840752465681,1,750.0410477567543,-5.8403154647654105,1
R017406,C,2,S001>S004,2790.4965986869074,5.594624879183615,2255.1,2076.455550930153,714.0410477567543,0.2558831457070231,1,714.0410477567543,-5.8403154647654105,1
R017407,C,2,S001>S004,2790.4965986869074,5.650204203543748,2255.1,2076.455550930153,714.0410477567543,0.2558831457070231,1,714.0410477567543,-5.8403154647654105,1
R017408,C,2,S001>S004,2790.4965986869074,5.846690596278281,2255.1,2076.455550930153,714.0410477567543,0.2558831457070231,1,714.0410477567543,-5.8403154647654105,1
R017531,C,2,S001>S004,2724.4965986869074,5.790912953972377,2321.1,2010.455550930153,714.0410477567543,0.2620818275570217,1,714.0410477567543,-5.8403154647654105,1
R017567,C,2,S001>S004,2790.4965986869074,5.738661516186861,2255.1,2076.455550930153,714.0410477567543,0.2558831457070231,1,714.0410477567543,-5.8403154647654105,1
R017568,C,2,S001>S004,2790.4965986869074,5.805486072651816,2255.1,2076.455550930153,714.0410477567543,0.2558831457070231,1,714.0410477567543,-5.8403154647654105,1
R017569,C,2,S001>S004,2790.4965986869074,6.044478975732352,2255.1,2076.455550930153,714.0410477567543,0.2558831457070231,1,714.0410477567543,-5.8403154647654105,1
R017584,C,2,S001>S004,2790.4965986869074,5.794439158492764,2255.1,2076.455550930153,714.0410477567543,0.2558831457070231,1,714.0410477567543,-5.8403154647654105,1
R017585,C,2,S001>S004,2790.4965986869074,5.865928617086423,2255.1,2076.455550930153,714.0410477567543,0.2558831457070231,1,714.0410477567543,-5.8403154647654105,1
R017586,C,2,S001>S004,2790.4965986869074,6.122903913091566,2255.1,2076.455550930153,714.0410477567543,0.2558831457070231,1,714.0410477567543,-5.8403154647654105,1
R017590,C,2,S001>S004,2856.4965986869074,5.873432169055331,2189.1,2142.455550930153,714.0410477567543,0.24997090774937,1,714.0410477567543,-5.8403154647654105,1
R017652,C,2,S001>S004,2790.4965986869074,5.92057925712039,2255.1,2076.455550930153,714.0410477567543,0.2558831457070231,1,714.0410477567543,-5.8403154647654105,1
R017653,C,2,S001>S004,2790.4965986869074,6.003274452105887,2255.1,2076.455550930153,714.0410477567543,0.2558831457070231,1,714.0410477567543,-5.8403154647654105,1
R017654,C,2,S001>S004,2790.4965986869074,5.8104419777393606,2255.1,2076.455550930153,714.0410477567543,0.2558831457070231,1,714.0410477567543,-5.8403154647654105,1
R017660,C,2,S001>S004,2724.4965986869074,6.122903913091566,2321.1,2010.455550930153,714.0410477567543,0.2620818275570217,1,714.0410477567543,-5.8403154647654105,1
R017664,C,2,S001>S004,2790.4965986869074,5.992227537946835,2255.1,2076.455550930153,714.0410477567543,0.2558831457070231,1,714.0410477567543,-5.8403154647654105,1
R017665,C,2,S001>S004,2790.4965986869074,6.0816993894651015,2255.1,2076.455550930153,714.0410477567543,0.2558831457070231,1,714.0410477567543,-5.8403154647654105,1
R017666,C,2,S001>S004,2790.4965986869074,5.873432169055331,2255.1,2076.455550930153,714.0410477567543,0.2558831457070231,1,714.0410477567543,-5.8403154647654105,1
R017668,C,2,S001>S004,2856.4965986869074,6.099106858750491,2189.1,2142.455550930153,714.0410477567543,0.24997090774937,1,714.0410477567543,-5.8403154647654105,1
R017669,C,2,S001>S004,2790.4965986869074,6.07065247530605,2255.1,2076.455550930153,714.0410477567543,0.2558831457070231,1,714.0410477567543,-5.8403154647654105,1
R017670,C,2,S001>S004,2790.4965986869074,6.167888957018523,2255.1,2076.455550930153,714.0410477567543,0.2558831457070231,1,714.0410477567543,-5.8403154647654105,1
R017686,C,2,S001>S004,2790.4965986869074,6.15684204285947,2255.1,2076.455550930153,714.0410477567543,0.2558831457070231,1,714.0410477567543,-5.8403154647654105,1
R017687,C,2,S001>S004,2790.4965986869074,6.016934720802008,2255.1,2076.455550930153,714.0410477567543,0.2558831457070231,1,714.0410477567543,-5.8403154647654105,1
R017692,C,2,S001>S004,2790.4965986869074,6.099106858750491,2255.1,2076.455550930153,714.0410477567543,0.2558831457070231,1,714.0410477567543,-5.8403154647654105,1
R017696,C,2,S001>S005,1913.4028275439475,3.651381274634159,,1428.5762538032018,484.8265737407455,0.2533844764738177,1,484.8265737407455,-2.547971547580076,1
R017697,C,2,S005>S001,1913.4028275439475,3.675679951662908,,1439.7746624994784,473.6281650444689,0.2475318622019704,1,473.6281650444689,-2.547971547580076,1
R017698,C,2,S001>S005,1979.4028275439475,3.708442321379207,,1458.5762538032018,520.8265737407455,0.2631230826253742,1,520.8265737407455,-2.547971547580076,1
R017699,C,2,S005>S001,1979.4028275439475,3.730973751059751,,1469.7746624994784,509.6281650444689,0.2574656143523943,1,509.6281650444689,-2.547971547580076,1
R017704,C,2,S001>S005,1979.4028275439475,3.806079741395699,9326.0,1458.5762538032018,520.8265737407455,0.2631230826253742,1,520.8265737407455,-2.547971547580076,1
R017705,C,2,S005>S001,1979.4028275439475,3.823978464315894,9659.3,1469.7746624994784,509.6281650444689,0.2574656143523943,1,509.6281650444689,-2.547971547580076,1
R017706,C,2,S001>S005,2045.4028275439475,3.8966808845401024,9260.0,1488.5762538032018,556.8265737407455,0.2722332081692508,1,556.8265737407455,-2.547971547580076,1
R017707,C,2,S005>S001,2045.4028275439475,3.909837212211385,9593.3,1499.7746624994784,545.6281650444689,0.2667582921549206,1,545.6281650444689,-2.547971547580076,1
R017708,C,2,S001>S005,1979.4028275439475,3.8966808845401024,9326.0,1458.5762538032018,520.8265737407455,0.2631230826253742,1,520.8265737407455,-2.547971547580076,1
R017709,C,2,S005>S001,1979.4028275439475,3.909837212211385,9659.3,1469.7746624994784,509.6281650444689,0.2574656143523943,1,509.6281650444689,-2.547971547580076,1
R017710,C,2,S001>S005,2045.4028275439475,4.004375874683099,9260.0,1488.5762538032018,556.8265737407455,0.2722332081692508,1,556.8265737407455,-2.547971547580076,1
R017711,C,2,S005>S001,2045.4028275439475,4.01189000474694,9593.3,1499.7746624994784,545.6281650444689,0.2667582921549206,1,545.6281650444689,-2.547971547580076,1
R017712,C,2,S001>S005,2045.4028275439475,4.044570151498839,9260.0,1488.5762538032018,556.8265737407455,0.2722332081692508,1,556.8265737407455,-2.547971547580076,1
R017713,C,2,S005>S001,2045.4028275439475,4.050024025124608,9593.3,1499.7746624994784,545.6281650444689,0.2667582921549206,1,545.6281650444689,-2.547971547580076,1
R017714,C,2,S001>S005,2111.4028275439478,4.180042059137978,9194.0,1518.5762538032018,592.8265737407455,0.2807737898268995,1,592.8265737407455,-2.547971547580076,1
R017717,C,2,S005>S001,2045.4028275439475,4.1788365073862135,9593.3,1499.7746624994784,545.6281650444689,0.2667582921549206,1,545.6281650444689,-2.547971547580076,1
R017749,C,2,S005>S001,2111.4028275439478,4.252504831981172,9527.3,1529.7746624994784,581.6281650444689,0.2754700133280762,1,581.6281650444689,-2.547971547580076,1
R017750,C,2,S001>S005,2177.4028275439478,4.434670869878812,9128.0,1548.5762538032018,628.8265737407455,0.288796618515484,1,628.8265737407455,-2.547971547580076,1
R017751,C,2,S005>S001,2177.4028275439478,4.422412160237828,9461.3,1559.7746624994784,617.6281650444689,0.2836536065956785,1,617.6281650444689,-2.547971547580076,1
R017752,C,2,S001>S005,2177.4028275439478,4.501685083305163,9128.0,1548.5762538032018,628.8265737407455,0.288796618515484,1,628.8265737407455,-2.547971547580076,1
R017753,C,2,S005>S001,2177.4028275439478,4.486866221060462,9461.3,1559.7746624994784,617.6281650444689,0.2836536065956785,1,617.6281650444689,-2.547971547580076,1
R017754,C,2,S001>S005,2243.4028275439478,4.731802817506604,9062.0,1578.5762538032018,664.8265737407455,0.2963473904811782,1,664.8265737407455,-2.547971547580076,1
R017755,C,2,S005>S001,2243.4028275439478,4.7093470067876,9395.3,1589.7746624994784,653.6281650444689,0.2913556838831543,1,653.6281650444689,-2.547971547580076,1
R017778,C,2,S001>S005,2111.4028275439478,4.270026079130471,9194.0,1554.5762538032018,556.8265737407455,0.2637235142800601,1,556.8265737407455,-2.547971547580076,1
R019336,C,2,S001>S005,2045.4028275439475,3.9394815035011774,2585.1,1560.5762538032018,484.8265737407455,0.2370323181389699,1,484.8265737407455,-2.547971547580076,1
R019338,C,2,S001>S005,2045.4028275439475,3.9741961225483866,2585.1,1560.5762538032018,484.8265737407455,0.2370323181389699,1,484.8265737407455,-2.547971547580076,1
R019342,C,2,S001>S005,2045.4028275439475,4.09439421381353,2585.1,1560.5762538032018,484.8265737407455,0.2370323181389699,1,484.8265737407455,-2.547971547580076,1
R023112,C,2,S001>S005,2309.4028275439478,4.686923687828807,2321.1,1824.5762538032016,484.8265737407455,0.2099359054896278,1,484.8265737407455,-2.547971547580076,1
R023113,C,2,S005>S001,2309.4028275439478,5.995487305458125,1603.1,1835.7746624994784,473.6281650444689,0.205086855959284,1,473.6281650444689,-2.547971547580076,1
R023141,C,2,S001>S005,2243.4028275439478,4.608498750469593,2387.1,1758.5762538032018,484.8265737407455,0.2161121345610178,1,484.8265737407455,-2.547971547580076,1
R023142,C,2,S005>S001,2243.4028275439478,5.817618759822489,1669.1,1769.7746624994784,473.6281650444689,0.2111204279629939,1,473.6281650444689,-2.547971547580076,1
R023151,C,2,S001>S005,2309.4028275439478,4.7437076151537685,2357.1,1788.5762538032018,520.8265737407455,0.225524350939955,1,520.8265737407455,-2.547971547580076,1
R023152,C,2,S005>S001,2309.4028275439478,6.025540106343632,1603.1,1799.7746624994784,509.6281650444689,0.2206753014096112,1,509.6281650444689,-2.547971547580076,1
R023167,C,2,S005>S001,2309.4028275439478,6.008534134653571,1603.1,1835.7746624994784,473.6281650444689,0.205086855959284,1,473.6281650444689,-2.547971547580076,1
R023172,C,2,S001>S005,2375.4028275439478,4.708145336390253,2291.1,1854.5762538032016,520.8265737407455,0.2192582107344105,1,520.8265737407455,-2.547971547580076,1
R023173,C,2,S005>S001,2375.4028275439478,6.216455481174713,1537.1,1865.7746624994784,509.6281650444689,0.214543890886667,1,509.6281650444689,-2.547971547580076,1
R023174,C,2,S001>S005,2375.4028275439478,4.68995836823918,2255.1,1890.5762538032016,484.8265737407455,0.204102886516319,1,484.8265737407455,-2.547971547580076,1
R023175,C,2,S001>S005,2309.4028275439478,4.68995836823918,2321.1,1824.5762538032016,484.8265737407455,0.2099359054896278,1,484.8265737407455,-2.547971547580076,1
R023178,C,2,S001>S006,1927.319458995888,3.7395569025106674,,1927.319458995888,0.0,0.0,0,0.0,1.868477871682444,0
R023184,C,2,S001>S006,1993.319458995888,3.910845092390712,1958.5,1993.319458995888,0.0,0.0,0,0.0,1.868477871682444,0
R023190,C,2,S001>S006,1993.319458995888,4.0693219890316215,1958.5,1993.319458995888,0.0,0.0,0,0.0,1.868477871682444,0
R023191,C,2,S006>S001,1993.319458995888,3.880915509224328,2624.9,1993.319458995888,0.0,0.0,0,0.0,1.868477871682444,0
R023192,C,2,S001>S006,2059.319458995888,4.215007244144021,1892.5,2059.319458995888,0.0,0.0,0,0.0,1.868477871682444,0
R023193,C,2,S006>S001,2059.3194589958875,3.9448500776790207,2558.9,2059.3194589958875,0.0,0.0,0,0.0,1.868477871682444,0
R023194,C,2,S001>S006,2059.319458995888,4.269407262814878,1892.5,2059.319458995888,0.0,0.0,0,0.0,1.868477871682444,0
R023195,C,2,S006>S001,2059.3194589958875,3.968631315421587,2558.9,2059.3194589958875,0.0,0.0,0,0.0,1.868477871682444,0
R023196,C,2,S001>S006,2125.319458995888,4.452775127234685,1826.5,2125.319458995888,0.0,0.0,0,0.0,1.868477871682444,0
R023199,C,2,S006>S001,2059.3194589958875,4.048620795444238,2558.9,2059.3194589958875,0.0,0.0,0,0.0,1.868477871682444,0
R023203,C,2,S006>S001,2125.3194589958875,4.179975935731594,2492.9,2125.3194589958875,0.0,0.0,0,0.0,1.868477871682444,0
R023207,C,2,S006>S001,1927.319458995888,3.707029619799685,2690.9,1927.319458995888,0.0,0.0,0,0.0,1.868477871682444,0
R023210,C,2,S001>S006,1993.319458995888,3.7751703926686577,1958.5,1993.319458995888,0.0,0.0,0,0.0,1.868477871682444,0
R023212,C,2,S001>S006,2059.319458995888,3.860816177285299,1892.5,2059.319458995888,0.0,0.0,0,0.0,1.868477871682444,0
R023213,C,2,S006>S001,2059.3194589958875,3.7879611386059233,2558.9,2059.3194589958875,0.0,0.0,0,0.0,1.868477871682444,0
R023214,C,2,S001>S006,1993.319458995888,3.860816177285299,1958.5,1993.319458995888,0.0,0.0,0,0.0,1.868477871682444,0
R023215,C,2,S006>S001,1993.319458995888,3.7879611386059233,2624.9,1993.319458995888,0.0,0.0,0,0.0,1.868477871682444,0
R023216,C,2,S001>S006,2059.319458995888,3.965858972697463,1892.5,2059.319458995888,0.0,0.0,0,0.0,1.868477871682444,0
R023217,C,2,S006>S001,2059.3194589958875,3.8351213480212634,2558.9,2059.3194589958875,0.0,0.0,0,0.0,1.868477871682444,0
R023218,C,2,S001>S006,2059.319458995888,4.00542105860561,1892.5,2059.319458995888,0.0,0.0,0,0.0,1.868477871682444,0
R023220,C,2,S001>S006,2125.319458995888,4.139031241711378,1826.5,2125.319458995888,0.0,0.0,0,0.0,1.868477871682444,0
R023221,C,2,S006>S001,2125.3194589958875,3.911564155069272,2492.9,2125.3194589958875,0.0,0.0,0,0.0,1.868477871682444,0
R023224,C,2,S001>S006,2125.319458995888,4.297800741327613,1826.5,2125.319458995888,0.0,0.0,0,0.0,1.868477871682444,0
R023225,C,2,S006>S001,2125.3194589958875,3.98103112814602,2492.9,2125.3194589958875,0.0,0.0,0,0.0,1.868477871682444,0
R023226,C,2,S001>S006,2125.319458995888,4.357102872904304,1826.5,2125.319458995888,0.0,0.0,0,0.0,1.868477871682444,0
R023227,C,2,S006>S001,2125.3194589958875,4.006908788019008,2492.9,2125.3194589958875,0.0,0.0,0,0.0,1.868477871682444,0
R023228,C,2,S001>S006,2191.319458995888,4.557294703449587,1760.5,2191.319458995888,0.0,0.0,0,0.0,1.868477871682444,0
R023229,C,2,S006>S001,2191.3194589958875,4.0941724732405085,2426.9,2191.3194589958875,0.0,0.0,0,0.0,1.868477871682444,0
R023230,C,2,S001>S006,2125.319458995888,4.557294703449587,1826.5,2125.319458995888,0.0,0.0,0,0.0,1.868477871682444,0
R023231,C,2,S006>S001,2125.3194589958875,4.0941724732405085,2492.9,2125.3194589958875,0.0,0.0,0,0.0,1.868477871682444,0
R023232,C,2,S001>S006,2191.319458995888,4.79720475916455,1760.5,2191.319458995888,0.0,0.0,0,0.0,1.868477871682444,0
R023233,C,2,S006>S001,2191.3194589958875,4.198817475248051,2426.9,2191.3194589958875,0.0,0.0,0,0.0,1.868477871682444,0
R023234,C,2,S001>S006,2191.319458995888,4.88776500382963,1760.5,2191.319458995888,0.0,0.0,0,0.0,1.868477871682444,0
R023235,C,2,S006>S001,2191.3194589958875,4.238389849813765,2426.9,2191.3194589958875,0.0,0.0,0,0.0,1.868477871682444,0
R023238,C,2,S001>S006,1993.319458995888,3.748954163781052,,1993.319458995888,0.0,0.0,0,0.0,1.868477871682444,0
R023239,C,2,S006>S001,1993.319458995888,3.790725647286731,,1993.319458995888,0.0,0.0,0,0.0,1.868477871682444,0
R023242,C,2,S001>S006,2059.319458995888,3.855350254515789,,2059.319458995888,0.0,0.0,0,0.0,1.868477871682444,0
R023243,C,2,S006>S001,2059.3194589958875,3.846735115560659,,2059.3194589958875,0.0,0.0,0,0.0,1.868477871682444,0
R023246,C,2,S001>S006,2059.319458995888,3.958336530866236,1892.5,2059.319458995888,0.0,0.0,0,0.0,1.868477871682444,0
R023247,C,2,S006>S001,2059.3194589958875,3.8980360978412287,2594.9,2059.3194589958875,0.0,0.0,0,0.0,1.868477871682444,0
R023250,C,2,S001>S006,2125.319458995888,4.128979873824135,1826.5,2125.319458995888,0.0,0.0,0,0.0,1.868477871682444,0
R023251,C,2,S006>S001,2125.3194589958875,3.981046709232165,2528.9,2125.3194589958875,0.0,0.0,0,0.0,1.868477871682444,0
R023292,C,2,S001>S006,2191.3194589958875,4.656157711596283,1760.5,2191.3194589958875,0.0,0.0,0,0.0,1.868477871682444,0
R023293,C,2,S006>S001,2191.3194589958875,4.235014106801195,2462.9,2191.3194589958875,0.0,0.0,0,0.0,1.868477871682444,0
R023294,C,2,S001>S006,2257.3194589958875,4.917748642205737,1694.5,2257.3194589958875,0.0,0.0,0,0.0,1.868477871682444,0
R023295,C,2,S006>S001,2257.3194589958875,4.362172437201716,2396.9,2257.3194589958875,0.0,0.0,0,0.0,1.868477871682444,0
R023296,C,2,S001>S006,2257.3194589958875,5.017004004728789,1694.5,2257.3194589958875,0.0,0.0,0,0.0,1.868477871682444,0
R023297,C,2,S006>S001,2257.3194589958875,4.410773785215446,2396.9,2257.3194589958875,0.0,0.0,0,0.0,1.868477871682444,0
R023298,C,2,S001>S006,2323.3194589958875,5.359757415580283,1628.5,2323.3194589958875,0.0,0.0,0,0.0,1.868477871682444,0
R023299,C,2,S006>S001,2323.3194589958875,4.5803392609652125,2330.9,2323.3194589958875,0.0,0.0,0,0.0,1.868477871682444,0
R023309,C,2,S006>S001,1993.319458995888,3.837300540350768,2624.9,1993.319458995888,0.0,0.0,0,0.0,1.868477871682444,0
R023310,C,2,S001>S006,1993.319458995888,3.9627704964509993,1958.5,1993.319458995888,0.0,0.0,0,0.0,1.868477871682444,0
R023311,C,2,S006>S001,1993.319458995888,3.854386595962811,2624.9,1993.319458995888,0.0,0.0,0,0.0,1.868477871682444,0
R023315,C,2,S006>S001,1993.319458995888,3.911670134520156,2624.9,1993.319458995888,0.0,0.0,0,0.0,1.868477871682444,0
R023354,C,2,S001>S006,2125.319458995888,4.588182071172438,1826.5,2125.319458995888,0.0,0.0,0,0.0,1.868477871682444,0
R023391,C,2,S006>S001,2257.3194589958875,4.5641189428504765,2396.9,2257.3194589958875,0.0,0.0,0,0.0,1.868477871682444,0
R023663,C,2,S006>S001,2125.3194589958875,4.067705768649237,,2125.3194589958875,0.0,0.0,0,0.0,1.868477871682444,0
R023664,C,2,S001>S006,2059.319458995888,3.959206572786097,1892.5,2059.319458995888,0.0,0.0,0,0.0,1.868477871682444,0
R023665,C,2,S006>S001,2059.3194589958875,4.067705768649237,2630.9,2059.3194589958875,0.0,0.0,0,0.0,1.868477871682444,0
R023666,C,2,S001>S006,2125.3194589958875,4.081579010214716,1826.5,2125.3194589958875,0.0,0.0,0,0.0,1.868477871682444,0
R023667,C,2,S006>S001,2125.3194589958875,4.139137258243556,2564.9,2125.3194589958875,0.0,0.0,0,0.0,1.868477871682444,0
R023668,C,2,S001>S006,2125.3194589958875,4.1277687778059535,1826.5,2125.3194589958875,0.0,0.0,0,0.0,1.868477871682444,0
R023669,C,2,S006>S001,2125.3194589958875,4.165763766066835,2564.9,2125.3194589958875,0.0,0.0,0,0.0,1.868477871682444,0
R023722,C,2,S001>S006,2191.3194589958875,4.026084172339792,,2191.3194589958875,0.0,0.0,0,0.0,1.868477871682444,0
R023812,C,2,S001>S006,1927.319458995888,3.760604484714971,2717.1,1927.319458995888,0.0,0.0,0,0.0,1.868477871682444,0
R024304,C,2,S001>S006,2191.3194589958875,4.353245340454601,1760.5,2191.3194589958875,0.0,0.0,0,0.0,1.868477871682444,0
R024305,C,2,S006>S001,2191.3194589958875,4.599286544480352,1721.2,2191.3194589958875,0.0,0.0,0,0.0,1.868477871682444,0
R024306,C,2,S001>S006,2257.3194589958875,4.559233401289989,1694.5,2257.3194589958875,0.0,0.0,0,0.0,1.868477871682444,0
R024307,C,2,S006>S001,2257.3194589958875,4.74033571141112,1655.2,2257.3194589958875,0.0,0.0,0,0.0,1.868477871682444,0
R024308,C,2,S001>S006,2191.3194589958875,4.559233401289989,1760.5,2191.3194589958875,0.0,0.0,0,0.0,1.868477871682444,0
R024309,C,2,S006>S001,2191.3194589958875,4.74033571141112,1721.2,2191.3194589958875,0.0,0.0,0,0.0,1.868477871682444,0
R024411,C,2,S006>S001,2059.3194589958875,4.241484847036372,1853.2,2059.3194589958875,0.0,0.0,0,0.0,1.868477871682444,0
R024818,C,2,S001>S006,2059.319458995888,4.022608411308962,2585.1,2059.319458995888,0.0,0.0,0,0.0,1.868477871682444,0
R024820,C,2,S001>S006,2059.319458995888,4.062371750424895,2585.1,2059.319458995888,0.0,0.0,0,0.0,1.868477871682444,0
R024829,C,2,S006>S001,2125.3194589958875,4.762186571435055,1787.2,2125.3194589958875,0.0,0.0,0,0.0,1.868477871682444,0
R024830,C,2,S001>S006,2191.3194589958875,4.666627502610087,1760.5,2191.3194589958875,0.0,0.0,0,0.0,1.868477871682444,0
R024831,C,2,S006>S001,2191.3194589958875,4.925416679005094,1721.2,2191.3194589958875,0.0,0.0,0,0.0,1.868477871682444,0
R024832,C,2,S001>S006,2125.3194589958875,4.666627502610087,1826.5,2125.3194589958875,0.0,0.0,0,0.0,1.868477871682444,0
R024833,C,2,S006>S001,2125.3194589958875,4.925416679005094,1787.2,2125.3194589958875,0.0,0.0,0,0.0,1.868477871682444,0
R024834,C,2,S001>S006,2191.3194589958875,4.950443252384044,1760.5,2191.3194589958875,0.0,0.0,0,0.0,1.868477871682444,0
R025050,C,2,S001>S006,2125.3194589958875,4.263058255042138,2519.1,2125.3194589958875,0.0,0.0,0,0.0,1.868477871682444,0
R025051,C,2,S006>S001,2125.3194589958875,5.050330794150354,1787.2,2125.3194589958875,0.0,0.0,0,0.0,1.868477871682444,0
R025053,C,2,S006>S001,2125.3194589958875,5.097235084503714,1787.2,2125.3194589958875,0.0,0.0,0,0.0,1.868477871682444,0
R025054,C,2,S001>S006,2191.3194589958875,4.5178803474557245,2489.1,2191.3194589958875,0.0,0.0,0,0.0,1.868477871682444,0
R025055,C,2,S006>S001,2191.3194589958875,5.260465192073754,1721.2,2191.3194589958875,0.0,0.0,0,0.0,1.868477871682444,0
R025056,C,2,S001>S006,2125.3194589958875,4.5178803474557245,1826.5,2125.3194589958875,0.0,0.0,0,0.0,1.868477871682444,0
R025057,C,2,S006>S001,2125.3194589958875,5.260465192073754,1787.2,2125.3194589958875,0.0,0.0,0,0.0,1.868477871682444,0
R025058,C,2,S001>S006,2191.3194589958875,4.771163564784719,1760.5,2191.3194589958875,0.0,0.0,0,0.0,1.868477871682444,0
R025139,C,2,S001>S006,2257.3194589958875,4.766929385782817,1694.5,2257.3194589958875,0.0,0.0,0,0.0,1.868477871682444,0
R025140,C,2,S001>S006,1927.319458995888,3.706080062663908,2717.1,1927.319458995888,0.0,0.0,0,0.0,1.868477871682444,0
R025141,C,2,S006>S001,1927.319458995888,3.6943032101158018,1985.2,1927.319458995888,0.0,0.0,0,0.0,1.868477871682444,0
R025142,C,2,S001>S006,1927.319458995888,3.725833826989562,2717.1,1927.319458995888,0.0,0.0,0,0.0,1.868477871682444,0
R025143,C,2,S006>S001,1927.319458995888,3.7034385049429774,1985.2,1927.319458995888,0.0,0.0,0,0.0,1.868477871682444,0
R025144,C,2,S001>S006,1993.319458995888,3.798426736913249,2687.1,1993.319458995888,0.0,0.0,0,0.0,1.868477871682444,0
R026325,C,2,S006>S001,2257.3194589958875,4.594222538813737,1655.2,2257.3194589958875,0.0,0.0,0,0.0,1.868477871682444,0
R026326,C,2,S001>S006,2323.3194589958875,4.1645130957881165,1628.5,2323.3194589958875,0.0,0.0,0,0.0,1.868477871682444,0
R026327,C,2,S006>S001,2323.3194589958875,4.695664526809693,1589.2,2323.3194589958875,0.0,0.0,0,0.0,1.868477871682444,0
R026328,C,2,S001>S006,2323.3194589958875,4.21455717172269,1628.5,2323.3194589958875,0.0,0.0,0,0.0,1.868477871682444,0
R026329,C,2,S006>S001,2323.3194589958875,4.733967697416636,1589.2,2323.3194589958875,0.0,0.0,0,0.0,1.868477871682444,0
R026330,C,2,S001>S006,2389.3194589958875,4.38885060734423,1562.5,2389.3194589958875,0.0,0.0,0,0.0,1.868477871682444,0
R026335,C,2,S006>S001,2389.319458995888,5.02876005415747,1523.1999999999998,2389.319458995888,0.0,0.0,0,0.0,1.868477871682444,0
R026934,C,2,S001>S006,2323.3194589958875,4.83614873357114,2357.1,2323.3194589958875,0.0,0.0,0,0.0,1.868477871682444,0
R026935,C,2,S006>S001,2323.3194589958875,5.90711754438097,1589.2,2323.3194589958875,0.0,0.0,0,0.0,1.868477871682444,0
R026936,C,2,S001>S006,2257.3194589958875,4.83614873357114,1694.5,2257.3194589958875,0.0,0.0,0,0.0,1.868477871682444,0
R026937,C,2,S006>S001,2257.3194589958875,5.90711754438097,1655.2,2257.3194589958875,0.0,0.0,0,0.0,1.868477871682444,0
R026938,C,2,S001>S006,2257.3194589958875,4.392883357361499,1694.5,2257.3194589958875,0.0,0.0,0,0.0,1.868477871682444,0
R026968,C,2,S001>S006,2257.3194589958875,4.781140920466702,2387.1,2257.3194589958875,0.0,0.0,0,0.0,1.868477871682444,0
R027712,C,2,S001>S006,2191.3194589958875,3.892774887893428,1760.5,2191.3194589958875,0.0,0.0,0,0.0,1.868477871682444,0
R027713,C,2,S006>S001,2191.3194589958875,4.059218945287606,1721.2,2191.3194589958875,0.0,0.0,0,0.0,1.868477871682444,0
R027714,C,2,S001>S006,2191.3194589958875,3.9258775516584654,1760.5,2191.3194589958875,0.0,0.0,0,0.0,1.868477871682444,0
R027715,C,2,S006>S001,2191.3194589958875,4.079930225462561,1721.2,2191.3194589958875,0.0,0.0,0,0.0,1.868477871682444,0
R027716,C,2,S001>S006,2257.3194589958875,4.040371747956783,1694.5,2257.3194589958875,0.0,0.0,0,0.0,1.868477871682444,0
R027717,C,2,S006>S001,2257.3194589958875,4.149397198539309,1655.2,2257.3194589958875,0.0,0.0,0,0.0,1.868477871682444,0
R027718,C,2,S001>S006,2191.3194589958875,4.040371747956783,1760.5,2191.3194589958875,0.0,0.0,0,0.0,1.868477871682444,0
R027919,C,2,S006>S001,2257.3194589958875,4.356186290213315,1655.2,2257.3194589958875,0.0,0.0,0,0.0,1.868477871682444,0
R028646,C,2,S006>S001,2389.319458995888,6.393335576334165,1523.1999999999998,2389.319458995888,0.0,0.0,0,0.0,1.868477871682444,0
R028647,C,2,S001>S006,2389.3194589958875,4.684757247834335,1562.5,2389.3194589958875,0.0,0.0,0,0.0,1.868477871682444,0
R028648,C,2,S006>S001,2389.319458995888,6.261186264685615,1523.1999999999998,2389.319458995888,0.0,0.0,0,0.0,1.868477871682444,0
R028649,C,2,S001>S006,2323.3194589958875,4.660660913805358,2321.1,2323.3194589958875,0.0,0.0,0,0.0,1.868477871682444,0
R028650,C,2,S006>S001,2323.3194589958875,6.005596755051776,1589.2,2323.3194589958875,0.0,0.0,0,0.0,1.868477871682444,0
R028651,C,2,S001>S006,2323.3194589958875,4.750679653316387,2321.1,2323.3194589958875,0.0,0.0,0,0.0,1.868477871682444,0
R028682,C,2,S007>S001,2151.397060621832,4.142462446416054,2486.3,1725.1355557887655,426.26150483306606,0.1981324194567138,1,426.26150483306606,-1.2114589415920705,1
R028697,C,2,S001>S007,2283.397060621832,4.560948370782184,1876.4,1799.359593591799,484.0374670300328,0.211981295490595,1,484.0374670300328,-1.2114589415920705,1
R028711,C,2,S001>S007,2217.397060621832,4.278244265970186,1942.4,1805.359593591799,412.0374670300328,0.1858203360811183,1,412.0374670300328,-1.2114589415920705,1
R028757,C,2,S001>S007,2151.397060621832,4.2509409587533,2008.4,1739.359593591799,412.0374670300328,0.1915208840672762,1,412.0374670300328,-1.2114589415920705,1
R028758,C,2,S007>S001,2151.397060621832,4.2603542185019805,2486.3,1725.1355557887655,426.26150483306606,0.1981324194567138,1,426.26150483306606,-1.2114589415920705,1
R028766,C,2,S007>S001,2217.397060621832,4.434034166752234,2420.3,1755.1355557887655,462.26150483306606,0.208470333546592,1,462.26150483306606,-1.2114589415920705,1
R028811,C,2,S001>S007,2283.397060621832,4.573502110625911,1876.4,1835.359593591799,448.0374670300328,0.1962153121577637,1,448.0374670300328,-1.2114589415920705,1
R029157,C,2,S001>S007,2151.397060621832,4.207351399084315,2717.1,1739.359593591799,412.0374670300328,0.1915208840672762,1,412.0374670300328,-1.2114589415920705,1
R030524,C,2,S001>S007,2349.3970606218318,4.609407915679887,1810.4,1901.3595935917983,448.0374670300328,0.1907031699918138,1,448.0374670300328,-1.2114589415920705,1
R030700,C,2,S001>S007,2415.3970606218318,4.461296891447684,1744.4,2003.3595935917983,412.0374670300328,0.1705878812835666,1,412.0374670300328,-1.2114589415920705,1
R030708,C,2,S001>S007,2481.3970606218318,4.8278669068214,1678.4,2033.3595935917983,448.0374670300328,0.1805585547513124,1,448.0374670300328,-1.2114589415920705,1
R030750,C,2,S001>S007,2415.3970606218318,4.755314089194959,1744.4,1967.3595935917983,448.0374670300328,0.185492263087663,1,448.0374670300328,-1.2114589415920705,1
R030796,C,2,S001>S007,2481.3970606218318,4.867960243697588,1678.4,2033.3595935917983,448.0374670300328,0.1805585547513124,1,448.0374670300328,-1.2114589415920705,1
R030864,C,2,S001>S007,2217.397060621832,4.317240379437755,1942.4,1805.359593591799,412.0374670300328,0.1858203360811183,1,412.0374670300328,-1.2114589415920705,1
R031094,C,2,S001>S007,2415.3970606218318,4.543421274893412,1744.4,2003.3595935917983,412.0374670300328,0.1705878812835666,1,412.0374670300328,-1.2114589415920705,1
R031230,C,2,S001>S007,2547.3970606218318,5.18147907956258,1612.4,2099.3595935917983,448.0374670300328,0.1758804993363165,1,448.0374670300328,-1.2114589415920705,1
R031326,C,2,S001>S007,2547.3970606218318,4.85869688474721,1612.4,2135.3595935917983,412.0374670300328,0.1617484268155088,1,412.0374670300328,-1.2114589415920705,1
R031684,C,2,S001>S007,2613.397060621831,5.058356961046172,2255.1,2201.3595935917983,412.0374670300323,0.1576635534027853,1,412.0374670300323,-1.2114589415920705,1
R031816,C,2,S001>S007,2547.3970606218318,4.915072565380399,2321.1,2135.3595935917983,412.0374670300328,0.1617484268155088,1,412.0374670300328,-1.2114589415920705,1
R031819,C,2,S001>S007,2547.3970606218318,5.259042745025537,1612.4,2135.3595935917983,412.0374670300328,0.1617484268155088,1,412.0374670300328,-1.2114589415920705,1
R031843,C,2,S001>S007,2613.397060621831,5.068792931275815,1546.4,2201.3595935917983,412.0374670300323,0.1576635534027853,1,412.0374670300323,-1.2114589415920705,1
R031849,C,2,S001>S007,2613.397060621831,5.147217868635028,1546.4,2201.3595935917983,412.0374670300323,0.1576635534027853,1,412.0374670300323,-1.2114589415920705,1
R032164,C,2,S001>S007,2349.3970606218318,4.237862287972497,2519.1,1937.3595935917983,412.0374670300328,0.1753800896137053,1,412.0374670300328,-1.2114589415920705,1
R032270,C,2,S001>S007,2547.3970606218318,4.889071103833176,1612.4,2099.3595935917983,448.0374670300328,0.1758804993363165,1,448.0374670300328,-1.2114589415920705,1
R032342,C,2,S001>S007,2481.3970606218318,4.405388624125204,2387.1,2069.3595935917983,412.0374670300328,0.1660505984990476,1,412.0374670300328,-1.2114589415920705,1
R032354,C,2,S001>S007,2547.3970606218318,4.933603514034257,1612.4,2099.3595935917983,448.0374670300328,0.1758804993363165,1,448.0374670300328,-1.2114589415920705,1
R032394,C,2,S001>S007,2613.397060621831,5.088885383142325,1546.4,2165.3595935917983,448.0374670300323,0.1714387276931529,1,448.0374670300323,-1.2114589415920705,1
R032774,C,2,S001>S007,2613.397060621831,5.286673762596396,1546.4,2165.3595935917983,448.0374670300323,0.1714387276931529,1,448.0374670300323,-1.2114589415920705,1
R032802,C,2,S001>S007,2547.3970606218318,5.149327927576932,1612.4,2099.3595935917983,448.0374670300328,0.1758804993363165,1,448.0374670300328,-1.2114589415920705,1
R032838,C,2,S001>S007,2613.397060621831,5.3650986999556105,1546.4,2165.3595935917983,448.0374670300323,0.1714387276931529,1,448.0374670300323,-1.2114589415920705,1
R032854,C,2,S001>S007,2613.397060621831,4.685654780966965,2255.1,2201.3595935917983,412.0374670300323,0.1576635534027853,1,412.0374670300323,-1.2114589415920705,1
R032856,C,2,S001>S007,2613.397060621831,4.741902930133068,2255.1,2201.3595935917983,412.0374670300323,0.1576635534027853,1,412.0374670300323,-1.2114589415920705,1
R032858,C,2,S001>S007,2613.397060621831,4.940774358910121,1546.4,2201.3595935917983,412.0374670300323,0.1576635534027853,1,412.0374670300323,-1.2114589415920705,1
R032860,C,2,S001>S007,2613.397060621831,4.609986075500818,1546.4,2201.3595935917983,412.0374670300323,0.1576635534027853,1,412.0374670300323,-1.2114589415920705,1
R032968,C,2,S001>S007,2547.3970606218318,5.215025481769951,1612.4,2099.3595935917983,448.0374670300328,0.1758804993363165,1,448.0374670300328,-1.2114589415920705,1
R033070,C,2,S001>S007,2547.3970606218318,4.884996716604219,1612.4,2135.3595935917983,412.0374670300328,0.1617484268155088,1,412.0374670300328,-1.2114589415920705,1
R033123,C,2,S001>S007,2547.3970606218318,4.940774358910121,1612.4,2135.3595935917983,412.0374670300328,0.1617484268155088,1,412.0374670300328,-1.2114589415920705,1
R033139,C,2,S001>S007,2613.397060621831,4.829691417970211,2255.1,2201.3595935917983,412.0374670300323,0.1576635534027853,1,412.0374670300323,-1.2114589415920705,1
R033141,C,2,S001>S007,2613.397060621831,4.897184799241137,2255.1,2201.3595935917983,412.0374670300323,0.1576635534027853,1,412.0374670300323,-1.2114589415920705,1
R033143,C,2,S001>S007,2613.397060621831,5.138562738364193,1546.4,2201.3595935917983,412.0374670300323,0.1576635534027853,1,412.0374670300323,-1.2114589415920705,1
R033144,C,2,S001>S007,2613.397060621831,4.739225076399977,1546.4,2201.3595935917983,412.0374670300323,0.1576635534027853,1,412.0374670300323,-1.2114589415920705,1
R033151,C,2,S001>S007,2547.3970606218318,4.789790697921038,2321.1,2135.3595935917983,412.0374670300328,0.1617484268155088,1,412.0374670300328,-1.2114589415920705,1
R033155,C,2,S001>S007,2547.3970606218318,5.001216903344729,1612.4,2135.3595935917983,412.0374670300328,0.1617484268155088,1,412.0374670300328,-1.2114589415920705,1
R033169,C,2,S001>S007,2613.397060621831,4.885469060276114,2255.1,2201.3595935917983,412.0374670300323,0.1576635534027853,1,412.0374670300323,-1.2114589415920705,1
R033171,C,2,S001>S007,2613.397060621831,4.957627343675743,2255.1,2201.3595935917983,412.0374670300323,0.1576635534027853,1,412.0374670300323,-1.2114589415920705,1
R033173,C,2,S001>S007,2613.397060621831,5.216987675723407,1546.4,2201.3595935917983,412.0374670300323,0.1576635534027853,1,412.0374670300323,-1.2114589415920705,1
R033174,C,2,S001>S007,2613.397060621831,4.788927077658832,1546.4,2201.3595935917983,412.0374670300323,0.1576635534027853,1,412.0374670300323,-1.2114589415920705,1
R033178,C,2,S001>S007,2679.397060621831,4.963598248241998,1480.4,2267.3595935917983,412.0374670300323,0.1537799205222712,1,412.0374670300323,-1.2114589415920705,1
R033291,C,2,S001>S007,2613.397060621831,5.01160915890374,2255.1,2201.3595935917983,412.0374670300323,0.1576635534027853,1,412.0374670300323,-1.2114589415920705,1
R033292,C,2,S001>S007,2613.397060621831,5.094973178695208,2255.1,2201.3595935917983,412.0374670300323,0.1576635534027853,1,412.0374670300323,-1.2114589415920705,1
R033293,C,2,S001>S007,2613.397060621831,4.900608056926028,1546.4,2201.3595935917983,412.0374670300323,0.1576635534027853,1,412.0374670300323,-1.2114589415920705,1
R033306,C,2,S001>S007,2613.397060621831,5.083257439730185,2255.1,2201.3595935917983,412.0374670300323,0.1576635534027853,1,412.0374670300323,-1.2114589415920705,1
R033307,C,2,S001>S007,2613.397060621831,5.173398116054422,2255.1,2201.3595935917983,412.0374670300323,0.1576635534027853,1,412.0374670300323,-1.2114589415920705,1
R033308,C,2,S001>S007,2613.397060621831,4.963598248241998,1546.4,2201.3595935917983,412.0374670300323,0.1576635534027853,1,412.0374670300323,-1.2114589415920705,1
R033310,C,2,S001>S007,2679.397060621831,5.189272937937159,1480.4,2267.3595935917983,412.0374670300323,0.1537799205222712,1,412.0374670300323,-1.2114589415920705,1
R033311,C,2,S001>S007,2613.397060621831,5.1616823770894,2255.1,2201.3595935917983,412.0374670300323,0.1576635534027853,1,412.0374670300323,-1.2114589415920705,1
R033312,C,2,S001>S007,2613.397060621831,5.259587683607843,2255.1,2201.3595935917983,412.0374670300323,0.1576635534027853,1,412.0374670300323,-1.2114589415920705,1
R033313,C,2,S001>S007,2613.397060621831,5.03217671362678,1546.4,2201.3595935917983,412.0374670300323,0.1576635534027853,1,412.0374670300323,-1.2114589415920705,1
R033333,C,2,S001>S007,2613.397060621831,5.247871944642821,2255.1,2201.3595935917983,412.0374670300323,0.1576635534027853,1,412.0374670300323,-1.2114589415920705,1
R033334,C,2,S001>S007,2613.397060621831,5.107100799988675,1546.4,2201.3595935917983,412.0374670300323,0.1576635534027853,1,412.0374670300323,-1.2114589415920705,1
R033348,C,2,S008>S001,2322.873754524756,5.613973493600999,5934.3,1506.883421312183,815.990333212573,0.3512848391450869,2,745.990333212573,-6.237413833707706,1
R033364,C,2,S008>S001,2322.873754524756,5.475447205992762,5934.3,1506.883421312183,815.990333212573,0.3512848391450869,2,745.990333212573,-6.237413833707706,1
R033443,C,2,S008>S001,2388.8737545247554,5.945089619387337,5868.3,1536.8834213121825,851.990333212573,0.3566493757147366,2,781.990333212573,-6.237413833707706,1
R033451,C,2,S008>S001,2322.873754524756,5.50801957390629,5934.3,1506.883421312183,815.990333212573,0.3512848391450869,2,745.990333212573,-6.237413833707706,1
R034142,C,2,S001>S008,2454.8737545247554,5.758346850049538,2585.1,1661.2484219713056,793.6253325534499,0.3232855991436063,2,723.6253325534499,-6.237413833707706,1
R034143,C,2,S001>S008,2454.8737545247554,5.799201996183122,2585.1,1661.2484219713056,793.6253325534499,0.3232855991436063,2,723.6253325534499,-6.237413833707706,1
R034220,C,2,S001>S008,2520.8737545247554,6.0560147131532585,2519.1,1727.2484219713056,793.6253325534499,0.3148215300861296,2,723.6253325534499,-6.237413833707706,1
R034222,C,2,S001>S008,2520.8737545247554,6.259105400305035,2519.1,1727.2484219713056,793.6253325534499,0.3148215300861296,2,723.6253325534499,-6.237413833707706,1
R034245,C,2,S001>S008,2322.8737545247554,5.441818501404484,2717.1,1529.2484219713056,793.6253325534499,0.3416566789338151,2,723.6253325534499,-6.237413833707706,1
R034247,C,2,S001>S008,2322.8737545247554,5.462664072747788,2717.1,1529.2484219713056,793.6253325534499,0.3416566789338151,2,723.6253325534499,-6.237413833707706,1
R034251,C,2,S001>S008,2322.8737545247554,5.53965178976256,2717.1,1529.2484219713056,793.6253325534499,0.3416566789338151,2,723.6253325534499,-6.237413833707706,1
R034267,C,2,S001>S008,2322.8737545247554,5.415723700797508,2717.1,1529.2484219713056,793.6253325534499,0.3416566789338151,2,723.6253325534499,-6.237413833707706,1
R034881,C,2,S001>S008,2718.8737545247554,6.177027926142124,2321.1,1925.2484219713056,793.6253325534499,0.2918948815599462,2,723.6253325534499,-6.237413833707706,1
R034998,C,2,S001>S008,2718.8737545247554,6.351699096725291,2321.1,1925.2484219713056,793.6253325534499,0.2918948815599462,2,723.6253325534499,-6.237413833707706,1
R035016,C,2,S001>S008,2784.8737545247554,6.372468744066364,2255.1,1991.2484219713056,793.6253325534499,0.2849771309252342,2,723.6253325534499,-6.237413833707706,1
R035017,C,2,S001>S008,2784.8737545247554,6.183173969271923,2255.1,1991.2484219713056,793.6253325534499,0.2849771309252342,2,723.6253325534499,-6.237413833707706,1
R035076,C,2,S001>S008,2784.8737545247554,6.380962348725994,2255.1,1991.2484219713056,793.6253325534499,0.2849771309252342,2,723.6253325534499,-6.237413833707706,1
R035440,C,2,S001>S008,2718.8737545247554,5.758346850049538,2321.1,1925.2484219713056,793.6253325534499,0.2918948815599462,2,723.6253325534499,-6.237413833707706,1
R035443,C,2,S001>S008,2718.8737545247554,5.942789243103043,2321.1,1925.2484219713056,793.6253325534499,0.2918948815599462,2,723.6253325534499,-6.237413833707706,1
R035628,C,2,S001>S008,2718.8737545247554,6.059291120995887,2321.1,1925.2484219713056,793.6253325534499,0.2918948815599462,2,723.6253325534499,-6.237413833707706,1
R035651,C,2,S001>S008,2718.8737545247554,6.103823531196968,2321.1,1925.2484219713056,793.6253325534499,0.2918948815599462,2,723.6253325534499,-6.237413833707706,1
R035658,C,2,S001>S008,2784.8737545247554,5.9987966937827135,2255.1,1991.2484219713056,793.6253325534499,0.2849771309252342,2,723.6253325534499,-6.237413833707706,1
R035659,C,2,S001>S008,2784.8737545247554,6.0560147131532585,2255.1,1991.2484219713056,793.6253325534499,0.2849771309252342,2,723.6253325534499,-6.237413833707706,1
R035660,C,2,S001>S008,2784.8737545247554,6.259105400305035,2255.1,1991.2484219713056,793.6253325534499,0.2849771309252342,2,723.6253325534499,-6.237413833707706,1
R035661,C,2,S001>S008,2784.8737545247554,5.922155492950997,2255.1,1991.2484219713056,793.6253325534499,0.2849771309252342,2,723.6253325534499,-6.237413833707706,1
R035662,C,2,S001>S008,2850.8737545247554,6.151373276273583,2225.1,2021.2484219713056,829.6253325534499,0.2910073907119572,2,759.6253325534499,-6.237413833707706,1
R035663,C,2,S001>S008,2850.8737545247554,6.380737993440389,2225.1,2021.2484219713056,829.6253325534499,0.2910073907119572,2,759.6253325534499,-6.237413833707706,1
R035762,C,2,S001>S008,2784.8737545247554,6.14283333078596,2255.1,1991.2484219713056,793.6253325534499,0.2849771309252342,2,723.6253325534499,-6.237413833707706,1
R035763,C,2,S001>S008,2784.8737545247554,6.211296582261328,2255.1,1991.2484219713056,793.6253325534499,0.2849771309252342,2,723.6253325534499,-6.237413833707706,1
R035764,C,2,S001>S008,2784.8737545247554,6.051394493850157,2255.1,1991.2484219713056,793.6253325534499,0.2849771309252342,2,723.6253325534499,-6.237413833707706,1
R035765,C,2,S001>S008,2850.8737545247554,6.3260444468567485,2225.1,2021.2484219713056,829.6253325534499,0.2910073907119572,2,759.6253325534499,-6.237413833707706,1
R035773,C,2,S001>S008,2784.8737545247554,6.198610973091863,2255.1,1991.2484219713056,793.6253325534499,0.2849771309252342,2,723.6253325534499,-6.237413833707706,1
R035774,C,2,S001>S008,2784.8737545247554,6.271739126695934,2255.1,1991.2484219713056,793.6253325534499,0.2849771309252342,2,723.6253325534499,-6.237413833707706,1
R035776,C,2,S001>S008,2850.8737545247554,6.310872493647468,2225.1,2021.2484219713056,829.6253325534499,0.2910073907119572,2,759.6253325534499,-6.237413833707706,1
R035777,C,2,S001>S008,2850.8737545247554,6.39462291224153,2225.1,2021.2484219713056,829.6253325534499,0.2910073907119572,2,759.6253325534499,-6.237413833707706,1
R035778,C,2,S001>S008,2850.8737545247554,6.275767665692178,2189.1,2057.2484219713056,793.6253325534499,0.2783796831739216,2,723.6253325534499,-6.237413833707706,1
R035821,C,2,S001>S008,2784.8737545247554,6.324751071719488,2255.1,1991.2484219713056,793.6253325534499,0.2849771309252342,2,723.6253325534499,-6.237413833707706,1
R035822,C,2,S001>S008,2784.8737545247554,6.2127774743762085,2255.1,1991.2484219713056,793.6253325534499,0.2849771309252342,2,723.6253325534499,-6.237413833707706,1
R035828,C,2,S001>S008,2784.8737545247554,6.396399352545934,2255.1,1991.2484219713056,793.6253325534499,0.2849771309252342,2,723.6253325534499,-6.237413833707706,1
R035829,C,2,S001>S008,2784.8737545247554,6.275767665692178,2255.1,1991.2484219713056,793.6253325534499,0.2849771309252342,2,723.6253325534499,-6.237413833707706,1
R035830,C,2,S001>S008,2784.8737545247554,6.344346131076959,2255.1,1991.2484219713056,793.6253325534499,0.2849771309252342,2,723.6253325534499,-6.237413833707706,1
R035840,C,2,S001>S009,1841.0581576854468,3.6695974744860793,,1330.8656091250807,510.1925485603661,0.2771191917162319,1,510.1925485603661,-3.209010330240588,1
R035842,C,2,S001>S009,1841.0581576854468,3.724123643556907,9448.5,1330.8656091250807,510.1925485603661,0.2771191917162319,1,510.1925485603661,-3.209010330240588,1
R035846,C,2,S001>S009,1841.0581576854468,3.6346853644202666,9448.5,1330.8656091250807,510.1925485603661,0.2771191917162319,1,510.1925485603661,-3.209010330240588,1
R035847,C,2,S009>S001,1841.058157685447,3.658476643674167,9744.7,1336.6406373190991,504.41752036634784,0.2739823933647455,1,504.41752036634784,-3.209010330240588,1
R035863,C,2,S009>S001,1973.058157685447,3.80882638201998,9648.7,1432.6406373190991,540.4175203663478,0.2738984242615029,1,540.4175203663478,-3.209010330240588,1
R035865,C,2,S009>S001,1973.058157685447,3.88768740572365,9648.7,1432.6406373190991,540.4175203663478,0.2738984242615029,1,540.4175203663478,-3.209010330240588,1
R035866,C,2,S001>S009,2039.0581576854468,3.913574513437595,9250.5,1456.8656091250807,582.192548560366,0.2855203253355059,1,582.192548560366,-3.209010330240588,1
R035867,C,2,S009>S001,2039.058157685447,4.017234431164839,9582.7,1462.6406373190991,576.4175203663478,0.2826881215691486,1,576.4175203663478,-3.209010330240588,1
R035868,C,2,S001>S009,1841.0581576854468,3.6797099349860862,,1330.8656091250807,510.1925485603661,0.2771191917162319,1,510.1925485603661,-3.209010330240588,1
R035869,C,2,S009>S001,1841.058157685447,3.720940072764377,,1336.6406373190991,504.41752036634784,0.2739823933647455,1,504.41752036634784,-3.209010330240588,1
R035870,C,2,S001>S009,1841.0581576854468,3.736558293036401,9448.5,1330.8656091250807,510.1925485603661,0.2771191917162319,1,510.1925485603661,-3.209010330240588,1
R035871,C,2,S009>S001,1841.058157685447,3.783847364131565,9744.7,1336.6406373190991,504.41752036634784,0.2739823933647455,1,504.41752036634784,-3.209010330240588,1
R035872,C,2,S001>S009,1907.0581576854468,3.8332181887092895,9382.5,1360.8656091250807,546.192548560366,0.2864058163927562,1,546.192548560366,-3.209010330240588,1
R035873,C,2,S009>S001,1907.058157685447,3.889066998988269,9678.7,1366.6406373190991,540.4175203663478,0.2833775772324847,1,540.4175203663478,-3.209010330240588,1
R035874,C,2,S001>S009,1841.0581576854468,3.6428453265941054,9448.5,1330.8656091250807,510.1925485603661,0.2771191917162319,1,510.1925485603661,-3.209010330240588,1
R035875,C,2,S009>S001,1841.058157685447,3.678419572411725,9744.7,1336.6406373190991,504.41752036634784,0.2739823933647455,1,504.41752036634784,-3.209010330240588,1
R035891,C,2,S009>S001,1973.058157685447,3.8411542803452656,9648.7,1432.6406373190991,540.4175203663478,0.2738984242615029,1,540.4175203663478,-3.209010330240588,1
R035994,C,2,S001>S009,1841.0581576854468,3.714673508321692,2717.1,1330.8656091250807,510.1925485603661,0.2771191917162319,1,510.1925485603661,-3.209010330240588,1
R035996,C,2,S001>S009,1841.0581576854468,3.778784920889605,2717.1,1330.8656091250807,510.1925485603661,0.2771191917162319,1,510.1925485603661,-3.209010330240588,1
R036000,C,2,S001>S009,1841.0581576854468,3.672024225565169,2717.1,1330.8656091250807,510.1925485603661,0.2771191917162319,1,510.1925485603661,-3.209010330240588,1
R036162,C,2,S001>S009,1907.0581576854468,3.825969655140917,2651.1,1396.8656091250807,510.1925485603661,0.2675285735279176,1,510.1925485603661,-3.209010330240588,1
R036168,C,2,S001>S009,1907.0581576854468,3.7679438566352776,2651.1,1396.8656091250807,510.1925485603661,0.2675285735279176,1,510.1925485603661,-3.209010330240588,1
R036353,C,2,S009>S001,2171.058157685447,5.765526317061642,1741.5,1630.6406373190991,540.4175203663478,0.2489189515505581,1,540.4175203663478,-3.209010330240588,1
R036374,C,2,S001>S009,2171.0581576854465,4.643493126795299,2459.1,1588.8656091250805,582.192548560366,0.268160733741485,1,582.192548560366,-3.209010330240588,1
R036397,C,2,S009>S001,2237.058157685447,6.118099360773832,1675.5,1696.6406373190991,540.4175203663478,0.2415750875808638,1,540.4175203663478,-3.209010330240588,1
R036433,C,2,S001>S009,2039.0581576854468,4.249225039370446,2519.1,1528.8656091250807,510.1925485603661,0.2502099053121124,1,510.1925485603661,-3.209010330240588,1
R036435,C,2,S001>S009,2039.0581576854468,4.426391693193223,2519.1,1528.8656091250807,510.1925485603661,0.2502099053121124,1,510.1925485603661,-3.209010330240588,1
R036482,C,2,S001>S009,1841.0581576854468,3.6558743989649742,2717.1,1330.8656091250807,510.1925485603661,0.2771191917162319,1,510.1925485603661,-3.209010330240588,1
R036483,C,2,S009>S001,1841.058157685447,3.666260986151967,2071.5,1336.6406373190991,504.41752036634784,0.2739823933647455,1,504.41752036634784,-3.209010330240588,1
R036484,C,2,S001>S009,1841.0581576854468,3.7069380826507463,2717.1,1330.8656091250807,510.1925485603661,0.2771191917162319,1,510.1925485603661,-3.209010330240588,1
R036485,C,2,S009>S001,1841.058157685447,3.718362075203778,2071.5,1336.6406373190991,504.41752036634784,0.2739823933647455,1,504.41752036634784,-3.209010330240588,1
R036488,C,2,S001>S009,1841.0581576854468,3.624027567633229,2717.1,1330.8656091250807,510.1925485603661,0.2771191917162319,1,510.1925485603661,-3.209010330240588,1
R036489,C,2,S009>S001,1841.058157685447,3.633114066863573,2071.5,1336.6406373190991,504.41752036634784,0.2739823933647455,1,504.41752036634784,-3.209010330240588,1
R036490,C,2,S001>S009,1907.0581576854468,3.6797619495086473,2687.1,1360.8656091250807,546.192548560366,0.2864058163927562,1,546.192548560366,-3.209010330240588,1
R036492,C,2,S001>S009,1907.0581576854468,3.737348125827421,2687.1,1360.8656091250807,546.192548560366,0.2864058163927562,1,546.192548560366,-3.209010330240588,1
R036502,C,2,S001>S009,1907.0581576854468,3.647224938202892,2651.1,1396.8656091250807,510.1925485603661,0.2675285735279176,1,510.1925485603661,-3.209010330240588,1
R037098,C,2,S001>S009,1907.0581576854468,3.6695974744860793,2651.1,1396.8656091250807,510.1925485603661,0.2675285735279176,1,510.1925485603661,-3.209010330240588,1
R037100,C,2,S001>S009,1907.0581576854468,3.724123643556907,2651.1,1396.8656091250807,510.1925485603661,0.2675285735279176,1,510.1925485603661,-3.209010330240588,1
R037104,C,2,S001>S009,1907.0581576854468,3.6346853644202666,2651.1,1396.8656091250807,510.1925485603661,0.2675285735279176,1,510.1925485603661,-3.209010330240588,1
R037701,C,2,S010>S001,2122.7914355276853,3.8800854554927264,2444.2,1668.419075055641,454.372360472044,0.2140447492238424,1,454.372360472044,-1.6556759388739977,1
R037703,C,2,S010>S001,2122.7914355276853,3.9497884894795616,2444.2,1668.419075055641,454.372360472044,0.2140447492238424,1,454.372360472044,-1.6556759388739977,1
R037704,C,2,S001>S010,2188.7914355276853,4.034118343885792,1917.4,1690.2604492307769,498.5309862969086,0.2277654134628501,1,498.5309862969086,-1.6556759388739977,1
R037705,C,2,S010>S001,2188.7914355276853,4.063099035542498,2378.2,1698.419075055641,490.372360472044,0.2240379565236294,1,490.372360472044,-1.6556759388739977,1
R037706,C,2,S001>S010,1990.7914355276853,3.7634790143965113,,1564.2604492307769,426.5309862969086,0.2142519696865437,1,426.5309862969086,-1.6556759388739977,1
R037707,C,2,S010>S001,1990.7914355276853,3.794950347264773,,1572.419075055641,418.372360472044,0.2101537875870703,1,418.372360472044,-1.6556759388739977,1
R037708,C,2,S001>S010,1990.7914355276853,3.8311073395558566,2115.4,1564.2604492307769,426.5309862969086,0.2142519696865437,1,426.5309862969086,-1.6556759388739977,1
R037709,C,2,S010>S001,1990.7914355276853,3.851332009807064,2540.2,1572.419075055641,418.372360472044,0.2101537875870703,1,418.372360472044,-1.6556759388739977,1
R037710,C,2,S001>S010,2056.7914355276853,3.94586071348542,2049.4,1594.2604492307769,462.5309862969086,0.224879867889105,1,462.5309862969086,-1.6556759388739977,1
R037711,C,2,S010>S001,2056.7914355276853,3.944329177193628,2474.2,1602.419075055641,454.372360472044,0.2209131915971204,1,454.372360472044,-1.6556759388739977,1
R037712,C,2,S001>S010,1990.7914355276853,3.719684298899125,2115.4,1564.2604492307769,426.5309862969086,0.2142519696865437,1,426.5309862969086,-1.6556759388739977,1
R037713,C,2,S010>S001,1990.7914355276853,3.756234003996476,2540.2,1572.419075055641,418.372360472044,0.2101537875870703,1,418.372360472044,-1.6556759388739977,1
R037714,C,2,S001>S010,2056.7914355276853,3.795333465458454,2049.4,1594.2604492307769,462.5309862969086,0.224879867889105,1,462.5309862969086,-1.6556759388739977,1
R037715,C,2,S010>S001,2056.7914355276853,3.821776124075116,2474.2,1602.419075055641,454.372360472044,0.2209131915971204,1,454.372360472044,-1.6556759388739977,1
R037725,C,2,S010>S001,2122.7914355276853,4.058097966612106,2444.2,1668.419075055641,454.372360472044,0.2140447492238424,1,454.372360472044,-1.6556759388739977,1
R038000,C,2,S001>S010,2056.7914355276853,3.909738734551342,2651.1,1630.2604492307769,426.5309862969086,0.2073768778541607,1,426.5309862969086,-1.6556759388739977,1
R038092,C,2,S001>S010,2254.7914355276853,4.1699524814684334,1851.4,1792.2604492307769,462.5309862969086,0.2051324920828711,1,462.5309862969086,-1.6556759388739977,1
R038110,C,2,S001>S010,2386.7914355276853,4.764036957243497,1719.4,1888.2604492307769,498.5309862969086,0.2088707789361958,1,498.5309862969086,-1.6556759388739977,1
R038271,C,2,S001>S010,2188.7914355276853,4.332994118780871,2519.1,1762.2604492307769,426.5309862969086,0.1948705479076759,1,426.5309862969086,-1.6556759388739977,1
R038315,C,2,S001>S010,2254.7914355276853,4.764489304702224,2453.1,1828.2604492307769,426.5309862969086,0.1891664921093193,1,426.5309862969086,-1.6556759388739977,1
R038934,C,2,S001>S010,2056.7914355276853,3.753366553896505,2651.1,1630.2604492307769,426.5309862969086,0.2073768778541607,1,426.5309862969086,-1.6556759388739977,1
R039514,C,2,S001>S011,1629.6317146319357,2.6792124337371965,,1629.6317146319357,0.0,0.0,0,0.0,2.214023733231812,0
R039516,C,2,S001>S011,1629.6317146319357,2.7311017375104334,9475.3,1629.6317146319357,0.0,0.0,0,0.0,2.214023733231812,0
R039517,C,2,S011>S001,1629.631714631936,2.7022969684947937,9927.5,1629.631714631936,0.0,0.0,0,0.0,2.214023733231812,0
R039518,C,2,S001>S011,1695.6317146319357,2.819767340884197,9409.3,1695.6317146319357,0.0,0.0,0,0.0,2.214023733231812,0
R039519,C,2,S011>S001,1695.631714631936,2.7535933102381787,9861.5,1695.631714631936,0.0,0.0,0,0.0,2.214023733231812,0
R039520,C,2,S001>S011,1629.6317146319357,2.645892608142782,9475.3,1629.6317146319357,0.0,0.0,0,0.0,2.214023733231812,0
R039521,C,2,S011>S001,1629.631714631936,2.6507405526766954,9927.5,1629.631714631936,0.0,0.0,0,0.0,2.214023733231812,0
R039522,C,2,S001>S011,1695.6317146319357,2.7036046793408244,9409.3,1695.6317146319357,0.0,0.0,0,0.0,2.214023733231812,0
R039523,C,2,S011>S001,1695.631714631936,2.686106981832613,9861.5,1695.631714631936,0.0,0.0,0,0.0,2.214023733231812,0
R039524,C,2,S001>S011,1695.6317146319357,2.7616944004527846,9409.3,1695.6317146319357,0.0,0.0,0,0.0,2.214023733231812,0
R039525,C,2,S011>S001,1695.631714631936,2.720111165373895,9861.5,1695.631714631936,0.0,0.0,0,0.0,2.214023733231812,0
R039526,C,2,S001>S011,1761.6317146319357,2.8590943225147143,9343.3,1761.6317146319357,0.0,0.0,0,0.0,2.214023733231812,0
R039527,C,2,S011>S001,1761.631714631936,2.776116882316325,9795.5,1761.631714631936,0.0,0.0,0,0.0,2.214023733231812,0
R039528,C,2,S001>S011,1695.6317146319357,2.7118538180933154,,1695.6317146319357,0.0,0.0,0,0.0,2.214023733231812,0
R039529,C,2,S011>S001,1695.631714631936,2.7190220694255616,,1695.631714631936,0.0,0.0,0,0.0,2.214023733231812,0
R039531,C,2,S011>S001,1695.631714631936,2.756337451854956,9897.5,1695.631714631936,0.0,0.0,0,0.0,2.214023733231812,0
R039533,C,2,S011>S001,1761.631714631936,2.817347939484752,9831.5,1761.631714631936,0.0,0.0,0,0.0,2.214023733231812,0
R039534,C,2,S001>S011,1695.6317146319357,2.6727361490470187,9409.3,1695.6317146319357,0.0,0.0,0,0.0,2.214023733231812,0
R039535,C,2,S011>S001,1695.631714631936,2.6929231685079613,9897.5,1695.631714631936,0.0,0.0,0,0.0,2.214023733231812,0
R039536,C,2,S001>S011,1761.6317146319357,2.739741990716302,9343.3,1761.6317146319357,0.0,0.0,0,0.0,2.214023733231812,0
R039537,C,2,S011>S001,1761.631714631936,2.736836266304663,9831.5,1761.631714631936,0.0,0.0,0,0.0,2.214023733231812,0
R039538,C,2,S001>S011,1761.6317146319357,2.805198175403373,9343.3,1761.6317146319357,0.0,0.0,0,0.0,2.214023733231812,0
R039539,C,2,S011>S001,1761.631714631936,2.77761474273662,9831.5,1761.631714631936,0.0,0.0,0,0.0,2.214023733231812,0
R039540,C,2,S001>S011,1827.631714631936,2.913881850434413,9277.3,1827.631714631936,0.0,0.0,0,0.0,2.214023733231812,0
R039542,C,2,S001>S011,1629.6317146319357,2.6893248942372034,,1629.6317146319357,0.0,0.0,0,0.0,2.214023733231812,0
R039544,C,2,S001>S011,1629.6317146319357,2.743536386989927,9475.3,1629.6317146319357,0.0,0.0,0,0.0,2.214023733231812,0
R039545,C,2,S011>S001,1629.631714631936,2.718915645750985,9927.5,1629.631714631936,0.0,0.0,0,0.0,2.214023733231812,0
R039548,C,2,S001>S011,1629.6317146319357,2.6540525703166207,9475.3,1629.6317146319357,0.0,0.0,0,0.0,2.214023733231812,0
R039549,C,2,S011>S001,1629.631714631936,2.663428173527152,9927.5,1629.631714631936,0.0,0.0,0,0.0,2.214023733231812,0
R039550,C,2,S001>S011,1695.6317146319357,2.714867979925955,9409.3,1695.6317146319357,0.0,0.0,0,0.0,2.214023733231812,0
R039551,C,2,S011>S001,1695.631714631936,2.70164847185959,9861.5,1695.631714631936,0.0,0.0,0,0.0,2.214023733231812,0
R039552,C,2,S001>S011,1695.6317146319357,2.7753426350544297,9409.3,1695.6317146319357,0.0,0.0,0,0.0,2.214023733231812,0
R039553,C,2,S011>S001,1695.631714631936,2.737845870827524,9861.5,1695.631714631936,0.0,0.0,0,0.0,2.214023733231812,0
R039554,C,2,S001>S011,1761.6317146319357,2.8763303147203625,9343.3,1761.6317146319357,0.0,0.0,0,0.0,2.214023733231812,0
R039555,C,2,S011>S001,1761.631714631936,2.797150934950923,9795.5,1761.631714631936,0.0,0.0,0,0.0,2.214023733231812,0
R039556,C,2,S001>S011,1695.6317146319357,2.724288467572809,,1695.6317146319357,0.0,0.0,0,0.0,2.214023733231812,0
R039557,C,2,S011>S001,1695.631714631936,2.737525461001436,,1695.631714631936,0.0,0.0,0,0.0,2.214023733231812,0
R039558,C,2,S001>S011,1695.6317146319357,2.785763014843131,9409.3,1695.6317146319357,0.0,0.0,0,0.0,2.214023733231812,0
R039559,C,2,S011>S001,1695.631714631936,2.7771294568411875,9897.5,1695.631714631936,0.0,0.0,0,0.0,2.214023733231812,0
R039560,C,2,S001>S011,1761.6317146319357,2.888836859850217,9343.3,1761.6317146319357,0.0,0.0,0,0.0,2.214023733231812,0
R039563,C,2,S011>S001,1695.631714631936,2.709643128435622,9897.5,1695.631714631936,0.0,0.0,0,0.0,2.214023733231812,0
R039566,C,2,S001>S011,1761.6317146319357,2.821476720147416,9343.3,1761.6317146319357,0.0,0.0,0,0.0,2.214023733231812,0
R039567,C,2,S011>S001,1761.631714631936,2.7996530289193333,9831.5,1761.631714631936,0.0,0.0,0,0.0,2.214023733231812,0
R039568,C,2,S001>S011,1827.631714631936,2.9343177448181264,9277.3,1827.631714631936,0.0,0.0,0,0.0,2.214023733231812,0
R039569,C,2,S011>S001,1827.631714631936,2.8698585787341138,9765.5,1827.631714631936,0.0,0.0,0,0.0,2.214023733231812,0
R039572,C,2,S001>S011,1761.6317146319357,2.8360642735682826,9343.3,1761.6317146319357,0.0,0.0,0,0.0,2.214023733231812,0
R039573,C,2,S011>S001,1761.631714631936,2.848129811422758,9867.5,1761.631714631936,0.0,0.0,0,0.0,2.214023733231812,0
R039574,C,2,S001>S011,1827.631714631936,2.9519908406713995,9277.3,1827.631714631936,0.0,0.0,0,0.0,2.214023733231812,0
R039575,C,2,S011>S001,1827.631714631936,2.9244956795272925,9801.5,1827.631714631936,0.0,0.0,0,0.0,2.214023733231812,0
R039577,C,2,S011>S001,1761.631714631936,2.767618138242669,9867.5,1761.631714631936,0.0,0.0,0,0.0,2.214023733231812,0
R039585,C,2,S011>S001,1695.631714631936,2.757357434220701,,1695.631714631936,0.0,0.0,0,0.0,2.214023733231812,0
R039587,C,2,S011>S001,1695.631714631936,2.799333054129734,9897.5,1695.631714631936,0.0,0.0,0,0.0,2.214023733231812,0
R039589,C,2,S011>S001,1761.631714631936,2.8676008329532405,9831.5,1761.631714631936,0.0,0.0,0,0.0,2.214023733231812,0
R039591,C,2,S011>S001,1695.631714631936,2.7276593295976115,9897.5,1695.631714631936,0.0,0.0,0,0.0,2.214023733231812,0
R039593,C,2,S011>S001,1761.631714631936,2.777439485989705,9831.5,1761.631714631936,0.0,0.0,0,0.0,2.214023733231812,0
R039595,C,2,S011>S001,1761.631714631936,2.823161792688945,9831.5,1761.631714631936,0.0,0.0,0,0.0,2.214023733231812,0
R039596,C,2,S001>S011,1827.631714631936,2.9559530140789287,9277.3,1827.631714631936,0.0,0.0,0,0.0,2.214023733231812,0
R039597,C,2,S011>S001,1827.631714631936,2.8974129732157983,9765.5,1827.631714631936,0.0,0.0,0,0.0,2.214023733231812,0
R039598,C,2,S001>S011,1761.6317146319357,2.782331830818089,,1761.6317146319357,0.0,0.0,0,0.0,2.214023733231812,0
R039599,C,2,S011>S001,1761.631714631936,2.825085532127673,,1761.631714631936,0.0,0.0,0,0.0,2.214023733231812,0
R039601,C,2,S011>S001,1761.631714631936,2.87482931995158,9867.5,1761.631714631936,0.0,0.0,0,0.0,2.214023733231812,0
R039602,C,2,S001>S011,1827.631714631936,2.975577938071882,9277.3,1827.631714631936,0.0,0.0,0,0.0,2.214023733231812,0
R039603,C,2,S011>S001,1827.631714631936,2.955626651536363,9801.5,1827.631714631936,0.0,0.0,0,0.0,2.214023733231812,0
R039604,C,2,S001>S011,1761.6317146319357,2.733017015264807,9343.3,1761.6317146319357,0.0,0.0,0,0.0,2.214023733231812,0
R039605,C,2,S011>S001,1761.631714631936,2.789609206563486,9867.5,1761.631714631936,0.0,0.0,0,0.0,2.214023733231812,0
R039606,C,2,S001>S011,1827.631714631936,2.816760302616581,9277.3,1827.631714631936,0.0,0.0,0,0.0,2.214023733231812,0
R039607,C,2,S011>S001,1827.631714631936,2.848914270686885,9801.5,1827.631714631936,0.0,0.0,0,0.0,2.214023733231812,0
R039615,C,2,S011>S001,1827.631714631936,2.965003280938495,9837.5,1827.631714631936,0.0,0.0,0,0.0,2.214023733231812,0
R039619,C,2,S011>S001,1827.631714631936,2.864131456596301,9837.5,1827.631714631936,0.0,0.0,0,0.0,2.214023733231812,0
R039629,C,2,S011>S001,1761.631714631936,2.903152203778986,9867.5,1761.631714631936,0.0,0.0,0,0.0,2.214023733231812,0
R039631,C,2,S011>S001,1827.631714631936,2.988677209501668,9801.5,1827.631714631936,0.0,0.0,0,0.0,2.214023733231812,0
R039633,C,2,S011>S001,1761.631714631936,2.812990856815451,9867.5,1761.631714631936,0.0,0.0,0,0.0,2.214023733231812,0
R039635,C,2,S011>S001,1827.631714631936,2.8757475140313167,9801.5,1827.631714631936,0.0,0.0,0,0.0,2.214023733231812,0
R039643,C,2,S011>S001,1827.631714631936,2.9987290888019014,9837.5,1827.631714631936,0.0,0.0,0,0.0,2.214023733231812,0
R039647,C,2,S011>S001,1827.631714631936,2.892016707952423,9837.5,1827.631714631936,0.0,0.0,0,0.0,2.214023733231812,0
R039657,C,2,S011>S001,1893.631714631936,3.112580030378392,9807.5,1893.631714631936,0.0,0.0,0,0.0,2.214023733231812,0
R039661,C,2,S011>S001,1893.631714631936,2.9858990348695054,9807.5,1893.631714631936,0.0,0.0,0,0.0,2.214023733231812,0
R039668,C,2,S001>S011,1629.6317146319357,2.724288467572809,2717.1,1629.6317146319357,0.0,0.0,0,0.0,2.214023733231812,0
R039670,C,2,S001>S011,1629.6317146319357,2.785763014843131,2717.1,1629.6317146319357,0.0,0.0,0,0.0,2.214023733231812,0
R039674,C,2,S001>S011,1629.6317146319357,2.6832314692876844,2717.1,1629.6317146319357,0.0,0.0,0,0.0,2.214023733231812,0
R039934,C,2,S001>S011,1893.631714631936,3.134055036241187,2453.1,1893.631714631936,0.0,0.0,0,0.0,2.214023733231812,0
R040154,C,2,S001>S011,1893.631714631936,3.690335184542916,2453.1,1893.631714631936,0.0,0.0,0,0.0,2.214023733231812,0
R040156,C,2,S001>S011,1893.631714631936,3.495278776250415,2453.1,1893.631714631936,0.0,0.0,0,0.0,2.214023733231812,0
R040160,C,2,S001>S011,1629.6317146319357,2.6654893582160915,2717.1,1629.6317146319357,0.0,0.0,0,0.0,2.214023733231812,0
R040161,C,2,S011>S001,1629.631714631936,2.652523139099904,2282.9,1629.631714631936,0.0,0.0,0,0.0,2.214023733231812,0
R040162,C,2,S001>S011,1629.6317146319357,2.7139161766042728,2717.1,1629.6317146319357,0.0,0.0,0,0.0,2.214023733231812,0
R040163,C,2,S011>S001,1629.631714631936,2.6801282787579224,2282.9,1629.631714631936,0.0,0.0,0,0.0,2.214023733231812,0
R040166,C,2,S001>S011,1629.6317146319357,2.6352348113557444,2717.1,1629.6317146319357,0.0,0.0,0,0.0,2.214023733231812,0
R040167,C,2,S011>S001,1629.631714631936,2.634574877223854,2282.9,1629.631714631936,0.0,0.0,0,0.0,2.214023733231812,0
R040169,C,2,S011>S001,1695.631714631936,2.6655289804949724,2216.9,1695.631714631936,0.0,0.0,0,0.0,2.214023733231812,0
R040171,C,2,S011>S001,1695.631714631936,2.696318265420103,2216.9,1695.631714631936,0.0,0.0,0,0.0,2.214023733231812,0
R040774,C,2,S001>S011,1959.631714631936,3.600473459284231,2387.1,1959.631714631936,0.0,0.0,0,0.0,2.214023733231812,0
R040777,C,2,S011>S001,1695.631714631936,2.671507683569663,2216.9,1695.631714631936,0.0,0.0,0,0.0,2.214023733231812,0
R040779,C,2,S011>S001,1695.631714631936,2.7022969684947937,2216.9,1695.631714631936,0.0,0.0,0,0.0,2.214023733231812,0
R040782,C,2,S001>S011,1695.6317146319357,2.645892608142782,2651.1,1695.6317146319357,0.0,0.0,0,0.0,2.214023733231812,0
R041147,C,2,S011>S001,2025.631714631936,3.413524963399546,1886.9,2025.631714631936,0.0,0.0,0,0.0,2.214023733231812,0
R041360,C,2,S001>S012,2279.9688081656327,4.883477733330233,,1519.5677194204434,760.4010887451893,0.3335138121284107,1,760.4010887451893,-5.443598579685016,1
R041362,C,2,S001>S012,2279.9688081656327,4.956102066913516,2009.5,1519.5677194204434,760.4010887451893,0.3335138121284107,1,760.4010887451893,-5.443598579685016,1
R041365,C,2,S012>S001,2345.9688081656327,5.14007186427259,2283.8,1561.669177503922,784.2996306617108,0.334318013066411,1,784.2996306617108,-5.443598579685016,1
R041367,C,2,S012>S001,2279.9688081656327,4.881083798466873,2349.8,1531.669177503922,748.2996306617108,0.3282060824611725,1,748.2996306617108,-5.443598579685016,1
R041370,C,2,S001>S012,2345.9688081656327,4.999075628561172,1943.5,1549.5677194204434,796.4010887451893,0.3394764184302662,1,796.4010887451893,-5.443598579685016,1
R041371,C,2,S012>S001,2345.9688081656327,5.0550682792753525,2283.8,1561.669177503922,784.2996306617108,0.334318013066411,1,784.2996306617108,-5.443598579685016,1
R041372,C,2,S001>S012,2411.9688081656327,5.136054814957991,1877.5,1579.5677194204434,832.4010887451893,0.3451127087245597,1,832.4010887451893,-5.443598579685016,1
R041373,C,2,S012>S001,2411.9688081656327,5.197466974446728,2217.8,1591.669177503922,820.2996306617108,0.3400954555816046,1,820.2996306617108,-5.443598579685016,1
R041381,C,2,S012>S001,2345.9688081656327,4.978468813899584,2319.8,1597.669177503922,748.2996306617108,0.3189725404946128,1,748.2996306617108,-5.443598579685016,1
R041388,C,2,S001>S012,2279.9688081656327,4.89359019383024,,1519.5677194204434,760.4010887451893,0.3335138121284107,1,760.4010887451893,-5.443598579685016,1
R041389,C,2,S012>S001,2279.9688081656327,4.966673082593809,,1531.669177503922,748.2996306617108,0.3282060824611725,1,748.2996306617108,-5.443598579685016,1
R041391,C,2,S012>S001,2279.9688081656327,5.049627404027735,2349.8,1531.669177503922,748.2996306617108,0.3282060824611725,1,748.2996306617108,-5.443598579685016,1
R041392,C,2,S001>S012,2345.9688081656327,5.096556787320058,1943.5,1549.5677194204434,796.4010887451893,0.3394764184302662,1,796.4010887451893,-5.443598579685016,1
R041393,C,2,S012>S001,2345.9688081656327,5.187826342715416,2283.8,1561.669177503922,784.2996306617108,0.334318013066411,1,784.2996306617108,-5.443598579685016,1
R041395,C,2,S012>S001,2279.9688081656327,4.910346391745206,2349.8,1531.669177503922,748.2996306617108,0.3282060824611725,1,748.2996306617108,-5.443598579685016,1
R041396,C,2,S001>S012,2345.9688081656327,4.928814473455333,1943.5,1549.5677194204434,796.4010887451893,0.3394764184302662,1,796.4010887451893,-5.443598579685016,1
R041397,C,2,S012>S001,2345.9688081656327,5.006036732042538,2283.8,1561.669177503922,784.2996306617108,0.334318013066411,1,784.2996306617108,-5.443598579685016,1
R041400,C,2,S001>S012,2411.9688081656327,5.153290807163639,1877.5,1579.5677194204434,832.4010887451893,0.3451127087245597,1,832.4010887451893,-5.443598579685016,1
R041401,C,2,S012>S001,2411.9688081656327,5.248649102274936,2217.8,1591.669177503922,820.2996306617108,0.3400954555816046,1,820.2996306617108,-5.443598579685016,1
R041419,C,2,S012>S001,2411.9688081656327,5.356446647352461,2289.8,1663.669177503922,748.2996306617108,0.3102443232799569,1,748.2996306617108,-5.443598579685016,1
R041423,C,2,S012>S001,2411.9688081656327,5.151446672568395,2289.8,1663.669177503922,748.2996306617108,0.3102443232799569,1,748.2996306617108,-5.443598579685016,1
R041433,C,2,S012>S001,2345.9688081656327,5.240629752613405,2319.8,1597.669177503922,748.2996306617108,0.3189725404946128,1,748.2996306617108,-5.443598579685016,1
R041437,C,2,S012>S001,2345.9688081656327,5.058840141940526,2319.8,1597.669177503922,748.2996306617108,0.3189725404946128,1,748.2996306617108,-5.443598579685016,1
R041445,C,2,S012>S001,2411.9688081656327,5.292709930179905,,1663.669177503922,748.2996306617108,0.3102443232799569,1,748.2996306617108,-5.443598579685016,1
R041459,C,2,S012>S001,2477.9688081656327,5.483049727951702,,1729.669177503922,748.2996306617108,0.3019810532706644,1,748.2996306617108,-5.443598579685016,1
R041513,C,2,S001>S012,2279.9688081656327,4.9285537671658455,2717.1,1519.5677194204434,760.4010887451893,0.3335138121284107,1,760.4010887451893,-5.443598579685016,1
R041864,C,2,S001>S012,2543.9688081656327,5.894600484135951,2453.1,1783.5677194204434,760.4010887451893,0.2989034638728484,1,760.4010887451893,-5.443598579685016,1
R041867,C,2,S001>S012,2279.9688081656327,4.869754657809128,2717.1,1519.5677194204434,760.4010887451893,0.3335138121284107,1,760.4010887451893,-5.443598579685016,1
R041869,C,2,S001>S012,2279.9688081656327,4.938916506007356,2009.5,1519.5677194204434,760.4010887451893,0.3335138121284107,1,760.4010887451893,-5.443598579685016,1
R041873,C,2,S001>S012,2279.9688081656327,4.826815919200514,2009.5,1519.5677194204434,760.4010887451893,0.3335138121284107,1,760.4010887451893,-5.443598579685016,1
R042076,C,2,S012>S001,2411.9688081656327,5.383686930771516,1500.6,1663.669177503922,748.2996306617108,0.3102443232799569,1,748.2996306617108,-5.443598579685016,1
R042104,C,2,S012>S001,2543.9688081656327,5.838676860166395,1368.6,1795.669177503922,748.2996306617108,0.294146543094325,1,748.2996306617108,-5.443598579685016,1
R042117,C,2,S012>S001,2477.9688081656327,5.669124876132656,1434.6,1729.669177503922,748.2996306617108,0.3019810532706644,1,748.2996306617108,-5.443598579685016,1
R042131,C,2,S012>S001,2543.9688081656327,5.931197991395315,1368.6,1795.669177503922,748.2996306617108,0.294146543094325,1,748.2996306617108,-5.443598579685016,1
R042143,C,2,S012>S001,2609.9688081656327,6.244458404360001,1302.6,1861.669177503922,748.2996306617108,0.2867082657541946,1,748.2996306617108,-5.443598579685016,1
R042180,C,2,S012>S001,2411.9688081656327,5.591451908521622,1500.6,1663.669177503922,748.2996306617108,0.3102443232799569,1,748.2996306617108,-5.443598579685016,1
R042263,C,2,S001>S012,2675.9688081656327,5.750963812970086,1613.5,1915.5677194204436,760.4010887451893,0.2841591749593081,1,760.4010887451893,-5.443598579685016,1
R042279,C,2,S001>S012,2741.9688081656323,5.779559329127704,2255.1,1981.5677194204436,760.4010887451889,0.277319379593488,1,760.4010887451889,-5.443598579685016,1
R042356,C,2,S001>S012,2345.9688081656327,4.837473715987551,1943.5,1585.5677194204434,760.4010887451893,0.3241309458584679,1,760.4010887451893,-5.443598579685016,1
R042504,C,2,S012>S001,2675.9688081656327,6.080717203815473,1236.6,1927.669177503922,748.2996306617108,0.2796369032323166,1,748.2996306617108,-5.443598579685016,1
R042506,C,2,S012>S001,2675.9688081656327,6.310545579488547,1236.6,1927.669177503922,748.2996306617108,0.2796369032323166,1,748.2996306617108,-5.443598579685016,1
R042587,C,2,S012>S001,2609.9688081656327,6.1953886141583965,1302.6,1861.669177503922,748.2996306617108,0.2867082657541946,1,748.2996306617108,-5.443598579685016,1
R042590,C,2,S012>S001,2609.9688081656327,5.827442121938823,1302.6,1861.669177503922,748.2996306617108,0.2867082657541946,1,748.2996306617108,-5.443598579685016,1
R042599,C,2,S012>S001,2543.9688081656327,5.985418276879528,1368.6,1795.669177503922,748.2996306617108,0.294146543094325,1,748.2996306617108,-5.443598579685016,1
R042612,C,2,S012>S001,2609.9688081656327,6.310545579488547,1302.6,1861.669177503922,748.2996306617108,0.2867082657541946,1,748.2996306617108,-5.443598579685016,1
R042646,C,2,S001>S012,2741.9688081656323,5.4631052982145984,2255.1,1981.5677194204436,760.4010887451889,0.277319379593488,1,760.4010887451889,-5.443598579685016,1
R042647,C,2,S001>S012,2741.9688081656323,5.658370116549831,1547.5,1981.5677194204436,760.4010887451889,0.277319379593488,1,760.4010887451889,-5.443598579685016,1
R042650,C,2,S001>S012,2807.9688081656323,5.7749856241484245,1481.5,2011.5677194204436,796.4010887451889,0.2836217718762537,1,796.4010887451889,-5.443598579685016,1
R042654,C,2,S012>S001,2477.9688081656327,5.889615266893823,1434.6,1729.669177503922,748.2996306617108,0.3019810532706644,1,748.2996306617108,-5.443598579685016,1
R042668,C,2,S012>S001,2543.9688081656327,6.1953886141583965,1368.6,1795.669177503922,748.2996306617108,0.294146543094325,1,748.2996306617108,-5.443598579685016,1
R042682,C,2,S012>S001,2609.9688081656327,6.119914563572204,1302.6,1861.669177503922,748.2996306617108,0.2867082657541946,1,748.2996306617108,-5.443598579685016,1
R042689,C,2,S012>S001,2543.9688081656327,6.310545579488547,1368.6,1795.669177503922,748.2996306617108,0.294146543094325,1,748.2996306617108,-5.443598579685016,1
R042701,C,2,S012>S001,2609.9688081656327,6.229714460982825,1302.6,1861.669177503922,748.2996306617108,0.2867082657541946,1,748.2996306617108,-5.443598579685016,1
R042716,C,2,S012>S001,2609.9688081656327,6.34649441758656,1302.6,1861.669177503922,748.2996306617108,0.2867082657541946,1,748.2996306617108,-5.443598579685016,1
R042726,C,2,S001>S012,2741.9688081656323,5.618387167322667,2255.1,1981.5677194204436,760.4010887451889,0.277319379593488,1,760.4010887451889,-5.443598579685016,1
R042727,C,2,S001>S012,2741.9688081656323,5.856158496003902,1547.5,1981.5677194204436,760.4010887451889,0.277319379593488,1,760.4010887451889,-5.443598579685016,1
R042728,C,2,S001>S012,2741.9688081656323,5.462486712253163,1547.5,1981.5677194204436,760.4010887451889,0.277319379593488,1,760.4010887451889,-5.443598579685016,1
R042730,C,2,S001>S012,2807.9688081656323,6.000660313843586,1481.5,2011.5677194204436,796.4010887451889,0.2836217718762537,1,796.4010887451889,-5.443598579685016,1
R042732,C,2,S001>S012,2675.9688081656327,5.718812660984439,1613.5,1915.5677194204436,760.4010887451893,0.2841591749593081,1,760.4010887451893,-5.443598579685016,1
R042737,C,2,S001>S012,2741.9688081656323,5.678829711757274,2255.1,1981.5677194204436,760.4010887451889,0.277319379593488,1,760.4010887451889,-5.443598579685016,1
R042738,C,2,S001>S012,2741.9688081656323,5.934583433363116,1547.5,1981.5677194204436,760.4010887451889,0.277319379593488,1,760.4010887451889,-5.443598579685016,1
R042741,C,2,S001>S012,2807.9688081656323,5.686859884095184,1481.5,2047.5677194204436,760.4010887451889,0.2708011166412983,1,760.4010887451889,-5.443598579685016,1
R042746,C,2,S012>S001,2543.9688081656327,6.229714460982825,1368.6,1795.669177503922,748.2996306617108,0.294146543094325,1,748.2996306617108,-5.443598579685016,1
R042773,C,2,S001>S012,2741.9688081656323,5.816175546776739,2255.1,1981.5677194204436,760.4010887451889,0.277319379593488,1,760.4010887451889,-5.443598579685016,1
R042774,C,2,S001>S012,2741.9688081656323,5.6238696927792144,1547.5,1981.5677194204436,760.4010887451889,0.277319379593488,1,760.4010887451889,-5.443598579685016,1
R042780,C,2,S001>S012,2741.9688081656323,5.894600484135951,2255.1,1981.5677194204436,760.4010887451889,0.277319379593488,1,760.4010887451889,-5.443598579685016,1
R042781,C,2,S001>S012,2741.9688081656323,5.686859884095184,1547.5,1981.5677194204436,760.4010887451889,0.277319379593488,1,760.4010887451889,-5.443598579685016,1
R042782,C,2,S001>S012,2807.9688081656323,5.912534573790344,1481.5,2047.5677194204436,760.4010887451889,0.2708011166412983,1,760.4010887451889,-5.443598579685016,1
R042783,C,2,S001>S012,2741.9688081656323,5.9807900516893735,2255.1,1981.5677194204436,760.4010887451889,0.277319379593488,1,760.4010887451889,-5.443598579685016,1
R042784,C,2,S001>S012,2741.9688081656323,5.755438349479965,1547.5,1981.5677194204436,760.4010887451889,0.277319379593488,1,760.4010887451889,-5.443598579685016,1
R042793,C,2,S001>S012,2741.9688081656323,5.830362435841861,1547.5,1981.5677194204436,760.4010887451889,0.277319379593488,1,760.4010887451889,-5.443598579685016,1
R042796,C,2,S001>S012,2741.9688081656323,5.912534573790344,1547.5,1981.5677194204436,760.4010887451889,0.277319379593488,1,760.4010887451889,-5.443598579685016,1
R042798,C,2,S001>S013,1860.9031232872755,3.495161605363746,,1469.6300111944215,391.273112092854,0.2102597965452775,1,391.273112092854,-1.7783987710747056,1
R042800,C,2,S001>S013,1860.9031232872755,3.553335375074802,2217.1,1469.6300111944215,391.273112092854,0.2102597965452775,1,391.273112092854,-1.7783987710747056,1
R042801,C,2,S013>S001,1860.9031232872755,3.566245155082441,2568.4,1467.2512008515866,393.6519224356887,0.2115381061536963,1,393.6519224356887,-1.7783987710747056,1
R042804,C,2,S001>S013,1860.9031232872755,3.457669982286629,2217.1,1469.6300111944215,391.273112092854,0.2102597965452775,1,391.273112092854,-1.7783987710747056,1
R042821,C,2,S013>S001,1992.9031232872755,3.616115159963953,2472.4,1563.2512008515866,429.6519224356887,0.2155909724939272,1,429.6519224356887,-1.7783987710747056,1
R042823,C,2,S013>S001,1992.9031232872755,3.685912525118626,2472.4,1563.2512008515866,429.6519224356887,0.2155909724939272,1,429.6519224356887,-1.7783987710747056,1
R042824,C,2,S001>S013,2058.903123287276,3.750870092520885,2019.1,1595.6300111944213,463.273112092854,0.2250096698834403,1,463.273112092854,-1.7783987710747056,1
R042825,C,2,S013>S001,2058.903123287276,3.799648434093751,2406.4,1593.2512008515866,465.6519224356887,0.2261650473832017,1,465.6519224356887,-1.7783987710747056,1
R042826,C,2,S001>S013,1860.9031232872755,3.5052740658637536,,1469.6300111944215,391.273112092854,0.2102597965452775,1,391.273112092854,-1.7783987710747056,1
R042827,C,2,S013>S001,1860.9031232872755,3.53562880321317,,1467.2512008515866,393.6519224356887,0.2115381061536963,1,393.6519224356887,-1.7783987710747056,1
R042828,C,2,S001>S013,1860.9031232872755,3.565770024554296,2217.1,1469.6300111944215,391.273112092854,0.2102597965452775,1,391.273112092854,-1.7783987710747056,1
R042829,C,2,S013>S001,1860.9031232872755,3.5919089057672084,2568.4,1467.2512008515866,393.6519224356887,0.2115381061536963,1,393.6519224356887,-1.7783987710747056,1
R042830,C,2,S001>S013,1926.9031232872755,3.668127140637841,2151.1,1499.6300111944215,427.273112092854,0.2217408373722135,1,427.273112092854,-1.7783987710747056,1
R042831,C,2,S013>S001,1926.9031232872755,3.685032727239352,2502.4,1497.2512008515866,429.6519224356887,0.2229753625095107,1,429.6519224356887,-1.7783987710747056,1
R042832,C,2,S001>S013,1860.9031232872755,3.4658299444604683,2217.1,1469.6300111944215,391.273112092854,0.2102597965452775,1,391.273112092854,-1.7783987710747056,1
R042833,C,2,S013>S001,1860.9031232872755,3.4971186799718392,2568.4,1467.2512008515866,393.6519224356887,0.2115381061536963,1,393.6519224356887,-1.7783987710747056,1
R042834,C,2,S001>S013,1926.9031232872755,3.533800274929733,2151.1,1499.6300111944215,427.273112092854,0.2217408373722135,1,427.273112092854,-1.7783987710747056,1
R042849,C,2,S013>S001,1992.9031232872755,3.64602062318366,2472.4,1563.2512008515866,429.6519224356887,0.2155909724939272,1,429.6519224356887,-1.7783987710747056,1
R042952,C,2,S001>S013,1860.9031232872755,3.540237639199358,2717.1,1469.6300111944215,391.273112092854,0.2102597965452775,1,391.273112092854,-1.7783987710747056,1
R042953,C,2,S013>S001,1860.9031232872755,3.6136331036221456,2051.6,1467.2512008515866,393.6519224356887,0.2115381061536963,1,393.6519224356887,-1.7783987710747056,1
R042954,C,2,S001>S013,1860.9031232872755,3.607996652407501,2217.1,1469.6300111944215,391.273112092854,0.2102597965452775,1,391.273112092854,-1.7783987710747056,1
R042955,C,2,S013>S001,1860.9031232872755,3.6814090255517904,2051.6,1467.2512008515866,393.6519224356887,0.2115381061536963,1,393.6519224356887,-1.7783987710747056,1
R042958,C,2,S001>S013,1860.9031232872755,3.495008843431532,2217.1,1469.6300111944215,391.273112092854,0.2102597965452775,1,391.273112092854,-1.7783987710747056,1
R042959,C,2,S013>S001,1860.9031232872755,3.565967111940016,2051.6,1467.2512008515866,393.6519224356887,0.2115381061536963,1,393.6519224356887,-1.7783987710747056,1
R043237,C,2,S013>S001,2256.903123287276,5.529337573620196,1655.6,1827.2512008515864,429.6519224356887,0.1903723372095309,1,429.6519224356887,-1.7783987710747056,1
R043266,C,2,S001>S013,2256.903123287276,4.213551963309478,1821.1,1829.6300111944213,427.2731120928538,0.189318321944857,1,427.2731120928538,-1.7783987710747056,1
R043289,C,2,S013>S001,2058.903123287276,4.493828662242091,1853.6,1629.2512008515866,429.6519224356887,0.2086800090670123,1,429.6519224356887,-1.7783987710747056,1
R043444,C,2,S001>S013,1860.9031232872755,3.481438529842641,2717.1,1469.6300111944215,391.273112092854,0.2102597965452775,1,391.273112092854,-1.7783987710747056,1
R043445,C,2,S013>S001,1860.9031232872755,3.484683584173,2051.6,1467.2512008515866,393.6519224356887,0.2115381061536963,1,393.6519224356887,-1.7783987710747056,1
R043446,C,2,S001>S013,1860.9031232872755,3.536149814168642,2217.1,1469.6300111944215,391.273112092854,0.2102597965452775,1,391.273112092854,-1.7783987710747056,1
R043447,C,2,S013>S001,1860.9031232872755,3.53180781828624,2051.6,1467.2512008515866,393.6519224356887,0.2115381061536963,1,393.6519224356887,-1.7783987710747056,1
R043450,C,2,S001>S013,1860.9031232872755,3.4470121854995925,2217.1,1469.6300111944215,391.273112092854,0.2102597965452775,1,391.273112092854,-1.7783987710747056,1
R043451,C,2,S013>S001,1860.9031232872755,3.4541154994516567,2051.6,1467.2512008515866,393.6519224356887,0.2115381061536963,1,393.6519224356887,-1.7783987710747056,1
R044060,C,2,S001>S013,1926.9031232872755,3.495161605363746,2651.1,1535.6300111944215,391.273112092854,0.2030580091776209,1,391.273112092854,-1.7783987710747056,1
R044062,C,2,S001>S013,1926.9031232872755,3.553335375074802,2151.1,1535.6300111944215,391.273112092854,0.2030580091776209,1,391.273112092854,-1.7783987710747056,1
R044066,C,2,S001>S013,1926.9031232872755,3.457669982286629,2151.1,1535.6300111944215,391.273112092854,0.2030580091776209,1,391.273112092854,-1.7783987710747056,1
R044647,C,2,S014>S001,2425.646496785836,4.598146916986276,2357.1,1758.8253288890412,666.8211678967943,0.2749045125826795,1,666.8211678967943,-2.749877307286681,1
R044667,C,2,S014>S001,2557.646496785836,4.673397458562475,2261.1,1854.8253288890407,702.8211678967943,0.2747921453492581,1,702.8211678967943,-2.749877307286681,1
R044669,C,2,S014>S001,2557.646496785836,4.754950425805693,2261.1,1854.8253288890407,702.8211678967943,0.2747921453492581,1,702.8211678967943,-2.749877307286681,1
R044670,C,2,S001>S014,2623.646496785836,4.837313517781682,1665.6,1888.169256655527,735.4772401303085,0.2803263477116004,1,735.4772401303085,-2.749877307286681,1
R044671,C,2,S014>S001,2623.646496785836,4.886757487626508,2195.1,1884.8253288890407,738.8211678967943,0.2816008821317605,1,738.8211678967943,-2.749877307286681,1
R044672,C,2,S001>S014,2425.646496785836,4.516115918833373,,1762.1692566555269,663.4772401303087,0.2735259408200931,1,663.4772401303087,-2.749877307286681,1
R044673,C,2,S014>S001,2425.646496785836,4.566917758489953,,1758.8253288890412,666.8211678967943,0.2749045125826795,1,666.8211678967943,-2.749877307286681,1
R044674,C,2,S001>S014,2425.646496785836,4.598460445888831,1863.6,1762.1692566555269,663.4772401303087,0.2735259408200931,1,663.4772401303087,-2.749877307286681,1
R044675,C,2,S014>S001,2425.646496785836,4.633386129514794,2357.1,1758.8253288890412,666.8211678967943,0.2749045125826795,1,666.8211678967943,-2.749877307286681,1
R044676,C,2,S001>S014,2491.646496785836,4.738126220673694,1797.6,1792.1692566555269,699.4772401303087,0.2807289240398337,1,699.4772401303087,-2.749877307286681,1
R044677,C,2,S014>S001,2491.646496785836,4.742191121583284,2291.1,1788.8253288890412,702.8211678967943,0.2820709794922421,1,702.8211678967943,-2.749877307286681,1
R044678,C,2,S001>S014,2425.646496785836,4.462977731228609,1863.6,1762.1692566555269,663.4772401303087,0.2735259408200931,1,663.4772401303087,-2.749877307286681,1
R044679,C,2,S014>S001,2425.646496785836,4.520890231999115,2357.1,1758.8253288890412,666.8211678967943,0.2749045125826795,1,666.8211678967943,-2.749877307286681,1
R044680,C,2,S001>S014,2491.646496785836,4.554892327739798,1797.6,1792.1692566555269,699.4772401303087,0.2807289240398337,1,699.4772401303087,-2.749877307286681,1
R044681,C,2,S014>S001,2491.646496785836,4.598606210108306,2291.1,1788.8253288890412,702.8211678967943,0.2820709794922421,1,702.8211678967943,-2.749877307286681,1
R044915,C,2,S014>S001,2755.646496785836,6.026927691934524,1156.9,2052.825328889041,702.8211678967943,0.255047651691376,1,702.8211678967943,-2.749877307286681,1
R044936,C,2,S001>S014,2755.646496785836,5.2281137765055234,1533.6,2020.169256655527,735.4772401303085,0.2668982545432309,1,735.4772401303085,-2.749877307286681,1
R044950,C,2,S001>S014,2821.646496785836,5.37762134775675,1467.6,2086.169256655527,735.4772401303085,0.2606553446606786,1,735.4772401303085,-2.749877307286681,1
R045207,C,2,S001>S014,2689.646496785836,5.517126209139085,2453.1,2026.169256655527,663.4772401303085,0.2466782311070145,1,663.4772401303085,-2.749877307286681,1
R046267,C,2,S001>S015,2420.162245677827,4.77953882873328,,1857.5474996360488,562.6147460417776,0.2324698466173301,1,562.6147460417776,-3.669029510894831,1
R046276,C,2,S015>S001,2486.162245677827,4.925188947180182,5900.4,1885.1128348005104,601.0494108773166,0.241757919026498,1,601.0494108773166,-3.669029510894831,1
R046278,C,2,S015>S001,2486.162245677827,5.014266112920628,5900.4,1885.1128348005104,601.0494108773166,0.241757919026498,1,601.0494108773166,-3.669029510894831,1
R046279,C,2,S001>S015,2552.162245677827,5.0859029926735175,5310.1,1917.5474996360488,634.6147460417776,0.2486576811942576,1,634.6147460417776,-3.669029510894831,1
R046280,C,2,S015>S001,2552.162245677827,5.158698523462315,5834.4,1915.1128348005104,637.0494108773166,0.2496116428162752,1,637.0494108773166,-3.669029510894831,1
R046281,C,2,S001>S015,2354.162245677827,4.757009904877167,,1791.5474996360492,562.6147460417776,0.2389872435830291,1,562.6147460417776,-3.669029510894831,1
R046282,C,2,S015>S001,2354.162245677827,4.812321193885542,,1789.1128348005102,565.0494108773166,0.2400214394376304,1,565.0494108773166,-3.669029510894831,1
R046283,C,2,S001>S015,2354.162245677827,4.841450098511039,9108.1,1791.5474996360492,562.6147460417776,0.2389872435830291,1,562.6147460417776,-3.669029510894831,1
R046284,C,2,S015>S001,2354.162245677827,4.884618227548085,9596.4,1789.1128348005102,565.0494108773166,0.2400214394376304,1,565.0494108773166,-3.669029510894831,1
R046285,C,2,S001>S015,2420.162245677827,4.984959475673637,9042.1,1821.5474996360488,598.6147460417776,0.2473448823982131,1,598.6147460417776,-3.669029510894831,1
R046286,C,2,S015>S001,2420.162245677827,5.003463094152805,9530.4,1819.1128348005104,601.0494108773166,0.2483508748021882,1,601.0494108773166,-3.669029510894831,1
R046287,C,2,S001>S015,2354.162245677827,4.702704488942171,5508.1,1791.5474996360492,562.6147460417776,0.2389872435830291,1,562.6147460417776,-3.669029510894831,1
R046288,C,2,S015>S001,2354.162245677827,4.762488842215344,5996.4,1789.1128348005102,565.0494108773166,0.2400214394376304,1,565.0494108773166,-3.669029510894831,1
R046289,C,2,S001>S015,2420.162245677827,4.796747642174886,5442.1,1821.5474996360488,598.6147460417776,0.2473448823982131,1,598.6147460417776,-3.669029510894831,1
R046290,C,2,S015>S001,2420.162245677827,4.8467502335412735,5930.4,1819.1128348005104,601.0494108773166,0.2483508748021882,1,601.0494108773166,-3.669029510894831,1
R046309,C,2,S001>S015,2486.162245677827,4.8342001060659765,,1923.5474996360488,562.6147460417776,0.2262984835442171,1,562.6147460417776,-3.669029510894831,1
R046371,C,2,S001>S015,2486.162245677827,4.796159244061329,5376.1,1923.5474996360488,562.6147460417776,0.2262984835442171,1,562.6147460417776,-3.669029510894831,1
R046407,C,2,S001>S015,2354.162245677827,4.791973478212773,2717.1,1791.5474996360492,562.6147460417776,0.2389872435830291,1,562.6147460417776,-3.669029510894831,1
R046409,C,2,S001>S015,2354.162245677827,4.883676726364243,2717.1,1791.5474996360492,562.6147460417776,0.2389872435830291,1,562.6147460417776,-3.669029510894831,1
R046413,C,2,S001>S015,2354.162245677827,4.731883387913234,2717.1,1791.5474996360492,562.6147460417776,0.2389872435830291,1,562.6147460417776,-3.669029510894831,1
R046421,C,2,S001>S015,2420.162245677827,4.8342001060659765,2651.1,1857.5474996360488,562.6147460417776,0.2324698466173301,1,562.6147460417776,-3.669029510894831,1
R046423,C,2,S001>S015,2420.162245677827,4.9339779850893954,2651.1,1857.5474996360488,562.6147460417776,0.2324698466173301,1,562.6147460417776,-3.669029510894831,1
R046437,C,2,S001>S015,2486.162245677827,4.99363586988191,2585.1,1923.5474996360488,562.6147460417776,0.2262984835442171,1,562.6147460417776,-3.669029510894831,1
R046451,C,2,S001>S015,2420.162245677827,4.952746245330264,2651.1,1857.5474996360488,562.6147460417776,0.2324698466173301,1,562.6147460417776,-3.669029510894831,1
R046493,C,2,S001>S015,2486.162245677827,5.039487323551929,2585.1,1923.5474996360488,562.6147460417776,0.2262984835442171,1,562.6147460417776,-3.669029510894831,1
R046569,C,2,S001>S015,2420.162245677827,5.015900226151446,2651.1,1857.5474996360488,562.6147460417776,0.2324698466173301,1,562.6147460417776,-3.669029510894831,1
R046573,C,2,S001>S015,2420.162245677827,4.827803018983342,2651.1,1857.5474996360488,562.6147460417776,0.2324698466173301,1,562.6147460417776,-3.669029510894831,1
R046650,C,2,S001>S015,2618.162245677827,5.50935541126508,2489.1,2019.547499636049,598.6147460417778,0.2286392858311193,1,598.6147460417778,-3.669029510894831,1
R046671,C,2,S001>S015,2750.162245677827,5.422860477969318,2357.1,2151.547499636049,598.6147460417778,0.2176652475622355,1,598.6147460417778,-3.669029510894831,1
R046690,C,2,S001>S015,2816.162245677827,5.6661101139372665,2291.1,2217.547499636049,598.6147460417778,0.2125640122334983,1,598.6147460417778,-3.669029510894831,1
R046760,C,2,S001>S015,2552.162245677827,5.326525009261527,2519.1,1989.547499636049,562.6147460417778,0.2204463086132494,1,562.6147460417778,-3.669029510894831,1
R046761,C,2,S001>S015,2552.162245677827,5.531283498667861,2519.1,1989.547499636049,562.6147460417778,0.2204463086132494,1,562.6147460417778,-3.669029510894831,1
R046783,C,2,S001>S015,2618.162245677827,5.75802019518288,2453.1,2055.547499636049,562.6147460417778,0.2148891830407248,1,562.6147460417778,-3.669029510894831,1
R046784,C,2,S001>S015,2618.162245677827,5.543930694875964,2453.1,2055.547499636049,562.6147460417778,0.2148891830407248,1,562.6147460417778,-3.669029510894831,1
R046792,C,2,S001>S015,2354.162245677827,4.683886729981294,2717.1,1791.5474996360492,562.6147460417776,0.2389872435830291,1,562.6147460417776,-3.669029510894831,1
R046870,C,2,S001>S015,2486.162245677827,4.826629123975214,2585.1,1923.5474996360488,562.6147460417776,0.2262984835442171,1,562.6147460417776,-3.669029510894831,1
R046876,C,2,S001>S015,2486.162245677827,4.761503598298889,2585.1,1923.5474996360488,562.6147460417776,0.2262984835442171,1,562.6147460417776,-3.669029510894831,1
R046960,C,2,S001>S015,2420.162245677827,4.749068948819394,2651.1,1857.5474996360488,562.6147460417776,0.2324698466173301,1,562.6147460417776,-3.669029510894831,1
R046974,C,2,S001>S015,2486.162245677827,4.788806905515774,2585.1,1923.5474996360488,562.6147460417776,0.2262984835442171,1,562.6147460417776,-3.669029510894831,1
R046996,C,2,S001>S015,2486.162245677827,4.875508891102875,2585.1,1923.5474996360488,562.6147460417776,0.2262984835442171,1,562.6147460417776,-3.669029510894831,1
R047002,C,2,S001>S015,2486.162245677827,4.803730226152092,2585.1,1923.5474996360488,562.6147460417776,0.2262984835442171,1,562.6147460417776,-3.669029510894831,1
R047103,C,2,S001>S015,2750.162245677827,5.449206024504949,2321.1,2187.547499636049,562.6147460417778,0.2045751107688235,1,562.6147460417778,-3.669029510894831,1
R047109,C,2,S001>S015,2486.162245677827,4.933496321200639,2585.1,1923.5474996360488,562.6147460417776,0.2262984835442171,1,562.6147460417776,-3.669029510894831,1
R047115,C,2,S001>S015,2486.162245677827,4.854031484877243,2585.1,1923.5474996360488,562.6147460417776,0.2262984835442171,1,562.6147460417776,-3.669029510894831,1
R047204,C,2,S001>S015,2750.162245677827,5.623877195088116,2321.1,2187.547499636049,562.6147460417778,0.2045751107688235,1,562.6147460417778,-3.669029510894831,1
R047216,C,2,S001>S015,2750.162245677827,5.692455660472897,2321.1,2187.547499636049,562.6147460417778,0.2045751107688235,1,562.6147460417778,-3.669029510894831,1
R047220,C,2,S001>S015,2816.162245677827,5.64297904017463,2255.1,2253.547499636049,562.6147460417778,0.1997806578457134,1,562.6147460417778,-3.669029510894831,1
R047263,C,2,S001>S015,2750.162245677827,5.849551884783276,2321.1,2187.547499636049,562.6147460417778,0.2045751107688235,1,562.6147460417778,-3.669029510894831,1
R047275,C,2,S001>S015,2750.162245677827,5.717903126536527,2321.1,2187.547499636049,562.6147460417778,0.2045751107688235,1,562.6147460417778,-3.669029510894831,1
R047298,C,2,S001>S015,2420.162245677827,4.829015449031546,2651.1,1857.5474996360488,562.6147460417776,0.2324698466173301,1,562.6147460417776,-3.669029510894831,1
R047312,C,2,S001>S015,2486.162245677827,4.868753405727926,2585.1,1923.5474996360488,562.6147460417776,0.2262984835442171,1,562.6147460417776,-3.669029510894831,1
R047340,C,2,S001>S015,2486.162245677827,4.883676726364243,2585.1,1923.5474996360488,562.6147460417776,0.2262984835442171,1,562.6147460417776,-3.669029510894831,1
R047605,C,2,S001>S015,2816.162245677827,5.326525009261527,2255.1,2253.547499636049,562.6147460417778,0.1997806578457134,1,562.6147460417778,-3.669029510894831,1
R047606,C,2,S001>S015,2816.162245677827,5.531283498667861,2255.1,2253.547499636049,562.6147460417778,0.1997806578457134,1,562.6147460417778,-3.669029510894831,1
R047607,C,2,S001>S015,2816.162245677827,5.190318522134785,2255.1,2253.547499636049,562.6147460417778,0.1997806578457134,1,562.6147460417778,-3.669029510894831,1
R047695,C,2,S001>S015,2816.162245677827,5.481806878369595,2255.1,2253.547499636049,562.6147460417778,0.1997806578457134,1,562.6147460417778,-3.669029510894831,1
R047696,C,2,S001>S015,2816.162245677827,5.729071878121932,2255.1,2253.547499636049,562.6147460417778,0.1997806578457134,1,562.6147460417778,-3.669029510894831,1
R047706,C,2,S001>S015,2816.162245677827,5.542249422804201,2255.1,2253.547499636049,562.6147460417778,0.1997806578457134,1,562.6147460417778,-3.669029510894831,1
R047707,C,2,S001>S015,2816.162245677827,5.807496815481146,2255.1,2253.547499636049,562.6147460417778,0.1997806578457134,1,562.6147460417778,-3.669029510894831,1
R047710,C,2,S001>S015,2882.162245677827,5.543930694875964,2189.1,2319.547499636049,562.6147460417778,0.1952057858246846,1,562.6147460417778,-3.669029510894831,1
R047730,C,2,S001>S015,2750.162245677827,5.657423597295487,2321.1,2187.547499636049,562.6147460417778,0.2045751107688235,1,562.6147460417778,-3.669029510894831,1
R047745,C,2,S001>S015,2816.162245677827,5.6795952578236655,2255.1,2253.547499636049,562.6147460417778,0.1997806578457134,1,562.6147460417778,-3.669029510894831,1
R047746,C,2,S001>S015,2816.162245677827,5.480940503559994,2255.1,2253.547499636049,562.6147460417778,0.1997806578457134,1,562.6147460417778,-3.669029510894831,1
R047752,C,2,S001>S015,2816.162245677827,5.75802019518288,2255.1,2253.547499636049,562.6147460417778,0.1997806578457134,1,562.6147460417778,-3.669029510894831,1
R047753,C,2,S001>S015,2816.162245677827,5.543930694875964,2255.1,2253.547499636049,562.6147460417778,0.1997806578457134,1,562.6147460417778,-3.669029510894831,1
R047754,C,2,S001>S015,2882.162245677827,5.7696053845711255,2189.1,2319.547499636049,562.6147460417778,0.1952057858246846,1,562.6147460417778,-3.669029510894831,1
R047755,C,2,S001>S015,2816.162245677827,5.8442097627363,2255.1,2253.547499636049,562.6147460417778,0.1997806578457134,1,562.6147460417778,-3.669029510894831,1
R047756,C,2,S001>S015,2816.162245677827,5.612509160260746,2255.1,2253.547499636049,562.6147460417778,0.1997806578457134,1,562.6147460417778,-3.669029510894831,1
R047765,C,2,S001>S015,2816.162245677827,5.687433246622643,2255.1,2253.547499636049,562.6147460417778,0.1997806578457134,1,562.6147460417778,-3.669029510894831,1
R047768,C,2,S001>S015,2816.162245677827,5.7696053845711255,2255.1,2253.547499636049,562.6147460417778,0.1997806578457134,1,562.6147460417778,-3.669029510894831,1
R047821,C,2,S004>S002,2372.618200463893,5.723607029697812,5914.4,1164.5273434663748,1208.0908569975184,0.5091804727626691,1,1208.0908569975184,-5.839925593266557,1
R047950,C,2,S002>S004,2372.618200463893,5.674410054046255,2411.1,1174.1480676401704,1198.470132823723,0.505125575024839,1,1198.470132823723,-5.839925593266557,1
R047952,C,2,S002>S004,2372.618200463893,5.708398927871793,2411.1,1174.1480676401704,1198.470132823723,0.505125575024839,1,1198.470132823723,-5.839925593266557,1
R047967,C,2,S002>S004,2372.618200463893,5.628334139645451,2411.1,1174.1480676401704,1198.470132823723,0.505125575024839,1,1198.470132823723,-5.839925593266557,1
R048089,C,2,S002>S004,2438.618200463893,5.969438992129905,2345.1,1204.1480676401704,1234.470132823723,0.5062170587379738,1,1234.470132823723,-5.839925593266557,1
R048138,C,2,S002>S004,2372.618200463893,5.549214251943718,2411.1,1174.1480676401704,1198.470132823723,0.505125575024839,1,1198.470132823723,-5.839925593266557,1
R048162,C,2,S002>S004,2372.618200463893,5.51898202915272,2411.1,1174.1480676401704,1198.470132823723,0.505125575024839,1,1198.470132823723,-5.839925593266557,1
R048521,C,2,S005>S002,2388.728267470827,5.448791659120332,9659.3,1170.515490439031,1218.212777031796,0.5099838242889105,2,797.0398121826397,-5.485428237127181,1
R048534,C,2,S005>S002,2322.728267470827,5.177760597980935,9725.3,1140.515490439031,1182.212777031796,0.5089759286905671,2,797.0398121826397,-5.485428237127181,1
R048585,C,2,S005>S002,2454.728267470827,5.774311125469056,9593.3,1200.515490439031,1254.212777031796,0.5109375215384004,2,797.0398121826397,-5.485428237127181,1
R048754,C,2,S002>S005,2322.728267470827,5.315418556291615,2411.1,1146.9334545220306,1175.7948129487966,0.5062128142217411,2,781.331134970281,-5.485428237127181,1
R048760,C,2,S002>S005,2322.728267470827,5.480477834719455,2411.1,1146.9334545220306,1175.7948129487966,0.5062128142217411,2,781.331134970281,-5.485428237127181,1
R048778,C,2,S002>S005,2322.728267470827,5.265769767703548,2411.1,1146.9334545220306,1175.7948129487966,0.5062128142217411,2,781.331134970281,-5.485428237127181,1
R048994,C,2,S002>S005,2388.728267470827,5.489489124730743,2345.1,1176.9334545220306,1211.7948129487966,0.507297054022741,2,817.331134970281,-5.485428237127181,1
R049099,C,2,S002>S005,2454.728267470827,6.008208323233089,2279.1,1206.9334545220306,1247.7948129487966,0.5083229901590832,2,853.331134970281,-5.485428237127181,1
R049103,C,2,S002>S005,2454.728267470827,6.266382245537902,2279.1,1206.9334545220306,1247.7948129487966,0.5083229901590832,2,853.331134970281,-5.485428237127181,1
R049129,C,2,S002>S005,2520.728267470827,6.351180204274344,2213.1,1236.9334545220306,1283.7948129487966,0.5092952023094865,2,889.331134970281,-5.485428237127181,1
R049130,C,2,S002>S005,2322.728267470827,5.190222754189079,2411.1,1146.9334545220306,1175.7948129487966,0.5062128142217411,2,781.331134970281,-5.485428237127181,1
R049749,C,2,S002>S006,2479.6856303155632,6.322746244790958,,1753.3544709312196,726.3311593843437,0.2929125976714682,1,726.3311593843437,-5.484932230656369,1
R049751,C,2,S002>S006,2479.6856303155632,6.362826651049087,,1753.3544709312196,726.3311593843437,0.2929125976714682,1,726.3311593843437,-5.484932230656369,1
R049753,C,2,S006>S002,2545.685630315564,6.327152357898731,,1803.1878090997072,742.4978212158564,0.2916690939265019,1,742.4978212158564,-5.484932230656369,1
R049754,C,2,S006>S002,2479.685630315564,6.327152357898731,2690.9,1737.1878090997072,742.4978212158564,0.2994322393687326,1,742.4978212158564,-5.484932230656369,1
R049755,C,2,S006>S002,2545.685630315564,6.370402157635594,2624.9,1803.1878090997072,742.4978212158564,0.2916690939265019,1,742.4978212158564,-5.484932230656369,1
R049756,C,2,S006>S002,2545.685630315564,6.386560495160365,2624.9,1803.1878090997072,742.4978212158564,0.2916690939265019,1,742.4978212158564,-5.484932230656369,1
R049757,C,2,S002>S006,2479.6856303155632,6.271729322184051,1472.1,1753.3544709312196,726.3311593843437,0.2929125976714682,1,726.3311593843437,-5.484932230656369,1
R049759,C,2,S002>S006,2545.6856303155632,6.384550898255764,1406.1,1819.35447093122,726.3311593843437,0.2853184818795978,1,726.3311593843437,-5.484932230656369,1
R049760,C,2,S006>S002,2545.685630315564,6.296753586579824,2624.9,1803.1878090997072,742.4978212158564,0.2916690939265019,1,742.4978212158564,-5.484932230656369,1
R049761,C,2,S006>S002,2545.685630315564,6.3083139073033045,2624.9,1803.1878090997072,742.4978212158564,0.2916690939265019,1,742.4978212158564,-5.484932230656369,1
R049762,C,2,S006>S002,2611.685630315564,6.347824812234004,2558.9,1869.187809099707,742.4978212158567,0.28429831393074,1,742.4978212158567,-5.484932230656369,1
R049763,C,2,S006>S002,2545.685630315564,6.347824812234004,2624.9,1803.1878090997072,742.4978212158564,0.2916690939265019,1,742.4978212158564,-5.484932230656369,1
R049764,C,2,S006>S002,2611.685630315564,6.394985021649342,2558.9,1869.187809099707,742.4978212158567,0.28429831393074,1,742.4978212158567,-5.484932230656369,1
R049765,C,2,S002>S006,2479.6856303155632,6.344125493823812,,1753.3544709312196,726.3311593843437,0.2929125976714682,1,726.3311593843437,-5.484932230656369,1
R049766,C,2,S006>S002,2479.685630315564,6.309251397904424,,1737.1878090997072,742.4978212158564,0.2994322393687326,1,742.4978212158564,-5.484932230656369,1
R049767,C,2,S002>S006,2479.6856303155632,6.386072349996795,,1753.3544709312196,726.3311593843437,0.2929125976714682,1,726.3311593843437,-5.484932230656369,1
R049768,C,2,S006>S002,2479.685630315564,6.32041415869954,,1737.1878090997072,742.4978212158564,0.2994322393687326,1,742.4978212158564,-5.484932230656369,1
R049769,C,2,S006>S002,2545.685630315564,6.35870625903552,,1803.1878090997072,742.4978212158564,0.2916690939265019,1,742.4978212158564,-5.484932230656369,1
R049770,C,2,S006>S002,2479.685630315564,6.35870625903552,2690.9,1737.1878090997072,742.4978212158564,0.2994322393687326,1,742.4978212158564,-5.484932230656369,1
R049771,C,2,S002>S006,2479.6856303155632,6.290236065988168,1472.1,1753.3544709312196,726.3311593843437,0.2929125976714682,1,726.3311593843437,-5.484932230656369,1
R049772,C,2,S006>S002,2479.685630315564,6.294008377424662,2690.9,1737.1878090997072,742.4978212158564,0.2994322393687326,1,742.4978212158564,-5.484932230656369,1
R049773,C,2,S006>S002,2545.685630315564,6.326293696473025,2624.9,1803.1878090997072,742.4978212158564,0.2916690939265019,1,742.4978212158564,-5.484932230656369,1
R049774,C,2,S006>S002,2545.685630315564,6.33865148472392,2624.9,1803.1878090997072,742.4978212158564,0.2916690939265019,1,742.4978212158564,-5.484932230656369,1
R049775,C,2,S006>S002,2611.685630315564,6.380638895006484,2558.9,1869.187809099707,742.4978212158567,0.28429831393074,1,742.4978212158567,-5.484932230656369,1
R049776,C,2,S006>S002,2545.685630315564,6.380638895006484,2624.9,1803.1878090997072,742.4978212158564,0.2916690939265019,1,742.4978212158564,-5.484932230656369,1
R049779,C,2,S002>S006,2545.6856303155632,6.383200312621732,1406.1,1783.3544709312196,762.3311593843437,0.2994600552032204,1,762.3311593843437,-5.484932230656369,1
R049780,C,2,S002>S006,2479.6856303155632,6.357161382321273,1472.1,1753.3544709312196,726.3311593843437,0.2929125976714682,1,726.3311593843437,-5.484932230656369,1
R049781,C,2,S006>S002,2479.685630315564,6.395227771852355,1742.4,1737.1878090997072,742.4978212158564,0.2994322393687326,1,742.4978212158564,-5.484932230656369,1
R049782,C,2,S002>S006,2479.6856303155632,6.294258888715994,2411.1,1753.3544709312196,726.3311593843437,0.2929125976714682,1,726.3311593843437,-5.484932230656369,1
R049784,C,2,S002>S006,2479.6856303155632,6.331466789745388,2411.1,1753.3544709312196,726.3311593843437,0.2929125976714682,1,726.3311593843437,-5.484932230656369,1
R049788,C,2,S006>S002,2545.685630315564,6.326377297785392,1676.4,1803.1878090997072,742.4978212158564,0.2916690939265019,1,742.4978212158564,-5.484932230656369,1
R049789,C,2,S006>S002,2545.685630315564,6.341211591388154,1676.4,1803.1878090997072,742.4978212158564,0.2916690939265019,1,742.4978212158564,-5.484932230656369,1
R049790,C,2,S006>S002,2611.685630315564,6.391103103682154,1610.4,1869.187809099707,742.4978212158567,0.28429831393074,1,742.4978212158567,-5.484932230656369,1
R049792,C,2,S002>S006,2479.6856303155632,6.247809271828542,1472.1,1753.3544709312196,726.3311593843437,0.2929125976714682,1,726.3311593843437,-5.484932230656369,1
R049793,C,2,S006>S002,2479.685630315564,6.233385730915954,1742.4,1737.1878090997072,742.4978212158564,0.2994322393687326,1,742.4978212158564,-5.484932230656369,1
R049794,C,2,S002>S006,2545.6856303155632,6.351781141127216,1406.1,1819.35447093122,726.3311593843437,0.2853184818795978,1,726.3311593843437,-5.484932230656369,1
R049796,C,2,S002>S006,2545.6856303155632,6.395684562020847,1406.1,1819.35447093122,726.3311593843437,0.2853184818795978,1,726.3311593843437,-5.484932230656369,1
R049798,C,2,S006>S002,2611.685630315564,6.305704843450121,1610.4,1869.187809099707,742.4978212158567,0.28429831393074,1,742.4978212158567,-5.484932230656369,1
R049800,C,2,S006>S002,2611.685630315564,6.348954643186984,1610.4,1869.187809099707,742.4978212158567,0.28429831393074,1,742.4978212158567,-5.484932230656369,1
R049801,C,2,S006>S002,2611.685630315564,6.365112980711755,1610.4,1869.187809099707,742.4978212158567,0.28429831393074,1,742.4978212158567,-5.484932230656369,1
R049812,C,2,S006>S002,2677.685630315564,6.398355001888518,1544.4,1899.187809099707,778.4978212158567,0.290735332184649,1,778.4978212158567,-5.484932230656369,1
R049822,C,2,S002>S006,2545.6856303155632,6.396925124286586,1406.1,1783.3544709312196,762.3311593843437,0.2994600552032204,1,762.3311593843437,-5.484932230656369,1
R049832,C,2,S002>S009,2102.531066393658,4.731581865622969,9187.0,1046.777657085098,1055.75340930856,0.50213451120103,1,1055.75340930856,-5.482718810576927,1
R049833,C,2,S009>S002,2102.531066393658,4.724979635358681,9744.7,1042.5232419038753,1060.0078244897827,0.5041579843611771,1,1060.0078244897827,-5.482718810576927,1
R049846,C,2,S002>S009,2102.531066393658,4.750088609427086,9187.0,1046.777657085098,1055.75340930856,0.50213451120103,1,1055.75340930856,-5.482718810576927,1
R049847,C,2,S009>S002,2102.531066393658,4.743434185920515,9744.7,1042.5232419038753,1060.0078244897827,0.5041579843611771,1,1060.0078244897827,-5.482718810576927,1
R049874,C,2,S002>S009,2168.531066393658,4.843052856060651,9121.0,1076.777657085098,1091.75340930856,0.503452971565763,1,1091.75340930856,-5.482718810576927,1
R049875,C,2,S009>S002,2168.531066393658,4.8364714098371016,9714.7,1072.5232419038753,1096.0078244897827,0.5054148596139236,1,1096.0078244897827,-5.482718810576927,1
R049902,C,2,S002>S009,2102.531066393658,4.817013925760192,2411.1,1046.777657085098,1055.75340930856,0.50213451120103,1,1055.75340930856,-5.482718810576927,1
R049903,C,2,S009>S002,2102.531066393658,4.810397114575876,2119.6,1042.5232419038753,1060.0078244897827,0.5041579843611771,1,1060.0078244897827,-5.482718810576927,1
R049982,C,2,S002>S009,2168.531066393658,5.320380615849272,2345.1,1076.777657085098,1091.75340930856,0.503452971565763,1,1091.75340930856,-5.482718810576927,1
R049986,C,2,S002>S009,2168.531066393658,5.040733282787388,2345.1,1076.777657085098,1091.75340930856,0.503452971565763,1,1091.75340930856,-5.482718810576927,1
R049987,C,2,S009>S002,2168.531066393658,5.034148938622586,2053.6,1072.5232419038753,1096.0078244897827,0.5054148596139236,1,1096.0078244897827,-5.482718810576927,1
R050065,C,2,S002>S009,2234.531066393658,5.381286808873189,2279.1,1106.777657085098,1127.75340930856,0.5046935467890619,1,1127.75340930856,-5.482718810576927,1
R050066,C,2,S009>S002,2234.531066393658,5.373205159205062,1987.6,1102.5232419038753,1132.0078244897827,0.5065974877300526,1,1132.0078244897827,-5.482718810576927,1
R050108,C,2,S002>S009,2300.531066393658,6.165007582982158,2213.1,1136.777657085098,1163.75340930856,0.5058629402179188,1,1163.75340930856,-5.482718810576927,1
R050110,C,2,S009>S002,2300.531066393658,6.372207273238484,1921.6,1132.5232419038753,1168.0078244897827,0.507712258944091,1,1168.0078244897827,-5.482718810576927,1
R050111,C,2,S002>S009,2300.531066393658,5.902424362330987,2213.1,1136.777657085098,1163.75340930856,0.5058629402179188,1,1163.75340930856,-5.482718810576927,1
R050112,C,2,S009>S002,2300.531066393658,5.8890186511256,1921.6,1132.5232419038753,1168.0078244897827,0.507712258944091,1,1168.0078244897827,-5.482718810576927,1
R050113,C,2,S002>S009,2366.531066393658,6.347779777951563,2183.1,1166.777657085098,1199.75340930856,0.5069671074028437,1,1199.75340930856,-5.482718810576927,1
R050125,C,2,S002>S009,2102.531066393658,4.7076618152674605,2411.1,1046.777657085098,1055.75340930856,0.50213451120103,1,1055.75340930856,-5.482718810576927,1
R050126,C,2,S009>S002,2102.531066393658,4.701292342725602,2119.6,1042.5232419038753,1060.0078244897827,0.5041579843611771,1,1060.0078244897827,-5.482718810576927,1
R050413,C,2,S010>S002,2485.9948878801006,5.791979643390199,2540.2,1229.486291220281,1256.5085966598197,0.5054349076845008,4,713.826531597932,-5.489452286646269,1
R050423,C,2,S010>S002,2485.9948878801006,5.912698934126439,2540.2,1229.486291220281,1256.5085966598197,0.5054349076845008,4,713.826531597932,-5.489452286646269,1
R050519,C,2,S002>S010,2551.9948878801006,6.2360146830998975,2345.1,1255.0321895736065,1296.9626983064943,0.5082152415218432,3,761.3532541109062,-5.489452286646269,1
R050529,C,2,S002>S010,2485.9948878801006,5.839403621471282,2411.1,1225.0321895736065,1260.9626983064943,0.5072265854020978,3,725.3532541109062,-5.489452286646269,1
R050651,C,2,S011>S002,2227.62138297822,5.142342655819934,9927.5,1438.6912481347244,788.9301348434956,0.3541580902714872,2,768.9301348434956,-5.483756690521034,1
R050653,C,2,S011>S002,2293.62138297822,5.193638997563319,9861.5,1504.6912481347244,788.9301348434956,0.343967029911051,2,768.9301348434956,-5.483756690521034,1
R050655,C,2,S011>S002,2227.62138297822,5.090786240001835,9927.5,1438.6912481347244,788.9301348434956,0.3541580902714872,2,768.9301348434956,-5.483756690521034,1
R050659,C,2,S011>S002,2293.62138297822,5.160156852699036,9861.5,1504.6912481347244,788.9301348434956,0.343967029911051,2,768.9301348434956,-5.483756690521034,1
R050665,C,2,S011>S002,2227.62138297822,5.166105319539453,9927.5,1438.6912481347244,788.9301348434956,0.3541580902714872,2,768.9301348434956,-5.483756690521034,1
R050669,C,2,S011>S002,2227.62138297822,5.11061784731562,9927.5,1438.6912481347244,788.9301348434956,0.3541580902714872,2,768.9301348434956,-5.483756690521034,1
R050679,C,2,S011>S002,2293.62138297822,5.251357551444666,9897.5,1468.6912481347244,824.9301348434956,0.3596627329016007,2,804.9301348434956,-5.483756690521034,1
R050683,C,2,S011>S002,2293.62138297822,5.183871223039102,9897.5,1468.6912481347244,824.9301348434956,0.3596627329016007,2,804.9301348434956,-5.483756690521034,1
R050693,C,2,S011>S002,2293.62138297822,5.284326910220313,9897.5,1468.6912481347244,824.9301348434956,0.3596627329016007,2,804.9301348434956,-5.483756690521034,1
R050695,C,2,S011>S002,2359.62138297822,5.35259468904382,9831.5,1534.6912481347244,824.9301348434956,0.3496027544055824,2,804.9301348434956,-5.483756690521034,1
R050697,C,2,S011>S002,2293.62138297822,5.212653185688192,9897.5,1468.6912481347244,824.9301348434956,0.3596627329016007,2,804.9301348434956,-5.483756690521034,1
R050699,C,2,S011>S002,2359.62138297822,5.262433342080286,9831.5,1534.6912481347244,824.9301348434956,0.3496027544055824,2,804.9301348434956,-5.483756690521034,1
R050701,C,2,S011>S002,2359.62138297822,5.308155648779525,9831.5,1534.6912481347244,824.9301348434956,0.3496027544055824,2,804.9301348434956,-5.483756690521034,1
R050707,C,2,S011>S002,2359.62138297822,5.397314985608724,9867.5,1498.6912481347244,860.9301348434956,0.3648594393380449,2,840.9301348434956,-5.483756690521034,1
R050709,C,2,S011>S002,2425.62138297822,5.478112317193507,9801.5,1564.6912481347244,860.9301348434956,0.354931788153364,2,840.9301348434956,-5.483756690521034,1
R050711,C,2,S011>S002,2359.62138297822,5.31209487222063,9867.5,1498.6912481347244,860.9301348434956,0.3648594393380449,2,840.9301348434956,-5.483756690521034,1
R050871,C,2,S002>S011,2359.62138297822,5.942570808539319,2279.1,1514.295570273564,845.3258127046561,0.3582463774920193,2,825.3258127046561,-5.483756690521034,1
R050873,C,2,S002>S011,2359.62138297822,6.216621622918749,2279.1,1514.295570273564,845.3258127046561,0.3582463774920193,2,825.3258127046561,-5.483756690521034,1
R050876,C,2,S002>S011,2359.62138297822,5.755710201426968,2279.1,1514.295570273564,845.3258127046561,0.3582463774920193,2,825.3258127046561,-5.483756690521034,1
R050902,C,2,S002>S011,2425.62138297822,6.276847754884766,2213.1,1544.295570273564,881.3258127046561,0.3633402223815115,2,861.3258127046561,-5.483756690521034,1
R050910,C,2,S002>S011,2227.62138297822,5.08208520782124,2411.1,1454.295570273564,773.3258127046561,0.3471531646328325,2,753.3258127046561,-5.483756690521034,1
R051161,C,2,S012>S002,2438.803809115616,5.713058819216476,2349.8,1090.5520749116872,1348.251734203929,0.5528332082984755,1,1348.251734203929,-5.485484479902681,1
R051175,C,2,S012>S002,2438.803809115616,5.739045190698427,2349.8,1090.5520749116872,1348.251734203929,0.5528332082984755,1,1348.251734203929,-5.485484479902681,1
R051220,C,2,S002>S012,2438.803809115616,5.872417672909359,2411.1,1098.5314885718667,1340.2723205437492,0.5495613527968748,1,1340.2723205437492,-5.485484479902681,1
R051438,C,2,S013>S002,2262.4946897191458,5.457161071686398,2568.4,1084.904406454656,1177.5902832644897,0.5204831147739266,1,1177.5902832644897,-5.484293742593266,1
R051630,C,2,S002>S013,2262.4946897191458,5.385083914538339,2411.1,1091.489300365376,1171.0053893537695,0.5175726575955554,1,1171.0053893537695,-5.484293742593266,1
R051710,C,2,S002>S013,2526.4946897191458,5.99023516973952,1551.5,1211.4893003653758,1315.00538935377,0.5204861085617206,1,1315.00538935377,-5.484293742593266,1
R051711,C,2,S013>S002,2526.4946897191458,5.859338183397311,1695.6,1204.904406454656,1321.5902832644897,0.5230924445012004,1,1321.5902832644897,-5.484293742593266,1
R051712,C,2,S002>S013,2592.4946897191458,6.308014320353548,1485.5,1241.4893003653758,1351.00538935377,0.5211217576303422,1,1351.00538935377,-5.484293742593266,1
R051713,C,2,S013>S002,2592.4946897191458,6.024075409636911,1629.6,1234.904406454656,1357.5902832644897,0.523661741197843,1,1357.5902832644897,-5.484293742593266,1
R051769,C,2,S002>S013,2460.4946897191458,5.904324150073261,2213.1,1181.4893003653758,1279.00538935377,0.5198163583518087,1,1279.00538935377,-5.484293742593266,1
R051770,C,2,S013>S002,2460.4946897191458,5.929789889761549,1761.6,1174.904406454656,1285.5902832644897,0.5224926063186237,1,1285.5902832644897,-5.484293742593266,1
R051771,C,2,S002>S013,2460.4946897191458,6.114315663847416,1617.5,1181.4893003653758,1279.00538935377,0.5198163583518087,1,1279.00538935377,-5.484293742593266,1
R051806,C,2,S013>S002,2460.4946897191458,6.189012212365955,1761.6,1174.904406454656,1285.5902832644897,0.5224926063186237,1,1285.5902832644897,-5.484293742593266,1
R051807,C,2,S002>S013,2460.4946897191458,5.856575378165479,1617.5,1181.4893003653758,1279.00538935377,0.5198163583518087,1,1279.00538935377,-5.484293742593266,1
R051808,C,2,S013>S002,2460.4946897191458,5.965232619470445,1761.6,1174.904406454656,1285.5902832644897,0.5224926063186237,1,1285.5902832644897,-5.484293742593266,1
R051809,C,2,S002>S013,2526.4946897191458,6.12659147724121,1551.5,1211.4893003653758,1315.00538935377,0.5204861085617206,1,1315.00538935377,-5.484293742593266,1
R051810,C,2,S013>S002,2526.4946897191458,6.120623242227895,1695.6,1204.904406454656,1321.5902832644897,0.5230924445012004,1,1321.5902832644897,-5.484293742593266,1
R051811,C,2,S002>S013,2526.4946897191458,6.383170033444789,1551.5,1211.4893003653758,1315.00538935377,0.5204861085617206,1,1315.00538935377,-5.484293742593266,1
R051812,C,2,S013>S002,2526.4946897191458,6.263988622085062,1695.6,1204.904406454656,1321.5902832644897,0.5230924445012004,1,1321.5902832644897,-5.484293742593266,1
R051820,C,2,S013>S002,2526.4946897191458,6.194475275620958,1695.6,1204.904406454656,1321.5902832644897,0.5230924445012004,1,1321.5902832644897,-5.484293742593266,1
R051824,C,2,S002>S013,2526.4946897191458,6.087743223861423,1551.5,1211.4893003653758,1315.00538935377,0.5204861085617206,1,1315.00538935377,-5.484293742593266,1
R051825,C,2,S013>S002,2526.4946897191458,6.247625772799967,1695.6,1204.904406454656,1321.5902832644897,0.5230924445012004,1,1321.5902832644897,-5.484293742593266,1
R051830,C,2,S002>S013,2460.4946897191458,6.285381645996975,2213.1,1181.4893003653758,1279.00538935377,0.5198163583518087,1,1279.00538935377,-5.484293742593266,1
R051871,C,2,S005>S003,2781.530206134601,6.128460142740601,9725.3,1446.162685233512,1335.3675209010892,0.4800837747352039,2,950.1945560519328,-5.289876004192095,1
R052096,C,2,S006>S003,2669.049014760077,5.342681564736566,2558.9,1771.2248232301245,897.8241915299527,0.3363835533049057,1,897.8241915299527,-5.295996049876194,1
R052302,C,2,S006>S003,2669.049014760077,5.487103304587459,2558.9,1771.2248232301245,897.8241915299527,0.3363835533049057,1,897.8241915299527,-5.295996049876194,1
R052307,C,2,S006>S003,2537.0490147600776,5.0555776025310895,2690.9,1639.2248232301251,897.8241915299525,0.3538852368663667,1,897.8241915299525,-5.295996049876194,1
R052551,C,2,S003>S006,2603.049014760077,5.378127835768696,5788.6,1685.7808412453153,917.268173514762,0.3523822134403053,1,917.268173514762,-5.295996049876194,1
R052591,C,2,S006>S003,2867.0490147600776,6.060704495339335,2396.9,1933.224823230125,933.8241915299528,0.3257091827598551,1,933.8241915299528,-5.295996049876194,1
R052593,C,2,S006>S003,2867.0490147600776,6.297030208787705,2396.9,1933.224823230125,933.8241915299528,0.3257091827598551,1,933.8241915299528,-5.295996049876194,1
R052735,C,2,S003>S006,2669.049014760077,5.7551025097797694,5722.6,1715.7808412453153,953.268173514762,0.357156488413328,1,953.268173514762,-5.295996049876194,1
R052737,C,2,S003>S006,2669.049014760077,5.834084277019892,5722.6,1715.7808412453153,953.268173514762,0.357156488413328,1,953.268173514762,-5.295996049876194,1
R052745,C,2,S006>S003,2801.049014760077,6.177437611242036,2498.9,1831.2248232301245,969.8241915299528,0.3462360659950902,1,969.8241915299528,-5.295996049876194,1
R052747,C,2,S006>S003,2801.049014760077,6.384806298593382,2498.9,1831.2248232301245,969.8241915299528,0.3462360659950902,1,969.8241915299528,-5.295996049876194,1
R052754,C,2,S003>S006,2801.049014760077,6.263013523909029,1150.6999999999998,1847.7808412453155,953.268173514762,0.3403254168318842,1,953.268173514762,-5.295996049876194,1
R052755,C,2,S006>S003,2801.049014760077,5.9027559979764295,2498.9,1831.2248232301245,969.8241915299528,0.3462360659950902,1,969.8241915299528,-5.295996049876194,1
R052758,C,2,S006>S003,2801.049014760077,6.038943301824967,2498.9,1831.2248232301245,969.8241915299528,0.3462360659950902,1,969.8241915299528,-5.295996049876194,1
R052759,C,2,S006>S003,2801.049014760077,6.091215673572984,2498.9,1831.2248232301245,969.8241915299528,0.3462360659950902,1,969.8241915299528,-5.295996049876194,1
R052760,C,2,S006>S003,2867.0490147600776,6.274579549431602,2432.9,1897.224823230125,969.8241915299528,0.3382656475480975,1,969.8241915299528,-5.295996049876194,1
R052761,C,2,S006>S003,2801.049014760077,6.274579549431602,2498.9,1831.2248232301245,969.8241915299528,0.3462360659950902,1,969.8241915299528,-5.295996049876194,1
R052806,C,2,S003>S006,2735.049014760077,6.32977674723947,5656.6,1745.7808412453153,989.268173514762,0.3617003454695096,1,989.268173514762,-5.295996049876194,1
R052807,C,2,S006>S003,2735.0490147600776,6.286101335575696,5255.4,1729.2248232301251,1005.8241915299524,0.3677536256578512,1,1005.8241915299524,-5.295996049876194,1
R052808,C,2,S006>S003,2735.0490147600776,6.333005625929056,5255.4,1729.2248232301251,1005.8241915299524,0.3677536256578512,1,1005.8241915299524,-5.295996049876194,1
R052809,C,2,S003>S006,2735.049014760077,6.1692743146298685,1216.6999999999998,1745.7808412453153,989.268173514762,0.3617003454695096,1,989.268173514762,-5.295996049876194,1
R052810,C,2,S006>S003,2735.0490147600776,6.221554120233488,2600.9,1729.2248232301251,1005.8241915299524,0.3677536256578512,1,1005.8241915299524,-5.295996049876194,1
R052811,C,2,S006>S003,2801.049014760077,6.357741424082025,2534.9,1795.2248232301245,1005.8241915299528,0.359088393751691,1,1005.8241915299528,-5.295996049876194,1
R052814,C,2,S003>S006,2537.049014760077,5.023181411733587,5854.6,1655.7808412453153,881.2681735147619,0.3473595379465309,1,881.2681735147619,-5.295996049876194,1
R052827,C,2,S006>S003,2603.0490147600776,5.090435706061732,2624.9,1705.2248232301251,897.8241915299525,0.3449125185269339,1,897.8241915299525,-5.295996049876194,1
R052841,C,2,S006>S003,2537.0490147600776,4.932718333295532,2690.9,1639.2248232301251,897.8241915299525,0.3538852368663667,1,897.8241915299525,-5.295996049876194,1
R053586,C,2,S003>S006,2801.049014760077,6.315361068765505,1150.6999999999998,1775.7808412453153,1025.268173514762,0.3660300723450856,1,1025.268173514762,-5.295996049876194,1
R053589,C,2,S007>S003,2363.312759084484,4.720570996370308,,1254.8323751749178,1108.480383909566,0.4690366857491078,1,1108.480383909566,-5.288334514260441,1
R053591,C,2,S007>S003,2363.312759084484,4.735679603464527,,1254.8323751749178,1108.480383909566,0.4690366857491078,1,1108.480383909566,-5.288334514260441,1
R053610,C,2,S003>S007,2363.312759084484,4.712497351727164,1796.5,1258.0330185049406,1105.2797405795432,0.467682381999966,1,1105.2797405795432,-5.288334514260441,1
R053611,C,2,S007>S003,2363.312759084484,4.700091996365567,2486.3,1254.8323751749178,1108.480383909566,0.4690366857491078,1,1108.480383909566,-5.288334514260441,1
R053635,C,2,S007>S003,2363.312759084484,4.741312623884667,,1254.8323751749178,1108.480383909566,0.4690366857491078,1,1108.480383909566,-5.288334514260441,1
R053637,C,2,S007>S003,2363.312759084484,4.757559340691021,,1254.8323751749178,1108.480383909566,0.4690366857491078,1,1108.480383909566,-5.288334514260441,1
R053641,C,2,S007>S003,2363.312759084484,4.813146223517721,2486.3,1254.8323751749178,1108.480383909566,0.4690366857491078,1,1108.480383909566,-5.288334514260441,1
R053656,C,2,S003>S007,2363.312759084484,4.732516574462684,1796.5,1258.0330185049406,1105.2797405795432,0.467682381999966,1,1105.2797405795432,-5.288334514260441,1
R053657,C,2,S007>S003,2363.312759084484,4.719082049367815,2486.3,1254.8323751749178,1108.480383909566,0.4690366857491078,1,1108.480383909566,-5.288334514260441,1
R053727,C,2,S007>S003,2429.312759084484,4.84300997195398,,1284.8323751749178,1144.480383909566,0.4711128197181483,1,1144.480383909566,-5.288334514260441,1
R053729,C,2,S007>S003,2429.312759084484,4.863882165863879,,1284.8323751749178,1144.480383909566,0.4711128197181483,1,1144.480383909566,-5.288334514260441,1
R053748,C,2,S003>S007,2429.312759084484,4.831087050886043,1730.5,1288.0330185049406,1141.2797405795432,0.4697953099335173,1,1141.2797405795432,-5.288334514260441,1
R053749,C,2,S007>S003,2429.312759084484,4.813921354264674,2456.3,1284.8323751749178,1144.480383909566,0.4711128197181483,1,1144.480383909566,-5.288334514260441,1
R053817,C,2,S003>S007,2363.312759084484,4.852386031545008,5854.6,1258.0330185049406,1105.2797405795432,0.467682381999966,1,1105.2797405795432,-5.288334514260441,1
R053818,C,2,S007>S003,2363.312759084484,4.814815976180211,5627.1,1254.8323751749178,1108.480383909566,0.4690366857491078,1,1108.480383909566,-5.288334514260441,1
R053820,C,2,S007>S003,2363.312759084484,4.834499516859758,5627.1,1254.8323751749178,1108.480383909566,0.4690366857491078,1,1108.480383909566,-5.288334514260441,1
R053824,C,2,S007>S003,2363.312759084484,4.90083567090378,2486.3,1254.8323751749178,1108.480383909566,0.4690366857491078,1,1108.480383909566,-5.288334514260441,1
R053839,C,2,S003>S007,2363.312759084484,4.803712115082733,1796.5,1258.0330185049406,1105.2797405795432,0.467682381999966,1,1105.2797405795432,-5.288334514260441,1
R053840,C,2,S007>S003,2363.312759084484,4.787460946876495,2486.3,1254.8323751749178,1108.480383909566,0.4690366857491078,1,1108.480383909566,-5.288334514260441,1
R054073,C,2,S003>S007,2429.312759084484,5.105920377860025,5788.6,1288.0330185049406,1141.2797405795432,0.4697953099335173,1,1141.2797405795432,-5.288334514260441,1
R054074,C,2,S007>S003,2429.312759084484,5.053428583232559,5561.1,1284.8323751749178,1144.480383909566,0.4711128197181483,1,1144.480383909566,-5.288334514260441,1
R054075,C,2,S003>S007,2429.312759084484,5.156792720090562,5788.6,1288.0330185049406,1141.2797405795432,0.4697953099335173,1,1141.2797405795432,-5.288334514260441,1
R054076,C,2,S007>S003,2429.312759084484,5.082485824700665,5561.1,1284.8323751749178,1144.480383909566,0.4711128197181483,1,1144.480383909566,-5.288334514260441,1
R054094,C,2,S003>S007,2429.312759084484,5.035812442424152,1730.5,1288.0330185049406,1141.2797405795432,0.4697953099335173,1,1141.2797405795432,-5.288334514260441,1
R054095,C,2,S007>S003,2429.312759084484,5.012690116138288,2456.3,1284.8323751749178,1144.480383909566,0.4711128197181483,1,1144.480383909566,-5.288334514260441,1
R054271,C,2,S007>S003,2495.312759084484,5.4091907440304805,5495.1,1314.8323751749178,1180.480383909566,0.4730791279016573,1,1180.480383909566,-5.288334514260441,1
R054273,C,2,S007>S003,2495.312759084484,5.452161811016822,5495.1,1314.8323751749178,1180.480383909566,0.4730791279016573,1,1180.480383909566,-5.288334514260441,1
R054285,C,2,S003>S007,2495.312759084484,5.382009602674102,1664.5,1318.0330185049406,1177.2797405795432,0.4717964657109678,1,1177.2797405795432,-5.288334514260441,1
R054286,C,2,S007>S003,2495.312759084484,5.349234745157531,2426.3,1314.8323751749178,1180.480383909566,0.4730791279016573,1,1180.480383909566,-5.288334514260441,1
R054371,C,2,S003>S007,2561.312759084484,6.057569289330798,5656.6,1348.0330185049409,1213.279740579543,0.4736944897792247,1,1213.279740579543,-5.288334514260441,1
R054372,C,2,S007>S003,2561.312759084484,5.948027031204537,5429.1,1344.8323751749176,1216.4803839095662,0.4749441002841001,1,1216.4803839095662,-5.288334514260441,1
R054373,C,2,S003>S007,2561.312759084484,6.169509317203778,5656.6,1348.0330185049409,1213.279740579543,0.4736944897792247,1,1213.279740579543,-5.288334514260441,1
R054374,C,2,S007>S003,2561.312759084484,6.015215039133917,5429.1,1344.8323751749176,1216.4803839095662,0.4749441002841001,1,1216.4803839095662,-5.288334514260441,1
R054377,C,2,S003>S007,2561.312759084484,5.904559843217512,1598.5,1348.0330185049409,1213.279740579543,0.4736944897792247,1,1213.279740579543,-5.288334514260441,1
R054378,C,2,S007>S003,2561.312759084484,5.855524720275808,2396.3,1344.8323751749176,1216.4803839095662,0.4749441002841001,1,1216.4803839095662,-5.288334514260441,1
R054393,C,2,S003>S007,2363.312759084484,4.719420043704814,5854.6,1258.0330185049406,1105.2797405795432,0.467682381999966,1,1105.2797405795432,-5.288334514260441,1
R054394,C,2,S007>S003,2363.312759084484,4.693282846054584,5627.1,1254.8323751749178,1108.480383909566,0.4690366857491078,1,1108.480383909566,-5.288334514260441,1
R054395,C,2,S003>S007,2363.312759084484,4.7451479813049176,5854.6,1258.0330185049406,1105.2797405795432,0.467682381999966,1,1105.2797405795432,-5.288334514260441,1
R054396,C,2,S007>S003,2363.312759084484,4.706639878636693,5627.1,1254.8323751749178,1108.480383909566,0.4690366857491078,1,1108.480383909566,-5.288334514260441,1
R054415,C,2,S003>S007,2363.312759084484,4.686218613149905,1796.5,1258.0330185049406,1105.2797405795432,0.467682381999966,1,1105.2797405795432,-5.288334514260441,1
R054416,C,2,S007>S003,2363.312759084484,4.675588863186516,2486.3,1254.8323751749178,1108.480383909566,0.4690366857491078,1,1108.480383909566,-5.288334514260441,1
R054418,C,2,S007>S003,2429.312759084484,4.713761846059324,2420.3,1284.8323751749178,1144.480383909566,0.4711128197181483,1,1144.480383909566,-5.288334514260441,1
R054461,C,2,S003>S007,2429.312759084484,4.743236387507833,1730.5,1288.0330185049406,1141.2797405795432,0.4697953099335173,1,1141.2797405795432,-5.288334514260441,1
R054462,C,2,S007>S003,2429.312759084484,4.72931257837431,2456.3,1284.8323751749178,1144.480383909566,0.4711128197181483,1,1144.480383909566,-5.288334514260441,1
R054508,C,2,S007>S003,2429.312759084484,4.75118984618159,2456.3,1284.8323751749178,1144.480383909566,0.4711128197181483,1,1144.480383909566,-5.288334514260441,1
R054600,C,2,S007>S003,2495.312759084484,4.857058448482372,2426.3,1314.8323751749178,1180.480383909566,0.4730791279016573,1,1180.480383909566,-5.288334514260441,1
R054689,C,2,S007>S003,2429.312759084484,4.827837805583216,2456.3,1284.8323751749178,1144.480383909566,0.4711128197181483,1,1144.480383909566,-5.288334514260441,1
R054934,C,2,S007>S003,2495.312759084484,5.074137481377091,2426.3,1314.8323751749178,1180.480383909566,0.4730791279016573,1,1180.480383909566,-5.288334514260441,1
R055104,C,2,S007>S003,2561.312759084484,5.440455694349568,2396.3,1344.8323751749176,1216.4803839095662,0.4749441002841001,1,1216.4803839095662,-5.288334514260441,1
R055170,C,2,S007>S003,2627.312759084484,5.996591182195458,2366.3,1374.8323751749176,1252.4803839095662,0.4767153737516986,1,1252.4803839095662,-5.288334514260441,1
R055175,C,2,S003>S011,2463.3264573569727,5.084894993690822,,1592.8344313031482,870.4920260538245,0.3533806992792256,1,870.4920260538245,-5.288334514260441,1
R055177,C,2,S003>S011,2463.3264573569727,5.207798393773128,8641.6,1592.8344313031482,870.4920260538245,0.3533806992792256,1,870.4920260538245,-5.288334514260441,1
R055178,C,2,S011>S003,2463.3264573569727,5.036729944336693,9927.5,1582.9574614838923,880.3689958730802,0.3573903057971749,1,880.3689958730802,-5.288334514260441,1
R055179,C,2,S003>S011,2529.3264573569727,5.417053718390545,8575.6,1658.8344313031482,870.4920260538245,0.3441596174830859,1,870.4920260538245,-5.288334514260441,1
R055180,C,2,S011>S003,2529.3264573569727,5.088026286080078,9861.5,1648.9574614838923,880.3689958730804,0.3480645977162729,1,880.3689958730804,-5.288334514260441,1
R055181,C,2,S003>S011,2463.3264573569727,5.005556438561023,8641.6,1592.8344313031482,870.4920260538245,0.3533806992792256,1,870.4920260538245,-5.288334514260441,1
R055182,C,2,S011>S003,2463.3264573569727,4.985173528518594,9927.5,1582.9574614838923,880.3689958730802,0.3573903057971749,1,880.3689958730802,-5.288334514260441,1
R055183,C,2,S003>S011,2529.3264573569727,5.142732063483575,8575.6,1658.8344313031482,870.4920260538245,0.3441596174830859,1,870.4920260538245,-5.288334514260441,1
R055185,C,2,S003>S011,2529.3264573569727,5.280076474643098,8575.6,1658.8344313031482,870.4920260538245,0.3441596174830859,1,870.4920260538245,-5.288334514260441,1
R055186,C,2,S011>S003,2529.3264573569727,5.0545441412157945,9861.5,1648.9574614838923,880.3689958730804,0.3480645977162729,1,880.3689958730804,-5.288334514260441,1
R055187,C,2,S003>S011,2595.3264573569727,5.509692928920279,8509.6,1724.8344313031482,870.4920260538245,0.3354075259342579,1,870.4920260538245,-5.288334514260441,1
R055189,C,2,S003>S011,2463.3264573569727,5.1095421414378,,1592.8344313031482,870.4920260538245,0.3533806992792256,1,870.4920260538245,-5.288334514260441,1
R055191,C,2,S003>S011,2463.3264573569727,5.237949728804399,8641.6,1592.8344313031482,870.4920260538245,0.3533806992792256,1,870.4920260538245,-5.288334514260441,1
R055192,C,2,S011>S003,2463.3264573569727,5.060973354278061,9927.5,1582.9574614838923,880.3689958730802,0.3573903057971749,1,880.3689958730802,-5.288334514260441,1
R055193,C,2,S003>S011,2529.3264573569727,5.455221470017912,8575.6,1658.8344313031482,870.4920260538245,0.3441596174830859,1,870.4920260538245,-5.288334514260441,1
R055195,C,2,S003>S011,2463.3264573569727,5.025575661296543,8641.6,1592.8344313031482,870.4920260538245,0.3533806992792256,1,870.4920260538245,-5.288334514260441,1
R055196,C,2,S011>S003,2463.3264573569727,5.005485882054228,9927.5,1582.9574614838923,880.3689958730802,0.3573903057971749,1,880.3689958730802,-5.288334514260441,1
R055197,C,2,S003>S011,2529.3264573569727,5.170106999286886,8575.6,1658.8344313031482,870.4920260538245,0.3441596174830859,1,870.4920260538245,-5.288334514260441,1
R055199,C,2,S003>S011,2529.3264573569727,5.313104319664194,8575.6,1658.8344313031482,870.4920260538245,0.3441596174830859,1,870.4920260538245,-5.288334514260441,1
R055201,C,2,S003>S011,2595.3264573569727,5.551224685534068,8509.6,1724.8344313031482,870.4920260538245,0.3354075259342579,1,870.4920260538245,-5.288334514260441,1
R055206,C,2,S011>S003,2529.3264573569727,5.146948558814852,9897.5,1612.9574614838923,916.3689958730804,0.3622976358815473,1,916.3689958730804,-5.288334514260441,1
R055210,C,2,S011>S003,2529.3264573569727,5.079462230409288,9897.5,1612.9574614838923,916.3689958730804,0.3622976358815473,1,916.3689958730804,-5.288334514260441,1
R055217,C,2,S003>S011,2529.3264573569727,5.226503855996788,,1622.8344313031482,906.4920260538244,0.3583926556483602,1,906.4920260538244,-5.288334514260441,1
R055219,C,2,S003>S011,2529.3264573569727,5.378239506379405,8575.6,1622.8344313031482,906.4920260538244,0.3583926556483602,1,906.4920260538244,-5.288334514260441,1
R055220,C,2,S011>S003,2529.3264573569727,5.179934017833396,9897.5,1612.9574614838923,916.3689958730804,0.3622976358815473,1,916.3689958730804,-5.288334514260441,1
R055221,C,2,S003>S011,2595.3264573569727,5.631237908828324,8509.6,1688.8344313031482,906.4920260538244,0.349278613287431,1,906.4920260538244,-5.288334514260441,1
R055222,C,2,S011>S003,2595.3264573569727,5.248201796656904,9831.5,1678.9574614838923,916.3689958730804,0.3530842885970853,1,916.3689958730804,-5.288334514260441,1
R055223,C,2,S003>S011,2529.3264573569727,5.124146137719903,8575.6,1622.8344313031482,906.4920260538244,0.3583926556483602,1,906.4920260538244,-5.288334514260441,1
R055224,C,2,S011>S003,2529.3264573569727,5.108260293301274,9897.5,1612.9574614838923,916.3689958730804,0.3622976358815473,1,916.3689958730804,-5.288334514260441,1
R055225,C,2,S003>S011,2595.3264573569727,5.2984724641038285,8509.6,1688.8344313031482,906.4920260538244,0.349278613287431,1,906.4920260538244,-5.288334514260441,1
R055226,C,2,S011>S003,2595.3264573569727,5.1580404496933685,9831.5,1678.9574614838923,916.3689958730804,0.3530842885970853,1,916.3689958730804,-5.288334514260441,1
R055227,C,2,S003>S011,2595.3264573569727,5.466019784475915,8509.6,1688.8344313031482,906.4920260538244,0.349278613287431,1,906.4920260538244,-5.288334514260441,1
R055228,C,2,S011>S003,2595.3264573569727,5.203762756392608,9831.5,1678.9574614838923,916.3689958730804,0.3530842885970853,1,916.3689958730804,-5.288334514260441,1
R055229,C,2,S003>S011,2661.3264573569727,5.74266305975107,8443.6,1754.8344313031482,906.4920260538244,0.3406166212897021,1,906.4920260538244,-5.288334514260441,1
R055234,C,2,S011>S003,2595.3264573569727,5.292303976189352,9867.5,1642.9574614838923,952.3689958730804,0.3669553759502584,1,952.3689958730804,-5.288334514260441,1
R055238,C,2,S011>S003,2595.3264573569727,5.207083862801257,9867.5,1642.9574614838923,952.3689958730804,0.3669553759502584,1,952.3689958730804,-5.288334514260441,1
R055242,C,2,S011>S003,2661.3264573569727,5.320486755457396,9801.5,1708.9574614838923,952.3689958730804,0.3578550061907478,1,952.3689958730804,-5.288334514260441,1
R055245,C,2,S003>S011,2463.3264573569727,5.194448853440692,5854.6,1592.8344313031482,870.4920260538245,0.3533806992792256,1,870.4920260538245,-5.288334514260441,1
R055247,C,2,S003>S011,2463.3264573569727,5.340071754752039,5854.6,1592.8344313031482,870.4920260538245,0.3533806992792256,1,870.4920260538245,-5.288334514260441,1
R055249,C,2,S003>S011,2529.3264573569727,5.583478331092604,5824.6,1658.8344313031482,870.4920260538245,0.3441596174830859,1,870.4920260538245,-5.288334514260441,1
R055251,C,2,S003>S011,2463.3264573569727,5.096771201916592,5854.6,1592.8344313031482,870.4920260538245,0.3533806992792256,1,870.4920260538245,-5.288334514260441,1
R055253,C,2,S003>S011,2529.3264573569727,5.263448682627065,5824.6,1658.8344313031482,870.4920260538245,0.3441596174830859,1,870.4920260538245,-5.288334514260441,1
R055255,C,2,S003>S011,2529.3264573569727,5.424488027862124,5824.6,1658.8344313031482,870.4920260538245,0.3441596174830859,1,870.4920260538245,-5.288334514260441,1
R055257,C,2,S003>S011,2595.3264573569727,5.690703880976136,5794.6,1724.8344313031482,870.4920260538245,0.3354075259342579,1,870.4920260538245,-5.288334514260441,1
R055328,C,2,S003>S011,2529.3264573569727,5.462995492090391,5788.6,1622.8344313031482,906.4920260538244,0.3583926556483602,1,906.4920260538244,-5.288334514260441,1
R055330,C,2,S003>S011,2529.3264573569727,5.658221621699608,5788.6,1622.8344313031482,906.4920260538244,0.3583926556483602,1,906.4920260538244,-5.288334514260441,1
R055332,C,2,S003>S011,2595.3264573569727,5.9827364575932656,5758.6,1688.8344313031482,906.4920260538244,0.349278613287431,1,906.4920260538244,-5.288334514260441,1
R055334,C,2,S003>S011,2529.3264573569727,5.328871529258011,5788.6,1622.8344313031482,906.4920260538244,0.3583926556483602,1,906.4920260538244,-5.288334514260441,1
R055336,C,2,S003>S011,2595.3264573569727,5.555843342880853,5758.6,1688.8344313031482,906.4920260538244,0.349278613287431,1,906.4920260538244,-5.288334514260441,1
R055338,C,2,S003>S011,2595.3264573569727,5.770685188112075,5758.6,1688.8344313031482,906.4920260538244,0.349278613287431,1,906.4920260538244,-5.288334514260441,1
R055340,C,2,S003>S011,2661.3264573569727,6.126469134551694,5728.6,1754.8344313031482,906.4920260538244,0.3406166212897021,1,906.4920260538244,-5.288334514260441,1
R055402,C,2,S003>S011,2595.3264573569727,5.862253618591052,5722.6,1652.8344313031482,942.4920260538244,0.3631497006406042,1,942.4920260538244,-5.288334514260441,1
R055403,C,2,S011>S003,2595.3264573569727,5.757025167592909,5395.1,1642.9574614838923,952.3689958730804,0.3669553759502584,1,952.3689958730804,-5.288334514260441,1
R055404,C,2,S003>S011,2595.3264573569727,6.134808111106076,5722.6,1652.8344313031482,942.4920260538244,0.3631497006406042,1,942.4920260538244,-5.288334514260441,1
R055405,C,2,S011>S003,2595.3264573569727,5.845876075638769,5395.1,1642.9574614838923,952.3689958730804,0.3669553759502584,1,952.3689958730804,-5.288334514260441,1
R055407,C,2,S003>S011,2595.3264573569727,5.675068689507961,5722.6,1652.8344313031482,942.4920260538244,0.3631497006406042,1,942.4920260538244,-5.288334514260441,1
R055409,C,2,S003>S011,2661.3264573569727,5.991608596456412,5692.6,1718.8344313031482,942.4920260538244,0.3541437103472965,1,942.4920260538244,-5.288334514260441,1
R055411,C,2,S003>S011,2661.3264573569727,6.293235428655485,5692.6,1718.8344313031482,942.4920260538244,0.3541437103472965,1,942.4920260538244,-5.288334514260441,1
R055438,C,2,S011>S003,2661.3264573569727,6.346254921227784,5329.1,1672.9574614838923,988.3689958730804,0.3713820952483422,1,988.3689958730804,-5.288334514260441,1
R055439,C,2,S003>S011,2661.3264573569727,6.197618930051371,5656.6,1682.8344313031482,978.4920260538244,0.3676707994048909,1,978.4920260538244,-5.288334514260441,1
R055440,C,2,S011>S003,2661.3264573569727,6.248374989321027,5329.1,1672.9574614838923,988.3689958730804,0.3713820952483422,1,988.3689958730804,-5.288334514260441,1
R055441,C,2,S003>S011,2463.3264573569727,5.051350753304747,5854.6,1592.8344313031482,870.4920260538245,0.3533806992792256,1,870.4920260538245,-5.288334514260441,1
R055443,C,2,S003>S011,2463.3264573569727,5.166047169288503,5854.6,1592.8344313031482,870.4920260538245,0.3533806992792256,1,870.4920260538245,-5.288334514260441,1
R055445,C,2,S003>S011,2529.3264573569727,5.363745752070498,5824.6,1658.8344313031482,870.4920260538245,0.3441596174830859,1,870.4920260538245,-5.288334514260441,1
R055447,C,2,S003>S011,2463.3264573569727,4.979277699983764,5854.6,1592.8344313031482,870.4920260538245,0.3533806992792256,1,870.4920260538245,-5.288334514260441,1
R055449,C,2,S003>S011,2529.3264573569727,5.105080763249602,5824.6,1658.8344313031482,870.4920260538245,0.3441596174830859,1,870.4920260538245,-5.288334514260441,1
R055451,C,2,S003>S011,2529.3264573569727,5.23413892500533,5824.6,1658.8344313031482,870.4920260538245,0.3441596174830859,1,870.4920260538245,-5.288334514260441,1
R055453,C,2,S003>S011,2595.3264573569727,5.451617187042395,5794.6,1724.8344313031482,870.4920260538245,0.3354075259342579,1,870.4920260538245,-5.288334514260441,1
R055704,C,2,S015>S003,2464.357194168257,5.247299597542618,9596.4,1278.762807303824,1185.594386864433,0.4810968108316708,1,1185.594386864433,-5.288334514260441,1
R055773,C,2,S003>S015,2464.357194168257,5.438020285615868,5854.6,1286.9649919320036,1177.3922022362535,0.4777684846265291,1,1177.3922022362535,-5.288334514260441,1
R055916,C,2,S003>S015,2596.357194168257,5.981233977974625,5722.6,1346.9649919320034,1249.3922022362538,0.4812096752490546,1,1249.3922022362538,-5.288334514260441,1
R055918,C,2,S003>S015,2596.357194168257,6.232756641969905,5722.6,1346.9649919320034,1249.3922022362538,0.4812096752490546,1,1249.3922022362538,-5.288334514260441,1
R055940,C,2,S003>S015,2464.357194168257,5.263995700152332,5854.6,1286.9649919320036,1177.3922022362535,0.4777684846265291,1,1177.3922022362535,-5.288334514260441,1
R056118,C,2,S015>S003,2662.357194168257,5.85663865782518,5328.1,1368.7628073038238,1293.594386864433,0.4858831075326701,1,1293.594386864433,-5.288334514260441,1
R056119,C,2,S003>S015,2662.357194168257,6.038983192845551,5656.6,1376.9649919320034,1285.3922022362538,0.4828023095668127,1,1285.3922022362538,-5.288334514260441,1
R056120,C,2,S015>S003,2662.357194168257,6.02159915052836,5328.1,1368.7628073038238,1293.594386864433,0.4858831075326701,1,1293.594386864433,-5.288334514260441,1
R056121,C,2,S015>S003,2728.357194168257,6.294273807300801,5262.1,1398.7628073038238,1329.594386864433,0.4873241633120408,1,1329.594386864433,-5.288334514260441,1
R056122,C,2,S003>S015,2662.357194168257,5.666646852406808,5199.9,1376.9649919320034,1285.3922022362538,0.4828023095668127,1,1285.3922022362538,-5.288334514260441,1
R056123,C,2,S015>S003,2662.357194168257,5.739344251581373,5328.1,1368.7628073038238,1293.594386864433,0.4858831075326701,1,1293.594386864433,-5.288334514260441,1
R056124,C,2,S003>S015,2728.357194168257,5.924256650870875,5133.9,1406.9649919320038,1321.3922022362533,0.4843178910227263,1,1321.3922022362533,-5.288334514260441,1
R056131,C,2,S015>S003,2662.357194168257,6.100090353373645,5328.1,1368.7628073038238,1293.594386864433,0.4858831075326701,1,1293.594386864433,-5.288334514260441,1
R056132,C,2,S015>S003,2728.357194168257,6.390853269096212,5262.1,1398.7628073038238,1329.594386864433,0.4873241633120408,1,1329.594386864433,-5.288334514260441,1
R056133,C,2,S003>S015,2662.357194168257,5.720097129772245,5199.9,1376.9649919320034,1285.3922022362538,0.4828023095668127,1,1285.3922022362538,-5.288334514260441,1
R056134,C,2,S015>S003,2662.357194168257,5.800892614243349,5328.1,1368.7628073038238,1293.594386864433,0.4858831075326701,1,1293.594386864433,-5.288334514260441,1
R056135,C,2,S003>S015,2728.357194168257,5.991703730726416,5133.9,1406.9649919320038,1321.3922022362533,0.4843178910227263,1,1321.3922022362533,-5.288334514260441,1
R056136,C,2,S015>S003,2728.357194168257,6.008637314050223,5262.1,1398.7628073038238,1329.594386864433,0.4873241633120408,1,1329.594386864433,-5.288334514260441,1
R056137,C,2,S003>S015,2728.357194168257,6.246234688391409,5133.9,1406.9649919320038,1321.3922022362533,0.4843178910227263,1,1321.3922022362533,-5.288334514260441,1
R056138,C,2,S015>S003,2728.357194168257,6.200425825112978,5262.1,1398.7628073038238,1329.594386864433,0.4873241633120408,1,1329.594386864433,-5.288334514260441,1
R056139,C,2,S003>S015,2728.357194168257,6.090403186281206,5590.6,1406.9649919320038,1321.3922022362533,0.4843178910227263,1,1321.3922022362533,-5.288334514260441,1
R056140,C,2,S015>S003,2728.357194168257,6.156320824705476,5262.1,1398.7628073038238,1329.594386864433,0.4873241633120408,1,1329.594386864433,-5.288334514260441,1
R056141,C,2,S003>S015,2728.357194168257,6.364843428287111,5590.6,1406.9649919320038,1321.3922022362533,0.4843178910227263,1,1321.3922022362533,-5.288334514260441,1
R056142,C,2,S015>S003,2728.357194168257,6.367107005209034,5262.1,1398.7628073038238,1329.594386864433,0.4873241633120408,1,1329.594386864433,-5.288334514260441,1
R056143,C,2,S003>S015,2728.357194168257,5.900182922171856,5133.9,1406.9649919320038,1321.3922022362533,0.4843178910227263,1,1321.3922022362533,-5.288334514260441,1
R056144,C,2,S015>S003,2728.357194168257,6.008319412444797,5262.1,1398.7628073038238,1329.594386864433,0.4873241633120408,1,1329.594386864433,-5.288334514260441,1
R056146,C,2,S015>S003,2794.357194168257,6.2566562964448105,5196.1,1428.7628073038238,1365.594386864433,0.488697146418643,1,1365.594386864433,-5.288334514260441,1
R056149,C,2,S003>S015,2728.357194168257,5.967630002027397,5133.9,1406.9649919320038,1321.3922022362533,0.4843178910227263,1,1321.3922022362533,-5.288334514260441,1
R056150,C,2,S015>S003,2728.357194168257,6.086007377480847,5262.1,1398.7628073038238,1329.594386864433,0.4873241633120408,1,1329.594386864433,-5.288334514260441,1
R056151,C,2,S003>S015,2794.357194168257,6.307355612622724,5067.9,1436.9649919320038,1357.3922022362533,0.4857618793578329,1,1357.3922022362533,-5.288334514260441,1
R056152,C,2,S015>S003,2794.357194168257,6.350219755818035,5196.1,1428.7628073038238,1365.594386864433,0.488697146418643,1,1365.594386864433,-5.288334514260441,1
R056153,C,2,S003>S015,2794.357194168257,6.196683619178714,5067.9,1436.9649919320038,1357.3922022362533,0.4857618793578329,1,1357.3922022362533,-5.288334514260441,1
R056154,C,2,S015>S003,2794.357194168257,6.349751917719582,5196.1,1428.7628073038238,1365.594386864433,0.488697146418643,1,1365.594386864433,-5.288334514260441,1
R056155,C,2,S003>S015,2662.357194168257,6.090403186281206,5656.6,1376.9649919320034,1285.3922022362538,0.4828023095668127,1,1285.3922022362538,-5.288334514260441,1
R056169,C,2,S005>S004,2321.789277435812,5.037048210699601,,1251.1307214487642,1070.6585559870475,0.4611351109216444,2,687.1629593019538,-5.839925593266557,1
R056183,C,2,S005>S004,2387.789277435812,5.286976568696493,9659.3,1281.1307214487642,1106.6585559870475,0.4634657532156527,2,687.1629593019538,-5.839925593266557,1
R056196,C,2,S004>S005,2321.789277435812,5.025825315323783,8983.6,1235.4726343561883,1086.3166430796236,0.4678790851680363,2,692.3489978159519,-5.839925593266557,1
R056197,C,2,S005>S004,2321.789277435812,5.015945507557096,9725.3,1251.1307214487642,1070.6585559870475,0.4611351109216444,2,687.1629593019538,-5.839925593266557,1
R056226,C,2,S005>S004,2321.789277435812,5.059054720518327,,1251.1307214487642,1070.6585559870475,0.4611351109216444,2,687.1629593019538,-5.839925593266557,1
R056240,C,2,S005>S004,2387.789277435812,5.325295109301662,9659.3,1281.1307214487642,1106.6585559870475,0.4634657532156527,2,687.1629593019538,-5.839925593266557,1
R056252,C,2,S004>S005,2321.789277435812,5.04572318234133,8983.6,1235.4726343561883,1086.3166430796236,0.4678790851680363,2,692.3489978159519,-5.839925593266557,1
R056253,C,2,S005>S004,2321.789277435812,5.035903663637352,9725.3,1251.1307214487642,1070.6585559870475,0.4611351109216444,2,687.1629593019538,-5.839925593266557,1
R056334,C,2,S004>S005,2321.789277435812,5.167053945546854,5914.4,1235.4726343561883,1086.3166430796236,0.4678790851680363,2,692.3489978159519,-5.839925593266557,1
R056336,C,2,S004>S005,2321.789277435812,5.2037434677473,5914.4,1235.4726343561883,1086.3166430796236,0.4678790851680363,2,692.3489978159519,-5.839925593266557,1
R056340,C,2,S004>S005,2321.789277435812,5.330523410175026,5914.4,1235.4726343561883,1086.3166430796236,0.4678790851680363,2,692.3489978159519,-5.839925593266557,1
R056361,C,2,S004>S005,2321.789277435812,5.117297970856543,5914.4,1235.4726343561883,1086.3166430796236,0.4678790851680363,2,692.3489978159519,-5.839925593266557,1
R056362,C,2,S005>S004,2321.789277435812,5.108175638934508,5597.8,1251.1307214487642,1070.6585559870475,0.4611351109216444,2,687.1629593019538,-5.839925593266557,1
R056517,C,2,S004>S005,2387.789277435812,5.42730683325483,5848.4,1265.4726343561883,1122.3166430796236,0.4700233197649885,2,728.3489978159519,-5.839925593266557,1
R056519,C,2,S004>S005,2387.789277435812,5.480010532386882,5848.4,1265.4726343561883,1122.3166430796236,0.4700233197649885,2,728.3489978159519,-5.839925593266557,1
R056535,C,2,S004>S005,2387.789277435812,5.354686384269301,5848.4,1265.4726343561883,1122.3166430796236,0.4700233197649885,2,728.3489978159519,-5.839925593266557,1
R056536,C,2,S005>S004,2387.789277435812,5.3484268374556905,5531.8,1281.1307214487642,1106.6585559870475,0.4634657532156527,2,723.1629593019538,-5.839925593266557,1
R056647,C,2,S004>S005,2453.789277435812,5.713786181180238,5782.4,1295.4726343561883,1158.3166430796236,0.4720522066548657,2,764.3489978159519,-5.839925593266557,1
R056648,C,2,S005>S004,2453.789277435812,5.710358952626426,5465.8,1311.1307214487642,1142.6585559870475,0.4656710201216283,2,759.1629593019538,-5.839925593266557,1
R056689,C,2,S005>S004,2321.789277435812,5.008162954409054,5597.8,1251.1307214487642,1070.6585559870475,0.4611351109216444,2,687.1629593019538,-5.839925593266557,1
R056691,C,2,S005>S004,2321.789277435812,5.021885698119,5597.8,1251.1307214487642,1070.6585559870475,0.4611351109216444,2,687.1629593019538,-5.839925593266557,1
R056717,C,2,S004>S005,2321.789277435812,4.999978882757617,5914.4,1235.4726343561883,1086.3166430796236,0.4678790851680363,2,692.3489978159519,-5.839925593266557,1
R056718,C,2,S005>S004,2321.789277435812,4.990317149688032,5597.8,1251.1307214487642,1070.6585559870475,0.4611351109216444,2,687.1629593019538,-5.839925593266557,1
R057327,C,2,S007>S004,2803.549422722011,6.381847962953672,2486.3,1637.1138932307415,1166.4355294912696,0.4160567029914381,3,606.4441662597658,-5.845045738360255,1
R057337,C,2,S007>S004,2803.549422722011,6.212416971755198,2486.3,1637.1138932307415,1166.4355294912696,0.4160567029914381,3,606.4441662597658,-5.845045738360255,1
R057371,C,2,S004>S008,2500.808493663435,6.0550651665226685,5403.2,1241.4511315524169,1259.3573621110183,0.5035800883202317,1,1259.3573621110183,-6.237840464252969,1
R057375,C,2,S004>S008,2566.808493663435,6.2297569436897735,5337.2,1271.4511315524169,1295.3573621110183,0.5046568005789326,1,1295.3573621110183,-6.237840464252969,1
R057376,C,2,S008>S004,2566.808493663435,6.171981015259446,5868.3,1249.7300988901704,1317.0783947732646,0.5131190729751273,1,1317.0783947732646,-6.237840464252969,1
R057377,C,2,S004>S008,2632.808493663435,6.391470014779877,5271.2,1301.4511315524169,1331.3573621110183,0.5056795301729273,1,1331.3573621110183,-6.237840464252969,1
R057378,C,2,S008>S004,2632.808493663435,6.301969072530872,5802.3,1279.7300988901704,1353.0783947732646,0.5139296678925996,1,1353.0783947732646,-6.237840464252969,1
R057380,C,2,S008>S004,2566.808493663435,6.301969072530872,5868.3,1249.7300988901704,1317.0783947732646,0.5131190729751273,1,1317.0783947732646,-6.237840464252969,1
R057381,C,2,S004>S008,2500.808493663435,5.88486703656597,5403.2,1241.4511315524169,1259.3573621110183,0.5035800883202317,1,1259.3573621110183,-6.237840464252969,1
R057382,C,2,S008>S004,2500.808493663435,5.892981350822036,5934.3,1219.7300988901704,1281.0783947732646,0.5122656924827589,1,1281.0783947732646,-6.237840464252969,1
R057385,C,2,S004>S008,2566.808493663435,6.0006380284987255,5337.2,1271.4511315524169,1295.3573621110183,0.5046568005789326,1,1295.3573621110183,-6.237840464252969,1
R057386,C,2,S008>S004,2566.808493663435,5.987598766890216,5868.3,1249.7300988901704,1317.0783947732646,0.5131190729751273,1,1317.0783947732646,-6.237840464252969,1
R057387,C,2,S004>S008,2632.808493663435,6.115432836559338,5271.2,1301.4511315524169,1331.3573621110183,0.5056795301729273,1,1331.3573621110183,-6.237840464252969,1
R057388,C,2,S008>S004,2632.808493663435,6.0800919731636,5802.3,1279.7300988901704,1353.0783947732646,0.5139296678925996,1,1353.0783947732646,-6.237840464252969,1
R057391,C,2,S004>S008,2632.808493663435,6.254775956541258,5271.2,1301.4511315524169,1331.3573621110183,0.5056795301729273,1,1331.3573621110183,-6.237840464252969,1
R057392,C,2,S008>S004,2632.808493663435,6.192085707595728,5802.3,1279.7300988901704,1353.0783947732646,0.5139296678925996,1,1353.0783947732646,-6.237840464252969,1
R057395,C,2,S008>S004,2698.808493663435,6.375985916042222,5736.3,1309.7300988901704,1389.0783947732646,0.5147006162292355,1,1389.0783947732646,-6.237840464252969,1
R057397,C,2,S004>S008,2500.808493663435,5.945984593274618,,1241.4511315524169,1259.3573621110183,0.5035800883202317,1,1259.3573621110183,-6.237840464252969,1
R057398,C,2,S008>S004,2500.808493663435,5.954071720188521,,1219.7300988901704,1281.0783947732646,0.5122656924827589,1,1281.0783947732646,-6.237840464252969,1
R057401,C,2,S004>S008,2566.808493663435,6.085771338852805,,1271.4511315524169,1295.3573621110183,0.5046568005789326,1,1295.3573621110183,-6.237840464252969,1
R057402,C,2,S008>S004,2566.808493663435,6.069171006883744,,1249.7300988901704,1317.0783947732646,0.5131190729751273,1,1317.0783947732646,-6.237840464252969,1
R057405,C,2,S004>S008,2566.808493663435,6.2189097202012285,5337.2,1271.4511315524169,1295.3573621110183,0.5046568005789326,1,1295.3573621110183,-6.237840464252969,1
R057406,C,2,S008>S004,2566.808493663435,6.177783873049648,5868.3,1249.7300988901704,1317.0783947732646,0.5131190729751273,1,1317.0783947732646,-6.237840464252969,1
R057407,C,2,S004>S008,2566.808493663435,6.269014529146254,5337.2,1271.4511315524169,1295.3573621110183,0.5046568005789326,1,1295.3573621110183,-6.237840464252969,1
R057408,C,2,S008>S004,2566.808493663435,6.218597453378047,5868.3,1249.7300988901704,1317.0783947732646,0.5131190729751273,1,1317.0783947732646,-6.237840464252969,1
R057409,C,2,S008>S004,2632.808493663435,6.356398797559571,5802.3,1279.7300988901704,1353.0783947732646,0.5139296678925996,1,1353.0783947732646,-6.237840464252969,1
R057410,C,2,S008>S004,2566.808493663435,6.356398797559571,5868.3,1249.7300988901704,1317.0783947732646,0.5131190729751273,1,1317.0783947732646,-6.237840464252969,1
R057419,C,2,S004>S008,2566.808493663435,6.149207490297616,5337.2,1271.4511315524169,1295.3573621110183,0.5046568005789326,1,1295.3573621110183,-6.237840464252969,1
R057420,C,2,S008>S004,2566.808493663435,6.120967948399994,5868.3,1249.7300988901704,1317.0783947732646,0.5131190729751273,1,1317.0783947732646,-6.237840464252969,1
R057421,C,2,S004>S008,2632.808493663435,6.295201200849808,5271.2,1301.4511315524169,1331.3573621110183,0.5056795301729273,1,1331.3573621110183,-6.237840464252969,1
R057422,C,2,S008>S004,2632.808493663435,6.239924649047197,5802.3,1279.7300988901704,1353.0783947732646,0.5139296678925996,1,1353.0783947732646,-6.237840464252969,1
R057423,C,2,S004>S008,2632.808493663435,6.349927458597819,5271.2,1301.4511315524169,1331.3573621110183,0.5056795301729273,1,1331.3573621110183,-6.237840464252969,1
R057424,C,2,S008>S004,2632.808493663435,6.2844952909799,5802.3,1279.7300988901704,1353.0783947732646,0.5139296678925996,1,1353.0783947732646,-6.237840464252969,1
R057500,C,2,S004>S008,2566.808493663435,6.286566968147355,5848.4,1271.4511315524169,1295.3573621110183,0.5046568005789326,1,1295.3573621110183,-6.237840464252969,1
R057501,C,2,S004>S008,2566.808493663435,6.339412633532634,5848.4,1271.4511315524169,1295.3573621110183,0.5046568005789326,1,1295.3573621110183,-6.237840464252969,1
R057502,C,2,S004>S008,2566.808493663435,6.213728105511487,5337.2,1271.4511315524169,1295.3573621110183,0.5046568005789326,1,1295.3573621110183,-6.237840464252969,1
R057506,C,2,S004>S008,2500.808493663435,5.89248990961435,5914.4,1241.4511315524169,1259.3573621110183,0.5035800883202317,1,1259.3573621110183,-6.237840464252969,1
R057516,C,2,S004>S008,2566.808493663435,6.175077417166482,5337.2,1271.4511315524169,1295.3573621110183,0.5046568005789326,1,1295.3573621110183,-6.237840464252969,1
R057517,C,2,S008>S004,2566.808493663435,6.10802590506141,5352.8,1249.7300988901704,1317.0783947732646,0.5131190729751273,1,1317.0783947732646,-6.237840464252969,1
R057518,C,2,S004>S008,2632.808493663435,6.326254025192391,5271.2,1301.4511315524169,1331.3573621110183,0.5056795301729273,1,1331.3573621110183,-6.237840464252969,1
R057519,C,2,S008>S004,2632.808493663435,6.226982605708613,5286.8,1279.7300988901704,1353.0783947732646,0.5139296678925996,1,1353.0783947732646,-6.237840464252969,1
R057751,C,2,S004>S009,2342.978294227578,5.697012888408826,5848.4,1192.491621928848,1150.48667229873,0.4910359925796995,1,1150.48667229873,-5.839925593266557,1
R057752,C,2,S009>S004,2342.978294227578,5.668627585880287,5576.6,1197.8579309214206,1145.1203633061573,0.4887456132766587,1,1145.1203633061573,-5.839925593266557,1
R057753,C,2,S004>S009,2342.978294227578,5.878525448819534,5848.4,1192.491621928848,1150.48667229873,0.4910359925796995,1,1150.48667229873,-5.839925593266557,1
R057798,C,2,S004>S009,2408.978294227578,6.112714813945905,5782.4,1222.4916219288475,1186.48667229873,0.4925269252702706,1,1186.48667229873,-5.839925593266557,1
R057800,C,2,S004>S009,2408.978294227578,6.376716447830372,5782.4,1222.4916219288475,1186.48667229873,0.4925269252702706,1,1186.48667229873,-5.839925593266557,1
R057802,C,2,S004>S009,2408.978294227578,5.930008343427065,5782.4,1222.4916219288475,1186.48667229873,0.4925269252702706,1,1186.48667229873,-5.839925593266557,1
R057813,C,2,S004>S009,2276.978294227578,5.276113347631625,5914.4,1162.491621928848,1114.48667229873,0.4894586281845952,1,1114.48667229873,-5.839925593266557,1
R057815,C,2,S004>S009,2276.978294227578,5.371721833334804,5914.4,1162.491621928848,1114.48667229873,0.4894586281845952,1,1114.48667229873,-5.839925593266557,1
R057819,C,2,S004>S009,2276.978294227578,5.2162010450044445,5914.4,1162.491621928848,1114.48667229873,0.4894586281845952,1,1114.48667229873,-5.839925593266557,1
R057978,C,2,S011>S004,2295.641571393506,5.144485977175909,9927.5,1563.7673678163328,731.8742035771738,0.3188103111118124,2,711.8742035771738,-5.839925593266557,1
R057980,C,2,S011>S004,2361.641571393506,5.195782318919294,9861.5,1629.7673678163328,731.8742035771738,0.3099006269377809,2,711.8742035771738,-5.839925593266557,1
R057982,C,2,S011>S004,2295.641571393506,5.092929561357811,9927.5,1563.7673678163328,731.8742035771738,0.3188103111118124,2,711.8742035771738,-5.839925593266557,1
R057984,C,2,S011>S004,2361.641571393506,5.128295990513728,9861.5,1629.7673678163328,731.8742035771738,0.3099006269377809,2,711.8742035771738,-5.839925593266557,1
R057986,C,2,S011>S004,2361.641571393506,5.1623001740550105,9861.5,1629.7673678163328,731.8742035771738,0.3099006269377809,2,711.8742035771738,-5.839925593266557,1
R057992,C,2,S011>S004,2295.641571393506,5.167548796321254,9927.5,1563.7673678163328,731.8742035771738,0.3188103111118124,2,711.8742035771738,-5.839925593266557,1
R057994,C,2,S011>S004,2361.641571393506,5.221955346961982,9861.5,1629.7673678163328,731.8742035771738,0.3099006269377809,2,711.8742035771738,-5.839925593266557,1
R057996,C,2,S011>S004,2295.641571393506,5.1120613240974215,9927.5,1563.7673678163328,731.8742035771738,0.3188103111118124,2,711.8742035771738,-5.839925593266557,1
R057998,C,2,S011>S004,2361.641571393506,5.15028162242986,9861.5,1629.7673678163328,731.8742035771738,0.3099006269377809,2,711.8742035771738,-5.839925593266557,1
R058000,C,2,S011>S004,2361.641571393506,5.186479021397794,9861.5,1629.7673678163328,731.8742035771738,0.3099006269377809,2,711.8742035771738,-5.839925593266557,1
R058006,C,2,S011>S004,2361.641571393506,5.250101852543591,9897.5,1593.7673678163328,767.8742035771738,0.3251442610421543,2,747.8742035771738,-5.839925593266557,1
R058008,C,2,S011>S004,2427.641571393506,5.314648195168473,9831.5,1659.7673678163328,767.8742035771738,0.3163046030458282,2,747.8742035771738,-5.839925593266557,1
R058010,C,2,S011>S004,2361.641571393506,5.182615524138026,9897.5,1593.7673678163328,767.8742035771738,0.3251442610421543,2,747.8742035771738,-5.839925593266557,1
R058014,C,2,S011>S004,2427.641571393506,5.272625424621737,9831.5,1659.7673678163328,767.8742035771738,0.3163046030458282,2,747.8742035771738,-5.839925593266557,1
R058023,C,2,S004>S011,2295.641571393506,5.205372196676373,5914.4,1565.1596390072425,730.4819323862644,0.3182038265419828,2,710.4819323862644,-5.839925593266557,1
R058123,C,2,S004>S011,2427.641571393506,5.995263816936053,5782.4,1625.1596390072425,802.4819323862644,0.3305603025761444,2,782.4819323862644,-5.839925593266557,1
R058125,C,2,S004>S011,2427.641571393506,6.2778129390151385,5782.4,1625.1596390072425,802.4819323862644,0.3305603025761444,2,782.4819323862644,-5.839925593266557,1
R058128,C,2,S004>S011,2427.641571393506,5.801860407000068,5782.4,1625.1596390072425,802.4819323862644,0.3305603025761444,2,782.4819323862644,-5.839925593266557,1
R058154,C,2,S004>S011,2295.641571393506,5.27281832451957,5914.4,1565.1596390072425,730.4819323862644,0.3182038265419828,2,710.4819323862644,-5.839925593266557,1
R058441,C,2,S013>S004,2659.493566478161,6.23214436191442,2442.4,1300.2390954722018,1359.2544710059592,0.5110952281061368,1,1359.2544710059592,-5.839925593266557,1
R058442,C,2,S013>S004,2659.493566478161,6.312700650259282,2442.4,1300.2390954722018,1359.2544710059592,0.5110952281061368,1,1359.2544710059592,-5.839925593266557,1
R058458,C,2,S004>S013,2593.4935664781606,6.376237441811858,5782.4,1267.203265209126,1326.290301269035,0.5113913982327988,1,1326.290301269035,-5.839925593266557,1
R058459,C,2,S013>S004,2593.493566478161,6.390947415392976,5326.1,1270.2390954722018,1323.2544710059592,0.5102208419212988,1,1323.2544710059592,-5.839925593266557,1
R058460,C,2,S004>S013,2593.4935664781606,6.245299000390194,1484.5,1267.203265209126,1326.290301269035,0.5113913982327988,1,1326.290301269035,-5.839925593266557,1
R058461,C,2,S013>S004,2593.493566478161,6.324780978392222,2508.4,1270.2390954722018,1323.2544710059592,0.5102208419212988,1,1323.2544710059592,-5.839925593266557,1
R058462,C,2,S004>S013,2659.4935664781606,6.370280482031832,1418.5,1297.203265209126,1362.290301269035,0.5122367350085566,1,1362.290301269035,-5.839925593266557,1
R058466,C,2,S015>S004,2833.964089402602,6.384893606218477,9596.4,1645.8891524022386,1188.0749370003634,0.4192272377208594,3,605.4511853027343,-5.844941156024333,1
R058468,C,2,S015>S004,2833.964089402602,6.271163298660992,5996.4,1645.8891524022386,1188.0749370003634,0.4192272377208594,3,605.4511853027343,-5.844941156024333,1
R058473,C,2,S015>S004,2833.964089402602,6.30070760080604,5996.4,1645.8891524022386,1188.0749370003634,0.4192272377208594,3,605.4511853027343,-5.844941156024333,1
R058477,C,2,S004>S015,2833.964089402602,6.315932969282164,5914.4,1656.7194182015353,1177.2446712010667,0.4154056417310599,3,587.3463659800143,-5.844528130159972,1
R058497,C,2,S005>S006,2256.37005581886,4.841122004816056,,1861.197090969704,395.1729648491564,0.1751365933216765,2,385.1729648491564,-2.549050034207454,1
R058499,C,2,S005>S006,2190.37005581886,4.841122004816056,1761.4,1795.1970909697038,395.1729648491564,0.1804137907196794,2,385.1729648491564,-2.549050034207454,1
R058519,C,2,S005>S006,2388.37005581886,6.137861089426345,1563.4,1993.197090969704,395.1729648491564,0.165457176071348,2,385.1729648491564,-2.549050034207454,1
R058521,C,2,S006>S005,2454.37005581886,5.2669911334981325,2426.9,2054.9395504477666,399.43050537109366,0.1627425760121695,2,389.43050537109366,-2.548557232538073,1
R058522,C,2,S005>S006,2190.37005581886,4.669793421325043,1761.4,1795.1970909697038,395.1729648491564,0.1804137907196794,2,385.1729648491564,-2.549050034207454,1
R058524,C,2,S005>S006,2256.37005581886,4.751770382857923,1695.4,1861.197090969704,395.1729648491564,0.1751365933216765,2,385.1729648491564,-2.549050034207454,1
R058530,C,2,S005>S006,2256.37005581886,4.903438394005535,1695.4,1861.197090969704,395.1729648491564,0.1751365933216765,2,385.1729648491564,-2.549050034207454,1
R058532,C,2,S005>S006,2322.37005581886,5.048210422328741,1629.4,1927.197090969704,395.1729648491564,0.170159343838861,2,385.1729648491564,-2.549050034207454,1
R058538,C,2,S005>S006,2322.37005581886,5.287033116757455,1629.4,1927.197090969704,395.1729648491564,0.170159343838861,2,385.1729648491564,-2.549050034207454,1
R058544,C,2,S005>S006,2454.37005581886,5.865205159146108,1497.4,2059.197090969704,395.1729648491564,0.1610078985083255,2,385.1729648491564,-2.549050034207454,1
R058545,C,2,S006>S005,2454.37005581886,5.05822654158267,2426.9,2054.9395504477666,399.43050537109366,0.1627425760121695,2,389.43050537109366,-2.548557232538073,1
R058548,C,2,S005>S006,2454.37005581886,6.197722536327995,1497.4,2059.197090969704,395.1729648491564,0.1610078985083255,2,385.1729648491564,-2.549050034207454,1
R058549,C,2,S006>S005,2454.37005581886,5.162871543590212,2426.9,2054.9395504477666,399.43050537109366,0.1627425760121695,2,389.43050537109366,-2.548557232538073,1
R058550,C,2,S005>S006,2454.37005581886,6.323401872466883,1497.4,2059.197090969704,395.1729648491564,0.1610078985083255,2,385.1729648491564,-2.549050034207454,1
R058551,C,2,S006>S005,2454.37005581886,5.202443918155925,2426.9,2054.9395504477666,399.43050537109366,0.1627425760121695,2,389.43050537109366,-2.548557232538073,1
R058552,C,2,S006>S005,2520.37005581886,5.338631222004462,2360.9,2120.9395504477666,399.43050537109366,0.1584808962671634,2,389.43050537109366,-2.548557232538073,1
R058553,C,2,S005>S006,2190.37005581886,4.722860927812853,,1795.1970909697038,395.1729648491564,0.1804137907196794,2,385.1729648491564,-2.549050034207454,1
R058555,C,2,S005>S006,2190.37005581886,4.753209406262381,,1795.1970909697038,395.1729648491564,0.1804137907196794,2,385.1729648491564,-2.549050034207454,1
R058557,C,2,S005>S006,2256.37005581886,4.862243192853232,,1861.197090969704,395.1729648491564,0.1751365933216765,2,385.1729648491564,-2.549050034207454,1
R058559,C,2,S005>S006,2190.37005581886,4.862243192853232,1761.4,1795.1970909697038,395.1729648491564,0.1804137907196794,2,385.1729648491564,-2.549050034207454,1
R058561,C,2,S005>S006,2256.37005581886,4.997816141596888,1695.4,1861.197090969704,395.1729648491564,0.1751365933216765,2,385.1729648491564,-2.549050034207454,1
R058563,C,2,S005>S006,2256.37005581886,5.049127656792124,1695.4,1861.197090969704,395.1729648491564,0.1751365933216765,2,385.1729648491564,-2.549050034207454,1
R058565,C,2,S005>S006,2322.37005581886,5.22294589798881,1629.4,1927.197090969704,395.1729648491564,0.170159343838861,2,385.1729648491564,-2.549050034207454,1
R058569,C,2,S005>S006,2322.37005581886,5.43004256194272,1629.4,1927.197090969704,395.1729648491564,0.170159343838861,2,385.1729648491564,-2.549050034207454,1
R058581,C,2,S006>S005,2454.37005581886,5.326235039297947,2426.9,2054.9395504477666,399.43050537109366,0.1627425760121695,2,389.43050537109366,-2.548557232538073,1
R058604,C,2,S005>S006,2454.37005581886,5.918263515646798,1497.4,2059.197090969704,395.1729648491564,0.1610078985083255,2,385.1729648491564,-2.549050034207454,1
R058605,C,2,S006>S005,2454.37005581886,5.10330149323541,2426.9,2054.9395504477666,399.43050537109366,0.1627425760121695,2,389.43050537109366,-2.548557232538073,1
R058608,C,2,S005>S006,2454.37005581886,6.26217659715063,1497.4,2059.197090969704,395.1729648491564,0.1610078985083255,2,385.1729648491564,-2.549050034207454,1
R058609,C,2,S006>S005,2454.37005581886,5.214783533602381,2426.9,2054.9395504477666,399.43050537109366,0.1627425760121695,2,389.43050537109366,-2.548557232538073,1
R058610,C,2,S005>S006,2454.37005581886,6.392393523121995,1497.4,2059.197090969704,395.1729648491564,0.1610078985083255,2,385.1729648491564,-2.549050034207454,1
R058611,C,2,S006>S005,2454.37005581886,5.257078309071763,2426.9,2054.9395504477666,399.43050537109366,0.1627425760121695,2,389.43050537109366,-2.548557232538073,1
R058612,C,2,S006>S005,2520.37005581886,5.403243209198936,2360.9,2120.9395504477666,399.43050537109366,0.1584808962671634,2,389.43050537109366,-2.548557232538073,1
R058672,C,2,S005>S006,2190.37005581886,4.812522350137771,9725.3,1795.1970909697038,395.1729648491564,0.1804137907196794,2,385.1729648491564,-2.549050034207454,1
R058674,C,2,S005>S006,2256.37005581886,4.934126718072198,9695.3,1861.197090969704,395.1729648491564,0.1751365933216765,2,385.1729648491564,-2.549050034207454,1
R058682,C,2,S005>S006,2322.37005581886,5.331049582667173,1629.4,1927.197090969704,395.1729648491564,0.170159343838861,2,385.1729648491564,-2.549050034207454,1
R058684,C,2,S005>S006,2256.37005581886,5.331049582667173,1695.4,1861.197090969704,395.1729648491564,0.1751365933216765,2,385.1729648491564,-2.549050034207454,1
R058692,C,2,S005>S006,2322.37005581886,5.9334629792105575,1629.4,1927.197090969704,395.1729648491564,0.170159343838861,2,385.1729648491564,-2.549050034207454,1
R058694,C,2,S005>S006,2388.37005581886,6.282504906409152,1563.4,1993.197090969704,395.1729648491564,0.165457176071348,2,385.1729648491564,-2.549050034207454,1
R058697,C,2,S006>S005,2454.37005581886,5.536465531250115,2426.9,2054.9395504477666,399.43050537109366,0.1627425760121695,2,389.43050537109366,-2.548557232538073,1
R058710,C,2,S005>S006,2322.37005581886,5.231340061159242,1629.4,1927.197090969704,395.1729648491564,0.170159343838861,2,385.1729648491564,-2.549050034207454,1
R058712,C,2,S005>S006,2388.37005581886,5.439935355477038,1563.4,1993.197090969704,395.1729648491564,0.165457176071348,2,385.1729648491564,-2.549050034207454,1
R058716,C,2,S005>S006,2388.37005581886,5.68883359844645,1563.4,1993.197090969704,395.1729648491564,0.165457176071348,2,385.1729648491564,-2.549050034207454,1
R058720,C,2,S005>S006,2454.37005581886,6.099566548225399,1497.4,2059.197090969704,395.1729648491564,0.1610078985083255,2,385.1729648491564,-2.549050034207454,1
R058721,C,2,S006>S005,2454.37005581886,5.261783917984508,2426.9,2054.9395504477666,399.43050537109366,0.1627425760121695,2,389.43050537109366,-2.548557232538073,1
R058724,C,2,S006>S005,2454.37005581886,5.397971221833045,2426.9,2054.9395504477666,399.43050537109366,0.1627425760121695,2,389.43050537109366,-2.548557232538073,1
R058725,C,2,S006>S005,2454.37005581886,5.450243593581064,2426.9,2054.9395504477666,399.43050537109366,0.1627425760121695,2,389.43050537109366,-2.548557232538073,1
R058726,C,2,S006>S005,2520.37005581886,5.6336074694396805,2360.9,2120.9395504477666,399.43050537109366,0.1584808962671634,2,389.43050537109366,-2.548557232538073,1
R058889,C,2,S005>S006,2322.37005581886,5.160172278880912,9629.3,1891.197090969704,431.1729648491564,0.1856607493576755,2,421.1729648491564,-2.549050034207454,1
R058893,C,2,S005>S006,2322.37005581886,5.352674184667207,1629.4,1891.197090969704,431.1729648491564,0.1856607493576755,2,421.1729648491564,-2.549050034207454,1
R058895,C,2,S005>S006,2322.37005581886,5.425365395774978,1629.4,1891.197090969704,431.1729648491564,0.1856607493576755,2,421.1729648491564,-2.549050034207454,1
R058897,C,2,S005>S006,2388.37005581886,5.672785188793285,1563.4,1957.197090969704,431.1729648491564,0.1805302171657513,2,421.1729648491564,-2.549050034207454,1
R058915,C,2,S005>S006,2388.37005581886,5.251832014143798,1563.4,1957.197090969704,431.1729648491564,0.1805302171657513,2,421.1729648491564,-2.549050034207454,1
R058917,C,2,S005>S006,2322.37005581886,5.251832014143798,1629.4,1891.197090969704,431.1729648491564,0.1856607493576755,2,421.1729648491564,-2.549050034207454,1
R058919,C,2,S005>S006,2388.37005581886,5.463446925093075,1563.4,1957.197090969704,431.1729648491564,0.1805302171657513,2,421.1729648491564,-2.549050034207454,1
R058921,C,2,S005>S006,2388.37005581886,5.543268097861718,1563.4,1957.197090969704,431.1729648491564,0.1805302171657513,2,421.1729648491564,-2.549050034207454,1
R058923,C,2,S005>S006,2454.37005581886,5.81523358348604,1497.4,2023.197090969704,431.1729648491564,0.1756756133114175,2,421.1729648491564,-2.549050034207454,1
R058924,C,2,S006>S005,2454.37005581886,5.426313485659658,2462.9,2018.9395504477664,435.43050537109366,0.1774102908152615,2,425.43050537109366,-2.548557232538073,1
R058927,C,2,S005>S006,2454.37005581886,6.145675773252878,1497.4,2023.197090969704,431.1729648491564,0.1756756133114175,2,421.1729648491564,-2.549050034207454,1
R058928,C,2,S006>S005,2454.37005581886,5.562500789508195,2462.9,2018.9395504477664,435.43050537109366,0.1774102908152615,2,425.43050537109366,-2.548557232538073,1
R058929,C,2,S005>S006,2454.37005581886,6.271629597565838,1497.4,2023.197090969704,431.1729648491564,0.1756756133114175,2,421.1729648491564,-2.549050034207454,1
R058931,C,2,S006>S005,2520.37005581886,5.798137037114831,2396.9,2084.9395504477666,435.43050537109366,0.1727645130387901,2,425.43050537109366,-2.548557232538073,1
R058932,C,2,S006>S005,2454.37005581886,5.798137037114831,2462.9,2018.9395504477664,435.43050537109366,0.1774102908152615,2,425.43050537109366,-2.548557232538073,1
R058933,C,2,S006>S005,2520.37005581886,6.0344627505632,2396.9,2084.9395504477666,435.43050537109366,0.1727645130387901,2,425.43050537109366,-2.548557232538073,1
R059054,C,2,S005>S006,2322.37005581886,5.2260174835361575,9593.3,1855.197090969704,467.1729648491564,0.20116215487649,2,457.1729648491564,-2.549050034207454,1
R059056,C,2,S005>S006,2322.37005581886,5.287618370730423,9593.3,1855.197090969704,467.1729648491564,0.20116215487649,2,457.1729648491564,-2.549050034207454,1
R059058,C,2,S005>S006,2388.37005581886,5.501907885007023,9563.3,1921.197090969704,467.1729648491564,0.1956032582601546,2,457.1729648491564,-2.549050034207454,1
R059062,C,2,S005>S006,2388.37005581886,5.766033231392122,1563.4,1921.197090969704,467.1729648491564,0.1956032582601546,2,457.1729648491564,-2.549050034207454,1
R059066,C,2,S005>S006,2454.37005581886,6.2174503770852585,1497.4,1987.197090969704,467.1729648491564,0.1903433281145095,2,457.1729648491564,-2.549050034207454,1
R059067,C,2,S006>S005,2454.37005581886,5.955325153231426,2498.9,1982.9395504477664,471.43050537109366,0.1920780056183535,2,461.43050537109366,-2.548557232538073,1
R059068,C,2,S005>S006,2388.37005581886,6.2174503770852585,1563.4,1921.197090969704,467.1729648491564,0.1956032582601546,2,457.1729648491564,-2.549050034207454,1
R059071,C,2,S006>S005,2454.37005581886,6.244791987166205,2498.9,1982.9395504477664,471.43050537109366,0.1920780056183535,2,461.43050537109366,-2.548557232538073,1
R059072,C,2,S005>S006,2322.37005581886,5.142555263304516,1629.4,1855.197090969704,467.1729648491564,0.20116215487649,2,457.1729648491564,-2.549050034207454,1
R059078,C,2,S005>S006,2454.37005581886,5.6271302421528,1497.4,1987.197090969704,467.1729648491564,0.1903433281145095,2,457.1729648491564,-2.549050034207454,1
R059080,C,2,S005>S006,2388.37005581886,5.6271302421528,1563.4,1921.197090969704,467.1729648491564,0.1956032582601546,2,457.1729648491564,-2.549050034207454,1
R059082,C,2,S005>S006,2454.37005581886,5.920289099899504,1497.4,1987.197090969704,467.1729648491564,0.1903433281145095,2,457.1729648491564,-2.549050034207454,1
R059084,C,2,S005>S006,2454.37005581886,6.032673828502796,1497.4,1987.197090969704,467.1729648491564,0.1903433281145095,2,457.1729648491564,-2.549050034207454,1
R059086,C,2,S006>S005,2520.37005581886,6.052467091420993,2432.9,2048.9395504477666,471.43050537109366,0.1870481298104168,2,461.43050537109366,-2.548557232538073,1
R059088,C,2,S006>S005,2520.37005581886,6.288792804869361,2432.9,2048.9395504477666,471.43050537109366,0.1870481298104168,2,461.43050537109366,-2.548557232538073,1
R059165,C,2,S006>S005,2190.37005581886,4.697670825287164,2690.9,1790.9395504477666,399.43050537109366,0.1823575447034534,2,389.43050537109366,-2.548557232538073,1
R059170,C,2,S005>S006,2322.37005581886,5.146067922848612,1629.4,1927.197090969704,395.1729648491564,0.170159343838861,2,385.1729648491564,-2.549050034207454,1
R059172,C,2,S005>S006,2256.37005581886,5.146067922848612,1695.4,1861.197090969704,395.1729648491564,0.1751365933216765,2,385.1729648491564,-2.549050034207454,1
R059181,C,2,S006>S005,2322.37005581886,4.956129379630946,2558.9,1922.9395504477664,399.43050537109366,0.171992617787287,2,389.43050537109366,-2.548557232538073,1
R059182,C,2,S005>S006,2388.37005581886,5.942814184279197,1563.4,1993.197090969704,395.1729648491564,0.165457176071348,2,385.1729648491564,-2.549050034207454,1
R059184,C,2,S005>S006,2388.37005581886,6.051664646657486,1563.4,1993.197090969704,395.1729648491564,0.165457176071348,2,385.1729648491564,-2.549050034207454,1
R059186,C,2,S006>S005,2454.37005581886,5.187610441425703,2426.9,2054.9395504477666,399.43050537109366,0.1627425760121695,2,389.43050537109366,-2.548557232538073,1
R059187,C,2,S005>S006,2190.37005581886,4.651947616604021,1761.4,1795.1970909697038,395.1729648491564,0.1804137907196794,2,385.1729648491564,-2.549050034207454,1
R059189,C,2,S005>S006,2256.37005581886,4.72761394386144,1695.4,1861.197090969704,395.1729648491564,0.1751365933216765,2,385.1729648491564,-2.549050034207454,1
R059193,C,2,S005>S006,2322.37005581886,4.87123777215209,1629.4,1927.197090969704,395.1729648491564,0.170159343838861,2,385.1729648491564,-2.549050034207454,1
R059195,C,2,S005>S006,2256.37005581886,4.87123777215209,1695.4,1861.197090969704,395.1729648491564,0.1751365933216765,2,385.1729648491564,-2.549050034207454,1
R059209,C,2,S005>S006,2454.37005581886,5.79153683455115,1497.4,2059.197090969704,395.1729648491564,0.1610078985083255,2,385.1729648491564,-2.549050034207454,1
R059210,C,2,S006>S005,2454.37005581886,4.9978413870561775,2426.9,2054.9395504477666,399.43050537109366,0.1627425760121695,2,389.43050537109366,-2.548557232538073,1
R059213,C,2,S005>S006,2454.37005581886,6.108686842182029,1497.4,2059.197090969704,395.1729648491564,0.1610078985083255,2,385.1729648491564,-2.549050034207454,1
R059214,C,2,S006>S005,2454.37005581886,5.093266485481152,2426.9,2054.9395504477666,399.43050537109366,0.1627425760121695,2,389.43050537109366,-2.548557232538073,1
R059215,C,2,S005>S006,2454.37005581886,6.228295282657141,1497.4,2059.197090969704,395.1729648491564,0.1610078985083255,2,385.1729648491564,-2.549050034207454,1
R059216,C,2,S006>S005,2454.37005581886,5.129196527343533,2426.9,2054.9395504477666,399.43050537109366,0.1627425760121695,2,389.43050537109366,-2.548557232538073,1
R059217,C,2,S006>S005,2520.37005581886,5.25215765676791,2360.9,2120.9395504477666,399.43050537109366,0.1584808962671634,2,389.43050537109366,-2.548557232538073,1
R059863,C,2,S007>S005,2442.3528655180867,4.964866843855067,2420.3,1429.264102384239,1013.0887631338474,0.4148003253080078,2,623.4504940908787,-2.5485814982225747,1
R059909,C,2,S007>S005,2442.3528655180867,5.004061758928075,2420.3,1429.264102384239,1013.0887631338474,0.4148003253080078,2,623.4504940908787,-2.5485814982225747,1
R059917,C,2,S007>S005,2376.3528655180867,4.736317636527915,2486.3,1399.264102384239,977.0887631338474,0.4111715803287593,2,587.4504940908787,-2.5485814982225747,1
R059988,C,2,S005>S007,2376.352865518086,4.839478440081513,9725.3,1402.7348495596282,973.618015958458,0.4097110450581978,2,588.4450511093016,-2.549050034207454,1
R060168,C,2,S005>S007,2442.352865518086,4.985921129868848,9659.3,1432.7348495596282,1009.618015958458,0.4133792582605757,2,588.4450511093016,-2.549050034207454,1
R060170,C,2,S005>S007,2442.352865518086,5.0293038414308295,9659.3,1432.7348495596282,1009.618015958458,0.4133792582605757,2,588.4450511093016,-2.549050034207454,1
R060324,C,2,S005>S007,2508.352865518086,5.254920425043676,9593.3,1462.7348495596284,1045.6180159584578,0.4168544347696835,2,588.4450511093014,-2.549050034207454,1
R060326,C,2,S005>S007,2508.352865518086,5.314574460674165,9593.3,1462.7348495596284,1045.6180159584578,0.4168544347696835,2,588.4450511093014,-2.549050034207454,1
R061013,C,2,S008>S005,2380.5399213047053,5.671141942117573,5868.3,1204.0916474183043,1176.448273886401,0.4941938857474079,2,781.990333212573,-6.237413833707706,1
R061059,C,2,S008>S005,2380.5399213047053,5.726251767316143,5868.3,1204.0916474183043,1176.448273886401,0.4941938857474079,2,781.990333212573,-6.237413833707706,1
R061149,C,2,S008>S005,2380.5399213047053,5.914680047527445,5868.3,1204.0916474183043,1176.448273886401,0.4941938857474079,2,781.990333212573,-6.237413833707706,1
R061379,C,2,S005>S008,2446.5399213047053,5.83982079944732,9593.3,1272.7198205172604,1173.820100787445,0.4797878385575099,2,717.9322677742261,-6.237413833707706,1
R061413,C,2,S005>S008,2314.5399213047053,5.265158734539675,9725.3,1212.7198205172604,1101.820100787445,0.476042815526962,2,717.9322677742261,-6.237413833707706,1
R061434,C,2,S008>S005,2314.5399213047053,5.227630664561145,5934.3,1174.0916474183043,1140.448273886401,0.4927321682330416,2,745.990333212573,-6.237413833707706,1
R061835,C,2,S009>S005,2090.806160002946,4.4718732051922485,9744.7,1109.0345297905628,981.7716302123832,0.4695660692959694,2,588.9256737914848,-3.212377640721556,1
R061839,C,2,S009>S005,2090.806160002946,4.374430847560631,9744.7,1109.0345297905628,981.7716302123832,0.4695660692959694,2,588.9256737914848,-3.212377640721556,1
R061849,C,2,S009>S005,2090.806160002946,4.500308115899565,9744.7,1109.0345297905628,981.7716302123832,0.4695660692959694,2,588.9256737914848,-3.212377640721556,1
R061853,C,2,S009>S005,2090.806160002946,4.3948803241797245,9744.7,1109.0345297905628,981.7716302123832,0.4695660692959694,2,588.9256737914848,-3.212377640721556,1
R061874,C,2,S005>S009,2090.806160002946,4.493233708911049,9725.3,1113.7603108936914,977.0458491092544,0.4673058018481626,2,594.4476034983793,-3.212377640721556,1
R062039,C,2,S005>S009,2090.806160002946,4.393667664596056,9725.3,1113.7603108936914,977.0458491092544,0.4673058018481626,2,594.4476034983793,-3.212377640721556,1
R062258,C,2,S010>S005,2386.9289304895237,5.360846645981288,2540.2,1550.3861537577138,836.5427767318095,0.3504682380971632,2,442.40179162438767,-2.5491204467015507,1
R062272,C,2,S010>S005,2386.9289304895237,5.39374935137587,2540.2,1550.3861537577138,836.5427767318095,0.3504682380971632,2,442.40179162438767,-2.5491204467015507,1
R062276,C,2,S010>S005,2386.9289304895237,5.298651345565283,2540.2,1550.3861537577138,836.5427767318095,0.3504682380971632,2,442.40179162438767,-2.5491204467015507,1
R062300,C,2,S010>S005,2386.9289304895237,5.510511760116681,2540.2,1550.3861537577138,836.5427767318095,0.3504682380971632,2,442.40179162438767,-2.5491204467015507,1
R062419,C,2,S005>S010,2386.9289304895237,5.303393333807287,9725.3,1550.4761470931376,836.4527833963857,0.350430535535401,2,451.2798185472293,-2.549050034207454,1
R062422,C,2,S010>S005,2386.9289304895237,5.317601063451316,2540.2,1550.3861537577138,836.5427767318095,0.3504682380971632,2,442.40179162438767,-2.5491204467015507,1
R062588,C,2,S011>S005,1911.8639791230096,3.5666202510946974,9927.5,1437.0251638153927,474.8388153076171,0.2483643295196294,2,394.8388153076171,-2.549206206331945,1
R062590,C,2,S011>S005,1977.8639791230096,3.6179165928380823,9861.5,1503.0251638153927,474.8388153076171,0.2400765777220746,2,394.8388153076171,-2.549206206331945,1
R062591,C,2,S005>S011,1911.8639791230091,3.524353128953612,9193.1,1455.671446402759,456.1925327202503,0.2386113958428727,2,386.1925327202503,-2.549206206331945,1
R062592,C,2,S011>S005,1911.8639791230096,3.5150638352765995,9927.5,1437.0251638153927,474.8388153076171,0.2483643295196294,2,394.8388153076171,-2.549206206331945,1
R062594,C,2,S011>S005,1977.8639791230096,3.550430264432517,9861.5,1503.0251638153927,474.8388153076171,0.2400765777220746,2,394.8388153076171,-2.549206206331945,1
R062596,C,2,S011>S005,1977.8639791230096,3.5844344479737997,9861.5,1503.0251638153927,474.8388153076171,0.2400765777220746,2,394.8388153076171,-2.549206206331945,1
R062602,C,2,S011>S005,1911.8639791230096,3.5846510773385303,9927.5,1437.0251638153927,474.8388153076171,0.2483643295196294,2,394.8388153076171,-2.549206206331945,1
R062604,C,2,S011>S005,1977.8639791230096,3.639057627979257,9861.5,1503.0251638153927,474.8388153076171,0.2400765777220746,2,394.8388153076171,-2.549206206331945,1
R062605,C,2,S005>S011,1911.8639791230091,3.538075872663559,9193.1,1455.671446402759,456.1925327202503,0.2386113958428727,2,386.1925327202503,-2.549206206331945,1
R062606,C,2,S011>S005,1911.8639791230096,3.5291636051146966,9927.5,1437.0251638153927,474.8388153076171,0.2483643295196294,2,394.8388153076171,-2.549206206331945,1
R062608,C,2,S011>S005,1977.8639791230096,3.567383903447135,9861.5,1503.0251638153927,474.8388153076171,0.2400765777220746,2,394.8388153076171,-2.549206206331945,1
R062610,C,2,S011>S005,1977.8639791230096,3.603581302415069,9861.5,1503.0251638153927,474.8388153076171,0.2400765777220746,2,394.8388153076171,-2.549206206331945,1
R062616,C,2,S011>S005,1977.8639791230096,3.647855038417165,9897.5,1467.0251638153927,510.8388153076171,0.2582780316036315,2,430.8388153076171,-2.549206206331945,1
R062620,C,2,S011>S005,1977.8639791230096,3.5803687100116,9897.5,1467.0251638153927,510.8388153076171,0.2582780316036315,2,430.8388153076171,-2.549206206331945,1
R062624,C,2,S011>S005,2043.8639791230096,3.670378610495312,9831.5,1533.0251638153927,510.8388153076171,0.2499377749818802,2,430.8388153076171,-2.549206206331945,1
R062627,C,2,S005>S011,1911.8639791230091,3.652123347981712,9725.3,1455.671446402759,456.1925327202503,0.2386113958428727,2,386.1925327202503,-2.549206206331945,1
R062689,C,2,S005>S011,1977.8639791230091,3.750589343187671,9127.1,1485.671446402759,492.1925327202503,0.2488505468098417,2,422.1925327202503,-2.549206206331945,1
R062690,C,2,S011>S005,1977.8639791230096,3.7506433354035753,9327.5,1467.0251638153927,510.8388153076171,0.2582780316036315,2,430.8388153076171,-2.549206206331945,1
R062745,C,2,S005>S011,2043.8639791230091,3.997114970933085,9061.1,1515.671446402759,528.1925327202503,0.2584284170157397,2,458.1925327202503,-2.549206206331945,1
R062746,C,2,S011>S005,2043.8639791230096,4.00643064179469,9261.5,1497.0251638153927,546.8388153076171,0.2675514715721234,2,466.8388153076171,-2.549206206331945,1
R062794,C,2,S011>S005,1911.8639791230096,3.5150057678615374,9393.5,1437.0251638153927,474.8388153076171,0.2483643295196294,2,394.8388153076171,-2.549206206331945,1
R062799,C,2,S005>S011,1911.8639791230091,3.50650732423259,9193.1,1455.671446402759,456.1925327202503,0.2386113958428727,2,386.1925327202503,-2.549206206331945,1
R062800,C,2,S011>S005,1911.8639791230096,3.497057505985488,9393.5,1437.0251638153927,474.8388153076171,0.2483643295196294,2,394.8388153076171,-2.549206206331945,1
R063016,C,2,S012>S005,2463.6258932636947,5.974651111711281,2349.8,1161.2948691693668,1302.331024094328,0.5286236955275143,2,909.4850676734296,-5.4426206856221455,1
R063020,C,2,S012>S005,2463.6258932636947,5.845693903532288,2349.8,1161.2948691693668,1302.331024094328,0.5286236955275143,2,909.4850676734296,-5.4426206856221455,1
R063055,C,2,S005>S012,2463.6258932636947,5.956450151447703,9725.3,1165.5141423804607,1298.111750883234,0.5269110681263206,2,915.5135052723588,-5.4426206856221455,1
R063058,C,2,S012>S005,2463.6258932636947,6.158782212755357,2349.8,1161.2948691693668,1302.331024094328,0.5286236955275143,2,909.4850676734296,-5.4426206856221455,1
R063110,C,2,S012>S005,2463.6258932636947,5.920402305363161,2349.8,1161.2948691693668,1302.331024094328,0.5286236955275143,2,909.4850676734296,-5.4426206856221455,1
R063242,C,2,S005>S013,2199.41480862837,5.027450251645552,9725.3,1230.2497373770948,969.1650712512752,0.4406467881589282,6,433.9921064021187,-2.549050034207454,1
R063249,C,2,S013>S005,2199.4148086283703,5.007921078844276,2568.4,1221.4156943413443,977.999114287026,0.4446633306506377,6,422.08538190834497,-2.5484245805971,1
R063298,C,2,S005>S013,2265.41480862837,5.217275652994868,9659.3,1260.2497373770948,1005.1650712512752,0.4437002298311397,6,433.9921064021187,-2.549050034207454,1
R063589,C,2,S014>S005,2802.667516300265,6.172203595545528,2357.1,1712.2033979640178,1090.464118336247,0.3890807996289703,2,697.9560067639818,-2.7502565690805056,1
R063592,C,2,S014>S005,2802.667516300265,6.067258097291207,2357.1,1712.2033979640178,1090.464118336247,0.3890807996289703,2,697.9560067639818,-2.7502565690805056,1
R063601,C,2,S014>S005,2802.667516300265,6.212765907581787,2357.1,1712.2033979640178,1090.464118336247,0.3890807996289703,2,697.9560067639818,-2.7502565690805056,1
R063604,C,2,S014>S005,2802.667516300265,6.100270010066106,2357.1,1712.2033979640178,1090.464118336247,0.3890807996289703,2,697.9560067639818,-2.7502565690805056,1
R063618,C,2,S005>S014,2802.6675163002647,6.192558719057328,9725.3,1725.490362232732,1077.177154067533,0.384339971760007,2,692.0041892183763,-2.7502565690805056,1
R063621,C,2,S014>S005,2802.667516300265,6.356195534552614,2357.1,1712.2033979640178,1090.464118336247,0.3890807996289703,2,697.9560067639818,-2.7502565690805056,1
R063623,C,2,S014>S005,2802.667516300265,6.220653375294278,2357.1,1712.2033979640178,1090.464118336247,0.3890807996289703,2,697.9560067639818,-2.7502565690805056,1
R063642,C,2,S014>S005,2802.667516300265,6.118755410548162,2357.1,1712.2033979640178,1090.464118336247,0.3890807996289703,2,697.9560067639818,-2.7502565690805056,1
R063645,C,2,S014>S005,2802.667516300265,6.025339931183914,2357.1,1712.2033979640178,1090.464118336247,0.3890807996289703,2,697.9560067639818,-2.7502565690805056,1
R063702,C,2,S015>S005,2444.377520718424,4.897243092719877,5996.4,1470.437820534467,973.939700183957,0.3984407858151582,2,583.568673572629,-3.671366013578563,1
R063716,C,2,S015>S005,2444.377520718424,4.922649627893079,5996.4,1470.437820534467,973.939700183957,0.3984407858151582,2,583.568673572629,-3.671366013578563,1
R063737,C,2,S005>S015,2444.3775207184235,5.0142337127118655,9725.3,1472.2530290413788,972.1244916770448,0.3976981801859023,2,586.9515268278883,-3.671366013578563,1
R063744,C,2,S015>S005,2444.377520718424,5.014213573271881,5996.4,1470.437820534467,973.939700183957,0.3984407858151582,2,583.568673572629,-3.671366013578563,1
R063793,C,2,S005>S015,2510.3775207184235,5.204059114061183,9659.3,1502.2530290413788,1008.1244916770448,0.4015828230442958,2,586.9515268278883,-3.671366013578563,1
R063847,C,2,S005>S015,2576.3775207184235,5.489329733304517,9593.3,1532.2530290413788,1044.1244916770447,0.405268437284723,2,586.9515268278883,-3.671366013578563,1
R063886,C,2,S015>S005,2444.377520718424,4.864492676386773,5996.4,1470.437820534467,973.939700183957,0.3984407858151582,2,583.568673572629,-3.671366013578563,1
R064212,C,2,S006>S007,2083.778470678836,3.430916702086662,2690.9,1613.692544196867,470.0859264819692,0.225593043164914,2,422.3199340820313,-1.2176349454431374,1
R064214,C,2,S006>S007,2083.778470678836,3.451330226881164,2690.9,1613.692544196867,470.0859264819692,0.225593043164914,2,422.3199340820313,-1.2176349454431374,1
R064396,C,2,S006>S007,2149.778470678836,3.5445435270403376,2624.9,1679.692544196867,470.0859264819692,0.2186671477519867,2,422.3199340820313,-1.2176349454431374,1
R064398,C,2,S006>S007,2149.778470678836,3.571533846345119,2624.9,1679.692544196867,470.0859264819692,0.2186671477519867,2,422.3199340820313,-1.2176349454431374,1
R064700,C,2,S006>S007,2083.778470678836,3.370657637615695,2690.9,1613.692544196867,470.0859264819692,0.225593043164914,2,422.3199340820313,-1.2176349454431374,1
R065384,C,2,S006>S008,2618.3332171715742,6.243404881040407,2690.9,1773.0584332360272,845.274783935547,0.3228293398227769,2,635.274783935547,-6.244626569890386,1
R065385,C,2,S006>S008,2618.3332171715742,6.27418168282876,2690.9,1773.0584332360272,845.274783935547,0.3228293398227769,2,635.274783935547,-6.244626569890386,1
R065387,C,2,S006>S008,2618.3332171715742,6.384814492966656,2690.9,1773.0584332360272,845.274783935547,0.3228293398227769,2,635.274783935547,-6.244626569890386,1
R065476,C,2,S009>S006,2237.502274846122,5.371467076422895,9744.7,1733.9478037961803,503.5544710499416,0.2250520487558262,1,503.5544710499416,-3.214050195268925,1
R065490,C,2,S009>S006,2237.502274846122,5.409614721081278,9744.7,1733.9478037961803,503.5544710499416,0.2250520487558262,1,503.5544710499416,-3.214050195268925,1
R065504,C,2,S009>S006,2303.502274846122,5.545766697322893,9714.7,1799.9478037961803,503.5544710499416,0.2186038522942548,1,503.5544710499416,-3.214050195268925,1
R065508,C,2,S009>S006,2303.502274846122,5.415964776798006,9714.7,1799.9478037961803,503.5544710499416,0.2186038522942548,1,503.5544710499416,-3.214050195268925,1
R065516,C,2,S009>S006,2237.502274846122,5.469291479466035,1714.3,1733.9478037961803,503.5544710499416,0.2250520487558262,1,503.5544710499416,-3.214050195268925,1
R065532,C,2,S009>S006,2303.502274846122,5.7145140542864965,1648.3,1799.9478037961803,503.5544710499416,0.2186038522942548,1,503.5544710499416,-3.214050195268925,1
R065544,C,2,S009>S006,2303.502274846122,5.681323570729566,1648.3,1799.9478037961803,503.5544710499416,0.2186038522942548,1,503.5544710499416,-3.214050195268925,1
R065572,C,2,S009>S006,2303.502274846122,5.879606189090776,1648.3,1799.9478037961803,503.5544710499416,0.2186038522942548,1,503.5544710499416,-3.214050195268925,1
R065574,C,2,S009>S006,2303.502274846122,5.995175260092328,1648.3,1799.9478037961803,503.5544710499416,0.2186038522942548,1,503.5544710499416,-3.214050195268925,1
R065588,C,2,S009>S006,2369.502274846122,6.254541722335125,1582.3,1865.9478037961803,503.5544710499416,0.2125148713278374,1,503.5544710499416,-3.214050195268925,1
R065598,C,2,S009>S006,2369.502274846122,6.205377857638533,1582.3,1865.9478037961803,503.5544710499416,0.2125148713278374,1,503.5544710499416,-3.214050195268925,1
R065600,C,2,S009>S006,2369.502274846122,6.351859092567524,1582.3,1865.9478037961803,503.5544710499416,0.2125148713278374,1,503.5544710499416,-3.214050195268925,1
R065612,C,2,S009>S006,2435.502274846122,6.3816447013545865,1516.3000000000002,1931.9478037961803,503.5544710499416,0.2067559025711675,1,503.5544710499416,-3.214050195268925,1
R065619,C,2,S006>S009,2369.502274846121,5.540230378449792,2558.9,1855.8611207653048,513.6411540808169,0.2167717497186929,1,513.6411540808169,-3.214050195268925,1
R065637,C,2,S006>S009,2501.502274846121,5.916253003252938,2426.9,1987.8611207653048,513.6411540808169,0.2053330749468989,1,513.6411540808169,-3.214050195268925,1
R065638,C,2,S006>S009,2501.502274846121,6.137234202541069,2426.9,1987.8611207653048,513.6411540808169,0.2053330749468989,1,513.6411540808169,-3.214050195268925,1
R065639,C,2,S006>S009,2501.502274846121,5.77171144024455,2426.9,1987.8611207653048,513.6411540808169,0.2053330749468989,1,513.6411540808169,-3.214050195268925,1
R065643,C,2,S009>S006,2237.502274846122,5.269492149826393,1714.3,1733.9478037961803,503.5544710499416,0.2250520487558262,1,503.5544710499416,-3.214050195268925,1
R065659,C,2,S009>S006,2303.502274846122,5.430068996964408,1648.3,1799.9478037961803,503.5544710499416,0.2186038522942548,1,503.5544710499416,-3.214050195268925,1
R065685,C,2,S009>S006,2369.502274846122,5.542184809253804,1582.3,1865.9478037961803,503.5544710499416,0.2125148713278374,1,503.5544710499416,-3.214050195268925,1
R065691,C,2,S009>S006,2369.502274846122,5.483291665663698,1582.3,1865.9478037961803,503.5544710499416,0.2125148713278374,1,503.5544710499416,-3.214050195268925,1
R065705,C,2,S009>S006,2303.502274846122,5.483291665663698,1648.3,1799.9478037961803,503.5544710499416,0.2186038522942548,1,503.5544710499416,-3.214050195268925,1
R065713,C,2,S009>S006,2369.502274846122,5.71190872368247,1582.3,1865.9478037961803,503.5544710499416,0.2125148713278374,1,503.5544710499416,-3.214050195268925,1
R065733,C,2,S009>S006,2369.502274846122,5.700808284209372,1582.3,1865.9478037961803,503.5544710499416,0.2125148713278374,1,503.5544710499416,-3.214050195268925,1
R065741,C,2,S009>S006,2435.502274846122,5.992889889431305,1516.3000000000002,1931.9478037961803,503.5544710499416,0.2067559025711675,1,503.5544710499416,-3.214050195268925,1
R065743,C,2,S009>S006,2435.502274846122,6.119067958574941,1516.3000000000002,1931.9478037961803,503.5544710499416,0.2067559025711675,1,503.5544710499416,-3.214050195268925,1
R065747,C,2,S009>S006,2435.502274846122,5.903369718963914,1516.3000000000002,1931.9478037961803,503.5544710499416,0.2067559025711675,1,503.5544710499416,-3.214050195268925,1
R065760,C,2,S009>S006,2369.502274846122,5.903369718963914,1582.3,1865.9478037961803,503.5544710499416,0.2125148713278374,1,503.5544710499416,-3.214050195268925,1
R065767,C,2,S009>S006,2435.502274846122,6.2517565701395625,1516.3000000000002,1931.9478037961803,503.5544710499416,0.2067559025711675,1,503.5544710499416,-3.214050195268925,1
R065768,C,2,S006>S009,2435.502274846121,5.718335212702207,2492.9,1921.8611207653048,513.6411540808169,0.210897423248463,1,513.6411540808169,-3.214050195268925,1
R065771,C,2,S009>S006,2435.502274846122,6.145096433904434,1516.3000000000002,1931.9478037961803,503.5544710499416,0.2067559025711675,1,503.5544710499416,-3.214050195268925,1
R065777,C,2,S009>S006,2435.502274846122,6.348737113330407,1516.3000000000002,1931.9478037961803,503.5544710499416,0.2067559025711675,1,503.5544710499416,-3.214050195268925,1
R065781,C,2,S009>S006,2435.502274846122,6.235561747482539,1516.3000000000002,1931.9478037961803,503.5544710499416,0.2067559025711675,1,503.5544710499416,-3.214050195268925,1
R065785,C,2,S006>S009,2501.502274846121,5.693319457190401,2426.9,1987.8611207653048,513.6411540808169,0.2053330749468989,1,513.6411540808169,-3.214050195268925,1
R065786,C,2,S006>S009,2501.502274846121,5.862552589275463,2426.9,1987.8611207653048,513.6411540808169,0.2053330749468989,1,513.6411540808169,-3.214050195268925,1
R065788,C,2,S006>S009,2501.502274846121,5.581942385875023,2426.9,1987.8611207653048,513.6411540808169,0.2053330749468989,1,513.6411540808169,-3.214050195268925,1
R065799,C,2,S006>S009,2501.502274846121,5.804801497557371,2426.9,1987.8611207653048,513.6411540808169,0.2053330749468989,1,513.6411540808169,-3.214050195268925,1
R065800,C,2,S006>S009,2501.502274846121,5.998739893123999,2426.9,1987.8611207653048,513.6411540808169,0.2053330749468989,1,513.6411540808169,-3.214050195268925,1
R065802,C,2,S006>S009,2501.502274846121,5.677367484299998,2426.9,1987.8611207653048,513.6411540808169,0.2053330749468989,1,513.6411540808169,-3.214050195268925,1
R065805,C,2,S006>S009,2501.502274846121,5.847096273026754,2426.9,1987.8611207653048,513.6411540808169,0.2053330749468989,1,513.6411540808169,-3.214050195268925,1
R065806,C,2,S006>S009,2501.502274846121,6.051012264872019,2426.9,1987.8611207653048,513.6411540808169,0.2053330749468989,1,513.6411540808169,-3.214050195268925,1
R065807,C,2,S006>S009,2501.502274846121,5.713297526162379,2426.9,1987.8611207653048,513.6411540808169,0.2053330749468989,1,513.6411540808169,-3.214050195268925,1
R065810,C,2,S006>S009,2567.502274846121,5.993261173153927,2360.9,2053.861120765305,513.6411540808169,0.2000547999949098,1,513.6411540808169,-3.214050195268925,1
R065811,C,2,S006>S009,2567.502274846121,6.234376140730635,2360.9,2053.861120765305,513.6411540808169,0.2000547999949098,1,513.6411540808169,-3.214050195268925,1
R065812,C,2,S006>S009,2567.502274846121,5.836258655586756,2360.9,2053.861120765305,513.6411540808169,0.2000547999949098,1,513.6411540808169,-3.214050195268925,1
R065814,C,2,S006>S009,2633.502274846121,6.380066671514525,2330.9,2083.861120765305,549.6411540808169,0.2087110990298776,1,549.6411540808169,-3.214050195268925,1
R065815,C,2,S006>S010,2246.7079476563663,5.097955627312589,,1848.976248956939,397.7316986994276,0.1770286605850653,1,397.7316986994276,-1.6556759388739977,1
R065817,C,2,S006>S010,2246.7079476563663,5.194240262508073,1859.4,1848.976248956939,397.7316986994276,0.1770286605850653,1,397.7316986994276,-1.6556759388739977,1
R065829,C,2,S006>S010,2246.7079476563663,5.1091183881077065,,1848.976248956939,397.7316986994276,0.1770286605850653,1,397.7316986994276,-1.6556759388739977,1
R065831,C,2,S006>S010,2246.7079476563663,5.20781437447514,1859.4,1848.976248956939,397.7316986994276,0.1770286605850653,1,397.7316986994276,-1.6556759388739977,1
R065835,C,2,S006>S010,2246.7079476563663,5.047866997656719,1859.4,1848.976248956939,397.7316986994276,0.1770286605850653,1,397.7316986994276,-1.6556759388739977,1
R065843,C,2,S006>S010,2312.7079476563663,5.147410488443684,,1914.976248956939,397.7316986994276,0.1719766212169063,1,397.7316986994276,-1.6556759388739977,1
R065845,C,2,S006>S010,2312.7079476563663,5.253648399769705,1793.4,1914.976248956939,397.7316986994276,0.1719766212169063,1,397.7316986994276,-1.6556759388739977,1
R065849,C,2,S006>S010,2312.7079476563663,5.080152316705082,1793.4,1914.976248956939,397.7316986994276,0.1719766212169063,1,397.7316986994276,-1.6556759388739977,1
R065857,C,2,S006>S010,2246.7079476563663,5.147410488443684,2690.9,1848.976248956939,397.7316986994276,0.1770286605850653,1,397.7316986994276,-1.6556759388739977,1
R065859,C,2,S006>S010,2246.7079476563663,5.253648399769705,1859.4,1848.976248956939,397.7316986994276,0.1770286605850653,1,397.7316986994276,-1.6556759388739977,1
R065871,C,2,S006>S010,2312.7079476563663,5.193244513738252,2624.9,1914.976248956939,397.7316986994276,0.1719766212169063,1,397.7316986994276,-1.6556759388739977,1
R065877,C,2,S006>S010,2312.7079476563663,5.119663221635781,1793.4,1914.976248956939,397.7316986994276,0.1719766212169063,1,397.7316986994276,-1.6556759388739977,1
R065885,C,2,S006>S010,2312.7079476563663,5.210330569350294,2624.9,1914.976248956939,397.7316986994276,0.1719766212169063,1,397.7316986994276,-1.6556759388739977,1
R065891,C,2,S006>S010,2312.7079476563663,5.134497515238542,1793.4,1914.976248956939,397.7316986994276,0.1719766212169063,1,397.7316986994276,-1.6556759388739977,1
R065913,C,2,S006>S010,2312.7079476563663,5.26761410790764,2624.9,1914.976248956939,397.7316986994276,0.1719766212169063,1,397.7316986994276,-1.6556759388739977,1
R065915,C,2,S006>S010,2312.7079476563663,5.395582893659007,1793.4,1914.976248956939,397.7316986994276,0.1719766212169063,1,397.7316986994276,-1.6556759388739977,1
R065919,C,2,S006>S010,2312.7079476563663,5.184389027532541,1793.4,1914.976248956939,397.7316986994276,0.1719766212169063,1,397.7316986994276,-1.6556759388739977,1
R065955,C,2,S006>S010,2444.7079476563663,5.445081639941604,2492.9,2046.9762489569384,397.7316986994279,0.1626908846435893,1,397.7316986994279,-1.6556759388739977,1
R065957,C,2,S006>S010,2444.7079476563663,5.606927513969014,1661.4,2046.9762489569384,397.7316986994279,0.1626908846435893,1,397.7316986994279,-1.6556759388739977,1
R065966,C,2,S006>S010,2378.7079476563663,5.445081639941604,2558.9,1980.9762489569384,397.7316986994279,0.1672049311859806,1,397.7316986994279,-1.6556759388739977,1
R065977,C,2,S006>S010,2444.7079476563663,5.54652362793756,2492.9,2046.9762489569384,397.7316986994279,0.1626908846435893,1,397.7316986994279,-1.6556759388739977,1
R065991,C,2,S006>S010,2510.7079476563663,5.716389047715296,2426.9,2112.9762489569384,397.7316986994276,0.158414163252517,1,397.7316986994276,-1.6556759388739977,1
R065992,C,2,S006>S010,2510.7079476563663,5.940023041316792,1595.4,2112.9762489569384,397.7316986994276,0.158414163252517,1,397.7316986994276,-1.6556759388739977,1
R065994,C,2,S006>S010,2510.7079476563663,5.570091932843621,1595.4,2112.9762489569384,397.7316986994276,0.158414163252517,1,397.7316986994276,-1.6556759388739977,1
R066101,C,2,S006>S010,2444.7079476563663,5.212617592254185,1661.4,2046.9762489569384,397.7316986994279,0.1626908846435893,1,397.7316986994279,-1.6556759388739977,1
R066125,C,2,S006>S010,2444.7079476563663,5.521124051477928,1661.4,2046.9762489569384,397.7316986994279,0.1626908846435893,1,397.7316986994279,-1.6556759388739977,1
R066148,C,2,S006>S010,2510.7079476563663,5.493455501652759,2426.9,2112.9762489569384,397.7316986994276,0.158414163252517,1,397.7316986994276,-1.6556759388739977,1
R066149,C,2,S010>S006,2510.7079476563663,6.3920222870978325,1441.1,2111.478348414791,399.2295992415752,0.1590107681039677,1,399.2295992415752,-1.6556759388739977,1
R066150,C,2,S006>S010,2510.7079476563663,5.665341428051185,1595.4,2112.9762489569384,397.7316986994276,0.158414163252517,1,397.7316986994276,-1.6556759388739977,1
R066152,C,2,S006>S010,2510.7079476563663,5.380322878474095,1595.4,2112.9762489569384,397.7316986994276,0.158414163252517,1,397.7316986994276,-1.6556759388739977,1
R066153,C,2,S010>S006,2510.7079476563663,6.275371722905851,1441.1,2111.478348414791,399.2295992415752,0.1590107681039677,1,399.2295992415752,-1.6556759388739977,1
R066159,C,2,S006>S010,2444.7079476563663,5.665341428051185,1661.4,2046.9762489569384,397.7316986994279,0.1626908846435893,1,397.7316986994279,-1.6556759388739977,1
R066161,C,2,S006>S010,2444.7079476563663,5.380322878474095,1661.4,2046.9762489569384,397.7316986994279,0.1626908846435893,1,397.7316986994279,-1.6556759388739977,1
R066166,C,2,S006>S010,2510.7079476563663,5.60493754201973,2426.9,2112.9762489569384,397.7316986994276,0.158414163252517,1,397.7316986994276,-1.6556759388739977,1
R066167,C,2,S006>S010,2510.7079476563663,5.801528731899722,1595.4,2112.9762489569384,397.7316986994276,0.158414163252517,1,397.7316986994276,-1.6556759388739977,1
R066169,C,2,S006>S010,2510.7079476563663,5.47574797689907,1595.4,2112.9762489569384,397.7316986994276,0.158414163252517,1,397.7316986994276,-1.6556759388739977,1
R066173,C,2,S006>S010,2510.7079476563663,5.647232317489113,2426.9,2112.9762489569384,397.7316986994276,0.158414163252517,1,397.7316986994276,-1.6556759388739977,1
R066174,C,2,S006>S010,2510.7079476563663,5.85380110364774,1595.4,2112.9762489569384,397.7316986994276,0.158414163252517,1,397.7316986994276,-1.6556759388739977,1
R066176,C,2,S006>S010,2510.7079476563663,5.511678018761451,1595.4,2112.9762489569384,397.7316986994276,0.158414163252517,1,397.7316986994276,-1.6556759388739977,1
R066180,C,2,S006>S010,2576.7079476563663,5.793397217616287,2360.9,2178.9762489569384,397.7316986994276,0.1543565304174975,1,397.7316986994276,-1.6556759388739977,1
R066181,C,2,S006>S010,2576.7079476563663,6.0371649795063576,1529.4,2178.9762489569384,397.7316986994276,0.1543565304174975,1,397.7316986994276,-1.6556759388739977,1
R066182,C,2,S006>S010,2576.7079476563663,5.634639148185828,1529.4,2178.9762489569384,397.7316986994276,0.1543565304174975,1,397.7316986994276,-1.6556759388739977,1
R066188,C,2,S011>S006,1786.2189316547206,3.095765113714976,9927.5,1786.2189316547206,0.0,0.0,0,0.0,1.8670874984587729,0
R066190,C,2,S011>S006,1852.2189316547208,3.1470614554583616,9861.5,1852.2189316547208,0.0,0.0,0,0.0,1.8670874984587729,0
R066192,C,2,S011>S006,1786.2189316547206,3.0442086978968783,9927.5,1786.2189316547206,0.0,0.0,0,0.0,1.8670874984587729,0
R066194,C,2,S011>S006,1852.2189316547208,3.079575127052796,9861.5,1852.2189316547208,0.0,0.0,0,0.0,1.8670874984587729,0
R066196,C,2,S011>S006,1852.2189316547208,3.113579310594078,9861.5,1852.2189316547208,0.0,0.0,0,0.0,1.8670874984587729,0
R066199,C,2,S006>S011,1786.2189316547206,3.089250668855696,,1786.2189316547206,0.0,0.0,0,0.0,1.8670874984587729,0
R066200,C,2,S011>S006,1786.2189316547206,3.0824115694362284,,1786.2189316547206,0.0,0.0,0,0.0,1.8670874984587729,0
R066201,C,2,S006>S011,1786.2189316547206,3.154415411153467,9318.7,1786.2189316547206,0.0,0.0,0,0.0,1.8670874984587729,0
R066202,C,2,S011>S006,1786.2189316547206,3.1153363686599285,9927.5,1786.2189316547206,0.0,0.0,0,0.0,1.8670874984587729,0
R066204,C,2,S011>S006,1852.2189316547208,3.1697429193006554,9861.5,1852.2189316547208,0.0,0.0,0,0.0,1.8670874984587729,0
R066206,C,2,S011>S006,1786.2189316547206,3.0598488964360957,9927.5,1786.2189316547206,0.0,0.0,0,0.0,1.8670874984587729,0
R066208,C,2,S011>S006,1852.2189316547208,3.098069194768533,9861.5,1852.2189316547208,0.0,0.0,0,0.0,1.8670874984587729,0
R066209,C,2,S006>S011,1852.2189316547208,3.192715988976764,9252.7,1852.2189316547208,0.0,0.0,0,0.0,1.8670874984587729,0
R066210,C,2,S011>S006,1852.2189316547208,3.1342665937364678,9861.5,1852.2189316547208,0.0,0.0,0,0.0,1.8670874984587729,0
R066216,C,2,S011>S006,1852.2189316547208,3.184145152294806,9897.5,1852.2189316547208,0.0,0.0,0,0.0,1.8670874984587729,0
R066218,C,2,S011>S006,1918.2189316547208,3.2486914949196883,9831.5,1918.2189316547208,0.0,0.0,0,0.0,1.8670874984587729,0
R066220,C,2,S011>S006,1852.2189316547208,3.1166588238892405,9897.5,1852.2189316547208,0.0,0.0,0,0.0,1.8670874984587729,0
R066224,C,2,S011>S006,1918.2189316547208,3.206668724372952,9831.5,1918.2189316547208,0.0,0.0,0,0.0,1.8670874984587729,0
R066268,C,2,S011>S006,1984.2189316547208,3.4159475376500765,1967.6,1984.2189316547208,0.0,0.0,0,0.0,1.8670874984587729,0
R066283,C,2,S006>S011,1852.2189316547208,3.247746388655629,2624.9,1852.2189316547208,0.0,0.0,0,0.0,1.8670874984587729,0
R066289,C,2,S006>S011,1852.2189316547208,3.1836636747572182,2624.9,1852.2189316547208,0.0,0.0,0,0.0,1.8670874984587729,0
R066342,C,2,S011>S006,1918.2189316547208,3.73999712188761,2033.6,1918.2189316547208,0.0,0.0,0,0.0,1.8670874984587729,0
R066343,C,2,S006>S011,1984.2189316547208,3.771346897191376,2528.9,1984.2189316547208,0.0,0.0,0,0.0,1.8670874984587729,0
R066344,C,2,S011>S006,1984.2189316547208,3.889115427075448,1967.6,1984.2189316547208,0.0,0.0,0,0.0,1.8670874984587729,0
R066345,C,2,S006>S011,1918.2189316547208,3.337885518273541,2558.9,1918.2189316547208,0.0,0.0,0,0.0,1.8670874984587729,0
R066346,C,2,S011>S006,1918.2189316547208,3.588536852346768,2033.6,1918.2189316547208,0.0,0.0,0,0.0,1.8670874984587729,0
R066347,C,2,S006>S011,1984.2189316547208,3.486024774353564,2528.9,1984.2189316547208,0.0,0.0,0,0.0,1.8670874984587729,0
R066395,C,2,S006>S011,1786.2189316547206,3.1220028485909723,2690.9,1786.2189316547206,0.0,0.0,0,0.0,1.8670874984587729,0
R066399,C,2,S006>S011,1786.2189316547206,3.025946301991018,2690.9,1786.2189316547206,0.0,0.0,0,0.0,1.8670874984587729,0
R066614,C,2,S013>S006,2174.368978684736,5.062924558221316,,1804.393008397485,369.97597028725113,0.1701532600557277,1,369.97597028725113,-1.7783987710747056,1
R066620,C,2,S013>S006,2174.368978684736,5.027504810803878,2568.4,1804.393008397485,369.97597028725113,0.1701532600557277,1,369.97597028725113,-1.7783987710747056,1
R066628,C,2,S013>S006,2174.368978684736,5.094251898299534,,1804.393008397485,369.97597028725113,0.1701532600557277,1,369.97597028725113,-1.7783987710747056,1
R066630,C,2,S013>S006,2174.368978684736,5.150532000853572,2568.4,1804.393008397485,369.97597028725113,0.1701532600557277,1,369.97597028725113,-1.7783987710747056,1
R066634,C,2,S013>S006,2174.368978684736,5.055741775058204,2568.4,1804.393008397485,369.97597028725113,0.1701532600557277,1,369.97597028725113,-1.7783987710747056,1
R066648,C,2,S013>S006,2240.368978684736,5.160562545947892,2538.4,1870.393008397485,369.97597028725113,0.1651406414779295,1,369.97597028725113,-1.7783987710747056,1
R066672,C,2,S013>S006,2240.368978684736,5.431991533521617,1711.4,1870.393008397485,369.97597028725113,0.1651406414779295,1,369.97597028725113,-1.7783987710747056,1
R066686,C,2,S013>S006,2240.368978684736,5.4910991703716805,1711.4,1870.393008397485,369.97597028725113,0.1651406414779295,1,369.97597028725113,-1.7783987710747056,1
R066714,C,2,S013>S006,2240.368978684736,5.691756612432989,1711.4,1870.393008397485,369.97597028725113,0.1651406414779295,1,369.97597028725113,-1.7783987710747056,1
R066742,C,2,S013>S006,2306.368978684736,6.02190817447148,1645.4,1936.393008397485,369.97597028725113,0.1604149091955958,1,369.97597028725113,-1.7783987710747056,1
R066756,C,2,S013>S006,2372.368978684736,6.327316538645066,1579.4,2002.393008397485,369.97597028725113,0.1559521194263673,1,369.97597028725113,-1.7783987710747056,1
R066764,C,2,S006>S013,2306.368978684736,5.403365464493564,2558.9,1931.8126200026145,374.5563586821215,0.1624008830086336,1,374.5563586821215,-1.7783987710747056,1
R066765,C,2,S013>S006,2306.368978684736,6.174779882742223,1645.4,1936.393008397485,369.97597028725113,0.1604149091955958,1,369.97597028725113,-1.7783987710747056,1
R066767,C,2,S013>S006,2306.368978684736,6.327316538645066,1645.4,1936.393008397485,369.97597028725113,0.1604149091955958,1,369.97597028725113,-1.7783987710747056,1
R066779,C,2,S013>S006,2372.368978684736,6.38150847056828,1579.4,2002.393008397485,369.97597028725113,0.1559521194263673,1,369.97597028725113,-1.7783987710747056,1
R066790,C,2,S006>S013,2438.368978684736,5.674672872267257,2426.9,2063.812620002614,374.55635868212175,0.1536093847798862,1,374.55635868212175,-1.7783987710747056,1
R066791,C,2,S006>S013,2438.368978684736,5.896437454113745,1639.6,2063.812620002614,374.55635868212175,0.1536093847798862,1,374.55635868212175,-1.7783987710747056,1
R066793,C,2,S006>S013,2438.368978684736,5.529669862448751,1639.6,2063.812620002614,374.55635868212175,0.1536093847798862,1,374.55635868212175,-1.7783987710747056,1
R066796,C,2,S006>S013,2174.368978684736,5.040996431384787,2690.9,1799.8126200026145,374.5563586821215,0.1722597969129824,1,374.5563586821215,-1.7783987710747056,1
R066797,C,2,S013>S006,2174.368978684736,5.022888552185263,1777.4,1804.393008397485,369.97597028725113,0.1701532600557277,1,369.97597028725113,-1.7783987710747056,1
R066811,C,2,S013>S006,2240.368978684736,5.111200927954883,1711.4,1870.393008397485,369.97597028725113,0.1651406414779295,1,369.97597028725113,-1.7783987710747056,1
R066827,C,2,S013>S006,2240.368978684736,5.209493411442239,1711.4,1870.393008397485,369.97597028725113,0.1651406414779295,1,369.97597028725113,-1.7783987710747056,1
R066839,C,2,S013>S006,2306.368978684736,5.276136414505309,1645.4,1936.393008397485,369.97597028725113,0.1604149091955958,1,369.97597028725113,-1.7783987710747056,1
R066841,C,2,S013>S006,2306.368978684736,5.350096982651998,1645.4,1936.393008397485,369.97597028725113,0.1604149091955958,1,369.97597028725113,-1.7783987710747056,1
R066887,C,2,S013>S006,2306.368978684736,5.427996459040922,1645.4,1936.393008397485,369.97597028725113,0.1604149091955958,1,369.97597028725113,-1.7783987710747056,1
R066895,C,2,S013>S006,2372.368978684736,5.696559943997874,1579.4,2002.393008397485,369.97597028725113,0.1559521194263673,1,369.97597028725113,-1.7783987710747056,1
R066897,C,2,S013>S006,2372.368978684736,5.806448048749299,1579.4,2002.393008397485,369.97597028725113,0.1559521194263673,1,369.97597028725113,-1.7783987710747056,1
R066915,C,2,S013>S006,2306.368978684736,5.618227986612354,1645.4,1936.393008397485,369.97597028725113,0.1604149091955958,1,369.97597028725113,-1.7783987710747056,1
R066925,C,2,S013>S006,2372.368978684736,6.06901101470879,1579.4,2002.393008397485,369.97597028725113,0.1559521194263673,1,369.97597028725113,-1.7783987710747056,1
R066929,C,2,S013>S006,2372.368978684736,5.845231421813281,1579.4,2002.393008397485,369.97597028725113,0.1559521194263673,1,369.97597028725113,-1.7783987710747056,1
R066937,C,2,S013>S006,2372.368978684736,6.028554265667799,1579.4,2002.393008397485,369.97597028725113,0.1559521194263673,1,369.97597028725113,-1.7783987710747056,1
R066943,C,2,S013>S006,2372.368978684736,5.930179757668838,1579.4,2002.393008397485,369.97597028725113,0.1559521194263673,1,369.97597028725113,-1.7783987710747056,1
R066949,C,2,S006>S013,2438.368978684736,5.451739326204719,2426.9,2063.812620002614,374.55635868212175,0.1536093847798862,1,374.55635868212175,-1.7783987710747056,1
R066950,C,2,S013>S006,2438.368978684736,6.334892960784497,1513.4,2068.3930083974847,369.97597028725113,0.1517309207595059,1,369.97597028725113,-1.7783987710747056,1
R066951,C,2,S006>S013,2438.368978684736,5.621755840848139,1639.6,2063.812620002614,374.55635868212175,0.1536093847798862,1,374.55635868212175,-1.7783987710747056,1
R066953,C,2,S006>S013,2438.368978684736,5.339900808079224,1639.6,2063.812620002614,374.55635868212175,0.1536093847798862,1,374.55635868212175,-1.7783987710747056,1
R066954,C,2,S013>S006,2438.368978684736,6.217302591625035,1513.4,2068.3930083974847,369.97597028725113,0.1517309207595059,1,369.97597028725113,-1.7783987710747056,1
R066963,C,2,S013>S006,2372.368978684736,6.217302591625035,1579.4,2002.393008397485,369.97597028725113,0.1559521194263673,1,369.97597028725113,-1.7783987710747056,1
R066967,C,2,S006>S013,2438.368978684736,5.56322136657169,2426.9,2063.812620002614,374.55635868212175,0.1536093847798862,1,374.55635868212175,-1.7783987710747056,1
R066968,C,2,S006>S013,2438.368978684736,5.757943144696676,1639.6,2063.812620002614,374.55635868212175,0.1536093847798862,1,374.55635868212175,-1.7783987710747056,1
R066970,C,2,S006>S013,2438.368978684736,5.435325906504199,1639.6,2063.812620002614,374.55635868212175,0.1536093847798862,1,374.55635868212175,-1.7783987710747056,1
R066974,C,2,S006>S013,2438.368978684736,5.605516142041072,2426.9,2063.812620002614,374.55635868212175,0.1536093847798862,1,374.55635868212175,-1.7783987710747056,1
R066975,C,2,S006>S013,2438.368978684736,5.810215516444695,1639.6,2063.812620002614,374.55635868212175,0.1536093847798862,1,374.55635868212175,-1.7783987710747056,1
R066977,C,2,S006>S013,2438.368978684736,5.47125594836658,1639.6,2063.812620002614,374.55635868212175,0.1536093847798862,1,374.55635868212175,-1.7783987710747056,1
R066981,C,2,S006>S013,2504.368978684736,5.751681042168245,2360.9,2129.812620002614,374.55635868212175,0.1495611716444572,1,374.55635868212175,-1.7783987710747056,1
R066982,C,2,S006>S013,2504.368978684736,5.993579392303312,1573.6,2129.812620002614,374.55635868212175,0.1495611716444572,1,374.55635868212175,-1.7783987710747056,1
R066983,C,2,S006>S013,2504.368978684736,5.594217077790957,1573.6,2129.812620002614,374.55635868212175,0.1495611716444572,1,374.55635868212175,-1.7783987710747056,1
R066989,C,2,S014>S006,2631.0709481533,5.679195414917359,2357.1,2001.605102522131,629.4658456311693,0.2392432047767392,1,629.4658456311693,-2.7507647795652304,1
R066993,C,2,S014>S006,2631.0709481533,5.574249916663038,2357.1,2001.605102522131,629.4658456311693,0.2392432047767392,1,629.4658456311693,-2.7507647795652304,1
R067003,C,2,S014>S006,2631.0709481533,5.720877374421399,2357.1,2001.605102522131,629.4658456311693,0.2392432047767392,1,629.4658456311693,-2.7507647795652304,1
R067007,C,2,S014>S006,2631.0709481533,5.608381476905719,2357.1,2001.605102522131,629.4658456311693,0.2392432047767392,1,629.4658456311693,-2.7507647795652304,1
R067031,C,2,S014>S006,2631.0709481533,5.868607383395334,1320.6999999999998,2001.605102522131,629.4658456311693,0.2392432047767392,1,629.4658456311693,-2.7507647795652304,1
R067045,C,2,S014>S006,2697.0709481533,6.050176690872673,1254.6999999999998,2067.6051025221304,629.4658456311693,0.2333886863681388,1,629.4658456311693,-2.7507647795652304,1
R067059,C,2,S014>S006,2697.0709481533,6.11858888459907,1254.6999999999998,2067.6051025221304,629.4658456311693,0.2333886863681388,1,629.4658456311693,-2.7507647795652304,1
R067108,C,2,S006>S014,2829.0709481532995,6.113772369293421,1460.1999999999998,2196.6724953465327,632.398452806767,0.2235357346621407,1,632.398452806767,-2.7507647795652304,1
R067109,C,2,S006>S014,2829.0709481532995,5.83054738801902,1460.1999999999998,2196.6724953465327,632.398452806767,0.2235357346621407,1,632.398452806767,-2.7507647795652304,1
R067118,C,2,S006>S014,2829.0709481532995,6.236733498717798,1460.1999999999998,2196.6724953465327,632.398452806767,0.2235357346621407,1,632.398452806767,-2.7507647795652304,1
R067123,C,2,S006>S014,2829.0709481532995,6.283637789071158,1460.1999999999998,2196.6724953465327,632.398452806767,0.2235357346621407,1,632.398452806767,-2.7507647795652304,1
R067126,C,2,S006>S014,2895.0709481532995,6.214382875057116,2426.9,2262.6724953465327,632.398452806767,0.2184397080873474,1,632.398452806767,-2.7507647795652304,1
R067127,C,2,S006>S014,2895.0709481532995,6.062028449813777,1394.1999999999998,2262.6724953465327,632.398452806767,0.2184397080873474,1,632.398452806767,-2.7507647795652304,1
R067136,C,2,S014>S006,2631.0709481533,5.530998987599824,1320.6999999999998,2001.605102522131,629.4658456311693,0.2392432047767392,1,629.4658456311693,-2.7507647795652304,1
R067144,C,2,S014>S006,2697.0709481533,5.674623531415341,1254.6999999999998,2067.6051025221304,629.4658456311693,0.2333886863681388,1,629.4658456311693,-2.7507647795652304,1
R067158,C,2,S014>S006,2697.0709481533,5.717803179771165,1254.6999999999998,2067.6051025221304,629.4658456311693,0.2333886863681388,1,629.4658456311693,-2.7507647795652304,1
R067164,C,2,S014>S006,2697.0709481533,5.666682358904854,1254.6999999999998,2067.6051025221304,629.4658456311693,0.2333886863681388,1,629.4658456311693,-2.7507647795652304,1
R067172,C,2,S014>S006,2763.0709481533,5.868866228859936,1188.6999999999998,2133.6051025221304,629.4658456311693,0.2278138554682691,1,629.4658456311693,-2.7507647795652304,1
R067174,C,2,S014>S006,2763.0709481533,5.955065124643947,1188.6999999999998,2133.6051025221304,629.4658456311693,0.2278138554682691,1,629.4658456311693,-2.7507647795652304,1
R067200,C,2,S014>S006,2763.0709481533,6.0528696678272205,1188.6999999999998,2133.6051025221304,629.4658456311693,0.2278138554682691,1,629.4658456311693,-2.7507647795652304,1
R067202,C,2,S014>S006,2763.0709481533,6.154353178287163,1188.6999999999998,2133.6051025221304,629.4658456311693,0.2278138554682691,1,629.4658456311693,-2.7507647795652304,1
R067206,C,2,S014>S006,2763.0709481533,5.98006394574718,1188.6999999999998,2133.6051025221304,629.4658456311693,0.2278138554682691,1,629.4658456311693,-2.7507647795652304,1
R067214,C,2,S014>S006,2763.0709481533,6.121975542414277,1188.6999999999998,2133.6051025221304,629.4658456311693,0.2278138554682691,1,629.4658456311693,-2.7507647795652304,1
R067216,C,2,S014>S006,2763.0709481533,6.229111054369094,1188.6999999999998,2133.6051025221304,629.4658456311693,0.2278138554682691,1,629.4658456311693,-2.7507647795652304,1
R067219,C,2,S014>S006,2763.0709481533,6.045084938222336,1188.6999999999998,2133.6051025221304,629.4658456311693,0.2278138554682691,1,629.4658456311693,-2.7507647795652304,1
R067225,C,2,S006>S014,2829.0709481532995,5.797988245304446,2492.9,2196.6724953465327,632.398452806767,0.2235357346621407,1,632.398452806767,-2.7507647795652304,1
R067226,C,2,S014>S006,2829.0709481533,6.354923816236336,1122.6999999999998,2199.6051025221304,629.4658456311693,0.2224991374083631,1,629.4658456311693,-2.7507647795652304,1
R067227,C,2,S006>S014,2829.0709481532995,5.940705221580834,1460.1999999999998,2196.6724953465327,632.398452806767,0.2235357346621407,1,632.398452806767,-2.7507647795652304,1
R067230,C,2,S014>S006,2829.0709481533,6.264457093253744,1122.6999999999998,2199.6051025221304,629.4658456311693,0.2224991374083631,1,629.4658456311693,-2.7507647795652304,1
R067235,C,2,S014>S006,2763.0709481533,6.354923816236336,1188.6999999999998,2133.6051025221304,629.4658456311693,0.2278138554682691,1,629.4658456311693,-2.7507647795652304,1
R067239,C,2,S014>S006,2763.0709481533,6.264457093253744,1188.6999999999998,2133.6051025221304,629.4658456311693,0.2278138554682691,1,629.4658456311693,-2.7507647795652304,1
R067255,C,2,S006>S014,2895.0709481532995,5.991449328994579,2426.9,2262.6724953465327,632.398452806767,0.2184397080873474,1,632.398452806767,-2.7507647795652304,1
R067256,C,2,S006>S014,2895.0709481532995,6.172186283375591,1394.1999999999998,2262.6724953465327,632.398452806767,0.2184397080873474,1,632.398452806767,-2.7507647795652304,1
R067257,C,2,S006>S014,2895.0709481532995,5.87225939544425,1394.1999999999998,2262.6724953465327,632.398452806767,0.2184397080873474,1,632.398452806767,-2.7507647795652304,1
R067260,C,2,S006>S014,2829.0709481532995,5.991449328994579,2492.9,2196.6724953465327,632.398452806767,0.2235357346621407,1,632.398452806767,-2.7507647795652304,1
R067261,C,2,S006>S014,2829.0709481532995,6.172186283375591,1460.1999999999998,2196.6724953465327,632.398452806767,0.2235357346621407,1,632.398452806767,-2.7507647795652304,1
R067262,C,2,S006>S014,2829.0709481532995,5.87225939544425,1460.1999999999998,2196.6724953465327,632.398452806767,0.2235357346621407,1,632.398452806767,-2.7507647795652304,1
R067265,C,2,S006>S014,2895.0709481532995,6.10293136936155,2426.9,2262.6724953465327,632.398452806767,0.2184397080873474,1,632.398452806767,-2.7507647795652304,1
R067266,C,2,S006>S014,2895.0709481532995,6.308373587224128,1394.1999999999998,2262.6724953465327,632.398452806767,0.2184397080873474,1,632.398452806767,-2.7507647795652304,1
R067267,C,2,S006>S014,2895.0709481532995,5.967684493869226,1394.1999999999998,2262.6724953465327,632.398452806767,0.2184397080873474,1,632.398452806767,-2.7507647795652304,1
R067269,C,2,S006>S014,2895.0709481532995,6.145226144830933,2426.9,2262.6724953465327,632.398452806767,0.2184397080873474,1,632.398452806767,-2.7507647795652304,1
R067270,C,2,S006>S014,2895.0709481532995,6.360645958972147,1394.1999999999998,2262.6724953465327,632.398452806767,0.2184397080873474,1,632.398452806767,-2.7507647795652304,1
R067271,C,2,S006>S014,2895.0709481532995,6.003614535731606,1394.1999999999998,2262.6724953465327,632.398452806767,0.2184397080873474,1,632.398452806767,-2.7507647795652304,1
R067273,C,2,S006>S014,2961.0709481532995,6.291391044958106,2360.9,2328.6724953465327,632.398452806767,0.2135708545589454,1,632.398452806767,-2.7507647795652304,1
R067274,C,2,S006>S014,2961.0709481532995,6.126575665155984,1328.1999999999998,2328.6724953465327,632.398452806767,0.2135708545589454,1,632.398452806767,-2.7507647795652304,1
R067278,C,2,S015>S006,2323.805054773762,4.6431166886710615,9596.4,1727.1776653808206,596.6273893929415,0.2567458867374859,1,596.6273893929415,-3.675154722543596,1
R067292,C,2,S015>S006,2323.805054773762,4.678969966917683,9596.4,1727.1776653808206,596.6273893929415,0.2567458867374859,1,596.6273893929415,-3.675154722543596,1
R067788,C,2,S007>S008,2811.388882348475,6.289581703417758,2420.3,1455.6740352302522,1355.714847118223,0.4822224543997397,3,629.7234838867189,-6.244049305655409,1
R067926,C,2,S009>S007,2446.6175481073383,5.5987830654148505,9744.7,1490.6029281729095,956.0146199344284,0.390749514845091,2,494.47428306166034,-3.219817883004424,1
R067930,C,2,S009>S007,2446.6175481073383,5.501340707783232,9744.7,1490.6029281729095,956.0146199344284,0.390749514845091,2,494.47428306166034,-3.219817883004424,1
R067940,C,2,S009>S007,2446.6175481073383,5.63605381254569,9744.7,1490.6029281729095,956.0146199344284,0.390749514845091,2,494.47428306166034,-3.219817883004424,1
R067944,C,2,S009>S007,2446.6175481073383,5.53062602082585,9744.7,1490.6029281729095,956.0146199344284,0.390749514845091,2,494.47428306166034,-3.219817883004424,1
R067965,C,2,S007>S009,2446.6175481073387,5.619882776153483,2486.3,1467.9852254444734,978.6323226628654,0.3999939931028118,2,510.6926317946432,-3.219817883004424,1
R067967,C,2,S007>S009,2446.6175481073387,5.739312555004373,2486.3,1467.9852254444734,978.6323226628654,0.3999939931028118,2,510.6926317946432,-3.219817883004424,1
R067971,C,2,S007>S009,2446.6175481073387,5.542119538737593,2486.3,1467.9852254444734,978.6323226628654,0.3999939931028118,2,510.6926317946432,-3.219817883004424,1
R068020,C,2,S007>S009,2512.6175481073387,5.793562724403737,2420.3,1497.9852254444734,1014.6323226628654,0.4038148676574953,2,510.6926317946432,-3.219817883004424,1
R068199,C,2,S010>S007,2486.350871837042,5.727147956641932,2540.2,1667.565977489316,818.7848943477268,0.3293118857930002,2,410.7203463118879,-1.6558195701998244,1
R068213,C,2,S010>S007,2486.350871837042,5.757357027335623,2540.2,1667.565977489316,818.7848943477268,0.3293118857930002,2,410.7203463118879,-1.6558195701998244,1
R068281,C,2,S007>S010,2552.350871837043,6.026248378739185,2420.3,1696.2397579329815,856.1111139040615,0.3354206207894447,2,451.3712216299412,-1.6558195701998244,1
R068417,C,2,S011>S007,1973.091336721384,3.370284754019232,9927.5,1557.7269402631343,415.36439645824976,0.2105145305378746,1,415.36439645824976,-1.2114589415920705,1
R068419,C,2,S011>S007,2039.091336721384,3.421581095762617,9861.5,1623.7269402631343,415.36439645824976,0.2037007312904905,1,415.36439645824976,-1.2114589415920705,1
R068421,C,2,S011>S007,1973.091336721384,3.318728338201134,9927.5,1557.7269402631343,415.36439645824976,0.2105145305378746,1,415.36439645824976,-1.2114589415920705,1
R068423,C,2,S011>S007,2039.091336721384,3.354094767357052,9861.5,1623.7269402631343,415.36439645824976,0.2037007312904905,1,415.36439645824976,-1.2114589415920705,1
R068425,C,2,S011>S007,2039.091336721384,3.3880989508983337,9861.5,1623.7269402631343,415.36439645824976,0.2037007312904905,1,415.36439645824976,-1.2114589415920705,1
R068431,C,2,S011>S007,1973.091336721384,3.3890408833055217,9927.5,1557.7269402631343,415.36439645824976,0.2105145305378746,1,415.36439645824976,-1.2114589415920705,1
R068433,C,2,S011>S007,2039.091336721384,3.4434474339462486,9861.5,1623.7269402631343,415.36439645824976,0.2037007312904905,1,415.36439645824976,-1.2114589415920705,1
R068435,C,2,S011>S007,1973.091336721384,3.333553411081689,9927.5,1557.7269402631343,415.36439645824976,0.2105145305378746,1,415.36439645824976,-1.2114589415920705,1
R068437,C,2,S011>S007,2039.091336721384,3.3717737094141267,9861.5,1623.7269402631343,415.36439645824976,0.2037007312904905,1,415.36439645824976,-1.2114589415920705,1
R068439,C,2,S011>S007,2039.091336721384,3.4079711083820605,9861.5,1623.7269402631343,415.36439645824976,0.2037007312904905,1,415.36439645824976,-1.2114589415920705,1
R068445,C,2,S011>S007,2039.091336721384,3.454448142095967,9897.5,1587.7269402631343,451.36439645824976,0.221355654025773,1,451.36439645824976,-1.2114589415920705,1
R068447,C,2,S011>S007,2105.0913367213843,3.5189944847208494,9831.5,1653.7269402631346,451.36439645824976,0.2144155878581668,1,451.36439645824976,-1.2114589415920705,1
R068449,C,2,S011>S007,2039.091336721384,3.3869618136904016,9897.5,1587.7269402631343,451.36439645824976,0.221355654025773,1,451.36439645824976,-1.2114589415920705,1
R068453,C,2,S011>S007,2105.0913367213843,3.4769717141741125,9831.5,1653.7269402631346,451.36439645824976,0.2144155878581668,1,451.36439645824976,-1.2114589415920705,1
R068512,C,2,S007>S011,2039.091336721384,3.621096472795265,2420.3,1576.8298318883178,462.26150483306606,0.2266997542034225,1,462.26150483306606,-1.2114589415920705,1
R068568,C,2,S007>S011,1973.091336721384,3.353352350395105,2486.3,1546.8298318883178,426.26150483306606,0.2160373911231954,1,426.26150483306606,-1.2114589415920705,1
R068570,C,2,S007>S011,1973.091336721384,3.4230838008457765,2486.3,1546.8298318883178,426.26150483306606,0.2160373911231954,1,426.26150483306606,-1.2114589415920705,1
R068574,C,2,S007>S011,1973.091336721384,3.308921507159812,2486.3,1546.8298318883178,426.26150483306606,0.2160373911231954,1,426.26150483306606,-1.2114589415920705,1
R068739,C,2,S013>S007,2417.840375139024,5.655529002702211,2568.4,1652.9840927236908,764.8562824153335,0.3163386178342541,2,409.5334371280824,-1.7816933802026682,1
R068753,C,2,S013>S007,2417.840375139024,5.691326543606616,2568.4,1652.9840927236908,764.8562824153335,0.3163386178342541,2,409.5334371280824,-1.7816933802026682,1
R068778,C,2,S007>S013,2417.840375139024,5.692658096456433,2486.3,1642.696868724751,775.1435064142731,0.3205933337802347,2,413.6066098135348,-1.7816933802026682,1
R068993,C,2,S014>S007,2871.635111516309,6.351795286531318,2357.1,1814.9246430824053,1056.7104684339035,0.3679821521181808,2,629.1433114514818,-2.7488069776422748,1
R069009,C,2,S015>S007,2216.478710697708,4.276543499968142,9596.4,1262.031065379941,954.4476453177664,0.4306143978334551,1,954.4476453177664,-3.666371127136273,1
R069023,C,2,S015>S007,2216.478710697708,4.306599778362673,9596.4,1262.031065379941,954.4476453177664,0.4306143978334551,1,954.4476453177664,-3.666371127136273,1
R069294,C,2,S007>S015,2480.478710697707,4.662194606785297,2258.3,1387.0326066780976,1093.4461040196093,0.4408205961630873,1,1093.4461040196093,-3.666371127136273,1
R069298,C,2,S007>S015,2546.478710697707,5.087040890956823,2228.3,1417.0326066780976,1129.4461040196093,0.4435325138493514,1,1129.4461040196093,-3.666371127136273,1
R069309,C,2,S015>S007,2480.478710697708,5.01443376213982,1679.3,1382.031065379941,1098.4476453177665,0.4428369574713244,1,1098.4476453177665,-3.666371127136273,1
R069310,C,2,S007>S015,2480.478710697707,4.873088918164968,2258.3,1387.0326066780976,1093.4461040196093,0.4408205961630873,1,1093.4461040196093,-3.666371127136273,1
R069311,C,2,S015>S007,2480.478710697708,5.206222273202577,1679.3,1382.031065379941,1098.4476453177665,0.4428369574713244,1,1098.4476453177665,-3.666371127136273,1
R069312,C,2,S007>S015,2546.478710697707,5.154228898886204,2228.3,1417.0326066780976,1129.4461040196093,0.4435325138493514,1,1129.4461040196093,-3.666371127136273,1
R069313,C,2,S015>S007,2546.478710697708,5.5274278567666775,1613.3,1412.0310653799413,1134.447645317766,0.4454966148163633,1,1134.447645317766,-3.666371127136273,1
R069314,C,2,S007>S015,2480.478710697707,4.765385152309387,2222.3,1387.0326066780976,1093.4461040196093,0.4408205961630873,1,1093.4461040196093,-3.666371127136273,1
R069315,C,2,S015>S007,2480.478710697708,5.154201542196177,1679.3,1382.031065379941,1098.4476453177665,0.4428369574713244,1,1098.4476453177665,-3.666371127136273,1
R069326,C,2,S007>S015,2612.478710697707,5.387886039967234,2162.3,1447.0326066780976,1165.4461040196093,0.446107407209591,1,1165.4461040196093,-3.666371127136273,1
R069344,C,2,S009>S008,2432.235417487036,6.106437018720488,9744.7,1119.4470299899167,1312.7883874971194,0.5397456093512036,1,1312.7883874971194,-6.237897062330717,1
R069363,C,2,S008>S009,2432.235417487036,6.17366180951762,5934.3,1092.3596883350976,1339.8757291519385,0.5508824185021884,1,1339.8757291519385,-6.237897062330717,1
R069365,C,2,S008>S009,2432.235417487036,6.321565141257093,5934.3,1092.3596883350976,1339.8757291519385,0.5508824185021884,1,1339.8757291519385,-6.237897062330717,1
R069368,C,2,S008>S009,2432.235417487036,6.074978651312318,5934.3,1092.3596883350976,1339.8757291519385,0.5508824185021884,1,1339.8757291519385,-6.237897062330717,1
R069453,C,2,S011>S008,2300.427513918611,5.199527754195049,,1596.0675020410788,704.3600118775323,0.3061865708073132,1,704.3600118775323,-6.238708362975757,1
R069454,C,2,S008>S011,2300.427513918611,5.405792903910312,8804.5,1575.985447307601,724.4420666110104,0.3149162763129084,1,724.4420666110104,-6.238708362975757,1
R069455,C,2,S011>S008,2300.427513918611,5.23031703912018,9927.5,1596.0675020410788,704.3600118775323,0.3061865708073132,1,704.3600118775323,-6.238708362975757,1
R069457,C,2,S011>S008,2366.427513918611,5.281613380863565,9861.5,1662.0675020410788,704.3600118775323,0.2976469837908407,1,704.3600118775323,-6.238708362975757,1
R069458,C,2,S008>S011,2300.427513918611,5.200283020716948,8804.5,1575.985447307601,724.4420666110104,0.3149162763129084,1,724.4420666110104,-6.238708362975757,1
R069459,C,2,S011>S008,2300.427513918611,5.178760623302082,9927.5,1596.0675020410788,704.3600118775323,0.3061865708073132,1,704.3600118775323,-6.238708362975757,1
R069461,C,2,S011>S008,2366.427513918611,5.214127052458,9861.5,1662.0675020410788,704.3600118775323,0.2976469837908407,1,704.3600118775323,-6.238708362975757,1
R069463,C,2,S011>S008,2366.427513918611,5.248131235999281,9861.5,1662.0675020410788,704.3600118775323,0.2976469837908407,1,704.3600118775323,-6.238708362975757,1
R069465,C,2,S011>S008,2432.427513918611,5.304136952941711,9795.5,1728.0675020410788,704.3600118775323,0.2895708126335148,1,704.3600118775323,-6.238708362975757,1
R069467,C,2,S011>S008,2300.427513918611,5.220707267688642,,1596.0675020410788,704.3600118775323,0.3061865708073132,1,704.3600118775323,-6.238708362975757,1
R069469,C,2,S011>S008,2300.427513918611,5.253632066912342,9927.5,1596.0675020410788,704.3600118775323,0.3061865708073132,1,704.3600118775323,-6.238708362975757,1
R069471,C,2,S011>S008,2366.427513918611,5.308038617553068,9861.5,1662.0675020410788,704.3600118775323,0.2976469837908407,1,704.3600118775323,-6.238708362975757,1
R069472,C,2,S008>S011,2300.427513918611,5.2208275641832325,8804.5,1575.985447307601,724.4420666110104,0.3149162763129084,1,724.4420666110104,-6.238708362975757,1
R069473,C,2,S011>S008,2300.427513918611,5.198144594688508,9927.5,1596.0675020410788,704.3600118775323,0.3061865708073132,1,704.3600118775323,-6.238708362975757,1
R069475,C,2,S011>S008,2366.427513918611,5.236364893020946,9861.5,1662.0675020410788,704.3600118775323,0.2976469837908407,1,704.3600118775323,-6.238708362975757,1
R069477,C,2,S011>S008,2366.427513918611,5.27256229198888,9861.5,1662.0675020410788,704.3600118775323,0.2976469837908407,1,704.3600118775323,-6.238708362975757,1
R069479,C,2,S011>S008,2432.427513918611,5.33186735611228,9795.5,1728.0675020410788,704.3600118775323,0.2895708126335148,1,704.3600118775323,-6.238708362975757,1
R069483,C,2,S011>S008,2366.427513918611,5.336821191984504,9897.5,1626.0675020410788,740.3600118775323,0.3128597886573573,1,740.3600118775323,-6.238708362975757,1
R069487,C,2,S011>S008,2366.427513918611,5.269334863578939,9897.5,1626.0675020410788,740.3600118775323,0.3128597886573573,1,740.3600118775323,-6.238708362975757,1
R069489,C,2,S011>S008,2432.427513918611,5.316147421221292,9831.5,1692.0675020410788,740.3600118775323,0.3043708425599994,1,740.3600118775323,-6.238708362975757,1
R069491,C,2,S011>S008,2432.427513918611,5.35934476406265,9831.5,1692.0675020410788,740.3600118775323,0.3043708425599994,1,740.3600118775323,-6.238708362975757,1
R069494,C,2,S008>S011,2300.427513918611,5.3954035353411705,5934.3,1575.985447307601,724.4420666110104,0.3149162763129084,1,724.4420666110104,-6.238708362975757,1
R069495,C,2,S011>S008,2300.427513918611,5.297217196144753,5603.6,1596.0675020410788,704.3600118775323,0.3061865708073132,1,704.3600118775323,-6.238708362975757,1
R069496,C,2,S008>S011,2300.427513918611,5.546266280739486,5934.3,1575.985447307601,724.4420666110104,0.3149162763129084,1,724.4420666110104,-6.238708362975757,1
R069497,C,2,S011>S008,2300.427513918611,5.336821191984504,5603.6,1596.0675020410788,704.3600118775323,0.3061865708073132,1,704.3600118775323,-6.238708362975757,1
R069499,C,2,S011>S008,2366.427513918611,5.401367534609387,5537.6,1662.0675020410788,704.3600118775323,0.2976469837908407,1,704.3600118775323,-6.238708362975757,1
R069500,C,2,S008>S011,2300.427513918611,5.294900436785127,5934.3,1575.985447307601,724.4420666110104,0.3149162763129084,1,724.4420666110104,-6.238708362975757,1
R069501,C,2,S011>S008,2300.427513918611,5.269334863578939,5603.6,1596.0675020410788,704.3600118775323,0.3061865708073132,1,704.3600118775323,-6.238708362975757,1
R069503,C,2,S011>S008,2366.427513918611,5.316147421221292,5537.6,1662.0675020410788,704.3600118775323,0.2976469837908407,1,704.3600118775323,-6.238708362975757,1
R069505,C,2,S011>S008,2366.427513918611,5.35934476406265,5537.6,1662.0675020410788,704.3600118775323,0.2976469837908407,1,704.3600118775323,-6.238708362975757,1
R069506,C,2,S008>S011,2432.427513918611,5.912561152453761,5874.3,1707.985447307601,724.4420666110104,0.2978267851624253,1,724.4420666110104,-6.238708362975757,1
R069507,C,2,S011>S008,2432.427513918611,5.42955031387743,5471.6,1728.0675020410788,704.3600118775323,0.2895708126335148,1,704.3600118775323,-6.238708362975757,1
R069551,C,2,S011>S008,2366.427513918611,5.550978292093914,5537.6,1626.0675020410788,740.3600118775323,0.3128597886573573,1,740.3600118775323,-6.238708362975757,1
R069552,C,2,S008>S011,2366.427513918611,5.888893033438129,5868.3,1605.985447307601,760.4420666110104,0.3213460214345549,1,760.4420666110104,-6.238708362975757,1
R069553,C,2,S011>S008,2366.427513918611,5.609827345889372,5537.6,1626.0675020410788,740.3600118775323,0.3128597886573573,1,740.3600118775323,-6.238708362975757,1
R069555,C,2,S011>S008,2432.427513918611,5.7058420668708445,5471.6,1692.0675020410788,740.3600118775323,0.3043708425599994,1,740.3600118775323,-6.238708362975757,1
R069556,C,2,S008>S011,2366.427513918611,5.541423461151905,5868.3,1605.985447307601,760.4420666110104,0.3213460214345549,1,760.4420666110104,-6.238708362975757,1
R069557,C,2,S011>S008,2366.427513918611,5.508955521547177,5537.6,1626.0675020410788,740.3600118775323,0.3128597886573573,1,740.3600118775323,-6.238708362975757,1
R069559,C,2,S011>S008,2432.427513918611,5.579161071361957,5471.6,1692.0675020410788,740.3600118775323,0.3043708425599994,1,740.3600118775323,-6.238708362975757,1
R069561,C,2,S011>S008,2432.427513918611,5.643232705375862,5471.6,1692.0675020410788,740.3600118775323,0.3043708425599994,1,740.3600118775323,-6.238708362975757,1
R069562,C,2,S008>S011,2498.427513918611,6.38654569295556,5808.3,1737.985447307601,760.4420666110104,0.3043682725933119,1,760.4420666110104,-6.238708362975757,1
R069563,C,2,S011>S008,2498.427513918611,5.748188879417805,5405.6,1758.0675020410788,740.3600118775323,0.2963303949196143,1,740.3600118775323,-6.238708362975757,1
R069575,C,2,S011>S008,2564.427513918611,5.932546853116823,5339.6,1788.0675020410788,776.3600118775323,0.3027420380041095,1,776.3600118775323,-6.238708362975757,1
R069587,C,2,S011>S008,2564.427513918611,6.002040042825678,5339.6,1788.0675020410788,776.3600118775323,0.3027420380041095,1,776.3600118775323,-6.238708362975757,1
R069598,C,2,S008>S011,2300.427513918611,5.2455612805359495,5934.3,1575.985447307601,724.4420666110104,0.3149162763129084,1,724.4420666110104,-6.238708362975757,1
R069599,C,2,S011>S008,2300.427513918611,5.172298170002458,5603.6,1596.0675020410788,704.3600118775323,0.3061865708073132,1,704.3600118775323,-6.238708362975757,1
R069600,C,2,S008>S011,2300.427513918611,5.361884032370256,5934.3,1575.985447307601,724.4420666110104,0.3149162763129084,1,724.4420666110104,-6.238708362975757,1
R069601,C,2,S011>S008,2300.427513918611,5.199903309660477,5603.6,1596.0675020410788,704.3600118775323,0.3061865708073132,1,704.3600118775323,-6.238708362975757,1
R069603,C,2,S011>S008,2366.427513918611,5.246715867302831,5537.6,1662.0675020410788,704.3600118775323,0.2976469837908407,1,704.3600118775323,-6.238708362975757,1
R069604,C,2,S008>S011,2300.427513918611,5.173654469200288,5934.3,1575.985447307601,724.4420666110104,0.3149162763129084,1,724.4420666110104,-6.238708362975757,1
R069605,C,2,S011>S008,2300.427513918611,5.154349908126408,5603.6,1596.0675020410788,704.3600118775323,0.3061865708073132,1,704.3600118775323,-6.238708362975757,1
R069607,C,2,S011>S008,2366.427513918611,5.185304011397527,5537.6,1662.0675020410788,704.3600118775323,0.2976469837908407,1,704.3600118775323,-6.238708362975757,1
R069609,C,2,S011>S008,2366.427513918611,5.216093296322658,5537.6,1662.0675020410788,704.3600118775323,0.2976469837908407,1,704.3600118775323,-6.238708362975757,1
R069611,C,2,S011>S008,2432.427513918611,5.267389638066042,5471.6,1728.0675020410788,704.3600118775323,0.2895708126335148,1,704.3600118775323,-6.238708362975757,1
R069619,C,2,S011>S008,2366.427513918611,5.208683678856145,5537.6,1626.0675020410788,740.3600118775323,0.3128597886573573,1,740.3600118775323,-6.238708362975757,1
R069633,C,2,S011>S008,2366.427513918611,5.231378500030161,5537.6,1626.0675020410788,740.3600118775323,0.3128597886573573,1,740.3600118775323,-6.238708362975757,1
R069661,C,2,S011>S008,2366.427513918611,5.311907017168031,5537.6,1626.0675020410788,740.3600118775323,0.3128597886573573,1,740.3600118775323,-6.238708362975757,1
R069716,C,2,S011>S008,2432.427513918611,5.574887499494349,5471.6,1656.0675020410788,776.3600118775323,0.319170872486484,1,776.3600118775323,-6.238708362975757,1
R069721,C,2,S011>S008,2564.427513918611,5.836118996626217,5339.6,1788.0675020410788,776.3600118775323,0.3027420380041095,1,776.3600118775323,-6.238708362975757,1
R069733,C,2,S011>S008,2630.427513918611,6.03847526569116,5273.6,1818.0675020410788,812.3600118775323,0.3088319322920022,1,812.3600118775323,-6.238708362975757,1
R069734,C,2,S008>S011,2498.427513918611,6.007222642139599,5736.3,1665.985447307601,832.4420666110104,0.3331863990344,1,832.4420666110104,-6.238708362975757,1
R069829,C,2,S008>S015,2766.3284887394093,6.31802841953605,5868.3,1397.2274406624726,1369.1010480769366,0.4949162956062472,2,695.4655830284262,-6.244524426486862,1
R069835,C,2,S008>S015,2700.3284887394093,5.880958374055004,5934.3,1367.2274406624726,1333.1010480769366,0.4936810664465738,2,695.4655830284262,-6.244524426486862,1
R069929,C,2,S010>S009,2249.439119807301,4.854878185648381,2540.2,1247.450569682754,1001.9885501245468,0.4454392836425743,3,522.8651520548467,-3.22108252558607,1
R069936,C,2,S009>S010,2249.439119807301,4.966260625193897,9744.7,1248.7420528548564,1000.6970669524444,0.444865148001058,3,510.3088655811917,-3.22108252558607,1
R069964,C,2,S009>S010,2249.439119807301,4.860832833474056,9744.7,1248.7420528548564,1000.6970669524444,0.444865148001058,3,510.3088655811917,-3.22108252558607,1
R070023,C,2,S011>S009,1950.7950168034192,4.16061335522861,9927.5,1408.2084562846976,542.5865605187216,0.2781361218606177,1,542.5865605187216,-3.209942490616612,1
R070025,C,2,S011>S009,2016.7950168034192,4.215019905869337,9861.5,1474.2084562846976,542.5865605187216,0.2690340644428558,1,542.5865605187216,-3.209942490616612,1
R070027,C,2,S011>S009,1950.7950168034192,4.105125883004777,9927.5,1408.2084562846976,542.5865605187216,0.2781361218606177,1,542.5865605187216,-3.209942490616612,1
R070029,C,2,S011>S009,2016.7950168034192,4.143346181337215,9861.5,1474.2084562846976,542.5865605187216,0.2690340644428558,1,542.5865605187216,-3.209942490616612,1
R070031,C,2,S011>S009,2016.7950168034192,4.179543580305149,9861.5,1474.2084562846976,542.5865605187216,0.2690340644428558,1,542.5865605187216,-3.209942490616612,1
R070033,C,2,S011>S009,2082.7950168034195,4.238848644428549,9795.5,1540.2084562846978,542.5865605187216,0.2605088624378692,1,542.5865605187216,-3.209942490616612,1
R070062,C,2,S009>S011,1950.795016803419,4.129732241140466,9744.7,1407.4019959487898,543.3930208546292,0.2785495227197347,1,543.3930208546292,-3.209942490616612,1
R070132,C,2,S009>S012,2251.553174890494,5.246007623231733,9744.7,1092.241351853117,1159.311823037377,0.5148942676398309,1,1159.311823037377,-5.4426206856221455,1
R070135,C,2,S012>S009,2251.553174890494,5.42190077973486,2349.8,1088.5163533741604,1163.0368215163337,0.5165486804782653,1,1163.0368215163337,-5.4426206856221455,1
R070160,C,2,S009>S012,2251.553174890494,5.140579831511893,9744.7,1092.241351853117,1159.311823037377,0.5148942676398309,1,1159.311823037377,-5.4426206856221455,1
R070210,C,2,S009>S012,2449.553174890494,5.459746430565557,1839.9,1182.241351853117,1267.311823037377,0.517364487543338,1,1267.311823037377,-5.4426206856221455,1
R070211,C,2,S012>S009,2449.553174890494,5.647450080955908,2223.8,1178.5163533741602,1271.036821516334,0.5188851724246218,1,1271.036821516334,-5.4426206856221455,1
R070212,C,2,S009>S012,2449.553174890494,5.603359488592533,1839.9,1182.241351853117,1267.311823037377,0.517364487543338,1,1267.311823037377,-5.4426206856221455,1
R070213,C,2,S012>S009,2449.553174890494,5.798487100297345,2223.8,1178.5163533741602,1271.036821516334,0.5188851724246218,1,1271.036821516334,-5.4426206856221455,1
R070214,C,2,S009>S012,2515.553174890494,5.841033754857348,1773.9,1212.241351853117,1303.311823037377,0.5181014800428984,1,1303.311823037377,-5.4426206856221455,1
R070215,C,2,S012>S009,2515.553174890494,6.045958090914323,2157.8,1208.5163533741602,1307.036821516334,0.5195822670587081,1,1307.036821516334,-5.4426206856221455,1
R070230,C,2,S009>S013,2031.1148605849544,4.520577501730267,9744.7,1085.1991636466264,945.915696938328,0.4657125578146316,1,945.915696938328,-3.212887152010012,1
R070258,C,2,S009>S013,2031.1148605849544,4.415149710010427,9744.7,1085.1991636466264,945.915696938328,0.4657125578146316,1,945.915696938328,-3.212887152010012,1
R070313,C,2,S013>S009,2295.114860584954,5.034064327296367,2376.4,1202.868684917129,1092.246175667825,0.4759004415968293,1,1092.246175667825,-3.212887152010012,1
R070328,C,2,S009>S014,2612.758840186327,5.7727914700326535,9744.7,1389.0625668225755,1223.696273363751,0.4683540840211966,2,705.4611992864657,-3.227908027579588,1
R070356,C,2,S009>S014,2612.758840186327,5.667363678312814,9744.7,1389.0625668225755,1223.696273363751,0.4683540840211966,2,705.4611992864657,-3.227908027579588,1
R070423,C,2,S009>S015,2551.940052218576,5.936835387238352,9744.7,1469.5349015999727,1082.4051506186029,0.4241499127997126,2,572.3484823030362,-3.667449320763623,1
R070447,C,2,S009>S015,2551.940052218576,5.831407595518511,9744.7,1469.5349015999727,1082.4051506186029,0.4241499127997126,2,572.3484823030362,-3.667449320763623,1
R070499,C,2,S011>S010,2118.40608658162,4.393087802845828,9927.5,1705.013257327894,413.392829253726,0.1951433352992296,1,413.392829253726,-1.6558298429310554,1
R070501,C,2,S011>S010,2184.40608658162,4.4474943534865545,9861.5,1771.013257327894,413.392829253726,0.1892472428973337,1,413.392829253726,-1.6558298429310554,1
R070503,C,2,S011>S010,2118.40608658162,4.337600330621994,9927.5,1705.013257327894,413.392829253726,0.1951433352992296,1,413.392829253726,-1.6558298429310554,1
R070505,C,2,S011>S010,2184.40608658162,4.375820628954433,9861.5,1771.013257327894,413.392829253726,0.1892472428973337,1,413.392829253726,-1.6558298429310554,1
R070507,C,2,S011>S010,2184.40608658162,4.412018027922366,9861.5,1771.013257327894,413.392829253726,0.1892472428973337,1,413.392829253726,-1.6558298429310554,1
R070509,C,2,S011>S010,2250.40608658162,4.471323092045767,9795.5,1837.013257327894,413.392829253726,0.1836969921644995,1,413.392829253726,-1.6558298429310554,1
R070512,C,2,S010>S011,2118.4060865816195,4.563803158110142,2540.2,1707.6482646837942,410.75782189782535,0.1938994721076578,1,410.75782189782535,-1.6558298429310554,1
R070600,C,2,S010>S012,2374.937074807244,5.1765789623677545,1914.5,1149.2044011695232,1225.7326736377206,0.5161116421314886,1,1225.7326736377206,-5.4454248818918245,1
R070635,C,2,S012>S010,2572.937074807244,6.014395611131398,1533.1999999999998,1246.7708858626693,1326.1661889445743,0.5154289243719365,1,1326.1661889445743,-5.4454248818918245,1
R070636,C,2,S010>S012,2374.937074807244,5.195229667879966,2540.2,1149.2044011695232,1225.7326736377206,0.5161116421314886,1,1225.7326736377206,-5.4454248818918245,1
R070638,C,2,S010>S012,2374.937074807244,5.27429063476761,1914.5,1149.2044011695232,1225.7326736377206,0.5161116421314886,1,1225.7326736377206,-5.4454248818918245,1
R070639,C,2,S012>S010,2374.937074807244,5.268205200590373,1731.2,1156.770885862669,1218.1661889445747,0.5129256694278708,1,1218.1661889445747,-5.4454248818918245,1
R070694,C,2,S010>S013,1983.132220020056,3.697173901796941,2094.8,1142.1622129630323,840.9700070570236,0.4240614914967791,1,840.9700070570236,-1.7901289961733653,1
R070695,C,2,S013>S010,1983.132220020056,3.682399349948313,2568.4,1151.123217405638,832.0090026144183,0.4195428798015312,1,832.0090026144183,-1.7901289961733653,1
R070698,C,2,S010>S013,1983.132220020056,3.5799318040981234,2094.8,1142.1622129630323,840.9700070570236,0.4240614914967791,1,840.9700070570236,-1.7901289961733653,1
R070699,C,2,S013>S010,1983.132220020056,3.587609124152944,2568.4,1151.123217405638,832.0090026144183,0.4195428798015312,1,832.0090026144183,-1.7901289961733653,1
R070706,C,2,S010>S013,1983.132220020056,3.68361750545541,2540.2,1142.1622129630323,840.9700070570236,0.4240614914967791,1,840.9700070570236,-1.7901289961733653,1
R070707,C,2,S013>S010,1983.132220020056,3.6959534754565095,2123.0,1151.123217405638,832.0090026144183,0.4195428798015312,1,832.0090026144183,-1.7901289961733653,1
R070712,C,2,S010>S013,1983.132220020056,3.6272902843585566,2094.8,1142.1622129630323,840.9700070570236,0.4240614914967791,1,840.9700070570236,-1.7901289961733653,1
R070713,C,2,S013>S010,1983.132220020056,3.64828748377438,2123.0,1151.123217405638,832.0090026144183,0.4195428798015312,1,832.0090026144183,-1.7901289961733653,1
R070734,C,2,S010>S013,1983.132220020056,3.588519499644822,2540.2,1142.1622129630323,840.9700070570236,0.4240614914967791,1,840.9700070570236,-1.7901289961733653,1
R070735,C,2,S013>S010,1983.132220020056,3.579023320967356,2123.0,1151.123217405638,832.0090026144183,0.4195428798015312,1,832.0090026144183,-1.7901289961733653,1
R070736,C,2,S010>S013,1983.132220020056,3.649434376246785,2094.8,1142.1622129630323,840.9700070570236,0.4240614914967791,1,840.9700070570236,-1.7901289961733653,1
R070737,C,2,S013>S010,1983.132220020056,3.626147555080596,2123.0,1151.123217405638,832.0090026144183,0.4195428798015312,1,832.0090026144183,-1.7901289961733653,1
R070740,C,2,S010>S013,1983.132220020056,3.549042403923072,2094.8,1142.1622129630323,840.9700070570236,0.4240614914967791,1,840.9700070570236,-1.7901289961733653,1
R070741,C,2,S013>S010,1983.132220020056,3.548455236246013,2123.0,1151.123217405638,832.0090026144183,0.4195428798015312,1,832.0090026144183,-1.7901289961733653,1
R070754,C,2,S010>S013,2049.132220020056,3.6022596370941384,2028.8,1172.1622129630323,876.9700070570236,0.4279714107703797,1,876.9700070570236,-1.7901289961733653,1
R070755,C,2,S013>S010,2049.132220020056,3.6161723561301313,2057.0,1181.123217405638,868.0090026144183,0.4235983379373745,1,868.0090026144183,-1.7901289961733653,1
R070768,C,2,S010>S013,2049.132220020056,3.6550190500274855,2028.8,1172.1622129630323,876.9700070570236,0.4279714107703797,1,876.9700070570236,-1.7901289961733653,1
R070790,C,2,S010>S014,2249.876827717465,3.9786683983675823,,1246.0256161389816,1003.8512115784832,0.446180519400658,1,1003.8512115784832,-2.7488069776422748,1
R070791,C,2,S014>S010,2249.876827717465,3.997998905155901,,1228.229442991575,1021.64738472589,0.4540903626988181,1,1021.64738472589,-2.7488069776422748,1
R070796,C,2,S010>S014,2249.876827717465,3.929184666935817,2039.4,1246.0256161389816,1003.8512115784832,0.446180519400658,1,1003.8512115784832,-2.7488069776422748,1
R070804,C,2,S010>S014,2249.876827717465,4.035050060909873,2540.2,1246.0256161389816,1003.8512115784832,0.446180519400658,1,1003.8512115784832,-2.7488069776422748,1
R070805,C,2,S014>S010,2249.876827717465,4.081534294819866,1856.3,1228.229442991575,1021.64738472589,0.4540903626988181,1,1021.64738472589,-2.7488069776422748,1
R070806,C,2,S010>S014,2249.876827717465,4.119814339914455,2039.4,1246.0256161389816,1003.8512115784832,0.446180519400658,1,1003.8512115784832,-2.7488069776422748,1
R070807,C,2,S014>S010,2249.876827717465,4.160831431446425,1856.3,1228.229442991575,1021.64738472589,0.4540903626988181,1,1021.64738472589,-2.7488069776422748,1
R070810,C,2,S010>S014,2249.876827717465,3.97654314719625,2039.4,1246.0256161389816,1003.8512115784832,0.446180519400658,1,1003.8512115784832,-2.7488069776422748,1
R070811,C,2,S014>S010,2249.876827717465,4.02528927218809,1856.3,1228.229442991575,1021.64738472589,0.4540903626988181,1,1021.64738472589,-2.7488069776422748,1
R070832,C,2,S010>S014,2249.876827717465,3.939952055099285,2540.2,1246.0256161389816,1003.8512115784832,0.446180519400658,1,1003.8512115784832,-2.7488069776422748,1
R070833,C,2,S014>S010,2249.876827717465,3.941192636334928,1856.3,1228.229442991575,1021.64738472589,0.4540903626988181,1,1021.64738472589,-2.7488069776422748,1
R070834,C,2,S010>S014,2249.876827717465,4.004363928998842,2039.4,1246.0256161389816,1003.8512115784832,0.446180519400658,1,1003.8512115784832,-2.7488069776422748,1
R070835,C,2,S014>S010,2249.876827717465,3.997443511218832,1856.3,1228.229442991575,1021.64738472589,0.4540903626988181,1,1021.64738472589,-2.7488069776422748,1
R070838,C,2,S010>S014,2249.876827717465,3.8982952667607655,2039.4,1246.0256161389816,1003.8512115784832,0.446180519400658,1,1003.8512115784832,-2.7488069776422748,1
R070839,C,2,S014>S010,2249.876827717465,3.904028031854584,1856.3,1228.229442991575,1021.64738472589,0.4540903626988181,1,1021.64738472589,-2.7488069776422748,1
R070840,C,2,S010>S014,2315.876827717465,3.97029221410232,1973.4,1276.0256161389816,1039.8512115784831,0.4490097224226574,1,1039.8512115784831,-2.7488069776422748,1
R070841,C,2,S014>S010,2315.876827717465,3.967787793577808,1790.3,1258.229442991575,1057.64738472589,0.4566941436899778,1,1057.64738472589,-2.7488069776422748,1
R070842,C,2,S010>S014,2315.876827717465,4.04212834416191,1973.4,1276.0256161389816,1039.8512115784831,0.4490097224226574,1,1039.8512115784831,-2.7488069776422748,1
R070843,C,2,S014>S010,2315.876827717465,4.030154471846723,1790.3,1258.229442991575,1057.64738472589,0.4566941436899778,1,1057.64738472589,-2.7488069776422748,1
R070852,C,2,S010>S014,2315.876827717465,3.951512499931832,1973.4,1276.0256161389816,1039.8512115784831,0.4490097224226574,1,1039.8512115784831,-2.7488069776422748,1
R070905,C,2,S011>S012,2391.427555326319,5.530335032140068,9927.5,1601.875446951154,789.5521083751651,0.3301593253856388,3,729.5521083751651,-5.442925668296965,1
R070912,C,2,S012>S011,2391.427555326319,5.640007120078344,2349.8,1599.1875438052334,792.2400115210858,0.3312832996996146,3,722.2400115210858,-5.442925668296965,1
R070919,C,2,S011>S012,2457.427555326319,5.584741582780795,9861.5,1667.875446951154,789.5521083751651,0.3212921197468713,3,729.5521083751651,-5.442925668296965,1
R070933,C,2,S011>S012,2391.427555326319,5.474847559916235,9927.5,1601.875446951154,789.5521083751651,0.3301593253856388,3,729.5521083751651,-5.442925668296965,1
R070936,C,2,S012>S011,2391.427555326319,5.555390395442453,2349.8,1599.1875438052334,792.2400115210858,0.3312832996996146,3,722.2400115210858,-5.442925668296965,1
R070940,C,2,S012>S011,2391.427555326319,5.442198400758908,2349.8,1599.1875438052334,792.2400115210858,0.3312832996996146,3,722.2400115210858,-5.442925668296965,1
R070947,C,2,S011>S012,2457.427555326319,5.513067858248673,9861.5,1667.875446951154,789.5521083751651,0.3212921197468713,3,729.5521083751651,-5.442925668296965,1
R070961,C,2,S011>S012,2457.427555326319,5.549265257216607,9861.5,1667.875446951154,789.5521083751651,0.3212921197468713,3,729.5521083751651,-5.442925668296965,1
R070975,C,2,S011>S012,2523.427555326319,5.6085703213400055,9795.5,1733.875446951154,789.5521083751651,0.3128887558941883,3,729.5521083751651,-5.442925668296965,1
R071001,C,2,S011>S013,1994.632304846135,4.187035577962484,9927.5,1607.9973578657573,386.63494698037766,0.1938377043433087,1,386.63494698037766,-1.7783987710747056,1
R071015,C,2,S011>S013,2060.632304846135,4.241442128603211,9861.5,1673.9973578657573,386.63494698037766,0.1876292757670065,1,386.63494698037766,-1.7783987710747056,1
R071029,C,2,S011>S013,1994.632304846135,4.13154810573865,9927.5,1607.9973578657573,386.63494698037766,0.1938377043433087,1,386.63494698037766,-1.7783987710747056,1
R071043,C,2,S011>S013,2060.632304846135,4.169768404071089,9861.5,1673.9973578657573,386.63494698037766,0.1876292757670065,1,386.63494698037766,-1.7783987710747056,1
R071057,C,2,S011>S013,2060.632304846135,4.205965803039023,9861.5,1673.9973578657573,386.63494698037766,0.1876292757670065,1,386.63494698037766,-1.7783987710747056,1
R071071,C,2,S011>S013,2126.632304846135,4.265270867162422,9795.5,1739.9973578657573,386.63494698037766,0.1818062041563651,1,386.63494698037766,-1.7783987710747056,1
R071099,C,2,S011>S014,2548.979774491877,5.076277660289096,9927.5,1897.9431707096755,651.0366037822016,0.2554106589221492,1,651.0366037822016,-2.75239471804683,1
R071113,C,2,S011>S014,2614.979774491877,5.130684210929823,9861.5,1963.9431707096755,651.0366037822016,0.2489642979776798,1,651.0366037822016,-2.75239471804683,1
R071127,C,2,S011>S014,2548.979774491877,5.020790188065263,9927.5,1897.9431707096755,651.0366037822016,0.2554106589221492,1,651.0366037822016,-2.75239471804683,1
R071141,C,2,S011>S014,2614.979774491877,5.0590104863977015,9861.5,1963.9431707096755,651.0366037822016,0.2489642979776798,1,651.0366037822016,-2.75239471804683,1
R071155,C,2,S011>S014,2614.979774491877,5.095207885365635,9861.5,1963.9431707096755,651.0366037822016,0.2489642979776798,1,651.0366037822016,-2.75239471804683,1
R071169,C,2,S011>S014,2680.979774491877,5.1545129494890345,9795.5,2029.9431707096755,651.0366037822016,0.2428353283290217,1,651.0366037822016,-2.75239471804683,1
R071183,C,2,S011>S015,2189.300615888556,4.037608250138105,,1596.4810328308226,592.8195830577333,0.270780348187647,1,592.8195830577333,-3.66811798046524,1
R071184,C,2,S015>S011,2189.300615888556,4.096253586856399,,1597.685018487802,591.615597400754,0.270230407421979,1,591.615597400754,-3.66811798046524,1
R071185,C,2,S011>S015,2189.300615888556,4.104345551992967,9272.9,1596.4810328308226,592.8195830577333,0.270780348187647,1,592.8195830577333,-3.66811798046524,1
R071189,C,2,S011>S015,2189.300615888556,3.99364838214355,5672.9,1596.4810328308226,592.8195830577333,0.270780348187647,1,592.8195830577333,-3.66811798046524,1
R071190,C,2,S015>S011,2189.300615888556,4.046421235186201,5996.4,1597.685018487802,591.615597400754,0.270230407421979,1,591.615597400754,-3.66811798046524,1
R071197,C,2,S011>S015,2189.300615888556,4.0705330493618055,9927.5,1596.4810328308226,592.8195830577333,0.270780348187647,1,592.8195830577333,-3.66811798046524,1
R071199,C,2,S011>S015,2189.300615888556,4.143949547832719,9272.9,1596.4810328308226,592.8195830577333,0.270780348187647,1,592.8195830577333,-3.66811798046524,1
R071200,C,2,S015>S011,2189.300615888556,4.2829722321716135,8915.6,1597.685018487802,591.615597400754,0.270230407421979,1,591.615597400754,-3.66811798046524,1
R071203,C,2,S011>S015,2189.300615888556,4.021253521801569,5672.9,1596.4810328308226,592.8195830577333,0.270780348187647,1,592.8195830577333,-3.66811798046524,1
R071204,C,2,S015>S011,2189.300615888556,4.135206143652044,5996.4,1597.685018487802,591.615597400754,0.270230407421979,1,591.615597400754,-3.66811798046524,1
R071211,C,2,S011>S015,2255.300615888556,4.1249396000025325,9861.5,1662.4810328308226,592.8195830577333,0.2628561260886149,1,592.8195830577333,-3.66811798046524,1
R071225,C,2,S011>S015,2189.300615888556,4.015045577137973,9927.5,1596.4810328308226,592.8195830577333,0.270780348187647,1,592.8195830577333,-3.66811798046524,1
R071226,C,2,S015>S011,2189.300615888556,4.029989595747334,8915.6,1597.685018487802,591.615597400754,0.270230407421979,1,591.615597400754,-3.66811798046524,1
R071227,C,2,S011>S015,2189.300615888556,4.076463219427152,9272.9,1596.4810328308226,592.8195830577333,0.270780348187647,1,592.8195830577333,-3.66811798046524,1
R071228,C,2,S015>S011,2189.300615888556,4.090920668248682,8915.6,1597.685018487802,591.615597400754,0.270230407421979,1,591.615597400754,-3.66811798046524,1
R071231,C,2,S011>S015,2189.300615888556,3.9757001202675006,5672.9,1596.4810328308226,592.8195830577333,0.270780348187647,1,592.8195830577333,-3.66811798046524,1
R071232,C,2,S015>S011,2189.300615888556,3.990016374529104,5996.4,1597.685018487802,591.615597400754,0.270230407421979,1,591.615597400754,-3.66811798046524,1
R071233,C,2,S011>S015,2255.300615888556,4.043945007981353,5606.9,1626.4810328308226,628.8195830577333,0.2788185214102766,1,628.8195830577333,-3.66811798046524,1
R071235,C,2,S011>S015,2255.300615888556,4.112530191349759,5606.9,1626.4810328308226,628.8195830577333,0.2788185214102766,1,628.8195830577333,-3.66811798046524,1
R071239,C,2,S011>S015,2255.300615888556,4.0532658754704105,9861.5,1662.4810328308226,592.8195830577333,0.2628561260886149,1,592.8195830577333,-3.66811798046524,1
R071245,C,2,S011>S015,2255.300615888556,4.006654223538619,5606.9,1662.4810328308226,592.8195830577333,0.2628561260886149,1,592.8195830577333,-3.66811798046524,1
R071253,C,2,S011>S015,2255.300615888556,4.089463274438344,9861.5,1662.4810328308226,592.8195830577333,0.2628561260886149,1,592.8195830577333,-3.66811798046524,1
R071267,C,2,S011>S015,2321.300615888556,4.148768338561744,9795.5,1728.4810328308226,592.8195830577333,0.255382512286463,1,592.8195830577333,-3.66811798046524,1
R071281,C,2,S012>S013,2240.233704650762,4.931632825031314,,1133.2279966544386,1107.0057079963233,0.4941474211811746,1,1107.0057079963233,-5.443640922583995,1
R071284,C,2,S013>S012,2240.233704650762,4.9451847761712,2568.4,1134.622516403898,1105.6111882468638,0.4935249326673359,1,1105.6111882468638,-5.443640922583995,1
R071287,C,2,S012>S013,2240.233704650762,4.860534661927674,1837.7,1133.2279966544386,1107.0057079963233,0.4941474211811746,1,1107.0057079963233,-5.443640922583995,1
R071288,C,2,S013>S012,2240.233704650762,4.85039455037583,2568.4,1134.622516403898,1105.6111882468638,0.4935249326673359,1,1105.6111882468638,-5.443640922583995,1
R071295,C,2,S012>S013,2240.233704650762,5.014587146465239,2349.8,1133.2279966544386,1107.0057079963233,0.4941474211811746,1,1107.0057079963233,-5.443640922583995,1
R071296,C,2,S013>S012,2240.233704650762,4.968008667146252,2049.2,1134.622516403898,1105.6111882468638,0.4935249326673359,1,1105.6111882468638,-5.443640922583995,1
R071297,C,2,S012>S013,2240.233704650762,5.139539102545923,1837.7,1133.2279966544386,1107.0057079963233,0.4941474211811746,1,1107.0057079963233,-5.443640922583995,1
R071298,C,2,S013>S012,2240.233704650762,5.035784589075897,2049.2,1134.622516403898,1105.6111882468638,0.4935249326673359,1,1105.6111882468638,-5.443640922583995,1
R071301,C,2,S012>S013,2240.233704650762,4.929518407113068,1837.7,1133.2279966544386,1107.0057079963233,0.4941474211811746,1,1107.0057079963233,-5.443640922583995,1
R071302,C,2,S013>S012,2240.233704650762,4.920342675464122,2049.2,1134.622516403898,1105.6111882468638,0.4935249326673359,1,1105.6111882468638,-5.443640922583995,1
R071323,C,2,S012>S013,2240.233704650762,4.87530613418271,2349.8,1133.2279966544386,1107.0057079963233,0.4941474211811746,1,1107.0057079963233,-5.443640922583995,1
R071324,C,2,S013>S012,2240.233704650762,4.836983685759682,2049.2,1134.622516403898,1105.6111882468638,0.4935249326673359,1,1105.6111882468638,-5.443640922583995,1
R071329,C,2,S012>S013,2240.233704650762,4.816326412429523,1837.7,1133.2279966544386,1107.0057079963233,0.4941474211811746,1,1107.0057079963233,-5.443640922583995,1
R071330,C,2,S013>S012,2240.233704650762,4.806415601038339,2049.2,1134.622516403898,1105.6111882468638,0.4935249326673359,1,1105.6111882468638,-5.443640922583995,1
R071344,C,2,S013>S012,2306.233704650762,4.883159552003859,1983.2,1164.622516403898,1141.6111882468638,0.4950110589159655,1,1141.6111882468638,-5.443640922583995,1
R071392,C,2,S012>S014,2711.232805176633,6.084620158556619,2349.8,1287.091399830388,1424.1414053462454,0.5252744812718008,2,757.6072898212533,-5.4486797063387655,1
R071412,C,2,S012>S014,2711.232805176633,5.945339146274089,2349.8,1287.091399830388,1424.1414053462454,0.5252744812718008,2,757.6072898212533,-5.4486797063387655,1
R071457,C,2,S014>S013,2309.716408843989,4.506777940628551,2357.1,1233.8383940233666,1075.8780148206224,0.4658052437524563,2,700.1051278577318,-2.7488069776422748,1
R071555,C,2,S015>S013,2609.565920865419,6.307963658574696,9596.4,1672.5062878201331,937.0596330452856,0.3590864003675084,2,558.0315886116916,-3.6671851228972514,1
R071561,C,2,S013>S015,2609.565920865419,6.2669901758072335,2568.4,1693.144318103879,916.4216027615398,0.3511777937602833,2,553.43400405632,-3.6671851228972514,1
R071563,C,2,S013>S015,2609.565920865419,6.180636883958897,2568.4,1693.144318103879,916.4216027615398,0.3511777937602833,2,553.43400405632,-3.6671851228972514,1
R071568,C,2,S013>S015,2609.565920865419,6.172199950011864,2568.4,1693.144318103879,916.4216027615398,0.3511777937602833,2,553.43400405632,-3.6671851228972514,1
R071570,C,2,S013>S015,2609.565920865419,6.285345396161912,2568.4,1693.144318103879,916.4216027615398,0.3511777937602833,2,553.43400405632,-3.6671851228972514,1
R071573,C,2,S013>S015,2609.565920865419,6.102944565124314,2568.4,1693.144318103879,916.4216027615398,0.3511777937602833,2,553.43400405632,-3.6671851228972514,1
R071593,A,1,S001,1192.470877312685,1.22307515767693,,1192.470877312685,0.0,0.0,0,0.0,2.2144147110676613,0
R071594,A,1,S001,1192.470877312685,1.22307515767693,,1192.470877312685,0.0,0.0,0,0.0,2.2144147110676613,0
R071595,A,1,S001,1192.470877312685,1.22307515767693,,1192.470877312685,0.0,0.0,0,0.0,2.2144147110676613,0
