gap_id,pattern_id,coverage_start_s,coverage_end_s,before_state_id,after_state_id,required_samples,relay_alternatives,full_cover_alternatives,union_covered_samples,union_cover_pass
PG000001,P000023,710.418,1555.624,BS000001,BS000002,84,15,15,84,1
PG000002,P000024,710.418,1555.624,BS000001,BS000002,84,15,15,84,1
PG000003,P000025,710.418,1555.624,BS000001,BS000002,84,15,15,84,1
PG000004,P000026,710.418,1555.624,BS000001,BS000002,84,15,15,84,1
PG000008,P000030,710.418,1555.624,BS000001,BS000002,84,15,15,84,1
PG000005,P000027,740.418,1615.624,BS000001,BS000002,87,15,15,87,1
PG000006,P000028,740.418,1615.624,BS000001,BS000002,87,15,15,87,1
PG000007,P000029,740.418,1615.624,BS000001,BS000002,87,15,15,87,1
PG000009,P000031,740.418,1615.624,BS000001,BS000002,87,15,15,87,1
PG000010,P000032,740.418,1615.624,BS000001,BS000002,87,15,15,87,1
PG000011,P000033,740.418,1615.624,BS000001,BS000002,87,15,15,87,1
PG000012,P000034,740.418,1615.624,BS000001,BS000002,87,15,15,87,1
PG000013,P000035,794.701,1703.547,BS000003,BS000004,91,9,9,91,1
PG000014,P000036,794.701,1703.547,BS000003,BS000004,91,9,9,91,1
PG000015,P000037,794.701,1703.547,BS000003,BS000004,91,9,9,91,1
PG000016,P000038,794.701,1703.547,BS000003,BS000004,91,9,9,91,1
PG000020,P000042,794.701,1703.547,BS000003,BS000004,91,9,9,91,1
PG000017,P000039,824.701,1763.547,BS000003,BS000004,94,9,9,94,1
PG000018,P000040,824.701,1763.547,BS000003,BS000004,94,9,9,94,1
PG000019,P000041,824.701,1763.547,BS000003,BS000004,94,9,9,94,1
PG000021,P000043,824.701,1763.547,BS000003,BS000004,94,9,9,94,1
PG000022,P000044,824.701,1763.547,BS000003,BS000004,94,9,9,94,1
PG000023,P000045,824.701,1763.547,BS000003,BS000004,94,9,9,94,1
PG000024,P000046,824.701,1763.547,BS000003,BS000004,94,9,9,94,1
PG000025,P000047,840.18,1590.273,BS000005,BS000006,75,14,14,75,1
PG000026,P000048,840.18,1590.273,BS000005,BS000006,75,14,14,75,1
PG000027,P000049,840.18,1590.273,BS000005,BS000006,75,14,14,75,1
PG000028,P000050,840.18,1590.273,BS000005,BS000006,75,14,14,75,1
PG000031,P000053,840.18,1590.273,BS000005,BS000006,75,14,14,75,1
PG000029,P000051,870.18,1650.273,BS000005,BS000006,78,14,14,78,1
PG000030,P000052,870.18,1650.273,BS000005,BS000006,78,14,14,78,1
PG000032,P000054,870.18,1650.273,BS000005,BS000006,78,14,14,78,1
PG000033,P000055,870.18,1650.273,BS000005,BS000006,78,14,14,78,1
PG000034,P000056,870.18,1650.273,BS000005,BS000006,78,14,14,78,1
PG000035,P000057,870.18,1650.273,BS000005,BS000006,78,14,14,78,1
PG000036,P000058,776.237,1174.439,BS000007,BS000008,41,8,8,41,1
PG000037,P000059,776.237,1174.439,BS000007,BS000008,41,8,8,41,1
PG000038,P000060,776.237,1174.439,BS000007,BS000008,41,8,8,41,1
PG000039,P000061,776.237,1174.439,BS000007,BS000008,41,8,8,41,1
PG000042,P000064,776.237,1174.439,BS000007,BS000008,41,8,8,41,1
PG000040,P000062,806.237,1234.439,BS000007,BS000008,44,8,8,44,1
PG000041,P000063,806.237,1234.439,BS000007,BS000008,44,8,8,44,1
PG000043,P000065,806.237,1234.439,BS000007,BS000008,44,8,8,44,1
PG000044,P000066,806.237,1234.439,BS000007,BS000008,44,8,8,44,1
PG000045,P000067,806.237,1234.439,BS000007,BS000008,44,8,8,44,1
PG000046,P000068,806.237,1234.439,BS000007,BS000008,44,8,8,44,1
PG000047,P000080,778.091,1185.79,BS000009,BS000010,41,8,8,41,1
PG000048,P000081,778.091,1185.79,BS000009,BS000010,41,8,8,41,1
PG000049,P000082,778.091,1185.79,BS000009,BS000010,41,8,8,41,1
PG000050,P000083,778.091,1185.79,BS000009,BS000010,41,8,8,41,1
PG000053,P000086,778.091,1185.79,BS000009,BS000010,41,8,8,41,1
PG000051,P000084,808.091,1245.79,BS000009,BS000010,44,8,8,44,1
PG000052,P000085,808.091,1245.79,BS000009,BS000010,44,8,8,44,1
PG000054,P000087,808.091,1245.79,BS000009,BS000010,44,8,8,44,1
PG000055,P000088,808.091,1245.79,BS000009,BS000010,44,8,8,44,1
PG000056,P000089,808.091,1245.79,BS000009,BS000010,44,8,8,44,1
PG000057,P000090,808.091,1245.79,BS000009,BS000010,44,8,8,44,1
PG000058,P000091,771.736,1642.332,BS000011,BS000012,88,15,15,88,1
PG000059,P000092,771.736,1642.332,BS000011,BS000012,88,15,15,88,1
PG000060,P000093,771.736,1642.332,BS000011,BS000012,88,15,15,88,1
PG000061,P000094,771.736,1642.332,BS000011,BS000012,88,15,15,88,1
PG000064,P000097,771.736,1642.332,BS000011,BS000012,88,15,15,88,1
PG000062,P000095,801.736,1702.332,BS000011,BS000012,91,15,15,91,1
PG000063,P000096,801.736,1702.332,BS000011,BS000012,91,15,15,91,1
PG000065,P000098,801.736,1702.332,BS000011,BS000012,91,15,15,91,1
PG000066,P000099,801.736,1702.332,BS000011,BS000012,91,15,15,91,1
PG000067,P000100,801.736,1702.332,BS000011,BS000012,91,15,15,91,1
PG000068,P000101,801.736,1702.332,BS000011,BS000012,91,15,15,91,1
PG000069,P000102,705.176,1238.434,BS000013,BS000014,54,8,8,54,1
PG000070,P000103,705.176,1238.434,BS000013,BS000014,54,8,8,54,1
PG000072,P000105,705.176,1238.434,BS000013,BS000014,54,8,8,54,1
PG000071,P000104,735.176,1298.434,BS000013,BS000014,57,8,8,57,1
PG000073,P000106,735.176,1298.434,BS000013,BS000014,57,8,8,57,1
PG000074,P000107,735.176,1298.434,BS000013,BS000014,57,8,8,57,1
PG000075,P000108,752.646,1142.475,BS000015,BS000016,39,12,12,39,1
PG000076,P000109,752.646,1142.475,BS000015,BS000016,39,12,12,39,1
PG000078,P000111,752.646,1142.475,BS000015,BS000016,39,12,12,39,1
PG000077,P000110,782.646,1202.475,BS000015,BS000016,42,12,12,42,1
PG000079,P000112,782.646,1202.475,BS000015,BS000016,42,12,12,42,1
PG000080,P000113,782.646,1202.475,BS000015,BS000016,42,12,12,42,1
PG000081,P000120,745.2,1609.638,BS000017,BS000018,87,15,15,87,1
PG000082,P000121,745.2,1609.638,BS000017,BS000018,87,15,15,87,1
PG000084,P000123,745.2,1609.638,BS000017,BS000018,87,15,15,87,1
PG000083,P000122,775.2,1669.638,BS000017,BS000018,90,15,15,90,1
PG000085,P000124,775.2,1669.638,BS000017,BS000018,90,15,15,90,1
PG000086,P000125,775.2,1669.638,BS000017,BS000018,90,15,15,90,1
PG000087,P000126,740.494,1119.372,BS000019,BS000020,38,5,5,38,1
PG000088,P000127,740.494,1119.372,BS000019,BS000020,38,5,5,38,1
PG000090,P000129,740.494,1119.372,BS000019,BS000020,38,5,5,38,1
PG000089,P000128,770.494,1179.372,BS000019,BS000020,41,5,5,41,1
PG000091,P000130,770.494,1179.372,BS000019,BS000020,41,5,5,41,1
PG000092,P000131,770.494,1179.372,BS000019,BS000020,41,5,5,41,1
PG000093,P000132,804.749,1422.353,BS000021,BS000022,63,3,3,63,1
PG000094,P000133,804.749,1422.353,BS000021,BS000022,63,3,3,63,1
PG000096,P000135,804.749,1422.353,BS000021,BS000022,63,3,3,63,1
PG000095,P000134,834.749,1482.353,BS000021,BS000022,66,3,3,66,1
PG000097,P000136,834.749,1482.353,BS000021,BS000022,66,3,3,66,1
PG000098,P000137,834.749,1482.353,BS000021,BS000022,66,3,3,66,1
PG000099,P000138,798.033,1410.978,BS000023,BS000024,62,15,15,62,1
PG000100,P000139,798.033,1410.978,BS000023,BS000024,62,15,15,62,1
PG000102,P000141,798.033,1410.978,BS000023,BS000024,62,15,15,62,1
PG000101,P000140,828.033,1470.978,BS000023,BS000024,65,15,15,65,1
PG000103,P000142,828.033,1470.978,BS000023,BS000024,65,15,15,65,1
PG000104,P000143,828.033,1470.978,BS000023,BS000024,65,15,15,65,1
PG000105,P000144,991.107,1831.416,BS000025,BS000002,84,15,15,84,1
PG000107,P000146,991.107,1831.416,BS000025,BS000002,84,15,15,84,1
PG000109,P000148,991.107,1831.416,BS000025,BS000002,84,15,15,84,1
PG000111,P000150,991.107,1831.416,BS000025,BS000002,84,15,15,84,1
PG000112,P000152,991.107,1831.416,BS000025,BS000002,84,15,15,84,1
PG000114,P000154,991.107,1831.416,BS000025,BS000002,84,15,15,84,1
PG000116,P000156,991.107,1831.416,BS000025,BS000002,84,15,15,84,1
PG000118,P000158,991.107,1831.416,BS000025,BS000002,84,15,15,84,1
PG000120,P000160,991.107,1831.416,BS000025,BS000002,84,15,15,84,1
PG000122,P000162,991.107,1831.416,BS000025,BS000002,84,15,15,84,1
PG000124,P000164,991.107,1831.416,BS000025,BS000002,84,15,15,84,1
PG000126,P000166,991.107,1831.416,BS000025,BS000002,84,15,15,84,1
PG000128,P000168,991.107,1831.416,BS000025,BS000002,84,15,15,84,1
PG000130,P000170,991.107,1831.416,BS000025,BS000002,84,15,15,84,1
PG000139,P000180,1051.107,1891.416,BS000025,BS000002,84,15,15,84,1
PG000141,P000182,1051.107,1891.416,BS000025,BS000002,84,15,15,84,1
PG000143,P000184,1051.107,1891.416,BS000025,BS000002,84,15,15,84,1
PG000145,P000186,1051.107,1891.416,BS000025,BS000002,84,15,15,84,1
PG000147,P000188,991.107,1831.416,BS000025,BS000002,84,15,15,84,1
PG000149,P000190,991.107,1831.416,BS000025,BS000002,84,15,15,84,1
PG000151,P000192,991.107,1831.416,BS000025,BS000002,84,15,15,84,1
PG000153,P000194,991.107,1831.416,BS000025,BS000002,84,15,15,84,1
PG000154,P000196,991.107,1831.416,BS000025,BS000002,84,15,15,84,1
PG000163,P000206,1051.107,1891.416,BS000025,BS000002,84,15,15,84,1
PG000165,P000208,1051.107,1891.416,BS000025,BS000002,84,15,15,84,1
PG000167,P000210,1051.107,1891.416,BS000025,BS000002,84,15,15,84,1
PG000169,P000212,1051.107,1891.416,BS000025,BS000002,84,15,15,84,1
PG000171,P000214,1051.107,1891.416,BS000025,BS000002,84,15,15,84,1
PG000173,P000216,1051.107,1891.416,BS000025,BS000002,84,15,15,84,1
PG000175,P000218,1051.107,1891.416,BS000025,BS000002,84,15,15,84,1
PG000177,P000220,1051.107,1891.416,BS000025,BS000002,84,15,15,84,1
PG000179,P000222,1051.107,1891.416,BS000025,BS000002,84,15,15,84,1
PG000106,P000145,740.418,1585.72,BS000001,BS000026,84,15,15,84,1
PG000108,P000147,740.418,1585.72,BS000001,BS000026,84,15,15,84,1
PG000110,P000149,740.418,1585.72,BS000001,BS000026,84,15,15,84,1
PG000113,P000153,740.418,1585.72,BS000001,BS000026,84,15,15,84,1
PG000115,P000155,740.418,1585.72,BS000001,BS000026,84,15,15,84,1
PG000117,P000157,740.418,1585.72,BS000001,BS000026,84,15,15,84,1
PG000119,P000159,740.418,1585.72,BS000001,BS000026,84,15,15,84,1
PG000121,P000161,740.418,1585.72,BS000001,BS000026,84,15,15,84,1
PG000123,P000163,740.418,1585.72,BS000001,BS000026,84,15,15,84,1
PG000125,P000165,740.418,1585.72,BS000001,BS000026,84,15,15,84,1
PG000127,P000167,740.418,1585.72,BS000001,BS000026,84,15,15,84,1
PG000129,P000169,740.418,1585.72,BS000001,BS000026,84,15,15,84,1
PG000140,P000181,770.418,1615.72,BS000001,BS000026,84,15,15,84,1
PG000142,P000183,770.418,1615.72,BS000001,BS000026,84,15,15,84,1
PG000144,P000185,770.418,1615.72,BS000001,BS000026,84,15,15,84,1
PG000146,P000187,770.418,1615.72,BS000001,BS000026,84,15,15,84,1
PG000148,P000189,740.418,1585.72,BS000001,BS000026,84,15,15,84,1
PG000150,P000191,740.418,1585.72,BS000001,BS000026,84,15,15,84,1
PG000152,P000193,740.418,1585.72,BS000001,BS000026,84,15,15,84,1
PG000164,P000207,770.418,1615.72,BS000001,BS000026,84,15,15,84,1
PG000166,P000209,770.418,1615.72,BS000001,BS000026,84,15,15,84,1
PG000168,P000211,770.418,1615.72,BS000001,BS000026,84,15,15,84,1
PG000170,P000213,770.418,1615.72,BS000001,BS000026,84,15,15,84,1
PG000172,P000215,770.418,1615.72,BS000001,BS000026,84,15,15,84,1
PG000174,P000217,770.418,1615.72,BS000001,BS000026,84,15,15,84,1
PG000176,P000219,770.418,1615.72,BS000001,BS000026,84,15,15,84,1
PG000178,P000221,770.418,1615.72,BS000001,BS000026,84,15,15,84,1
PG000180,P000223,770.418,1615.72,BS000001,BS000026,84,15,15,84,1
PG000131,P000172,1021.107,1891.416,BS000025,BS000002,87,15,15,87,1
PG000133,P000174,1021.107,1891.416,BS000025,BS000002,87,15,15,87,1
PG000135,P000176,1021.107,1891.416,BS000025,BS000002,87,15,15,87,1
PG000137,P000178,1021.107,1891.416,BS000025,BS000002,87,15,15,87,1
PG000155,P000198,1021.107,1891.416,BS000025,BS000002,87,15,15,87,1
PG000157,P000200,1021.107,1891.416,BS000025,BS000002,87,15,15,87,1
PG000159,P000202,1021.107,1891.416,BS000025,BS000002,87,15,15,87,1
PG000161,P000204,1021.107,1891.416,BS000025,BS000002,87,15,15,87,1
PG000132,P000173,770.418,1645.72,BS000001,BS000026,87,15,15,87,1
PG000134,P000175,770.418,1645.72,BS000001,BS000026,87,15,15,87,1
PG000136,P000177,770.418,1645.72,BS000001,BS000026,87,15,15,87,1
PG000138,P000179,770.418,1645.72,BS000001,BS000026,87,15,15,87,1
PG000156,P000199,770.418,1645.72,BS000001,BS000026,87,15,15,87,1
PG000158,P000201,770.418,1645.72,BS000001,BS000026,87,15,15,87,1
PG000160,P000203,770.418,1645.72,BS000001,BS000026,87,15,15,87,1
PG000162,P000205,770.418,1645.72,BS000001,BS000026,87,15,15,87,1
PG000181,P000224,1303.34,2261.974,BS000027,BS000004,96,9,9,96,1
PG000182,P000225,1303.34,2261.974,BS000027,BS000004,96,9,9,96,1
PG000183,P000226,1303.34,2261.974,BS000027,BS000004,96,9,9,96,1
PG000185,P000228,1303.34,2261.974,BS000027,BS000004,96,9,9,96,1
PG000187,P000231,1303.34,2261.974,BS000027,BS000004,96,9,9,96,1
PG000189,P000233,1303.34,2261.974,BS000027,BS000004,96,9,9,96,1
PG000191,P000235,1303.34,2261.974,BS000027,BS000004,96,9,9,96,1
PG000196,P000241,1363.34,2321.974,BS000027,BS000004,96,9,9,96,1
PG000197,P000242,1363.34,2321.974,BS000027,BS000004,96,9,9,96,1
PG000198,P000243,1363.34,2321.974,BS000027,BS000004,96,9,9,96,1
PG000199,P000244,1363.34,2321.974,BS000027,BS000004,96,9,9,96,1
PG000200,P000245,1303.34,2261.974,BS000027,BS000004,96,9,9,96,1
PG000202,P000247,1303.34,2261.974,BS000027,BS000004,96,9,9,96,1
PG000203,P000249,1303.34,2261.974,BS000027,BS000004,96,9,9,96,1
PG000208,P000255,1363.34,2321.974,BS000027,BS000004,96,9,9,96,1
PG000209,P000256,1363.34,2321.974,BS000027,BS000004,96,9,9,96,1
PG000210,P000257,1363.34,2321.974,BS000027,BS000004,96,9,9,96,1
PG000211,P000258,1363.34,2321.974,BS000027,BS000004,96,9,9,96,1
PG000212,P000259,1363.34,2321.974,BS000027,BS000004,96,9,9,96,1
PG000214,P000261,1363.34,2321.974,BS000027,BS000004,96,9,9,96,1
PG000184,P000227,824.701,1791.593,BS000003,BS000028,97,9,9,97,1
PG000186,P000230,824.701,1791.593,BS000003,BS000028,97,9,9,97,1
PG000188,P000232,824.701,1791.593,BS000003,BS000028,97,9,9,97,1
PG000190,P000234,824.701,1791.593,BS000003,BS000028,97,9,9,97,1
PG000201,P000246,824.701,1791.593,BS000003,BS000028,97,9,9,97,1
PG000213,P000260,854.701,1821.593,BS000003,BS000028,97,9,9,97,1
PG000192,P000237,1333.34,2321.974,BS000027,BS000004,99,9,9,99,1
PG000194,P000239,1333.34,2321.974,BS000027,BS000004,99,9,9,99,1
PG000204,P000251,1333.34,2321.974,BS000027,BS000004,99,9,9,99,1
PG000206,P000253,1333.34,2321.974,BS000027,BS000004,99,9,9,99,1
PG000193,P000238,854.701,1851.593,BS000003,BS000028,100,9,9,100,1
PG000195,P000240,854.701,1851.593,BS000003,BS000028,100,9,9,100,1
PG000205,P000252,854.701,1851.593,BS000003,BS000028,100,9,9,100,1
PG000207,P000254,854.701,1851.593,BS000003,BS000028,100,9,9,100,1
PG000215,P000264,1154.285,1895.405,BS000029,BS000006,75,14,14,75,1
PG000217,P000266,1154.285,1895.405,BS000029,BS000006,75,14,14,75,1
PG000219,P000268,1154.285,1895.405,BS000029,BS000006,75,14,14,75,1
PG000221,P000270,1154.285,1895.405,BS000029,BS000006,75,14,14,75,1
PG000222,P000272,1154.285,1895.405,BS000029,BS000006,75,14,14,75,1
PG000224,P000274,1154.285,1895.405,BS000029,BS000006,75,14,14,75,1
PG000226,P000276,1154.285,1895.405,BS000029,BS000006,75,14,14,75,1
PG000228,P000278,1154.285,1895.405,BS000029,BS000006,75,14,14,75,1
PG000230,P000280,1154.285,1895.405,BS000029,BS000006,75,14,14,75,1
PG000232,P000282,1154.285,1895.405,BS000029,BS000006,75,14,14,75,1
PG000234,P000284,1154.285,1895.405,BS000029,BS000006,75,14,14,75,1
PG000236,P000286,1154.285,1895.405,BS000029,BS000006,75,14,14,75,1
PG000238,P000288,1154.285,1895.405,BS000029,BS000006,75,14,14,75,1
PG000239,P000290,1154.285,1895.405,BS000029,BS000006,75,14,14,75,1
PG000248,P000300,1214.285,1955.405,BS000029,BS000006,75,14,14,75,1
PG000250,P000302,1214.285,1955.405,BS000029,BS000006,75,14,14,75,1
PG000252,P000304,1214.285,1955.405,BS000029,BS000006,75,14,14,75,1
PG000254,P000306,1214.285,1955.405,BS000029,BS000006,75,14,14,75,1
PG000255,P000308,1154.285,1895.405,BS000029,BS000006,75,14,14,75,1
PG000257,P000310,1154.285,1895.405,BS000029,BS000006,75,14,14,75,1
PG000259,P000312,1154.285,1895.405,BS000029,BS000006,75,14,14,75,1
PG000261,P000314,1154.285,1895.405,BS000029,BS000006,75,14,14,75,1
PG000262,P000316,1154.285,1895.405,BS000029,BS000006,75,14,14,75,1
PG000271,P000330,1214.285,1955.405,BS000029,BS000006,75,14,14,75,1
PG000273,P000332,1214.285,1955.405,BS000029,BS000006,75,14,14,75,1
PG000274,P000334,1214.285,1955.405,BS000029,BS000006,75,14,14,75,1
PG000276,P000336,1214.285,1955.405,BS000029,BS000006,75,14,14,75,1
PG000278,P000338,1214.285,1955.405,BS000029,BS000006,75,14,14,75,1
PG000280,P000340,1214.285,1955.405,BS000029,BS000006,75,14,14,75,1
PG000282,P000342,1214.285,1955.405,BS000029,BS000006,75,14,14,75,1
PG000216,P000265,870.18,1613.786,BS000005,BS000030,75,14,14,75,1
PG000218,P000267,870.18,1613.786,BS000005,BS000030,75,14,14,75,1
PG000220,P000269,870.18,1613.786,BS000005,BS000030,75,14,14,75,1
PG000223,P000273,870.18,1613.786,BS000005,BS000030,75,14,14,75,1
PG000225,P000275,870.18,1613.786,BS000005,BS000030,75,14,14,75,1
PG000227,P000277,870.18,1613.786,BS000005,BS000030,75,14,14,75,1
PG000229,P000279,870.18,1613.786,BS000005,BS000030,75,14,14,75,1
PG000231,P000281,870.18,1613.786,BS000005,BS000030,75,14,14,75,1
PG000233,P000283,870.18,1613.786,BS000005,BS000030,75,14,14,75,1
PG000235,P000285,870.18,1613.786,BS000005,BS000030,75,14,14,75,1
PG000237,P000287,870.18,1613.786,BS000005,BS000030,75,14,14,75,1
PG000249,P000301,900.18,1643.786,BS000005,BS000030,75,14,14,75,1
PG000251,P000303,900.18,1643.786,BS000005,BS000030,75,14,14,75,1
PG000253,P000305,900.18,1643.786,BS000005,BS000030,75,14,14,75,1
PG000256,P000309,870.18,1613.786,BS000005,BS000030,75,14,14,75,1
PG000258,P000311,870.18,1613.786,BS000005,BS000030,75,14,14,75,1
PG000260,P000313,870.18,1613.786,BS000005,BS000030,75,14,14,75,1
PG000272,P000331,900.18,1643.786,BS000005,BS000030,75,14,14,75,1
PG000275,P000335,900.18,1643.786,BS000005,BS000030,75,14,14,75,1
PG000277,P000337,900.18,1643.786,BS000005,BS000030,75,14,14,75,1
PG000279,P000339,900.18,1643.786,BS000005,BS000030,75,14,14,75,1
PG000281,P000341,900.18,1643.786,BS000005,BS000030,75,14,14,75,1
PG000240,P000292,1184.285,1955.405,BS000029,BS000006,78,14,14,78,1
PG000242,P000294,1184.285,1955.405,BS000029,BS000006,78,14,14,78,1
PG000244,P000296,1184.285,1955.405,BS000029,BS000006,78,14,14,78,1
PG000246,P000298,1184.285,1955.405,BS000029,BS000006,78,14,14,78,1
PG000263,P000318,1184.285,1955.405,BS000029,BS000006,78,14,14,78,1
PG000265,P000320,1184.285,1955.405,BS000029,BS000006,78,14,14,78,1
PG000267,P000322,1184.285,1955.405,BS000029,BS000006,78,14,14,78,1
PG000269,P000324,1184.285,1955.405,BS000029,BS000006,78,14,14,78,1
PG000241,P000293,900.18,1673.786,BS000005,BS000030,78,14,14,78,1
PG000243,P000295,900.18,1673.786,BS000005,BS000030,78,14,14,78,1
PG000245,P000297,900.18,1673.786,BS000005,BS000030,78,14,14,78,1
PG000247,P000299,900.18,1673.786,BS000005,BS000030,78,14,14,78,1
PG000264,P000319,900.18,1673.786,BS000005,BS000030,78,14,14,78,1
PG000266,P000321,900.18,1673.786,BS000005,BS000030,78,14,14,78,1
PG000268,P000323,900.18,1673.786,BS000005,BS000030,78,14,14,78,1
PG000270,P000325,900.18,1673.786,BS000005,BS000030,78,14,14,78,1
PG000283,P000344,1023.405,1500.28,BS000031,BS000008,48,8,8,48,1
PG000285,P000346,1023.405,1500.28,BS000031,BS000008,48,8,8,48,1
PG000287,P000348,1023.405,1500.28,BS000031,BS000008,48,8,8,48,1
PG000289,P000350,1023.405,1500.28,BS000031,BS000008,48,8,8,48,1
PG000290,P000352,1023.405,1500.28,BS000031,BS000008,48,8,8,48,1
PG000292,P000354,1023.405,1500.28,BS000031,BS000008,48,8,8,48,1
PG000294,P000356,1023.405,1500.28,BS000031,BS000008,48,8,8,48,1
PG000296,P000358,1023.405,1500.28,BS000031,BS000008,48,8,8,48,1
PG000299,P000362,1023.405,1500.28,BS000031,BS000008,48,8,8,48,1
PG000301,P000364,1023.405,1500.28,BS000031,BS000008,48,8,8,48,1
PG000303,P000366,1023.405,1500.28,BS000031,BS000008,48,8,8,48,1
PG000313,P000380,1083.405,1560.28,BS000031,BS000008,48,8,8,48,1
PG000315,P000382,1083.405,1560.28,BS000031,BS000008,48,8,8,48,1
PG000317,P000384,1083.405,1560.28,BS000031,BS000008,48,8,8,48,1
PG000319,P000392,1023.405,1500.28,BS000031,BS000008,48,8,8,48,1
PG000329,P000410,1083.405,1560.28,BS000031,BS000008,48,8,8,48,1
PG000331,P000414,1083.405,1560.28,BS000031,BS000008,48,8,8,48,1
PG000333,P000416,1083.405,1560.28,BS000031,BS000008,48,8,8,48,1
PG000335,P000418,1083.405,1560.28,BS000031,BS000008,48,8,8,48,1
PG000337,P000420,1083.405,1560.28,BS000031,BS000008,48,8,8,48,1
PG000339,P000422,1083.405,1560.28,BS000031,BS000008,48,8,8,48,1
PG000284,P000345,806.237,1281.015,BS000007,BS000032,49,8,8,49,1
PG000286,P000347,806.237,1281.015,BS000007,BS000032,49,8,8,49,1
PG000288,P000349,806.237,1281.015,BS000007,BS000032,49,8,8,49,1
PG000291,P000353,806.237,1281.015,BS000007,BS000032,49,8,8,49,1
PG000293,P000355,806.237,1281.015,BS000007,BS000032,49,8,8,49,1
PG000295,P000357,806.237,1281.015,BS000007,BS000032,49,8,8,49,1
PG000297,P000359,806.237,1281.015,BS000007,BS000032,49,8,8,49,1
PG000298,P000361,806.237,1281.015,BS000007,BS000032,49,8,8,49,1
PG000300,P000363,806.237,1281.015,BS000007,BS000032,49,8,8,49,1
PG000302,P000365,806.237,1281.015,BS000007,BS000032,49,8,8,49,1
PG000304,P000367,806.237,1281.015,BS000007,BS000032,49,8,8,49,1
PG000314,P000381,836.237,1311.015,BS000007,BS000032,49,8,8,49,1
PG000316,P000383,836.237,1311.015,BS000007,BS000032,49,8,8,49,1
PG000318,P000385,836.237,1311.015,BS000007,BS000032,49,8,8,49,1
PG000320,P000393,806.237,1281.015,BS000007,BS000032,49,8,8,49,1
PG000330,P000411,836.237,1311.015,BS000007,BS000032,49,8,8,49,1
PG000332,P000415,836.237,1311.015,BS000007,BS000032,49,8,8,49,1
PG000334,P000417,836.237,1311.015,BS000007,BS000032,49,8,8,49,1
PG000336,P000419,836.237,1311.015,BS000007,BS000032,49,8,8,49,1
PG000338,P000421,836.237,1311.015,BS000007,BS000032,49,8,8,49,1
PG000305,P000372,1053.405,1560.28,BS000031,BS000008,51,8,8,51,1
PG000307,P000374,1053.405,1560.28,BS000031,BS000008,51,8,8,51,1
PG000309,P000376,1053.405,1560.28,BS000031,BS000008,51,8,8,51,1
PG000311,P000378,1053.405,1560.28,BS000031,BS000008,51,8,8,51,1
PG000321,P000398,1053.405,1560.28,BS000031,BS000008,51,8,8,51,1
PG000323,P000400,1053.405,1560.28,BS000031,BS000008,51,8,8,51,1
PG000325,P000402,1053.405,1560.28,BS000031,BS000008,51,8,8,51,1
PG000327,P000404,1053.405,1560.28,BS000031,BS000008,51,8,8,51,1
PG000306,P000373,836.237,1341.015,BS000007,BS000032,52,8,8,52,1
PG000308,P000375,836.237,1341.015,BS000007,BS000032,52,8,8,52,1
PG000310,P000377,836.237,1341.015,BS000007,BS000032,52,8,8,52,1
PG000312,P000379,836.237,1341.015,BS000007,BS000032,52,8,8,52,1
PG000322,P000399,836.237,1341.015,BS000007,BS000032,52,8,8,52,1
PG000324,P000401,836.237,1341.015,BS000007,BS000032,52,8,8,52,1
PG000326,P000403,836.237,1341.015,BS000007,BS000032,52,8,8,52,1
PG000328,P000405,836.237,1341.015,BS000007,BS000032,52,8,8,52,1
PG000340,P000504,1324.417,1716.817,BS000033,BS000010,40,8,8,40,1
PG000342,P000506,1324.417,1716.817,BS000033,BS000010,40,8,8,40,1
PG000344,P000508,1324.417,1716.817,BS000033,BS000010,40,8,8,40,1
PG000346,P000510,1324.417,1716.817,BS000033,BS000010,40,8,8,40,1
PG000347,P000512,1324.417,1716.817,BS000033,BS000010,40,8,8,40,1
PG000349,P000514,1324.417,1716.817,BS000033,BS000010,40,8,8,40,1
PG000351,P000516,1324.417,1716.817,BS000033,BS000010,40,8,8,40,1
PG000353,P000518,1324.417,1716.817,BS000033,BS000010,40,8,8,40,1
PG000356,P000522,1324.417,1716.817,BS000033,BS000010,40,8,8,40,1
PG000358,P000524,1324.417,1716.817,BS000033,BS000010,40,8,8,40,1
PG000360,P000526,1324.417,1716.817,BS000033,BS000010,40,8,8,40,1
PG000362,P000528,1324.417,1716.817,BS000033,BS000010,40,8,8,40,1
PG000371,P000540,1384.417,1776.817,BS000033,BS000010,40,8,8,40,1
PG000373,P000542,1384.417,1776.817,BS000033,BS000010,40,8,8,40,1
PG000375,P000544,1384.417,1776.817,BS000033,BS000010,40,8,8,40,1
PG000377,P000548,1324.417,1716.817,BS000033,BS000010,40,8,8,40,1
PG000378,P000550,1324.417,1716.817,BS000033,BS000010,40,8,8,40,1
PG000379,P000552,1324.417,1716.817,BS000033,BS000010,40,8,8,40,1
PG000381,P000554,1324.417,1716.817,BS000033,BS000010,40,8,8,40,1
PG000390,P000570,1384.417,1776.817,BS000033,BS000010,40,8,8,40,1
PG000392,P000574,1384.417,1776.817,BS000033,BS000010,40,8,8,40,1
PG000394,P000576,1384.417,1776.817,BS000033,BS000010,40,8,8,40,1
PG000396,P000578,1384.417,1776.817,BS000033,BS000010,40,8,8,40,1
PG000398,P000580,1384.417,1776.817,BS000033,BS000010,40,8,8,40,1
PG000341,P000505,808.091,1211.524,BS000009,BS000034,41,8,8,41,1
PG000343,P000507,808.091,1211.524,BS000009,BS000034,41,8,8,41,1
PG000345,P000509,808.091,1211.524,BS000009,BS000034,41,8,8,41,1
PG000348,P000513,808.091,1211.524,BS000009,BS000034,41,8,8,41,1
PG000350,P000515,808.091,1211.524,BS000009,BS000034,41,8,8,41,1
PG000352,P000517,808.091,1211.524,BS000009,BS000034,41,8,8,41,1
PG000354,P000519,808.091,1211.524,BS000009,BS000034,41,8,8,41,1
PG000355,P000521,808.091,1211.524,BS000009,BS000034,41,8,8,41,1
PG000357,P000523,808.091,1211.524,BS000009,BS000034,41,8,8,41,1
PG000359,P000525,808.091,1211.524,BS000009,BS000034,41,8,8,41,1
PG000361,P000527,808.091,1211.524,BS000009,BS000034,41,8,8,41,1
PG000372,P000541,838.091,1241.524,BS000009,BS000034,41,8,8,41,1
PG000374,P000543,838.091,1241.524,BS000009,BS000034,41,8,8,41,1
PG000376,P000545,838.091,1241.524,BS000009,BS000034,41,8,8,41,1
PG000380,P000553,808.091,1211.524,BS000009,BS000034,41,8,8,41,1
PG000391,P000571,838.091,1241.524,BS000009,BS000034,41,8,8,41,1
PG000393,P000575,838.091,1241.524,BS000009,BS000034,41,8,8,41,1
PG000395,P000577,838.091,1241.524,BS000009,BS000034,41,8,8,41,1
PG000397,P000579,838.091,1241.524,BS000009,BS000034,41,8,8,41,1
PG000399,P000581,838.091,1241.524,BS000009,BS000034,41,8,8,41,1
PG000363,P000532,1354.417,1776.817,BS000033,BS000010,43,8,8,43,1
PG000365,P000534,1354.417,1776.817,BS000033,BS000010,43,8,8,43,1
PG000367,P000536,1354.417,1776.817,BS000033,BS000010,43,8,8,43,1
PG000369,P000538,1354.417,1776.817,BS000033,BS000010,43,8,8,43,1
PG000382,P000558,1354.417,1776.817,BS000033,BS000010,43,8,8,43,1
PG000384,P000560,1354.417,1776.817,BS000033,BS000010,43,8,8,43,1
PG000386,P000562,1354.417,1776.817,BS000033,BS000010,43,8,8,43,1
PG000388,P000564,1354.417,1776.817,BS000033,BS000010,43,8,8,43,1
PG000364,P000533,838.091,1271.524,BS000009,BS000034,44,8,8,44,1
PG000366,P000535,838.091,1271.524,BS000009,BS000034,44,8,8,44,1
PG000368,P000537,838.091,1271.524,BS000009,BS000034,44,8,8,44,1
PG000370,P000539,838.091,1271.524,BS000009,BS000034,44,8,8,44,1
PG000383,P000559,838.091,1271.524,BS000009,BS000034,44,8,8,44,1
PG000385,P000561,838.091,1271.524,BS000009,BS000034,44,8,8,44,1
PG000387,P000563,838.091,1271.524,BS000009,BS000034,44,8,8,44,1
PG000389,P000565,838.091,1271.524,BS000009,BS000034,44,8,8,44,1
PG000400,P000584,1070.288,1180.288,BS000035,BS000036,10,2,2,10,1
PG000402,P000585,1070.288,1180.288,BS000035,BS000036,10,2,2,10,1
PG000406,P000587,1070.288,1180.288,BS000035,BS000036,10,2,2,10,1
PG000408,P000588,1070.288,1180.288,BS000035,BS000036,10,2,2,10,1
PG000412,P000592,1070.288,1180.288,BS000035,BS000036,10,2,2,10,1
PG000416,P000594,1070.288,1180.288,BS000035,BS000036,10,2,2,10,1
PG000420,P000596,1070.288,1180.288,BS000035,BS000036,10,2,2,10,1
PG000426,P000600,1070.288,1180.288,BS000035,BS000036,10,2,2,10,1
PG000430,P000602,1070.288,1180.288,BS000035,BS000036,10,2,2,10,1
PG000434,P000604,1070.288,1180.288,BS000035,BS000036,10,2,2,10,1
PG000438,P000610,1100.288,1210.288,BS000035,BS000036,10,2,2,10,1
PG000442,P000612,1100.288,1210.288,BS000035,BS000036,10,2,2,10,1
PG000446,P000614,1100.288,1210.288,BS000035,BS000036,10,2,2,10,1
PG000450,P000616,1100.288,1210.288,BS000035,BS000036,10,2,2,10,1
PG000454,P000618,1130.288,1240.288,BS000035,BS000036,10,2,2,10,1
PG000456,P000619,1130.288,1240.288,BS000035,BS000036,10,2,2,10,1
PG000458,P000620,1130.288,1240.288,BS000035,BS000036,10,2,2,10,1
PG000462,P000628,1070.288,1180.288,BS000035,BS000036,10,2,2,10,1
PG000466,P000634,1100.288,1210.288,BS000035,BS000036,10,2,2,10,1
PG000470,P000636,1100.288,1210.288,BS000035,BS000036,10,2,2,10,1
PG000474,P000638,1100.288,1210.288,BS000035,BS000036,10,2,2,10,1
PG000478,P000640,1100.288,1210.288,BS000035,BS000036,10,2,2,10,1
PG000482,P000644,1130.288,1240.288,BS000035,BS000036,10,2,2,10,1
PG000486,P000648,1130.288,1240.288,BS000035,BS000036,10,2,2,10,1
PG000490,P000650,1130.288,1240.288,BS000035,BS000036,10,2,2,10,1
PG000494,P000652,1130.288,1240.288,BS000035,BS000036,10,2,2,10,1
PG000498,P000654,1130.288,1240.288,BS000035,BS000036,10,2,2,10,1
PG000401,P000584,1200.288,1991.243,BS000037,BS000012,79,15,15,79,1
PG000403,P000585,1200.288,1991.243,BS000037,BS000012,79,15,15,79,1
PG000407,P000587,1200.288,1991.243,BS000037,BS000012,79,15,15,79,1
PG000409,P000588,1200.288,1991.243,BS000037,BS000012,79,15,15,79,1
PG000413,P000592,1200.288,1991.243,BS000037,BS000012,79,15,15,79,1
PG000417,P000594,1200.288,1991.243,BS000037,BS000012,79,15,15,79,1
PG000421,P000596,1200.288,1991.243,BS000037,BS000012,79,15,15,79,1
PG000427,P000600,1200.288,1991.243,BS000037,BS000012,79,15,15,79,1
PG000431,P000602,1200.288,1991.243,BS000037,BS000012,79,15,15,79,1
PG000435,P000604,1200.288,1991.243,BS000037,BS000012,79,15,15,79,1
PG000455,P000618,1260.288,2051.243,BS000037,BS000012,79,15,15,79,1
PG000457,P000619,1260.288,2051.243,BS000037,BS000012,79,15,15,79,1
PG000459,P000620,1260.288,2051.243,BS000037,BS000012,79,15,15,79,1
PG000463,P000628,1200.288,1991.243,BS000037,BS000012,79,15,15,79,1
PG000483,P000644,1260.288,2051.243,BS000037,BS000012,79,15,15,79,1
PG000487,P000648,1260.288,2051.243,BS000037,BS000012,79,15,15,79,1
PG000491,P000650,1260.288,2051.243,BS000037,BS000012,79,15,15,79,1
PG000495,P000652,1260.288,2051.243,BS000037,BS000012,79,15,15,79,1
PG000499,P000654,1260.288,2051.243,BS000037,BS000012,79,15,15,79,1
PG000404,P000586,801.736,1600.291,BS000011,BS000038,81,15,15,81,1
PG000410,P000591,801.736,1600.291,BS000011,BS000038,81,15,15,81,1
PG000414,P000593,801.736,1600.291,BS000011,BS000038,81,15,15,81,1
PG000418,P000595,801.736,1600.291,BS000011,BS000038,81,15,15,81,1
PG000422,P000597,801.736,1600.291,BS000011,BS000038,81,15,15,81,1
PG000424,P000599,801.736,1600.291,BS000011,BS000038,81,15,15,81,1
PG000428,P000601,801.736,1600.291,BS000011,BS000038,81,15,15,81,1
PG000432,P000603,801.736,1600.291,BS000011,BS000038,81,15,15,81,1
PG000436,P000605,801.736,1600.291,BS000011,BS000038,81,15,15,81,1
PG000460,P000621,831.736,1630.291,BS000011,BS000038,81,15,15,81,1
PG000464,P000629,801.736,1600.291,BS000011,BS000038,81,15,15,81,1
PG000484,P000645,831.736,1630.291,BS000011,BS000038,81,15,15,81,1
PG000488,P000649,831.736,1630.291,BS000011,BS000038,81,15,15,81,1
PG000492,P000651,831.736,1630.291,BS000011,BS000038,81,15,15,81,1
PG000496,P000653,831.736,1630.291,BS000011,BS000038,81,15,15,81,1
PG000500,P000655,831.736,1630.291,BS000011,BS000038,81,15,15,81,1
PG000405,P000586,1630.291,1730.291,BS000039,BS000040,9,2,2,9,1
PG000411,P000591,1630.291,1730.291,BS000039,BS000040,9,2,2,9,1
PG000415,P000593,1630.291,1730.291,BS000039,BS000040,9,2,2,9,1
PG000419,P000595,1630.291,1730.291,BS000039,BS000040,9,2,2,9,1
PG000423,P000597,1630.291,1730.291,BS000039,BS000040,9,2,2,9,1
PG000425,P000599,1630.291,1730.291,BS000039,BS000040,9,2,2,9,1
PG000429,P000601,1630.291,1730.291,BS000039,BS000040,9,2,2,9,1
PG000433,P000603,1630.291,1730.291,BS000039,BS000040,9,2,2,9,1
PG000437,P000605,1630.291,1730.291,BS000039,BS000040,9,2,2,9,1
PG000441,P000611,1690.291,1790.291,BS000039,BS000040,9,2,2,9,1
PG000445,P000613,1690.291,1790.291,BS000039,BS000040,9,2,2,9,1
PG000449,P000615,1690.291,1790.291,BS000039,BS000040,9,2,2,9,1
PG000453,P000617,1690.291,1790.291,BS000039,BS000040,9,2,2,9,1
PG000461,P000621,1660.291,1760.291,BS000039,BS000040,9,2,2,9,1
PG000465,P000629,1630.291,1730.291,BS000039,BS000040,9,2,2,9,1
PG000469,P000635,1690.291,1790.291,BS000039,BS000040,9,2,2,9,1
PG000473,P000637,1690.291,1790.291,BS000039,BS000040,9,2,2,9,1
PG000477,P000639,1690.291,1790.291,BS000039,BS000040,9,2,2,9,1
PG000481,P000641,1690.291,1790.291,BS000039,BS000040,9,2,2,9,1
PG000485,P000645,1660.291,1760.291,BS000039,BS000040,9,2,2,9,1
PG000489,P000649,1660.291,1760.291,BS000039,BS000040,9,2,2,9,1
PG000493,P000651,1660.291,1760.291,BS000039,BS000040,9,2,2,9,1
PG000497,P000653,1660.291,1760.291,BS000039,BS000040,9,2,2,9,1
PG000501,P000655,1660.291,1760.291,BS000039,BS000040,9,2,2,9,1
PG000439,P000610,1230.288,2051.243,BS000037,BS000012,82,15,15,82,1
PG000443,P000612,1230.288,2051.243,BS000037,BS000012,82,15,15,82,1
PG000447,P000614,1230.288,2051.243,BS000037,BS000012,82,15,15,82,1
PG000451,P000616,1230.288,2051.243,BS000037,BS000012,82,15,15,82,1
PG000467,P000634,1230.288,2051.243,BS000037,BS000012,82,15,15,82,1
PG000471,P000636,1230.288,2051.243,BS000037,BS000012,82,15,15,82,1
PG000475,P000638,1230.288,2051.243,BS000037,BS000012,82,15,15,82,1
PG000479,P000640,1230.288,2051.243,BS000037,BS000012,82,15,15,82,1
PG000440,P000611,831.736,1660.291,BS000011,BS000038,84,15,15,84,1
PG000444,P000613,831.736,1660.291,BS000011,BS000038,84,15,15,84,1
PG000448,P000615,831.736,1660.291,BS000011,BS000038,84,15,15,84,1
PG000452,P000617,831.736,1660.291,BS000011,BS000038,84,15,15,84,1
PG000468,P000635,831.736,1660.291,BS000011,BS000038,84,15,15,84,1
PG000472,P000637,831.736,1660.291,BS000011,BS000038,84,15,15,84,1
PG000476,P000639,831.736,1660.291,BS000011,BS000038,84,15,15,84,1
PG000480,P000641,831.736,1660.291,BS000011,BS000038,84,15,15,84,1
PG000502,P000658,985.768,1513.744,BS000041,BS000014,54,8,8,54,1
PG000504,P000660,985.768,1513.744,BS000041,BS000014,54,8,8,54,1
PG000506,P000662,985.768,1513.744,BS000041,BS000014,54,8,8,54,1
PG000508,P000664,985.768,1513.744,BS000041,BS000014,54,8,8,54,1
PG000510,P000666,985.768,1513.744,BS000041,BS000014,54,8,8,54,1
PG000512,P000668,985.768,1513.744,BS000041,BS000014,54,8,8,54,1
PG000514,P000670,985.768,1513.744,BS000041,BS000014,54,8,8,54,1
PG000516,P000672,985.768,1513.744,BS000041,BS000014,54,8,8,54,1
PG000518,P000674,985.768,1513.744,BS000041,BS000014,54,8,8,54,1
PG000520,P000676,985.768,1513.744,BS000041,BS000014,54,8,8,54,1
PG000522,P000678,985.768,1513.744,BS000041,BS000014,54,8,8,54,1
PG000528,P000684,1045.768,1573.744,BS000041,BS000014,54,8,8,54,1
PG000530,P000686,1045.768,1573.744,BS000041,BS000014,54,8,8,54,1
PG000532,P000688,1045.768,1573.744,BS000041,BS000014,54,8,8,54,1
PG000534,P000690,1045.768,1573.744,BS000041,BS000014,54,8,8,54,1
PG000535,P000692,985.768,1513.744,BS000041,BS000014,54,8,8,54,1
PG000537,P000694,985.768,1513.744,BS000041,BS000014,54,8,8,54,1
PG000539,P000696,985.768,1513.744,BS000041,BS000014,54,8,8,54,1
PG000545,P000706,1045.768,1573.744,BS000041,BS000014,54,8,8,54,1
PG000547,P000708,1045.768,1573.744,BS000041,BS000014,54,8,8,54,1
PG000548,P000710,1045.768,1573.744,BS000041,BS000014,54,8,8,54,1
PG000550,P000712,1045.768,1573.744,BS000041,BS000014,54,8,8,54,1
PG000552,P000714,1045.768,1573.744,BS000041,BS000014,54,8,8,54,1
PG000503,P000659,735.176,1268.434,BS000013,BS000042,54,8,8,54,1
PG000505,P000661,735.176,1268.434,BS000013,BS000042,54,8,8,54,1
PG000507,P000663,735.176,1268.434,BS000013,BS000042,54,8,8,54,1
PG000509,P000665,735.176,1268.434,BS000013,BS000042,54,8,8,54,1
PG000511,P000667,735.176,1268.434,BS000013,BS000042,54,8,8,54,1
PG000513,P000669,735.176,1268.434,BS000013,BS000042,54,8,8,54,1
PG000515,P000671,735.176,1268.434,BS000013,BS000042,54,8,8,54,1
PG000517,P000673,735.176,1268.434,BS000013,BS000042,54,8,8,54,1
PG000519,P000675,735.176,1268.434,BS000013,BS000042,54,8,8,54,1
PG000521,P000677,735.176,1268.434,BS000013,BS000042,54,8,8,54,1
PG000523,P000679,735.176,1268.434,BS000013,BS000042,54,8,8,54,1
PG000529,P000685,765.176,1298.434,BS000013,BS000042,54,8,8,54,1
PG000531,P000687,765.176,1298.434,BS000013,BS000042,54,8,8,54,1
PG000533,P000689,765.176,1298.434,BS000013,BS000042,54,8,8,54,1
PG000536,P000693,735.176,1268.434,BS000013,BS000042,54,8,8,54,1
PG000538,P000695,735.176,1268.434,BS000013,BS000042,54,8,8,54,1
PG000540,P000697,735.176,1268.434,BS000013,BS000042,54,8,8,54,1
PG000546,P000707,765.176,1298.434,BS000013,BS000042,54,8,8,54,1
PG000549,P000711,765.176,1298.434,BS000013,BS000042,54,8,8,54,1
PG000551,P000713,765.176,1298.434,BS000013,BS000042,54,8,8,54,1
PG000553,P000715,765.176,1298.434,BS000013,BS000042,54,8,8,54,1
PG000524,P000680,1015.768,1573.744,BS000041,BS000014,57,8,8,57,1
PG000526,P000682,1015.768,1573.744,BS000041,BS000014,57,8,8,57,1
PG000541,P000698,1015.768,1573.744,BS000041,BS000014,57,8,8,57,1
PG000543,P000700,1015.768,1573.744,BS000041,BS000014,57,8,8,57,1
PG000525,P000681,765.176,1328.434,BS000013,BS000042,57,8,8,57,1
PG000527,P000683,765.176,1328.434,BS000013,BS000042,57,8,8,57,1
PG000542,P000699,765.176,1328.434,BS000013,BS000042,57,8,8,57,1
PG000544,P000701,765.176,1328.434,BS000013,BS000042,57,8,8,57,1
PG000554,P000716,1171.719,1580.493,BS000043,BS000016,41,12,12,41,1
PG000556,P000718,1171.719,1580.493,BS000043,BS000016,41,12,12,41,1
PG000558,P000720,1171.719,1580.493,BS000043,BS000016,41,12,12,41,1
PG000560,P000722,1171.719,1580.493,BS000043,BS000016,41,12,12,41,1
PG000562,P000724,1171.719,1580.493,BS000043,BS000016,41,12,12,41,1
PG000564,P000726,1171.719,1580.493,BS000043,BS000016,41,12,12,41,1
PG000566,P000728,1171.719,1580.493,BS000043,BS000016,41,12,12,41,1
PG000569,P000732,1171.719,1580.493,BS000043,BS000016,41,12,12,41,1
PG000575,P000742,1231.719,1640.493,BS000043,BS000016,41,12,12,41,1
PG000577,P000744,1231.719,1640.493,BS000043,BS000016,41,12,12,41,1
PG000579,P000746,1231.719,1640.493,BS000043,BS000016,41,12,12,41,1
PG000581,P000748,1231.719,1640.493,BS000043,BS000016,41,12,12,41,1
PG000586,P000764,1231.719,1640.493,BS000043,BS000016,41,12,12,41,1
PG000588,P000768,1231.719,1640.493,BS000043,BS000016,41,12,12,41,1
PG000590,P000770,1231.719,1640.493,BS000043,BS000016,41,12,12,41,1
PG000592,P000772,1231.719,1640.493,BS000043,BS000016,41,12,12,41,1
PG000555,P000717,782.646,1200.956,BS000015,BS000044,42,12,12,42,1
PG000557,P000719,782.646,1200.956,BS000015,BS000044,42,12,12,42,1
PG000559,P000721,782.646,1200.956,BS000015,BS000044,42,12,12,42,1
PG000561,P000723,782.646,1200.956,BS000015,BS000044,42,12,12,42,1
PG000563,P000725,782.646,1200.956,BS000015,BS000044,42,12,12,42,1
PG000565,P000727,782.646,1200.956,BS000015,BS000044,42,12,12,42,1
PG000567,P000729,782.646,1200.956,BS000015,BS000044,42,12,12,42,1
PG000568,P000731,782.646,1200.956,BS000015,BS000044,42,12,12,42,1
PG000570,P000733,782.646,1200.956,BS000015,BS000044,42,12,12,42,1
PG000576,P000743,812.646,1230.956,BS000015,BS000044,42,12,12,42,1
PG000578,P000745,812.646,1230.956,BS000015,BS000044,42,12,12,42,1
PG000580,P000747,812.646,1230.956,BS000015,BS000044,42,12,12,42,1
PG000587,P000765,812.646,1230.956,BS000015,BS000044,42,12,12,42,1
PG000589,P000769,812.646,1230.956,BS000015,BS000044,42,12,12,42,1
PG000591,P000771,812.646,1230.956,BS000015,BS000044,42,12,12,42,1
PG000571,P000738,1201.719,1640.493,BS000043,BS000016,44,12,12,44,1
PG000573,P000740,1201.719,1640.493,BS000043,BS000016,44,12,12,44,1
PG000582,P000756,1201.719,1640.493,BS000043,BS000016,44,12,12,44,1
PG000584,P000758,1201.719,1640.493,BS000043,BS000016,44,12,12,44,1
PG000572,P000739,812.646,1260.956,BS000015,BS000044,45,12,12,45,1
PG000574,P000741,812.646,1260.956,BS000015,BS000044,45,12,12,45,1
PG000583,P000757,812.646,1260.956,BS000015,BS000044,45,12,12,45,1
PG000585,P000759,812.646,1260.956,BS000015,BS000044,45,12,12,45,1
PG000593,P000832,1123.225,1931.422,BS000045,BS000018,82,15,15,82,1
PG000595,P000834,1123.225,1931.422,BS000045,BS000018,82,15,15,82,1
PG000597,P000836,1123.225,1931.422,BS000045,BS000018,82,15,15,82,1
PG000599,P000838,1123.225,1931.422,BS000045,BS000018,82,15,15,82,1
PG000601,P000840,1123.225,1931.422,BS000045,BS000018,82,15,15,82,1
PG000603,P000842,1123.225,1931.422,BS000045,BS000018,82,15,15,82,1
PG000605,P000844,1123.225,1931.422,BS000045,BS000018,82,15,15,82,1
PG000607,P000846,1123.225,1931.422,BS000045,BS000018,82,15,15,82,1
PG000609,P000848,1123.225,1931.422,BS000045,BS000018,82,15,15,82,1
PG000611,P000850,1123.225,1931.422,BS000045,BS000018,82,15,15,82,1
PG000613,P000852,1123.225,1931.422,BS000045,BS000018,82,15,15,82,1
PG000618,P000858,1183.225,1991.422,BS000045,BS000018,82,15,15,82,1
PG000620,P000860,1183.225,1991.422,BS000045,BS000018,82,15,15,82,1
PG000622,P000862,1183.225,1991.422,BS000045,BS000018,82,15,15,82,1
PG000624,P000864,1183.225,1991.422,BS000045,BS000018,82,15,15,82,1
PG000625,P000866,1123.225,1931.422,BS000045,BS000018,82,15,15,82,1
PG000627,P000868,1123.225,1931.422,BS000045,BS000018,82,15,15,82,1
PG000628,P000870,1123.225,1931.422,BS000045,BS000018,82,15,15,82,1
PG000633,P000880,1183.225,1991.422,BS000045,BS000018,82,15,15,82,1
PG000635,P000882,1183.225,1991.422,BS000045,BS000018,82,15,15,82,1
PG000636,P000884,1183.225,1991.422,BS000045,BS000018,82,15,15,82,1
PG000638,P000886,1183.225,1991.422,BS000045,BS000018,82,15,15,82,1
PG000640,P000888,1183.225,1991.422,BS000045,BS000018,82,15,15,82,1
PG000594,P000833,775.2,1587.071,BS000017,BS000046,82,15,15,82,1
PG000596,P000835,775.2,1587.071,BS000017,BS000046,82,15,15,82,1
PG000598,P000837,775.2,1587.071,BS000017,BS000046,82,15,15,82,1
PG000600,P000839,775.2,1587.071,BS000017,BS000046,82,15,15,82,1
PG000602,P000841,775.2,1587.071,BS000017,BS000046,82,15,15,82,1
PG000604,P000843,775.2,1587.071,BS000017,BS000046,82,15,15,82,1
PG000606,P000845,775.2,1587.071,BS000017,BS000046,82,15,15,82,1
PG000608,P000847,775.2,1587.071,BS000017,BS000046,82,15,15,82,1
PG000610,P000849,775.2,1587.071,BS000017,BS000046,82,15,15,82,1
PG000612,P000851,775.2,1587.071,BS000017,BS000046,82,15,15,82,1
PG000619,P000859,805.2,1617.071,BS000017,BS000046,82,15,15,82,1
PG000621,P000861,805.2,1617.071,BS000017,BS000046,82,15,15,82,1
PG000623,P000863,805.2,1617.071,BS000017,BS000046,82,15,15,82,1
PG000626,P000867,775.2,1587.071,BS000017,BS000046,82,15,15,82,1
PG000634,P000881,805.2,1617.071,BS000017,BS000046,82,15,15,82,1
PG000637,P000885,805.2,1617.071,BS000017,BS000046,82,15,15,82,1
PG000639,P000887,805.2,1617.071,BS000017,BS000046,82,15,15,82,1
PG000641,P000889,805.2,1617.071,BS000017,BS000046,82,15,15,82,1
PG000614,P000854,1153.225,1991.422,BS000045,BS000018,85,15,15,85,1
PG000616,P000856,1153.225,1991.422,BS000045,BS000018,85,15,15,85,1
PG000629,P000872,1153.225,1991.422,BS000045,BS000018,85,15,15,85,1
PG000631,P000874,1153.225,1991.422,BS000045,BS000018,85,15,15,85,1
PG000615,P000855,805.2,1647.071,BS000017,BS000046,85,15,15,85,1
PG000617,P000857,805.2,1647.071,BS000017,BS000046,85,15,15,85,1
PG000630,P000873,805.2,1647.071,BS000017,BS000046,85,15,15,85,1
PG000632,P000875,805.2,1647.071,BS000017,BS000046,85,15,15,85,1
PG000642,P000890,1084.146,1471.825,BS000047,BS000020,40,4,4,40,1
PG000644,P000892,1084.146,1471.825,BS000047,BS000020,40,4,4,40,1
PG000646,P000894,1084.146,1471.825,BS000047,BS000020,40,4,4,40,1
PG000648,P000896,1084.146,1471.825,BS000047,BS000020,40,4,4,40,1
PG000650,P000898,1084.146,1471.825,BS000047,BS000020,40,4,4,40,1
PG000652,P000900,1084.146,1471.825,BS000047,BS000020,40,4,4,40,1
PG000654,P000902,1084.146,1471.825,BS000047,BS000020,40,4,4,40,1
PG000657,P000906,1084.146,1471.825,BS000047,BS000020,40,4,4,40,1
PG000659,P000908,1084.146,1471.825,BS000047,BS000020,40,4,4,40,1
PG000661,P000910,1084.146,1471.825,BS000047,BS000020,40,4,4,40,1
PG000667,P000916,1144.146,1531.825,BS000047,BS000020,40,4,4,40,1
PG000669,P000918,1144.146,1531.825,BS000047,BS000020,40,4,4,40,1
PG000671,P000920,1144.146,1531.825,BS000047,BS000020,40,4,4,40,1
PG000673,P000922,1144.146,1531.825,BS000047,BS000020,40,4,4,40,1
PG000674,P000924,1084.146,1471.825,BS000047,BS000020,40,4,4,40,1
PG000676,P000926,1084.146,1471.825,BS000047,BS000020,40,4,4,40,1
PG000678,P000928,1084.146,1471.825,BS000047,BS000020,40,4,4,40,1
PG000684,P000938,1144.146,1531.825,BS000047,BS000020,40,4,4,40,1
PG000686,P000940,1144.146,1531.825,BS000047,BS000020,40,4,4,40,1
PG000687,P000942,1144.146,1531.825,BS000047,BS000020,40,4,4,40,1
PG000689,P000944,1144.146,1531.825,BS000047,BS000020,40,4,4,40,1
PG000691,P000946,1144.146,1531.825,BS000047,BS000020,40,4,4,40,1
PG000643,P000891,770.494,1172.432,BS000019,BS000048,40,5,5,40,1
PG000645,P000893,770.494,1172.432,BS000019,BS000048,40,5,5,40,1
PG000647,P000895,770.494,1172.432,BS000019,BS000048,40,5,5,40,1
PG000649,P000897,770.494,1172.432,BS000019,BS000048,40,5,5,40,1
PG000651,P000899,770.494,1172.432,BS000019,BS000048,40,5,5,40,1
PG000653,P000901,770.494,1172.432,BS000019,BS000048,40,5,5,40,1
PG000655,P000903,770.494,1172.432,BS000019,BS000048,40,5,5,40,1
PG000656,P000905,770.494,1172.432,BS000019,BS000048,40,5,5,40,1
PG000658,P000907,770.494,1172.432,BS000019,BS000048,40,5,5,40,1
PG000660,P000909,770.494,1172.432,BS000019,BS000048,40,5,5,40,1
PG000662,P000911,770.494,1172.432,BS000019,BS000048,40,5,5,40,1
PG000668,P000917,800.494,1202.432,BS000019,BS000048,40,5,5,40,1
PG000670,P000919,800.494,1202.432,BS000019,BS000048,40,5,5,40,1
PG000672,P000921,800.494,1202.432,BS000019,BS000048,40,5,5,40,1
PG000675,P000925,770.494,1172.432,BS000019,BS000048,40,5,5,40,1
PG000677,P000927,770.494,1172.432,BS000019,BS000048,40,5,5,40,1
PG000679,P000929,770.494,1172.432,BS000019,BS000048,40,5,5,40,1
PG000685,P000939,800.494,1202.432,BS000019,BS000048,40,5,5,40,1
PG000688,P000943,800.494,1202.432,BS000019,BS000048,40,5,5,40,1
PG000690,P000945,800.494,1202.432,BS000019,BS000048,40,5,5,40,1
PG000692,P000947,800.494,1202.432,BS000019,BS000048,40,5,5,40,1
PG000663,P000912,1114.146,1531.825,BS000047,BS000020,43,4,4,43,1
PG000665,P000914,1114.146,1531.825,BS000047,BS000020,43,4,4,43,1
PG000680,P000930,1114.146,1531.825,BS000047,BS000020,43,4,4,43,1
PG000682,P000932,1114.146,1531.825,BS000047,BS000020,43,4,4,43,1
PG000664,P000913,800.494,1232.432,BS000019,BS000048,43,5,5,43,1
PG000666,P000915,800.494,1232.432,BS000019,BS000048,43,5,5,43,1
PG000681,P000931,800.494,1232.432,BS000019,BS000048,43,5,5,43,1
PG000683,P000933,800.494,1232.432,BS000019,BS000048,43,5,5,43,1
PG000693,P000948,1288.042,1941.195,BS000049,BS000022,66,4,4,66,1
PG000695,P000950,1288.042,1941.195,BS000049,BS000022,66,4,4,66,1
PG000697,P000952,1288.042,1941.195,BS000049,BS000022,66,4,4,66,1
PG000699,P000954,1288.042,1941.195,BS000049,BS000022,66,4,4,66,1
PG000701,P000956,1288.042,1941.195,BS000049,BS000022,66,4,4,66,1
PG000703,P000958,1288.042,1941.195,BS000049,BS000022,66,4,4,66,1
PG000705,P000960,1288.042,1941.195,BS000049,BS000022,66,4,4,66,1
PG000708,P000964,1288.042,1941.195,BS000049,BS000022,66,4,4,66,1
PG000710,P000966,1288.042,1941.195,BS000049,BS000022,66,4,4,66,1
PG000715,P000974,1348.042,2001.195,BS000049,BS000022,66,4,4,66,1
PG000717,P000976,1348.042,2001.195,BS000049,BS000022,66,4,4,66,1
PG000719,P000978,1348.042,2001.195,BS000049,BS000022,66,4,4,66,1
PG000725,P000996,1348.042,2001.195,BS000049,BS000022,66,4,4,66,1
PG000727,P001000,1348.042,2001.195,BS000049,BS000022,66,4,4,66,1
PG000729,P001002,1348.042,2001.195,BS000049,BS000022,66,4,4,66,1
PG000694,P000949,834.749,1495.054,BS000021,BS000050,67,4,4,67,1
PG000696,P000951,834.749,1495.054,BS000021,BS000050,67,4,4,67,1
PG000698,P000953,834.749,1495.054,BS000021,BS000050,67,4,4,67,1
PG000700,P000955,834.749,1495.054,BS000021,BS000050,67,4,4,67,1
PG000702,P000957,834.749,1495.054,BS000021,BS000050,67,4,4,67,1
PG000704,P000959,834.749,1495.054,BS000021,BS000050,67,4,4,67,1
PG000706,P000961,834.749,1495.054,BS000021,BS000050,67,4,4,67,1
PG000707,P000963,834.749,1495.054,BS000021,BS000050,67,4,4,67,1
PG000709,P000965,834.749,1495.054,BS000021,BS000050,67,4,4,67,1
PG000716,P000975,864.749,1525.054,BS000021,BS000050,67,4,4,67,1
PG000718,P000977,864.749,1525.054,BS000021,BS000050,67,4,4,67,1
PG000720,P000979,864.749,1525.054,BS000021,BS000050,67,4,4,67,1
PG000726,P000997,864.749,1525.054,BS000021,BS000050,67,4,4,67,1
PG000728,P001001,864.749,1525.054,BS000021,BS000050,67,4,4,67,1
PG000730,P001003,864.749,1525.054,BS000021,BS000050,67,4,4,67,1
PG000711,P000970,1318.042,2001.195,BS000049,BS000022,69,4,4,69,1
PG000713,P000972,1318.042,2001.195,BS000049,BS000022,69,4,4,69,1
PG000721,P000988,1318.042,2001.195,BS000049,BS000022,69,4,4,69,1
PG000723,P000990,1318.042,2001.195,BS000049,BS000022,69,4,4,69,1
PG000712,P000971,864.749,1555.054,BS000021,BS000050,70,4,4,70,1
PG000714,P000973,864.749,1555.054,BS000021,BS000050,70,4,4,70,1
PG000722,P000989,864.749,1555.054,BS000021,BS000050,70,4,4,70,1
PG000724,P000991,864.749,1555.054,BS000021,BS000050,70,4,4,70,1
PG000731,P001006,1327.131,1916.549,BS000051,BS000024,59,15,15,59,1
PG000733,P001008,1327.131,1916.549,BS000051,BS000024,59,15,15,59,1
PG000735,P001010,1327.131,1916.549,BS000051,BS000024,59,15,15,59,1
PG000737,P001012,1327.131,1916.549,BS000051,BS000024,59,15,15,59,1
PG000739,P001014,1327.131,1916.549,BS000051,BS000024,59,15,15,59,1
PG000741,P001016,1327.131,1916.549,BS000051,BS000024,59,15,15,59,1
PG000743,P001018,1327.131,1916.549,BS000051,BS000024,59,15,15,59,1
PG000746,P001022,1327.131,1916.549,BS000051,BS000024,59,15,15,59,1
PG000754,P001032,1387.131,1976.549,BS000051,BS000024,59,15,15,59,1
PG000756,P001034,1387.131,1976.549,BS000051,BS000024,59,15,15,59,1
PG000758,P001036,1387.131,1976.549,BS000051,BS000024,59,15,15,59,1
PG000760,P001040,1327.131,1916.549,BS000051,BS000024,59,15,15,59,1
PG000767,P001054,1387.131,1976.549,BS000051,BS000024,59,15,15,59,1
PG000769,P001058,1387.131,1976.549,BS000051,BS000024,59,15,15,59,1
PG000771,P001060,1387.131,1976.549,BS000051,BS000024,59,15,15,59,1
PG000732,P001007,828.033,1409.483,BS000023,BS000052,59,15,15,59,1
PG000734,P001009,828.033,1409.483,BS000023,BS000052,59,15,15,59,1
PG000736,P001011,828.033,1409.483,BS000023,BS000052,59,15,15,59,1
PG000738,P001013,828.033,1409.483,BS000023,BS000052,59,15,15,59,1
PG000740,P001015,828.033,1409.483,BS000023,BS000052,59,15,15,59,1
PG000742,P001017,828.033,1409.483,BS000023,BS000052,59,15,15,59,1
PG000744,P001019,828.033,1409.483,BS000023,BS000052,59,15,15,59,1
PG000745,P001021,828.033,1409.483,BS000023,BS000052,59,15,15,59,1
PG000747,P001023,828.033,1409.483,BS000023,BS000052,59,15,15,59,1
PG000748,P001025,828.033,1409.483,BS000023,BS000052,59,15,15,59,1
PG000749,P001027,828.033,1409.483,BS000023,BS000052,59,15,15,59,1
PG000755,P001033,858.033,1439.483,BS000023,BS000052,59,15,15,59,1
PG000757,P001035,858.033,1439.483,BS000023,BS000052,59,15,15,59,1
PG000759,P001037,858.033,1439.483,BS000023,BS000052,59,15,15,59,1
PG000761,P001041,828.033,1409.483,BS000023,BS000052,59,15,15,59,1
PG000762,P001043,828.033,1409.483,BS000023,BS000052,59,15,15,59,1
PG000768,P001055,858.033,1439.483,BS000023,BS000052,59,15,15,59,1
PG000770,P001059,858.033,1439.483,BS000023,BS000052,59,15,15,59,1
PG000772,P001061,858.033,1439.483,BS000023,BS000052,59,15,15,59,1
PG000750,P001028,1357.131,1976.549,BS000051,BS000024,62,15,15,62,1
PG000752,P001030,1357.131,1976.549,BS000051,BS000024,62,15,15,62,1
PG000763,P001046,1357.131,1976.549,BS000051,BS000024,62,15,15,62,1
PG000765,P001048,1357.131,1976.549,BS000051,BS000024,62,15,15,62,1
PG000751,P001029,858.033,1469.483,BS000023,BS000052,62,15,15,62,1
PG000753,P001031,858.033,1469.483,BS000023,BS000052,62,15,15,62,1
PG000764,P001047,858.033,1469.483,BS000023,BS000052,62,15,15,62,1
PG000766,P001049,858.033,1469.483,BS000023,BS000052,62,15,15,62,1
PG000773,P001064,740.418,1979.823,BS000001,BS000006,125,15,15,125,1
PG000774,P001065,740.418,1979.823,BS000001,BS000006,125,15,15,125,1
PG000776,P001067,740.418,1979.823,BS000001,BS000006,125,15,15,125,1
PG000777,P001068,740.418,1979.823,BS000001,BS000006,125,15,15,125,1
PG000778,P001070,740.418,1979.823,BS000001,BS000006,125,15,15,125,1
PG000780,P001072,740.418,1979.823,BS000001,BS000006,125,15,15,125,1
PG000782,P001074,740.418,1979.823,BS000001,BS000006,125,15,15,125,1
PG000784,P001076,740.418,1979.823,BS000001,BS000006,125,15,15,125,1
PG000787,P001080,740.418,1979.823,BS000001,BS000006,125,15,15,125,1
PG000789,P001082,740.418,1979.823,BS000001,BS000006,125,15,15,125,1
PG000791,P001084,740.418,1979.823,BS000001,BS000006,125,15,15,125,1
PG000793,P001086,740.418,1979.823,BS000001,BS000006,125,15,15,125,1
PG000775,P001066,870.18,2121.403,BS000005,BS000002,126,15,15,126,1
PG000779,P001071,870.18,2121.403,BS000005,BS000002,126,15,15,126,1
PG000781,P001073,870.18,2121.403,BS000005,BS000002,126,15,15,126,1
PG000783,P001075,870.18,2121.403,BS000005,BS000002,126,15,15,126,1
PG000785,P001077,870.18,2121.403,BS000005,BS000002,126,15,15,126,1
PG000786,P001079,870.18,2121.403,BS000005,BS000002,126,15,15,126,1
PG000788,P001081,870.18,2121.403,BS000005,BS000002,126,15,15,126,1
PG000790,P001083,870.18,2121.403,BS000005,BS000002,126,15,15,126,1
PG000792,P001085,870.18,2121.403,BS000005,BS000002,126,15,15,126,1
PG000794,P001090,770.418,2039.823,BS000001,BS000006,128,15,15,128,1
PG000796,P001092,770.418,2039.823,BS000001,BS000006,128,15,15,128,1
PG000798,P001094,770.418,2039.823,BS000001,BS000006,128,15,15,128,1
PG000800,P001096,770.418,2039.823,BS000001,BS000006,128,15,15,128,1
PG000795,P001091,900.18,2181.403,BS000005,BS000002,129,15,15,129,1
PG000797,P001093,900.18,2181.403,BS000005,BS000002,129,15,15,129,1
PG000799,P001095,900.18,2181.403,BS000005,BS000002,129,15,15,129,1
PG000801,P001097,900.18,2181.403,BS000005,BS000002,129,15,15,129,1
PG000802,P001098,770.418,2039.823,BS000001,BS000006,128,15,15,128,1
PG000804,P001100,770.418,2039.823,BS000001,BS000006,128,15,15,128,1
PG000806,P001102,770.418,2039.823,BS000001,BS000006,128,15,15,128,1
PG000808,P001104,770.418,2039.823,BS000001,BS000006,128,15,15,128,1
PG000803,P001099,900.18,2181.403,BS000005,BS000002,129,15,15,129,1
PG000805,P001101,900.18,2181.403,BS000005,BS000002,129,15,15,129,1
PG000807,P001103,900.18,2181.403,BS000005,BS000002,129,15,15,129,1
PG000809,P001105,900.18,2181.403,BS000005,BS000002,129,15,15,129,1
PG000810,P001106,740.418,1588.238,BS000001,BS000053,85,15,15,85,1
PG000814,P001108,740.418,1588.238,BS000001,BS000053,85,15,15,85,1
PG000818,P001110,740.418,1588.238,BS000001,BS000053,85,15,15,85,1
PG000822,P001112,740.418,1588.238,BS000001,BS000053,85,15,15,85,1
PG000824,P001114,740.418,1588.238,BS000001,BS000053,85,15,15,85,1
PG000828,P001116,740.418,1588.238,BS000001,BS000053,85,15,15,85,1
PG000832,P001118,740.418,1588.238,BS000001,BS000053,85,15,15,85,1
PG000836,P001120,740.418,1588.238,BS000001,BS000053,85,15,15,85,1
PG000842,P001134,770.418,1618.238,BS000001,BS000053,85,15,15,85,1
PG000846,P001136,770.418,1618.238,BS000001,BS000053,85,15,15,85,1
PG000850,P001138,770.418,1618.238,BS000001,BS000053,85,15,15,85,1
PG000854,P001140,770.418,1618.238,BS000001,BS000053,85,15,15,85,1
PG000811,P001106,1627.749,1976.272,BS000054,BS000008,35,8,8,35,1
PG000815,P001108,1627.749,1976.272,BS000054,BS000008,35,8,8,35,1
PG000819,P001110,1627.749,1976.272,BS000054,BS000008,35,8,8,35,1
PG000823,P001112,1627.749,1976.272,BS000054,BS000008,35,8,8,35,1
PG000825,P001114,1627.749,1976.272,BS000054,BS000008,35,8,8,35,1
PG000829,P001116,1627.749,1976.272,BS000054,BS000008,35,8,8,35,1
PG000833,P001118,1627.749,1976.272,BS000054,BS000008,35,8,8,35,1
PG000837,P001120,1627.749,1976.272,BS000054,BS000008,35,8,8,35,1
PG000812,P001107,806.237,1160.636,BS000007,BS000055,36,8,8,36,1
PG000816,P001109,806.237,1160.636,BS000007,BS000055,36,8,8,36,1
PG000820,P001111,806.237,1160.636,BS000007,BS000055,36,8,8,36,1
PG000826,P001115,806.237,1160.636,BS000007,BS000055,36,8,8,36,1
PG000830,P001117,806.237,1160.636,BS000007,BS000055,36,8,8,36,1
PG000834,P001119,806.237,1160.636,BS000007,BS000055,36,8,8,36,1
PG000838,P001121,806.237,1160.636,BS000007,BS000055,36,8,8,36,1
PG000840,P001123,806.237,1160.636,BS000007,BS000055,36,8,8,36,1
PG000813,P001107,1191.235,2045.484,BS000056,BS000002,85,15,15,85,1
PG000817,P001109,1191.235,2045.484,BS000056,BS000002,85,15,15,85,1
PG000821,P001111,1191.235,2045.484,BS000056,BS000002,85,15,15,85,1
PG000827,P001115,1191.235,2045.484,BS000056,BS000002,85,15,15,85,1
PG000831,P001117,1191.235,2045.484,BS000056,BS000002,85,15,15,85,1
PG000835,P001119,1191.235,2045.484,BS000056,BS000002,85,15,15,85,1
PG000839,P001121,1191.235,2045.484,BS000056,BS000002,85,15,15,85,1
PG000841,P001123,1191.235,2045.484,BS000056,BS000002,85,15,15,85,1
PG000845,P001135,1251.235,2105.484,BS000056,BS000002,85,15,15,85,1
PG000849,P001137,1251.235,2105.484,BS000056,BS000002,85,15,15,85,1
PG000853,P001139,1251.235,2105.484,BS000056,BS000002,85,15,15,85,1
PG000857,P001141,1251.235,2105.484,BS000056,BS000002,85,15,15,85,1
PG000843,P001134,1657.749,2036.272,BS000054,BS000008,38,8,8,38,1
PG000847,P001136,1657.749,2036.272,BS000054,BS000008,38,8,8,38,1
PG000851,P001138,1657.749,2036.272,BS000054,BS000008,38,8,8,38,1
PG000855,P001140,1657.749,2036.272,BS000054,BS000008,38,8,8,38,1
PG000844,P001135,836.237,1220.636,BS000007,BS000055,39,8,8,39,1
PG000848,P001137,836.237,1220.636,BS000007,BS000055,39,8,8,39,1
PG000852,P001139,836.237,1220.636,BS000007,BS000055,39,8,8,39,1
PG000856,P001141,836.237,1220.636,BS000007,BS000055,39,8,8,39,1
PG000858,P001150,740.418,1826.699,BS000001,BS000014,110,15,15,110,1
PG000860,P001152,740.418,1826.699,BS000001,BS000014,110,15,15,110,1
PG000862,P001154,740.418,1826.699,BS000001,BS000014,110,15,15,110,1
PG000864,P001156,740.418,1826.699,BS000001,BS000014,110,15,15,110,1
PG000866,P001158,740.418,1826.699,BS000001,BS000014,110,15,15,110,1
PG000868,P001160,740.418,1826.699,BS000001,BS000014,110,15,15,110,1
PG000870,P001162,740.418,1826.699,BS000001,BS000014,110,15,15,110,1
PG000872,P001164,740.418,1826.699,BS000001,BS000014,110,15,15,110,1
PG000874,P001166,740.418,1826.699,BS000001,BS000014,110,15,15,110,1
PG000876,P001168,740.418,1826.699,BS000001,BS000014,110,15,15,110,1
PG000877,P001170,740.418,1826.699,BS000001,BS000014,110,15,15,110,1
PG000859,P001151,735.176,1827.692,BS000013,BS000002,111,15,15,111,1
PG000861,P001153,735.176,1827.692,BS000013,BS000002,111,15,15,111,1
PG000863,P001155,735.176,1827.692,BS000013,BS000002,111,15,15,111,1
PG000865,P001157,735.176,1827.692,BS000013,BS000002,111,15,15,111,1
PG000867,P001159,735.176,1827.692,BS000013,BS000002,111,15,15,111,1
PG000869,P001161,735.176,1827.692,BS000013,BS000002,111,15,15,111,1
PG000871,P001163,735.176,1827.692,BS000013,BS000002,111,15,15,111,1
PG000873,P001165,735.176,1827.692,BS000013,BS000002,111,15,15,111,1
PG000875,P001167,735.176,1827.692,BS000013,BS000002,111,15,15,111,1
PG000878,P001171,735.176,1827.692,BS000013,BS000002,111,15,15,111,1
PG000879,P001172,770.418,1886.699,BS000001,BS000014,113,15,15,113,1
PG000881,P001174,770.418,1886.699,BS000001,BS000014,113,15,15,113,1
PG000880,P001173,765.176,1887.692,BS000013,BS000002,114,15,15,114,1
PG000882,P001175,765.176,1887.692,BS000013,BS000002,114,15,15,114,1
PG000883,P001176,770.418,1886.699,BS000001,BS000014,113,15,15,113,1
PG000885,P001178,770.418,1886.699,BS000001,BS000014,113,15,15,113,1
PG000887,P001180,770.418,1886.699,BS000001,BS000014,113,15,15,113,1
PG000889,P001182,770.418,1886.699,BS000001,BS000014,113,15,15,113,1
PG000884,P001177,765.176,1887.692,BS000013,BS000002,114,15,15,114,1
PG000886,P001179,765.176,1887.692,BS000013,BS000002,114,15,15,114,1
PG000888,P001181,765.176,1887.692,BS000013,BS000002,114,15,15,114,1
PG000890,P001183,765.176,1887.692,BS000013,BS000002,114,15,15,114,1
PG000891,P001185,782.646,1241.214,BS000015,BS000057,46,12,12,46,1
PG000894,P001186,782.646,1241.214,BS000015,BS000057,46,12,12,46,1
PG000897,P001188,782.646,1241.214,BS000015,BS000057,46,12,12,46,1
PG000910,P001197,812.646,1271.214,BS000015,BS000057,46,12,12,46,1
PG000892,P001185,1311.214,1411.214,BS000058,BS000059,9,6,6,9,1
PG000895,P001186,1311.214,1411.214,BS000058,BS000059,9,6,6,9,1
PG000898,P001188,1311.214,1411.214,BS000058,BS000059,9,6,6,9,1
PG000901,P001194,1371.214,1471.214,BS000058,BS000059,9,6,6,9,1
PG000904,P001195,1371.214,1471.214,BS000058,BS000059,9,6,6,9,1
PG000911,P001197,1341.214,1441.214,BS000058,BS000059,9,6,6,9,1
PG000893,P001185,1461.214,2234.809,BS000060,BS000002,77,15,15,77,1
PG000896,P001186,1461.214,2234.809,BS000060,BS000002,77,15,15,77,1
PG000899,P001188,1461.214,2234.809,BS000060,BS000002,77,15,15,77,1
PG000902,P001194,1521.214,2294.809,BS000060,BS000002,77,15,15,77,1
PG000905,P001195,1521.214,2294.809,BS000060,BS000002,77,15,15,77,1
PG000900,P001194,812.646,1301.214,BS000015,BS000057,49,12,12,49,1
PG000903,P001195,812.646,1301.214,BS000015,BS000057,49,12,12,49,1
PG000906,P001196,770.418,1526.59,BS000001,BS000061,76,15,15,76,1
PG000907,P001196,1526.59,1566.59,BS000061,BS000062,3,2,2,3,1
PG000908,P001196,1626.59,1716.59,BS000063,BS000064,8,6,6,8,1
PG000909,P001196,1776.59,2235.539,BS000065,BS000016,46,12,12,46,1
PG000912,P001197,1491.214,2294.809,BS000060,BS000002,80,15,15,80,1
PG000913,P001200,740.418,1563.234,BS000001,BS000066,82,15,15,82,1
PG000917,P001202,740.418,1563.234,BS000001,BS000066,82,15,15,82,1
PG000921,P001204,740.418,1563.234,BS000001,BS000066,82,15,15,82,1
PG000923,P001208,740.418,1563.234,BS000001,BS000066,82,15,15,82,1
PG000927,P001210,740.418,1563.234,BS000001,BS000066,82,15,15,82,1
PG000931,P001212,740.418,1563.234,BS000001,BS000066,82,15,15,82,1
PG000937,P001222,770.418,1593.234,BS000001,BS000066,82,15,15,82,1
PG000941,P001224,770.418,1593.234,BS000001,BS000066,82,15,15,82,1
PG000914,P001200,1603.234,1643.234,BS000067,BS000068,3,1,1,3,1
PG000918,P001202,1603.234,1643.234,BS000067,BS000068,3,1,1,3,1
PG000922,P001204,1603.234,1643.234,BS000067,BS000068,3,1,1,3,1
PG000924,P001208,1603.234,1643.234,BS000067,BS000068,3,1,1,3,1
PG000928,P001210,1603.234,1643.234,BS000067,BS000068,3,1,1,3,1
PG000932,P001212,1603.234,1643.234,BS000067,BS000068,3,1,1,3,1
PG000938,P001222,1633.234,1673.234,BS000067,BS000068,3,1,1,3,1
PG000942,P001224,1633.234,1673.234,BS000067,BS000068,3,1,1,3,1
PG000946,P001230,1663.234,1703.234,BS000067,BS000068,3,1,1,3,1
PG000915,P001201,1063.849,1103.849,BS000069,BS000070,3,1,1,3,1
PG000919,P001203,1063.849,1103.849,BS000069,BS000070,3,1,1,3,1
PG000925,P001209,1063.849,1103.849,BS000069,BS000070,3,1,1,3,1
PG000929,P001211,1063.849,1103.849,BS000069,BS000070,3,1,1,3,1
PG000933,P001213,1063.849,1103.849,BS000069,BS000070,3,1,1,3,1
PG000935,P001215,1063.849,1103.849,BS000069,BS000070,3,1,1,3,1
PG000939,P001223,1123.849,1163.849,BS000069,BS000070,3,1,1,3,1
PG000943,P001225,1123.849,1163.849,BS000069,BS000070,3,1,1,3,1
PG000947,P001231,1093.849,1133.849,BS000069,BS000070,3,1,1,3,1
PG000916,P001201,1133.849,1963.089,BS000071,BS000002,83,15,15,83,1
PG000920,P001203,1133.849,1963.089,BS000071,BS000002,83,15,15,83,1
PG000926,P001209,1133.849,1963.089,BS000071,BS000002,83,15,15,83,1
PG000930,P001211,1133.849,1963.089,BS000071,BS000002,83,15,15,83,1
PG000934,P001213,1133.849,1963.089,BS000071,BS000002,83,15,15,83,1
PG000936,P001215,1133.849,1963.089,BS000071,BS000002,83,15,15,83,1
PG000940,P001223,1193.849,2023.089,BS000071,BS000002,83,15,15,83,1
PG000944,P001225,1193.849,2023.089,BS000071,BS000002,83,15,15,83,1
PG000945,P001230,770.418,1623.234,BS000001,BS000066,85,15,15,85,1
PG000948,P001231,1163.849,2023.089,BS000071,BS000002,86,15,15,86,1
PG000949,P001237,775.2,2189.219,BS000017,BS000002,143,15,15,143,1
PG000951,P001239,775.2,2189.219,BS000017,BS000002,143,15,15,143,1
PG000952,P001241,775.2,2189.219,BS000017,BS000002,143,15,15,143,1
PG000950,P001238,740.418,2140.55,BS000001,BS000018,142,15,15,142,1
PG000953,P001248,770.418,2200.55,BS000001,BS000018,145,15,15,145,1
PG000954,P001249,805.2,2249.219,BS000017,BS000002,146,15,15,146,1
PG000955,P001250,770.418,2200.55,BS000001,BS000018,145,15,15,145,1
PG000956,P001251,805.2,2249.219,BS000017,BS000002,146,15,15,146,1
PG000957,P001254,740.418,1974.109,BS000001,BS000020,125,15,15,125,1
PG000960,P001258,740.418,1974.109,BS000001,BS000020,125,15,15,125,1
PG000962,P001264,740.418,1974.109,BS000001,BS000020,125,15,15,125,1
PG000964,P001266,740.418,1974.109,BS000001,BS000020,125,15,15,125,1
PG000958,P001255,770.494,2014.653,BS000019,BS000002,125,15,15,125,1
PG000959,P001257,770.494,2014.653,BS000019,BS000002,125,15,15,125,1
PG000961,P001263,770.494,2014.653,BS000019,BS000002,125,15,15,125,1
PG000963,P001265,770.494,2014.653,BS000019,BS000002,125,15,15,125,1
PG000965,P001267,770.494,2014.653,BS000019,BS000002,125,15,15,125,1
PG000966,P001269,770.494,2014.653,BS000019,BS000002,125,15,15,125,1
PG000967,P001276,770.418,2034.109,BS000001,BS000020,128,15,15,128,1
PG000969,P001278,770.418,2034.109,BS000001,BS000020,128,15,15,128,1
PG000968,P001277,800.494,2074.653,BS000019,BS000002,128,15,15,128,1
PG000970,P001279,800.494,2074.653,BS000019,BS000002,128,15,15,128,1
PG000971,P001284,770.418,2034.109,BS000001,BS000020,128,15,15,128,1
PG000972,P001285,800.494,2074.653,BS000019,BS000002,128,15,15,128,1
PG000973,P001288,824.701,1757.066,BS000003,BS000072,93,13,13,93,1
PG000975,P001290,824.701,1757.066,BS000003,BS000072,93,13,13,93,1
PG000977,P001292,824.701,1757.066,BS000003,BS000072,93,13,13,93,1
PG000979,P001294,824.701,1757.066,BS000003,BS000072,93,13,13,93,1
PG000981,P001296,824.701,1757.066,BS000003,BS000072,93,13,13,93,1
PG000983,P001298,824.701,1757.066,BS000003,BS000072,93,13,13,93,1
PG000985,P001300,824.701,1757.066,BS000003,BS000072,93,13,13,93,1
PG000987,P001302,824.701,1757.066,BS000003,BS000072,93,13,13,93,1
PG000989,P001304,824.701,1757.066,BS000003,BS000072,93,13,13,93,1
PG000991,P001306,824.701,1757.066,BS000003,BS000072,93,13,13,93,1
PG000992,P001308,824.701,1757.066,BS000003,BS000072,93,13,13,93,1
PG000994,P001310,824.701,1757.066,BS000003,BS000072,93,13,13,93,1
PG000995,P001312,824.701,1757.066,BS000003,BS000072,93,13,13,93,1
PG000996,P001316,854.701,1787.066,BS000003,BS000072,93,13,13,93,1
PG000998,P001318,854.701,1787.066,BS000003,BS000072,93,13,13,93,1
PG001000,P001320,854.701,1787.066,BS000003,BS000072,93,13,13,93,1
PG001002,P001322,854.701,1787.066,BS000003,BS000072,93,13,13,93,1
PG000974,P001289,1150.925,2085.619,BS000073,BS000004,94,14,14,94,1
PG000976,P001291,1150.925,2085.619,BS000073,BS000004,94,14,14,94,1
PG000978,P001293,1150.925,2085.619,BS000073,BS000004,94,14,14,94,1
PG000980,P001295,1150.925,2085.619,BS000073,BS000004,94,14,14,94,1
PG000982,P001297,1150.925,2085.619,BS000073,BS000004,94,14,14,94,1
PG000984,P001299,1150.925,2085.619,BS000073,BS000004,94,14,14,94,1
PG000986,P001301,1150.925,2085.619,BS000073,BS000004,94,14,14,94,1
PG000988,P001303,1150.925,2085.619,BS000073,BS000004,94,14,14,94,1
PG000990,P001305,1150.925,2085.619,BS000073,BS000004,94,14,14,94,1
PG000993,P001309,1150.925,2085.619,BS000073,BS000004,94,14,14,94,1
PG000997,P001317,1210.925,2145.619,BS000073,BS000004,94,14,14,94,1
PG000999,P001319,1210.925,2145.619,BS000073,BS000004,94,14,14,94,1
PG001001,P001321,1210.925,2145.619,BS000073,BS000004,94,14,14,94,1
PG001003,P001323,1210.925,2145.619,BS000073,BS000004,94,14,14,94,1
PG001004,P001324,854.701,1817.066,BS000003,BS000072,96,13,13,96,1
PG001006,P001326,854.701,1817.066,BS000003,BS000072,96,13,13,96,1
PG001008,P001328,854.701,1817.066,BS000003,BS000072,96,13,13,96,1
PG001010,P001330,854.701,1817.066,BS000003,BS000072,96,13,13,96,1
PG001005,P001325,1180.925,2145.619,BS000073,BS000004,97,14,14,97,1
PG001007,P001327,1180.925,2145.619,BS000073,BS000004,97,14,14,97,1
PG001009,P001329,1180.925,2145.619,BS000073,BS000004,97,14,14,97,1
PG001011,P001331,1180.925,2145.619,BS000073,BS000004,97,14,14,97,1
PG001012,P001332,824.701,1940.284,BS000003,BS000010,113,9,9,113,1
PG001014,P001334,824.701,1940.284,BS000003,BS000010,113,9,9,113,1
PG001016,P001336,824.701,1940.284,BS000003,BS000010,113,9,9,113,1
PG001018,P001338,824.701,1940.284,BS000003,BS000010,113,9,9,113,1
PG001020,P001340,824.701,1940.284,BS000003,BS000010,113,9,9,113,1
PG001022,P001342,824.701,1940.284,BS000003,BS000010,113,9,9,113,1
PG001024,P001344,824.701,1940.284,BS000003,BS000010,113,9,9,113,1
PG001026,P001346,824.701,1940.284,BS000003,BS000010,113,9,9,113,1
PG001028,P001348,824.701,1940.284,BS000003,BS000010,113,9,9,113,1
PG001030,P001350,824.701,1940.284,BS000003,BS000010,113,9,9,113,1
PG001032,P001352,824.701,1940.284,BS000003,BS000010,113,9,9,113,1
PG001034,P001354,824.701,1940.284,BS000003,BS000010,113,9,9,113,1
PG001037,P001358,824.701,1940.284,BS000003,BS000010,113,9,9,113,1
PG001013,P001333,808.091,1923.081,BS000009,BS000004,113,9,9,113,1
PG001015,P001335,808.091,1923.081,BS000009,BS000004,113,9,9,113,1
PG001017,P001337,808.091,1923.081,BS000009,BS000004,113,9,9,113,1
PG001019,P001339,808.091,1923.081,BS000009,BS000004,113,9,9,113,1
PG001021,P001341,808.091,1923.081,BS000009,BS000004,113,9,9,113,1
PG001023,P001343,808.091,1923.081,BS000009,BS000004,113,9,9,113,1
PG001025,P001345,808.091,1923.081,BS000009,BS000004,113,9,9,113,1
PG001027,P001347,808.091,1923.081,BS000009,BS000004,113,9,9,113,1
PG001029,P001349,808.091,1923.081,BS000009,BS000004,113,9,9,113,1
PG001031,P001351,808.091,1923.081,BS000009,BS000004,113,9,9,113,1
PG001033,P001353,808.091,1923.081,BS000009,BS000004,113,9,9,113,1
PG001035,P001355,808.091,1923.081,BS000009,BS000004,113,9,9,113,1
PG001036,P001357,808.091,1923.081,BS000009,BS000004,113,9,9,113,1
PG001038,P001359,808.091,1923.081,BS000009,BS000004,113,9,9,113,1
PG001039,P001360,854.701,2000.284,BS000003,BS000010,116,9,9,116,1
PG001041,P001362,854.701,2000.284,BS000003,BS000010,116,9,9,116,1
PG001043,P001364,854.701,2000.284,BS000003,BS000010,116,9,9,116,1
PG001045,P001366,854.701,2000.284,BS000003,BS000010,116,9,9,116,1
PG001040,P001361,838.091,1983.081,BS000009,BS000004,116,9,9,116,1
PG001042,P001363,838.091,1983.081,BS000009,BS000004,116,9,9,116,1
PG001044,P001365,838.091,1983.081,BS000009,BS000004,116,9,9,116,1
PG001046,P001367,838.091,1983.081,BS000009,BS000004,116,9,9,116,1
PG001047,P001368,854.701,2000.284,BS000003,BS000010,116,9,9,116,1
PG001049,P001370,854.701,2000.284,BS000003,BS000010,116,9,9,116,1
PG001051,P001372,854.701,2000.284,BS000003,BS000010,116,9,9,116,1
PG001053,P001374,854.701,2000.284,BS000003,BS000010,116,9,9,116,1
PG001048,P001369,838.091,1983.081,BS000009,BS000004,116,9,9,116,1
PG001050,P001371,838.091,1983.081,BS000009,BS000004,116,9,9,116,1
PG001052,P001373,838.091,1983.081,BS000009,BS000004,116,9,9,116,1
PG001054,P001375,838.091,1983.081,BS000009,BS000004,116,9,9,116,1
PG001055,P001376,824.701,1764.753,BS000003,BS000074,94,9,9,94,1
PG001057,P001378,824.701,1764.753,BS000003,BS000074,94,9,9,94,1
PG001059,P001380,824.701,1764.753,BS000003,BS000074,94,9,9,94,1
PG001061,P001382,824.701,1764.753,BS000003,BS000074,94,9,9,94,1
PG001063,P001384,824.701,1764.753,BS000003,BS000074,94,9,9,94,1
PG001065,P001386,824.701,1764.753,BS000003,BS000074,94,9,9,94,1
PG001067,P001388,824.701,1764.753,BS000003,BS000074,94,9,9,94,1
PG001069,P001390,824.701,1764.753,BS000003,BS000074,94,9,9,94,1
PG001056,P001377,1101.728,2030.665,BS000075,BS000004,93,9,9,93,1
PG001058,P001379,1101.728,2030.665,BS000075,BS000004,93,9,9,93,1
PG001060,P001381,1101.728,2030.665,BS000075,BS000004,93,9,9,93,1
PG001062,P001383,1101.728,2030.665,BS000075,BS000004,93,9,9,93,1
PG001064,P001385,1101.728,2030.665,BS000075,BS000004,93,9,9,93,1
PG001066,P001387,1101.728,2030.665,BS000075,BS000004,93,9,9,93,1
PG001068,P001389,1101.728,2030.665,BS000075,BS000004,93,9,9,93,1
PG001070,P001391,1101.728,2030.665,BS000075,BS000004,93,9,9,93,1
PG001071,P001393,1101.728,2030.665,BS000075,BS000004,93,9,9,93,1
PG001072,P001395,1101.728,2030.665,BS000075,BS000004,93,9,9,93,1
PG001073,P001397,1101.728,2030.665,BS000075,BS000004,93,9,9,93,1
PG001074,P001399,1161.728,2090.665,BS000075,BS000004,93,9,9,93,1
PG001075,P001401,1161.728,2090.665,BS000075,BS000004,93,9,9,93,1
PG001076,P001402,854.701,1824.753,BS000003,BS000074,97,9,9,97,1
PG001078,P001404,854.701,1824.753,BS000003,BS000074,97,9,9,97,1
PG001080,P001406,854.701,1824.753,BS000003,BS000074,97,9,9,97,1
PG001082,P001408,854.701,1824.753,BS000003,BS000074,97,9,9,97,1
PG001077,P001403,1131.728,2090.665,BS000075,BS000004,96,9,9,96,1
PG001079,P001405,1131.728,2090.665,BS000075,BS000004,96,9,9,96,1
PG001081,P001407,1131.728,2090.665,BS000075,BS000004,96,9,9,96,1
PG001083,P001409,1131.728,2090.665,BS000075,BS000004,96,9,9,96,1
PG001084,P001410,824.701,2044.567,BS000003,BS000024,123,12,12,123,1
PG001086,P001412,824.701,2044.567,BS000003,BS000024,123,12,12,123,1
PG001088,P001414,824.701,2044.567,BS000003,BS000024,123,12,12,123,1
PG001089,P001418,824.701,2044.567,BS000003,BS000024,123,12,12,123,1
PG001091,P001420,824.701,2044.567,BS000003,BS000024,123,12,12,123,1
PG001093,P001422,824.701,2044.567,BS000003,BS000024,123,12,12,123,1
PG001085,P001411,828.033,2045.068,BS000023,BS000004,123,11,11,123,1
PG001087,P001413,828.033,2045.068,BS000023,BS000004,123,11,11,123,1
PG001090,P001419,828.033,2045.068,BS000023,BS000004,123,11,11,123,1
PG001092,P001421,828.033,2045.068,BS000023,BS000004,123,11,11,123,1
PG001094,P001423,828.033,2045.068,BS000023,BS000004,123,11,11,123,1
PG001095,P001425,828.033,2045.068,BS000023,BS000004,123,11,11,123,1
PG001096,P001432,854.701,2104.567,BS000003,BS000024,126,12,12,126,1
PG001098,P001434,854.701,2104.567,BS000003,BS000024,126,12,12,126,1
PG001097,P001433,858.033,2105.068,BS000023,BS000004,126,11,11,126,1
PG001099,P001435,858.033,2105.068,BS000023,BS000004,126,11,11,126,1
PG001100,P001436,854.701,2104.567,BS000003,BS000024,126,12,12,126,1
PG001102,P001438,854.701,2104.567,BS000003,BS000024,126,12,12,126,1
PG001104,P001440,854.701,2104.567,BS000003,BS000024,126,12,12,126,1
PG001106,P001442,854.701,2104.567,BS000003,BS000024,126,12,12,126,1
PG001101,P001437,858.033,2105.068,BS000023,BS000004,126,11,11,126,1
PG001103,P001439,858.033,2105.068,BS000023,BS000004,126,11,11,126,1
PG001105,P001441,858.033,2105.068,BS000023,BS000004,126,11,11,126,1
PG001107,P001443,858.033,2105.068,BS000023,BS000004,126,11,11,126,1
PG001108,P001444,870.18,1599.462,BS000005,BS000076,73,14,14,73,1
PG001112,P001446,870.18,1599.462,BS000005,BS000076,73,14,14,73,1
PG001116,P001448,870.18,1599.462,BS000005,BS000076,73,14,14,73,1
PG001120,P001450,870.18,1599.462,BS000005,BS000076,73,14,14,73,1
PG001124,P001452,870.18,1599.462,BS000005,BS000076,73,14,14,73,1
PG001128,P001454,870.18,1599.462,BS000005,BS000076,73,14,14,73,1
PG001132,P001456,870.18,1599.462,BS000005,BS000076,73,14,14,73,1
PG001136,P001458,870.18,1599.462,BS000005,BS000076,73,14,14,73,1
PG001140,P001460,870.18,1599.462,BS000005,BS000076,73,14,14,73,1
PG001144,P001462,870.18,1599.462,BS000005,BS000076,73,14,14,73,1
PG001148,P001470,870.18,1599.462,BS000005,BS000076,73,14,14,73,1
PG001109,P001444,1607.504,1959.631,BS000077,BS000008,35,8,8,35,1
PG001113,P001446,1607.504,1959.631,BS000077,BS000008,35,8,8,35,1
PG001117,P001448,1607.504,1959.631,BS000077,BS000008,35,8,8,35,1
PG001121,P001450,1607.504,1959.631,BS000077,BS000008,35,8,8,35,1
PG001125,P001452,1607.504,1959.631,BS000077,BS000008,35,8,8,35,1
PG001129,P001454,1607.504,1959.631,BS000077,BS000008,35,8,8,35,1
PG001133,P001456,1607.504,1959.631,BS000077,BS000008,35,8,8,35,1
PG001137,P001458,1607.504,1959.631,BS000077,BS000008,35,8,8,35,1
PG001141,P001460,1607.504,1959.631,BS000077,BS000008,35,8,8,35,1
PG001145,P001462,1607.504,1959.631,BS000077,BS000008,35,8,8,35,1
PG001149,P001470,1607.504,1959.631,BS000077,BS000008,35,8,8,35,1
PG001157,P001480,1667.504,2019.631,BS000077,BS000008,35,8,8,35,1
PG001161,P001482,1667.504,2019.631,BS000077,BS000008,35,8,8,35,1
PG001165,P001484,1667.504,2019.631,BS000077,BS000008,35,8,8,35,1
PG001169,P001486,1667.504,2019.631,BS000077,BS000008,35,8,8,35,1
PG001110,P001445,806.237,1157.571,BS000007,BS000078,36,8,8,36,1
PG001114,P001447,806.237,1157.571,BS000007,BS000078,36,8,8,36,1
PG001118,P001449,806.237,1157.571,BS000007,BS000078,36,8,8,36,1
PG001122,P001451,806.237,1157.571,BS000007,BS000078,36,8,8,36,1
PG001126,P001453,806.237,1157.571,BS000007,BS000078,36,8,8,36,1
PG001130,P001455,806.237,1157.571,BS000007,BS000078,36,8,8,36,1
PG001134,P001457,806.237,1157.571,BS000007,BS000078,36,8,8,36,1
PG001138,P001459,806.237,1157.571,BS000007,BS000078,36,8,8,36,1
PG001142,P001461,806.237,1157.571,BS000007,BS000078,36,8,8,36,1
PG001146,P001467,806.237,1157.571,BS000007,BS000078,36,8,8,36,1
PG001150,P001471,806.237,1157.571,BS000007,BS000078,36,8,8,36,1
PG001158,P001481,836.237,1187.571,BS000007,BS000078,36,8,8,36,1
PG001162,P001483,836.237,1187.571,BS000007,BS000078,36,8,8,36,1
PG001166,P001485,836.237,1187.571,BS000007,BS000078,36,8,8,36,1
PG001170,P001487,836.237,1187.571,BS000007,BS000078,36,8,8,36,1
PG001111,P001445,1167.571,1887.263,BS000079,BS000006,72,14,14,72,1
PG001115,P001447,1167.571,1887.263,BS000079,BS000006,72,14,14,72,1
PG001119,P001449,1167.571,1887.263,BS000079,BS000006,72,14,14,72,1
PG001123,P001451,1167.571,1887.263,BS000079,BS000006,72,14,14,72,1
PG001127,P001453,1167.571,1887.263,BS000079,BS000006,72,14,14,72,1
PG001131,P001455,1167.571,1887.263,BS000079,BS000006,72,14,14,72,1
PG001135,P001457,1167.571,1887.263,BS000079,BS000006,72,14,14,72,1
PG001139,P001459,1167.571,1887.263,BS000079,BS000006,72,14,14,72,1
PG001143,P001461,1167.571,1887.263,BS000079,BS000006,72,14,14,72,1
PG001147,P001467,1167.571,1887.263,BS000079,BS000006,72,14,14,72,1
PG001151,P001471,1167.571,1887.263,BS000079,BS000006,72,14,14,72,1
PG001153,P001477,1227.571,1947.263,BS000079,BS000006,72,14,14,72,1
PG001155,P001479,1227.571,1947.263,BS000079,BS000006,72,14,14,72,1
PG001152,P001477,836.237,1217.571,BS000007,BS000078,39,8,8,39,1
PG001154,P001479,836.237,1217.571,BS000007,BS000078,39,8,8,39,1
PG001156,P001480,900.18,1659.462,BS000005,BS000076,76,14,14,76,1
PG001160,P001482,900.18,1659.462,BS000005,BS000076,76,14,14,76,1
PG001164,P001484,900.18,1659.462,BS000005,BS000076,76,14,14,76,1
PG001168,P001486,900.18,1659.462,BS000005,BS000076,76,14,14,76,1
PG001159,P001481,1197.571,1947.263,BS000079,BS000006,75,14,14,75,1
PG001163,P001483,1197.571,1947.263,BS000079,BS000006,75,14,14,75,1
PG001167,P001485,1197.571,1947.263,BS000079,BS000006,75,14,14,75,1
PG001171,P001487,1197.571,1947.263,BS000079,BS000006,75,14,14,75,1
PG001172,P001488,870.18,2174.131,BS000005,BS000012,132,13,13,132,1
PG001174,P001490,870.18,2174.131,BS000005,BS000012,132,13,13,132,1
PG001176,P001492,870.18,2174.131,BS000005,BS000012,132,13,13,132,1
PG001178,P001494,870.18,2174.131,BS000005,BS000012,132,13,13,132,1
PG001173,P001489,801.736,2114.317,BS000011,BS000006,133,11,11,133,1
PG001175,P001491,801.736,2114.317,BS000011,BS000006,133,11,11,133,1
PG001177,P001493,801.736,2114.317,BS000011,BS000006,133,11,11,133,1
PG001179,P001495,801.736,2114.317,BS000011,BS000006,133,11,11,133,1
PG001180,P001498,831.736,2174.317,BS000011,BS000006,136,11,11,136,1
PG001181,P001500,870.18,2014.437,BS000005,BS000014,116,14,14,116,1
PG001183,P001502,870.18,2014.437,BS000005,BS000014,116,14,14,116,1
PG001185,P001504,870.18,2014.437,BS000005,BS000014,116,14,14,116,1
PG001187,P001506,870.18,2014.437,BS000005,BS000014,116,14,14,116,1
PG001189,P001508,870.18,2014.437,BS000005,BS000014,116,14,14,116,1
PG001191,P001510,870.18,2014.437,BS000005,BS000014,116,14,14,116,1
PG001193,P001512,870.18,2014.437,BS000005,BS000014,116,14,14,116,1
PG001195,P001514,870.18,2014.437,BS000005,BS000014,116,14,14,116,1
PG001182,P001501,735.176,1873.852,BS000013,BS000006,115,14,14,115,1
PG001184,P001503,735.176,1873.852,BS000013,BS000006,115,14,14,115,1
PG001186,P001505,735.176,1873.852,BS000013,BS000006,115,14,14,115,1
PG001188,P001507,735.176,1873.852,BS000013,BS000006,115,14,14,115,1
PG001190,P001509,735.176,1873.852,BS000013,BS000006,115,14,14,115,1
PG001192,P001511,735.176,1873.852,BS000013,BS000006,115,14,14,115,1
PG001194,P001513,735.176,1873.852,BS000013,BS000006,115,14,14,115,1
PG001196,P001515,735.176,1873.852,BS000013,BS000006,115,14,14,115,1
PG001197,P001517,735.176,1873.852,BS000013,BS000006,115,14,14,115,1
PG001198,P001519,735.176,1873.852,BS000013,BS000006,115,14,14,115,1
PG001199,P001521,735.176,1873.852,BS000013,BS000006,115,14,14,115,1
PG001200,P001522,900.18,2074.437,BS000005,BS000014,119,14,14,119,1
PG001202,P001524,900.18,2074.437,BS000005,BS000014,119,14,14,119,1
PG001201,P001523,765.176,1933.852,BS000013,BS000006,118,14,14,118,1
PG001203,P001525,765.176,1933.852,BS000013,BS000006,118,14,14,118,1
PG001204,P001526,900.18,2074.437,BS000005,BS000014,119,14,14,119,1
PG001206,P001528,900.18,2074.437,BS000005,BS000014,119,14,14,119,1
PG001208,P001530,900.18,2074.437,BS000005,BS000014,119,14,14,119,1
PG001210,P001532,900.18,2074.437,BS000005,BS000014,119,14,14,119,1
PG001205,P001527,765.176,1933.852,BS000013,BS000006,118,14,14,118,1
PG001207,P001529,765.176,1933.852,BS000013,BS000006,118,14,14,118,1
PG001209,P001531,765.176,1933.852,BS000013,BS000006,118,14,14,118,1
PG001211,P001533,765.176,1933.852,BS000013,BS000006,118,14,14,118,1
PG001212,P001534,870.18,1627.906,BS000005,BS000080,76,14,14,76,1
PG001214,P001536,870.18,1627.906,BS000005,BS000080,76,14,14,76,1
PG001218,P001538,870.18,1627.906,BS000005,BS000080,76,14,14,76,1
PG001222,P001542,870.18,1627.906,BS000005,BS000080,76,14,14,76,1
PG001226,P001544,870.18,1627.906,BS000005,BS000080,76,14,14,76,1
PG001230,P001546,870.18,1627.906,BS000005,BS000080,76,14,14,76,1
PG001213,P001534,1687.906,1727.906,BS000081,BS000082,3,1,1,3,1
PG001215,P001536,1687.906,1727.906,BS000081,BS000082,3,1,1,3,1
PG001219,P001538,1687.906,1727.906,BS000081,BS000082,3,1,1,3,1
PG001223,P001542,1687.906,1727.906,BS000081,BS000082,3,1,1,3,1
PG001227,P001544,1687.906,1727.906,BS000081,BS000082,3,1,1,3,1
PG001231,P001546,1687.906,1727.906,BS000081,BS000082,3,1,1,3,1
PG001237,P001560,1747.906,1787.906,BS000081,BS000082,3,1,1,3,1
PG001241,P001562,1747.906,1787.906,BS000081,BS000082,3,1,1,3,1
PG001245,P001564,1747.906,1787.906,BS000081,BS000082,3,1,1,3,1
PG001249,P001566,1747.906,1787.906,BS000081,BS000082,3,1,1,3,1
PG001216,P001537,1023.634,1063.634,BS000083,BS000084,3,1,1,3,1
PG001220,P001541,1023.634,1063.634,BS000083,BS000084,3,1,1,3,1
PG001224,P001543,1023.634,1063.634,BS000083,BS000084,3,1,1,3,1
PG001228,P001545,1023.634,1063.634,BS000083,BS000084,3,1,1,3,1
PG001232,P001547,1023.634,1063.634,BS000083,BS000084,3,1,1,3,1
PG001234,P001549,1023.634,1063.634,BS000083,BS000084,3,1,1,3,1
PG001238,P001561,1053.634,1093.634,BS000083,BS000084,3,1,1,3,1
PG001242,P001563,1053.634,1093.634,BS000083,BS000084,3,1,1,3,1
PG001246,P001565,1053.634,1093.634,BS000083,BS000084,3,1,1,3,1
PG001250,P001567,1053.634,1093.634,BS000083,BS000084,3,1,1,3,1
PG001217,P001537,1133.634,1875.265,BS000085,BS000006,75,14,14,75,1
PG001221,P001541,1133.634,1875.265,BS000085,BS000006,75,14,14,75,1
PG001225,P001543,1133.634,1875.265,BS000085,BS000006,75,14,14,75,1
PG001229,P001545,1133.634,1875.265,BS000085,BS000006,75,14,14,75,1
PG001233,P001547,1133.634,1875.265,BS000085,BS000006,75,14,14,75,1
PG001235,P001549,1133.634,1875.265,BS000085,BS000006,75,14,14,75,1
PG001236,P001560,900.18,1687.906,BS000005,BS000080,79,14,14,79,1
PG001240,P001562,900.18,1687.906,BS000005,BS000080,79,14,14,79,1
PG001244,P001564,900.18,1687.906,BS000005,BS000080,79,14,14,79,1
PG001248,P001566,900.18,1687.906,BS000005,BS000080,79,14,14,79,1
PG001239,P001561,1163.634,1935.265,BS000085,BS000006,78,14,14,78,1
PG001243,P001563,1163.634,1935.265,BS000085,BS000006,78,14,14,78,1
PG001247,P001565,1163.634,1935.265,BS000085,BS000006,78,14,14,78,1
PG001251,P001567,1163.634,1935.265,BS000085,BS000006,78,14,14,78,1
PG001252,P001569,770.494,2092.222,BS000019,BS000006,133,14,14,133,1
PG001253,P001573,806.237,1160.636,BS000007,BS000055,36,8,8,36,1
PG001257,P001575,806.237,1160.636,BS000007,BS000055,36,8,8,36,1
PG001261,P001577,806.237,1160.636,BS000007,BS000055,36,8,8,36,1
PG001265,P001579,806.237,1160.636,BS000007,BS000055,36,8,8,36,1
PG001269,P001581,806.237,1160.636,BS000007,BS000055,36,8,8,36,1
PG001273,P001583,806.237,1160.636,BS000007,BS000055,36,8,8,36,1
PG001277,P001585,806.237,1160.636,BS000007,BS000055,36,8,8,36,1
PG001281,P001587,806.237,1160.636,BS000007,BS000055,36,8,8,36,1
PG001285,P001589,806.237,1160.636,BS000007,BS000055,36,8,8,36,1
PG001289,P001591,806.237,1160.636,BS000007,BS000055,36,8,8,36,1
PG001295,P001595,806.237,1160.636,BS000007,BS000055,36,8,8,36,1
PG001299,P001597,806.237,1160.636,BS000007,BS000055,36,8,8,36,1
PG001254,P001573,1214.546,1244.546,BS000086,BS000087,2,1,1,2,1
PG001258,P001575,1214.546,1244.546,BS000086,BS000087,2,1,1,2,1
PG001262,P001577,1214.546,1244.546,BS000086,BS000087,2,1,1,2,1
PG001266,P001579,1214.546,1244.546,BS000086,BS000087,2,1,1,2,1
PG001270,P001581,1214.546,1244.546,BS000086,BS000087,2,1,1,2,1
PG001274,P001583,1214.546,1244.546,BS000086,BS000087,2,1,1,2,1
PG001278,P001585,1214.546,1244.546,BS000086,BS000087,2,1,1,2,1
PG001282,P001587,1214.546,1244.546,BS000086,BS000087,2,1,1,2,1
PG001286,P001589,1214.546,1244.546,BS000086,BS000087,2,1,1,2,1
PG001290,P001591,1214.546,1244.546,BS000086,BS000087,2,1,1,2,1
PG001296,P001595,1214.546,1244.546,BS000086,BS000087,2,1,1,2,1
PG001300,P001597,1214.546,1244.546,BS000086,BS000087,2,1,1,2,1
PG001312,P001609,1274.546,1304.546,BS000086,BS000087,2,1,1,2,1
PG001316,P001611,1274.546,1304.546,BS000086,BS000087,2,1,1,2,1
PG001320,P001613,1274.546,1304.546,BS000086,BS000087,2,1,1,2,1
PG001255,P001574,1379.048,1409.048,BS000088,BS000089,2,1,1,2,1
PG001259,P001576,1379.048,1409.048,BS000088,BS000089,2,1,1,2,1
PG001263,P001578,1379.048,1409.048,BS000088,BS000089,2,1,1,2,1
PG001267,P001580,1379.048,1409.048,BS000088,BS000089,2,1,1,2,1
PG001271,P001582,1379.048,1409.048,BS000088,BS000089,2,1,1,2,1
PG001275,P001584,1379.048,1409.048,BS000088,BS000089,2,1,1,2,1
PG001279,P001586,1379.048,1409.048,BS000088,BS000089,2,1,1,2,1
PG001283,P001588,1379.048,1409.048,BS000088,BS000089,2,1,1,2,1
PG001287,P001590,1379.048,1409.048,BS000088,BS000089,2,1,1,2,1
PG001291,P001592,1379.048,1409.048,BS000088,BS000089,2,1,1,2,1
PG001293,P001594,1379.048,1409.048,BS000088,BS000089,2,1,1,2,1
PG001297,P001596,1379.048,1409.048,BS000088,BS000089,2,1,1,2,1
PG001301,P001598,1379.048,1409.048,BS000088,BS000089,2,1,1,2,1
PG001303,P001600,1379.048,1409.048,BS000088,BS000089,2,1,1,2,1
PG001305,P001602,1439.048,1469.048,BS000088,BS000089,2,1,1,2,1
PG001307,P001604,1439.048,1469.048,BS000088,BS000089,2,1,1,2,1
PG001309,P001606,1439.048,1469.048,BS000088,BS000089,2,1,1,2,1
PG001313,P001610,1409.048,1439.048,BS000088,BS000089,2,1,1,2,1
PG001317,P001612,1409.048,1439.048,BS000088,BS000089,2,1,1,2,1
PG001321,P001614,1409.048,1439.048,BS000088,BS000089,2,1,1,2,1
PG001256,P001574,1469.382,1821.879,BS000090,BS000008,35,8,8,35,1
PG001260,P001576,1469.382,1821.879,BS000090,BS000008,35,8,8,35,1
PG001264,P001578,1469.382,1821.879,BS000090,BS000008,35,8,8,35,1
PG001268,P001580,1469.382,1821.879,BS000090,BS000008,35,8,8,35,1
PG001272,P001582,1469.382,1821.879,BS000090,BS000008,35,8,8,35,1
PG001276,P001584,1469.382,1821.879,BS000090,BS000008,35,8,8,35,1
PG001280,P001586,1469.382,1821.879,BS000090,BS000008,35,8,8,35,1
PG001284,P001588,1469.382,1821.879,BS000090,BS000008,35,8,8,35,1
PG001288,P001590,1469.382,1821.879,BS000090,BS000008,35,8,8,35,1
PG001292,P001592,1469.382,1821.879,BS000090,BS000008,35,8,8,35,1
PG001294,P001594,1469.382,1821.879,BS000090,BS000008,35,8,8,35,1
PG001298,P001596,1469.382,1821.879,BS000090,BS000008,35,8,8,35,1
PG001302,P001598,1469.382,1821.879,BS000090,BS000008,35,8,8,35,1
PG001304,P001600,1469.382,1821.879,BS000090,BS000008,35,8,8,35,1
PG001306,P001602,1529.382,1881.879,BS000090,BS000008,35,8,8,35,1
PG001308,P001604,1529.382,1881.879,BS000090,BS000008,35,8,8,35,1
PG001310,P001606,1529.382,1881.879,BS000090,BS000008,35,8,8,35,1
PG001311,P001609,836.237,1220.636,BS000007,BS000055,39,8,8,39,1
PG001315,P001611,836.237,1220.636,BS000007,BS000055,39,8,8,39,1
PG001319,P001613,836.237,1220.636,BS000007,BS000055,39,8,8,39,1
PG001314,P001610,1499.382,1881.879,BS000090,BS000008,38,8,8,38,1
PG001318,P001612,1499.382,1881.879,BS000090,BS000008,38,8,8,38,1
PG001322,P001614,1499.382,1881.879,BS000090,BS000008,38,8,8,38,1
PG001323,P001621,806.237,1160.636,BS000007,BS000055,36,8,8,36,1
PG001325,P001627,806.237,1160.636,BS000007,BS000055,36,8,8,36,1
PG001329,P001629,806.237,1160.636,BS000007,BS000055,36,8,8,36,1
PG001333,P001631,806.237,1160.636,BS000007,BS000055,36,8,8,36,1
PG001337,P001635,806.237,1160.636,BS000007,BS000055,36,8,8,36,1
PG001343,P001639,806.237,1160.636,BS000007,BS000055,36,8,8,36,1
PG001347,P001641,806.237,1160.636,BS000007,BS000055,36,8,8,36,1
PG001324,P001621,1368.018,1950.883,BS000091,BS000010,59,9,9,59,1
PG001326,P001627,1368.018,1950.883,BS000091,BS000010,59,9,9,59,1
PG001330,P001629,1368.018,1950.883,BS000091,BS000010,59,9,9,59,1
PG001334,P001631,1368.018,1950.883,BS000091,BS000010,59,9,9,59,1
PG001338,P001635,1368.018,1950.883,BS000091,BS000010,59,9,9,59,1
PG001344,P001639,1368.018,1950.883,BS000091,BS000010,59,9,9,59,1
PG001348,P001641,1368.018,1950.883,BS000091,BS000010,59,9,9,59,1
PG001327,P001628,808.091,1407.515,BS000009,BS000092,60,9,9,60,1
PG001331,P001630,808.091,1407.515,BS000009,BS000092,60,9,9,60,1
PG001335,P001632,808.091,1407.515,BS000009,BS000092,60,9,9,60,1
PG001339,P001636,808.091,1407.515,BS000009,BS000092,60,9,9,60,1
PG001341,P001638,808.091,1407.515,BS000009,BS000092,60,9,9,60,1
PG001345,P001640,808.091,1407.515,BS000009,BS000092,60,9,9,60,1
PG001328,P001628,1618.43,1971.092,BS000093,BS000008,35,8,8,35,1
PG001332,P001630,1618.43,1971.092,BS000093,BS000008,35,8,8,35,1
PG001336,P001632,1618.43,1971.092,BS000093,BS000008,35,8,8,35,1
PG001340,P001636,1618.43,1971.092,BS000093,BS000008,35,8,8,35,1
PG001342,P001638,1618.43,1971.092,BS000093,BS000008,35,8,8,35,1
PG001346,P001640,1618.43,1971.092,BS000093,BS000008,35,8,8,35,1
PG001349,P001661,806.237,1157.898,BS000007,BS000094,36,8,8,36,1
PG001355,P001665,806.237,1157.898,BS000007,BS000094,36,8,8,36,1
PG001361,P001671,806.237,1157.898,BS000007,BS000094,36,8,8,36,1
PG001365,P001673,806.237,1157.898,BS000007,BS000094,36,8,8,36,1
PG001369,P001675,806.237,1157.898,BS000007,BS000094,36,8,8,36,1
PG001373,P001679,806.237,1157.898,BS000007,BS000094,36,8,8,36,1
PG001377,P001681,806.237,1157.898,BS000007,BS000094,36,8,8,36,1
PG001381,P001683,806.237,1157.898,BS000007,BS000094,36,8,8,36,1
PG001385,P001685,806.237,1157.898,BS000007,BS000094,36,8,8,36,1
PG001389,P001687,806.237,1157.898,BS000007,BS000094,36,8,8,36,1
PG001391,P001689,836.237,1187.898,BS000007,BS000094,36,8,8,36,1
PG001395,P001691,836.237,1187.898,BS000007,BS000094,36,8,8,36,1
PG001399,P001693,836.237,1187.898,BS000007,BS000094,36,8,8,36,1
PG001403,P001695,836.237,1187.898,BS000007,BS000094,36,8,8,36,1
PG001350,P001661,1177.898,1964.237,BS000095,BS000012,79,15,15,79,1
PG001356,P001665,1177.898,1964.237,BS000095,BS000012,79,15,15,79,1
PG001362,P001671,1177.898,1964.237,BS000095,BS000012,79,15,15,79,1
PG001366,P001673,1177.898,1964.237,BS000095,BS000012,79,15,15,79,1
PG001370,P001675,1177.898,1964.237,BS000095,BS000012,79,15,15,79,1
PG001374,P001679,1177.898,1964.237,BS000095,BS000012,79,15,15,79,1
PG001378,P001681,1177.898,1964.237,BS000095,BS000012,79,15,15,79,1
PG001382,P001683,1177.898,1964.237,BS000095,BS000012,79,15,15,79,1
PG001386,P001685,1177.898,1964.237,BS000095,BS000012,79,15,15,79,1
PG001390,P001687,1177.898,1964.237,BS000095,BS000012,79,15,15,79,1
PG001408,P001701,1237.898,2024.237,BS000095,BS000012,79,15,15,79,1
PG001410,P001703,1237.898,2024.237,BS000095,BS000012,79,15,15,79,1
PG001351,P001662,801.736,1600.291,BS000011,BS000096,81,15,15,81,1
PG001353,P001664,801.736,1600.291,BS000011,BS000096,81,15,15,81,1
PG001357,P001666,801.736,1600.291,BS000011,BS000096,81,15,15,81,1
PG001359,P001668,801.736,1600.291,BS000011,BS000096,81,15,15,81,1
PG001363,P001672,801.736,1600.291,BS000011,BS000096,81,15,15,81,1
PG001367,P001674,801.736,1600.291,BS000011,BS000096,81,15,15,81,1
PG001371,P001676,801.736,1600.291,BS000011,BS000096,81,15,15,81,1
PG001375,P001680,801.736,1600.291,BS000011,BS000096,81,15,15,81,1
PG001379,P001682,801.736,1600.291,BS000011,BS000096,81,15,15,81,1
PG001383,P001684,801.736,1600.291,BS000011,BS000096,81,15,15,81,1
PG001387,P001686,801.736,1600.291,BS000011,BS000096,81,15,15,81,1
PG001352,P001662,1624.272,1976.791,BS000097,BS000008,35,8,8,35,1
PG001354,P001664,1624.272,1976.791,BS000097,BS000008,35,8,8,35,1
PG001358,P001666,1624.272,1976.791,BS000097,BS000008,35,8,8,35,1
PG001360,P001668,1624.272,1976.791,BS000097,BS000008,35,8,8,35,1
PG001364,P001672,1624.272,1976.791,BS000097,BS000008,35,8,8,35,1
PG001368,P001674,1624.272,1976.791,BS000097,BS000008,35,8,8,35,1
PG001372,P001676,1624.272,1976.791,BS000097,BS000008,35,8,8,35,1
PG001376,P001680,1624.272,1976.791,BS000097,BS000008,35,8,8,35,1
PG001380,P001682,1624.272,1976.791,BS000097,BS000008,35,8,8,35,1
PG001384,P001684,1624.272,1976.791,BS000097,BS000008,35,8,8,35,1
PG001388,P001686,1624.272,1976.791,BS000097,BS000008,35,8,8,35,1
PG001394,P001690,1684.272,2036.791,BS000097,BS000008,35,8,8,35,1
PG001398,P001692,1684.272,2036.791,BS000097,BS000008,35,8,8,35,1
PG001402,P001694,1684.272,2036.791,BS000097,BS000008,35,8,8,35,1
PG001406,P001696,1684.272,2036.791,BS000097,BS000008,35,8,8,35,1
PG001392,P001689,1207.898,2024.237,BS000095,BS000012,82,15,15,82,1
PG001396,P001691,1207.898,2024.237,BS000095,BS000012,82,15,15,82,1
PG001400,P001693,1207.898,2024.237,BS000095,BS000012,82,15,15,82,1
PG001404,P001695,1207.898,2024.237,BS000095,BS000012,82,15,15,82,1
PG001393,P001690,831.736,1660.291,BS000011,BS000096,84,15,15,84,1
PG001397,P001692,831.736,1660.291,BS000011,BS000096,84,15,15,84,1
PG001401,P001694,831.736,1660.291,BS000011,BS000096,84,15,15,84,1
PG001405,P001696,831.736,1660.291,BS000011,BS000096,84,15,15,84,1
PG001407,P001701,836.237,1217.898,BS000007,BS000094,39,8,8,39,1
PG001409,P001703,836.237,1217.898,BS000007,BS000094,39,8,8,39,1
PG001411,P001707,806.237,1156.823,BS000007,BS000098,36,8,8,36,1
PG001415,P001709,806.237,1156.823,BS000007,BS000098,36,8,8,36,1
PG001419,P001713,806.237,1156.823,BS000007,BS000098,36,8,8,36,1
PG001423,P001715,806.237,1156.823,BS000007,BS000098,36,8,8,36,1
PG001427,P001717,806.237,1156.823,BS000007,BS000098,36,8,8,36,1
PG001433,P001723,806.237,1156.823,BS000007,BS000098,36,8,8,36,1
PG001412,P001707,1156.823,1781.793,BS000098,BS000014,64,8,8,64,1
PG001416,P001709,1156.823,1781.793,BS000098,BS000014,64,8,8,64,1
PG001420,P001713,1156.823,1781.793,BS000098,BS000014,64,8,8,64,1
PG001424,P001715,1156.823,1781.793,BS000098,BS000014,64,8,8,64,1
PG001428,P001717,1156.823,1781.793,BS000098,BS000014,64,8,8,64,1
PG001434,P001723,1156.823,1781.793,BS000098,BS000014,64,8,8,64,1
PG001436,P001731,1216.823,1841.793,BS000098,BS000014,64,8,8,64,1
PG001440,P001735,1216.823,1841.793,BS000098,BS000014,64,8,8,64,1
PG001413,P001708,735.176,1361.878,BS000013,BS000099,63,8,8,63,1
PG001417,P001710,735.176,1361.878,BS000013,BS000099,63,8,8,63,1
PG001421,P001714,735.176,1361.878,BS000013,BS000099,63,8,8,63,1
PG001425,P001716,735.176,1361.878,BS000013,BS000099,63,8,8,63,1
PG001429,P001718,735.176,1361.878,BS000013,BS000099,63,8,8,63,1
PG001431,P001720,735.176,1361.878,BS000013,BS000099,63,8,8,63,1
PG001437,P001732,765.176,1391.878,BS000013,BS000099,63,8,8,63,1
PG001441,P001736,765.176,1391.878,BS000013,BS000099,63,8,8,63,1
PG001414,P001708,1362.346,1713.575,BS000100,BS000008,35,8,8,35,1
PG001418,P001710,1362.346,1713.575,BS000100,BS000008,35,8,8,35,1
PG001422,P001714,1362.346,1713.575,BS000100,BS000008,35,8,8,35,1
PG001426,P001716,1362.346,1713.575,BS000100,BS000008,35,8,8,35,1
PG001430,P001718,1362.346,1713.575,BS000100,BS000008,35,8,8,35,1
PG001432,P001720,1362.346,1713.575,BS000100,BS000008,35,8,8,35,1
PG001435,P001731,836.237,1216.823,BS000007,BS000098,39,8,8,39,1
PG001439,P001735,836.237,1216.823,BS000007,BS000098,39,8,8,39,1
PG001438,P001732,1392.346,1773.575,BS000100,BS000008,38,8,8,38,1
PG001442,P001736,1392.346,1773.575,BS000100,BS000008,38,8,8,38,1
PG001443,P001739,806.237,1160.636,BS000007,BS000055,36,8,8,36,1
PG001449,P001743,806.237,1160.636,BS000007,BS000055,36,8,8,36,1
PG001453,P001749,806.237,1160.636,BS000007,BS000055,36,8,8,36,1
PG001457,P001751,806.237,1160.636,BS000007,BS000055,36,8,8,36,1
PG001463,P001757,806.237,1160.636,BS000007,BS000055,36,8,8,36,1
PG001465,P001761,836.237,1190.636,BS000007,BS000055,36,8,8,36,1
PG001467,P001763,836.237,1190.636,BS000007,BS000055,36,8,8,36,1
PG001444,P001739,1611.02,2045.339,BS000101,BS000016,44,12,12,44,1
PG001450,P001743,1611.02,2045.339,BS000101,BS000016,44,12,12,44,1
PG001454,P001749,1611.02,2045.339,BS000101,BS000016,44,12,12,44,1
PG001458,P001751,1611.02,2045.339,BS000101,BS000016,44,12,12,44,1
PG001464,P001757,1611.02,2045.339,BS000101,BS000016,44,12,12,44,1
PG001470,P001769,1671.02,2105.339,BS000101,BS000016,44,12,12,44,1
PG001445,P001740,782.646,1222.647,BS000015,BS000102,44,12,12,44,1
PG001447,P001742,782.646,1222.647,BS000015,BS000102,44,12,12,44,1
PG001451,P001746,782.646,1222.647,BS000015,BS000102,44,12,12,44,1
PG001455,P001750,782.646,1222.647,BS000015,BS000102,44,12,12,44,1
PG001459,P001752,782.646,1222.647,BS000015,BS000102,44,12,12,44,1
PG001461,P001756,782.646,1222.647,BS000015,BS000102,44,12,12,44,1
PG001471,P001770,812.646,1252.647,BS000015,BS000102,44,12,12,44,1
PG001446,P001740,1683.133,2035.398,BS000103,BS000008,35,8,8,35,1
PG001448,P001742,1683.133,2035.398,BS000103,BS000008,35,8,8,35,1
PG001452,P001746,1683.133,2035.398,BS000103,BS000008,35,8,8,35,1
PG001456,P001750,1683.133,2035.398,BS000103,BS000008,35,8,8,35,1
PG001460,P001752,1683.133,2035.398,BS000103,BS000008,35,8,8,35,1
PG001462,P001756,1683.133,2035.398,BS000103,BS000008,35,8,8,35,1
PG001466,P001761,1641.02,2105.339,BS000101,BS000016,47,12,12,47,1
PG001468,P001763,1641.02,2105.339,BS000101,BS000016,47,12,12,47,1
PG001469,P001769,836.237,1220.636,BS000007,BS000055,39,8,8,39,1
PG001472,P001770,1713.133,2095.398,BS000103,BS000008,38,8,8,38,1
PG001473,P001773,806.237,1161.485,BS000007,BS000104,37,8,8,37,1
PG001477,P001775,806.237,1161.485,BS000007,BS000104,37,8,8,37,1
PG001481,P001777,806.237,1161.485,BS000007,BS000104,37,8,8,37,1
PG001485,P001779,806.237,1161.485,BS000007,BS000104,37,8,8,37,1
PG001489,P001781,806.237,1161.485,BS000007,BS000104,37,8,8,37,1
PG001493,P001783,806.237,1161.485,BS000007,BS000104,37,8,8,37,1
PG001499,P001787,806.237,1161.485,BS000007,BS000104,37,8,8,37,1
PG001505,P001791,806.237,1161.485,BS000007,BS000104,37,8,8,37,1
PG001509,P001793,806.237,1161.485,BS000007,BS000104,37,8,8,37,1
PG001513,P001795,836.237,1191.485,BS000007,BS000104,37,8,8,37,1
PG001517,P001797,836.237,1191.485,BS000007,BS000104,37,8,8,37,1
PG001474,P001773,1181.485,1281.485,BS000105,BS000106,9,2,2,9,1
PG001478,P001775,1181.485,1281.485,BS000105,BS000106,9,2,2,9,1
PG001482,P001777,1181.485,1281.485,BS000105,BS000106,9,2,2,9,1
PG001486,P001779,1181.485,1281.485,BS000105,BS000106,9,2,2,9,1
PG001490,P001781,1181.485,1281.485,BS000105,BS000106,9,2,2,9,1
PG001494,P001783,1181.485,1281.485,BS000105,BS000106,9,2,2,9,1
PG001500,P001787,1181.485,1281.485,BS000105,BS000106,9,2,2,9,1
PG001506,P001791,1181.485,1281.485,BS000105,BS000106,9,2,2,9,1
PG001510,P001793,1181.485,1281.485,BS000105,BS000106,9,2,2,9,1
PG001514,P001795,1211.485,1311.485,BS000105,BS000106,9,2,2,9,1
PG001518,P001797,1211.485,1311.485,BS000105,BS000106,9,2,2,9,1
PG001522,P001799,1241.485,1341.485,BS000105,BS000106,9,2,2,9,1
PG001526,P001801,1241.485,1341.485,BS000105,BS000106,9,2,2,9,1
PG001530,P001803,1241.485,1341.485,BS000105,BS000106,9,2,2,9,1
PG001534,P001805,1241.485,1341.485,BS000105,BS000106,9,2,2,9,1
PG001475,P001774,1019.104,1119.104,BS000107,BS000108,9,2,2,9,1
PG001479,P001776,1019.104,1119.104,BS000107,BS000108,9,2,2,9,1
PG001483,P001778,1019.104,1119.104,BS000107,BS000108,9,2,2,9,1
PG001487,P001780,1019.104,1119.104,BS000107,BS000108,9,2,2,9,1
PG001491,P001782,1019.104,1119.104,BS000107,BS000108,9,2,2,9,1
PG001495,P001784,1019.104,1119.104,BS000107,BS000108,9,2,2,9,1
PG001497,P001786,1019.104,1119.104,BS000107,BS000108,9,2,2,9,1
PG001501,P001788,1019.104,1119.104,BS000107,BS000108,9,2,2,9,1
PG001503,P001790,1019.104,1119.104,BS000107,BS000108,9,2,2,9,1
PG001507,P001792,1019.104,1119.104,BS000107,BS000108,9,2,2,9,1
PG001511,P001794,1019.104,1119.104,BS000107,BS000108,9,2,2,9,1
PG001515,P001796,1079.104,1179.104,BS000107,BS000108,9,2,2,9,1
PG001519,P001798,1079.104,1179.104,BS000107,BS000108,9,2,2,9,1
PG001523,P001800,1049.104,1149.104,BS000107,BS000108,9,2,2,9,1
PG001527,P001802,1049.104,1149.104,BS000107,BS000108,9,2,2,9,1
PG001531,P001804,1049.104,1149.104,BS000107,BS000108,9,2,2,9,1
PG001535,P001806,1049.104,1149.104,BS000107,BS000108,9,2,2,9,1
PG001476,P001774,1139.104,1488.324,BS000109,BS000008,36,8,8,36,1
PG001480,P001776,1139.104,1488.324,BS000109,BS000008,36,8,8,36,1
PG001484,P001778,1139.104,1488.324,BS000109,BS000008,36,8,8,36,1
PG001488,P001780,1139.104,1488.324,BS000109,BS000008,36,8,8,36,1
PG001492,P001782,1139.104,1488.324,BS000109,BS000008,36,8,8,36,1
PG001496,P001784,1139.104,1488.324,BS000109,BS000008,36,8,8,36,1
PG001498,P001786,1139.104,1488.324,BS000109,BS000008,36,8,8,36,1
PG001502,P001788,1139.104,1488.324,BS000109,BS000008,36,8,8,36,1
PG001504,P001790,1139.104,1488.324,BS000109,BS000008,36,8,8,36,1
PG001508,P001792,1139.104,1488.324,BS000109,BS000008,36,8,8,36,1
PG001512,P001794,1139.104,1488.324,BS000109,BS000008,36,8,8,36,1
PG001516,P001796,1199.104,1548.324,BS000109,BS000008,36,8,8,36,1
PG001520,P001798,1199.104,1548.324,BS000109,BS000008,36,8,8,36,1
PG001521,P001799,836.237,1221.485,BS000007,BS000104,40,8,8,40,1
PG001525,P001801,836.237,1221.485,BS000007,BS000104,40,8,8,40,1
PG001529,P001803,836.237,1221.485,BS000007,BS000104,40,8,8,40,1
PG001533,P001805,836.237,1221.485,BS000007,BS000104,40,8,8,40,1
PG001524,P001800,1169.104,1548.324,BS000109,BS000008,39,8,8,39,1
PG001528,P001802,1169.104,1548.324,BS000109,BS000008,39,8,8,39,1
PG001532,P001804,1169.104,1548.324,BS000109,BS000008,39,8,8,39,1
PG001536,P001806,1169.104,1548.324,BS000109,BS000008,39,8,8,39,1
PG001537,P001807,806.237,1156.823,BS000007,BS000098,36,8,8,36,1
PG001539,P001808,806.237,1156.823,BS000007,BS000098,36,8,8,36,1
PG001541,P001809,806.237,1156.823,BS000007,BS000098,36,8,8,36,1
PG001545,P001811,806.237,1156.823,BS000007,BS000098,36,8,8,36,1
PG001547,P001812,806.237,1156.823,BS000007,BS000098,36,8,8,36,1
PG001551,P001814,806.237,1156.823,BS000007,BS000098,36,8,8,36,1
PG001555,P001818,836.237,1186.823,BS000007,BS000098,36,8,8,36,1
PG001538,P001807,1156.823,2172.618,BS000098,BS000018,102,15,15,102,1
PG001540,P001808,1156.823,2172.618,BS000098,BS000018,102,15,15,102,1
PG001542,P001809,1156.823,2172.618,BS000098,BS000018,102,15,15,102,1
PG001546,P001811,1156.823,2172.618,BS000098,BS000018,102,15,15,102,1
PG001548,P001812,1156.823,2172.618,BS000098,BS000018,102,15,15,102,1
PG001552,P001814,1156.823,2172.618,BS000098,BS000018,102,15,15,102,1
PG001560,P001820,1216.823,2232.618,BS000098,BS000018,102,15,15,102,1
PG001543,P001810,775.2,1800.848,BS000017,BS000100,103,15,15,103,1
PG001549,P001813,775.2,1800.848,BS000017,BS000100,103,15,15,103,1
PG001553,P001815,775.2,1800.848,BS000017,BS000100,103,15,15,103,1
PG001561,P001821,805.2,1830.848,BS000017,BS000100,103,15,15,103,1
PG001544,P001810,1800.848,2152.077,BS000100,BS000008,35,8,8,35,1
PG001550,P001813,1800.848,2152.077,BS000100,BS000008,35,8,8,35,1
PG001554,P001815,1800.848,2152.077,BS000100,BS000008,35,8,8,35,1
PG001558,P001819,1860.848,2212.077,BS000100,BS000008,35,8,8,35,1
PG001556,P001818,1186.823,2232.618,BS000098,BS000018,105,15,15,105,1
PG001557,P001819,805.2,1860.848,BS000017,BS000100,106,15,15,106,1
PG001559,P001820,836.237,1216.823,BS000007,BS000098,39,8,8,39,1
PG001562,P001821,1830.848,2212.077,BS000100,BS000008,38,8,8,38,1
PG001563,P001827,806.237,1160.451,BS000007,BS000110,36,8,8,36,1
PG001569,P001833,806.237,1160.451,BS000007,BS000110,36,8,8,36,1
PG001582,P001835,806.237,1160.451,BS000007,BS000110,36,8,8,36,1
PG001602,P001841,806.237,1160.451,BS000007,BS000110,36,8,8,36,1
PG001564,P001827,1160.451,1240.451,BS000110,BS000111,7,2,2,7,1
PG001570,P001833,1160.451,1240.451,BS000110,BS000111,7,2,2,7,1
PG001583,P001835,1160.451,1240.451,BS000110,BS000111,7,2,2,7,1
PG001603,P001841,1160.451,1240.451,BS000110,BS000111,7,2,2,7,1
PG001609,P001853,1220.451,1300.451,BS000110,BS000111,7,2,2,7,1
PG001565,P001827,1260.451,1280.451,BS000112,BS000113,1,1,1,1,1
PG001571,P001833,1260.451,1280.451,BS000112,BS000113,1,1,1,1,1
PG001584,P001835,1260.451,1280.451,BS000112,BS000113,1,1,1,1,1
PG001604,P001841,1260.451,1280.451,BS000112,BS000113,1,1,1,1,1
PG001610,P001853,1320.451,1340.451,BS000112,BS000113,1,1,1,1,1
PG001566,P001827,1300.451,1320.451,BS000114,BS000115,1,2,2,1,1
PG001572,P001833,1300.451,1320.451,BS000114,BS000115,1,2,2,1,1
PG001585,P001835,1300.451,1320.451,BS000114,BS000115,1,2,2,1,1
PG001605,P001841,1300.451,1320.451,BS000114,BS000115,1,2,2,1,1
PG001611,P001853,1360.451,1380.451,BS000114,BS000115,1,2,2,1,1
PG001567,P001827,1320.451,1430.451,BS000115,BS000116,10,3,3,10,1
PG001573,P001833,1320.451,1430.451,BS000115,BS000116,10,3,3,10,1
PG001586,P001835,1320.451,1430.451,BS000115,BS000116,10,3,3,10,1
PG001606,P001841,1320.451,1430.451,BS000115,BS000116,10,3,3,10,1
PG001612,P001853,1380.451,1490.451,BS000115,BS000116,10,3,3,10,1
PG001568,P001827,1440.451,1879.91,BS000117,BS000020,44,9,9,44,1
PG001574,P001833,1440.451,1879.91,BS000117,BS000020,44,9,9,44,1
PG001587,P001835,1440.451,1879.91,BS000117,BS000020,44,9,9,44,1
PG001607,P001841,1440.451,1879.91,BS000117,BS000020,44,9,9,44,1
PG001613,P001853,1500.451,1939.91,BS000117,BS000020,44,9,9,44,1
PG001575,P001834,770.494,1211.127,BS000019,BS000118,44,10,10,44,1
PG001588,P001836,770.494,1211.127,BS000019,BS000118,44,10,10,44,1
PG001595,P001840,770.494,1211.127,BS000019,BS000118,44,10,10,44,1
PG001614,P001854,800.494,1241.127,BS000019,BS000118,44,10,10,44,1
PG001576,P001834,1221.127,1331.127,BS000119,BS000120,10,3,3,10,1
PG001589,P001836,1221.127,1331.127,BS000119,BS000120,10,3,3,10,1
PG001596,P001840,1221.127,1331.127,BS000119,BS000120,10,3,3,10,1
PG001615,P001854,1251.127,1361.127,BS000119,BS000120,10,3,3,10,1
PG001577,P001834,1331.127,1361.127,BS000120,BS000121,2,2,2,2,1
PG001590,P001836,1331.127,1361.127,BS000120,BS000121,2,2,2,2,1
PG001597,P001840,1331.127,1361.127,BS000120,BS000121,2,2,2,2,1
PG001616,P001854,1361.127,1391.127,BS000120,BS000121,2,2,2,2,1
PG001578,P001834,1371.127,1391.127,BS000122,BS000123,1,1,1,1,1
PG001591,P001836,1371.127,1391.127,BS000122,BS000123,1,1,1,1,1
PG001598,P001840,1371.127,1391.127,BS000122,BS000123,1,1,1,1,1
PG001617,P001854,1401.127,1421.127,BS000122,BS000123,1,1,1,1,1
PG001579,P001834,1401.127,1421.127,BS000124,BS000125,1,1,1,1,1
PG001592,P001836,1401.127,1421.127,BS000124,BS000125,1,1,1,1,1
PG001599,P001840,1401.127,1421.127,BS000124,BS000125,1,1,1,1,1
PG001618,P001854,1431.127,1451.127,BS000124,BS000125,1,1,1,1,1
PG001580,P001834,1421.127,1491.127,BS000125,BS000126,6,2,2,6,1
PG001593,P001836,1421.127,1491.127,BS000125,BS000126,6,2,2,6,1
PG001600,P001840,1421.127,1491.127,BS000125,BS000126,6,2,2,6,1
PG001619,P001854,1451.127,1521.127,BS000125,BS000126,6,2,2,6,1
PG001581,P001834,1495.66,1851.242,BS000127,BS000008,36,8,8,36,1
PG001594,P001836,1495.66,1851.242,BS000127,BS000008,36,8,8,36,1
PG001601,P001840,1495.66,1851.242,BS000127,BS000008,36,8,8,36,1
PG001608,P001853,836.237,1220.451,BS000007,BS000110,39,8,8,39,1
PG001620,P001854,1525.66,1911.242,BS000127,BS000008,39,8,8,39,1
PG001621,P001860,828.033,1436.583,BS000023,BS000128,61,15,15,61,1
PG001627,P001868,828.033,1436.583,BS000023,BS000128,61,15,15,61,1
PG001631,P001870,828.033,1436.583,BS000023,BS000128,61,15,15,61,1
PG001637,P001888,858.033,1466.583,BS000023,BS000128,61,15,15,61,1
PG001622,P001860,1689.052,2042.301,BS000129,BS000008,35,8,8,35,1
PG001628,P001868,1689.052,2042.301,BS000129,BS000008,35,8,8,35,1
PG001632,P001870,1689.052,2042.301,BS000129,BS000008,35,8,8,35,1
PG001623,P001861,806.237,1160.636,BS000007,BS000055,36,8,8,36,1
PG001625,P001867,806.237,1160.636,BS000007,BS000055,36,8,8,36,1
PG001629,P001869,806.237,1160.636,BS000007,BS000055,36,8,8,36,1
PG001633,P001875,806.237,1160.636,BS000007,BS000055,36,8,8,36,1
PG001624,P001861,1391.84,2004.388,BS000130,BS000024,62,15,15,62,1
PG001626,P001867,1391.84,2004.388,BS000130,BS000024,62,15,15,62,1
PG001630,P001869,1391.84,2004.388,BS000130,BS000024,62,15,15,62,1
PG001634,P001875,1391.84,2004.388,BS000130,BS000024,62,15,15,62,1
PG001636,P001887,1451.84,2064.388,BS000130,BS000024,62,15,15,62,1
PG001635,P001887,836.237,1220.636,BS000007,BS000055,39,8,8,39,1
PG001638,P001888,1719.052,2102.301,BS000129,BS000008,38,8,8,38,1
PG001639,P001891,1136.925,1206.632,BS000131,BS000132,6,8,8,6,1
PG001641,P001895,1136.925,1206.632,BS000131,BS000132,6,8,8,6,1
PG001643,P001899,1136.925,1206.632,BS000131,BS000132,6,8,8,6,1
PG001645,P001901,1136.925,1206.632,BS000131,BS000132,6,8,8,6,1
PG001647,P001903,1136.925,1206.632,BS000131,BS000132,6,8,8,6,1
PG001651,P001905,1136.925,1206.632,BS000131,BS000132,6,8,8,6,1
PG001659,P001913,1136.925,1206.632,BS000131,BS000132,6,8,8,6,1
PG001663,P001919,1166.925,1236.632,BS000131,BS000132,6,8,8,6,1
PG001667,P001921,1166.925,1236.632,BS000131,BS000132,6,8,8,6,1
PG001671,P001923,1166.925,1236.632,BS000131,BS000132,6,8,8,6,1
PG001675,P001925,1166.925,1236.632,BS000131,BS000132,6,8,8,6,1
PG001679,P001927,1196.925,1266.632,BS000131,BS000132,6,8,8,6,1
PG001683,P001929,1196.925,1266.632,BS000131,BS000132,6,8,8,6,1
PG001687,P001931,1196.925,1266.632,BS000131,BS000132,6,8,8,6,1
PG001691,P001933,1196.925,1266.632,BS000131,BS000132,6,8,8,6,1
PG001640,P001891,1206.632,1587.868,BS000132,BS000010,38,8,8,38,1
PG001642,P001895,1206.632,1587.868,BS000132,BS000010,38,8,8,38,1
PG001644,P001899,1206.632,1587.868,BS000132,BS000010,38,8,8,38,1
PG001646,P001901,1206.632,1587.868,BS000132,BS000010,38,8,8,38,1
PG001648,P001903,1206.632,1587.868,BS000132,BS000010,38,8,8,38,1
PG001652,P001905,1206.632,1587.868,BS000132,BS000010,38,8,8,38,1
PG001660,P001913,1206.632,1587.868,BS000132,BS000010,38,8,8,38,1
PG001680,P001927,1266.632,1647.868,BS000132,BS000010,38,8,8,38,1
PG001684,P001929,1266.632,1647.868,BS000132,BS000010,38,8,8,38,1
PG001688,P001931,1266.632,1647.868,BS000132,BS000010,38,8,8,38,1
PG001692,P001933,1266.632,1647.868,BS000132,BS000010,38,8,8,38,1
PG001649,P001904,808.091,1191.299,BS000009,BS000133,38,8,8,38,1
PG001653,P001906,808.091,1191.299,BS000009,BS000133,38,8,8,38,1
PG001655,P001910,808.091,1191.299,BS000009,BS000133,38,8,8,38,1
PG001657,P001912,808.091,1191.299,BS000009,BS000133,38,8,8,38,1
PG001661,P001914,808.091,1191.299,BS000009,BS000133,38,8,8,38,1
PG001681,P001928,838.091,1221.299,BS000009,BS000133,38,8,8,38,1
PG001685,P001930,838.091,1221.299,BS000009,BS000133,38,8,8,38,1
PG001689,P001932,838.091,1221.299,BS000009,BS000133,38,8,8,38,1
PG001693,P001934,838.091,1221.299,BS000009,BS000133,38,8,8,38,1
PG001650,P001904,1191.919,1261.919,BS000134,BS000135,6,5,5,6,1
PG001654,P001906,1191.919,1261.919,BS000134,BS000135,6,5,5,6,1
PG001656,P001910,1191.919,1261.919,BS000134,BS000135,6,5,5,6,1
PG001658,P001912,1191.919,1261.919,BS000134,BS000135,6,5,5,6,1
PG001662,P001914,1191.919,1261.919,BS000134,BS000135,6,5,5,6,1
PG001666,P001920,1251.919,1321.919,BS000134,BS000135,6,5,5,6,1
PG001670,P001922,1251.919,1321.919,BS000134,BS000135,6,5,5,6,1
PG001674,P001924,1251.919,1321.919,BS000134,BS000135,6,5,5,6,1
PG001678,P001926,1251.919,1321.919,BS000134,BS000135,6,5,5,6,1
PG001682,P001928,1221.919,1291.919,BS000134,BS000135,6,5,5,6,1
PG001686,P001930,1221.919,1291.919,BS000134,BS000135,6,5,5,6,1
PG001690,P001932,1221.919,1291.919,BS000134,BS000135,6,5,5,6,1
PG001694,P001934,1221.919,1291.919,BS000134,BS000135,6,5,5,6,1
PG001664,P001919,1236.632,1647.868,BS000132,BS000010,41,8,8,41,1
PG001668,P001921,1236.632,1647.868,BS000132,BS000010,41,8,8,41,1
PG001672,P001923,1236.632,1647.868,BS000132,BS000010,41,8,8,41,1
PG001676,P001925,1236.632,1647.868,BS000132,BS000010,41,8,8,41,1
PG001665,P001920,838.091,1251.299,BS000009,BS000133,41,8,8,41,1
PG001669,P001922,838.091,1251.299,BS000009,BS000133,41,8,8,41,1
PG001673,P001924,838.091,1251.299,BS000009,BS000133,41,8,8,41,1
PG001677,P001926,838.091,1251.299,BS000009,BS000133,41,8,8,41,1
PG001695,P001935,1460.495,1985.767,BS000136,BS000014,53,8,8,53,1
PG001697,P001937,1460.495,1985.767,BS000136,BS000014,53,8,8,53,1
PG001699,P001939,1460.495,1985.767,BS000136,BS000014,53,8,8,53,1
PG001702,P001943,1460.495,1985.767,BS000136,BS000014,53,8,8,53,1
PG001704,P001945,1460.495,1985.767,BS000136,BS000014,53,8,8,53,1
PG001706,P001947,1460.495,1985.767,BS000136,BS000014,53,8,8,53,1
PG001709,P001951,1460.495,1985.767,BS000136,BS000014,53,8,8,53,1
PG001711,P001953,1460.495,1985.767,BS000136,BS000014,53,8,8,53,1
PG001696,P001936,735.176,1251.048,BS000013,BS000137,52,8,8,52,1
PG001698,P001938,735.176,1251.048,BS000013,BS000137,52,8,8,52,1
PG001700,P001940,735.176,1251.048,BS000013,BS000137,52,8,8,52,1
PG001701,P001942,735.176,1251.048,BS000013,BS000137,52,8,8,52,1
PG001703,P001944,735.176,1251.048,BS000013,BS000137,52,8,8,52,1
PG001705,P001946,735.176,1251.048,BS000013,BS000137,52,8,8,52,1
PG001707,P001948,735.176,1251.048,BS000013,BS000137,52,8,8,52,1
PG001708,P001950,735.176,1251.048,BS000013,BS000137,52,8,8,52,1
PG001710,P001952,735.176,1251.048,BS000013,BS000137,52,8,8,52,1
PG001712,P001954,735.176,1251.048,BS000013,BS000137,52,8,8,52,1
PG001713,P001956,735.176,1251.048,BS000013,BS000137,52,8,8,52,1
PG001714,P001962,765.176,1281.048,BS000013,BS000137,52,8,8,52,1
PG001715,P001964,765.176,1281.048,BS000013,BS000137,52,8,8,52,1
PG001716,P001966,765.176,1281.048,BS000013,BS000137,52,8,8,52,1
PG001717,P001969,1524.545,1914.338,BS000138,BS000016,39,12,12,39,1
PG001720,P001973,1524.545,1914.338,BS000138,BS000016,39,12,12,39,1
PG001724,P001979,1524.545,1914.338,BS000138,BS000016,39,12,12,39,1
PG001726,P001981,1524.545,1914.338,BS000138,BS000016,39,12,12,39,1
PG001729,P001985,1524.545,1914.338,BS000138,BS000016,39,12,12,39,1
PG001731,P001987,1524.545,1914.338,BS000138,BS000016,39,12,12,39,1
PG001718,P001970,782.646,1171.67,BS000015,BS000139,39,12,12,39,1
PG001719,P001972,782.646,1171.67,BS000015,BS000139,39,12,12,39,1
PG001721,P001974,782.646,1171.67,BS000015,BS000139,39,12,12,39,1
PG001722,P001976,782.646,1171.67,BS000015,BS000139,39,12,12,39,1
PG001723,P001978,782.646,1171.67,BS000015,BS000139,39,12,12,39,1
PG001725,P001980,782.646,1171.67,BS000015,BS000139,39,12,12,39,1
PG001727,P001982,782.646,1171.67,BS000015,BS000139,39,12,12,39,1
PG001728,P001984,782.646,1171.67,BS000015,BS000139,39,12,12,39,1
PG001730,P001986,782.646,1171.67,BS000015,BS000139,39,12,12,39,1
PG001732,P001988,782.646,1171.67,BS000015,BS000139,39,12,12,39,1
PG001733,P001990,782.646,1171.67,BS000015,BS000139,39,12,12,39,1
PG001734,P001996,812.646,1201.67,BS000015,BS000139,39,12,12,39,1
PG001735,P001998,812.646,1201.67,BS000015,BS000139,39,12,12,39,1
PG001736,P002000,812.646,1201.67,BS000015,BS000139,39,12,12,39,1
PG001737,P002037,1511.528,1872.254,BS000140,BS000020,36,5,5,36,1
PG001739,P002039,1511.528,1872.254,BS000140,BS000020,36,5,5,36,1
PG001740,P002041,1511.528,1872.254,BS000140,BS000020,36,5,5,36,1
PG001742,P002043,1511.528,1872.254,BS000140,BS000020,36,5,5,36,1
PG001743,P002045,1511.528,1872.254,BS000140,BS000020,36,5,5,36,1
PG001744,P002047,1511.528,1872.254,BS000140,BS000020,36,5,5,36,1
PG001746,P002049,1511.528,1872.254,BS000140,BS000020,36,5,5,36,1
PG001748,P002051,1511.528,1872.254,BS000140,BS000020,36,5,5,36,1
PG001749,P002053,1511.528,1872.254,BS000140,BS000020,36,5,5,36,1
PG001751,P002055,1511.528,1872.254,BS000140,BS000020,36,5,5,36,1
PG001753,P002057,1511.528,1872.254,BS000140,BS000020,36,5,5,36,1
PG001754,P002063,1571.528,1932.254,BS000140,BS000020,36,5,5,36,1
PG001755,P002065,1571.528,1932.254,BS000140,BS000020,36,5,5,36,1
PG001756,P002067,1571.528,1932.254,BS000140,BS000020,36,5,5,36,1
PG001738,P002038,770.494,1137.702,BS000019,BS000141,37,5,5,37,1
PG001741,P002042,770.494,1137.702,BS000019,BS000141,37,5,5,37,1
PG001745,P002048,770.494,1137.702,BS000019,BS000141,37,5,5,37,1
PG001747,P002050,770.494,1137.702,BS000019,BS000141,37,5,5,37,1
PG001750,P002054,770.494,1137.702,BS000019,BS000141,37,5,5,37,1
PG001752,P002056,770.494,1137.702,BS000019,BS000141,37,5,5,37,1
PG001757,P002071,1592.358,2210.174,BS000142,BS000022,63,4,4,63,1
PG001758,P002072,1592.358,2210.174,BS000142,BS000022,63,4,4,63,1
PG001759,P002073,1592.358,2210.174,BS000142,BS000022,63,4,4,63,1
PG001760,P002074,1592.358,2210.174,BS000142,BS000022,63,4,4,63,1
PG001761,P002075,1592.358,2210.174,BS000142,BS000022,63,4,4,63,1
PG001763,P002077,1592.358,2210.174,BS000142,BS000022,63,4,4,63,1
PG001765,P002079,1592.358,2210.174,BS000142,BS000022,63,4,4,63,1
PG001767,P002081,1592.358,2210.174,BS000142,BS000022,63,4,4,63,1
PG001769,P002083,1592.358,2210.174,BS000142,BS000022,63,4,4,63,1
PG001771,P002085,1592.358,2210.174,BS000142,BS000022,63,4,4,63,1
PG001773,P002087,1592.358,2210.174,BS000142,BS000022,63,4,4,63,1
PG001777,P002092,1652.358,2270.174,BS000142,BS000022,63,4,4,63,1
PG001778,P002093,1652.358,2270.174,BS000142,BS000022,63,4,4,63,1
PG001779,P002094,1652.358,2270.174,BS000142,BS000022,63,4,4,63,1
PG001762,P002076,834.749,1457.258,BS000021,BS000143,63,4,4,63,1
PG001764,P002078,834.749,1457.258,BS000021,BS000143,63,4,4,63,1
PG001766,P002080,834.749,1457.258,BS000021,BS000143,63,4,4,63,1
PG001768,P002082,834.749,1457.258,BS000021,BS000143,63,4,4,63,1
PG001770,P002084,834.749,1457.258,BS000021,BS000143,63,4,4,63,1
PG001772,P002086,834.749,1457.258,BS000021,BS000143,63,4,4,63,1
PG001780,P002095,864.749,1487.258,BS000021,BS000143,63,4,4,63,1
PG001774,P002089,864.749,1517.258,BS000021,BS000143,66,4,4,66,1
PG001776,P002091,864.749,1517.258,BS000021,BS000143,66,4,4,66,1
PG001775,P002090,1622.358,2270.174,BS000142,BS000022,66,4,4,66,1
PG001781,P002101,828.033,1447.465,BS000023,BS000144,62,15,15,62,1
PG001782,P002107,828.033,1447.465,BS000023,BS000144,62,15,15,62,1
PG001784,P002109,828.033,1447.465,BS000023,BS000144,62,15,15,62,1
PG001786,P002111,828.033,1447.465,BS000023,BS000144,62,15,15,62,1
PG001783,P002108,1257.224,1872.263,BS000145,BS000024,63,15,15,63,1
PG001785,P002110,1257.224,1872.263,BS000145,BS000024,63,15,15,63,1
PG001787,P002120,1287.224,1932.263,BS000145,BS000024,66,15,15,66,1
PG001789,P002122,1287.224,1932.263,BS000145,BS000024,66,15,15,66,1
PG001788,P002121,858.033,1507.465,BS000023,BS000144,65,15,15,65,1
PG001790,P002123,858.033,1507.465,BS000023,BS000144,65,15,15,65,1
PG001791,P002135,808.091,1261.256,BS000009,BS000146,45,8,8,45,1
PG001795,P002137,808.091,1261.256,BS000009,BS000146,45,8,8,45,1
PG001797,P002141,808.091,1261.256,BS000009,BS000146,45,8,8,45,1
PG001792,P002135,1681.256,2172.95,BS000147,BS000014,50,8,8,50,1
PG001796,P002137,1681.256,2172.95,BS000147,BS000014,50,8,8,50,1
PG001798,P002141,1681.256,2172.95,BS000147,BS000014,50,8,8,50,1
PG001793,P002136,735.176,1226.814,BS000013,BS000148,49,8,8,49,1
PG001799,P002142,735.176,1226.814,BS000013,BS000148,49,8,8,49,1
PG001801,P002144,735.176,1226.814,BS000013,BS000148,49,8,8,49,1
PG001803,P002148,735.176,1226.814,BS000013,BS000148,49,8,8,49,1
PG001794,P002136,1636.814,2084.523,BS000149,BS000010,45,8,8,45,1
PG001800,P002142,1636.814,2084.523,BS000149,BS000010,45,8,8,45,1
PG001802,P002144,1636.814,2084.523,BS000149,BS000010,45,8,8,45,1
PG001804,P002148,1636.814,2084.523,BS000149,BS000010,45,8,8,45,1
PG001805,P002171,808.091,1200.782,BS000009,BS000150,39,8,8,39,1
PG001806,P002171,1770.782,2168.497,BS000151,BS000016,40,12,12,40,1
PG001807,P002189,808.091,1211.524,BS000009,BS000152,41,8,8,41,1
PG001809,P002191,808.091,1211.524,BS000009,BS000152,41,8,8,41,1
PG001811,P002193,808.091,1211.524,BS000009,BS000152,41,8,8,41,1
PG001813,P002195,808.091,1211.524,BS000009,BS000152,41,8,8,41,1
PG001815,P002197,808.091,1211.524,BS000009,BS000152,41,8,8,41,1
PG001817,P002199,808.091,1211.524,BS000009,BS000152,41,8,8,41,1
PG001819,P002201,808.091,1211.524,BS000009,BS000152,41,8,8,41,1
PG001821,P002203,808.091,1211.524,BS000009,BS000152,41,8,8,41,1
PG001823,P002205,808.091,1211.524,BS000009,BS000152,41,8,8,41,1
PG001825,P002207,808.091,1211.524,BS000009,BS000152,41,8,8,41,1
PG001827,P002209,808.091,1211.524,BS000009,BS000152,41,8,8,41,1
PG001829,P002211,838.091,1241.524,BS000009,BS000152,41,8,8,41,1
PG001831,P002213,838.091,1241.524,BS000009,BS000152,41,8,8,41,1
PG001808,P002190,1109.646,1496.204,BS000153,BS000010,39,8,8,39,1
PG001810,P002192,1109.646,1496.204,BS000153,BS000010,39,8,8,39,1
PG001812,P002194,1109.646,1496.204,BS000153,BS000010,39,8,8,39,1
PG001814,P002196,1109.646,1496.204,BS000153,BS000010,39,8,8,39,1
PG001816,P002198,1109.646,1496.204,BS000153,BS000010,39,8,8,39,1
PG001818,P002200,1109.646,1496.204,BS000153,BS000010,39,8,8,39,1
PG001820,P002202,1109.646,1496.204,BS000153,BS000010,39,8,8,39,1
PG001822,P002204,1109.646,1496.204,BS000153,BS000010,39,8,8,39,1
PG001824,P002206,1109.646,1496.204,BS000153,BS000010,39,8,8,39,1
PG001826,P002208,1109.646,1496.204,BS000153,BS000010,39,8,8,39,1
PG001828,P002210,1109.646,1496.204,BS000153,BS000010,39,8,8,39,1
PG001830,P002212,1169.646,1556.204,BS000153,BS000010,39,8,8,39,1
PG001832,P002214,1169.646,1556.204,BS000153,BS000010,39,8,8,39,1
PG001833,P002215,838.091,1271.524,BS000009,BS000152,44,8,8,44,1
PG001835,P002217,838.091,1271.524,BS000009,BS000152,44,8,8,44,1
PG001837,P002219,838.091,1271.524,BS000009,BS000152,44,8,8,44,1
PG001839,P002221,838.091,1271.524,BS000009,BS000152,44,8,8,44,1
PG001834,P002216,1139.646,1556.204,BS000153,BS000010,42,8,8,42,1
PG001836,P002218,1139.646,1556.204,BS000153,BS000010,42,8,8,42,1
PG001838,P002220,1139.646,1556.204,BS000153,BS000010,42,8,8,42,1
PG001840,P002222,1139.646,1556.204,BS000153,BS000010,42,8,8,42,1
PG001841,P002231,770.494,1110.491,BS000019,BS000154,34,5,5,34,1
PG001842,P002231,1690.491,2068.754,BS000155,BS000010,39,8,8,39,1
PG001843,P002251,808.091,1752.27,BS000009,BS000024,97,14,14,97,1
PG001845,P002253,808.091,1752.27,BS000009,BS000024,97,14,14,97,1
PG001847,P002255,808.091,1752.27,BS000009,BS000024,97,14,14,97,1
PG001849,P002257,808.091,1752.27,BS000009,BS000024,97,14,14,97,1
PG001851,P002259,808.091,1752.27,BS000009,BS000024,97,14,14,97,1
PG001853,P002261,808.091,1752.27,BS000009,BS000024,97,14,14,97,1
PG001855,P002263,808.091,1752.27,BS000009,BS000024,97,14,14,97,1
PG001856,P002267,808.091,1752.27,BS000009,BS000024,97,14,14,97,1
PG001844,P002252,828.033,1769.974,BS000023,BS000010,96,13,13,96,1
PG001846,P002254,828.033,1769.974,BS000023,BS000010,96,13,13,96,1
PG001848,P002256,828.033,1769.974,BS000023,BS000010,96,13,13,96,1
PG001850,P002258,828.033,1769.974,BS000023,BS000010,96,13,13,96,1
PG001852,P002260,828.033,1769.974,BS000023,BS000010,96,13,13,96,1
PG001854,P002262,828.033,1769.974,BS000023,BS000010,96,13,13,96,1
PG001857,P002268,828.033,1769.974,BS000023,BS000010,96,13,13,96,1
PG001858,P002273,838.091,1812.27,BS000009,BS000024,100,14,14,100,1
PG001860,P002275,838.091,1812.27,BS000009,BS000024,100,14,14,100,1
PG001859,P002274,858.033,1829.974,BS000023,BS000010,99,13,13,99,1
PG001861,P002276,858.033,1829.974,BS000023,BS000010,99,13,13,99,1
PG001862,P002277,838.091,1812.27,BS000009,BS000024,100,14,14,100,1
PG001863,P002279,838.091,1812.27,BS000009,BS000024,100,14,14,100,1
PG001864,P002281,838.091,1812.27,BS000009,BS000024,100,14,14,100,1
PG001865,P002283,838.091,1812.27,BS000009,BS000024,100,14,14,100,1
PG001866,P002285,801.736,2210.281,BS000011,BS000014,143,15,15,143,1
PG001867,P002286,735.176,2129.51,BS000013,BS000012,141,15,15,141,1
PG001868,P002290,801.736,1575.668,BS000011,BS000156,78,15,15,78,1
PG001870,P002292,801.736,1575.668,BS000011,BS000156,78,15,15,78,1
PG001872,P002294,801.736,1575.668,BS000011,BS000156,78,15,15,78,1
PG001874,P002296,801.736,1575.668,BS000011,BS000156,78,15,15,78,1
PG001876,P002298,801.736,1575.668,BS000011,BS000156,78,15,15,78,1
PG001878,P002300,801.736,1575.668,BS000011,BS000156,78,15,15,78,1
PG001880,P002302,801.736,1575.668,BS000011,BS000156,78,15,15,78,1
PG001882,P002304,801.736,1575.668,BS000011,BS000156,78,15,15,78,1
PG001884,P002306,801.736,1575.668,BS000011,BS000156,78,15,15,78,1
PG001886,P002308,801.736,1575.668,BS000011,BS000156,78,15,15,78,1
PG001888,P002310,801.736,1575.668,BS000011,BS000156,78,15,15,78,1
PG001890,P002312,831.736,1605.668,BS000011,BS000156,78,15,15,78,1
PG001892,P002314,831.736,1605.668,BS000011,BS000156,78,15,15,78,1
PG001869,P002291,1190.893,1947.388,BS000157,BS000012,76,15,15,76,1
PG001871,P002293,1190.893,1947.388,BS000157,BS000012,76,15,15,76,1
PG001873,P002295,1190.893,1947.388,BS000157,BS000012,76,15,15,76,1
PG001875,P002297,1190.893,1947.388,BS000157,BS000012,76,15,15,76,1
PG001877,P002299,1190.893,1947.388,BS000157,BS000012,76,15,15,76,1
PG001879,P002301,1190.893,1947.388,BS000157,BS000012,76,15,15,76,1
PG001881,P002303,1190.893,1947.388,BS000157,BS000012,76,15,15,76,1
PG001883,P002305,1190.893,1947.388,BS000157,BS000012,76,15,15,76,1
PG001885,P002307,1190.893,1947.388,BS000157,BS000012,76,15,15,76,1
PG001887,P002309,1190.893,1947.388,BS000157,BS000012,76,15,15,76,1
PG001889,P002311,1190.893,1947.388,BS000157,BS000012,76,15,15,76,1
PG001891,P002313,1250.893,2007.388,BS000157,BS000012,76,15,15,76,1
PG001893,P002315,1250.893,2007.388,BS000157,BS000012,76,15,15,76,1
PG001894,P002316,831.736,1635.668,BS000011,BS000156,81,15,15,81,1
PG001896,P002318,831.736,1635.668,BS000011,BS000156,81,15,15,81,1
PG001898,P002320,831.736,1635.668,BS000011,BS000156,81,15,15,81,1
PG001900,P002322,831.736,1635.668,BS000011,BS000156,81,15,15,81,1
PG001895,P002317,1220.893,2007.388,BS000157,BS000012,79,15,15,79,1
PG001897,P002319,1220.893,2007.388,BS000157,BS000012,79,15,15,79,1
PG001899,P002321,1220.893,2007.388,BS000157,BS000012,79,15,15,79,1
PG001901,P002323,1220.893,2007.388,BS000157,BS000012,79,15,15,79,1
PG001902,P002325,828.033,1547.195,BS000023,BS000158,72,15,15,72,1
PG001903,P002325,1695.408,2325.232,BS000159,BS000012,63,15,15,63,1
PG001904,P002335,735.176,1241.676,BS000013,BS000160,51,8,8,51,1
PG001910,P002339,735.176,1241.676,BS000013,BS000160,51,8,8,51,1
PG001919,P002347,735.176,1241.676,BS000013,BS000160,51,8,8,51,1
PG001905,P002335,1331.676,1381.676,BS000161,BS000162,4,6,6,4,1
PG001911,P002339,1331.676,1381.676,BS000161,BS000162,4,6,6,4,1
PG001920,P002347,1331.676,1381.676,BS000161,BS000162,4,6,6,4,1
PG001906,P002335,1441.676,1893.6,BS000163,BS000016,46,12,12,46,1
PG001912,P002339,1441.676,1893.6,BS000163,BS000016,46,12,12,46,1
PG001921,P002347,1441.676,1893.6,BS000163,BS000016,46,12,12,46,1
PG001907,P002336,782.646,1238.249,BS000015,BS000164,46,12,12,46,1
PG001913,P002340,782.646,1238.249,BS000015,BS000164,46,12,12,46,1
PG001916,P002346,782.646,1238.249,BS000015,BS000164,46,12,12,46,1
PG001922,P002348,782.646,1238.249,BS000015,BS000164,46,12,12,46,1
PG001908,P002336,1298.249,1348.249,BS000165,BS000166,4,6,6,4,1
PG001914,P002340,1298.249,1348.249,BS000165,BS000166,4,6,6,4,1
PG001917,P002346,1298.249,1348.249,BS000165,BS000166,4,6,6,4,1
PG001923,P002348,1298.249,1348.249,BS000165,BS000166,4,6,6,4,1
PG001909,P002336,1438.249,1951.877,BS000167,BS000014,53,8,8,53,1
PG001915,P002340,1438.249,1951.877,BS000167,BS000014,53,8,8,53,1
PG001918,P002346,1438.249,1951.877,BS000167,BS000014,53,8,8,53,1
PG001924,P002348,1438.249,1951.877,BS000167,BS000014,53,8,8,53,1
PG001925,P002359,735.176,1315.913,BS000013,BS000168,58,8,8,58,1
PG001928,P002371,735.176,1315.913,BS000013,BS000168,58,8,8,58,1
PG001926,P002364,1068.477,1644.397,BS000169,BS000014,59,8,8,59,1
PG001927,P002368,1068.477,1644.397,BS000169,BS000014,59,8,8,59,1
PG001929,P002379,765.176,1375.913,BS000013,BS000168,61,8,8,61,1
PG001931,P002381,765.176,1375.913,BS000013,BS000168,61,8,8,61,1
PG001930,P002380,1098.477,1704.397,BS000169,BS000014,62,8,8,62,1
PG001932,P002382,1098.477,1704.397,BS000169,BS000014,62,8,8,62,1
PG001933,P002383,735.176,1935.268,BS000013,BS000018,122,15,15,122,1
PG001935,P002387,735.176,1935.268,BS000013,BS000018,122,15,15,122,1
PG001937,P002389,735.176,1935.268,BS000013,BS000018,122,15,15,122,1
PG001939,P002393,735.176,1935.268,BS000013,BS000018,122,15,15,122,1
PG001941,P002395,735.176,1935.268,BS000013,BS000018,122,15,15,122,1
PG001934,P002384,775.2,1982.944,BS000017,BS000014,123,15,15,123,1
PG001936,P002388,775.2,1982.944,BS000017,BS000014,123,15,15,123,1
PG001938,P002390,775.2,1982.944,BS000017,BS000014,123,15,15,123,1
PG001940,P002394,775.2,1982.944,BS000017,BS000014,123,15,15,123,1
PG001942,P002396,775.2,1982.944,BS000017,BS000014,123,15,15,123,1
PG001943,P002399,765.176,1995.268,BS000013,BS000018,125,15,15,125,1
PG001944,P002400,805.2,2042.944,BS000017,BS000014,126,15,15,126,1
PG001945,P002407,735.176,1697.08,BS000013,BS000020,97,9,9,97,1
PG001948,P002419,735.176,1697.08,BS000013,BS000020,97,9,9,97,1
PG001946,P002408,770.494,1736.63,BS000019,BS000014,98,9,9,98,1
PG001947,P002412,770.494,1736.63,BS000019,BS000014,98,9,9,98,1
PG001949,P002420,770.494,1736.63,BS000019,BS000014,98,9,9,98,1
PG001950,P002432,735.176,1234.948,BS000013,BS000170,50,8,8,50,1
PG001958,P002438,735.176,1234.948,BS000013,BS000170,50,8,8,50,1
PG001951,P002432,1474.948,2203.718,BS000171,BS000022,74,4,4,74,1
PG001959,P002438,1474.948,2203.718,BS000171,BS000022,74,4,4,74,1
PG001952,P002433,834.749,1559.295,BS000021,BS000172,73,4,4,73,1
PG001954,P002435,834.749,1559.295,BS000021,BS000172,73,4,4,73,1
PG001956,P002437,834.749,1559.295,BS000021,BS000172,73,4,4,73,1
PG001960,P002439,834.749,1559.295,BS000021,BS000172,73,4,4,73,1
PG001962,P002441,834.749,1559.295,BS000021,BS000172,73,4,4,73,1
PG001953,P002433,1799.295,2317.225,BS000173,BS000014,52,8,8,52,1
PG001955,P002435,1799.295,2317.225,BS000173,BS000014,52,8,8,52,1
PG001957,P002437,1799.295,2317.225,BS000173,BS000014,52,8,8,52,1
PG001961,P002439,1799.295,2317.225,BS000173,BS000014,52,8,8,52,1
PG001963,P002441,1799.295,2317.225,BS000173,BS000014,52,8,8,52,1
PG001965,P002442,1859.295,2377.225,BS000173,BS000014,52,8,8,52,1
PG001964,P002442,864.749,1619.295,BS000021,BS000172,76,4,4,76,1
PG001966,P002452,735.176,1224.8,BS000013,BS000174,49,8,8,49,1
PG001967,P002452,1584.8,2179.758,BS000175,BS000024,60,13,13,60,1
PG001968,P002458,782.646,1192.944,BS000015,BS000176,41,12,12,41,1
PG001969,P002459,1338.935,1739.946,BS000177,BS000016,40,12,12,40,1
PG001970,P002461,1338.935,1739.946,BS000177,BS000016,40,12,12,40,1
PG001971,P002463,1338.935,1739.946,BS000177,BS000016,40,12,12,40,1
PG001972,P002467,1338.935,1739.946,BS000177,BS000016,40,12,12,40,1
PG001973,P002482,782.646,2037.375,BS000015,BS000018,128,15,15,128,1
PG001974,P002486,782.646,2037.375,BS000015,BS000018,128,15,15,128,1
PG001976,P002488,782.646,2037.375,BS000015,BS000018,128,15,15,128,1
PG001975,P002487,775.2,2026.775,BS000017,BS000016,127,15,15,127,1
PG001977,P002506,782.646,1577.341,BS000015,BS000020,82,9,9,82,1
PG001979,P002508,782.646,1577.341,BS000015,BS000020,82,9,9,82,1
PG001981,P002510,782.646,1577.341,BS000015,BS000020,82,9,9,82,1
PG001983,P002512,782.646,1577.341,BS000015,BS000020,82,9,9,82,1
PG001985,P002514,782.646,1577.341,BS000015,BS000020,82,9,9,82,1
PG001987,P002516,782.646,1577.341,BS000015,BS000020,82,9,9,82,1
PG001989,P002518,782.646,1577.341,BS000015,BS000020,82,9,9,82,1
PG001991,P002520,782.646,1577.341,BS000015,BS000020,82,9,9,82,1
PG001978,P002507,770.494,1558.615,BS000019,BS000016,81,9,9,81,1
PG001980,P002509,770.494,1558.615,BS000019,BS000016,81,9,9,81,1
PG001982,P002511,770.494,1558.615,BS000019,BS000016,81,9,9,81,1
PG001984,P002513,770.494,1558.615,BS000019,BS000016,81,9,9,81,1
PG001986,P002515,770.494,1558.615,BS000019,BS000016,81,9,9,81,1
PG001988,P002517,770.494,1558.615,BS000019,BS000016,81,9,9,81,1
PG001990,P002519,770.494,1558.615,BS000019,BS000016,81,9,9,81,1
PG001992,P002521,770.494,1558.615,BS000019,BS000016,81,9,9,81,1
PG001993,P002522,812.646,1637.341,BS000015,BS000020,85,9,9,85,1
PG001995,P002524,812.646,1637.341,BS000015,BS000020,85,9,9,85,1
PG001994,P002523,800.494,1618.615,BS000019,BS000016,84,9,9,84,1
PG001996,P002525,800.494,1618.615,BS000019,BS000016,84,9,9,84,1
PG001997,P002526,812.646,1637.341,BS000015,BS000020,85,9,9,85,1
PG001999,P002528,812.646,1637.341,BS000015,BS000020,85,9,9,85,1
PG001998,P002527,800.494,1618.615,BS000019,BS000016,84,9,9,84,1
PG002000,P002529,800.494,1618.615,BS000019,BS000016,84,9,9,84,1
PG002001,P002530,782.646,1747.923,BS000015,BS000022,99,3,3,99,1
PG002003,P002532,782.646,1747.923,BS000015,BS000022,99,3,3,99,1
PG002005,P002534,782.646,1747.923,BS000015,BS000022,99,3,3,99,1
PG002007,P002536,782.646,1747.923,BS000015,BS000022,99,3,3,99,1
PG002009,P002538,782.646,1747.923,BS000015,BS000022,99,3,3,99,1
PG002011,P002540,782.646,1747.923,BS000015,BS000022,99,3,3,99,1
PG002013,P002542,782.646,1747.923,BS000015,BS000022,99,3,3,99,1
PG002015,P002544,782.646,1747.923,BS000015,BS000022,99,3,3,99,1
PG002002,P002531,834.749,1803.153,BS000021,BS000016,99,3,3,99,1
PG002004,P002533,834.749,1803.153,BS000021,BS000016,99,3,3,99,1
PG002006,P002535,834.749,1803.153,BS000021,BS000016,99,3,3,99,1
PG002008,P002537,834.749,1803.153,BS000021,BS000016,99,3,3,99,1
PG002010,P002539,834.749,1803.153,BS000021,BS000016,99,3,3,99,1
PG002012,P002541,834.749,1803.153,BS000021,BS000016,99,3,3,99,1
PG002014,P002543,834.749,1803.153,BS000021,BS000016,99,3,3,99,1
PG002016,P002545,834.749,1803.153,BS000021,BS000016,99,3,3,99,1
PG002017,P002546,812.646,1807.923,BS000015,BS000022,102,3,3,102,1
PG002019,P002548,812.646,1807.923,BS000015,BS000022,102,3,3,102,1
PG002018,P002547,864.749,1863.153,BS000021,BS000016,102,3,3,102,1
PG002020,P002549,864.749,1863.153,BS000021,BS000016,102,3,3,102,1
PG002021,P002550,812.646,1807.923,BS000015,BS000022,102,3,3,102,1
PG002023,P002552,812.646,1807.923,BS000015,BS000022,102,3,3,102,1
PG002022,P002551,864.749,1863.153,BS000021,BS000016,102,3,3,102,1
PG002024,P002553,864.749,1863.153,BS000021,BS000016,102,3,3,102,1
PG002025,P002554,1163.404,1233.404,BS000178,BS000179,6,2,2,6,1
PG002028,P002557,1163.404,1233.404,BS000178,BS000179,6,2,2,6,1
PG002037,P002565,1163.404,1233.404,BS000178,BS000179,6,2,2,6,1
PG002026,P002554,1243.404,1273.404,BS000180,BS000181,2,2,2,2,1
PG002029,P002557,1243.404,1273.404,BS000180,BS000181,2,2,2,2,1
PG002038,P002565,1243.404,1273.404,BS000180,BS000181,2,2,2,2,1
PG002027,P002554,1313.404,2078.948,BS000182,BS000018,77,15,15,77,1
PG002030,P002557,1313.404,2078.948,BS000182,BS000018,77,15,15,77,1
PG002039,P002565,1313.404,2078.948,BS000182,BS000018,77,15,15,77,1
PG002031,P002558,775.2,1552.021,BS000017,BS000183,78,15,15,78,1
PG002034,P002564,775.2,1552.021,BS000017,BS000183,78,15,15,78,1
PG002032,P002558,1592.021,1622.021,BS000184,BS000185,2,2,2,2,1
PG002035,P002564,1592.021,1622.021,BS000184,BS000185,2,2,2,2,1
PG002033,P002558,1622.021,1692.021,BS000185,BS000186,6,2,2,6,1
PG002036,P002564,1622.021,1692.021,BS000185,BS000186,6,2,2,6,1
PG002040,P002576,1259.375,1641.256,BS000187,BS000020,39,5,5,39,1
PG002041,P002580,1259.375,1641.256,BS000187,BS000020,39,5,5,39,1
PG002044,P002586,1259.375,1641.256,BS000187,BS000020,39,5,5,39,1
PG002045,P002588,1259.375,1641.256,BS000187,BS000020,39,5,5,39,1
PG002042,P002581,770.494,1142.432,BS000019,BS000188,37,5,5,37,1
PG002043,P002581,1142.432,1162.432,BS000188,BS000189,1,2,2,1,1
PG002046,P002600,1449.443,2090.379,BS000190,BS000022,65,4,4,65,1
PG002048,P002604,1449.443,2090.379,BS000190,BS000022,65,4,4,65,1
PG002051,P002612,1449.443,2090.379,BS000190,BS000022,65,4,4,65,1
PG002047,P002601,834.749,1471.226,BS000021,BS000191,64,4,4,64,1
PG002049,P002605,834.749,1471.226,BS000021,BS000191,64,4,4,64,1
PG002050,P002611,834.749,1471.226,BS000021,BS000191,64,4,4,64,1
PG002052,P002613,834.749,1471.226,BS000021,BS000191,64,4,4,64,1
PG002053,P002624,1089.498,1716.104,BS000192,BS000024,63,15,15,63,1
PG002055,P002626,1089.498,1716.104,BS000192,BS000024,63,15,15,63,1
PG002057,P002628,1089.498,1716.104,BS000192,BS000024,63,15,15,63,1
PG002059,P002630,1089.498,1716.104,BS000192,BS000024,63,15,15,63,1
PG002061,P002632,1089.498,1716.104,BS000192,BS000024,63,15,15,63,1
PG002063,P002634,1089.498,1716.104,BS000192,BS000024,63,15,15,63,1
PG002065,P002636,1089.498,1716.104,BS000192,BS000024,63,15,15,63,1
PG002067,P002638,1089.498,1716.104,BS000192,BS000024,63,15,15,63,1
PG002073,P002644,1149.498,1776.104,BS000192,BS000024,63,15,15,63,1
PG002075,P002646,1149.498,1776.104,BS000192,BS000024,63,15,15,63,1
PG002054,P002625,828.033,1456.622,BS000023,BS000193,63,15,15,63,1
PG002056,P002627,828.033,1456.622,BS000023,BS000193,63,15,15,63,1
PG002058,P002629,828.033,1456.622,BS000023,BS000193,63,15,15,63,1
PG002060,P002631,828.033,1456.622,BS000023,BS000193,63,15,15,63,1
PG002062,P002633,828.033,1456.622,BS000023,BS000193,63,15,15,63,1
PG002064,P002635,828.033,1456.622,BS000023,BS000193,63,15,15,63,1
PG002066,P002637,828.033,1456.622,BS000023,BS000193,63,15,15,63,1
PG002068,P002639,828.033,1456.622,BS000023,BS000193,63,15,15,63,1
PG002074,P002645,858.033,1486.622,BS000023,BS000193,63,15,15,63,1
PG002076,P002647,858.033,1486.622,BS000023,BS000193,63,15,15,63,1
PG002069,P002640,1119.498,1776.104,BS000192,BS000024,66,15,15,66,1
PG002071,P002642,1119.498,1776.104,BS000192,BS000024,66,15,15,66,1
PG002070,P002641,858.033,1516.622,BS000023,BS000193,66,15,15,66,1
PG002072,P002643,858.033,1516.622,BS000023,BS000193,66,15,15,66,1
PG002077,P002648,775.2,1905.799,BS000017,BS000020,115,15,15,115,1
PG002079,P002650,775.2,1905.799,BS000017,BS000020,115,15,15,115,1
PG002081,P002652,775.2,1905.799,BS000017,BS000020,115,15,15,115,1
PG002083,P002654,775.2,1905.799,BS000017,BS000020,115,15,15,115,1
PG002085,P002656,775.2,1905.799,BS000017,BS000020,115,15,15,115,1
PG002087,P002658,775.2,1905.799,BS000017,BS000020,115,15,15,115,1
PG002089,P002660,775.2,1905.799,BS000017,BS000020,115,15,15,115,1
PG002091,P002662,775.2,1905.799,BS000017,BS000020,115,15,15,115,1
PG002078,P002649,770.494,1897.673,BS000019,BS000018,114,15,15,114,1
PG002080,P002651,770.494,1897.673,BS000019,BS000018,114,15,15,114,1
PG002082,P002653,770.494,1897.673,BS000019,BS000018,114,15,15,114,1
PG002084,P002655,770.494,1897.673,BS000019,BS000018,114,15,15,114,1
PG002086,P002657,770.494,1897.673,BS000019,BS000018,114,15,15,114,1
PG002088,P002659,770.494,1897.673,BS000019,BS000018,114,15,15,114,1
PG002090,P002661,770.494,1897.673,BS000019,BS000018,114,15,15,114,1
PG002092,P002663,770.494,1897.673,BS000019,BS000018,114,15,15,114,1
PG002093,P002664,805.2,1965.799,BS000017,BS000020,118,15,15,118,1
PG002095,P002666,805.2,1965.799,BS000017,BS000020,118,15,15,118,1
PG002094,P002665,800.494,1957.673,BS000019,BS000018,117,15,15,117,1
PG002096,P002667,800.494,1957.673,BS000019,BS000018,117,15,15,117,1
PG002097,P002668,805.2,1965.799,BS000017,BS000020,118,15,15,118,1
PG002099,P002670,805.2,1965.799,BS000017,BS000020,118,15,15,118,1
PG002098,P002669,800.494,1957.673,BS000019,BS000018,117,15,15,117,1
PG002100,P002671,800.494,1957.673,BS000019,BS000018,117,15,15,117,1
PG002101,P002680,834.749,1552.791,BS000021,BS000194,73,5,5,73,1
PG002102,P002680,1574.23,1912.682,BS000195,BS000020,34,5,5,34,1
PG002106,P002692,1634.23,1972.682,BS000195,BS000020,34,5,5,34,1
PG002110,P002694,1634.23,1972.682,BS000195,BS000020,34,5,5,34,1
PG002103,P002691,800.494,1143.545,BS000019,BS000196,34,5,5,34,1
PG002107,P002693,800.494,1143.545,BS000019,BS000196,34,5,5,34,1
PG002104,P002691,1154.065,1898.725,BS000197,BS000022,76,5,5,76,1
PG002108,P002693,1154.065,1898.725,BS000197,BS000022,76,5,5,76,1
PG002105,P002692,864.749,1612.791,BS000021,BS000194,76,5,5,76,1
PG002109,P002694,864.749,1612.791,BS000021,BS000194,76,5,5,76,1
PG002111,P002733,650.418,1371.702,BS000198,BS000002,72,15,15,72,1
PG002113,P002735,650.418,1371.702,BS000198,BS000002,72,15,15,72,1
PG002115,P002737,650.418,1371.702,BS000198,BS000002,72,15,15,72,1
PG002118,P002740,650.418,1371.702,BS000198,BS000002,72,15,15,72,1
PG002123,P002745,650.418,1371.702,BS000198,BS000002,72,15,15,72,1
PG002112,P002734,680.418,1431.702,BS000198,BS000002,75,15,15,75,1
PG002114,P002736,680.418,1431.702,BS000198,BS000002,75,15,15,75,1
PG002116,P002738,680.418,1431.702,BS000198,BS000002,75,15,15,75,1
PG002117,P002739,680.418,1431.702,BS000198,BS000002,75,15,15,75,1
PG002119,P002741,680.418,1431.702,BS000198,BS000002,75,15,15,75,1
PG002120,P002742,680.418,1431.702,BS000198,BS000002,75,15,15,75,1
PG002121,P002743,680.418,1431.702,BS000198,BS000002,75,15,15,75,1
PG002122,P002744,680.418,1431.702,BS000198,BS000002,75,15,15,75,1
PG002124,P002746,680.418,1431.702,BS000198,BS000002,75,15,15,75,1
PG002125,P002747,680.418,1431.702,BS000198,BS000002,75,15,15,75,1
PG002126,P002748,680.418,1431.702,BS000198,BS000002,75,15,15,75,1
PG002127,P002749,680.418,1431.702,BS000198,BS000002,75,15,15,75,1
PG002128,P002750,710.418,1491.702,BS000198,BS000002,78,15,15,78,1
PG002129,P002751,710.418,1491.702,BS000198,BS000002,78,15,15,78,1
PG002130,P002752,710.418,1491.702,BS000198,BS000002,78,15,15,78,1
PG002131,P002753,734.701,1532.529,BS000199,BS000200,80,10,10,80,1
PG002133,P002755,734.701,1532.529,BS000199,BS000200,80,10,10,80,1
PG002135,P002757,734.701,1532.529,BS000199,BS000200,80,10,10,80,1
PG002138,P002760,734.701,1532.529,BS000199,BS000200,80,10,10,80,1
PG002143,P002765,734.701,1532.529,BS000199,BS000200,80,10,10,80,1
PG002132,P002754,764.701,1592.529,BS000199,BS000200,83,10,10,83,1
PG002134,P002756,764.701,1592.529,BS000199,BS000200,83,10,10,83,1
PG002136,P002758,764.701,1592.529,BS000199,BS000200,83,10,10,83,1
PG002137,P002759,764.701,1592.529,BS000199,BS000200,83,10,10,83,1
PG002139,P002761,764.701,1592.529,BS000199,BS000200,83,10,10,83,1
PG002140,P002762,764.701,1592.529,BS000199,BS000200,83,10,10,83,1
PG002141,P002763,764.701,1592.529,BS000199,BS000200,83,10,10,83,1
PG002142,P002764,764.701,1592.529,BS000199,BS000200,83,10,10,83,1
PG002144,P002766,764.701,1592.529,BS000199,BS000200,83,10,10,83,1
PG002145,P002767,764.701,1592.529,BS000199,BS000200,83,10,10,83,1
PG002146,P002768,764.701,1592.529,BS000199,BS000200,83,10,10,83,1
PG002147,P002769,764.701,1592.529,BS000199,BS000200,83,10,10,83,1
PG002148,P002770,794.701,1652.529,BS000199,BS000200,86,10,10,86,1
PG002149,P002771,794.701,1652.529,BS000199,BS000200,86,10,10,86,1
PG002150,P002772,794.701,1652.529,BS000199,BS000200,86,10,10,86,1
PG002151,P002773,760.18,1421.179,BS000201,BS000202,66,14,14,66,1
PG002153,P002775,760.18,1421.179,BS000201,BS000202,66,14,14,66,1
PG002155,P002777,760.18,1421.179,BS000201,BS000202,66,14,14,66,1
PG002158,P002780,760.18,1421.179,BS000201,BS000202,66,14,14,66,1
PG002162,P002784,760.18,1421.179,BS000201,BS000202,66,14,14,66,1
PG002152,P002774,790.18,1481.179,BS000201,BS000202,69,14,14,69,1
PG002154,P002776,790.18,1481.179,BS000201,BS000202,69,14,14,69,1
PG002156,P002778,790.18,1481.179,BS000201,BS000202,69,14,14,69,1
PG002157,P002779,790.18,1481.179,BS000201,BS000202,69,14,14,69,1
PG002159,P002781,790.18,1481.179,BS000201,BS000202,69,14,14,69,1
PG002160,P002782,790.18,1481.179,BS000201,BS000202,69,14,14,69,1
PG002161,P002783,790.18,1481.179,BS000201,BS000202,69,14,14,69,1
PG002163,P002785,790.18,1481.179,BS000201,BS000202,69,14,14,69,1
PG002164,P002786,790.18,1481.179,BS000201,BS000202,69,14,14,69,1
PG002165,P002787,790.18,1481.179,BS000201,BS000202,69,14,14,69,1
PG002166,P002788,790.18,1481.179,BS000201,BS000202,69,14,14,69,1
PG002167,P002789,820.18,1541.179,BS000201,BS000202,72,14,14,72,1
PG002168,P002790,820.18,1541.179,BS000201,BS000202,72,14,14,72,1
PG002169,P002791,706.237,1076.072,BS000203,BS000204,38,8,8,38,1
PG002171,P002793,706.237,1076.072,BS000203,BS000204,38,8,8,38,1
PG002173,P002795,706.237,1076.072,BS000203,BS000204,38,8,8,38,1
PG002176,P002798,706.237,1076.072,BS000203,BS000204,38,8,8,38,1
PG002180,P002802,706.237,1076.072,BS000203,BS000204,38,8,8,38,1
PG002170,P002792,736.237,1136.072,BS000203,BS000204,41,8,8,41,1
PG002172,P002794,736.237,1136.072,BS000203,BS000204,41,8,8,41,1
PG002174,P002796,736.237,1136.072,BS000203,BS000204,41,8,8,41,1
PG002175,P002797,736.237,1136.072,BS000203,BS000204,41,8,8,41,1
PG002177,P002799,736.237,1136.072,BS000203,BS000204,41,8,8,41,1
PG002178,P002800,736.237,1136.072,BS000203,BS000204,41,8,8,41,1
PG002179,P002801,736.237,1136.072,BS000203,BS000204,41,8,8,41,1
PG002181,P002803,736.237,1136.072,BS000203,BS000204,41,8,8,41,1
PG002182,P002804,736.237,1136.072,BS000203,BS000204,41,8,8,41,1
PG002183,P002805,736.237,1136.072,BS000203,BS000204,41,8,8,41,1
PG002184,P002806,736.237,1136.072,BS000203,BS000204,41,8,8,41,1
PG002185,P002807,766.237,1196.072,BS000203,BS000204,44,8,8,44,1
PG002186,P002808,766.237,1196.072,BS000203,BS000204,44,8,8,44,1
PG002187,P002827,718.091,1100.226,BS000205,BS000010,39,8,8,39,1
PG002188,P002828,718.091,1100.226,BS000205,BS000010,39,8,8,39,1
PG002190,P002830,718.091,1100.226,BS000205,BS000010,39,8,8,39,1
PG002193,P002833,718.091,1100.226,BS000205,BS000010,39,8,8,39,1
PG002197,P002837,718.091,1100.226,BS000205,BS000010,39,8,8,39,1
PG002189,P002829,748.091,1160.226,BS000205,BS000010,42,8,8,42,1
PG002191,P002831,748.091,1160.226,BS000205,BS000010,42,8,8,42,1
PG002192,P002832,748.091,1160.226,BS000205,BS000010,42,8,8,42,1
PG002194,P002834,748.091,1160.226,BS000205,BS000010,42,8,8,42,1
PG002195,P002835,748.091,1160.226,BS000205,BS000010,42,8,8,42,1
PG002196,P002836,748.091,1160.226,BS000205,BS000010,42,8,8,42,1
PG002198,P002838,748.091,1160.226,BS000205,BS000010,42,8,8,42,1
PG002199,P002839,748.091,1160.226,BS000205,BS000010,42,8,8,42,1
PG002200,P002840,748.091,1160.226,BS000205,BS000010,42,8,8,42,1
PG002201,P002841,748.091,1160.226,BS000205,BS000010,42,8,8,42,1
PG002202,P002842,778.091,1220.226,BS000205,BS000010,45,8,8,45,1
PG002203,P002843,778.091,1220.226,BS000205,BS000010,45,8,8,45,1
PG002204,P002844,691.736,1447.174,BS000206,BS000012,77,15,15,77,1
PG002205,P002845,691.736,1447.174,BS000206,BS000012,77,15,15,77,1
PG002207,P002847,691.736,1447.174,BS000206,BS000012,77,15,15,77,1
PG002210,P002850,691.736,1447.174,BS000206,BS000012,77,15,15,77,1
PG002214,P002854,691.736,1447.174,BS000206,BS000012,77,15,15,77,1
PG002206,P002846,721.736,1507.174,BS000206,BS000012,80,15,15,80,1
PG002208,P002848,721.736,1507.174,BS000206,BS000012,80,15,15,80,1
PG002209,P002849,721.736,1507.174,BS000206,BS000012,80,15,15,80,1
PG002211,P002851,721.736,1507.174,BS000206,BS000012,80,15,15,80,1
PG002212,P002852,721.736,1507.174,BS000206,BS000012,80,15,15,80,1
PG002213,P002853,721.736,1507.174,BS000206,BS000012,80,15,15,80,1
PG002215,P002855,721.736,1507.174,BS000206,BS000012,80,15,15,80,1
PG002216,P002856,721.736,1507.174,BS000206,BS000012,80,15,15,80,1
PG002217,P002857,721.736,1507.174,BS000206,BS000012,80,15,15,80,1
PG002218,P002858,721.736,1507.174,BS000206,BS000012,80,15,15,80,1
PG002219,P002859,751.736,1567.174,BS000206,BS000012,83,15,15,83,1
PG002220,P002860,751.736,1567.174,BS000206,BS000012,83,15,15,83,1
PG002221,P002861,645.176,1113.056,BS000207,BS000014,48,8,8,48,1
PG002222,P002862,645.176,1113.056,BS000207,BS000014,48,8,8,48,1
PG002224,P002864,645.176,1113.056,BS000207,BS000014,48,8,8,48,1
PG002223,P002863,675.176,1173.056,BS000207,BS000014,51,8,8,51,1
PG002225,P002865,675.176,1173.056,BS000207,BS000014,51,8,8,51,1
PG002226,P002866,675.176,1173.056,BS000207,BS000014,51,8,8,51,1
PG002227,P002867,705.176,1233.056,BS000207,BS000014,54,8,8,54,1
PG002228,P002868,692.646,1052.835,BS000208,BS000209,36,12,12,36,1
PG002229,P002869,692.646,1052.835,BS000208,BS000209,36,12,12,36,1
PG002231,P002871,692.646,1052.835,BS000208,BS000209,36,12,12,36,1
PG002230,P002870,722.646,1112.835,BS000208,BS000209,39,12,12,39,1
PG002232,P002872,722.646,1112.835,BS000208,BS000209,39,12,12,39,1
PG002233,P002873,722.646,1112.835,BS000208,BS000209,39,12,12,39,1
PG002234,P002874,752.646,1172.835,BS000208,BS000209,42,12,12,42,1
PG002235,P002882,685.2,1436.33,BS000210,BS000211,76,15,15,76,1
PG002236,P002883,685.2,1436.33,BS000210,BS000211,76,15,15,76,1
PG002238,P002885,685.2,1436.33,BS000210,BS000211,76,15,15,76,1
PG002237,P002884,715.2,1496.33,BS000210,BS000211,79,15,15,79,1
PG002239,P002886,715.2,1496.33,BS000210,BS000211,79,15,15,79,1
PG002240,P002887,715.2,1496.33,BS000210,BS000211,79,15,15,79,1
PG002241,P002888,745.2,1556.33,BS000210,BS000211,82,15,15,82,1
PG002242,P002889,680.494,1028.561,BS000212,BS000213,35,5,5,35,1
PG002243,P002890,680.494,1028.561,BS000212,BS000213,35,5,5,35,1
PG002245,P002892,680.494,1028.561,BS000212,BS000213,35,5,5,35,1
PG002244,P002891,710.494,1088.561,BS000212,BS000213,38,5,5,38,1
PG002246,P002893,710.494,1088.561,BS000212,BS000213,38,5,5,38,1
PG002247,P002894,710.494,1088.561,BS000212,BS000213,38,5,5,38,1
PG002248,P002895,740.494,1148.561,BS000212,BS000213,41,5,5,41,1
PG002249,P002896,744.749,1302.171,BS000214,BS000215,57,3,3,57,1
PG002250,P002897,744.749,1302.171,BS000214,BS000215,57,3,3,57,1
PG002252,P002899,744.749,1302.171,BS000214,BS000215,57,3,3,57,1
PG002251,P002898,774.749,1362.171,BS000214,BS000215,60,3,3,60,1
PG002253,P002900,774.749,1362.171,BS000214,BS000215,60,3,3,60,1
PG002254,P002901,774.749,1362.171,BS000214,BS000215,60,3,3,60,1
PG002255,P002902,804.749,1422.171,BS000214,BS000215,63,3,3,63,1
PG002256,P002903,738.033,1270.66,BS000216,BS000217,54,15,15,54,1
PG002257,P002904,738.033,1270.66,BS000216,BS000217,54,15,15,54,1
PG002259,P002906,738.033,1270.66,BS000216,BS000217,54,15,15,54,1
PG002258,P002905,768.033,1330.66,BS000216,BS000217,57,15,15,57,1
PG002260,P002907,768.033,1330.66,BS000216,BS000217,57,15,15,57,1
PG002261,P002908,768.033,1330.66,BS000216,BS000217,57,15,15,57,1
PG002262,P002909,798.033,1390.66,BS000216,BS000217,60,15,15,60,1
PG002263,P002910,920.05,1647.44,BS000218,BS000002,73,15,15,73,1
PG002265,P002912,920.05,1647.44,BS000218,BS000002,73,15,15,73,1
PG002267,P002914,920.05,1647.44,BS000218,BS000002,73,15,15,73,1
PG002272,P002922,920.05,1647.44,BS000218,BS000002,73,15,15,73,1
PG002274,P002924,920.05,1647.44,BS000218,BS000002,73,15,15,73,1
PG002276,P002926,920.05,1647.44,BS000218,BS000002,73,15,15,73,1
PG002278,P002928,920.05,1647.44,BS000218,BS000002,73,15,15,73,1
PG002281,P002934,920.05,1647.44,BS000218,BS000002,73,15,15,73,1
PG002283,P002936,920.05,1647.44,BS000218,BS000002,73,15,15,73,1
PG002285,P002938,920.05,1647.44,BS000218,BS000002,73,15,15,73,1
PG002287,P002940,920.05,1647.44,BS000218,BS000002,73,15,15,73,1
PG002288,P002942,920.05,1647.44,BS000218,BS000002,73,15,15,73,1
PG002299,P002960,980.05,1707.44,BS000218,BS000002,73,15,15,73,1
PG002301,P002962,980.05,1707.44,BS000218,BS000002,73,15,15,73,1
PG002303,P002964,980.05,1707.44,BS000218,BS000002,73,15,15,73,1
PG002305,P002966,920.05,1647.44,BS000218,BS000002,73,15,15,73,1
PG002307,P002968,920.05,1647.44,BS000218,BS000002,73,15,15,73,1
PG002309,P002970,920.05,1647.44,BS000218,BS000002,73,15,15,73,1
PG002310,P002972,920.05,1647.44,BS000218,BS000002,73,15,15,73,1
PG002317,P002980,920.05,1647.44,BS000218,BS000002,73,15,15,73,1
PG002324,P002990,980.05,1707.44,BS000218,BS000002,73,15,15,73,1
PG002326,P002994,980.05,1707.44,BS000218,BS000002,73,15,15,73,1
PG002328,P003000,980.05,1707.44,BS000218,BS000002,73,15,15,73,1
PG002330,P003002,980.05,1707.44,BS000218,BS000002,73,15,15,73,1
PG002332,P003004,980.05,1707.44,BS000218,BS000002,73,15,15,73,1
PG002334,P003008,920.05,1647.44,BS000218,BS000002,73,15,15,73,1
PG002336,P003010,920.05,1647.44,BS000218,BS000002,73,15,15,73,1
PG002338,P003012,920.05,1647.44,BS000218,BS000002,73,15,15,73,1
PG002339,P003014,920.05,1647.44,BS000218,BS000002,73,15,15,73,1
PG002346,P003022,920.05,1647.44,BS000218,BS000002,73,15,15,73,1
PG002352,P003032,980.05,1707.44,BS000218,BS000002,73,15,15,73,1
PG002354,P003042,980.05,1707.44,BS000218,BS000002,73,15,15,73,1
PG002355,P003044,980.05,1707.44,BS000218,BS000002,73,15,15,73,1
PG002356,P003046,980.05,1707.44,BS000218,BS000002,73,15,15,73,1
PG002357,P003050,980.05,1707.44,BS000218,BS000002,73,15,15,73,1
PG002358,P003052,980.05,1707.44,BS000218,BS000002,73,15,15,73,1
PG002359,P003054,980.05,1707.44,BS000218,BS000002,73,15,15,73,1
PG002361,P003056,980.05,1707.44,BS000218,BS000002,73,15,15,73,1
PG002362,P003058,980.05,1707.44,BS000218,BS000002,73,15,15,73,1
PG002371,P003068,1040.05,1767.44,BS000218,BS000002,73,15,15,73,1
PG002373,P003070,1040.05,1767.44,BS000218,BS000002,73,15,15,73,1
PG002375,P003072,1040.05,1767.44,BS000218,BS000002,73,15,15,73,1
PG002377,P003074,1040.05,1767.44,BS000218,BS000002,73,15,15,73,1
PG002264,P002911,680.418,1401.799,BS000198,BS000026,72,15,15,72,1
PG002266,P002913,680.418,1401.799,BS000198,BS000026,72,15,15,72,1
PG002268,P002915,680.418,1401.799,BS000198,BS000026,72,15,15,72,1
PG002269,P002919,680.418,1401.799,BS000198,BS000026,72,15,15,72,1
PG002273,P002923,680.418,1401.799,BS000198,BS000026,72,15,15,72,1
PG002275,P002925,680.418,1401.799,BS000198,BS000026,72,15,15,72,1
PG002277,P002927,680.418,1401.799,BS000198,BS000026,72,15,15,72,1
PG002282,P002935,680.418,1401.799,BS000198,BS000026,72,15,15,72,1
PG002284,P002937,680.418,1401.799,BS000198,BS000026,72,15,15,72,1
PG002286,P002939,680.418,1401.799,BS000198,BS000026,72,15,15,72,1
PG002289,P002943,680.418,1401.799,BS000198,BS000026,72,15,15,72,1
PG002290,P002945,680.418,1401.799,BS000198,BS000026,72,15,15,72,1
PG002291,P002947,680.418,1401.799,BS000198,BS000026,72,15,15,72,1
PG002292,P002953,680.418,1401.799,BS000198,BS000026,72,15,15,72,1
PG002300,P002961,710.418,1431.799,BS000198,BS000026,72,15,15,72,1
PG002302,P002963,710.418,1431.799,BS000198,BS000026,72,15,15,72,1
PG002304,P002965,710.418,1431.799,BS000198,BS000026,72,15,15,72,1
PG002306,P002967,680.418,1401.799,BS000198,BS000026,72,15,15,72,1
PG002308,P002969,680.418,1401.799,BS000198,BS000026,72,15,15,72,1
PG002318,P002981,680.418,1401.799,BS000198,BS000026,72,15,15,72,1
PG002325,P002991,710.418,1431.799,BS000198,BS000026,72,15,15,72,1
PG002327,P002995,710.418,1431.799,BS000198,BS000026,72,15,15,72,1
PG002329,P003001,710.418,1431.799,BS000198,BS000026,72,15,15,72,1
PG002331,P003003,710.418,1431.799,BS000198,BS000026,72,15,15,72,1
PG002333,P003005,710.418,1431.799,BS000198,BS000026,72,15,15,72,1
PG002335,P003009,680.418,1401.799,BS000198,BS000026,72,15,15,72,1
PG002337,P003011,680.418,1401.799,BS000198,BS000026,72,15,15,72,1
PG002353,P003033,710.418,1431.799,BS000198,BS000026,72,15,15,72,1
PG002360,P003055,710.418,1431.799,BS000198,BS000026,72,15,15,72,1
PG002372,P003069,740.418,1461.799,BS000198,BS000026,72,15,15,72,1
PG002374,P003071,740.418,1461.799,BS000198,BS000026,72,15,15,72,1
PG002376,P003073,740.418,1461.799,BS000198,BS000026,72,15,15,72,1
PG002378,P003075,740.418,1461.799,BS000198,BS000026,72,15,15,72,1
PG002270,P002920,950.05,1707.44,BS000218,BS000002,76,15,15,76,1
PG002279,P002932,950.05,1707.44,BS000218,BS000002,76,15,15,76,1
PG002293,P002954,950.05,1707.44,BS000218,BS000002,76,15,15,76,1
PG002295,P002956,950.05,1707.44,BS000218,BS000002,76,15,15,76,1
PG002297,P002958,950.05,1707.44,BS000218,BS000002,76,15,15,76,1
PG002311,P002974,950.05,1707.44,BS000218,BS000002,76,15,15,76,1
PG002313,P002976,950.05,1707.44,BS000218,BS000002,76,15,15,76,1
PG002315,P002978,950.05,1707.44,BS000218,BS000002,76,15,15,76,1
PG002319,P002982,950.05,1707.44,BS000218,BS000002,76,15,15,76,1
PG002320,P002984,950.05,1707.44,BS000218,BS000002,76,15,15,76,1
PG002321,P002986,950.05,1707.44,BS000218,BS000002,76,15,15,76,1
PG002323,P002988,950.05,1707.44,BS000218,BS000002,76,15,15,76,1
PG002340,P003016,950.05,1707.44,BS000218,BS000002,76,15,15,76,1
PG002342,P003018,950.05,1707.44,BS000218,BS000002,76,15,15,76,1
PG002344,P003020,950.05,1707.44,BS000218,BS000002,76,15,15,76,1
PG002347,P003024,950.05,1707.44,BS000218,BS000002,76,15,15,76,1
PG002348,P003026,950.05,1707.44,BS000218,BS000002,76,15,15,76,1
PG002349,P003028,950.05,1707.44,BS000218,BS000002,76,15,15,76,1
PG002351,P003030,950.05,1707.44,BS000218,BS000002,76,15,15,76,1
PG002363,P003060,1010.05,1767.44,BS000218,BS000002,76,15,15,76,1
PG002365,P003062,1010.05,1767.44,BS000218,BS000002,76,15,15,76,1
PG002367,P003064,1010.05,1767.44,BS000218,BS000002,76,15,15,76,1
PG002369,P003066,1010.05,1767.44,BS000218,BS000002,76,15,15,76,1
PG002271,P002921,710.418,1461.799,BS000198,BS000026,75,15,15,75,1
PG002280,P002933,710.418,1461.799,BS000198,BS000026,75,15,15,75,1
PG002294,P002955,710.418,1461.799,BS000198,BS000026,75,15,15,75,1
PG002296,P002957,710.418,1461.799,BS000198,BS000026,75,15,15,75,1
PG002298,P002959,710.418,1461.799,BS000198,BS000026,75,15,15,75,1
PG002312,P002975,710.418,1461.799,BS000198,BS000026,75,15,15,75,1
PG002314,P002977,710.418,1461.799,BS000198,BS000026,75,15,15,75,1
PG002316,P002979,710.418,1461.799,BS000198,BS000026,75,15,15,75,1
PG002322,P002987,710.418,1461.799,BS000198,BS000026,75,15,15,75,1
PG002341,P003017,710.418,1461.799,BS000198,BS000026,75,15,15,75,1
PG002343,P003019,710.418,1461.799,BS000198,BS000026,75,15,15,75,1
PG002345,P003021,710.418,1461.799,BS000198,BS000026,75,15,15,75,1
PG002350,P003029,710.418,1461.799,BS000198,BS000026,75,15,15,75,1
PG002364,P003061,740.418,1491.799,BS000198,BS000026,75,15,15,75,1
PG002366,P003063,740.418,1491.799,BS000198,BS000026,75,15,15,75,1
PG002368,P003065,740.418,1491.799,BS000198,BS000026,75,15,15,75,1
PG002370,P003067,740.418,1491.799,BS000198,BS000026,75,15,15,75,1
PG002379,P003076,1192.283,2033.473,BS000027,BS000200,84,9,9,84,1
PG002382,P003081,1192.283,2033.473,BS000027,BS000200,84,9,9,84,1
PG002383,P003082,1192.283,2033.473,BS000027,BS000200,84,9,9,84,1
PG002384,P003083,1192.283,2033.473,BS000027,BS000200,84,9,9,84,1
PG002386,P003086,1192.283,2033.473,BS000027,BS000200,84,9,9,84,1
PG002388,P003088,1192.283,2033.473,BS000027,BS000200,84,9,9,84,1
PG002390,P003090,1192.283,2033.473,BS000027,BS000200,84,9,9,84,1
PG002396,P003106,1252.283,2093.473,BS000027,BS000200,84,9,9,84,1
PG002397,P003107,1252.283,2093.473,BS000027,BS000200,84,9,9,84,1
PG002398,P003108,1252.283,2093.473,BS000027,BS000200,84,9,9,84,1
PG002399,P003109,1192.283,2033.473,BS000027,BS000200,84,9,9,84,1
PG002400,P003111,1192.283,2033.473,BS000027,BS000200,84,9,9,84,1
PG002401,P003113,1192.283,2033.473,BS000027,BS000200,84,9,9,84,1
PG002402,P003115,1192.283,2033.473,BS000027,BS000200,84,9,9,84,1
PG002411,P003129,1252.283,2093.473,BS000027,BS000200,84,9,9,84,1
PG002412,P003131,1252.283,2093.473,BS000027,BS000200,84,9,9,84,1
PG002413,P003135,1252.283,2093.473,BS000027,BS000200,84,9,9,84,1
PG002414,P003136,1252.283,2093.473,BS000027,BS000200,84,9,9,84,1
PG002415,P003137,1252.283,2093.473,BS000027,BS000200,84,9,9,84,1
PG002417,P003141,1192.283,2033.473,BS000027,BS000200,84,9,9,84,1
PG002418,P003143,1192.283,2033.473,BS000027,BS000200,84,9,9,84,1
PG002419,P003145,1192.283,2033.473,BS000027,BS000200,84,9,9,84,1
PG002420,P003147,1192.283,2033.473,BS000027,BS000200,84,9,9,84,1
PG002429,P003161,1252.283,2093.473,BS000027,BS000200,84,9,9,84,1
PG002430,P003163,1252.283,2093.473,BS000027,BS000200,84,9,9,84,1
PG002431,P003167,1252.283,2093.473,BS000027,BS000200,84,9,9,84,1
PG002432,P003168,1252.283,2093.473,BS000027,BS000200,84,9,9,84,1
PG002433,P003173,1252.283,2093.473,BS000027,BS000200,84,9,9,84,1
PG002434,P003175,1252.283,2093.473,BS000027,BS000200,84,9,9,84,1
PG002435,P003177,1252.283,2093.473,BS000027,BS000200,84,9,9,84,1
PG002441,P003187,1312.283,2153.473,BS000027,BS000200,84,9,9,84,1
PG002442,P003188,1312.283,2153.473,BS000027,BS000200,84,9,9,84,1
PG002443,P003189,1312.283,2153.473,BS000027,BS000200,84,9,9,84,1
PG002445,P003191,1312.283,2153.473,BS000027,BS000200,84,9,9,84,1
PG002380,P003079,764.701,1600.576,BS000199,BS000219,84,9,9,84,1
PG002387,P003087,764.701,1600.576,BS000199,BS000219,84,9,9,84,1
PG002389,P003089,764.701,1600.576,BS000199,BS000219,84,9,9,84,1
PG002391,P003091,764.701,1600.576,BS000199,BS000219,84,9,9,84,1
PG002392,P003095,764.701,1600.576,BS000199,BS000219,84,9,9,84,1
PG002393,P003103,764.701,1600.576,BS000199,BS000219,84,9,9,84,1
PG002416,P003138,794.701,1630.576,BS000199,BS000219,84,9,9,84,1
PG002436,P003178,794.701,1630.576,BS000199,BS000219,84,9,9,84,1
PG002444,P003190,824.701,1660.576,BS000199,BS000219,84,9,9,84,1
PG002446,P003192,824.701,1660.576,BS000199,BS000219,84,9,9,84,1
PG002381,P003080,1222.283,2093.473,BS000027,BS000200,87,9,9,87,1
PG002385,P003085,1222.283,2093.473,BS000027,BS000200,87,9,9,87,1
PG002394,P003104,1222.283,2093.473,BS000027,BS000200,87,9,9,87,1
PG002403,P003117,1222.283,2093.473,BS000027,BS000200,87,9,9,87,1
PG002405,P003121,1222.283,2093.473,BS000027,BS000200,87,9,9,87,1
PG002407,P003123,1222.283,2093.473,BS000027,BS000200,87,9,9,87,1
PG002409,P003125,1222.283,2093.473,BS000027,BS000200,87,9,9,87,1
PG002421,P003149,1222.283,2093.473,BS000027,BS000200,87,9,9,87,1
PG002423,P003153,1222.283,2093.473,BS000027,BS000200,87,9,9,87,1
PG002425,P003155,1222.283,2093.473,BS000027,BS000200,87,9,9,87,1
PG002427,P003157,1222.283,2093.473,BS000027,BS000200,87,9,9,87,1
PG002437,P003183,1282.283,2153.473,BS000027,BS000200,87,9,9,87,1
PG002439,P003185,1282.283,2153.473,BS000027,BS000200,87,9,9,87,1
PG002395,P003105,794.701,1660.576,BS000199,BS000219,87,9,9,87,1
PG002404,P003118,794.701,1660.576,BS000199,BS000219,87,9,9,87,1
PG002406,P003122,794.701,1660.576,BS000199,BS000219,87,9,9,87,1
PG002408,P003124,794.701,1660.576,BS000199,BS000219,87,9,9,87,1
PG002410,P003126,794.701,1660.576,BS000199,BS000219,87,9,9,87,1
PG002422,P003150,794.701,1660.576,BS000199,BS000219,87,9,9,87,1
PG002424,P003154,794.701,1660.576,BS000199,BS000219,87,9,9,87,1
PG002426,P003156,794.701,1660.576,BS000199,BS000219,87,9,9,87,1
PG002428,P003158,794.701,1660.576,BS000199,BS000219,87,9,9,87,1
PG002438,P003184,824.701,1690.576,BS000199,BS000219,87,9,9,87,1
PG002440,P003186,824.701,1690.576,BS000199,BS000219,87,9,9,87,1
PG002447,P003193,1063.228,1721.892,BS000029,BS000202,66,14,14,66,1
PG002448,P003194,1063.228,1721.892,BS000029,BS000202,66,14,14,66,1
PG002449,P003195,1063.228,1721.892,BS000029,BS000202,66,14,14,66,1
PG002451,P003197,1063.228,1721.892,BS000029,BS000202,66,14,14,66,1
PG002453,P003199,1063.228,1721.892,BS000029,BS000202,66,14,14,66,1
PG002457,P003203,1063.228,1721.892,BS000029,BS000202,66,14,14,66,1
PG002458,P003204,1063.228,1721.892,BS000029,BS000202,66,14,14,66,1
PG002459,P003205,1063.228,1721.892,BS000029,BS000202,66,14,14,66,1
PG002465,P003213,1063.228,1721.892,BS000029,BS000202,66,14,14,66,1
PG002467,P003215,1063.228,1721.892,BS000029,BS000202,66,14,14,66,1
PG002469,P003217,1063.228,1721.892,BS000029,BS000202,66,14,14,66,1
PG002472,P003221,1063.228,1721.892,BS000029,BS000202,66,14,14,66,1
PG002485,P003241,1123.228,1781.892,BS000029,BS000202,66,14,14,66,1
PG002487,P003243,1063.228,1721.892,BS000029,BS000202,66,14,14,66,1
PG002489,P003245,1063.228,1721.892,BS000029,BS000202,66,14,14,66,1
PG002491,P003247,1063.228,1721.892,BS000029,BS000202,66,14,14,66,1
PG002493,P003249,1063.228,1721.892,BS000029,BS000202,66,14,14,66,1
PG002499,P003255,1063.228,1721.892,BS000029,BS000202,66,14,14,66,1
PG002510,P003275,1123.228,1781.892,BS000029,BS000202,66,14,14,66,1
PG002512,P003277,1123.228,1781.892,BS000029,BS000202,66,14,14,66,1
PG002514,P003279,1123.228,1781.892,BS000029,BS000202,66,14,14,66,1
PG002516,P003283,1063.228,1721.892,BS000029,BS000202,66,14,14,66,1
PG002518,P003285,1063.228,1721.892,BS000029,BS000202,66,14,14,66,1
PG002520,P003287,1063.228,1721.892,BS000029,BS000202,66,14,14,66,1
PG002522,P003289,1063.228,1721.892,BS000029,BS000202,66,14,14,66,1
PG002525,P003295,1063.228,1721.892,BS000029,BS000202,66,14,14,66,1
PG002533,P003319,1123.228,1781.892,BS000029,BS000202,66,14,14,66,1
PG002535,P003323,1123.228,1781.892,BS000029,BS000202,66,14,14,66,1
PG002537,P003325,1123.228,1781.892,BS000029,BS000202,66,14,14,66,1
PG002539,P003327,1123.228,1781.892,BS000029,BS000202,66,14,14,66,1
PG002541,P003329,1123.228,1781.892,BS000029,BS000202,66,14,14,66,1
PG002542,P003331,1123.228,1781.892,BS000029,BS000202,66,14,14,66,1
PG002551,P003341,1183.228,1841.892,BS000029,BS000202,66,14,14,66,1
PG002553,P003343,1183.228,1841.892,BS000029,BS000202,66,14,14,66,1
PG002555,P003345,1183.228,1841.892,BS000029,BS000202,66,14,14,66,1
PG002557,P003347,1183.228,1841.892,BS000029,BS000202,66,14,14,66,1
PG002450,P003196,790.18,1444.691,BS000201,BS000220,66,14,14,66,1
PG002452,P003198,790.18,1444.691,BS000201,BS000220,66,14,14,66,1
PG002454,P003200,790.18,1444.691,BS000201,BS000220,66,14,14,66,1
PG002460,P003206,790.18,1444.691,BS000201,BS000220,66,14,14,66,1
PG002461,P003208,790.18,1444.691,BS000201,BS000220,66,14,14,66,1
PG002462,P003210,790.18,1444.691,BS000201,BS000220,66,14,14,66,1
PG002466,P003214,790.18,1444.691,BS000201,BS000220,66,14,14,66,1
PG002468,P003216,790.18,1444.691,BS000201,BS000220,66,14,14,66,1
PG002470,P003218,790.18,1444.691,BS000201,BS000220,66,14,14,66,1
PG002471,P003220,790.18,1444.691,BS000201,BS000220,66,14,14,66,1
PG002473,P003222,790.18,1444.691,BS000201,BS000220,66,14,14,66,1
PG002474,P003224,790.18,1444.691,BS000201,BS000220,66,14,14,66,1
PG002475,P003226,790.18,1444.691,BS000201,BS000220,66,14,14,66,1
PG002476,P003228,790.18,1444.691,BS000201,BS000220,66,14,14,66,1
PG002477,P003230,790.18,1444.691,BS000201,BS000220,66,14,14,66,1
PG002478,P003232,790.18,1444.691,BS000201,BS000220,66,14,14,66,1
PG002486,P003242,820.18,1474.691,BS000201,BS000220,66,14,14,66,1
PG002488,P003244,790.18,1444.691,BS000201,BS000220,66,14,14,66,1
PG002490,P003246,790.18,1444.691,BS000201,BS000220,66,14,14,66,1
PG002492,P003248,790.18,1444.691,BS000201,BS000220,66,14,14,66,1
PG002494,P003250,790.18,1444.691,BS000201,BS000220,66,14,14,66,1
PG002500,P003256,790.18,1444.691,BS000201,BS000220,66,14,14,66,1
PG002506,P003266,820.18,1474.691,BS000201,BS000220,66,14,14,66,1
PG002507,P003268,820.18,1474.691,BS000201,BS000220,66,14,14,66,1
PG002508,P003270,820.18,1474.691,BS000201,BS000220,66,14,14,66,1
PG002509,P003272,820.18,1474.691,BS000201,BS000220,66,14,14,66,1
PG002511,P003276,820.18,1474.691,BS000201,BS000220,66,14,14,66,1
PG002513,P003278,820.18,1474.691,BS000201,BS000220,66,14,14,66,1
PG002515,P003280,820.18,1474.691,BS000201,BS000220,66,14,14,66,1
PG002517,P003284,790.18,1444.691,BS000201,BS000220,66,14,14,66,1
PG002519,P003286,790.18,1444.691,BS000201,BS000220,66,14,14,66,1
PG002521,P003288,790.18,1444.691,BS000201,BS000220,66,14,14,66,1
PG002531,P003316,820.18,1474.691,BS000201,BS000220,66,14,14,66,1
PG002532,P003318,820.18,1474.691,BS000201,BS000220,66,14,14,66,1
PG002534,P003320,820.18,1474.691,BS000201,BS000220,66,14,14,66,1
PG002536,P003324,820.18,1474.691,BS000201,BS000220,66,14,14,66,1
PG002538,P003326,820.18,1474.691,BS000201,BS000220,66,14,14,66,1
PG002540,P003328,820.18,1474.691,BS000201,BS000220,66,14,14,66,1
PG002552,P003342,850.18,1504.691,BS000201,BS000220,66,14,14,66,1
PG002554,P003344,850.18,1504.691,BS000201,BS000220,66,14,14,66,1
PG002556,P003346,850.18,1504.691,BS000201,BS000220,66,14,14,66,1
PG002558,P003348,850.18,1504.691,BS000201,BS000220,66,14,14,66,1
PG002455,P003201,1093.228,1781.892,BS000029,BS000202,69,14,14,69,1
PG002463,P003211,1093.228,1781.892,BS000029,BS000202,69,14,14,69,1
PG002479,P003233,1093.228,1781.892,BS000029,BS000202,69,14,14,69,1
PG002481,P003235,1093.228,1781.892,BS000029,BS000202,69,14,14,69,1
PG002483,P003237,1093.228,1781.892,BS000029,BS000202,69,14,14,69,1
PG002495,P003251,1093.228,1781.892,BS000029,BS000202,69,14,14,69,1
PG002497,P003253,1093.228,1781.892,BS000029,BS000202,69,14,14,69,1
PG002501,P003257,1093.228,1781.892,BS000029,BS000202,69,14,14,69,1
PG002502,P003259,1093.228,1781.892,BS000029,BS000202,69,14,14,69,1
PG002503,P003261,1093.228,1781.892,BS000029,BS000202,69,14,14,69,1
PG002505,P003263,1093.228,1781.892,BS000029,BS000202,69,14,14,69,1
PG002523,P003291,1093.228,1781.892,BS000029,BS000202,69,14,14,69,1
PG002524,P003293,1093.228,1781.892,BS000029,BS000202,69,14,14,69,1
PG002526,P003297,1093.228,1781.892,BS000029,BS000202,69,14,14,69,1
PG002527,P003299,1093.228,1781.892,BS000029,BS000202,69,14,14,69,1
PG002528,P003301,1093.228,1781.892,BS000029,BS000202,69,14,14,69,1
PG002530,P003303,1093.228,1781.892,BS000029,BS000202,69,14,14,69,1
PG002543,P003333,1153.228,1841.892,BS000029,BS000202,69,14,14,69,1
PG002545,P003335,1153.228,1841.892,BS000029,BS000202,69,14,14,69,1
PG002547,P003337,1153.228,1841.892,BS000029,BS000202,69,14,14,69,1
PG002549,P003339,1153.228,1841.892,BS000029,BS000202,69,14,14,69,1
PG002456,P003202,820.18,1504.691,BS000201,BS000220,69,14,14,69,1
PG002464,P003212,820.18,1504.691,BS000201,BS000220,69,14,14,69,1
PG002480,P003234,820.18,1504.691,BS000201,BS000220,69,14,14,69,1
PG002482,P003236,820.18,1504.691,BS000201,BS000220,69,14,14,69,1
PG002484,P003238,820.18,1504.691,BS000201,BS000220,69,14,14,69,1
PG002496,P003252,820.18,1504.691,BS000201,BS000220,69,14,14,69,1
PG002498,P003254,820.18,1504.691,BS000201,BS000220,69,14,14,69,1
PG002504,P003262,820.18,1504.691,BS000201,BS000220,69,14,14,69,1
PG002529,P003302,820.18,1504.691,BS000201,BS000220,69,14,14,69,1
PG002544,P003334,850.18,1534.691,BS000201,BS000220,69,14,14,69,1
PG002546,P003336,850.18,1534.691,BS000201,BS000220,69,14,14,69,1
PG002548,P003338,850.18,1534.691,BS000201,BS000220,69,14,14,69,1
PG002550,P003340,850.18,1534.691,BS000201,BS000220,69,14,14,69,1
PG002559,P003349,952.348,1390.3,BS000031,BS000204,44,8,8,44,1
PG002561,P003351,952.348,1390.3,BS000031,BS000204,44,8,8,44,1
PG002563,P003353,952.348,1390.3,BS000031,BS000204,44,8,8,44,1
PG002565,P003355,952.348,1390.3,BS000031,BS000204,44,8,8,44,1
PG002566,P003357,952.348,1390.3,BS000031,BS000204,44,8,8,44,1
PG002570,P003361,952.348,1390.3,BS000031,BS000204,44,8,8,44,1
PG002572,P003363,952.348,1390.3,BS000031,BS000204,44,8,8,44,1
PG002574,P003365,952.348,1390.3,BS000031,BS000204,44,8,8,44,1
PG002579,P003377,952.348,1390.3,BS000031,BS000204,44,8,8,44,1
PG002590,P003403,1012.348,1450.3,BS000031,BS000204,44,8,8,44,1
PG002592,P003405,952.348,1390.3,BS000031,BS000204,44,8,8,44,1
PG002593,P003407,952.348,1390.3,BS000031,BS000204,44,8,8,44,1
PG002594,P003409,952.348,1390.3,BS000031,BS000204,44,8,8,44,1
PG002595,P003411,952.348,1390.3,BS000031,BS000204,44,8,8,44,1
PG002600,P003417,952.348,1390.3,BS000031,BS000204,44,8,8,44,1
PG002606,P003437,1012.348,1450.3,BS000031,BS000204,44,8,8,44,1
PG002608,P003439,1012.348,1450.3,BS000031,BS000204,44,8,8,44,1
PG002610,P003441,1012.348,1450.3,BS000031,BS000204,44,8,8,44,1
PG002612,P003445,952.348,1390.3,BS000031,BS000204,44,8,8,44,1
PG002613,P003447,952.348,1390.3,BS000031,BS000204,44,8,8,44,1
PG002616,P003457,952.348,1390.3,BS000031,BS000204,44,8,8,44,1
PG002621,P003481,1012.348,1450.3,BS000031,BS000204,44,8,8,44,1
PG002623,P003485,1012.348,1450.3,BS000031,BS000204,44,8,8,44,1
PG002624,P003487,1012.348,1450.3,BS000031,BS000204,44,8,8,44,1
PG002625,P003489,1012.348,1450.3,BS000031,BS000204,44,8,8,44,1
PG002627,P003491,1012.348,1450.3,BS000031,BS000204,44,8,8,44,1
PG002636,P003503,1072.348,1510.3,BS000031,BS000204,44,8,8,44,1
PG002638,P003505,1072.348,1510.3,BS000031,BS000204,44,8,8,44,1
PG002640,P003507,1072.348,1510.3,BS000031,BS000204,44,8,8,44,1
PG002642,P003509,1072.348,1510.3,BS000031,BS000204,44,8,8,44,1
PG002560,P003350,736.237,1162.648,BS000203,BS000221,44,8,8,44,1
PG002562,P003352,736.237,1162.648,BS000203,BS000221,44,8,8,44,1
PG002564,P003354,736.237,1162.648,BS000203,BS000221,44,8,8,44,1
PG002567,P003358,736.237,1162.648,BS000203,BS000221,44,8,8,44,1
PG002571,P003362,736.237,1162.648,BS000203,BS000221,44,8,8,44,1
PG002573,P003364,736.237,1162.648,BS000203,BS000221,44,8,8,44,1
PG002575,P003366,736.237,1162.648,BS000203,BS000221,44,8,8,44,1
PG002578,P003376,736.237,1162.648,BS000203,BS000221,44,8,8,44,1
PG002580,P003378,736.237,1162.648,BS000203,BS000221,44,8,8,44,1
PG002581,P003382,736.237,1162.648,BS000203,BS000221,44,8,8,44,1
PG002582,P003386,736.237,1162.648,BS000203,BS000221,44,8,8,44,1
PG002583,P003392,736.237,1162.648,BS000203,BS000221,44,8,8,44,1
PG002591,P003404,766.237,1192.648,BS000203,BS000221,44,8,8,44,1
PG002607,P003438,766.237,1192.648,BS000203,BS000221,44,8,8,44,1
PG002609,P003440,766.237,1192.648,BS000203,BS000221,44,8,8,44,1
PG002611,P003442,766.237,1192.648,BS000203,BS000221,44,8,8,44,1
PG002622,P003482,766.237,1192.648,BS000203,BS000221,44,8,8,44,1
PG002626,P003490,766.237,1192.648,BS000203,BS000221,44,8,8,44,1
PG002637,P003504,796.237,1222.648,BS000203,BS000221,44,8,8,44,1
PG002639,P003506,796.237,1222.648,BS000203,BS000221,44,8,8,44,1
PG002641,P003508,796.237,1222.648,BS000203,BS000221,44,8,8,44,1
PG002643,P003510,796.237,1222.648,BS000203,BS000221,44,8,8,44,1
PG002568,P003359,982.348,1450.3,BS000031,BS000204,47,8,8,47,1
PG002576,P003371,982.348,1450.3,BS000031,BS000204,47,8,8,47,1
PG002584,P003393,982.348,1450.3,BS000031,BS000204,47,8,8,47,1
PG002586,P003395,982.348,1450.3,BS000031,BS000204,47,8,8,47,1
PG002588,P003397,982.348,1450.3,BS000031,BS000204,47,8,8,47,1
PG002596,P003413,982.348,1450.3,BS000031,BS000204,47,8,8,47,1
PG002598,P003415,982.348,1450.3,BS000031,BS000204,47,8,8,47,1
PG002601,P003419,982.348,1450.3,BS000031,BS000204,47,8,8,47,1
PG002602,P003421,982.348,1450.3,BS000031,BS000204,47,8,8,47,1
PG002603,P003423,982.348,1450.3,BS000031,BS000204,47,8,8,47,1
PG002605,P003425,982.348,1450.3,BS000031,BS000204,47,8,8,47,1
PG002614,P003453,982.348,1450.3,BS000031,BS000204,47,8,8,47,1
PG002615,P003455,982.348,1450.3,BS000031,BS000204,47,8,8,47,1
PG002617,P003459,982.348,1450.3,BS000031,BS000204,47,8,8,47,1
PG002618,P003461,982.348,1450.3,BS000031,BS000204,47,8,8,47,1
PG002619,P003463,982.348,1450.3,BS000031,BS000204,47,8,8,47,1
PG002628,P003495,1042.348,1510.3,BS000031,BS000204,47,8,8,47,1
PG002630,P003497,1042.348,1510.3,BS000031,BS000204,47,8,8,47,1
PG002632,P003499,1042.348,1510.3,BS000031,BS000204,47,8,8,47,1
PG002634,P003501,1042.348,1510.3,BS000031,BS000204,47,8,8,47,1
PG002569,P003360,766.237,1222.648,BS000203,BS000221,47,8,8,47,1
PG002577,P003372,766.237,1222.648,BS000203,BS000221,47,8,8,47,1
PG002585,P003394,766.237,1222.648,BS000203,BS000221,47,8,8,47,1
PG002587,P003396,766.237,1222.648,BS000203,BS000221,47,8,8,47,1
PG002589,P003398,766.237,1222.648,BS000203,BS000221,47,8,8,47,1
PG002597,P003414,766.237,1222.648,BS000203,BS000221,47,8,8,47,1
PG002599,P003416,766.237,1222.648,BS000203,BS000221,47,8,8,47,1
PG002604,P003424,766.237,1222.648,BS000203,BS000221,47,8,8,47,1
PG002620,P003464,766.237,1222.648,BS000203,BS000221,47,8,8,47,1
PG002629,P003496,796.237,1252.648,BS000203,BS000221,47,8,8,47,1
PG002631,P003498,796.237,1252.648,BS000203,BS000221,47,8,8,47,1
PG002633,P003500,796.237,1252.648,BS000203,BS000221,47,8,8,47,1
PG002635,P003502,796.237,1252.648,BS000203,BS000221,47,8,8,47,1
PG002644,P003673,1203.36,1569.432,BS000222,BS000010,37,8,8,37,1
PG002646,P003675,1203.36,1569.432,BS000222,BS000010,37,8,8,37,1
PG002648,P003677,1203.36,1569.432,BS000222,BS000010,37,8,8,37,1
PG002650,P003679,1203.36,1569.432,BS000222,BS000010,37,8,8,37,1
PG002651,P003681,1203.36,1569.432,BS000222,BS000010,37,8,8,37,1
PG002655,P003685,1203.36,1569.432,BS000222,BS000010,37,8,8,37,1
PG002657,P003687,1203.36,1569.432,BS000222,BS000010,37,8,8,37,1
PG002659,P003689,1203.36,1569.432,BS000222,BS000010,37,8,8,37,1
PG002661,P003691,1203.36,1569.432,BS000222,BS000010,37,8,8,37,1
PG002662,P003693,1203.36,1569.432,BS000222,BS000010,37,8,8,37,1
PG002665,P003697,1203.36,1569.432,BS000222,BS000010,37,8,8,37,1
PG002666,P003699,1203.36,1569.432,BS000222,BS000010,37,8,8,37,1
PG002668,P003701,1203.36,1569.432,BS000222,BS000010,37,8,8,37,1
PG002670,P003703,1203.36,1569.432,BS000222,BS000010,37,8,8,37,1
PG002671,P003705,1203.36,1569.432,BS000222,BS000010,37,8,8,37,1
PG002673,P003707,1203.36,1569.432,BS000222,BS000010,37,8,8,37,1
PG002674,P003709,1203.36,1569.432,BS000222,BS000010,37,8,8,37,1
PG002676,P003711,1203.36,1569.432,BS000222,BS000010,37,8,8,37,1
PG002677,P003713,1203.36,1569.432,BS000222,BS000010,37,8,8,37,1
PG002678,P003715,1203.36,1569.432,BS000222,BS000010,37,8,8,37,1
PG002686,P003723,1263.36,1629.432,BS000222,BS000010,37,8,8,37,1
PG002687,P003725,1263.36,1629.432,BS000222,BS000010,37,8,8,37,1
PG002688,P003727,1263.36,1629.432,BS000222,BS000010,37,8,8,37,1
PG002690,P003729,1203.36,1569.432,BS000222,BS000010,37,8,8,37,1
PG002691,P003731,1203.36,1569.432,BS000222,BS000010,37,8,8,37,1
PG002692,P003733,1203.36,1569.432,BS000222,BS000010,37,8,8,37,1
PG002693,P003735,1203.36,1569.432,BS000222,BS000010,37,8,8,37,1
PG002698,P003741,1203.36,1569.432,BS000222,BS000010,37,8,8,37,1
PG002703,P003751,1263.36,1629.432,BS000222,BS000010,37,8,8,37,1
PG002704,P003755,1263.36,1629.432,BS000222,BS000010,37,8,8,37,1
PG002705,P003761,1263.36,1629.432,BS000222,BS000010,37,8,8,37,1
PG002707,P003763,1263.36,1629.432,BS000222,BS000010,37,8,8,37,1
PG002709,P003765,1263.36,1629.432,BS000222,BS000010,37,8,8,37,1
PG002711,P003769,1203.36,1569.432,BS000222,BS000010,37,8,8,37,1
PG002712,P003771,1203.36,1569.432,BS000222,BS000010,37,8,8,37,1
PG002713,P003773,1203.36,1569.432,BS000222,BS000010,37,8,8,37,1
PG002718,P003801,1263.36,1629.432,BS000222,BS000010,37,8,8,37,1
PG002719,P003803,1263.36,1629.432,BS000222,BS000010,37,8,8,37,1
PG002720,P003805,1263.36,1629.432,BS000222,BS000010,37,8,8,37,1
PG002722,P003813,1263.36,1629.432,BS000222,BS000010,37,8,8,37,1
PG002732,P003827,1323.36,1689.432,BS000222,BS000010,37,8,8,37,1
PG002734,P003829,1323.36,1689.432,BS000222,BS000010,37,8,8,37,1
PG002736,P003831,1323.36,1689.432,BS000222,BS000010,37,8,8,37,1
PG002738,P003833,1323.36,1689.432,BS000222,BS000010,37,8,8,37,1
PG002645,P003674,748.091,1125.96,BS000205,BS000223,39,8,8,39,1
PG002647,P003676,748.091,1125.96,BS000205,BS000223,39,8,8,39,1
PG002649,P003678,748.091,1125.96,BS000205,BS000223,39,8,8,39,1
PG002652,P003682,748.091,1125.96,BS000205,BS000223,39,8,8,39,1
PG002656,P003686,748.091,1125.96,BS000205,BS000223,39,8,8,39,1
PG002658,P003688,748.091,1125.96,BS000205,BS000223,39,8,8,39,1
PG002660,P003690,748.091,1125.96,BS000205,BS000223,39,8,8,39,1
PG002667,P003700,748.091,1125.96,BS000205,BS000223,39,8,8,39,1
PG002669,P003702,748.091,1125.96,BS000205,BS000223,39,8,8,39,1
PG002672,P003706,748.091,1125.96,BS000205,BS000223,39,8,8,39,1
PG002675,P003710,748.091,1125.96,BS000205,BS000223,39,8,8,39,1
PG002679,P003716,748.091,1125.96,BS000205,BS000223,39,8,8,39,1
PG002689,P003728,778.091,1155.96,BS000205,BS000223,39,8,8,39,1
PG002706,P003762,778.091,1155.96,BS000205,BS000223,39,8,8,39,1
PG002708,P003764,778.091,1155.96,BS000205,BS000223,39,8,8,39,1
PG002710,P003766,778.091,1155.96,BS000205,BS000223,39,8,8,39,1
PG002721,P003806,778.091,1155.96,BS000205,BS000223,39,8,8,39,1
PG002723,P003814,778.091,1155.96,BS000205,BS000223,39,8,8,39,1
PG002733,P003828,808.091,1185.96,BS000205,BS000223,39,8,8,39,1
PG002735,P003830,808.091,1185.96,BS000205,BS000223,39,8,8,39,1
PG002737,P003832,808.091,1185.96,BS000205,BS000223,39,8,8,39,1
PG002739,P003834,808.091,1185.96,BS000205,BS000223,39,8,8,39,1
PG002653,P003683,1233.36,1629.432,BS000222,BS000010,40,8,8,40,1
PG002663,P003695,1233.36,1629.432,BS000222,BS000010,40,8,8,40,1
PG002680,P003717,1233.36,1629.432,BS000222,BS000010,40,8,8,40,1
PG002682,P003719,1233.36,1629.432,BS000222,BS000010,40,8,8,40,1
PG002684,P003721,1233.36,1629.432,BS000222,BS000010,40,8,8,40,1
PG002694,P003737,1233.36,1629.432,BS000222,BS000010,40,8,8,40,1
PG002696,P003739,1233.36,1629.432,BS000222,BS000010,40,8,8,40,1
PG002699,P003743,1233.36,1629.432,BS000222,BS000010,40,8,8,40,1
PG002700,P003745,1233.36,1629.432,BS000222,BS000010,40,8,8,40,1
PG002701,P003747,1233.36,1629.432,BS000222,BS000010,40,8,8,40,1
PG002714,P003777,1233.36,1629.432,BS000222,BS000010,40,8,8,40,1
PG002715,P003779,1233.36,1629.432,BS000222,BS000010,40,8,8,40,1
PG002716,P003787,1233.36,1629.432,BS000222,BS000010,40,8,8,40,1
PG002724,P003819,1293.36,1689.432,BS000222,BS000010,40,8,8,40,1
PG002726,P003821,1293.36,1689.432,BS000222,BS000010,40,8,8,40,1
PG002728,P003823,1293.36,1689.432,BS000222,BS000010,40,8,8,40,1
PG002730,P003825,1293.36,1689.432,BS000222,BS000010,40,8,8,40,1
PG002654,P003684,778.091,1185.96,BS000205,BS000223,42,8,8,42,1
PG002664,P003696,778.091,1185.96,BS000205,BS000223,42,8,8,42,1
PG002681,P003718,778.091,1185.96,BS000205,BS000223,42,8,8,42,1
PG002683,P003720,778.091,1185.96,BS000205,BS000223,42,8,8,42,1
PG002685,P003722,778.091,1185.96,BS000205,BS000223,42,8,8,42,1
PG002695,P003738,778.091,1185.96,BS000205,BS000223,42,8,8,42,1
PG002697,P003740,778.091,1185.96,BS000205,BS000223,42,8,8,42,1
PG002702,P003748,778.091,1185.96,BS000205,BS000223,42,8,8,42,1
PG002717,P003788,778.091,1185.96,BS000205,BS000223,42,8,8,42,1
PG002725,P003820,808.091,1215.96,BS000205,BS000223,42,8,8,42,1
PG002727,P003822,808.091,1215.96,BS000205,BS000223,42,8,8,42,1
PG002729,P003824,808.091,1215.96,BS000205,BS000223,42,8,8,42,1
PG002731,P003826,808.091,1215.96,BS000205,BS000223,42,8,8,42,1
PG002740,P003835,999.231,1079.231,BS000224,BS000225,7,2,2,7,1
PG002742,P003836,999.231,1079.231,BS000224,BS000225,7,2,2,7,1
PG002744,P003837,999.231,1079.231,BS000224,BS000225,7,2,2,7,1
PG002748,P003839,999.231,1079.231,BS000224,BS000225,7,2,2,7,1
PG002750,P003841,999.231,1079.231,BS000224,BS000225,7,2,2,7,1
PG002754,P003843,1029.231,1109.231,BS000224,BS000225,7,2,2,7,1
PG002756,P003844,999.231,1079.231,BS000224,BS000225,7,2,2,7,1
PG002758,P003845,999.231,1079.231,BS000224,BS000225,7,2,2,7,1
PG002760,P003846,999.231,1079.231,BS000224,BS000225,7,2,2,7,1
PG002764,P003852,1029.231,1109.231,BS000224,BS000225,7,2,2,7,1
PG002768,P003857,999.231,1079.231,BS000224,BS000225,7,2,2,7,1
PG002778,P003873,1029.231,1109.231,BS000224,BS000225,7,2,2,7,1
PG002782,P003875,1029.231,1109.231,BS000224,BS000225,7,2,2,7,1
PG002786,P003877,1029.231,1109.231,BS000224,BS000225,7,2,2,7,1
PG002790,P003881,1059.231,1139.231,BS000224,BS000225,7,2,2,7,1
PG002794,P003891,1029.231,1109.231,BS000224,BS000225,7,2,2,7,1
PG002798,P003893,1029.231,1109.231,BS000224,BS000225,7,2,2,7,1
PG002802,P003897,1029.231,1109.231,BS000224,BS000225,7,2,2,7,1
PG002804,P003899,1029.231,1109.231,BS000224,BS000225,7,2,2,7,1
PG002806,P003901,1029.231,1109.231,BS000224,BS000225,7,2,2,7,1
PG002810,P003913,1059.231,1139.231,BS000224,BS000225,7,2,2,7,1
PG002812,P003914,1059.231,1139.231,BS000224,BS000225,7,2,2,7,1
PG002814,P003915,1059.231,1139.231,BS000224,BS000225,7,2,2,7,1
PG002818,P003927,1029.231,1109.231,BS000224,BS000225,7,2,2,7,1
PG002822,P003929,1029.231,1109.231,BS000224,BS000225,7,2,2,7,1
PG002826,P003937,1029.231,1109.231,BS000224,BS000225,7,2,2,7,1
PG002830,P003951,1059.231,1139.231,BS000224,BS000225,7,2,2,7,1
PG002834,P003959,1059.231,1139.231,BS000224,BS000225,7,2,2,7,1
PG002838,P003965,1089.231,1169.231,BS000224,BS000225,7,2,2,7,1
PG002842,P003967,1089.231,1169.231,BS000224,BS000225,7,2,2,7,1
PG002846,P003969,1089.231,1169.231,BS000224,BS000225,7,2,2,7,1
PG002850,P003971,1089.231,1169.231,BS000224,BS000225,7,2,2,7,1
PG002854,P003973,1119.231,1199.231,BS000224,BS000225,7,2,2,7,1
PG002856,P003974,1119.231,1199.231,BS000224,BS000225,7,2,2,7,1
PG002858,P003975,1119.231,1199.231,BS000224,BS000225,7,2,2,7,1
PG002862,P003977,1119.231,1199.231,BS000224,BS000225,7,2,2,7,1
PG002741,P003835,1099.231,1780.467,BS000226,BS000012,68,15,15,68,1
PG002743,P003836,1099.231,1780.467,BS000226,BS000012,68,15,15,68,1
PG002745,P003837,1099.231,1780.467,BS000226,BS000012,68,15,15,68,1
PG002749,P003839,1099.231,1780.467,BS000226,BS000012,68,15,15,68,1
PG002751,P003841,1099.231,1780.467,BS000226,BS000012,68,15,15,68,1
PG002757,P003844,1099.231,1780.467,BS000226,BS000012,68,15,15,68,1
PG002759,P003845,1099.231,1780.467,BS000226,BS000012,68,15,15,68,1
PG002761,P003846,1099.231,1780.467,BS000226,BS000012,68,15,15,68,1
PG002769,P003857,1099.231,1780.467,BS000226,BS000012,68,15,15,68,1
PG002791,P003881,1159.231,1840.467,BS000226,BS000012,68,15,15,68,1
PG002811,P003913,1159.231,1840.467,BS000226,BS000012,68,15,15,68,1
PG002813,P003914,1159.231,1840.467,BS000226,BS000012,68,15,15,68,1
PG002815,P003915,1159.231,1840.467,BS000226,BS000012,68,15,15,68,1
PG002831,P003951,1159.231,1840.467,BS000226,BS000012,68,15,15,68,1
PG002835,P003959,1159.231,1840.467,BS000226,BS000012,68,15,15,68,1
PG002855,P003973,1219.231,1900.467,BS000226,BS000012,68,15,15,68,1
PG002857,P003974,1219.231,1900.467,BS000226,BS000012,68,15,15,68,1
PG002859,P003975,1219.231,1900.467,BS000226,BS000012,68,15,15,68,1
PG002863,P003977,1219.231,1900.467,BS000226,BS000012,68,15,15,68,1
PG002746,P003838,721.736,1425.133,BS000206,BS000227,72,15,15,72,1
PG002752,P003842,721.736,1425.133,BS000206,BS000227,72,15,15,72,1
PG002762,P003847,721.736,1425.133,BS000206,BS000227,72,15,15,72,1
PG002766,P003856,721.736,1425.133,BS000206,BS000227,72,15,15,72,1
PG002770,P003858,721.736,1425.133,BS000206,BS000227,72,15,15,72,1
PG002772,P003862,721.736,1425.133,BS000206,BS000227,72,15,15,72,1
PG002774,P003866,721.736,1425.133,BS000206,BS000227,72,15,15,72,1
PG002776,P003872,721.736,1425.133,BS000206,BS000227,72,15,15,72,1
PG002792,P003882,751.736,1455.133,BS000206,BS000227,72,15,15,72,1
PG002816,P003916,751.736,1455.133,BS000206,BS000227,72,15,15,72,1
PG002832,P003952,751.736,1455.133,BS000206,BS000227,72,15,15,72,1
PG002836,P003960,751.736,1455.133,BS000206,BS000227,72,15,15,72,1
PG002860,P003976,781.736,1485.133,BS000206,BS000227,72,15,15,72,1
PG002864,P003978,781.736,1485.133,BS000206,BS000227,72,15,15,72,1
PG002747,P003838,1445.133,1525.133,BS000228,BS000229,7,2,2,7,1
PG002753,P003842,1445.133,1525.133,BS000228,BS000229,7,2,2,7,1
PG002763,P003847,1445.133,1525.133,BS000228,BS000229,7,2,2,7,1
PG002767,P003856,1445.133,1525.133,BS000228,BS000229,7,2,2,7,1
PG002771,P003858,1445.133,1525.133,BS000228,BS000229,7,2,2,7,1
PG002773,P003862,1445.133,1525.133,BS000228,BS000229,7,2,2,7,1
PG002775,P003866,1445.133,1525.133,BS000228,BS000229,7,2,2,7,1
PG002777,P003872,1445.133,1525.133,BS000228,BS000229,7,2,2,7,1
PG002781,P003874,1505.133,1585.133,BS000228,BS000229,7,2,2,7,1
PG002785,P003876,1505.133,1585.133,BS000228,BS000229,7,2,2,7,1
PG002789,P003878,1505.133,1585.133,BS000228,BS000229,7,2,2,7,1
PG002793,P003882,1475.133,1555.133,BS000228,BS000229,7,2,2,7,1
PG002797,P003892,1505.133,1585.133,BS000228,BS000229,7,2,2,7,1
PG002801,P003894,1505.133,1585.133,BS000228,BS000229,7,2,2,7,1
PG002809,P003902,1505.133,1585.133,BS000228,BS000229,7,2,2,7,1
PG002817,P003916,1475.133,1555.133,BS000228,BS000229,7,2,2,7,1
PG002821,P003928,1505.133,1585.133,BS000228,BS000229,7,2,2,7,1
PG002825,P003930,1505.133,1585.133,BS000228,BS000229,7,2,2,7,1
PG002829,P003938,1505.133,1585.133,BS000228,BS000229,7,2,2,7,1
PG002833,P003952,1475.133,1555.133,BS000228,BS000229,7,2,2,7,1
PG002837,P003960,1475.133,1555.133,BS000228,BS000229,7,2,2,7,1
PG002841,P003966,1535.133,1615.133,BS000228,BS000229,7,2,2,7,1
PG002845,P003968,1535.133,1615.133,BS000228,BS000229,7,2,2,7,1
PG002849,P003970,1535.133,1615.133,BS000228,BS000229,7,2,2,7,1
PG002853,P003972,1535.133,1615.133,BS000228,BS000229,7,2,2,7,1
PG002861,P003976,1505.133,1585.133,BS000228,BS000229,7,2,2,7,1
PG002865,P003978,1505.133,1585.133,BS000228,BS000229,7,2,2,7,1
PG002755,P003843,1129.231,1840.467,BS000226,BS000012,71,15,15,71,1
PG002765,P003852,1129.231,1840.467,BS000226,BS000012,71,15,15,71,1
PG002779,P003873,1129.231,1840.467,BS000226,BS000012,71,15,15,71,1
PG002783,P003875,1129.231,1840.467,BS000226,BS000012,71,15,15,71,1
PG002787,P003877,1129.231,1840.467,BS000226,BS000012,71,15,15,71,1
PG002795,P003891,1129.231,1840.467,BS000226,BS000012,71,15,15,71,1
PG002799,P003893,1129.231,1840.467,BS000226,BS000012,71,15,15,71,1
PG002803,P003897,1129.231,1840.467,BS000226,BS000012,71,15,15,71,1
PG002805,P003899,1129.231,1840.467,BS000226,BS000012,71,15,15,71,1
PG002807,P003901,1129.231,1840.467,BS000226,BS000012,71,15,15,71,1
PG002819,P003927,1129.231,1840.467,BS000226,BS000012,71,15,15,71,1
PG002823,P003929,1129.231,1840.467,BS000226,BS000012,71,15,15,71,1
PG002827,P003937,1129.231,1840.467,BS000226,BS000012,71,15,15,71,1
PG002839,P003965,1189.231,1900.467,BS000226,BS000012,71,15,15,71,1
PG002843,P003967,1189.231,1900.467,BS000226,BS000012,71,15,15,71,1
PG002847,P003969,1189.231,1900.467,BS000226,BS000012,71,15,15,71,1
PG002851,P003971,1189.231,1900.467,BS000226,BS000012,71,15,15,71,1
PG002780,P003874,751.736,1485.133,BS000206,BS000227,75,15,15,75,1
PG002784,P003876,751.736,1485.133,BS000206,BS000227,75,15,15,75,1
PG002788,P003878,751.736,1485.133,BS000206,BS000227,75,15,15,75,1
PG002796,P003892,751.736,1485.133,BS000206,BS000227,75,15,15,75,1
PG002800,P003894,751.736,1485.133,BS000206,BS000227,75,15,15,75,1
PG002808,P003902,751.736,1485.133,BS000206,BS000227,75,15,15,75,1
PG002820,P003928,751.736,1485.133,BS000206,BS000227,75,15,15,75,1
PG002824,P003930,751.736,1485.133,BS000206,BS000227,75,15,15,75,1
PG002828,P003938,751.736,1485.133,BS000206,BS000227,75,15,15,75,1
PG002840,P003966,781.736,1515.133,BS000206,BS000227,75,15,15,75,1
PG002844,P003968,781.736,1515.133,BS000206,BS000227,75,15,15,75,1
PG002848,P003970,781.736,1515.133,BS000206,BS000227,75,15,15,75,1
PG002852,P003972,781.736,1515.133,BS000206,BS000227,75,15,15,75,1
PG002866,P003979,914.712,1388.366,BS000230,BS000014,48,8,8,48,1
PG002868,P003981,914.712,1388.366,BS000230,BS000014,48,8,8,48,1
PG002870,P003983,914.712,1388.366,BS000230,BS000014,48,8,8,48,1
PG002874,P003987,914.712,1388.366,BS000230,BS000014,48,8,8,48,1
PG002876,P003989,914.712,1388.366,BS000230,BS000014,48,8,8,48,1
PG002878,P003991,914.712,1388.366,BS000230,BS000014,48,8,8,48,1
PG002882,P003995,914.712,1388.366,BS000230,BS000014,48,8,8,48,1
PG002884,P003997,914.712,1388.366,BS000230,BS000014,48,8,8,48,1
PG002885,P003999,914.712,1388.366,BS000230,BS000014,48,8,8,48,1
PG002888,P004005,914.712,1388.366,BS000230,BS000014,48,8,8,48,1
PG002894,P004011,974.712,1448.366,BS000230,BS000014,48,8,8,48,1
PG002895,P004015,974.712,1448.366,BS000230,BS000014,48,8,8,48,1
PG002897,P004017,914.712,1388.366,BS000230,BS000014,48,8,8,48,1
PG002899,P004019,914.712,1388.366,BS000230,BS000014,48,8,8,48,1
PG002903,P004023,914.712,1388.366,BS000230,BS000014,48,8,8,48,1
PG002909,P004029,974.712,1448.366,BS000230,BS000014,48,8,8,48,1
PG002910,P004039,974.712,1448.366,BS000230,BS000014,48,8,8,48,1
PG002912,P004041,974.712,1448.366,BS000230,BS000014,48,8,8,48,1
PG002914,P004045,914.712,1388.366,BS000230,BS000014,48,8,8,48,1
PG002916,P004047,914.712,1388.366,BS000230,BS000014,48,8,8,48,1
PG002919,P004051,914.712,1388.366,BS000230,BS000014,48,8,8,48,1
PG002925,P004069,974.712,1448.366,BS000230,BS000014,48,8,8,48,1
PG002927,P004073,974.712,1448.366,BS000230,BS000014,48,8,8,48,1
PG002929,P004075,974.712,1448.366,BS000230,BS000014,48,8,8,48,1
PG002931,P004077,974.712,1448.366,BS000230,BS000014,48,8,8,48,1
PG002936,P004083,1034.712,1508.366,BS000230,BS000014,48,8,8,48,1
PG002938,P004085,1034.712,1508.366,BS000230,BS000014,48,8,8,48,1
PG002940,P004087,1034.712,1508.366,BS000230,BS000014,48,8,8,48,1
PG002942,P004089,1034.712,1508.366,BS000230,BS000014,48,8,8,48,1
PG002867,P003980,675.176,1143.056,BS000207,BS000042,48,8,8,48,1
PG002869,P003982,675.176,1143.056,BS000207,BS000042,48,8,8,48,1
PG002871,P003984,675.176,1143.056,BS000207,BS000042,48,8,8,48,1
PG002875,P003988,675.176,1143.056,BS000207,BS000042,48,8,8,48,1
PG002877,P003990,675.176,1143.056,BS000207,BS000042,48,8,8,48,1
PG002879,P003992,675.176,1143.056,BS000207,BS000042,48,8,8,48,1
PG002883,P003996,675.176,1143.056,BS000207,BS000042,48,8,8,48,1
PG002886,P004000,675.176,1143.056,BS000207,BS000042,48,8,8,48,1
PG002887,P004002,675.176,1143.056,BS000207,BS000042,48,8,8,48,1
PG002889,P004006,675.176,1143.056,BS000207,BS000042,48,8,8,48,1
PG002896,P004016,705.176,1173.056,BS000207,BS000042,48,8,8,48,1
PG002898,P004018,675.176,1143.056,BS000207,BS000042,48,8,8,48,1
PG002900,P004020,675.176,1143.056,BS000207,BS000042,48,8,8,48,1
PG002904,P004024,675.176,1143.056,BS000207,BS000042,48,8,8,48,1
PG002911,P004040,705.176,1173.056,BS000207,BS000042,48,8,8,48,1
PG002913,P004042,705.176,1173.056,BS000207,BS000042,48,8,8,48,1
PG002915,P004046,675.176,1143.056,BS000207,BS000042,48,8,8,48,1
PG002917,P004048,675.176,1143.056,BS000207,BS000042,48,8,8,48,1
PG002920,P004052,675.176,1143.056,BS000207,BS000042,48,8,8,48,1
PG002926,P004070,705.176,1173.056,BS000207,BS000042,48,8,8,48,1
PG002928,P004074,705.176,1173.056,BS000207,BS000042,48,8,8,48,1
PG002930,P004076,705.176,1173.056,BS000207,BS000042,48,8,8,48,1
PG002937,P004084,735.176,1203.056,BS000207,BS000042,48,8,8,48,1
PG002939,P004086,735.176,1203.056,BS000207,BS000042,48,8,8,48,1
PG002941,P004088,735.176,1203.056,BS000207,BS000042,48,8,8,48,1
PG002943,P004090,735.176,1203.056,BS000207,BS000042,48,8,8,48,1
PG002872,P003985,944.712,1448.366,BS000230,BS000014,51,8,8,51,1
PG002880,P003993,944.712,1448.366,BS000230,BS000014,51,8,8,51,1
PG002890,P004007,944.712,1448.366,BS000230,BS000014,51,8,8,51,1
PG002892,P004009,944.712,1448.366,BS000230,BS000014,51,8,8,51,1
PG002901,P004021,944.712,1448.366,BS000230,BS000014,51,8,8,51,1
PG002905,P004025,944.712,1448.366,BS000230,BS000014,51,8,8,51,1
PG002907,P004027,944.712,1448.366,BS000230,BS000014,51,8,8,51,1
PG002918,P004049,944.712,1448.366,BS000230,BS000014,51,8,8,51,1
PG002921,P004053,944.712,1448.366,BS000230,BS000014,51,8,8,51,1
PG002923,P004055,944.712,1448.366,BS000230,BS000014,51,8,8,51,1
PG002932,P004079,1004.712,1508.366,BS000230,BS000014,51,8,8,51,1
PG002934,P004081,1004.712,1508.366,BS000230,BS000014,51,8,8,51,1
PG002873,P003986,705.176,1203.056,BS000207,BS000042,51,8,8,51,1
PG002881,P003994,705.176,1203.056,BS000207,BS000042,51,8,8,51,1
PG002891,P004008,705.176,1203.056,BS000207,BS000042,51,8,8,51,1
PG002893,P004010,705.176,1203.056,BS000207,BS000042,51,8,8,51,1
PG002902,P004022,705.176,1203.056,BS000207,BS000042,51,8,8,51,1
PG002906,P004026,705.176,1203.056,BS000207,BS000042,51,8,8,51,1
PG002908,P004028,705.176,1203.056,BS000207,BS000042,51,8,8,51,1
PG002922,P004054,705.176,1203.056,BS000207,BS000042,51,8,8,51,1
PG002924,P004056,705.176,1203.056,BS000207,BS000042,51,8,8,51,1
PG002933,P004080,735.176,1233.056,BS000207,BS000042,51,8,8,51,1
PG002935,P004082,735.176,1233.056,BS000207,BS000042,51,8,8,51,1
PG002944,P004091,1070.662,1457.642,BS000231,BS000209,39,12,12,39,1
PG002946,P004093,1070.662,1457.642,BS000231,BS000209,39,12,12,39,1
PG002948,P004095,1070.662,1457.642,BS000231,BS000209,39,12,12,39,1
PG002952,P004099,1070.662,1457.642,BS000231,BS000209,39,12,12,39,1
PG002964,P004123,1130.662,1517.642,BS000231,BS000209,39,12,12,39,1
PG002965,P004127,1130.662,1517.642,BS000231,BS000209,39,12,12,39,1
PG002970,P004135,1070.662,1457.642,BS000231,BS000209,39,12,12,39,1
PG002974,P004141,1130.662,1517.642,BS000231,BS000209,39,12,12,39,1
PG002975,P004151,1130.662,1517.642,BS000231,BS000209,39,12,12,39,1
PG002977,P004153,1130.662,1517.642,BS000231,BS000209,39,12,12,39,1
PG002980,P004163,1070.662,1457.642,BS000231,BS000209,39,12,12,39,1
PG002983,P004181,1130.662,1517.642,BS000231,BS000209,39,12,12,39,1
PG002985,P004185,1130.662,1517.642,BS000231,BS000209,39,12,12,39,1
PG002986,P004187,1130.662,1517.642,BS000231,BS000209,39,12,12,39,1
PG002991,P004195,1190.662,1577.642,BS000231,BS000209,39,12,12,39,1
PG002993,P004197,1190.662,1577.642,BS000231,BS000209,39,12,12,39,1
PG002995,P004199,1190.662,1577.642,BS000231,BS000209,39,12,12,39,1
PG002997,P004201,1190.662,1577.642,BS000231,BS000209,39,12,12,39,1
PG002945,P004092,722.646,1101.316,BS000208,BS000044,38,12,12,38,1
PG002947,P004094,722.646,1101.316,BS000208,BS000044,38,12,12,38,1
PG002949,P004096,722.646,1101.316,BS000208,BS000044,38,12,12,38,1
PG002953,P004100,722.646,1101.316,BS000208,BS000044,38,12,12,38,1
PG002956,P004108,722.646,1101.316,BS000208,BS000044,38,12,12,38,1
PG002957,P004112,722.646,1101.316,BS000208,BS000044,38,12,12,38,1
PG002958,P004114,722.646,1101.316,BS000208,BS000044,38,12,12,38,1
PG002959,P004118,722.646,1101.316,BS000208,BS000044,38,12,12,38,1
PG002966,P004128,752.646,1131.316,BS000208,BS000044,38,12,12,38,1
PG002967,P004130,722.646,1101.316,BS000208,BS000044,38,12,12,38,1
PG002976,P004152,752.646,1131.316,BS000208,BS000044,38,12,12,38,1
PG002978,P004154,752.646,1131.316,BS000208,BS000044,38,12,12,38,1
PG002984,P004182,752.646,1131.316,BS000208,BS000044,38,12,12,38,1
PG002992,P004196,782.646,1161.316,BS000208,BS000044,38,12,12,38,1
PG002994,P004198,782.646,1161.316,BS000208,BS000044,38,12,12,38,1
PG002996,P004200,782.646,1161.316,BS000208,BS000044,38,12,12,38,1
PG002998,P004202,782.646,1161.316,BS000208,BS000044,38,12,12,38,1
PG002950,P004097,1100.662,1517.642,BS000231,BS000209,42,12,12,42,1
PG002954,P004105,1100.662,1517.642,BS000231,BS000209,42,12,12,42,1
PG002960,P004119,1100.662,1517.642,BS000231,BS000209,42,12,12,42,1
PG002962,P004121,1100.662,1517.642,BS000231,BS000209,42,12,12,42,1
PG002968,P004133,1100.662,1517.642,BS000231,BS000209,42,12,12,42,1
PG002971,P004137,1100.662,1517.642,BS000231,BS000209,42,12,12,42,1
PG002979,P004161,1100.662,1517.642,BS000231,BS000209,42,12,12,42,1
PG002987,P004191,1160.662,1577.642,BS000231,BS000209,42,12,12,42,1
PG002989,P004193,1160.662,1577.642,BS000231,BS000209,42,12,12,42,1
PG002951,P004098,752.646,1161.316,BS000208,BS000044,41,12,12,41,1
PG002955,P004106,752.646,1161.316,BS000208,BS000044,41,12,12,41,1
PG002961,P004120,752.646,1161.316,BS000208,BS000044,41,12,12,41,1
PG002963,P004122,752.646,1161.316,BS000208,BS000044,41,12,12,41,1
PG002969,P004134,752.646,1161.316,BS000208,BS000044,41,12,12,41,1
PG002972,P004138,752.646,1161.316,BS000208,BS000044,41,12,12,41,1
PG002973,P004140,752.646,1161.316,BS000208,BS000044,41,12,12,41,1
PG002981,P004166,752.646,1161.316,BS000208,BS000044,41,12,12,41,1
PG002982,P004168,752.646,1161.316,BS000208,BS000044,41,12,12,41,1
PG002988,P004192,782.646,1191.316,BS000208,BS000044,41,12,12,41,1
PG002990,P004194,782.646,1191.316,BS000208,BS000044,41,12,12,41,1
PG002999,P004315,1042.169,1752.09,BS000232,BS000211,72,15,15,72,1
PG003001,P004317,1042.169,1752.09,BS000232,BS000211,72,15,15,72,1
PG003003,P004319,1042.169,1752.09,BS000232,BS000211,72,15,15,72,1
PG003007,P004323,1042.169,1752.09,BS000232,BS000211,72,15,15,72,1
PG003013,P004331,1042.169,1752.09,BS000232,BS000211,72,15,15,72,1
PG003015,P004333,1042.169,1752.09,BS000232,BS000211,72,15,15,72,1
PG003017,P004335,1042.169,1752.09,BS000232,BS000211,72,15,15,72,1
PG003026,P004347,1102.169,1812.09,BS000232,BS000211,72,15,15,72,1
PG003029,P004351,1102.169,1812.09,BS000232,BS000211,72,15,15,72,1
PG003031,P004353,1042.169,1752.09,BS000232,BS000211,72,15,15,72,1
PG003033,P004355,1042.169,1752.09,BS000232,BS000211,72,15,15,72,1
PG003037,P004359,1042.169,1752.09,BS000232,BS000211,72,15,15,72,1
PG003041,P004365,1102.169,1812.09,BS000232,BS000211,72,15,15,72,1
PG003044,P004375,1102.169,1812.09,BS000232,BS000211,72,15,15,72,1
PG003046,P004377,1102.169,1812.09,BS000232,BS000211,72,15,15,72,1
PG003048,P004381,1042.169,1752.09,BS000232,BS000211,72,15,15,72,1
PG003050,P004383,1042.169,1752.09,BS000232,BS000211,72,15,15,72,1
PG003052,P004387,1042.169,1752.09,BS000232,BS000211,72,15,15,72,1
PG003056,P004405,1102.169,1812.09,BS000232,BS000211,72,15,15,72,1
PG003058,P004409,1102.169,1812.09,BS000232,BS000211,72,15,15,72,1
PG003059,P004411,1102.169,1812.09,BS000232,BS000211,72,15,15,72,1
PG003060,P004413,1102.169,1812.09,BS000232,BS000211,72,15,15,72,1
PG003065,P004419,1162.169,1872.09,BS000232,BS000211,72,15,15,72,1
PG003067,P004421,1162.169,1872.09,BS000232,BS000211,72,15,15,72,1
PG003069,P004423,1162.169,1872.09,BS000232,BS000211,72,15,15,72,1
PG003071,P004425,1162.169,1872.09,BS000232,BS000211,72,15,15,72,1
PG003000,P004316,715.2,1413.763,BS000210,BS000233,71,15,15,71,1
PG003002,P004318,715.2,1413.763,BS000210,BS000233,71,15,15,71,1
PG003004,P004320,715.2,1413.763,BS000210,BS000233,71,15,15,71,1
PG003008,P004324,715.2,1413.763,BS000210,BS000233,71,15,15,71,1
PG003009,P004326,715.2,1413.763,BS000210,BS000233,71,15,15,71,1
PG003010,P004328,715.2,1413.763,BS000210,BS000233,71,15,15,71,1
PG003014,P004332,715.2,1413.763,BS000210,BS000233,71,15,15,71,1
PG003016,P004334,715.2,1413.763,BS000210,BS000233,71,15,15,71,1
PG003018,P004336,715.2,1413.763,BS000210,BS000233,71,15,15,71,1
PG003019,P004338,715.2,1413.763,BS000210,BS000233,71,15,15,71,1
PG003020,P004340,715.2,1413.763,BS000210,BS000233,71,15,15,71,1
PG003021,P004342,715.2,1413.763,BS000210,BS000233,71,15,15,71,1
PG003027,P004348,745.2,1443.763,BS000210,BS000233,71,15,15,71,1
PG003028,P004350,745.2,1443.763,BS000210,BS000233,71,15,15,71,1
PG003030,P004352,745.2,1443.763,BS000210,BS000233,71,15,15,71,1
PG003032,P004354,715.2,1413.763,BS000210,BS000233,71,15,15,71,1
PG003034,P004356,715.2,1413.763,BS000210,BS000233,71,15,15,71,1
PG003038,P004360,715.2,1413.763,BS000210,BS000233,71,15,15,71,1
PG003042,P004366,745.2,1443.763,BS000210,BS000233,71,15,15,71,1
PG003043,P004370,745.2,1443.763,BS000210,BS000233,71,15,15,71,1
PG003045,P004376,745.2,1443.763,BS000210,BS000233,71,15,15,71,1
PG003047,P004378,745.2,1443.763,BS000210,BS000233,71,15,15,71,1
PG003049,P004382,715.2,1413.763,BS000210,BS000233,71,15,15,71,1
PG003055,P004404,745.2,1443.763,BS000210,BS000233,71,15,15,71,1
PG003057,P004406,745.2,1443.763,BS000210,BS000233,71,15,15,71,1
PG003066,P004420,775.2,1473.763,BS000210,BS000233,71,15,15,71,1
PG003068,P004422,775.2,1473.763,BS000210,BS000233,71,15,15,71,1
PG003070,P004424,775.2,1473.763,BS000210,BS000233,71,15,15,71,1
PG003072,P004426,775.2,1473.763,BS000210,BS000233,71,15,15,71,1
PG003005,P004321,1072.169,1812.09,BS000232,BS000211,75,15,15,75,1
PG003011,P004329,1072.169,1812.09,BS000232,BS000211,75,15,15,75,1
PG003022,P004343,1072.169,1812.09,BS000232,BS000211,75,15,15,75,1
PG003024,P004345,1072.169,1812.09,BS000232,BS000211,75,15,15,75,1
PG003035,P004357,1072.169,1812.09,BS000232,BS000211,75,15,15,75,1
PG003039,P004361,1072.169,1812.09,BS000232,BS000211,75,15,15,75,1
PG003040,P004363,1072.169,1812.09,BS000232,BS000211,75,15,15,75,1
PG003051,P004385,1072.169,1812.09,BS000232,BS000211,75,15,15,75,1
PG003053,P004389,1072.169,1812.09,BS000232,BS000211,75,15,15,75,1
PG003054,P004391,1072.169,1812.09,BS000232,BS000211,75,15,15,75,1
PG003061,P004415,1132.169,1872.09,BS000232,BS000211,75,15,15,75,1
PG003063,P004417,1132.169,1872.09,BS000232,BS000211,75,15,15,75,1
PG003006,P004322,745.2,1473.763,BS000210,BS000233,74,15,15,74,1
PG003012,P004330,745.2,1473.763,BS000210,BS000233,74,15,15,74,1
PG003023,P004344,745.2,1473.763,BS000210,BS000233,74,15,15,74,1
PG003025,P004346,745.2,1473.763,BS000210,BS000233,74,15,15,74,1
PG003036,P004358,745.2,1473.763,BS000210,BS000233,74,15,15,74,1
PG003062,P004416,775.2,1503.763,BS000210,BS000233,74,15,15,74,1
PG003064,P004418,775.2,1503.763,BS000210,BS000233,74,15,15,74,1
PG003073,P004427,1003.089,1362.53,BS000234,BS000213,37,4,4,37,1
PG003075,P004429,1003.089,1362.53,BS000234,BS000213,37,4,4,37,1
PG003077,P004431,1003.089,1362.53,BS000234,BS000213,37,4,4,37,1
PG003081,P004435,1003.089,1362.53,BS000234,BS000213,37,4,4,37,1
PG003083,P004437,1003.089,1362.53,BS000234,BS000213,37,4,4,37,1
PG003085,P004439,1003.089,1362.53,BS000234,BS000213,37,4,4,37,1
PG003090,P004445,1003.089,1362.53,BS000234,BS000213,37,4,4,37,1
PG003091,P004447,1003.089,1362.53,BS000234,BS000213,37,4,4,37,1
PG003099,P004459,1063.089,1422.53,BS000234,BS000213,37,4,4,37,1
PG003100,P004463,1063.089,1422.53,BS000234,BS000213,37,4,4,37,1
PG003102,P004465,1003.089,1362.53,BS000234,BS000213,37,4,4,37,1
PG003104,P004467,1003.089,1362.53,BS000234,BS000213,37,4,4,37,1
PG003108,P004471,1003.089,1362.53,BS000234,BS000213,37,4,4,37,1
PG003114,P004477,1063.089,1422.53,BS000234,BS000213,37,4,4,37,1
PG003115,P004487,1063.089,1422.53,BS000234,BS000213,37,4,4,37,1
PG003117,P004489,1063.089,1422.53,BS000234,BS000213,37,4,4,37,1
PG003119,P004493,1003.089,1362.53,BS000234,BS000213,37,4,4,37,1
PG003121,P004495,1003.089,1362.53,BS000234,BS000213,37,4,4,37,1
PG003124,P004499,1003.089,1362.53,BS000234,BS000213,37,4,4,37,1
PG003129,P004517,1063.089,1422.53,BS000234,BS000213,37,4,4,37,1
PG003131,P004521,1063.089,1422.53,BS000234,BS000213,37,4,4,37,1
PG003133,P004523,1063.089,1422.53,BS000234,BS000213,37,4,4,37,1
PG003139,P004531,1123.089,1482.53,BS000234,BS000213,37,4,4,37,1
PG003141,P004533,1123.089,1482.53,BS000234,BS000213,37,4,4,37,1
PG003143,P004535,1123.089,1482.53,BS000234,BS000213,37,4,4,37,1
PG003145,P004537,1123.089,1482.53,BS000234,BS000213,37,4,4,37,1
PG003074,P004428,710.494,1071.62,BS000212,BS000235,36,5,5,36,1
PG003076,P004430,710.494,1071.62,BS000212,BS000235,36,5,5,36,1
PG003078,P004432,710.494,1071.62,BS000212,BS000235,36,5,5,36,1
PG003082,P004436,710.494,1071.62,BS000212,BS000235,36,5,5,36,1
PG003084,P004438,710.494,1071.62,BS000212,BS000235,36,5,5,36,1
PG003086,P004440,710.494,1071.62,BS000212,BS000235,36,5,5,36,1
PG003089,P004444,710.494,1071.62,BS000212,BS000235,36,5,5,36,1
PG003092,P004448,710.494,1071.62,BS000212,BS000235,36,5,5,36,1
PG003093,P004450,710.494,1071.62,BS000212,BS000235,36,5,5,36,1
PG003094,P004454,710.494,1071.62,BS000212,BS000235,36,5,5,36,1
PG003101,P004464,740.494,1101.62,BS000212,BS000235,36,5,5,36,1
PG003103,P004466,710.494,1071.62,BS000212,BS000235,36,5,5,36,1
PG003105,P004468,710.494,1071.62,BS000212,BS000235,36,5,5,36,1
PG003109,P004472,710.494,1071.62,BS000212,BS000235,36,5,5,36,1
PG003116,P004488,740.494,1101.62,BS000212,BS000235,36,5,5,36,1
PG003118,P004490,740.494,1101.62,BS000212,BS000235,36,5,5,36,1
PG003120,P004494,710.494,1071.62,BS000212,BS000235,36,5,5,36,1
PG003122,P004496,710.494,1071.62,BS000212,BS000235,36,5,5,36,1
PG003125,P004500,710.494,1071.62,BS000212,BS000235,36,5,5,36,1
PG003130,P004518,740.494,1101.62,BS000212,BS000235,36,5,5,36,1
PG003132,P004522,740.494,1101.62,BS000212,BS000235,36,5,5,36,1
PG003134,P004524,740.494,1101.62,BS000212,BS000235,36,5,5,36,1
PG003140,P004532,770.494,1131.62,BS000212,BS000235,36,5,5,36,1
PG003142,P004534,770.494,1131.62,BS000212,BS000235,36,5,5,36,1
PG003144,P004536,770.494,1131.62,BS000212,BS000235,36,5,5,36,1
PG003146,P004538,770.494,1131.62,BS000212,BS000235,36,5,5,36,1
PG003079,P004433,1033.089,1422.53,BS000234,BS000213,40,4,4,40,1
PG003087,P004441,1033.089,1422.53,BS000234,BS000213,40,4,4,40,1
PG003095,P004455,1033.089,1422.53,BS000234,BS000213,40,4,4,40,1
PG003097,P004457,1033.089,1422.53,BS000234,BS000213,40,4,4,40,1
PG003106,P004469,1033.089,1422.53,BS000234,BS000213,40,4,4,40,1
PG003110,P004473,1033.089,1422.53,BS000234,BS000213,40,4,4,40,1
PG003112,P004475,1033.089,1422.53,BS000234,BS000213,40,4,4,40,1
PG003123,P004497,1033.089,1422.53,BS000234,BS000213,40,4,4,40,1
PG003127,P004503,1033.089,1422.53,BS000234,BS000213,40,4,4,40,1
PG003135,P004527,1093.089,1482.53,BS000234,BS000213,40,4,4,40,1
PG003137,P004529,1093.089,1482.53,BS000234,BS000213,40,4,4,40,1
PG003080,P004434,740.494,1131.62,BS000212,BS000235,39,5,5,39,1
PG003088,P004442,740.494,1131.62,BS000212,BS000235,39,5,5,39,1
PG003096,P004456,740.494,1131.62,BS000212,BS000235,39,5,5,39,1
PG003098,P004458,740.494,1131.62,BS000212,BS000235,39,5,5,39,1
PG003107,P004470,740.494,1131.62,BS000212,BS000235,39,5,5,39,1
PG003111,P004474,740.494,1131.62,BS000212,BS000235,39,5,5,39,1
PG003113,P004476,740.494,1131.62,BS000212,BS000235,39,5,5,39,1
PG003126,P004502,740.494,1131.62,BS000212,BS000235,39,5,5,39,1
PG003128,P004504,740.494,1131.62,BS000212,BS000235,39,5,5,39,1
PG003136,P004528,770.494,1161.62,BS000212,BS000235,39,5,5,39,1
PG003138,P004530,770.494,1161.62,BS000212,BS000235,39,5,5,39,1
PG003147,P004539,1176.985,1773.494,BS000236,BS000215,60,4,4,60,1
PG003149,P004541,1176.985,1773.494,BS000236,BS000215,60,4,4,60,1
PG003151,P004543,1176.985,1773.494,BS000236,BS000215,60,4,4,60,1
PG003155,P004547,1176.985,1773.494,BS000236,BS000215,60,4,4,60,1
PG003167,P004571,1236.985,1833.494,BS000236,BS000215,60,4,4,60,1
PG003168,P004575,1236.985,1833.494,BS000236,BS000215,60,4,4,60,1
PG003173,P004589,1236.985,1833.494,BS000236,BS000215,60,4,4,60,1
PG003174,P004599,1236.985,1833.494,BS000236,BS000215,60,4,4,60,1
PG003176,P004601,1236.985,1833.494,BS000236,BS000215,60,4,4,60,1
PG003179,P004629,1236.985,1833.494,BS000236,BS000215,60,4,4,60,1
PG003185,P004643,1296.985,1893.494,BS000236,BS000215,60,4,4,60,1
PG003187,P004645,1296.985,1893.494,BS000236,BS000215,60,4,4,60,1
PG003189,P004647,1296.985,1893.494,BS000236,BS000215,60,4,4,60,1
PG003191,P004649,1296.985,1893.494,BS000236,BS000215,60,4,4,60,1
PG003148,P004540,774.749,1374.872,BS000214,BS000237,61,4,4,61,1
PG003150,P004542,774.749,1374.872,BS000214,BS000237,61,4,4,61,1
PG003152,P004544,774.749,1374.872,BS000214,BS000237,61,4,4,61,1
PG003156,P004548,774.749,1374.872,BS000214,BS000237,61,4,4,61,1
PG003159,P004556,774.749,1374.872,BS000214,BS000237,61,4,4,61,1
PG003160,P004560,774.749,1374.872,BS000214,BS000237,61,4,4,61,1
PG003161,P004562,774.749,1374.872,BS000214,BS000237,61,4,4,61,1
PG003162,P004566,774.749,1374.872,BS000214,BS000237,61,4,4,61,1
PG003169,P004576,804.749,1404.872,BS000214,BS000237,61,4,4,61,1
PG003175,P004600,804.749,1404.872,BS000214,BS000237,61,4,4,61,1
PG003177,P004602,804.749,1404.872,BS000214,BS000237,61,4,4,61,1
PG003180,P004630,804.749,1404.872,BS000214,BS000237,61,4,4,61,1
PG003186,P004644,834.749,1434.872,BS000214,BS000237,61,4,4,61,1
PG003188,P004646,834.749,1434.872,BS000214,BS000237,61,4,4,61,1
PG003190,P004648,834.749,1434.872,BS000214,BS000237,61,4,4,61,1
PG003192,P004650,834.749,1434.872,BS000214,BS000237,61,4,4,61,1
PG003153,P004545,1206.985,1833.494,BS000236,BS000215,63,4,4,63,1
PG003157,P004553,1206.985,1833.494,BS000236,BS000215,63,4,4,63,1
PG003163,P004567,1206.985,1833.494,BS000236,BS000215,63,4,4,63,1
PG003165,P004569,1206.985,1833.494,BS000236,BS000215,63,4,4,63,1
PG003170,P004581,1206.985,1833.494,BS000236,BS000215,63,4,4,63,1
PG003172,P004585,1206.985,1833.494,BS000236,BS000215,63,4,4,63,1
PG003178,P004609,1206.985,1833.494,BS000236,BS000215,63,4,4,63,1
PG003181,P004639,1266.985,1893.494,BS000236,BS000215,63,4,4,63,1
PG003183,P004641,1266.985,1893.494,BS000236,BS000215,63,4,4,63,1
PG003154,P004546,804.749,1434.872,BS000214,BS000237,64,4,4,64,1
PG003158,P004554,804.749,1434.872,BS000214,BS000237,64,4,4,64,1
PG003164,P004568,804.749,1434.872,BS000214,BS000237,64,4,4,64,1
PG003166,P004570,804.749,1434.872,BS000214,BS000237,64,4,4,64,1
PG003171,P004582,804.749,1434.872,BS000214,BS000237,64,4,4,64,1
PG003182,P004640,834.749,1464.872,BS000214,BS000237,64,4,4,64,1
PG003184,P004642,834.749,1464.872,BS000214,BS000237,64,4,4,64,1
PG003193,P004651,1216.074,1733.92,BS000238,BS000217,52,15,15,52,1
PG003195,P004653,1216.074,1733.92,BS000238,BS000217,52,15,15,52,1
PG003197,P004655,1216.074,1733.92,BS000238,BS000217,52,15,15,52,1
PG003201,P004659,1216.074,1733.92,BS000238,BS000217,52,15,15,52,1
PG003203,P004661,1216.074,1733.92,BS000238,BS000217,52,15,15,52,1
PG003204,P004663,1216.074,1733.92,BS000238,BS000217,52,15,15,52,1
PG003207,P004667,1216.074,1733.92,BS000238,BS000217,52,15,15,52,1
PG003209,P004669,1216.074,1733.92,BS000238,BS000217,52,15,15,52,1
PG003210,P004671,1216.074,1733.92,BS000238,BS000217,52,15,15,52,1
PG003212,P004673,1216.074,1733.92,BS000238,BS000217,52,15,15,52,1
PG003214,P004675,1216.074,1733.92,BS000238,BS000217,52,15,15,52,1
PG003215,P004677,1216.074,1733.92,BS000238,BS000217,52,15,15,52,1
PG003221,P004683,1276.074,1793.92,BS000238,BS000217,52,15,15,52,1
PG003222,P004685,1276.074,1793.92,BS000238,BS000217,52,15,15,52,1
PG003223,P004687,1276.074,1793.92,BS000238,BS000217,52,15,15,52,1
PG003225,P004689,1216.074,1733.92,BS000238,BS000217,52,15,15,52,1
PG003226,P004691,1216.074,1733.92,BS000238,BS000217,52,15,15,52,1
PG003229,P004695,1216.074,1733.92,BS000238,BS000217,52,15,15,52,1
PG003231,P004701,1276.074,1793.92,BS000238,BS000217,52,15,15,52,1
PG003232,P004705,1276.074,1793.92,BS000238,BS000217,52,15,15,52,1
PG003233,P004711,1276.074,1793.92,BS000238,BS000217,52,15,15,52,1
PG003235,P004713,1276.074,1793.92,BS000238,BS000217,52,15,15,52,1
PG003237,P004717,1216.074,1733.92,BS000238,BS000217,52,15,15,52,1
PG003239,P004739,1276.074,1793.92,BS000238,BS000217,52,15,15,52,1
PG003240,P004741,1276.074,1793.92,BS000238,BS000217,52,15,15,52,1
PG003246,P004755,1336.074,1853.92,BS000238,BS000217,52,15,15,52,1
PG003248,P004757,1336.074,1853.92,BS000238,BS000217,52,15,15,52,1
PG003250,P004759,1336.074,1853.92,BS000238,BS000217,52,15,15,52,1
PG003252,P004761,1336.074,1853.92,BS000238,BS000217,52,15,15,52,1
PG003194,P004652,768.033,1289.165,BS000216,BS000239,53,15,15,53,1
PG003196,P004654,768.033,1289.165,BS000216,BS000239,53,15,15,53,1
PG003198,P004656,768.033,1289.165,BS000216,BS000239,53,15,15,53,1
PG003202,P004660,768.033,1289.165,BS000216,BS000239,53,15,15,53,1
PG003208,P004668,768.033,1289.165,BS000216,BS000239,53,15,15,53,1
PG003211,P004672,768.033,1289.165,BS000216,BS000239,53,15,15,53,1
PG003213,P004674,768.033,1289.165,BS000216,BS000239,53,15,15,53,1
PG003216,P004678,768.033,1289.165,BS000216,BS000239,53,15,15,53,1
PG003224,P004688,798.033,1319.165,BS000216,BS000239,53,15,15,53,1
PG003234,P004712,798.033,1319.165,BS000216,BS000239,53,15,15,53,1
PG003236,P004714,798.033,1319.165,BS000216,BS000239,53,15,15,53,1
PG003241,P004742,798.033,1319.165,BS000216,BS000239,53,15,15,53,1
PG003247,P004756,828.033,1349.165,BS000216,BS000239,53,15,15,53,1
PG003249,P004758,828.033,1349.165,BS000216,BS000239,53,15,15,53,1
PG003251,P004760,828.033,1349.165,BS000216,BS000239,53,15,15,53,1
PG003253,P004762,828.033,1349.165,BS000216,BS000239,53,15,15,53,1
PG003199,P004657,1246.074,1793.92,BS000238,BS000217,55,15,15,55,1
PG003205,P004665,1246.074,1793.92,BS000238,BS000217,55,15,15,55,1
PG003217,P004679,1246.074,1793.92,BS000238,BS000217,55,15,15,55,1
PG003219,P004681,1246.074,1793.92,BS000238,BS000217,55,15,15,55,1
PG003227,P004693,1246.074,1793.92,BS000238,BS000217,55,15,15,55,1
PG003230,P004697,1246.074,1793.92,BS000238,BS000217,55,15,15,55,1
PG003238,P004721,1246.074,1793.92,BS000238,BS000217,55,15,15,55,1
PG003242,P004751,1306.074,1853.92,BS000238,BS000217,55,15,15,55,1
PG003244,P004753,1306.074,1853.92,BS000238,BS000217,55,15,15,55,1
PG003200,P004658,798.033,1349.165,BS000216,BS000239,56,15,15,56,1
PG003206,P004666,798.033,1349.165,BS000216,BS000239,56,15,15,56,1
PG003218,P004680,798.033,1349.165,BS000216,BS000239,56,15,15,56,1
PG003220,P004682,798.033,1349.165,BS000216,BS000239,56,15,15,56,1
PG003228,P004694,798.033,1349.165,BS000216,BS000239,56,15,15,56,1
PG003243,P004752,828.033,1379.165,BS000216,BS000239,56,15,15,56,1
PG003245,P004754,828.033,1379.165,BS000216,BS000239,56,15,15,56,1
PG003254,P004763,680.418,1778.467,BS000198,BS000202,111,15,15,111,1
PG003256,P004765,680.418,1778.467,BS000198,BS000202,111,15,15,111,1
PG003257,P004767,680.418,1778.467,BS000198,BS000202,111,15,15,111,1
PG003259,P004770,680.418,1778.467,BS000198,BS000202,111,15,15,111,1
PG003260,P004772,680.418,1778.467,BS000198,BS000202,111,15,15,111,1
PG003261,P004774,680.418,1778.467,BS000198,BS000202,111,15,15,111,1
PG003262,P004777,680.418,1778.467,BS000198,BS000202,111,15,15,111,1
PG003264,P004779,680.418,1778.467,BS000198,BS000202,111,15,15,111,1
PG003266,P004781,680.418,1778.467,BS000198,BS000202,111,15,15,111,1
PG003275,P004805,680.418,1778.467,BS000198,BS000202,111,15,15,111,1
PG003276,P004807,680.418,1778.467,BS000198,BS000202,111,15,15,111,1
PG003277,P004809,680.418,1778.467,BS000198,BS000202,111,15,15,111,1
PG003278,P004811,680.418,1778.467,BS000198,BS000202,111,15,15,111,1
PG003255,P004764,790.18,1894.873,BS000201,BS000002,111,15,15,111,1
PG003258,P004768,790.18,1894.873,BS000201,BS000002,111,15,15,111,1
PG003263,P004778,790.18,1894.873,BS000201,BS000002,111,15,15,111,1
PG003265,P004780,790.18,1894.873,BS000201,BS000002,111,15,15,111,1
PG003267,P004782,790.18,1894.873,BS000201,BS000002,111,15,15,111,1
PG003268,P004786,790.18,1894.873,BS000201,BS000002,111,15,15,111,1
PG003269,P004790,790.18,1894.873,BS000201,BS000002,111,15,15,111,1
PG003270,P004796,790.18,1894.873,BS000201,BS000002,111,15,15,111,1
PG003271,P004799,710.418,1838.467,BS000198,BS000202,114,15,15,114,1
PG003272,P004800,820.18,1954.873,BS000201,BS000002,114,15,15,114,1
PG003273,P004803,710.418,1838.467,BS000198,BS000202,114,15,15,114,1
PG003274,P004804,820.18,1954.873,BS000201,BS000002,114,15,15,114,1
PG003279,P004839,736.237,1072.269,BS000203,BS000055,34,8,8,34,1
PG003281,P004840,736.237,1072.269,BS000203,BS000055,34,8,8,34,1
PG003285,P004842,736.237,1072.269,BS000203,BS000055,34,8,8,34,1
PG003287,P004846,736.237,1072.269,BS000203,BS000055,34,8,8,34,1
PG003289,P004849,736.237,1072.269,BS000203,BS000055,34,8,8,34,1
PG003291,P004850,736.237,1072.269,BS000203,BS000055,34,8,8,34,1
PG003295,P004862,736.237,1072.269,BS000203,BS000055,34,8,8,34,1
PG003299,P004864,736.237,1072.269,BS000203,BS000055,34,8,8,34,1
PG003301,P004868,736.237,1072.269,BS000203,BS000055,34,8,8,34,1
PG003303,P004872,736.237,1072.269,BS000203,BS000055,34,8,8,34,1
PG003305,P004878,736.237,1072.269,BS000203,BS000055,34,8,8,34,1
PG003280,P004839,1092.868,1839.215,BS000240,BS000002,75,15,15,75,1
PG003282,P004840,1092.868,1839.215,BS000240,BS000002,75,15,15,75,1
PG003286,P004842,1092.868,1839.215,BS000240,BS000002,75,15,15,75,1
PG003288,P004846,1092.868,1839.215,BS000240,BS000002,75,15,15,75,1
PG003290,P004849,1092.868,1839.215,BS000240,BS000002,75,15,15,75,1
PG003292,P004850,1092.868,1839.215,BS000240,BS000002,75,15,15,75,1
PG003296,P004862,1092.868,1839.215,BS000240,BS000002,75,15,15,75,1
PG003300,P004864,1092.868,1839.215,BS000240,BS000002,75,15,15,75,1
PG003302,P004868,1092.868,1839.215,BS000240,BS000002,75,15,15,75,1
PG003304,P004872,1092.868,1839.215,BS000240,BS000002,75,15,15,75,1
PG003306,P004878,1092.868,1839.215,BS000240,BS000002,75,15,15,75,1
PG003310,P004884,1152.868,1899.215,BS000240,BS000002,75,15,15,75,1
PG003283,P004841,680.418,1414.317,BS000198,BS000241,74,15,15,74,1
PG003293,P004851,680.418,1414.317,BS000198,BS000241,74,15,15,74,1
PG003297,P004863,680.418,1414.317,BS000198,BS000241,74,15,15,74,1
PG003307,P004883,710.418,1444.317,BS000198,BS000241,74,15,15,74,1
PG003284,P004841,1445.926,1784.449,BS000054,BS000204,34,8,8,34,1
PG003294,P004851,1445.926,1784.449,BS000054,BS000204,34,8,8,34,1
PG003298,P004863,1445.926,1784.449,BS000054,BS000204,34,8,8,34,1
PG003308,P004883,1475.926,1844.449,BS000054,BS000204,37,8,8,37,1
PG003309,P004884,766.237,1132.269,BS000203,BS000055,37,8,8,37,1
PG003311,P004931,1318.553,2011.608,BS000242,BS000002,69,15,15,69,1
PG003312,P004932,1318.553,2011.608,BS000242,BS000002,69,15,15,69,1
PG003314,P004934,1318.553,2011.608,BS000242,BS000002,69,15,15,69,1
PG003316,P004936,1318.553,2011.608,BS000242,BS000002,69,15,15,69,1
PG003318,P004938,1318.553,2011.608,BS000242,BS000002,69,15,15,69,1
PG003320,P004940,1318.553,2011.608,BS000242,BS000002,69,15,15,69,1
PG003321,P004941,1318.553,2011.608,BS000242,BS000002,69,15,15,69,1
PG003323,P004943,1318.553,2011.608,BS000242,BS000002,69,15,15,69,1
PG003324,P004944,1378.553,2071.608,BS000242,BS000002,69,15,15,69,1
PG003325,P004945,1318.553,2011.608,BS000242,BS000002,69,15,15,69,1
PG003326,P004946,1318.553,2011.608,BS000242,BS000002,69,15,15,69,1
PG003328,P004948,1318.553,2011.608,BS000242,BS000002,69,15,15,69,1
PG003330,P004950,1318.553,2011.608,BS000242,BS000002,69,15,15,69,1
PG003313,P004933,680.418,1360.151,BS000198,BS000243,68,15,15,68,1
PG003315,P004935,680.418,1360.151,BS000198,BS000243,68,15,15,68,1
PG003317,P004937,680.418,1360.151,BS000198,BS000243,68,15,15,68,1
PG003319,P004939,680.418,1360.151,BS000198,BS000243,68,15,15,68,1
PG003322,P004942,680.418,1360.151,BS000198,BS000243,68,15,15,68,1
PG003327,P004947,680.418,1360.151,BS000198,BS000243,68,15,15,68,1
PG003329,P004949,680.418,1360.151,BS000198,BS000243,68,15,15,68,1
PG003331,P004953,680.418,1360.151,BS000198,BS000243,68,15,15,68,1
PG003332,P004957,710.418,1390.151,BS000198,BS000243,68,15,15,68,1
PG003333,P004962,710.418,1420.151,BS000198,BS000243,71,15,15,71,1
PG003334,P004964,748.091,1277.811,BS000205,BS000244,54,8,8,54,1
PG003337,P004967,748.091,1277.811,BS000205,BS000244,54,8,8,54,1
PG003340,P004969,748.091,1277.811,BS000205,BS000244,54,8,8,54,1
PG003335,P004964,1527.811,1557.811,BS000245,BS000246,2,2,2,2,1
PG003338,P004967,1527.811,1557.811,BS000245,BS000246,2,2,2,2,1
PG003341,P004969,1527.811,1557.811,BS000245,BS000246,2,2,2,2,1
PG003336,P004964,1557.811,2171.018,BS000246,BS000002,62,15,15,62,1
PG003339,P004967,1557.811,2171.018,BS000246,BS000002,62,15,15,62,1
PG003342,P004969,1557.811,2171.018,BS000246,BS000002,62,15,15,62,1
PG003343,P004978,680.418,2004.095,BS000198,BS000012,134,13,13,134,1
PG003345,P004980,680.418,2004.095,BS000198,BS000012,134,13,13,134,1
PG003348,P004984,680.418,2004.095,BS000198,BS000012,134,13,13,134,1
PG003349,P004986,680.418,2004.095,BS000198,BS000012,134,13,13,134,1
PG003344,P004979,721.736,2074.624,BS000206,BS000002,137,12,12,137,1
PG003346,P004981,721.736,2074.624,BS000206,BS000002,137,12,12,137,1
PG003347,P004983,721.736,2074.624,BS000206,BS000002,137,12,12,137,1
PG003350,P004992,680.418,1643.93,BS000198,BS000014,98,15,15,98,1
PG003352,P004996,680.418,1643.93,BS000198,BS000014,98,15,15,98,1
PG003356,P005000,680.418,1643.93,BS000198,BS000014,98,15,15,98,1
PG003358,P005004,680.418,1643.93,BS000198,BS000014,98,15,15,98,1
PG003362,P005008,680.418,1643.93,BS000198,BS000014,98,15,15,98,1
PG003364,P005010,680.418,1643.93,BS000198,BS000014,98,15,15,98,1
PG003365,P005012,680.418,1643.93,BS000198,BS000014,98,15,15,98,1
PG003368,P005018,680.418,1643.93,BS000198,BS000014,98,15,15,98,1
PG003378,P005036,680.418,1643.93,BS000198,BS000014,98,15,15,98,1
PG003351,P004993,675.176,1643.467,BS000207,BS000002,99,15,15,99,1
PG003353,P004997,675.176,1643.467,BS000207,BS000002,99,15,15,99,1
PG003357,P005001,675.176,1643.467,BS000207,BS000002,99,15,15,99,1
PG003359,P005005,675.176,1643.467,BS000207,BS000002,99,15,15,99,1
PG003363,P005009,675.176,1643.467,BS000207,BS000002,99,15,15,99,1
PG003366,P005013,675.176,1643.467,BS000207,BS000002,99,15,15,99,1
PG003367,P005015,675.176,1643.467,BS000207,BS000002,99,15,15,99,1
PG003369,P005019,675.176,1643.467,BS000207,BS000002,99,15,15,99,1
PG003379,P005037,675.176,1643.467,BS000207,BS000002,99,15,15,99,1
PG003354,P004998,710.418,1703.93,BS000198,BS000014,101,15,15,101,1
PG003360,P005006,710.418,1703.93,BS000198,BS000014,101,15,15,101,1
PG003370,P005020,710.418,1703.93,BS000198,BS000014,101,15,15,101,1
PG003372,P005022,710.418,1703.93,BS000198,BS000014,101,15,15,101,1
PG003355,P004999,705.176,1703.467,BS000207,BS000002,102,15,15,102,1
PG003361,P005007,705.176,1703.467,BS000207,BS000002,102,15,15,102,1
PG003371,P005021,705.176,1703.467,BS000207,BS000002,102,15,15,102,1
PG003373,P005023,705.176,1703.467,BS000207,BS000002,102,15,15,102,1
PG003374,P005024,710.418,1703.93,BS000198,BS000014,101,15,15,101,1
PG003376,P005026,710.418,1703.93,BS000198,BS000014,101,15,15,101,1
PG003380,P005042,710.418,1703.93,BS000198,BS000014,101,15,15,101,1
PG003382,P005046,710.418,1703.93,BS000198,BS000014,101,15,15,101,1
PG003384,P005050,710.418,1703.93,BS000198,BS000014,101,15,15,101,1
PG003375,P005025,705.176,1703.467,BS000207,BS000002,102,15,15,102,1
PG003377,P005027,705.176,1703.467,BS000207,BS000002,102,15,15,102,1
PG003381,P005045,705.176,1703.467,BS000207,BS000002,102,15,15,102,1
PG003383,P005049,705.176,1703.467,BS000207,BS000002,102,15,15,102,1
PG003385,P005051,705.176,1703.467,BS000207,BS000002,102,15,15,102,1
PG003386,P005057,705.176,1703.467,BS000207,BS000002,102,15,15,102,1
PG003387,P005061,722.646,1141.574,BS000208,BS000247,42,12,12,42,1
PG003391,P005066,722.646,1141.574,BS000208,BS000247,42,12,12,42,1
PG003395,P005070,722.646,1141.574,BS000208,BS000247,42,12,12,42,1
PG003399,P005071,722.646,1141.574,BS000208,BS000247,42,12,12,42,1
PG003403,P005075,722.646,1141.574,BS000208,BS000247,42,12,12,42,1
PG003388,P005061,1191.574,1261.574,BS000248,BS000249,6,6,6,6,1
PG003392,P005066,1191.574,1261.574,BS000248,BS000249,6,6,6,6,1
PG003396,P005070,1191.574,1261.574,BS000248,BS000249,6,6,6,6,1
PG003400,P005071,1191.574,1261.574,BS000248,BS000249,6,6,6,6,1
PG003404,P005075,1191.574,1261.574,BS000248,BS000249,6,6,6,6,1
PG003411,P005078,1251.574,1321.574,BS000248,BS000249,6,6,6,6,1
PG003389,P005061,1311.574,1341.574,BS000250,BS000251,2,2,2,2,1
PG003393,P005066,1311.574,1341.574,BS000250,BS000251,2,2,2,2,1
PG003397,P005070,1311.574,1341.574,BS000250,BS000251,2,2,2,2,1
PG003401,P005071,1311.574,1341.574,BS000250,BS000251,2,2,2,2,1
PG003405,P005075,1311.574,1341.574,BS000250,BS000251,2,2,2,2,1
PG003412,P005078,1371.574,1401.574,BS000250,BS000251,2,2,2,2,1
PG003390,P005061,1341.574,1996.201,BS000251,BS000002,65,15,15,65,1
PG003394,P005066,1341.574,1996.201,BS000251,BS000002,65,15,15,65,1
PG003398,P005070,1341.574,1996.201,BS000251,BS000002,65,15,15,65,1
PG003402,P005071,1341.574,1996.201,BS000251,BS000002,65,15,15,65,1
PG003406,P005075,1341.574,1996.201,BS000251,BS000002,65,15,15,65,1
PG003413,P005078,1401.574,2056.201,BS000251,BS000002,65,15,15,65,1
PG003407,P005077,710.418,1382.669,BS000198,BS000252,68,15,15,68,1
PG003408,P005077,1422.669,1502.669,BS000253,BS000254,7,6,6,7,1
PG003409,P005077,1552.669,2002.651,BS000255,BS000209,45,12,12,45,1
PG003410,P005078,752.646,1201.574,BS000208,BS000247,45,12,12,45,1
PG003414,P005102,986.897,1016.897,BS000069,BS000256,2,1,1,2,1
PG003416,P005106,986.897,1016.897,BS000069,BS000256,2,1,1,2,1
PG003418,P005108,1046.897,1076.897,BS000069,BS000256,2,1,1,2,1
PG003420,P005109,986.897,1016.897,BS000069,BS000256,2,1,1,2,1
PG003422,P005117,986.897,1016.897,BS000069,BS000256,2,1,1,2,1
PG003424,P005121,986.897,1016.897,BS000069,BS000256,2,1,1,2,1
PG003426,P005123,986.897,1016.897,BS000069,BS000256,2,1,1,2,1
PG003428,P005127,986.897,1016.897,BS000069,BS000256,2,1,1,2,1
PG003430,P005129,1046.897,1076.897,BS000069,BS000256,2,1,1,2,1
PG003434,P005131,1046.897,1076.897,BS000069,BS000256,2,1,1,2,1
PG003436,P005133,1016.897,1046.897,BS000069,BS000256,2,1,1,2,1
PG003438,P005137,1016.897,1046.897,BS000069,BS000256,2,1,1,2,1
PG003415,P005102,1036.897,1759.635,BS000257,BS000002,72,15,15,72,1
PG003417,P005106,1036.897,1759.635,BS000257,BS000002,72,15,15,72,1
PG003419,P005108,1096.897,1819.635,BS000257,BS000002,72,15,15,72,1
PG003421,P005109,1036.897,1759.635,BS000257,BS000002,72,15,15,72,1
PG003423,P005117,1036.897,1759.635,BS000257,BS000002,72,15,15,72,1
PG003425,P005121,1036.897,1759.635,BS000257,BS000002,72,15,15,72,1
PG003427,P005123,1036.897,1759.635,BS000257,BS000002,72,15,15,72,1
PG003429,P005127,1036.897,1759.635,BS000257,BS000002,72,15,15,72,1
PG003431,P005129,1096.897,1819.635,BS000257,BS000002,72,15,15,72,1
PG003435,P005131,1096.897,1819.635,BS000257,BS000002,72,15,15,72,1
PG003432,P005130,710.418,1419.313,BS000198,BS000258,71,15,15,71,1
PG003433,P005130,1449.313,1479.313,BS000067,BS000259,2,1,1,2,1
PG003437,P005133,1066.897,1819.635,BS000257,BS000002,75,15,15,75,1
PG003439,P005137,1066.897,1819.635,BS000257,BS000002,75,15,15,75,1
PG003440,P005168,715.2,1954.712,BS000210,BS000002,126,15,15,126,1
PG003441,P005174,715.2,1954.712,BS000210,BS000002,126,15,15,126,1
PG003442,P005178,715.2,1954.712,BS000210,BS000002,126,15,15,126,1
PG003443,P005180,715.2,1954.712,BS000210,BS000002,126,15,15,126,1
PG003444,P005184,715.2,1954.712,BS000210,BS000002,126,15,15,126,1
PG003445,P005185,710.418,1975.429,BS000198,BS000211,129,15,15,129,1
PG003446,P005186,745.2,2014.712,BS000210,BS000002,129,15,15,129,1
PG003447,P005209,710.494,1797.901,BS000212,BS000002,110,15,15,110,1
PG003448,P005213,710.494,1797.901,BS000212,BS000002,110,15,15,110,1
PG003449,P005216,710.494,1797.901,BS000212,BS000002,110,15,15,110,1
PG003450,P005224,710.494,1797.901,BS000212,BS000002,110,15,15,110,1
PG003451,P005228,710.494,1797.901,BS000212,BS000002,110,15,15,110,1
PG003452,P005230,710.494,1797.901,BS000212,BS000002,110,15,15,110,1
PG003453,P005234,710.494,1797.901,BS000212,BS000002,110,15,15,110,1
PG003454,P005237,710.418,1824.248,BS000198,BS000213,114,15,15,114,1
PG003455,P005238,740.494,1857.901,BS000212,BS000002,113,15,15,113,1
PG003456,P005277,764.701,1639.89,BS000199,BS000260,88,11,11,88,1
PG003462,P005280,764.701,1639.89,BS000199,BS000260,88,11,11,88,1
PG003472,P005295,764.701,1639.89,BS000199,BS000260,88,11,11,88,1
PG003474,P005297,764.701,1639.89,BS000199,BS000260,88,11,11,88,1
PG003476,P005299,764.701,1639.89,BS000199,BS000260,88,11,11,88,1
PG003457,P005277,1852.069,2191.428,BS000261,BS000204,34,8,8,34,1
PG003463,P005280,1852.069,2191.428,BS000261,BS000204,34,8,8,34,1
PG003473,P005295,1852.069,2191.428,BS000261,BS000204,34,8,8,34,1
PG003475,P005297,1852.069,2191.428,BS000261,BS000204,34,8,8,34,1
PG003477,P005299,1852.069,2191.428,BS000261,BS000204,34,8,8,34,1
PG003458,P005278,736.237,1072.269,BS000203,BS000055,34,8,8,34,1
PG003460,P005279,736.237,1072.269,BS000203,BS000055,34,8,8,34,1
PG003464,P005281,736.237,1072.269,BS000203,BS000055,34,8,8,34,1
PG003466,P005285,736.237,1072.269,BS000203,BS000055,34,8,8,34,1
PG003468,P005291,736.237,1072.269,BS000203,BS000055,34,8,8,34,1
PG003459,P005278,1261.898,2146.667,BS000262,BS000200,89,11,11,89,1
PG003461,P005279,1261.898,2146.667,BS000262,BS000200,89,11,11,89,1
PG003465,P005281,1261.898,2146.667,BS000262,BS000200,89,11,11,89,1
PG003467,P005285,1261.898,2146.667,BS000262,BS000200,89,11,11,89,1
PG003469,P005291,1261.898,2146.667,BS000262,BS000200,89,11,11,89,1
PG003471,P005292,1321.898,2206.667,BS000262,BS000200,89,11,11,89,1
PG003470,P005292,766.237,1132.269,BS000203,BS000055,37,8,8,37,1
PG003478,P005311,1077.908,1902.459,BS000263,BS000200,83,12,12,83,1
PG003479,P005312,1077.908,1902.459,BS000263,BS000200,83,12,12,83,1
PG003481,P005314,1077.908,1902.459,BS000263,BS000200,83,12,12,83,1
PG003484,P005318,1077.908,1902.459,BS000263,BS000200,83,12,12,83,1
PG003486,P005320,1137.908,1962.459,BS000263,BS000200,83,12,12,83,1
PG003487,P005321,1077.908,1902.459,BS000263,BS000200,83,12,12,83,1
PG003488,P005322,1077.908,1902.459,BS000263,BS000200,83,12,12,83,1
PG003492,P005328,1077.908,1902.459,BS000263,BS000200,83,12,12,83,1
PG003494,P005330,1137.908,1962.459,BS000263,BS000200,83,12,12,83,1
PG003496,P005332,1077.908,1902.459,BS000263,BS000200,83,12,12,83,1
PG003498,P005334,1077.908,1902.459,BS000263,BS000200,83,12,12,83,1
PG003500,P005336,1077.908,1902.459,BS000263,BS000200,83,12,12,83,1
PG003513,P005371,1137.908,1962.459,BS000263,BS000200,83,12,12,83,1
PG003514,P005372,1137.908,1962.459,BS000263,BS000200,83,12,12,83,1
PG003480,P005313,764.701,1576.048,BS000199,BS000264,81,10,10,81,1
PG003482,P005315,764.701,1576.048,BS000199,BS000264,81,10,10,81,1
PG003483,P005317,764.701,1576.048,BS000199,BS000264,81,10,10,81,1
PG003485,P005319,794.701,1606.048,BS000199,BS000264,81,10,10,81,1
PG003489,P005323,764.701,1576.048,BS000199,BS000264,81,10,10,81,1
PG003490,P005325,764.701,1576.048,BS000199,BS000264,81,10,10,81,1
PG003491,P005327,764.701,1576.048,BS000199,BS000264,81,10,10,81,1
PG003493,P005329,794.701,1606.048,BS000199,BS000264,81,10,10,81,1
PG003495,P005331,764.701,1576.048,BS000199,BS000264,81,10,10,81,1
PG003497,P005333,764.701,1576.048,BS000199,BS000264,81,10,10,81,1
PG003499,P005335,764.701,1576.048,BS000199,BS000264,81,10,10,81,1
PG003501,P005337,764.701,1576.048,BS000199,BS000264,81,10,10,81,1
PG003502,P005341,764.701,1576.048,BS000199,BS000264,81,10,10,81,1
PG003503,P005343,764.701,1576.048,BS000199,BS000264,81,10,10,81,1
PG003504,P005355,794.701,1606.048,BS000199,BS000264,81,10,10,81,1
PG003511,P005363,764.701,1576.048,BS000199,BS000264,81,10,10,81,1
PG003512,P005365,764.701,1576.048,BS000199,BS000264,81,10,10,81,1
PG003505,P005357,794.701,1636.048,BS000199,BS000264,84,10,10,84,1
PG003507,P005359,794.701,1636.048,BS000199,BS000264,84,10,10,84,1
PG003509,P005361,794.701,1636.048,BS000199,BS000264,84,10,10,84,1
PG003515,P005383,794.701,1636.048,BS000199,BS000264,84,10,10,84,1
PG003517,P005387,794.701,1636.048,BS000199,BS000264,84,10,10,84,1
PG003519,P005391,794.701,1636.048,BS000199,BS000264,84,10,10,84,1
PG003506,P005358,1107.908,1962.459,BS000263,BS000200,86,12,12,86,1
PG003508,P005360,1107.908,1962.459,BS000263,BS000200,86,12,12,86,1
PG003510,P005362,1107.908,1962.459,BS000263,BS000200,86,12,12,86,1
PG003516,P005386,1107.908,1962.459,BS000263,BS000200,86,12,12,86,1
PG003518,P005390,1107.908,1962.459,BS000263,BS000200,86,12,12,86,1
PG003520,P005392,1107.908,1962.459,BS000263,BS000200,86,12,12,86,1
PG003521,P005401,764.701,1763.719,BS000199,BS000010,102,9,9,102,1
PG003523,P005403,764.701,1763.719,BS000199,BS000010,102,9,9,102,1
PG003525,P005405,764.701,1763.719,BS000199,BS000010,102,9,9,102,1
PG003528,P005409,764.701,1763.719,BS000199,BS000010,102,9,9,102,1
PG003532,P005413,764.701,1763.719,BS000199,BS000010,102,9,9,102,1
PG003534,P005415,764.701,1763.719,BS000199,BS000010,102,9,9,102,1
PG003536,P005417,764.701,1763.719,BS000199,BS000010,102,9,9,102,1
PG003538,P005419,764.701,1763.719,BS000199,BS000010,102,9,9,102,1
PG003540,P005421,764.701,1763.719,BS000199,BS000010,102,9,9,102,1
PG003544,P005425,764.701,1763.719,BS000199,BS000010,102,9,9,102,1
PG003546,P005427,764.701,1763.719,BS000199,BS000010,102,9,9,102,1
PG003548,P005429,764.701,1763.719,BS000199,BS000010,102,9,9,102,1
PG003551,P005433,764.701,1763.719,BS000199,BS000010,102,9,9,102,1
PG003556,P005443,764.701,1763.719,BS000199,BS000010,102,9,9,102,1
PG003568,P005461,764.701,1763.719,BS000199,BS000010,102,9,9,102,1
PG003571,P005469,764.701,1763.719,BS000199,BS000010,102,9,9,102,1
PG003522,P005402,748.091,1751.971,BS000205,BS000200,103,9,9,103,1
PG003524,P005404,748.091,1751.971,BS000205,BS000200,103,9,9,103,1
PG003526,P005406,748.091,1751.971,BS000205,BS000200,103,9,9,103,1
PG003527,P005408,748.091,1751.971,BS000205,BS000200,103,9,9,103,1
PG003529,P005410,748.091,1751.971,BS000205,BS000200,103,9,9,103,1
PG003533,P005414,748.091,1751.971,BS000205,BS000200,103,9,9,103,1
PG003535,P005416,748.091,1751.971,BS000205,BS000200,103,9,9,103,1
PG003537,P005418,748.091,1751.971,BS000205,BS000200,103,9,9,103,1
PG003539,P005420,748.091,1751.971,BS000205,BS000200,103,9,9,103,1
PG003541,P005422,748.091,1751.971,BS000205,BS000200,103,9,9,103,1
PG003545,P005426,748.091,1751.971,BS000205,BS000200,103,9,9,103,1
PG003547,P005428,748.091,1751.971,BS000205,BS000200,103,9,9,103,1
PG003549,P005430,748.091,1751.971,BS000205,BS000200,103,9,9,103,1
PG003550,P005432,748.091,1751.971,BS000205,BS000200,103,9,9,103,1
PG003552,P005434,748.091,1751.971,BS000205,BS000200,103,9,9,103,1
PG003553,P005438,748.091,1751.971,BS000205,BS000200,103,9,9,103,1
PG003554,P005440,748.091,1751.971,BS000205,BS000200,103,9,9,103,1
PG003555,P005442,748.091,1751.971,BS000205,BS000200,103,9,9,103,1
PG003557,P005444,748.091,1751.971,BS000205,BS000200,103,9,9,103,1
PG003569,P005462,748.091,1751.971,BS000205,BS000200,103,9,9,103,1
PG003570,P005464,748.091,1751.971,BS000205,BS000200,103,9,9,103,1
PG003572,P005470,748.091,1751.971,BS000205,BS000200,103,9,9,103,1
PG003530,P005411,794.701,1823.719,BS000199,BS000010,105,9,9,105,1
PG003542,P005423,794.701,1823.719,BS000199,BS000010,105,9,9,105,1
PG003558,P005445,794.701,1823.719,BS000199,BS000010,105,9,9,105,1
PG003560,P005447,794.701,1823.719,BS000199,BS000010,105,9,9,105,1
PG003561,P005449,794.701,1823.719,BS000199,BS000010,105,9,9,105,1
PG003531,P005412,778.091,1811.971,BS000205,BS000200,106,9,9,106,1
PG003543,P005424,778.091,1811.971,BS000205,BS000200,106,9,9,106,1
PG003559,P005446,778.091,1811.971,BS000205,BS000200,106,9,9,106,1
PG003562,P005450,778.091,1811.971,BS000205,BS000200,106,9,9,106,1
PG003573,P005476,778.091,1811.971,BS000205,BS000200,106,9,9,106,1
PG003563,P005451,794.701,1823.719,BS000199,BS000010,105,9,9,105,1
PG003565,P005453,794.701,1823.719,BS000199,BS000010,105,9,9,105,1
PG003574,P005479,794.701,1823.719,BS000199,BS000010,105,9,9,105,1
PG003576,P005481,794.701,1823.719,BS000199,BS000010,105,9,9,105,1
PG003578,P005483,794.701,1823.719,BS000199,BS000010,105,9,9,105,1
PG003580,P005485,794.701,1823.719,BS000199,BS000010,105,9,9,105,1
PG003582,P005487,794.701,1823.719,BS000199,BS000010,105,9,9,105,1
PG003585,P005495,794.701,1823.719,BS000199,BS000010,105,9,9,105,1
PG003564,P005452,778.091,1811.971,BS000205,BS000200,106,9,9,106,1
PG003566,P005454,778.091,1811.971,BS000205,BS000200,106,9,9,106,1
PG003567,P005456,778.091,1811.971,BS000205,BS000200,106,9,9,106,1
PG003575,P005480,778.091,1811.971,BS000205,BS000200,106,9,9,106,1
PG003577,P005482,778.091,1811.971,BS000205,BS000200,106,9,9,106,1
PG003579,P005484,778.091,1811.971,BS000205,BS000200,106,9,9,106,1
PG003581,P005486,778.091,1811.971,BS000205,BS000200,106,9,9,106,1
PG003583,P005488,778.091,1811.971,BS000205,BS000200,106,9,9,106,1
PG003584,P005494,778.091,1811.971,BS000205,BS000200,106,9,9,106,1
PG003586,P005496,778.091,1811.971,BS000205,BS000200,106,9,9,106,1
PG003587,P005497,1024.776,1844.566,BS000265,BS000200,82,9,9,82,1
PG003590,P005501,1024.776,1844.566,BS000265,BS000200,82,9,9,82,1
PG003592,P005503,1084.776,1904.566,BS000265,BS000200,82,9,9,82,1
PG003593,P005504,1024.776,1844.566,BS000265,BS000200,82,9,9,82,1
PG003597,P005510,1084.776,1904.566,BS000265,BS000200,82,9,9,82,1
PG003599,P005512,1024.776,1844.566,BS000265,BS000200,82,9,9,82,1
PG003602,P005516,1024.776,1844.566,BS000265,BS000200,82,9,9,82,1
PG003604,P005518,1024.776,1844.566,BS000265,BS000200,82,9,9,82,1
PG003607,P005522,1024.776,1844.566,BS000265,BS000200,82,9,9,82,1
PG003609,P005524,1084.776,1904.566,BS000265,BS000200,82,9,9,82,1
PG003611,P005526,1084.776,1904.566,BS000265,BS000200,82,9,9,82,1
PG003588,P005498,764.701,1573.735,BS000199,BS000266,81,9,9,81,1
PG003589,P005500,764.701,1573.735,BS000199,BS000266,81,9,9,81,1
PG003591,P005502,794.701,1603.735,BS000199,BS000266,81,9,9,81,1
PG003594,P005505,764.701,1573.735,BS000199,BS000266,81,9,9,81,1
PG003595,P005507,764.701,1573.735,BS000199,BS000266,81,9,9,81,1
PG003596,P005509,794.701,1603.735,BS000199,BS000266,81,9,9,81,1
PG003598,P005511,764.701,1573.735,BS000199,BS000266,81,9,9,81,1
PG003600,P005513,764.701,1573.735,BS000199,BS000266,81,9,9,81,1
PG003601,P005515,764.701,1573.735,BS000199,BS000266,81,9,9,81,1
PG003603,P005517,764.701,1573.735,BS000199,BS000266,81,9,9,81,1
PG003605,P005519,764.701,1573.735,BS000199,BS000266,81,9,9,81,1
PG003606,P005521,764.701,1573.735,BS000199,BS000266,81,9,9,81,1
PG003608,P005523,794.701,1603.735,BS000199,BS000266,81,9,9,81,1
PG003610,P005525,794.701,1603.735,BS000199,BS000266,81,9,9,81,1
PG003615,P005533,764.701,1573.735,BS000199,BS000266,81,9,9,81,1
PG003616,P005535,764.701,1573.735,BS000199,BS000266,81,9,9,81,1
PG003617,P005538,764.701,1573.735,BS000199,BS000266,81,9,9,81,1
PG003618,P005540,794.701,1603.735,BS000199,BS000266,81,9,9,81,1
PG003619,P005542,794.701,1603.735,BS000199,BS000266,81,9,9,81,1
PG003612,P005527,794.701,1633.735,BS000199,BS000266,84,9,9,84,1
PG003622,P005552,794.701,1633.735,BS000199,BS000266,84,9,9,84,1
PG003613,P005528,1054.776,1904.566,BS000265,BS000200,85,9,9,85,1
PG003614,P005532,1054.776,1904.566,BS000265,BS000200,85,9,9,85,1
PG003620,P005547,1054.776,1904.566,BS000265,BS000200,85,9,9,85,1
PG003621,P005551,1054.776,1904.566,BS000265,BS000200,85,9,9,85,1
PG003623,P005553,1054.776,1904.566,BS000265,BS000200,85,9,9,85,1
PG003624,P005559,1054.776,1904.566,BS000265,BS000200,85,9,9,85,1
PG003625,P005560,768.033,1851.177,BS000216,BS000200,110,11,11,110,1
PG003626,P005564,768.033,1851.177,BS000216,BS000200,110,11,11,110,1
PG003627,P005567,768.033,1851.177,BS000216,BS000200,110,11,11,110,1
PG003629,P005575,768.033,1851.177,BS000216,BS000200,110,11,11,110,1
PG003630,P005579,768.033,1851.177,BS000216,BS000200,110,11,11,110,1
PG003631,P005581,768.033,1851.177,BS000216,BS000200,110,11,11,110,1
PG003632,P005585,768.033,1851.177,BS000216,BS000200,110,11,11,110,1
PG003628,P005574,764.701,1839.977,BS000199,BS000217,109,11,11,109,1
PG003633,P005588,794.701,1899.977,BS000199,BS000217,112,11,11,112,1
PG003634,P005589,798.033,1911.177,BS000216,BS000200,113,11,11,113,1
PG003635,P005616,794.701,1899.977,BS000199,BS000217,112,11,11,112,1
PG003636,P005617,798.033,1911.177,BS000216,BS000200,113,11,11,113,1
PG003637,P005624,790.18,1430.368,BS000201,BS000267,64,14,14,64,1
PG003641,P005626,790.18,1430.368,BS000201,BS000267,64,14,14,64,1
PG003645,P005632,790.18,1430.368,BS000201,BS000267,64,14,14,64,1
PG003649,P005636,790.18,1430.368,BS000201,BS000267,64,14,14,64,1
PG003653,P005638,790.18,1430.368,BS000201,BS000267,64,14,14,64,1
PG003657,P005640,790.18,1430.368,BS000201,BS000267,64,14,14,64,1
PG003659,P005644,790.18,1430.368,BS000201,BS000267,64,14,14,64,1
PG003665,P005652,790.18,1430.368,BS000201,BS000267,64,14,14,64,1
PG003669,P005656,790.18,1430.368,BS000201,BS000267,64,14,14,64,1
PG003675,P005666,790.18,1430.368,BS000201,BS000267,64,14,14,64,1
PG003679,P005678,790.18,1430.368,BS000201,BS000267,64,14,14,64,1
PG003681,P005690,790.18,1430.368,BS000201,BS000267,64,14,14,64,1
PG003638,P005624,1434.802,1776.928,BS000077,BS000204,34,8,8,34,1
PG003642,P005626,1434.802,1776.928,BS000077,BS000204,34,8,8,34,1
PG003646,P005632,1434.802,1776.928,BS000077,BS000204,34,8,8,34,1
PG003650,P005636,1434.802,1776.928,BS000077,BS000204,34,8,8,34,1
PG003654,P005638,1434.802,1776.928,BS000077,BS000204,34,8,8,34,1
PG003658,P005640,1434.802,1776.928,BS000077,BS000204,34,8,8,34,1
PG003660,P005644,1434.802,1776.928,BS000077,BS000204,34,8,8,34,1
PG003666,P005652,1434.802,1776.928,BS000077,BS000204,34,8,8,34,1
PG003670,P005656,1434.802,1776.928,BS000077,BS000204,34,8,8,34,1
PG003676,P005666,1434.802,1776.928,BS000077,BS000204,34,8,8,34,1
PG003680,P005678,1434.802,1776.928,BS000077,BS000204,34,8,8,34,1
PG003682,P005690,1434.802,1776.928,BS000077,BS000204,34,8,8,34,1
PG003690,P005708,1494.802,1836.928,BS000077,BS000204,34,8,8,34,1
PG003639,P005625,736.237,1069.204,BS000203,BS000078,34,8,8,34,1
PG003643,P005627,736.237,1069.204,BS000203,BS000078,34,8,8,34,1
PG003647,P005633,736.237,1069.204,BS000203,BS000078,34,8,8,34,1
PG003651,P005637,736.237,1069.204,BS000203,BS000078,34,8,8,34,1
PG003655,P005639,736.237,1069.204,BS000203,BS000078,34,8,8,34,1
PG003661,P005645,736.237,1069.204,BS000203,BS000078,34,8,8,34,1
PG003663,P005651,736.237,1069.204,BS000203,BS000078,34,8,8,34,1
PG003667,P005653,736.237,1069.204,BS000203,BS000078,34,8,8,34,1
PG003671,P005657,736.237,1069.204,BS000203,BS000078,34,8,8,34,1
PG003673,P005661,736.237,1069.204,BS000203,BS000078,34,8,8,34,1
PG003677,P005667,736.237,1069.204,BS000203,BS000078,34,8,8,34,1
PG003683,P005691,736.237,1069.204,BS000203,BS000078,34,8,8,34,1
PG003685,P005703,766.237,1099.204,BS000203,BS000078,34,8,8,34,1
PG003687,P005707,766.237,1099.204,BS000203,BS000078,34,8,8,34,1
PG003691,P005709,766.237,1099.204,BS000203,BS000078,34,8,8,34,1
PG003693,P005717,766.237,1099.204,BS000203,BS000078,34,8,8,34,1
PG003640,P005625,1079.204,1715.287,BS000268,BS000202,64,14,14,64,1
PG003644,P005627,1079.204,1715.287,BS000268,BS000202,64,14,14,64,1
PG003648,P005633,1079.204,1715.287,BS000268,BS000202,64,14,14,64,1
PG003652,P005637,1079.204,1715.287,BS000268,BS000202,64,14,14,64,1
PG003656,P005639,1079.204,1715.287,BS000268,BS000202,64,14,14,64,1
PG003662,P005645,1079.204,1715.287,BS000268,BS000202,64,14,14,64,1
PG003664,P005651,1079.204,1715.287,BS000268,BS000202,64,14,14,64,1
PG003668,P005653,1079.204,1715.287,BS000268,BS000202,64,14,14,64,1
PG003672,P005657,1079.204,1715.287,BS000268,BS000202,64,14,14,64,1
PG003674,P005661,1079.204,1715.287,BS000268,BS000202,64,14,14,64,1
PG003678,P005667,1079.204,1715.287,BS000268,BS000202,64,14,14,64,1
PG003684,P005691,1079.204,1715.287,BS000268,BS000202,64,14,14,64,1
PG003686,P005703,1109.204,1775.287,BS000268,BS000202,67,14,14,67,1
PG003688,P005707,1109.204,1775.287,BS000268,BS000202,67,14,14,67,1
PG003692,P005709,1109.204,1775.287,BS000268,BS000202,67,14,14,67,1
PG003694,P005717,1109.204,1775.287,BS000268,BS000202,67,14,14,67,1
PG003689,P005708,820.18,1490.368,BS000201,BS000267,67,14,14,67,1
PG003695,P005718,1248.881,1278.881,BS000269,BS000270,2,1,1,2,1
PG003696,P005718,1328.881,1966.402,BS000271,BS000202,64,14,14,64,1
PG003697,P005750,790.18,1314.532,BS000201,BS000272,52,14,14,52,1
PG003698,P005750,1646.178,1796.178,BS000273,BS000274,14,3,3,14,1
PG003699,P005750,1810.041,2182.427,BS000275,BS000010,37,8,8,37,1
PG003700,P005772,790.18,1941.58,BS000201,BS000012,117,13,13,117,1
PG003702,P005775,790.18,1941.58,BS000201,BS000012,117,13,13,117,1
PG003703,P005778,790.18,1941.58,BS000201,BS000012,117,13,13,117,1
PG003705,P005780,790.18,1941.58,BS000201,BS000012,117,13,13,117,1
PG003707,P005782,790.18,1941.58,BS000201,BS000012,117,13,13,117,1
PG003701,P005774,721.736,1895.702,BS000206,BS000202,120,11,11,120,1
PG003704,P005779,721.736,1895.702,BS000206,BS000202,120,11,11,120,1
PG003706,P005781,721.736,1895.702,BS000206,BS000202,120,11,11,120,1
PG003708,P005783,721.736,1895.702,BS000206,BS000202,120,11,11,120,1
PG003709,P005787,721.736,1895.702,BS000206,BS000202,120,11,11,120,1
PG003710,P005794,820.18,2001.58,BS000201,BS000012,120,13,13,120,1
PG003711,P005795,751.736,1955.702,BS000206,BS000202,123,11,11,123,1
PG003712,P005820,675.176,1688.605,BS000207,BS000202,103,14,14,103,1
PG003713,P005824,675.176,1688.605,BS000207,BS000202,103,14,14,103,1
PG003716,P005827,675.176,1688.605,BS000207,BS000202,103,14,14,103,1
PG003721,P005835,675.176,1688.605,BS000207,BS000202,103,14,14,103,1
PG003724,P005839,675.176,1688.605,BS000207,BS000202,103,14,14,103,1
PG003726,P005841,675.176,1688.605,BS000207,BS000202,103,14,14,103,1
PG003727,P005845,675.176,1688.605,BS000207,BS000202,103,14,14,103,1
PG003714,P005825,820.18,1865.475,BS000201,BS000014,106,14,14,106,1
PG003718,P005832,820.18,1865.475,BS000201,BS000014,106,14,14,106,1
PG003728,P005846,820.18,1865.475,BS000201,BS000014,106,14,14,106,1
PG003730,P005848,820.18,1865.475,BS000201,BS000014,106,14,14,106,1
PG003715,P005826,705.176,1748.605,BS000207,BS000202,106,14,14,106,1
PG003719,P005833,705.176,1748.605,BS000207,BS000202,106,14,14,106,1
PG003729,P005847,705.176,1748.605,BS000207,BS000202,106,14,14,106,1
PG003731,P005849,705.176,1748.605,BS000207,BS000202,106,14,14,106,1
PG003717,P005828,790.18,1805.475,BS000201,BS000014,103,14,14,103,1
PG003720,P005834,790.18,1805.475,BS000201,BS000014,103,14,14,103,1
PG003722,P005836,790.18,1805.475,BS000201,BS000014,103,14,14,103,1
PG003723,P005838,790.18,1805.475,BS000201,BS000014,103,14,14,103,1
PG003725,P005840,790.18,1805.475,BS000201,BS000014,103,14,14,103,1
PG003736,P005854,790.18,1805.475,BS000201,BS000014,103,14,14,103,1
PG003732,P005850,820.18,1865.475,BS000201,BS000014,106,14,14,106,1
PG003734,P005852,820.18,1865.475,BS000201,BS000014,106,14,14,106,1
PG003737,P005866,820.18,1865.475,BS000201,BS000014,106,14,14,106,1
PG003738,P005870,820.18,1865.475,BS000201,BS000014,106,14,14,106,1
PG003739,P005874,820.18,1865.475,BS000201,BS000014,106,14,14,106,1
PG003733,P005851,705.176,1748.605,BS000207,BS000202,106,14,14,106,1
PG003735,P005853,705.176,1748.605,BS000207,BS000202,106,14,14,106,1
PG003740,P005875,705.176,1748.605,BS000207,BS000202,106,14,14,106,1
PG003741,P005884,722.646,1138.608,BS000208,BS000276,42,12,12,42,1
PG003742,P005884,1178.608,1218.608,BS000277,BS000278,3,4,4,3,1
PG003743,P005884,1298.608,1378.608,BS000279,BS000280,7,2,2,7,1
PG003744,P005884,1458.608,1498.608,BS000281,BS000282,3,1,1,3,1
PG003745,P005884,1498.608,2061.42,BS000282,BS000202,57,14,14,57,1
PG003746,P005892,956.681,986.681,BS000283,BS000084,2,1,1,2,1
PG003748,P005896,956.681,986.681,BS000283,BS000084,2,1,1,2,1
PG003750,P005898,1016.681,1046.681,BS000283,BS000084,2,1,1,2,1
PG003752,P005903,956.681,986.681,BS000283,BS000084,2,1,1,2,1
PG003754,P005907,956.681,986.681,BS000283,BS000084,2,1,1,2,1
PG003756,P005911,956.681,986.681,BS000283,BS000084,2,1,1,2,1
PG003758,P005913,956.681,986.681,BS000283,BS000084,2,1,1,2,1
PG003760,P005917,956.681,986.681,BS000283,BS000084,2,1,1,2,1
PG003762,P005919,1016.681,1046.681,BS000283,BS000084,2,1,1,2,1
PG003764,P005921,1016.681,1046.681,BS000283,BS000084,2,1,1,2,1
PG003766,P005923,986.681,1016.681,BS000283,BS000084,2,1,1,2,1
PG003768,P005940,986.681,1016.681,BS000283,BS000084,2,1,1,2,1
PG003770,P005944,986.681,1016.681,BS000283,BS000084,2,1,1,2,1
PG003774,P005946,986.681,1016.681,BS000283,BS000084,2,1,1,2,1
PG003776,P005952,986.681,1016.681,BS000283,BS000084,2,1,1,2,1
PG003747,P005892,1036.681,1697.942,BS000284,BS000202,67,14,14,67,1
PG003749,P005896,1036.681,1697.942,BS000284,BS000202,67,14,14,67,1
PG003751,P005898,1096.681,1757.942,BS000284,BS000202,67,14,14,67,1
PG003753,P005903,1036.681,1697.942,BS000284,BS000202,67,14,14,67,1
PG003755,P005907,1036.681,1697.942,BS000284,BS000202,67,14,14,67,1
PG003757,P005911,1036.681,1697.942,BS000284,BS000202,67,14,14,67,1
PG003759,P005913,1036.681,1697.942,BS000284,BS000202,67,14,14,67,1
PG003761,P005917,1036.681,1697.942,BS000284,BS000202,67,14,14,67,1
PG003763,P005919,1096.681,1757.942,BS000284,BS000202,67,14,14,67,1
PG003765,P005921,1096.681,1757.942,BS000284,BS000202,67,14,14,67,1
PG003767,P005923,1066.681,1757.942,BS000284,BS000202,70,14,14,70,1
PG003769,P005940,1066.681,1757.942,BS000284,BS000202,70,14,14,70,1
PG003771,P005944,1066.681,1757.942,BS000284,BS000202,70,14,14,70,1
PG003775,P005946,1066.681,1757.942,BS000284,BS000202,70,14,14,70,1
PG003777,P005952,1066.681,1757.942,BS000284,BS000202,70,14,14,70,1
PG003772,P005945,820.18,1508.812,BS000201,BS000285,69,14,14,69,1
PG003773,P005945,1558.812,1588.812,BS000081,BS000286,2,1,1,2,1
PG003778,P005954,715.2,2031.611,BS000210,BS000202,134,7,7,134,1
PG003779,P005960,710.494,1867.898,BS000212,BS000202,117,14,14,117,1
PG003780,P005963,710.494,1867.898,BS000212,BS000202,117,14,14,117,1
PG003781,P005993,768.033,1290.477,BS000216,BS000287,53,15,15,53,1
PG003782,P005993,1310.477,1330.477,BS000288,BS000289,1,1,1,1,1
PG003783,P005993,1637.08,2178.907,BS000290,BS000202,54,14,14,54,1
PG003784,P006004,736.237,1072.269,BS000203,BS000055,34,8,8,34,1
PG003788,P006006,736.237,1072.269,BS000203,BS000055,34,8,8,34,1
PG003792,P006008,736.237,1072.269,BS000203,BS000055,34,8,8,34,1
PG003794,P006010,736.237,1072.269,BS000203,BS000055,34,8,8,34,1
PG003796,P006012,736.237,1072.269,BS000203,BS000055,34,8,8,34,1
PG003798,P006014,766.237,1102.269,BS000203,BS000055,34,8,8,34,1
PG003800,P006016,736.237,1072.269,BS000203,BS000055,34,8,8,34,1
PG003804,P006018,736.237,1072.269,BS000203,BS000055,34,8,8,34,1
PG003808,P006020,736.237,1072.269,BS000203,BS000055,34,8,8,34,1
PG003810,P006022,736.237,1072.269,BS000203,BS000055,34,8,8,34,1
PG003812,P006024,736.237,1072.269,BS000203,BS000055,34,8,8,34,1
PG003814,P006026,766.237,1102.269,BS000203,BS000055,34,8,8,34,1
PG003816,P006028,736.237,1072.269,BS000203,BS000055,34,8,8,34,1
PG003820,P006030,736.237,1072.269,BS000203,BS000055,34,8,8,34,1
PG003824,P006032,736.237,1072.269,BS000203,BS000055,34,8,8,34,1
PG003828,P006034,736.237,1072.269,BS000203,BS000055,34,8,8,34,1
PG003830,P006036,736.237,1072.269,BS000203,BS000055,34,8,8,34,1
PG003832,P006038,736.237,1072.269,BS000203,BS000055,34,8,8,34,1
PG003834,P006040,736.237,1072.269,BS000203,BS000055,34,8,8,34,1
PG003836,P006042,736.237,1072.269,BS000203,BS000055,34,8,8,34,1
PG003838,P006044,736.237,1072.269,BS000203,BS000055,34,8,8,34,1
PG003840,P006046,736.237,1072.269,BS000203,BS000055,34,8,8,34,1
PG003842,P006048,766.237,1102.269,BS000203,BS000055,34,8,8,34,1
PG003844,P006050,766.237,1102.269,BS000203,BS000055,34,8,8,34,1
PG003846,P006052,766.237,1102.269,BS000203,BS000055,34,8,8,34,1
PG003848,P006058,736.237,1072.269,BS000203,BS000055,34,8,8,34,1
PG003850,P006060,736.237,1072.269,BS000203,BS000055,34,8,8,34,1
PG003852,P006062,736.237,1072.269,BS000203,BS000055,34,8,8,34,1
PG003854,P006064,736.237,1072.269,BS000203,BS000055,34,8,8,34,1
PG003856,P006066,766.237,1102.269,BS000203,BS000055,34,8,8,34,1
PG003858,P006068,766.237,1102.269,BS000203,BS000055,34,8,8,34,1
PG003860,P006070,736.237,1072.269,BS000203,BS000055,34,8,8,34,1
PG003862,P006072,766.237,1102.269,BS000203,BS000055,34,8,8,34,1
PG003785,P006004,1116.18,1136.18,BS000291,BS000292,1,1,1,1,1
PG003789,P006006,1116.18,1136.18,BS000291,BS000292,1,1,1,1,1
PG003793,P006008,1116.18,1136.18,BS000291,BS000292,1,1,1,1,1
PG003795,P006010,1116.18,1136.18,BS000291,BS000292,1,1,1,1,1
PG003797,P006012,1116.18,1136.18,BS000291,BS000292,1,1,1,1,1
PG003799,P006014,1146.18,1166.18,BS000291,BS000292,1,1,1,1,1
PG003801,P006016,1116.18,1136.18,BS000291,BS000292,1,1,1,1,1
PG003805,P006018,1116.18,1136.18,BS000291,BS000292,1,1,1,1,1
PG003809,P006020,1116.18,1136.18,BS000291,BS000292,1,1,1,1,1
PG003811,P006022,1116.18,1136.18,BS000291,BS000292,1,1,1,1,1
PG003813,P006024,1116.18,1136.18,BS000291,BS000292,1,1,1,1,1
PG003815,P006026,1146.18,1166.18,BS000291,BS000292,1,1,1,1,1
PG003817,P006028,1116.18,1136.18,BS000291,BS000292,1,1,1,1,1
PG003821,P006030,1116.18,1136.18,BS000291,BS000292,1,1,1,1,1
PG003825,P006032,1116.18,1136.18,BS000291,BS000292,1,1,1,1,1
PG003829,P006034,1116.18,1136.18,BS000291,BS000292,1,1,1,1,1
PG003831,P006036,1116.18,1136.18,BS000291,BS000292,1,1,1,1,1
PG003833,P006038,1116.18,1136.18,BS000291,BS000292,1,1,1,1,1
PG003835,P006040,1116.18,1136.18,BS000291,BS000292,1,1,1,1,1
PG003837,P006042,1116.18,1136.18,BS000291,BS000292,1,1,1,1,1
PG003839,P006044,1116.18,1136.18,BS000291,BS000292,1,1,1,1,1
PG003841,P006046,1116.18,1136.18,BS000291,BS000292,1,1,1,1,1
PG003843,P006048,1146.18,1166.18,BS000291,BS000292,1,1,1,1,1
PG003845,P006050,1146.18,1166.18,BS000291,BS000292,1,1,1,1,1
PG003847,P006052,1146.18,1166.18,BS000291,BS000292,1,1,1,1,1
PG003849,P006058,1116.18,1136.18,BS000291,BS000292,1,1,1,1,1
PG003851,P006060,1116.18,1136.18,BS000291,BS000292,1,1,1,1,1
PG003853,P006062,1116.18,1136.18,BS000291,BS000292,1,1,1,1,1
PG003855,P006064,1116.18,1136.18,BS000291,BS000292,1,1,1,1,1
PG003857,P006066,1146.18,1166.18,BS000291,BS000292,1,1,1,1,1
PG003859,P006068,1146.18,1166.18,BS000291,BS000292,1,1,1,1,1
PG003861,P006070,1116.18,1136.18,BS000291,BS000292,1,1,1,1,1
PG003863,P006072,1146.18,1166.18,BS000291,BS000292,1,1,1,1,1
PG003786,P006005,1236.031,1256.031,BS000293,BS000294,1,1,1,1,1
PG003790,P006007,1236.031,1256.031,BS000293,BS000294,1,1,1,1,1
PG003802,P006017,1236.031,1256.031,BS000293,BS000294,1,1,1,1,1
PG003806,P006019,1236.031,1256.031,BS000293,BS000294,1,1,1,1,1
PG003818,P006029,1236.031,1256.031,BS000293,BS000294,1,1,1,1,1
PG003822,P006031,1236.031,1256.031,BS000293,BS000294,1,1,1,1,1
PG003826,P006033,1236.031,1256.031,BS000293,BS000294,1,1,1,1,1
PG003787,P006005,1314.298,1656.795,BS000090,BS000204,34,8,8,34,1
PG003791,P006007,1314.298,1656.795,BS000090,BS000204,34,8,8,34,1
PG003803,P006017,1314.298,1656.795,BS000090,BS000204,34,8,8,34,1
PG003807,P006019,1314.298,1656.795,BS000090,BS000204,34,8,8,34,1
PG003819,P006029,1314.298,1656.795,BS000090,BS000204,34,8,8,34,1
PG003823,P006031,1314.298,1656.795,BS000090,BS000204,34,8,8,34,1
PG003827,P006033,1314.298,1656.795,BS000090,BS000204,34,8,8,34,1
PG003864,P006110,736.237,1072.269,BS000203,BS000055,34,8,8,34,1
PG003866,P006114,736.237,1072.269,BS000203,BS000055,34,8,8,34,1
PG003868,P006116,736.237,1072.269,BS000203,BS000055,34,8,8,34,1
PG003870,P006152,736.237,1072.269,BS000203,BS000055,34,8,8,34,1
PG003872,P006156,736.237,1072.269,BS000203,BS000055,34,8,8,34,1
PG003874,P006160,766.237,1102.269,BS000203,BS000055,34,8,8,34,1
PG003865,P006110,1239.651,1774.334,BS000295,BS000010,54,9,9,54,1
PG003867,P006114,1239.651,1774.334,BS000295,BS000010,54,9,9,54,1
PG003869,P006116,1239.651,1774.334,BS000295,BS000010,54,9,9,54,1
PG003871,P006152,1239.651,1774.334,BS000295,BS000010,54,9,9,54,1
PG003873,P006156,1239.651,1774.334,BS000295,BS000010,54,9,9,54,1
PG003875,P006160,1269.651,1834.334,BS000295,BS000010,57,9,9,57,1
PG003876,P006192,736.237,1069.531,BS000203,BS000094,34,8,8,34,1
PG003878,P006193,736.237,1069.531,BS000203,BS000094,34,8,8,34,1
PG003880,P006202,736.237,1069.531,BS000203,BS000094,34,8,8,34,1
PG003882,P006203,736.237,1069.531,BS000203,BS000094,34,8,8,34,1
PG003884,P006204,736.237,1069.531,BS000203,BS000094,34,8,8,34,1
PG003888,P006206,736.237,1069.531,BS000203,BS000094,34,8,8,34,1
PG003894,P006240,736.237,1069.531,BS000203,BS000094,34,8,8,34,1
PG003898,P006242,736.237,1069.531,BS000203,BS000094,34,8,8,34,1
PG003902,P006244,736.237,1069.531,BS000203,BS000094,34,8,8,34,1
PG003906,P006246,736.237,1069.531,BS000203,BS000094,34,8,8,34,1
PG003908,P006248,766.237,1099.531,BS000203,BS000094,34,8,8,34,1
PG003910,P006252,736.237,1069.531,BS000203,BS000094,34,8,8,34,1
PG003914,P006254,766.237,1099.531,BS000203,BS000094,34,8,8,34,1
PG003918,P006256,766.237,1099.531,BS000203,BS000094,34,8,8,34,1
PG003922,P006258,766.237,1099.531,BS000203,BS000094,34,8,8,34,1
PG003926,P006260,766.237,1099.531,BS000203,BS000094,34,8,8,34,1
PG003877,P006192,1089.531,1765.074,BS000296,BS000012,68,15,15,68,1
PG003879,P006193,1089.531,1765.074,BS000296,BS000012,68,15,15,68,1
PG003881,P006202,1089.531,1765.074,BS000296,BS000012,68,15,15,68,1
PG003883,P006203,1089.531,1765.074,BS000296,BS000012,68,15,15,68,1
PG003885,P006204,1089.531,1765.074,BS000296,BS000012,68,15,15,68,1
PG003889,P006206,1089.531,1765.074,BS000296,BS000012,68,15,15,68,1
PG003895,P006240,1089.531,1765.074,BS000296,BS000012,68,15,15,68,1
PG003899,P006242,1089.531,1765.074,BS000296,BS000012,68,15,15,68,1
PG003903,P006244,1089.531,1765.074,BS000296,BS000012,68,15,15,68,1
PG003907,P006246,1089.531,1765.074,BS000296,BS000012,68,15,15,68,1
PG003911,P006252,1089.531,1765.074,BS000296,BS000012,68,15,15,68,1
PG003886,P006205,721.736,1425.133,BS000206,BS000297,72,15,15,72,1
PG003890,P006215,721.736,1425.133,BS000206,BS000297,72,15,15,72,1
PG003892,P006225,721.736,1425.133,BS000206,BS000297,72,15,15,72,1
PG003896,P006241,721.736,1425.133,BS000206,BS000297,72,15,15,72,1
PG003900,P006243,721.736,1425.133,BS000206,BS000297,72,15,15,72,1
PG003904,P006245,721.736,1425.133,BS000206,BS000297,72,15,15,72,1
PG003912,P006253,721.736,1425.133,BS000206,BS000297,72,15,15,72,1
PG003887,P006205,1438.318,1780.837,BS000097,BS000204,34,8,8,34,1
PG003891,P006215,1438.318,1780.837,BS000097,BS000204,34,8,8,34,1
PG003893,P006225,1438.318,1780.837,BS000097,BS000204,34,8,8,34,1
PG003897,P006241,1438.318,1780.837,BS000097,BS000204,34,8,8,34,1
PG003901,P006243,1438.318,1780.837,BS000097,BS000204,34,8,8,34,1
PG003905,P006245,1438.318,1780.837,BS000097,BS000204,34,8,8,34,1
PG003913,P006253,1438.318,1780.837,BS000097,BS000204,34,8,8,34,1
PG003917,P006255,1498.318,1840.837,BS000097,BS000204,34,8,8,34,1
PG003921,P006257,1498.318,1840.837,BS000097,BS000204,34,8,8,34,1
PG003925,P006259,1498.318,1840.837,BS000097,BS000204,34,8,8,34,1
PG003929,P006261,1498.318,1840.837,BS000097,BS000204,34,8,8,34,1
PG003909,P006248,1119.531,1825.074,BS000296,BS000012,71,15,15,71,1
PG003915,P006254,1119.531,1825.074,BS000296,BS000012,71,15,15,71,1
PG003919,P006256,1119.531,1825.074,BS000296,BS000012,71,15,15,71,1
PG003923,P006258,1119.531,1825.074,BS000296,BS000012,71,15,15,71,1
PG003927,P006260,1119.531,1825.074,BS000296,BS000012,71,15,15,71,1
PG003916,P006255,751.736,1485.133,BS000206,BS000297,75,15,15,75,1
PG003920,P006257,751.736,1485.133,BS000206,BS000297,75,15,15,75,1
PG003924,P006259,751.736,1485.133,BS000206,BS000297,75,15,15,75,1
PG003928,P006261,751.736,1485.133,BS000206,BS000297,75,15,15,75,1
PG003930,P006281,675.176,1222.875,BS000207,BS000100,56,8,8,56,1
PG003932,P006285,675.176,1222.875,BS000207,BS000100,56,8,8,56,1
PG003936,P006297,675.176,1222.875,BS000207,BS000100,56,8,8,56,1
PG003938,P006301,675.176,1222.875,BS000207,BS000100,56,8,8,56,1
PG003940,P006303,675.176,1222.875,BS000207,BS000100,56,8,8,56,1
PG003942,P006307,675.176,1222.875,BS000207,BS000100,56,8,8,56,1
PG003944,P006313,705.176,1252.875,BS000207,BS000100,56,8,8,56,1
PG003931,P006281,1222.875,1564.104,BS000100,BS000204,34,8,8,34,1
PG003933,P006285,1222.875,1564.104,BS000100,BS000204,34,8,8,34,1
PG003937,P006297,1222.875,1564.104,BS000100,BS000204,34,8,8,34,1
PG003939,P006301,1222.875,1564.104,BS000100,BS000204,34,8,8,34,1
PG003941,P006303,1222.875,1564.104,BS000100,BS000204,34,8,8,34,1
PG003943,P006307,1222.875,1564.104,BS000100,BS000204,34,8,8,34,1
PG003934,P006290,736.237,1068.457,BS000203,BS000098,34,8,8,34,1
PG003946,P006318,736.237,1068.457,BS000203,BS000098,34,8,8,34,1
PG003935,P006290,1068.457,1619.333,BS000098,BS000014,56,8,8,56,1
PG003947,P006318,1068.457,1619.333,BS000098,BS000014,56,8,8,56,1
PG003945,P006313,1252.875,1624.104,BS000100,BS000204,37,8,8,37,1
PG003948,P006344,736.237,1072.269,BS000203,BS000055,34,8,8,34,1
PG003952,P006352,736.237,1072.269,BS000203,BS000055,34,8,8,34,1
PG003956,P006354,736.237,1072.269,BS000203,BS000055,34,8,8,34,1
PG003958,P006382,736.237,1072.269,BS000203,BS000055,34,8,8,34,1
PG003949,P006344,1432.653,1840.875,BS000298,BS000209,41,12,12,41,1
PG003953,P006352,1432.653,1840.875,BS000298,BS000209,41,12,12,41,1
PG003957,P006354,1432.653,1840.875,BS000298,BS000209,41,12,12,41,1
PG003959,P006382,1432.653,1840.875,BS000298,BS000209,41,12,12,41,1
PG003950,P006345,722.646,1123.007,BS000208,BS000299,40,12,12,40,1
PG003954,P006353,722.646,1123.007,BS000208,BS000299,40,12,12,40,1
PG003951,P006345,1497.395,1839.66,BS000103,BS000204,34,8,8,34,1
PG003955,P006353,1497.395,1839.66,BS000103,BS000204,34,8,8,34,1
PG003960,P006408,942.151,1032.151,BS000300,BS000301,8,2,2,8,1
PG003964,P006412,942.151,1032.151,BS000300,BS000301,8,2,2,8,1
PG003968,P006414,1002.151,1092.151,BS000300,BS000301,8,2,2,8,1
PG003970,P006416,942.151,1032.151,BS000300,BS000301,8,2,2,8,1
PG003972,P006418,942.151,1032.151,BS000300,BS000301,8,2,2,8,1
PG003976,P006420,942.151,1032.151,BS000300,BS000301,8,2,2,8,1
PG003980,P006422,1002.151,1092.151,BS000300,BS000301,8,2,2,8,1
PG003982,P006424,942.151,1032.151,BS000300,BS000301,8,2,2,8,1
PG003984,P006426,942.151,1032.151,BS000300,BS000301,8,2,2,8,1
PG003988,P006428,942.151,1032.151,BS000300,BS000301,8,2,2,8,1
PG003990,P006430,942.151,1032.151,BS000300,BS000301,8,2,2,8,1
PG003992,P006432,942.151,1032.151,BS000300,BS000301,8,2,2,8,1
PG003996,P006434,942.151,1032.151,BS000300,BS000301,8,2,2,8,1
PG003998,P006436,1002.151,1092.151,BS000300,BS000301,8,2,2,8,1
PG004000,P006438,1002.151,1092.151,BS000300,BS000301,8,2,2,8,1
PG004002,P006440,972.151,1062.151,BS000300,BS000301,8,2,2,8,1
PG004004,P006442,972.151,1062.151,BS000300,BS000301,8,2,2,8,1
PG004006,P006444,942.151,1032.151,BS000300,BS000301,8,2,2,8,1
PG004008,P006446,942.151,1032.151,BS000300,BS000301,8,2,2,8,1
PG004012,P006450,942.151,1032.151,BS000300,BS000301,8,2,2,8,1
PG004014,P006456,972.151,1062.151,BS000300,BS000301,8,2,2,8,1
PG004018,P006458,972.151,1062.151,BS000300,BS000301,8,2,2,8,1
PG004020,P006460,972.151,1062.151,BS000300,BS000301,8,2,2,8,1
PG004024,P006462,972.151,1062.151,BS000300,BS000301,8,2,2,8,1
PG004028,P006464,972.151,1062.151,BS000300,BS000301,8,2,2,8,1
PG004030,P006468,972.151,1062.151,BS000300,BS000301,8,2,2,8,1
PG004034,P006470,972.151,1062.151,BS000300,BS000301,8,2,2,8,1
PG003961,P006408,1042.151,1384.492,BS000302,BS000204,35,8,8,35,1
PG003965,P006412,1042.151,1384.492,BS000302,BS000204,35,8,8,35,1
PG003969,P006414,1102.151,1444.492,BS000302,BS000204,35,8,8,35,1
PG003971,P006416,1042.151,1384.492,BS000302,BS000204,35,8,8,35,1
PG003973,P006418,1042.151,1384.492,BS000302,BS000204,35,8,8,35,1
PG003977,P006420,1042.151,1384.492,BS000302,BS000204,35,8,8,35,1
PG003981,P006422,1102.151,1444.492,BS000302,BS000204,35,8,8,35,1
PG003983,P006424,1042.151,1384.492,BS000302,BS000204,35,8,8,35,1
PG003985,P006426,1042.151,1384.492,BS000302,BS000204,35,8,8,35,1
PG003989,P006428,1042.151,1384.492,BS000302,BS000204,35,8,8,35,1
PG003991,P006430,1042.151,1384.492,BS000302,BS000204,35,8,8,35,1
PG003993,P006432,1042.151,1384.492,BS000302,BS000204,35,8,8,35,1
PG003997,P006434,1042.151,1384.492,BS000302,BS000204,35,8,8,35,1
PG003999,P006436,1102.151,1444.492,BS000302,BS000204,35,8,8,35,1
PG004001,P006438,1102.151,1444.492,BS000302,BS000204,35,8,8,35,1
PG004007,P006444,1042.151,1384.492,BS000302,BS000204,35,8,8,35,1
PG004009,P006446,1042.151,1384.492,BS000302,BS000204,35,8,8,35,1
PG004013,P006450,1042.151,1384.492,BS000302,BS000204,35,8,8,35,1
PG003962,P006411,736.237,1073.118,BS000203,BS000303,35,8,8,35,1
PG003966,P006413,766.237,1103.118,BS000203,BS000303,35,8,8,35,1
PG003974,P006419,736.237,1073.118,BS000203,BS000303,35,8,8,35,1
PG003978,P006421,766.237,1103.118,BS000203,BS000303,35,8,8,35,1
PG003986,P006427,736.237,1073.118,BS000203,BS000303,35,8,8,35,1
PG003994,P006433,736.237,1073.118,BS000203,BS000303,35,8,8,35,1
PG004010,P006449,736.237,1073.118,BS000203,BS000303,35,8,8,35,1
PG003963,P006411,1083.118,1163.118,BS000304,BS000305,7,2,2,7,1
PG003967,P006413,1113.118,1193.118,BS000304,BS000305,7,2,2,7,1
PG003975,P006419,1083.118,1163.118,BS000304,BS000305,7,2,2,7,1
PG003979,P006421,1113.118,1193.118,BS000304,BS000305,7,2,2,7,1
PG003987,P006427,1083.118,1163.118,BS000304,BS000305,7,2,2,7,1
PG003995,P006433,1083.118,1163.118,BS000304,BS000305,7,2,2,7,1
PG004011,P006449,1083.118,1163.118,BS000304,BS000305,7,2,2,7,1
PG004017,P006457,1143.118,1223.118,BS000304,BS000305,7,2,2,7,1
PG004023,P006461,1143.118,1223.118,BS000304,BS000305,7,2,2,7,1
PG004027,P006463,1143.118,1223.118,BS000304,BS000305,7,2,2,7,1
PG004033,P006469,1143.118,1223.118,BS000304,BS000305,7,2,2,7,1
PG004003,P006440,1072.151,1444.492,BS000302,BS000204,38,8,8,38,1
PG004005,P006442,1072.151,1444.492,BS000302,BS000204,38,8,8,38,1
PG004015,P006456,1072.151,1444.492,BS000302,BS000204,38,8,8,38,1
PG004019,P006458,1072.151,1444.492,BS000302,BS000204,38,8,8,38,1
PG004021,P006460,1072.151,1444.492,BS000302,BS000204,38,8,8,38,1
PG004025,P006462,1072.151,1444.492,BS000302,BS000204,38,8,8,38,1
PG004029,P006464,1072.151,1444.492,BS000302,BS000204,38,8,8,38,1
PG004031,P006468,1072.151,1444.492,BS000302,BS000204,38,8,8,38,1
PG004035,P006470,1072.151,1444.492,BS000302,BS000204,38,8,8,38,1
PG004016,P006457,766.237,1133.118,BS000203,BS000303,38,8,8,38,1
PG004022,P006461,766.237,1133.118,BS000203,BS000303,38,8,8,38,1
PG004026,P006463,766.237,1133.118,BS000203,BS000303,38,8,8,38,1
PG004032,P006469,766.237,1133.118,BS000203,BS000303,38,8,8,38,1
PG004036,P006471,736.237,1068.457,BS000203,BS000098,34,8,8,34,1
PG004038,P006472,736.237,1068.457,BS000203,BS000098,34,8,8,34,1
PG004042,P006474,736.237,1068.457,BS000203,BS000098,34,8,8,34,1
PG004044,P006475,736.237,1068.457,BS000203,BS000098,34,8,8,34,1
PG004048,P006477,736.237,1068.457,BS000203,BS000098,34,8,8,34,1
PG004052,P006479,736.237,1068.457,BS000203,BS000098,34,8,8,34,1
PG004056,P006483,736.237,1068.457,BS000203,BS000098,34,8,8,34,1
PG004058,P006492,736.237,1068.457,BS000203,BS000098,34,8,8,34,1
PG004062,P006494,736.237,1068.457,BS000203,BS000098,34,8,8,34,1
PG004037,P006471,1068.457,1940.694,BS000098,BS000211,88,15,15,88,1
PG004039,P006472,1068.457,1940.694,BS000098,BS000211,88,15,15,88,1
PG004043,P006474,1068.457,1940.694,BS000098,BS000211,88,15,15,88,1
PG004045,P006475,1068.457,1940.694,BS000098,BS000211,88,15,15,88,1
PG004049,P006477,1068.457,1940.694,BS000098,BS000211,88,15,15,88,1
PG004053,P006479,1068.457,1940.694,BS000098,BS000211,88,15,15,88,1
PG004057,P006483,1068.457,1940.694,BS000098,BS000211,88,15,15,88,1
PG004059,P006492,1068.457,1940.694,BS000098,BS000211,88,15,15,88,1
PG004063,P006494,1068.457,1940.694,BS000098,BS000211,88,15,15,88,1
PG004040,P006473,715.2,1579.751,BS000210,BS000306,87,15,15,87,1
PG004046,P006476,715.2,1579.751,BS000210,BS000306,87,15,15,87,1
PG004050,P006478,715.2,1579.751,BS000210,BS000306,87,15,15,87,1
PG004054,P006480,715.2,1579.751,BS000210,BS000306,87,15,15,87,1
PG004060,P006493,715.2,1579.751,BS000210,BS000306,87,15,15,87,1
PG004041,P006473,1583.983,1925.212,BS000100,BS000204,34,8,8,34,1
PG004047,P006476,1583.983,1925.212,BS000100,BS000204,34,8,8,34,1
PG004051,P006478,1583.983,1925.212,BS000100,BS000204,34,8,8,34,1
PG004055,P006480,1583.983,1925.212,BS000100,BS000204,34,8,8,34,1
PG004061,P006493,1583.983,1925.212,BS000100,BS000204,34,8,8,34,1
PG004064,P006512,736.237,1072.084,BS000203,BS000110,34,8,8,34,1
PG004076,P006522,736.237,1072.084,BS000203,BS000110,34,8,8,34,1
PG004082,P006550,736.237,1072.084,BS000203,BS000110,34,8,8,34,1
PG004065,P006512,1072.084,1132.084,BS000110,BS000307,5,2,2,5,1
PG004077,P006522,1072.084,1132.084,BS000110,BS000307,5,2,2,5,1
PG004083,P006550,1072.084,1132.084,BS000110,BS000307,5,2,2,5,1
PG004066,P006512,1152.084,1172.084,BS000112,BS000308,1,1,1,1,1
PG004078,P006522,1152.084,1172.084,BS000112,BS000308,1,1,1,1,1
PG004084,P006550,1152.084,1172.084,BS000112,BS000308,1,1,1,1,1
PG004067,P006512,1182.084,1202.084,BS000309,BS000310,1,2,2,1,1
PG004079,P006522,1182.084,1202.084,BS000309,BS000310,1,2,2,1,1
PG004085,P006550,1182.084,1202.084,BS000309,BS000310,1,2,2,1,1
PG004068,P006512,1202.084,1292.084,BS000310,BS000311,8,3,3,8,1
PG004080,P006522,1202.084,1292.084,BS000310,BS000311,8,3,3,8,1
PG004086,P006550,1202.084,1292.084,BS000310,BS000311,8,3,3,8,1
PG004069,P006512,1292.084,1694.636,BS000311,BS000213,40,9,9,40,1
PG004081,P006522,1292.084,1694.636,BS000311,BS000213,40,9,9,40,1
PG004087,P006550,1292.084,1694.636,BS000311,BS000213,40,9,9,40,1
PG004070,P006513,710.494,1100.315,BS000212,BS000118,39,10,10,39,1
PG004071,P006513,1110.315,1200.315,BS000312,BS000313,8,3,3,8,1
PG004072,P006513,1200.315,1220.315,BS000313,BS000121,1,1,1,1,1
PG004073,P006513,1230.315,1250.315,BS000314,BS000315,1,1,1,1,1
PG004074,P006513,1250.315,1327.942,BS000315,BS000127,7,2,2,7,1
PG004075,P006513,1327.942,1673.523,BS000127,BS000204,35,8,8,35,1
PG004088,P006581,774.749,1405.818,BS000214,BS000316,64,4,4,64,1
PG004090,P006585,774.749,1405.818,BS000214,BS000316,64,4,4,64,1
PG004092,P006586,774.749,1405.818,BS000214,BS000316,64,4,4,64,1
PG004096,P006590,774.749,1405.818,BS000214,BS000316,64,4,4,64,1
PG004089,P006581,1869.499,2206.458,BS000317,BS000204,34,8,8,34,1
PG004091,P006585,1869.499,2206.458,BS000317,BS000204,34,8,8,34,1
PG004093,P006586,1869.499,2206.458,BS000317,BS000204,34,8,8,34,1
PG004097,P006590,1869.499,2206.458,BS000317,BS000204,34,8,8,34,1
PG004094,P006587,736.237,1072.269,BS000203,BS000055,34,8,8,34,1
PG004095,P006587,1518.231,2142.984,BS000318,BS000215,64,4,4,64,1
PG004099,P006598,1578.231,2202.984,BS000318,BS000215,64,4,4,64,1
PG004098,P006598,766.237,1132.269,BS000203,BS000055,37,8,8,37,1
PG004100,P006601,736.237,1072.269,BS000203,BS000055,34,8,8,34,1
PG004104,P006611,736.237,1072.269,BS000203,BS000055,34,8,8,34,1
PG004108,P006639,736.237,1072.269,BS000203,BS000055,34,8,8,34,1
PG004101,P006601,1273.473,1813.527,BS000130,BS000217,54,15,15,54,1
PG004105,P006611,1273.473,1813.527,BS000130,BS000217,54,15,15,54,1
PG004109,P006639,1273.473,1813.527,BS000130,BS000217,54,15,15,54,1
PG004102,P006602,768.033,1306.264,BS000216,BS000319,54,15,15,54,1
PG004106,P006618,768.033,1306.264,BS000216,BS000319,54,15,15,54,1
PG004103,P006602,1526.239,1869.488,BS000129,BS000204,34,8,8,34,1
PG004107,P006618,1526.239,1869.488,BS000129,BS000204,34,8,8,34,1
PG004110,P006720,748.091,1115.735,BS000205,BS000133,37,8,8,37,1
PG004112,P006722,748.091,1115.735,BS000205,BS000133,37,8,8,37,1
PG004111,P006720,1116.356,1176.356,BS000134,BS000320,5,8,8,5,1
PG004113,P006722,1116.356,1176.356,BS000134,BS000320,5,8,8,5,1
PG004117,P006734,1176.356,1236.356,BS000134,BS000320,5,8,8,5,1
PG004121,P006736,1176.356,1236.356,BS000134,BS000320,5,8,8,5,1
PG004125,P006738,1176.356,1236.356,BS000134,BS000320,5,8,8,5,1
PG004129,P006740,1176.356,1236.356,BS000134,BS000320,5,8,8,5,1
PG004114,P006733,1083.907,1141.673,BS000321,BS000132,5,10,10,5,1
PG004118,P006735,1083.907,1141.673,BS000321,BS000132,5,10,10,5,1
PG004122,P006737,1083.907,1141.673,BS000321,BS000132,5,10,10,5,1
PG004126,P006739,1083.907,1141.673,BS000321,BS000132,5,10,10,5,1
PG004130,P006749,1113.907,1171.673,BS000321,BS000132,5,10,10,5,1
PG004115,P006733,1141.673,1542.909,BS000132,BS000010,40,8,8,40,1
PG004119,P006735,1141.673,1542.909,BS000132,BS000010,40,8,8,40,1
PG004123,P006737,1141.673,1542.909,BS000132,BS000010,40,8,8,40,1
PG004127,P006739,1141.673,1542.909,BS000132,BS000010,40,8,8,40,1
PG004116,P006734,778.091,1175.735,BS000205,BS000133,40,8,8,40,1
PG004120,P006736,778.091,1175.735,BS000205,BS000133,40,8,8,40,1
PG004124,P006738,778.091,1175.735,BS000205,BS000133,40,8,8,40,1
PG004128,P006740,778.091,1175.735,BS000205,BS000133,40,8,8,40,1
PG004131,P006749,1171.673,1542.909,BS000132,BS000010,37,8,8,37,1
PG004132,P006795,1307.477,1774.796,BS000322,BS000014,48,8,8,48,1
PG004136,P006803,1307.477,1774.796,BS000322,BS000014,48,8,8,48,1
PG004133,P006796,675.176,1135.67,BS000207,BS000137,47,8,8,47,1
PG004134,P006798,675.176,1135.67,BS000207,BS000137,47,8,8,47,1
PG004135,P006800,675.176,1135.67,BS000207,BS000137,47,8,8,47,1
PG004137,P006804,675.176,1135.67,BS000207,BS000137,47,8,8,47,1
PG004138,P006806,675.176,1135.67,BS000207,BS000137,47,8,8,47,1
PG004139,P006808,675.176,1135.67,BS000207,BS000137,47,8,8,47,1
PG004140,P006812,675.176,1135.67,BS000207,BS000137,47,8,8,47,1
PG004141,P006814,675.176,1135.67,BS000207,BS000137,47,8,8,47,1
PG004142,P006816,675.176,1135.67,BS000207,BS000137,47,8,8,47,1
PG004143,P006818,675.176,1135.67,BS000207,BS000137,47,8,8,47,1
PG004144,P006820,675.176,1135.67,BS000207,BS000137,47,8,8,47,1
PG004145,P006822,675.176,1135.67,BS000207,BS000137,47,8,8,47,1
PG004146,P006830,675.176,1135.67,BS000207,BS000137,47,8,8,47,1
PG004147,P006832,675.176,1135.67,BS000207,BS000137,47,8,8,47,1
PG004148,P006836,675.176,1135.67,BS000207,BS000137,47,8,8,47,1
PG004149,P006842,705.176,1165.67,BS000207,BS000137,47,8,8,47,1
PG004150,P006844,705.176,1165.67,BS000207,BS000137,47,8,8,47,1
PG004151,P006846,705.176,1165.67,BS000207,BS000137,47,8,8,47,1
PG004152,P006848,705.176,1165.67,BS000207,BS000137,47,8,8,47,1
PG004153,P006850,705.176,1165.67,BS000207,BS000137,47,8,8,47,1
PG004154,P006852,705.176,1165.67,BS000207,BS000137,47,8,8,47,1
PG004155,P006854,705.176,1165.67,BS000207,BS000137,47,8,8,47,1
PG004156,P006857,1361.528,1719.495,BS000323,BS000209,36,12,12,36,1
PG004158,P006859,1361.528,1719.495,BS000323,BS000209,36,12,12,36,1
PG004159,P006861,1361.528,1719.495,BS000323,BS000209,36,12,12,36,1
PG004160,P006865,1361.528,1719.495,BS000323,BS000209,36,12,12,36,1
PG004162,P006867,1361.528,1719.495,BS000323,BS000209,36,12,12,36,1
PG004163,P006869,1361.528,1719.495,BS000323,BS000209,36,12,12,36,1
PG004164,P006873,1361.528,1719.495,BS000323,BS000209,36,12,12,36,1
PG004165,P006875,1361.528,1719.495,BS000323,BS000209,36,12,12,36,1
PG004166,P006877,1361.528,1719.495,BS000323,BS000209,36,12,12,36,1
PG004167,P006879,1361.528,1719.495,BS000323,BS000209,36,12,12,36,1
PG004168,P006881,1361.528,1719.495,BS000323,BS000209,36,12,12,36,1
PG004169,P006883,1361.528,1719.495,BS000323,BS000209,36,12,12,36,1
PG004170,P006889,1421.528,1779.495,BS000323,BS000209,36,12,12,36,1
PG004171,P006891,1421.528,1779.495,BS000323,BS000209,36,12,12,36,1
PG004172,P006893,1361.528,1719.495,BS000323,BS000209,36,12,12,36,1
PG004173,P006895,1361.528,1719.495,BS000323,BS000209,36,12,12,36,1
PG004174,P006899,1361.528,1719.495,BS000323,BS000209,36,12,12,36,1
PG004175,P006905,1421.528,1779.495,BS000323,BS000209,36,12,12,36,1
PG004176,P006907,1421.528,1779.495,BS000323,BS000209,36,12,12,36,1
PG004177,P006909,1421.528,1779.495,BS000323,BS000209,36,12,12,36,1
PG004178,P006915,1421.528,1779.495,BS000323,BS000209,36,12,12,36,1
PG004179,P006917,1421.528,1779.495,BS000323,BS000209,36,12,12,36,1
PG004157,P006858,722.646,1082.03,BS000208,BS000324,36,12,12,36,1
PG004161,P006866,722.646,1082.03,BS000208,BS000324,36,12,12,36,1
PG004180,P006993,1338.511,1679.654,BS000325,BS000213,34,5,5,34,1
PG004184,P007001,1338.511,1679.654,BS000325,BS000213,34,5,5,34,1
PG004181,P006994,710.494,1046.89,BS000212,BS000326,34,5,5,34,1
PG004182,P006996,710.494,1046.89,BS000212,BS000326,34,5,5,34,1
PG004183,P006998,710.494,1046.89,BS000212,BS000326,34,5,5,34,1
PG004185,P007002,710.494,1046.89,BS000212,BS000326,34,5,5,34,1
PG004186,P007004,710.494,1046.89,BS000212,BS000326,34,5,5,34,1
PG004187,P007006,710.494,1046.89,BS000212,BS000326,34,5,5,34,1
PG004188,P007010,710.494,1046.89,BS000212,BS000326,34,5,5,34,1
PG004189,P007012,710.494,1046.89,BS000212,BS000326,34,5,5,34,1
PG004190,P007014,710.494,1046.89,BS000212,BS000326,34,5,5,34,1
PG004191,P007016,710.494,1046.89,BS000212,BS000326,34,5,5,34,1
PG004192,P007018,710.494,1046.89,BS000212,BS000326,34,5,5,34,1
PG004193,P007020,710.494,1046.89,BS000212,BS000326,34,5,5,34,1
PG004194,P007026,740.494,1076.89,BS000212,BS000326,34,5,5,34,1
PG004195,P007028,740.494,1076.89,BS000212,BS000326,34,5,5,34,1
PG004196,P007030,710.494,1046.89,BS000212,BS000326,34,5,5,34,1
PG004197,P007032,710.494,1046.89,BS000212,BS000326,34,5,5,34,1
PG004198,P007036,710.494,1046.89,BS000212,BS000326,34,5,5,34,1
PG004199,P007042,740.494,1076.89,BS000212,BS000326,34,5,5,34,1
PG004200,P007044,740.494,1076.89,BS000212,BS000326,34,5,5,34,1
PG004201,P007046,740.494,1076.89,BS000212,BS000326,34,5,5,34,1
PG004202,P007052,740.494,1076.89,BS000212,BS000326,34,5,5,34,1
PG004203,P007054,740.494,1076.89,BS000212,BS000326,34,5,5,34,1
PG004204,P007057,1419.341,1984.11,BS000327,BS000215,58,4,4,58,1
PG004205,P007058,1419.341,1984.11,BS000327,BS000215,58,4,4,58,1
PG004208,P007063,1419.341,1984.11,BS000327,BS000215,58,4,4,58,1
PG004211,P007069,1419.341,1984.11,BS000327,BS000215,58,4,4,58,1
PG004215,P007075,1419.341,1984.11,BS000327,BS000215,58,4,4,58,1
PG004206,P007059,774.749,1337.076,BS000214,BS000328,57,4,4,57,1
PG004207,P007061,774.749,1337.076,BS000214,BS000328,57,4,4,57,1
PG004209,P007065,774.749,1337.076,BS000214,BS000328,57,4,4,57,1
PG004210,P007067,774.749,1337.076,BS000214,BS000328,57,4,4,57,1
PG004212,P007070,774.749,1337.076,BS000214,BS000328,57,4,4,57,1
PG004213,P007072,774.749,1337.076,BS000214,BS000328,57,4,4,57,1
PG004214,P007074,774.749,1337.076,BS000214,BS000328,57,4,4,57,1
PG004216,P007076,774.749,1337.076,BS000214,BS000328,57,4,4,57,1
PG004217,P007078,774.749,1337.076,BS000214,BS000328,57,4,4,57,1
PG004218,P007080,774.749,1337.076,BS000214,BS000328,57,4,4,57,1
PG004221,P007088,774.749,1337.076,BS000214,BS000328,57,4,4,57,1
PG004222,P007090,774.749,1337.076,BS000214,BS000328,57,4,4,57,1
PG004223,P007093,774.749,1337.076,BS000214,BS000328,57,4,4,57,1
PG004224,P007103,804.749,1367.076,BS000214,BS000328,57,4,4,57,1
PG004225,P007106,804.749,1367.076,BS000214,BS000328,57,4,4,57,1
PG004226,P007108,804.749,1367.076,BS000214,BS000328,57,4,4,57,1
PG004219,P007083,1449.341,2044.11,BS000327,BS000215,61,4,4,61,1
PG004220,P007084,804.749,1397.076,BS000214,BS000328,60,4,4,60,1
PG004227,P007126,768.033,1317.147,BS000216,BS000329,55,15,15,55,1
PG004228,P007216,675.176,1121.436,BS000207,BS000148,45,8,8,45,1
PG004230,P007226,675.176,1121.436,BS000207,BS000148,45,8,8,45,1
PG004232,P007230,675.176,1121.436,BS000207,BS000148,45,8,8,45,1
PG004234,P007232,675.176,1121.436,BS000207,BS000148,45,8,8,45,1
PG004236,P007236,675.176,1121.436,BS000207,BS000148,45,8,8,45,1
PG004229,P007216,1451.436,1864.091,BS000330,BS000010,42,8,8,42,1
PG004231,P007226,1451.436,1864.091,BS000330,BS000010,42,8,8,42,1
PG004233,P007230,1451.436,1864.091,BS000330,BS000010,42,8,8,42,1
PG004235,P007232,1451.436,1864.091,BS000330,BS000010,42,8,8,42,1
PG004237,P007236,1451.436,1864.091,BS000330,BS000010,42,8,8,42,1
PG004238,P007316,748.091,1125.96,BS000205,BS000331,39,8,8,39,1
PG004240,P007320,748.091,1125.96,BS000205,BS000331,39,8,8,39,1
PG004242,P007322,778.091,1155.96,BS000205,BS000331,39,8,8,39,1
PG004244,P007324,748.091,1125.96,BS000205,BS000331,39,8,8,39,1
PG004246,P007328,748.091,1125.96,BS000205,BS000331,39,8,8,39,1
PG004248,P007330,778.091,1155.96,BS000205,BS000331,39,8,8,39,1
PG004250,P007332,748.091,1125.96,BS000205,BS000331,39,8,8,39,1
PG004252,P007334,748.091,1125.96,BS000205,BS000331,39,8,8,39,1
PG004254,P007336,748.091,1125.96,BS000205,BS000331,39,8,8,39,1
PG004256,P007338,748.091,1125.96,BS000205,BS000331,39,8,8,39,1
PG004259,P007342,748.091,1125.96,BS000205,BS000331,39,8,8,39,1
PG004261,P007344,778.091,1155.96,BS000205,BS000331,39,8,8,39,1
PG004263,P007346,778.091,1155.96,BS000205,BS000331,39,8,8,39,1
PG004269,P007352,748.091,1125.96,BS000205,BS000331,39,8,8,39,1
PG004271,P007358,748.091,1125.96,BS000205,BS000331,39,8,8,39,1
PG004239,P007317,1022.694,1392.092,BS000332,BS000010,37,8,8,37,1
PG004241,P007321,1022.694,1392.092,BS000332,BS000010,37,8,8,37,1
PG004243,P007323,1082.694,1452.092,BS000332,BS000010,37,8,8,37,1
PG004245,P007325,1022.694,1392.092,BS000332,BS000010,37,8,8,37,1
PG004247,P007329,1022.694,1392.092,BS000332,BS000010,37,8,8,37,1
PG004249,P007331,1082.694,1452.092,BS000332,BS000010,37,8,8,37,1
PG004251,P007333,1022.694,1392.092,BS000332,BS000010,37,8,8,37,1
PG004253,P007335,1022.694,1392.092,BS000332,BS000010,37,8,8,37,1
PG004255,P007337,1022.694,1392.092,BS000332,BS000010,37,8,8,37,1
PG004257,P007339,1022.694,1392.092,BS000332,BS000010,37,8,8,37,1
PG004258,P007341,1022.694,1392.092,BS000332,BS000010,37,8,8,37,1
PG004260,P007343,1022.694,1392.092,BS000332,BS000010,37,8,8,37,1
PG004262,P007345,1082.694,1452.092,BS000332,BS000010,37,8,8,37,1
PG004264,P007347,1082.694,1452.092,BS000332,BS000010,37,8,8,37,1
PG004270,P007355,1022.694,1392.092,BS000332,BS000010,37,8,8,37,1
PG004272,P007359,1022.694,1392.092,BS000332,BS000010,37,8,8,37,1
PG004265,P007348,778.091,1185.96,BS000205,BS000331,42,8,8,42,1
PG004267,P007350,778.091,1185.96,BS000205,BS000331,42,8,8,42,1
PG004273,P007364,778.091,1185.96,BS000205,BS000331,42,8,8,42,1
PG004274,P007366,778.091,1185.96,BS000205,BS000331,42,8,8,42,1
PG004276,P007368,778.091,1185.96,BS000205,BS000331,42,8,8,42,1
PG004277,P007370,778.091,1185.96,BS000205,BS000331,42,8,8,42,1
PG004279,P007372,778.091,1185.96,BS000205,BS000331,42,8,8,42,1
PG004282,P007378,778.091,1185.96,BS000205,BS000331,42,8,8,42,1
PG004266,P007349,1052.694,1452.092,BS000332,BS000010,40,8,8,40,1
PG004268,P007351,1052.694,1452.092,BS000332,BS000010,40,8,8,40,1
PG004275,P007367,1052.694,1452.092,BS000332,BS000010,40,8,8,40,1
PG004278,P007371,1052.694,1452.092,BS000332,BS000010,40,8,8,40,1
PG004280,P007373,1052.694,1452.092,BS000332,BS000010,40,8,8,40,1
PG004281,P007377,1052.694,1452.092,BS000332,BS000010,40,8,8,40,1
PG004283,P007379,1052.694,1452.092,BS000332,BS000010,40,8,8,40,1
PG004284,P007434,748.091,1113.187,BS000205,BS000333,37,8,8,37,1
PG004288,P007436,748.091,1113.187,BS000205,BS000333,37,8,8,37,1
PG004290,P007437,748.091,1113.187,BS000205,BS000333,37,8,8,37,1
PG004294,P007439,748.091,1113.187,BS000205,BS000333,37,8,8,37,1
PG004285,P007434,1653.187,2210.279,BS000334,BS000215,57,3,3,57,1
PG004289,P007436,1653.187,2210.279,BS000334,BS000215,57,3,3,57,1
PG004291,P007437,1653.187,2210.279,BS000334,BS000215,57,3,3,57,1
PG004295,P007439,1653.187,2210.279,BS000334,BS000215,57,3,3,57,1
PG004286,P007435,774.749,1338.474,BS000214,BS000335,57,3,3,57,1
PG004292,P007438,774.749,1338.474,BS000214,BS000335,57,3,3,57,1
PG004287,P007435,1873.308,2240.742,BS000336,BS000010,37,8,8,37,1
PG004293,P007438,1873.308,2240.742,BS000336,BS000010,37,8,8,37,1
PG004297,P007441,1933.308,2300.742,BS000336,BS000010,37,8,8,37,1
PG004296,P007441,804.749,1398.474,BS000214,BS000335,60,3,3,60,1
PG004298,P007444,748.091,1599.567,BS000205,BS000217,88,14,14,88,1
PG004300,P007446,748.091,1599.567,BS000205,BS000217,88,14,14,88,1
PG004302,P007448,748.091,1599.567,BS000205,BS000217,88,14,14,88,1
PG004306,P007452,748.091,1599.567,BS000205,BS000217,88,14,14,88,1
PG004308,P007460,748.091,1599.567,BS000205,BS000217,88,14,14,88,1
PG004311,P007486,748.091,1599.567,BS000205,BS000217,88,14,14,88,1
PG004299,P007445,768.033,1622.516,BS000216,BS000010,87,14,14,87,1
PG004301,P007447,768.033,1622.516,BS000216,BS000010,87,14,14,87,1
PG004303,P007449,768.033,1622.516,BS000216,BS000010,87,14,14,87,1
PG004307,P007453,768.033,1622.516,BS000216,BS000010,87,14,14,87,1
PG004309,P007461,768.033,1622.516,BS000216,BS000010,87,14,14,87,1
PG004310,P007481,768.033,1622.516,BS000216,BS000010,87,14,14,87,1
PG004304,P007450,778.091,1659.567,BS000205,BS000217,91,14,14,91,1
PG004312,P007488,778.091,1659.567,BS000205,BS000217,91,14,14,91,1
PG004314,P007490,778.091,1659.567,BS000205,BS000217,91,14,14,91,1
PG004305,P007451,798.033,1682.516,BS000216,BS000010,90,14,14,90,1
PG004313,P007489,798.033,1682.516,BS000216,BS000010,90,14,14,90,1
PG004315,P007491,798.033,1682.516,BS000216,BS000010,90,14,14,90,1
PG004316,P007509,675.176,1890.494,BS000207,BS000012,124,15,15,124,1
PG004318,P007512,675.176,1890.494,BS000207,BS000012,124,15,15,124,1
PG004319,P007516,675.176,1890.494,BS000207,BS000012,124,15,15,124,1
PG004320,P007517,675.176,1890.494,BS000207,BS000012,124,15,15,124,1
PG004321,P007521,675.176,1890.494,BS000207,BS000012,124,15,15,124,1
PG004317,P007510,721.736,1961.486,BS000206,BS000014,127,15,15,127,1
PG004322,P007540,1093.941,1751.298,BS000337,BS000012,66,15,15,66,1
PG004324,P007542,1093.941,1751.298,BS000337,BS000012,66,15,15,66,1
PG004326,P007544,1093.941,1751.298,BS000337,BS000012,66,15,15,66,1
PG004328,P007546,1153.941,1811.298,BS000337,BS000012,66,15,15,66,1
PG004329,P007547,1093.941,1751.298,BS000337,BS000012,66,15,15,66,1
PG004331,P007549,1093.941,1751.298,BS000337,BS000012,66,15,15,66,1
PG004333,P007551,1093.941,1751.298,BS000337,BS000012,66,15,15,66,1
PG004335,P007553,1153.941,1811.298,BS000337,BS000012,66,15,15,66,1
PG004337,P007555,1093.941,1751.298,BS000337,BS000012,66,15,15,66,1
PG004339,P007557,1093.941,1751.298,BS000337,BS000012,66,15,15,66,1
PG004341,P007559,1093.941,1751.298,BS000337,BS000012,66,15,15,66,1
PG004343,P007561,1093.941,1751.298,BS000337,BS000012,66,15,15,66,1
PG004345,P007563,1093.941,1751.298,BS000337,BS000012,66,15,15,66,1
PG004347,P007565,1093.941,1751.298,BS000337,BS000012,66,15,15,66,1
PG004348,P007566,1153.941,1811.298,BS000337,BS000012,66,15,15,66,1
PG004350,P007568,1153.941,1811.298,BS000337,BS000012,66,15,15,66,1
PG004356,P007574,1093.941,1751.298,BS000337,BS000012,66,15,15,66,1
PG004358,P007576,1093.941,1751.298,BS000337,BS000012,66,15,15,66,1
PG004359,P007577,1153.941,1811.298,BS000337,BS000012,66,15,15,66,1
PG004361,P007579,1093.941,1751.298,BS000337,BS000012,66,15,15,66,1
PG004362,P007581,1153.941,1811.298,BS000337,BS000012,66,15,15,66,1
PG004363,P007583,1153.941,1811.298,BS000337,BS000012,66,15,15,66,1
PG004323,P007541,721.736,1400.51,BS000206,BS000338,69,15,15,69,1
PG004325,P007543,721.736,1400.51,BS000206,BS000338,69,15,15,69,1
PG004327,P007545,751.736,1430.51,BS000206,BS000338,69,15,15,69,1
PG004330,P007548,721.736,1400.51,BS000206,BS000338,69,15,15,69,1
PG004332,P007550,721.736,1400.51,BS000206,BS000338,69,15,15,69,1
PG004334,P007552,751.736,1430.51,BS000206,BS000338,69,15,15,69,1
PG004336,P007554,721.736,1400.51,BS000206,BS000338,69,15,15,69,1
PG004338,P007556,721.736,1400.51,BS000206,BS000338,69,15,15,69,1
PG004340,P007558,721.736,1400.51,BS000206,BS000338,69,15,15,69,1
PG004342,P007560,721.736,1400.51,BS000206,BS000338,69,15,15,69,1
PG004344,P007562,721.736,1400.51,BS000206,BS000338,69,15,15,69,1
PG004346,P007564,721.736,1400.51,BS000206,BS000338,69,15,15,69,1
PG004349,P007567,751.736,1430.51,BS000206,BS000338,69,15,15,69,1
PG004355,P007573,721.736,1400.51,BS000206,BS000338,69,15,15,69,1
PG004357,P007575,721.736,1400.51,BS000206,BS000338,69,15,15,69,1
PG004360,P007578,721.736,1400.51,BS000206,BS000338,69,15,15,69,1
PG004351,P007569,751.736,1460.51,BS000206,BS000338,72,15,15,72,1
PG004353,P007571,751.736,1460.51,BS000206,BS000338,72,15,15,72,1
PG004364,P007584,751.736,1460.51,BS000206,BS000338,72,15,15,72,1
PG004366,P007586,751.736,1460.51,BS000206,BS000338,72,15,15,72,1
PG004368,P007588,751.736,1460.51,BS000206,BS000338,72,15,15,72,1
PG004370,P007590,751.736,1460.51,BS000206,BS000338,72,15,15,72,1
PG004372,P007592,751.736,1460.51,BS000206,BS000338,72,15,15,72,1
PG004375,P007598,751.736,1460.51,BS000206,BS000338,72,15,15,72,1
PG004352,P007570,1123.941,1811.298,BS000337,BS000012,69,15,15,69,1
PG004354,P007572,1123.941,1811.298,BS000337,BS000012,69,15,15,69,1
PG004365,P007585,1123.941,1811.298,BS000337,BS000012,69,15,15,69,1
PG004367,P007587,1123.941,1811.298,BS000337,BS000012,69,15,15,69,1
PG004369,P007589,1123.941,1811.298,BS000337,BS000012,69,15,15,69,1
PG004371,P007591,1123.941,1811.298,BS000337,BS000012,69,15,15,69,1
PG004373,P007593,1123.941,1811.298,BS000337,BS000012,69,15,15,69,1
PG004374,P007597,1123.941,1811.298,BS000337,BS000012,69,15,15,69,1
PG004376,P007599,1123.941,1811.298,BS000337,BS000012,69,15,15,69,1
PG004377,P007606,768.033,1396.877,BS000216,BS000339,63,15,15,63,1
PG004378,P007606,1529.447,2099.271,BS000159,BS000012,57,15,15,57,1
PG004379,P007637,675.176,1136.298,BS000207,BS000340,47,8,8,47,1
PG004382,P007657,675.176,1136.298,BS000207,BS000340,47,8,8,47,1
PG004380,P007637,1206.298,1246.298,BS000161,BS000162,3,5,5,3,1
PG004383,P007657,1206.298,1246.298,BS000161,BS000162,3,5,5,3,1
PG004381,P007637,1296.298,1711.948,BS000341,BS000209,42,12,12,42,1
PG004384,P007657,1296.298,1711.948,BS000341,BS000209,42,12,12,42,1
PG004385,P007686,991.524,1495.329,BS000342,BS000014,51,8,8,51,1
PG004386,P007690,991.524,1495.329,BS000342,BS000014,51,8,8,51,1
PG004387,P007692,1051.524,1555.329,BS000342,BS000014,51,8,8,51,1
PG004388,P007694,1051.524,1555.329,BS000342,BS000014,51,8,8,51,1
PG004389,P007719,675.176,1740.425,BS000207,BS000211,109,15,15,109,1
PG004391,P007721,675.176,1740.425,BS000207,BS000211,109,15,15,109,1
PG004392,P007741,675.176,1740.425,BS000207,BS000211,109,15,15,109,1
PG004390,P007720,715.2,1780.172,BS000210,BS000014,109,15,15,109,1
PG004393,P007763,675.176,1538.057,BS000207,BS000213,88,9,9,88,1
PG004394,P007783,675.176,1538.057,BS000207,BS000213,88,9,9,88,1
PG004395,P007803,675.176,1139.57,BS000207,BS000343,47,8,8,47,1
PG004399,P007820,675.176,1139.57,BS000207,BS000343,47,8,8,47,1
PG004396,P007803,1329.57,1972.791,BS000344,BS000215,66,4,4,66,1
PG004400,P007820,1329.57,1972.791,BS000344,BS000215,66,4,4,66,1
PG004402,P007829,1389.57,2032.791,BS000344,BS000215,66,4,4,66,1
PG004397,P007809,774.749,1419.113,BS000214,BS000172,65,4,4,65,1
PG004398,P007809,1609.113,2091.494,BS000345,BS000014,49,8,8,49,1
PG004401,P007829,705.176,1199.57,BS000207,BS000343,50,8,8,50,1
PG004403,P007837,675.176,1129.422,BS000207,BS000346,46,8,8,46,1
PG004405,P007850,675.176,1129.422,BS000207,BS000346,46,8,8,46,1
PG004404,P007837,1409.422,1938.501,BS000347,BS000217,54,12,12,54,1
PG004406,P007850,1409.422,1938.501,BS000347,BS000217,54,12,12,54,1
PG004407,P007871,1211.983,1585.229,BS000177,BS000209,38,12,12,38,1
PG004408,P007875,1211.983,1585.229,BS000177,BS000209,38,12,12,38,1
PG004409,P007877,1271.983,1645.229,BS000177,BS000209,38,12,12,38,1
PG004410,P007879,1271.983,1645.229,BS000177,BS000209,38,12,12,38,1
PG004411,P007904,722.646,1841.629,BS000208,BS000211,114,15,15,114,1
PG004412,P007944,722.646,1464.645,BS000208,BS000213,77,9,9,77,1
PG004414,P007946,722.646,1464.645,BS000208,BS000213,77,9,9,77,1
PG004416,P007948,722.646,1464.645,BS000208,BS000213,77,9,9,77,1
PG004420,P007952,722.646,1464.645,BS000208,BS000213,77,9,9,77,1
PG004422,P007954,722.646,1464.645,BS000208,BS000213,77,9,9,77,1
PG004424,P007956,722.646,1464.645,BS000208,BS000213,77,9,9,77,1
PG004432,P007964,722.646,1464.645,BS000208,BS000213,77,9,9,77,1
PG004434,P007966,722.646,1464.645,BS000208,BS000213,77,9,9,77,1
PG004436,P007970,722.646,1464.645,BS000208,BS000213,77,9,9,77,1
PG004413,P007945,710.494,1444.747,BS000212,BS000209,76,9,9,76,1
PG004415,P007947,710.494,1444.747,BS000212,BS000209,76,9,9,76,1
PG004417,P007949,710.494,1444.747,BS000212,BS000209,76,9,9,76,1
PG004421,P007953,710.494,1444.747,BS000212,BS000209,76,9,9,76,1
PG004423,P007955,710.494,1444.747,BS000212,BS000209,76,9,9,76,1
PG004425,P007957,710.494,1444.747,BS000212,BS000209,76,9,9,76,1
PG004433,P007965,710.494,1444.747,BS000212,BS000209,76,9,9,76,1
PG004435,P007967,710.494,1444.747,BS000212,BS000209,76,9,9,76,1
PG004437,P007971,710.494,1444.747,BS000212,BS000209,76,9,9,76,1
PG004418,P007950,752.646,1524.645,BS000208,BS000213,80,9,9,80,1
PG004426,P007958,752.646,1524.645,BS000208,BS000213,80,9,9,80,1
PG004428,P007960,752.646,1524.645,BS000208,BS000213,80,9,9,80,1
PG004419,P007951,740.494,1504.747,BS000212,BS000209,79,9,9,79,1
PG004427,P007959,740.494,1504.747,BS000212,BS000209,79,9,9,79,1
PG004429,P007961,740.494,1504.747,BS000212,BS000209,79,9,9,79,1
PG004430,P007962,752.646,1524.645,BS000208,BS000213,80,9,9,80,1
PG004438,P007976,752.646,1524.645,BS000208,BS000213,80,9,9,80,1
PG004439,P007978,752.646,1524.645,BS000208,BS000213,80,9,9,80,1
PG004441,P007984,752.646,1524.645,BS000208,BS000213,80,9,9,80,1
PG004431,P007963,740.494,1504.747,BS000212,BS000209,79,9,9,79,1
PG004440,P007979,740.494,1504.747,BS000212,BS000209,79,9,9,79,1
PG004442,P007985,740.494,1504.747,BS000212,BS000209,79,9,9,79,1
PG004443,P007986,722.646,1608.976,BS000208,BS000215,91,3,3,91,1
PG004445,P007988,722.646,1608.976,BS000208,BS000215,91,3,3,91,1
PG004447,P007990,722.646,1608.976,BS000208,BS000215,91,3,3,91,1
PG004451,P007994,722.646,1608.976,BS000208,BS000215,91,3,3,91,1
PG004453,P007996,722.646,1608.976,BS000208,BS000215,91,3,3,91,1
PG004455,P007998,722.646,1608.976,BS000208,BS000215,91,3,3,91,1
PG004461,P008006,722.646,1608.976,BS000208,BS000215,91,3,3,91,1
PG004463,P008008,722.646,1608.976,BS000208,BS000215,91,3,3,91,1
PG004467,P008012,722.646,1608.976,BS000208,BS000215,91,3,3,91,1
PG004444,P007987,774.749,1673.665,BS000214,BS000209,92,3,3,92,1
PG004446,P007989,774.749,1673.665,BS000214,BS000209,92,3,3,92,1
PG004448,P007991,774.749,1673.665,BS000214,BS000209,92,3,3,92,1
PG004452,P007995,774.749,1673.665,BS000214,BS000209,92,3,3,92,1
PG004454,P007997,774.749,1673.665,BS000214,BS000209,92,3,3,92,1
PG004456,P007999,774.749,1673.665,BS000214,BS000209,92,3,3,92,1
PG004462,P008007,774.749,1673.665,BS000214,BS000209,92,3,3,92,1
PG004464,P008009,774.749,1673.665,BS000214,BS000209,92,3,3,92,1
PG004468,P008013,774.749,1673.665,BS000214,BS000209,92,3,3,92,1
PG004449,P007992,752.646,1668.976,BS000208,BS000215,94,3,3,94,1
PG004457,P008000,752.646,1668.976,BS000208,BS000215,94,3,3,94,1
PG004459,P008002,752.646,1668.976,BS000208,BS000215,94,3,3,94,1
PG004465,P008010,752.646,1668.976,BS000208,BS000215,94,3,3,94,1
PG004469,P008014,752.646,1668.976,BS000208,BS000215,94,3,3,94,1
PG004471,P008016,752.646,1668.976,BS000208,BS000215,94,3,3,94,1
PG004450,P007993,804.749,1733.665,BS000214,BS000209,95,3,3,95,1
PG004458,P008001,804.749,1733.665,BS000214,BS000209,95,3,3,95,1
PG004460,P008003,804.749,1733.665,BS000214,BS000209,95,3,3,95,1
PG004466,P008011,804.749,1733.665,BS000214,BS000209,95,3,3,95,1
PG004470,P008015,804.749,1733.665,BS000214,BS000209,95,3,3,95,1
PG004472,P008017,804.749,1733.665,BS000214,BS000209,95,3,3,95,1
PG004473,P008022,752.646,1668.976,BS000208,BS000215,94,3,3,94,1
PG004474,P008024,752.646,1668.976,BS000208,BS000215,94,3,3,94,1
PG004475,P008026,752.646,1668.976,BS000208,BS000215,94,3,3,94,1
PG004476,P008035,1066.452,1126.452,BS000348,BS000179,5,2,2,5,1
PG004479,P008036,1066.452,1126.452,BS000348,BS000179,5,2,2,5,1
PG004482,P008054,1066.452,1126.452,BS000348,BS000179,5,2,2,5,1
PG004485,P008064,1126.452,1186.452,BS000348,BS000179,5,2,2,5,1
PG004488,P008068,1126.452,1186.452,BS000348,BS000179,5,2,2,5,1
PG004477,P008035,1136.452,1156.452,BS000349,BS000350,1,1,1,1,1
PG004480,P008036,1136.452,1156.452,BS000349,BS000350,1,1,1,1,1
PG004483,P008054,1136.452,1156.452,BS000349,BS000350,1,1,1,1,1
PG004486,P008064,1196.452,1216.452,BS000349,BS000350,1,1,1,1,1
PG004489,P008068,1196.452,1216.452,BS000349,BS000350,1,1,1,1,1
PG004478,P008035,1186.452,1867.039,BS000351,BS000211,68,15,15,68,1
PG004481,P008036,1186.452,1867.039,BS000351,BS000211,68,15,15,68,1
PG004484,P008054,1186.452,1867.039,BS000351,BS000211,68,15,15,68,1
PG004487,P008064,1246.452,1927.039,BS000351,BS000211,68,15,15,68,1
PG004490,P008068,1246.452,1927.039,BS000351,BS000211,68,15,15,68,1
PG004491,P008074,1142.422,1497.225,BS000352,BS000213,36,5,5,36,1
PG004492,P008094,1142.422,1497.225,BS000352,BS000213,36,5,5,36,1
PG004493,P008104,1202.422,1557.225,BS000352,BS000213,36,5,5,36,1
PG004494,P008110,1202.422,1557.225,BS000352,BS000213,36,5,5,36,1
PG004495,P008116,1312.491,1894.708,BS000190,BS000215,59,4,4,59,1
PG004496,P008135,1312.491,1894.708,BS000190,BS000215,59,4,4,59,1
PG004497,P008145,1372.491,1954.708,BS000190,BS000215,59,4,4,59,1
PG004498,P008151,1372.491,1954.708,BS000190,BS000215,59,4,4,59,1
PG004499,P008155,1022.545,1571.455,BS000192,BS000217,56,15,15,56,1
PG004501,P008157,1022.545,1571.455,BS000192,BS000217,56,15,15,56,1
PG004503,P008159,1022.545,1571.455,BS000192,BS000217,56,15,15,56,1
PG004507,P008163,1022.545,1571.455,BS000192,BS000217,56,15,15,56,1
PG004509,P008165,1022.545,1571.455,BS000192,BS000217,56,15,15,56,1
PG004511,P008167,1022.545,1571.455,BS000192,BS000217,56,15,15,56,1
PG004517,P008175,1022.545,1571.455,BS000192,BS000217,56,15,15,56,1
PG004519,P008177,1022.545,1571.455,BS000192,BS000217,56,15,15,56,1
PG004523,P008181,1022.545,1571.455,BS000192,BS000217,56,15,15,56,1
PG004529,P008187,1082.545,1631.455,BS000192,BS000217,56,15,15,56,1
PG004530,P008191,1082.545,1631.455,BS000192,BS000217,56,15,15,56,1
PG004531,P008193,1082.545,1631.455,BS000192,BS000217,56,15,15,56,1
PG004532,P008195,1082.545,1631.455,BS000192,BS000217,56,15,15,56,1
PG004500,P008156,768.033,1316.303,BS000216,BS000353,55,15,15,55,1
PG004502,P008158,768.033,1316.303,BS000216,BS000353,55,15,15,55,1
PG004504,P008160,768.033,1316.303,BS000216,BS000353,55,15,15,55,1
PG004508,P008164,768.033,1316.303,BS000216,BS000353,55,15,15,55,1
PG004510,P008166,768.033,1316.303,BS000216,BS000353,55,15,15,55,1
PG004512,P008168,768.033,1316.303,BS000216,BS000353,55,15,15,55,1
PG004518,P008176,768.033,1316.303,BS000216,BS000353,55,15,15,55,1
PG004520,P008178,768.033,1316.303,BS000216,BS000353,55,15,15,55,1
PG004524,P008182,768.033,1316.303,BS000216,BS000353,55,15,15,55,1
PG004505,P008161,1052.545,1631.455,BS000192,BS000217,59,15,15,59,1
PG004513,P008169,1052.545,1631.455,BS000192,BS000217,59,15,15,59,1
PG004515,P008171,1052.545,1631.455,BS000192,BS000217,59,15,15,59,1
PG004521,P008179,1052.545,1631.455,BS000192,BS000217,59,15,15,59,1
PG004525,P008183,1052.545,1631.455,BS000192,BS000217,59,15,15,59,1
PG004527,P008185,1052.545,1631.455,BS000192,BS000217,59,15,15,59,1
PG004506,P008162,798.033,1376.303,BS000216,BS000353,58,15,15,58,1
PG004514,P008170,798.033,1376.303,BS000216,BS000353,58,15,15,58,1
PG004516,P008172,798.033,1376.303,BS000216,BS000353,58,15,15,58,1
PG004522,P008180,798.033,1376.303,BS000216,BS000353,58,15,15,58,1
PG004526,P008184,798.033,1376.303,BS000216,BS000353,58,15,15,58,1
PG004528,P008186,798.033,1376.303,BS000216,BS000353,58,15,15,58,1
PG004533,P008197,715.2,1724.759,BS000210,BS000213,104,15,15,104,1
PG004535,P008199,715.2,1724.759,BS000210,BS000213,104,15,15,104,1
PG004536,P008201,715.2,1724.759,BS000210,BS000213,104,15,15,104,1
PG004540,P008205,715.2,1724.759,BS000210,BS000213,104,15,15,104,1
PG004542,P008207,715.2,1724.759,BS000210,BS000213,104,15,15,104,1
PG004543,P008209,715.2,1724.759,BS000210,BS000213,104,15,15,104,1
PG004548,P008217,715.2,1724.759,BS000210,BS000213,104,15,15,104,1
PG004550,P008219,715.2,1724.759,BS000210,BS000213,104,15,15,104,1
PG004551,P008223,715.2,1724.759,BS000210,BS000213,104,15,15,104,1
PG004534,P008198,710.494,1719.129,BS000212,BS000211,103,15,15,103,1
PG004537,P008202,710.494,1719.129,BS000212,BS000211,103,15,15,103,1
PG004541,P008206,710.494,1719.129,BS000212,BS000211,103,15,15,103,1
PG004544,P008210,710.494,1719.129,BS000212,BS000211,103,15,15,103,1
PG004549,P008218,710.494,1719.129,BS000212,BS000211,103,15,15,103,1
PG004552,P008224,710.494,1719.129,BS000212,BS000211,103,15,15,103,1
PG004538,P008203,745.2,1784.759,BS000210,BS000213,107,15,15,107,1
PG004545,P008211,745.2,1784.759,BS000210,BS000213,107,15,15,107,1
PG004546,P008213,745.2,1784.759,BS000210,BS000213,107,15,15,107,1
PG004539,P008204,740.494,1779.129,BS000212,BS000211,106,15,15,106,1
PG004547,P008215,745.2,1784.759,BS000210,BS000213,107,15,15,107,1
PG004553,P008229,745.2,1784.759,BS000210,BS000213,107,15,15,107,1
PG004554,P008231,745.2,1784.759,BS000210,BS000213,107,15,15,107,1
PG004556,P008233,745.2,1784.759,BS000210,BS000213,107,15,15,107,1
PG004557,P008235,745.2,1784.759,BS000210,BS000213,107,15,15,107,1
PG004558,P008237,745.2,1784.759,BS000210,BS000213,107,15,15,107,1
PG004555,P008232,740.494,1779.129,BS000212,BS000211,106,15,15,106,1
PG004559,P008238,740.494,1779.129,BS000212,BS000211,106,15,15,106,1
PG004560,P008383,662.502,1434.695,BS000198,BS000002,78,15,15,78,1
PG004562,P008385,662.502,1434.695,BS000198,BS000002,78,15,15,78,1
PG004564,P008387,662.502,1434.695,BS000198,BS000002,78,15,15,78,1
PG004567,P008390,662.502,1434.695,BS000198,BS000002,78,15,15,78,1
PG004582,P008406,662.502,1434.695,BS000198,BS000002,78,15,15,78,1
PG004561,P008384,722.502,1566.695,BS000198,BS000002,85,15,15,85,1
PG004573,P008396,722.502,1566.695,BS000198,BS000002,85,15,15,85,1
PG004576,P008399,722.502,1566.695,BS000198,BS000002,85,15,15,85,1
PG004585,P008409,722.502,1566.695,BS000198,BS000002,85,15,15,85,1
PG004590,P008414,722.502,1566.695,BS000198,BS000002,85,15,15,85,1
PG004593,P008419,722.502,1566.695,BS000198,BS000002,85,15,15,85,1
PG004596,P008428,722.502,1566.695,BS000198,BS000002,85,15,15,85,1
PG004563,P008386,752.502,1632.695,BS000198,BS000002,89,15,15,89,1
PG004565,P008388,752.502,1632.695,BS000198,BS000002,89,15,15,89,1
PG004574,P008397,752.502,1632.695,BS000198,BS000002,89,15,15,89,1
PG004577,P008400,752.502,1632.695,BS000198,BS000002,89,15,15,89,1
PG004580,P008403,752.502,1632.695,BS000198,BS000002,89,15,15,89,1
PG004583,P008407,752.502,1632.695,BS000198,BS000002,89,15,15,89,1
PG004586,P008410,752.502,1632.695,BS000198,BS000002,89,15,15,89,1
PG004588,P008412,752.502,1632.695,BS000198,BS000002,89,15,15,89,1
PG004591,P008415,752.502,1632.695,BS000198,BS000002,89,15,15,89,1
PG004566,P008389,782.502,1698.695,BS000198,BS000002,92,15,15,92,1
PG004568,P008391,782.502,1698.695,BS000198,BS000002,92,15,15,92,1
PG004569,P008392,782.502,1698.695,BS000198,BS000002,92,15,15,92,1
PG004570,P008393,782.502,1698.695,BS000198,BS000002,92,15,15,92,1
PG004572,P008395,782.502,1698.695,BS000198,BS000002,92,15,15,92,1
PG004575,P008398,782.502,1698.695,BS000198,BS000002,92,15,15,92,1
PG004578,P008401,782.502,1698.695,BS000198,BS000002,92,15,15,92,1
PG004587,P008411,782.502,1698.695,BS000198,BS000002,92,15,15,92,1
PG004589,P008413,782.502,1698.695,BS000198,BS000002,92,15,15,92,1
PG004571,P008394,692.502,1500.695,BS000198,BS000002,82,15,15,82,1
PG004584,P008408,692.502,1500.695,BS000198,BS000002,82,15,15,82,1
PG004579,P008402,812.502,1764.695,BS000198,BS000002,96,15,15,96,1
PG004581,P008405,812.502,1764.695,BS000198,BS000002,96,15,15,96,1
PG004592,P008417,812.502,1764.695,BS000198,BS000002,96,15,15,96,1
PG004594,P008422,812.502,1764.695,BS000198,BS000002,96,15,15,96,1
PG004595,P008427,812.502,1764.695,BS000198,BS000002,96,15,15,96,1
PG004597,P008434,812.502,1764.695,BS000198,BS000002,96,15,15,96,1
PG004598,P008437,812.502,1764.695,BS000198,BS000002,96,15,15,96,1
PG004600,P008440,812.502,1764.695,BS000198,BS000002,96,15,15,96,1
PG004599,P008438,842.502,1830.695,BS000198,BS000002,100,15,15,100,1
PG004601,P008441,842.502,1830.695,BS000198,BS000002,100,15,15,100,1
PG004602,P008442,763.642,1634.686,BS000199,BS000200,88,10,10,88,1
PG004604,P008444,763.642,1634.686,BS000199,BS000200,88,10,10,88,1
PG004606,P008446,763.642,1634.686,BS000199,BS000200,88,10,10,88,1
PG004609,P008449,763.642,1634.686,BS000199,BS000200,88,10,10,88,1
PG004624,P008465,763.642,1634.686,BS000199,BS000200,88,10,10,88,1
PG004603,P008443,823.642,1766.686,BS000199,BS000200,95,10,10,95,1
PG004615,P008455,823.642,1766.686,BS000199,BS000200,95,10,10,95,1
PG004618,P008458,823.642,1766.686,BS000199,BS000200,95,10,10,95,1
PG004627,P008468,823.642,1766.686,BS000199,BS000200,95,10,10,95,1
PG004632,P008473,823.642,1766.686,BS000199,BS000200,95,10,10,95,1
PG004635,P008478,823.642,1766.686,BS000199,BS000200,95,10,10,95,1
PG004638,P008487,823.642,1766.686,BS000199,BS000200,95,10,10,95,1
PG004605,P008445,853.642,1832.686,BS000199,BS000200,99,10,10,99,1
PG004607,P008447,853.642,1832.686,BS000199,BS000200,99,10,10,99,1
PG004616,P008456,853.642,1832.686,BS000199,BS000200,99,10,10,99,1
PG004619,P008459,853.642,1832.686,BS000199,BS000200,99,10,10,99,1
PG004622,P008462,853.642,1832.686,BS000199,BS000200,99,10,10,99,1
PG004625,P008466,853.642,1832.686,BS000199,BS000200,99,10,10,99,1
PG004628,P008469,853.642,1832.686,BS000199,BS000200,99,10,10,99,1
PG004630,P008471,853.642,1832.686,BS000199,BS000200,99,10,10,99,1
PG004633,P008474,853.642,1832.686,BS000199,BS000200,99,10,10,99,1
PG004608,P008448,883.642,1898.686,BS000199,BS000200,102,10,10,102,1
PG004610,P008450,883.642,1898.686,BS000199,BS000200,102,10,10,102,1
PG004611,P008451,883.642,1898.686,BS000199,BS000200,102,10,10,102,1
PG004612,P008452,883.642,1898.686,BS000199,BS000200,102,10,10,102,1
PG004614,P008454,883.642,1898.686,BS000199,BS000200,102,10,10,102,1
PG004617,P008457,883.642,1898.686,BS000199,BS000200,102,10,10,102,1
PG004620,P008460,883.642,1898.686,BS000199,BS000200,102,10,10,102,1
PG004629,P008470,883.642,1898.686,BS000199,BS000200,102,10,10,102,1
PG004631,P008472,883.642,1898.686,BS000199,BS000200,102,10,10,102,1
PG004613,P008453,793.642,1700.686,BS000199,BS000200,92,10,10,92,1
PG004626,P008467,793.642,1700.686,BS000199,BS000200,92,10,10,92,1
PG004621,P008461,913.642,1964.686,BS000199,BS000200,106,10,10,106,1
PG004623,P008464,913.642,1964.686,BS000199,BS000200,106,10,10,106,1
PG004634,P008476,913.642,1964.686,BS000199,BS000200,106,10,10,106,1
PG004636,P008481,913.642,1964.686,BS000199,BS000200,106,10,10,106,1
PG004637,P008486,913.642,1964.686,BS000199,BS000200,106,10,10,106,1
PG004639,P008493,913.642,1964.686,BS000199,BS000200,106,10,10,106,1
PG004640,P008496,913.642,1964.686,BS000199,BS000200,106,10,10,106,1
PG004642,P008499,913.642,1964.686,BS000199,BS000200,106,10,10,106,1
PG004641,P008497,943.642,2030.686,BS000199,BS000200,110,10,10,110,1
PG004643,P008500,943.642,2030.686,BS000199,BS000200,110,10,10,110,1
PG004644,P008501,778.216,1503.538,BS000201,BS000202,73,14,14,73,1
PG004646,P008503,778.216,1503.538,BS000201,BS000202,73,14,14,73,1
PG004649,P008506,778.216,1503.538,BS000201,BS000202,73,14,14,73,1
PG004655,P008512,778.216,1503.538,BS000201,BS000202,73,14,14,73,1
PG004665,P008524,778.216,1503.538,BS000201,BS000202,73,14,14,73,1
PG004645,P008502,808.216,1569.538,BS000201,BS000202,77,14,14,77,1
PG004647,P008504,808.216,1569.538,BS000201,BS000202,77,14,14,77,1
PG004650,P008507,808.216,1569.538,BS000201,BS000202,77,14,14,77,1
PG004652,P008509,808.216,1569.538,BS000201,BS000202,77,14,14,77,1
PG004656,P008513,808.216,1569.538,BS000201,BS000202,77,14,14,77,1
PG004658,P008515,808.216,1569.538,BS000201,BS000202,77,14,14,77,1
PG004661,P008518,808.216,1569.538,BS000201,BS000202,77,14,14,77,1
PG004666,P008525,808.216,1569.538,BS000201,BS000202,77,14,14,77,1
PG004668,P008527,808.216,1569.538,BS000201,BS000202,77,14,14,77,1
PG004671,P008530,808.216,1569.538,BS000201,BS000202,77,14,14,77,1
PG004675,P008536,808.216,1569.538,BS000201,BS000202,77,14,14,77,1
PG004648,P008505,838.216,1635.538,BS000201,BS000202,80,14,14,80,1
PG004651,P008508,838.216,1635.538,BS000201,BS000202,80,14,14,80,1
PG004653,P008510,838.216,1635.538,BS000201,BS000202,80,14,14,80,1
PG004657,P008514,838.216,1635.538,BS000201,BS000202,80,14,14,80,1
PG004659,P008516,838.216,1635.538,BS000201,BS000202,80,14,14,80,1
PG004662,P008519,838.216,1635.538,BS000201,BS000202,80,14,14,80,1
PG004667,P008526,838.216,1635.538,BS000201,BS000202,80,14,14,80,1
PG004669,P008528,838.216,1635.538,BS000201,BS000202,80,14,14,80,1
PG004672,P008531,838.216,1635.538,BS000201,BS000202,80,14,14,80,1
PG004673,P008533,838.216,1635.538,BS000201,BS000202,80,14,14,80,1
PG004677,P008542,838.216,1635.538,BS000201,BS000202,80,14,14,80,1
PG004654,P008511,868.216,1701.538,BS000201,BS000202,84,14,14,84,1
PG004660,P008517,868.216,1701.538,BS000201,BS000202,84,14,14,84,1
PG004663,P008520,868.216,1701.538,BS000201,BS000202,84,14,14,84,1
PG004670,P008529,868.216,1701.538,BS000201,BS000202,84,14,14,84,1
PG004664,P008523,898.216,1767.538,BS000201,BS000202,87,14,14,87,1
PG004674,P008535,898.216,1767.538,BS000201,BS000202,87,14,14,87,1
PG004676,P008541,898.216,1767.538,BS000201,BS000202,87,14,14,87,1
PG004678,P008544,898.216,1767.538,BS000201,BS000202,87,14,14,87,1
PG004679,P008546,898.216,1767.538,BS000201,BS000202,87,14,14,87,1
PG004680,P008547,928.216,1833.538,BS000201,BS000202,91,14,14,91,1
PG004681,P008548,719.484,1147.222,BS000203,BS000204,44,8,8,44,1
PG004683,P008550,719.484,1147.222,BS000203,BS000204,44,8,8,44,1
PG004686,P008553,719.484,1147.222,BS000203,BS000204,44,8,8,44,1
PG004692,P008559,719.484,1147.222,BS000203,BS000204,44,8,8,44,1
PG004703,P008571,719.484,1147.222,BS000203,BS000204,44,8,8,44,1
PG004682,P008549,749.484,1213.222,BS000203,BS000204,48,8,8,48,1
PG004684,P008551,749.484,1213.222,BS000203,BS000204,48,8,8,48,1
PG004687,P008554,749.484,1213.222,BS000203,BS000204,48,8,8,48,1
PG004689,P008556,749.484,1213.222,BS000203,BS000204,48,8,8,48,1
PG004693,P008560,749.484,1213.222,BS000203,BS000204,48,8,8,48,1
PG004695,P008562,749.484,1213.222,BS000203,BS000204,48,8,8,48,1
PG004698,P008565,749.484,1213.222,BS000203,BS000204,48,8,8,48,1
PG004704,P008572,749.484,1213.222,BS000203,BS000204,48,8,8,48,1
PG004706,P008574,749.484,1213.222,BS000203,BS000204,48,8,8,48,1
PG004709,P008577,749.484,1213.222,BS000203,BS000204,48,8,8,48,1
PG004713,P008583,749.484,1213.222,BS000203,BS000204,48,8,8,48,1
PG004685,P008552,779.484,1279.222,BS000203,BS000204,51,8,8,51,1
PG004688,P008555,779.484,1279.222,BS000203,BS000204,51,8,8,51,1
PG004690,P008557,779.484,1279.222,BS000203,BS000204,51,8,8,51,1
PG004694,P008561,779.484,1279.222,BS000203,BS000204,51,8,8,51,1
PG004696,P008563,779.484,1279.222,BS000203,BS000204,51,8,8,51,1
PG004699,P008566,779.484,1279.222,BS000203,BS000204,51,8,8,51,1
PG004701,P008568,779.484,1279.222,BS000203,BS000204,51,8,8,51,1
PG004705,P008573,779.484,1279.222,BS000203,BS000204,51,8,8,51,1
PG004707,P008575,779.484,1279.222,BS000203,BS000204,51,8,8,51,1
PG004710,P008578,779.484,1279.222,BS000203,BS000204,51,8,8,51,1
PG004711,P008580,779.484,1279.222,BS000203,BS000204,51,8,8,51,1
PG004714,P008584,779.484,1279.222,BS000203,BS000204,51,8,8,51,1
PG004715,P008586,779.484,1279.222,BS000203,BS000204,51,8,8,51,1
PG004717,P008589,779.484,1279.222,BS000203,BS000204,51,8,8,51,1
PG004691,P008558,809.484,1345.222,BS000203,BS000204,55,8,8,55,1
PG004697,P008564,809.484,1345.222,BS000203,BS000204,55,8,8,55,1
PG004700,P008567,809.484,1345.222,BS000203,BS000204,55,8,8,55,1
PG004708,P008576,809.484,1345.222,BS000203,BS000204,55,8,8,55,1
PG004702,P008570,839.484,1411.222,BS000203,BS000204,58,8,8,58,1
PG004712,P008582,839.484,1411.222,BS000203,BS000204,58,8,8,58,1
PG004716,P008588,839.484,1411.222,BS000203,BS000204,58,8,8,58,1
PG004718,P008591,839.484,1411.222,BS000203,BS000204,58,8,8,58,1
PG004719,P008593,839.484,1411.222,BS000203,BS000204,58,8,8,58,1
PG004720,P008594,869.484,1477.222,BS000203,BS000204,62,8,8,62,1
PG004721,P008642,743.709,1189.09,BS000205,BS000010,46,8,8,46,1
PG004722,P008643,743.709,1189.09,BS000205,BS000010,46,8,8,46,1
PG004724,P008645,743.709,1189.09,BS000205,BS000010,46,8,8,46,1
PG004728,P008649,743.709,1189.09,BS000205,BS000010,46,8,8,46,1
PG004736,P008657,743.709,1189.09,BS000205,BS000010,46,8,8,46,1
PG004723,P008644,773.709,1255.09,BS000205,BS000010,50,8,8,50,1
PG004725,P008646,773.709,1255.09,BS000205,BS000010,50,8,8,50,1
PG004726,P008647,773.709,1255.09,BS000205,BS000010,50,8,8,50,1
PG004729,P008650,773.709,1255.09,BS000205,BS000010,50,8,8,50,1
PG004730,P008651,773.709,1255.09,BS000205,BS000010,50,8,8,50,1
PG004732,P008653,773.709,1255.09,BS000205,BS000010,50,8,8,50,1
PG004737,P008658,773.709,1255.09,BS000205,BS000010,50,8,8,50,1
PG004738,P008659,773.709,1255.09,BS000205,BS000010,50,8,8,50,1
PG004740,P008661,773.709,1255.09,BS000205,BS000010,50,8,8,50,1
PG004744,P008665,773.709,1255.09,BS000205,BS000010,50,8,8,50,1
PG004727,P008648,803.709,1321.09,BS000205,BS000010,53,8,8,53,1
PG004731,P008652,803.709,1321.09,BS000205,BS000010,53,8,8,53,1
PG004733,P008654,803.709,1321.09,BS000205,BS000010,53,8,8,53,1
PG004734,P008655,803.709,1321.09,BS000205,BS000010,53,8,8,53,1
PG004739,P008660,803.709,1321.09,BS000205,BS000010,53,8,8,53,1
PG004741,P008662,803.709,1321.09,BS000205,BS000010,53,8,8,53,1
PG004742,P008663,803.709,1321.09,BS000205,BS000010,53,8,8,53,1
PG004745,P008666,803.709,1321.09,BS000205,BS000010,53,8,8,53,1
PG004746,P008667,803.709,1321.09,BS000205,BS000010,53,8,8,53,1
PG004748,P008669,803.709,1321.09,BS000205,BS000010,53,8,8,53,1
PG004735,P008656,833.709,1387.09,BS000205,BS000010,57,8,8,57,1
PG004743,P008664,833.709,1387.09,BS000205,BS000010,57,8,8,57,1
PG004747,P008668,833.709,1387.09,BS000205,BS000010,57,8,8,57,1
PG004749,P008670,833.709,1387.09,BS000205,BS000010,57,8,8,57,1
PG004750,P008671,833.709,1387.09,BS000205,BS000010,57,8,8,57,1
PG004751,P008672,863.709,1453.09,BS000205,BS000010,60,8,8,60,1
PG004752,P008673,708.084,1516.523,BS000206,BS000012,83,15,15,83,1
PG004753,P008674,708.084,1516.523,BS000206,BS000012,83,15,15,83,1
PG004755,P008676,708.084,1516.523,BS000206,BS000012,83,15,15,83,1
PG004759,P008680,708.084,1516.523,BS000206,BS000012,83,15,15,83,1
PG004767,P008688,708.084,1516.523,BS000206,BS000012,83,15,15,83,1
PG004754,P008675,738.084,1582.523,BS000206,BS000012,87,15,15,87,1
PG004756,P008677,738.084,1582.523,BS000206,BS000012,87,15,15,87,1
PG004757,P008678,738.084,1582.523,BS000206,BS000012,87,15,15,87,1
PG004760,P008681,738.084,1582.523,BS000206,BS000012,87,15,15,87,1
PG004761,P008682,738.084,1582.523,BS000206,BS000012,87,15,15,87,1
PG004763,P008684,738.084,1582.523,BS000206,BS000012,87,15,15,87,1
PG004768,P008689,738.084,1582.523,BS000206,BS000012,87,15,15,87,1
PG004769,P008690,738.084,1582.523,BS000206,BS000012,87,15,15,87,1
PG004771,P008692,738.084,1582.523,BS000206,BS000012,87,15,15,87,1
PG004775,P008696,738.084,1582.523,BS000206,BS000012,87,15,15,87,1
PG004758,P008679,768.084,1648.523,BS000206,BS000012,90,15,15,90,1
PG004762,P008683,768.084,1648.523,BS000206,BS000012,90,15,15,90,1
PG004764,P008685,768.084,1648.523,BS000206,BS000012,90,15,15,90,1
PG004765,P008686,768.084,1648.523,BS000206,BS000012,90,15,15,90,1
PG004770,P008691,768.084,1648.523,BS000206,BS000012,90,15,15,90,1
PG004772,P008693,768.084,1648.523,BS000206,BS000012,90,15,15,90,1
PG004773,P008694,768.084,1648.523,BS000206,BS000012,90,15,15,90,1
PG004766,P008687,798.084,1714.523,BS000206,BS000012,94,15,15,94,1
PG004774,P008695,798.084,1714.523,BS000206,BS000012,94,15,15,94,1
PG004776,P008699,798.084,1714.523,BS000206,BS000012,94,15,15,94,1
PG004777,P008701,798.084,1714.523,BS000206,BS000012,94,15,15,94,1
PG004778,P008702,798.084,1714.523,BS000206,BS000012,94,15,15,94,1
PG004779,P008703,828.084,1780.523,BS000206,BS000012,97,15,15,97,1
PG004780,P008704,656.212,1170.629,BS000207,BS000014,53,8,8,53,1
PG004781,P008705,656.212,1170.629,BS000207,BS000014,53,8,8,53,1
PG004783,P008707,656.212,1170.629,BS000207,BS000014,53,8,8,53,1
PG004782,P008706,686.212,1236.629,BS000207,BS000014,57,8,8,57,1
PG004784,P008708,686.212,1236.629,BS000207,BS000014,57,8,8,57,1
PG004785,P008709,686.212,1236.629,BS000207,BS000014,57,8,8,57,1
PG004786,P008710,716.212,1302.629,BS000207,BS000014,60,8,8,60,1
PG004787,P008711,713.175,1123.37,BS000208,BS000209,42,12,12,42,1
PG004788,P008712,713.175,1123.37,BS000208,BS000209,42,12,12,42,1
PG004790,P008714,713.175,1123.37,BS000208,BS000209,42,12,12,42,1
PG004789,P008713,743.175,1189.37,BS000208,BS000209,46,12,12,46,1
PG004791,P008715,743.175,1189.37,BS000208,BS000209,46,12,12,46,1
PG004792,P008716,743.175,1189.37,BS000208,BS000209,46,12,12,46,1
PG004793,P008717,773.175,1255.37,BS000208,BS000209,49,12,12,49,1
PG004794,P008725,704.24,1513.621,BS000210,BS000211,82,15,15,82,1
PG004795,P008726,704.24,1513.621,BS000210,BS000211,82,15,15,82,1
PG004797,P008728,704.24,1513.621,BS000210,BS000211,82,15,15,82,1
PG004796,P008727,734.24,1579.621,BS000210,BS000211,86,15,15,86,1
PG004798,P008729,734.24,1579.621,BS000210,BS000211,86,15,15,86,1
PG004799,P008730,734.24,1579.621,BS000210,BS000211,86,15,15,86,1
PG004800,P008731,764.24,1645.621,BS000210,BS000211,89,15,15,89,1
PG004801,P008732,698.593,1090.573,BS000212,BS000213,40,5,5,40,1
PG004802,P008733,698.593,1090.573,BS000212,BS000213,40,5,5,40,1
PG004804,P008735,698.593,1090.573,BS000212,BS000213,40,5,5,40,1
PG004803,P008734,728.593,1156.573,BS000212,BS000213,44,5,5,44,1
PG004805,P008736,728.593,1156.573,BS000212,BS000213,44,5,5,44,1
PG004806,P008737,728.593,1156.573,BS000212,BS000213,44,5,5,44,1
PG004807,P008738,758.593,1222.573,BS000212,BS000213,47,5,5,47,1
PG004808,P008739,775.699,1409.279,BS000214,BS000215,65,3,3,65,1
PG004809,P008740,775.699,1409.279,BS000214,BS000215,65,3,3,65,1
PG004811,P008742,775.699,1409.279,BS000214,BS000215,65,3,3,65,1
PG004810,P008741,805.699,1475.279,BS000214,BS000215,69,3,3,69,1
PG004812,P008743,805.699,1475.279,BS000214,BS000215,69,3,3,69,1
PG004813,P008744,805.699,1475.279,BS000214,BS000215,69,3,3,69,1
PG004814,P008745,835.699,1541.279,BS000214,BS000215,72,3,3,72,1
PG004815,P008746,767.64,1352.483,BS000216,BS000217,59,15,15,59,1
PG004816,P008747,767.64,1352.483,BS000216,BS000217,59,15,15,59,1
PG004818,P008749,767.64,1352.483,BS000216,BS000217,59,15,15,59,1
PG004817,P008748,797.64,1418.483,BS000216,BS000217,63,15,15,63,1
PG004819,P008750,797.64,1418.483,BS000216,BS000217,63,15,15,63,1
PG004820,P008751,797.64,1418.483,BS000216,BS000217,63,15,15,63,1
PG004821,P008752,827.64,1484.483,BS000216,BS000217,66,15,15,66,1
PG004822,P008754,692.502,1464.811,BS000198,BS000026,78,15,15,78,1
PG004823,P008758,692.502,1464.811,BS000198,BS000026,78,15,15,78,1
PG004824,P008787,692.502,1464.811,BS000198,BS000026,78,15,15,78,1
PG004826,P008849,692.502,1464.811,BS000198,BS000026,78,15,15,78,1
PG004827,P008853,692.502,1464.811,BS000198,BS000026,78,15,15,78,1
PG004831,P008941,692.502,1464.811,BS000198,BS000026,78,15,15,78,1
PG004833,P008945,692.502,1464.811,BS000198,BS000026,78,15,15,78,1
PG004837,P008983,692.502,1464.811,BS000198,BS000026,78,15,15,78,1
PG004839,P009049,722.502,1494.811,BS000198,BS000026,78,15,15,78,1
PG004840,P009053,722.502,1494.811,BS000198,BS000026,78,15,15,78,1
PG004843,P009142,692.502,1464.811,BS000198,BS000026,78,15,15,78,1
PG004844,P009146,692.502,1464.811,BS000198,BS000026,78,15,15,78,1
PG004845,P009184,692.502,1464.811,BS000198,BS000026,78,15,15,78,1
PG004851,P009312,692.502,1464.811,BS000198,BS000026,78,15,15,78,1
PG004853,P009316,692.502,1464.811,BS000198,BS000026,78,15,15,78,1
PG004855,P009320,692.502,1464.811,BS000198,BS000026,78,15,15,78,1
PG004857,P009326,692.502,1464.811,BS000198,BS000026,78,15,15,78,1
PG004859,P009358,692.502,1464.811,BS000198,BS000026,78,15,15,78,1
PG004867,P009436,692.502,1464.811,BS000198,BS000026,78,15,15,78,1
PG004870,P009444,692.502,1464.811,BS000198,BS000026,78,15,15,78,1
PG004872,P009450,692.502,1464.811,BS000198,BS000026,78,15,15,78,1
PG004874,P009482,692.502,1464.811,BS000198,BS000026,78,15,15,78,1
PG004825,P008848,982.996,1761.324,BS000218,BS000002,79,15,15,79,1
PG004828,P008855,982.996,1761.324,BS000218,BS000002,79,15,15,79,1
PG004829,P008859,982.996,1761.324,BS000218,BS000002,79,15,15,79,1
PG004830,P008940,982.996,1761.324,BS000218,BS000002,79,15,15,79,1
PG004832,P008944,982.996,1761.324,BS000218,BS000002,79,15,15,79,1
PG004834,P008948,982.996,1761.324,BS000218,BS000002,79,15,15,79,1
PG004835,P008953,982.996,1761.324,BS000218,BS000002,79,15,15,79,1
PG004836,P008982,982.996,1761.324,BS000218,BS000002,79,15,15,79,1
PG004838,P009047,1312.996,2091.324,BS000218,BS000002,79,15,15,79,1
PG004846,P009245,1378.996,2157.324,BS000218,BS000002,79,15,15,79,1
PG004850,P009311,982.996,1761.324,BS000218,BS000002,79,15,15,79,1
PG004852,P009315,982.996,1761.324,BS000218,BS000002,79,15,15,79,1
PG004854,P009319,982.996,1761.324,BS000218,BS000002,79,15,15,79,1
PG004856,P009325,982.996,1761.324,BS000218,BS000002,79,15,15,79,1
PG004858,P009357,982.996,1761.324,BS000218,BS000002,79,15,15,79,1
PG004860,P009423,1312.996,2091.324,BS000218,BS000002,79,15,15,79,1
PG004861,P009426,1378.996,2157.324,BS000218,BS000002,79,15,15,79,1
PG004862,P009431,1444.996,2223.324,BS000218,BS000002,79,15,15,79,1
PG004863,P009432,1444.996,2223.324,BS000218,BS000002,79,15,15,79,1
PG004864,P009433,1444.996,2223.324,BS000218,BS000002,79,15,15,79,1
PG004865,P009434,1444.996,2223.324,BS000218,BS000002,79,15,15,79,1
PG004866,P009435,982.996,1761.324,BS000218,BS000002,79,15,15,79,1
PG004868,P009439,982.996,1761.324,BS000218,BS000002,79,15,15,79,1
PG004869,P009443,982.996,1761.324,BS000218,BS000002,79,15,15,79,1
PG004871,P009449,982.996,1761.324,BS000218,BS000002,79,15,15,79,1
PG004873,P009481,982.996,1761.324,BS000218,BS000002,79,15,15,79,1
PG004875,P009547,1312.996,2091.324,BS000218,BS000002,79,15,15,79,1
PG004876,P009550,1378.996,2157.324,BS000218,BS000002,79,15,15,79,1
PG004877,P009556,1444.996,2223.324,BS000218,BS000002,79,15,15,79,1
PG004878,P009557,1444.996,2223.324,BS000218,BS000002,79,15,15,79,1
PG004879,P009558,1444.996,2223.324,BS000218,BS000002,79,15,15,79,1
PG004880,P009560,1378.996,2157.324,BS000218,BS000002,79,15,15,79,1
PG004914,P009818,1444.996,2223.324,BS000218,BS000002,79,15,15,79,1
PG004915,P009820,1444.996,2223.324,BS000218,BS000002,79,15,15,79,1
PG004916,P009824,1510.996,2289.324,BS000218,BS000002,79,15,15,79,1
PG004917,P009825,1510.996,2289.324,BS000218,BS000002,79,15,15,79,1
PG004918,P009827,1444.996,2223.324,BS000218,BS000002,79,15,15,79,1
PG004919,P009830,1444.996,2223.324,BS000218,BS000002,79,15,15,79,1
PG004920,P009832,1510.996,2289.324,BS000218,BS000002,79,15,15,79,1
PG004921,P009833,1510.996,2289.324,BS000218,BS000002,79,15,15,79,1
PG004841,P009139,1198.996,2157.324,BS000218,BS000002,97,15,15,97,1
PG004848,P009307,1264.996,2223.324,BS000218,BS000002,97,15,15,97,1
PG004849,P009310,1264.996,2223.324,BS000218,BS000002,97,15,15,97,1
PG004881,P009631,1264.996,2223.324,BS000218,BS000002,97,15,15,97,1
PG004882,P009634,1264.996,2223.324,BS000218,BS000002,97,15,15,97,1
PG004900,P009765,1330.996,2289.324,BS000218,BS000002,97,15,15,97,1
PG004902,P009768,1330.996,2289.324,BS000218,BS000002,97,15,15,97,1
PG004842,P009140,872.502,1824.811,BS000198,BS000026,96,15,15,96,1
PG004847,P009268,1234.996,2157.324,BS000218,BS000002,93,15,15,93,1
PG004885,P009667,1300.996,2223.324,BS000218,BS000002,93,15,15,93,1
PG004886,P009669,1300.996,2223.324,BS000218,BS000002,93,15,15,93,1
PG004887,P009676,1300.996,2223.324,BS000218,BS000002,93,15,15,93,1
PG004888,P009677,1300.996,2223.324,BS000218,BS000002,93,15,15,93,1
PG004893,P009723,1300.996,2223.324,BS000218,BS000002,93,15,15,93,1
PG004894,P009726,1300.996,2223.324,BS000218,BS000002,93,15,15,93,1
PG004895,P009743,1300.996,2223.324,BS000218,BS000002,93,15,15,93,1
PG004896,P009748,1300.996,2223.324,BS000218,BS000002,93,15,15,93,1
PG004897,P009749,1300.996,2223.324,BS000218,BS000002,93,15,15,93,1
PG004898,P009752,1300.996,2223.324,BS000218,BS000002,93,15,15,93,1
PG004899,P009763,1300.996,2223.324,BS000218,BS000002,93,15,15,93,1
PG004901,P009766,1300.996,2223.324,BS000218,BS000002,93,15,15,93,1
PG004910,P009800,1366.996,2289.324,BS000218,BS000002,93,15,15,93,1
PG004911,P009801,1366.996,2289.324,BS000218,BS000002,93,15,15,93,1
PG004883,P009655,1270.996,2157.324,BS000218,BS000002,90,15,15,90,1
PG004884,P009659,1270.996,2157.324,BS000218,BS000002,90,15,15,90,1
PG004890,P009693,1336.996,2223.324,BS000218,BS000002,90,15,15,90,1
PG004891,P009695,1336.996,2223.324,BS000218,BS000002,90,15,15,90,1
PG004903,P009782,1336.996,2223.324,BS000218,BS000002,90,15,15,90,1
PG004904,P009783,1336.996,2223.324,BS000218,BS000002,90,15,15,90,1
PG004905,P009793,1336.996,2223.324,BS000218,BS000002,90,15,15,90,1
PG004906,P009794,1336.996,2223.324,BS000218,BS000002,90,15,15,90,1
PG004907,P009797,1336.996,2223.324,BS000218,BS000002,90,15,15,90,1
PG004908,P009798,1336.996,2223.324,BS000218,BS000002,90,15,15,90,1
PG004909,P009799,1336.996,2223.324,BS000218,BS000002,90,15,15,90,1
PG004913,P009814,1402.996,2289.324,BS000218,BS000002,90,15,15,90,1
PG004889,P009690,1306.996,2157.324,BS000218,BS000002,86,15,15,86,1
PG004912,P009811,1372.996,2223.324,BS000218,BS000002,86,15,15,86,1
PG004892,P009702,1342.996,2157.324,BS000218,BS000002,83,15,15,83,1
PG004922,P009837,793.642,1702.343,BS000199,BS000219,92,9,9,92,1
PG004923,P009848,793.642,1702.343,BS000199,BS000219,92,9,9,92,1
PG004928,P009887,793.642,1702.343,BS000199,BS000219,92,9,9,92,1
PG004929,P009899,793.642,1702.343,BS000199,BS000219,92,9,9,92,1
PG004930,P009948,793.642,1702.343,BS000199,BS000219,92,9,9,92,1
PG004931,P009960,793.642,1702.343,BS000199,BS000219,92,9,9,92,1
PG004924,P009859,1271.676,2185.497,BS000027,BS000200,91,9,9,91,1
PG004925,P009861,1271.676,2185.497,BS000027,BS000200,91,9,9,91,1
PG004926,P009863,1271.676,2185.497,BS000027,BS000200,91,9,9,91,1
PG004927,P009865,1271.676,2185.497,BS000027,BS000200,91,9,9,91,1
PG004932,P009992,1271.676,2185.497,BS000027,BS000200,91,9,9,91,1
PG004933,P009994,1271.676,2185.497,BS000027,BS000200,91,9,9,91,1
PG004934,P009996,1271.676,2185.497,BS000027,BS000200,91,9,9,91,1
PG004935,P009998,1271.676,2185.497,BS000027,BS000200,91,9,9,91,1
PG004936,P010033,1271.676,2185.497,BS000027,BS000200,91,9,9,91,1
PG004937,P010035,1271.676,2185.497,BS000027,BS000200,91,9,9,91,1
PG004938,P010037,1271.676,2185.497,BS000027,BS000200,91,9,9,91,1
PG004939,P010039,1271.676,2185.497,BS000027,BS000200,91,9,9,91,1
PG004940,P010127,808.216,1527.753,BS000201,BS000220,73,14,14,73,1
PG004941,P010131,808.216,1527.753,BS000201,BS000220,73,14,14,73,1
PG004942,P010137,808.216,1527.753,BS000201,BS000220,73,14,14,73,1
PG004943,P010148,808.216,1527.753,BS000201,BS000220,73,14,14,73,1
PG004944,P010169,808.216,1527.753,BS000201,BS000220,73,14,14,73,1
PG004946,P010217,808.216,1527.753,BS000201,BS000220,73,14,14,73,1
PG004947,P010221,808.216,1527.753,BS000201,BS000220,73,14,14,73,1
PG004948,P010227,808.216,1527.753,BS000201,BS000220,73,14,14,73,1
PG004949,P010238,808.216,1527.753,BS000201,BS000220,73,14,14,73,1
PG004950,P010259,808.216,1527.753,BS000201,BS000220,73,14,14,73,1
PG004951,P010303,808.216,1527.753,BS000201,BS000220,73,14,14,73,1
PG004952,P010307,808.216,1527.753,BS000201,BS000220,73,14,14,73,1
PG004953,P010313,808.216,1527.753,BS000201,BS000220,73,14,14,73,1
PG004954,P010325,808.216,1527.753,BS000201,BS000220,73,14,14,73,1
PG004955,P010348,808.216,1527.753,BS000201,BS000220,73,14,14,73,1
PG004957,P010395,838.216,1557.753,BS000201,BS000220,73,14,14,73,1
PG004958,P010399,838.216,1557.753,BS000201,BS000220,73,14,14,73,1
PG004959,P010405,838.216,1557.753,BS000201,BS000220,73,14,14,73,1
PG004960,P010417,838.216,1557.753,BS000201,BS000220,73,14,14,73,1
PG004961,P010438,838.216,1557.753,BS000201,BS000220,73,14,14,73,1
PG004962,P010482,808.216,1527.753,BS000201,BS000220,73,14,14,73,1
PG004963,P010486,808.216,1527.753,BS000201,BS000220,73,14,14,73,1
PG004964,P010492,808.216,1527.753,BS000201,BS000220,73,14,14,73,1
PG004965,P010504,808.216,1527.753,BS000201,BS000220,73,14,14,73,1
PG004966,P010527,808.216,1527.753,BS000201,BS000220,73,14,14,73,1
PG004968,P010573,868.216,1587.753,BS000201,BS000220,73,14,14,73,1
PG004969,P010577,868.216,1587.753,BS000201,BS000220,73,14,14,73,1
PG004970,P010582,868.216,1587.753,BS000201,BS000220,73,14,14,73,1
PG004971,P010591,868.216,1587.753,BS000201,BS000220,73,14,14,73,1
PG004972,P010607,868.216,1587.753,BS000201,BS000220,73,14,14,73,1
PG004976,P010642,808.216,1527.753,BS000201,BS000220,73,14,14,73,1
PG004978,P010646,808.216,1527.753,BS000201,BS000220,73,14,14,73,1
PG004980,P010652,808.216,1527.753,BS000201,BS000220,73,14,14,73,1
PG004982,P010664,808.216,1527.753,BS000201,BS000220,73,14,14,73,1
PG004984,P010688,808.216,1527.753,BS000201,BS000220,73,14,14,73,1
PG004996,P010747,808.216,1527.753,BS000201,BS000220,73,14,14,73,1
PG004997,P010751,808.216,1527.753,BS000201,BS000220,73,14,14,73,1
PG004998,P010757,808.216,1527.753,BS000201,BS000220,73,14,14,73,1
PG005000,P010769,808.216,1527.753,BS000201,BS000220,73,14,14,73,1
PG005002,P010793,808.216,1527.753,BS000201,BS000220,73,14,14,73,1
PG004945,P010215,1426.809,2186.85,BS000029,BS000202,77,14,14,77,1
PG004988,P010738,1558.809,2318.85,BS000029,BS000202,77,14,14,77,1
PG005006,P010843,1558.809,2318.85,BS000029,BS000202,77,14,14,77,1
PG005019,P011013,1492.809,2252.85,BS000029,BS000202,77,14,14,77,1
PG005020,P011014,1492.809,2252.85,BS000029,BS000202,77,14,14,77,1
PG005035,P011147,1558.809,2318.85,BS000029,BS000202,77,14,14,77,1
PG005036,P011148,1558.809,2318.85,BS000029,BS000202,77,14,14,77,1
PG004956,P010393,1462.809,2186.85,BS000029,BS000202,73,14,14,73,1
PG004967,P010571,1528.809,2252.85,BS000029,BS000202,73,14,14,73,1
PG004975,P010641,1132.809,1856.85,BS000029,BS000202,73,14,14,73,1
PG004977,P010645,1132.809,1856.85,BS000029,BS000202,73,14,14,73,1
PG004979,P010651,1132.809,1856.85,BS000029,BS000202,73,14,14,73,1
PG004981,P010663,1132.809,1856.85,BS000029,BS000202,73,14,14,73,1
PG004983,P010687,1132.809,1856.85,BS000029,BS000202,73,14,14,73,1
PG004985,P010733,1462.809,2186.85,BS000029,BS000202,73,14,14,73,1
PG004986,P010735,1528.809,2252.85,BS000029,BS000202,73,14,14,73,1
PG004987,P010736,1528.809,2252.85,BS000029,BS000202,73,14,14,73,1
PG004989,P010739,1594.809,2318.85,BS000029,BS000202,73,14,14,73,1
PG004990,P010740,1594.809,2318.85,BS000029,BS000202,73,14,14,73,1
PG004991,P010741,1594.809,2318.85,BS000029,BS000202,73,14,14,73,1
PG004992,P010742,1594.809,2318.85,BS000029,BS000202,73,14,14,73,1
PG004993,P010743,1594.809,2318.85,BS000029,BS000202,73,14,14,73,1
PG004994,P010744,1594.809,2318.85,BS000029,BS000202,73,14,14,73,1
PG004995,P010745,1594.809,2318.85,BS000029,BS000202,73,14,14,73,1
PG004999,P010768,1132.809,1856.85,BS000029,BS000202,73,14,14,73,1
PG005001,P010792,1132.809,1856.85,BS000029,BS000202,73,14,14,73,1
PG005003,P010838,1462.809,2186.85,BS000029,BS000202,73,14,14,73,1
PG005004,P010840,1528.809,2252.85,BS000029,BS000202,73,14,14,73,1
PG005005,P010841,1528.809,2252.85,BS000029,BS000202,73,14,14,73,1
PG005007,P010848,1594.809,2318.85,BS000029,BS000202,73,14,14,73,1
PG005008,P010849,1594.809,2318.85,BS000029,BS000202,73,14,14,73,1
PG005009,P010850,1594.809,2318.85,BS000029,BS000202,73,14,14,73,1
PG005010,P010851,1594.809,2318.85,BS000029,BS000202,73,14,14,73,1
PG005011,P010852,1528.809,2252.85,BS000029,BS000202,73,14,14,73,1
PG005037,P011149,1594.809,2318.85,BS000029,BS000202,73,14,14,73,1
PG005038,P011151,1594.809,2318.85,BS000029,BS000202,73,14,14,73,1
PG005039,P011155,1660.809,2384.85,BS000029,BS000202,73,14,14,73,1
PG005040,P011156,1660.809,2384.85,BS000029,BS000202,73,14,14,73,1
PG005041,P011157,1594.809,2318.85,BS000029,BS000202,73,14,14,73,1
PG005042,P011158,1594.809,2318.85,BS000029,BS000202,73,14,14,73,1
PG005043,P011160,1594.809,2318.85,BS000029,BS000202,73,14,14,73,1
PG005044,P011161,1594.809,2318.85,BS000029,BS000202,73,14,14,73,1
PG005045,P011163,1660.809,2384.85,BS000029,BS000202,73,14,14,73,1
PG005046,P011164,1660.809,2384.85,BS000029,BS000202,73,14,14,73,1
PG004973,P010637,1384.809,2252.85,BS000029,BS000202,87,14,14,87,1
PG004974,P010640,1384.809,2252.85,BS000029,BS000202,87,14,14,87,1
PG005012,P010928,1384.809,2252.85,BS000029,BS000202,87,14,14,87,1
PG005022,P011083,1450.809,2318.85,BS000029,BS000202,87,14,14,87,1
PG005024,P011086,1450.809,2318.85,BS000029,BS000202,87,14,14,87,1
PG005013,P010935,1390.809,2186.85,BS000029,BS000202,80,14,14,80,1
PG005015,P010995,1456.809,2252.85,BS000029,BS000202,80,14,14,80,1
PG005016,P010997,1456.809,2252.85,BS000029,BS000202,80,14,14,80,1
PG005021,P011017,1522.809,2318.85,BS000029,BS000202,80,14,14,80,1
PG005026,P011116,1456.809,2252.85,BS000029,BS000202,80,14,14,80,1
PG005030,P011138,1522.809,2318.85,BS000029,BS000202,80,14,14,80,1
PG005031,P011139,1522.809,2318.85,BS000029,BS000202,80,14,14,80,1
PG005032,P011141,1522.809,2318.85,BS000029,BS000202,80,14,14,80,1
PG005033,P011142,1522.809,2318.85,BS000029,BS000202,80,14,14,80,1
PG005034,P011143,1522.809,2318.85,BS000029,BS000202,80,14,14,80,1
PG005014,P010955,1420.809,2252.85,BS000029,BS000202,84,14,14,84,1
PG005017,P011005,1486.809,2318.85,BS000029,BS000202,84,14,14,84,1
PG005018,P011006,1486.809,2318.85,BS000029,BS000202,84,14,14,84,1
PG005023,P011084,1420.809,2252.85,BS000029,BS000202,84,14,14,84,1
PG005025,P011115,1486.809,2318.85,BS000029,BS000202,84,14,14,84,1
PG005027,P011117,1486.809,2318.85,BS000029,BS000202,84,14,14,84,1
PG005028,P011123,1486.809,2318.85,BS000029,BS000202,84,14,14,84,1
PG005029,P011124,1486.809,2318.85,BS000029,BS000202,84,14,14,84,1
PG005047,P011170,749.484,1233.113,BS000203,BS000221,49,8,8,49,1
PG005048,P011212,749.484,1233.113,BS000203,BS000221,49,8,8,49,1
PG005051,P011366,749.484,1233.113,BS000203,BS000221,49,8,8,49,1
PG005052,P011408,749.484,1233.113,BS000203,BS000221,49,8,8,49,1
PG005055,P011555,749.484,1233.113,BS000203,BS000221,49,8,8,49,1
PG005056,P011597,749.484,1233.113,BS000203,BS000221,49,8,8,49,1
PG005061,P011838,929.484,1413.113,BS000203,BS000221,49,8,8,49,1
PG005065,P011850,959.484,1443.113,BS000203,BS000221,49,8,8,49,1
PG005068,P011854,959.484,1443.113,BS000203,BS000221,49,8,8,49,1
PG005073,P011972,959.484,1443.113,BS000203,BS000221,49,8,8,49,1
PG005076,P011976,959.484,1443.113,BS000203,BS000221,49,8,8,49,1
PG005114,P012454,959.484,1443.113,BS000203,BS000221,49,8,8,49,1
PG005117,P012460,959.484,1443.113,BS000203,BS000221,49,8,8,49,1
PG005119,P012464,989.484,1473.113,BS000203,BS000221,49,8,8,49,1
PG005121,P012466,989.484,1473.113,BS000203,BS000221,49,8,8,49,1
PG005049,P011265,1309.753,1840.58,BS000031,BS000204,55,8,8,55,1
PG005062,P011841,1441.753,1972.58,BS000031,BS000204,55,8,8,55,1
PG005070,P011961,1441.753,1972.58,BS000031,BS000204,55,8,8,55,1
PG005107,P012437,1441.753,1972.58,BS000031,BS000204,55,8,8,55,1
PG005050,P011266,899.484,1419.113,BS000203,BS000221,53,8,8,53,1
PG005063,P011842,959.484,1479.113,BS000203,BS000221,53,8,8,53,1
PG005071,P011962,959.484,1479.113,BS000203,BS000221,53,8,8,53,1
PG005053,P011455,1345.753,1840.58,BS000031,BS000204,51,8,8,51,1
PG005057,P011644,1411.753,1906.58,BS000031,BS000204,51,8,8,51,1
PG005060,P011837,1411.753,1906.58,BS000031,BS000204,51,8,8,51,1
PG005064,P011849,1477.753,1972.58,BS000031,BS000204,51,8,8,51,1
PG005066,P011851,1477.753,1972.58,BS000031,BS000204,51,8,8,51,1
PG005067,P011853,1477.753,1972.58,BS000031,BS000204,51,8,8,51,1
PG005069,P011855,1477.753,1972.58,BS000031,BS000204,51,8,8,51,1
PG005072,P011971,1477.753,1972.58,BS000031,BS000204,51,8,8,51,1
PG005074,P011973,1477.753,1972.58,BS000031,BS000204,51,8,8,51,1
PG005075,P011975,1477.753,1972.58,BS000031,BS000204,51,8,8,51,1
PG005077,P011977,1477.753,1972.58,BS000031,BS000204,51,8,8,51,1
PG005108,P012441,1477.753,1972.58,BS000031,BS000204,51,8,8,51,1
PG005109,P012444,1477.753,1972.58,BS000031,BS000204,51,8,8,51,1
PG005110,P012449,1543.753,2038.58,BS000031,BS000204,51,8,8,51,1
PG005111,P012450,1543.753,2038.58,BS000031,BS000204,51,8,8,51,1
PG005112,P012451,1477.753,1972.58,BS000031,BS000204,51,8,8,51,1
PG005113,P012453,1477.753,1972.58,BS000031,BS000204,51,8,8,51,1
PG005115,P012457,1477.753,1972.58,BS000031,BS000204,51,8,8,51,1
PG005116,P012459,1477.753,1972.58,BS000031,BS000204,51,8,8,51,1
PG005118,P012463,1543.753,2038.58,BS000031,BS000204,51,8,8,51,1
PG005120,P012465,1543.753,2038.58,BS000031,BS000204,51,8,8,51,1
PG005054,P011548,1231.753,1906.58,BS000031,BS000204,69,8,8,69,1
PG005078,P012072,1297.753,1972.58,BS000031,BS000204,69,8,8,69,1
PG005058,P011689,1267.753,1906.58,BS000031,BS000204,65,8,8,65,1
PG005082,P012150,1333.753,1972.58,BS000031,BS000204,65,8,8,65,1
PG005084,P012154,1333.753,1972.58,BS000031,BS000204,65,8,8,65,1
PG005090,P012299,1333.753,1972.58,BS000031,BS000204,65,8,8,65,1
PG005093,P012317,1333.753,1972.58,BS000031,BS000204,65,8,8,65,1
PG005095,P012321,1333.753,1972.58,BS000031,BS000204,65,8,8,65,1
PG005059,P011690,929.484,1557.113,BS000203,BS000221,63,8,8,63,1
PG005083,P012151,959.484,1587.113,BS000203,BS000221,63,8,8,63,1
PG005085,P012155,959.484,1587.113,BS000203,BS000221,63,8,8,63,1
PG005091,P012300,959.484,1587.113,BS000203,BS000221,63,8,8,63,1
PG005079,P012073,959.484,1623.113,BS000203,BS000221,67,8,8,67,1
PG005080,P012124,1303.753,1906.58,BS000031,BS000204,62,8,8,62,1
PG005086,P012206,1369.753,1972.58,BS000031,BS000204,62,8,8,62,1
PG005088,P012208,1369.753,1972.58,BS000031,BS000204,62,8,8,62,1
PG005092,P012315,1303.753,1906.58,BS000031,BS000204,62,8,8,62,1
PG005094,P012319,1303.753,1906.58,BS000031,BS000204,62,8,8,62,1
PG005096,P012371,1369.753,1972.58,BS000031,BS000204,62,8,8,62,1
PG005098,P012375,1369.753,1972.58,BS000031,BS000204,62,8,8,62,1
PG005100,P012389,1369.753,1972.58,BS000031,BS000204,62,8,8,62,1
PG005101,P012391,1369.753,1972.58,BS000031,BS000204,62,8,8,62,1
PG005081,P012125,929.484,1521.113,BS000203,BS000221,60,8,8,60,1
PG005087,P012207,959.484,1551.113,BS000203,BS000221,60,8,8,60,1
PG005089,P012209,959.484,1551.113,BS000203,BS000221,60,8,8,60,1
PG005097,P012373,1339.753,1906.58,BS000031,BS000204,58,8,8,58,1
PG005099,P012387,1339.753,1906.58,BS000031,BS000204,58,8,8,58,1
PG005102,P012419,1405.753,1972.58,BS000031,BS000204,58,8,8,58,1
PG005103,P012421,1405.753,1972.58,BS000031,BS000204,58,8,8,58,1
PG005104,P012425,1405.753,1972.58,BS000031,BS000204,58,8,8,58,1
PG005105,P012427,1405.753,1972.58,BS000031,BS000204,58,8,8,58,1
PG005106,P012429,1405.753,1972.58,BS000031,BS000204,58,8,8,58,1
PG005122,P013771,1274.968,1697.006,BS000222,BS000010,43,8,8,43,1
PG005123,P013773,1274.968,1697.006,BS000222,BS000010,43,8,8,43,1
PG005125,P013777,1274.968,1697.006,BS000222,BS000010,43,8,8,43,1
PG005126,P013785,1274.968,1697.006,BS000222,BS000010,43,8,8,43,1
PG005128,P013833,1538.968,1961.006,BS000222,BS000010,43,8,8,43,1
PG005129,P013834,1538.968,1961.006,BS000222,BS000010,43,8,8,43,1
PG005131,P013837,1274.968,1697.006,BS000222,BS000010,43,8,8,43,1
PG005132,P013839,1274.968,1697.006,BS000222,BS000010,43,8,8,43,1
PG005133,P013843,1274.968,1697.006,BS000222,BS000010,43,8,8,43,1
PG005134,P013899,1274.968,1697.006,BS000222,BS000010,43,8,8,43,1
PG005135,P013901,1274.968,1697.006,BS000222,BS000010,43,8,8,43,1
PG005137,P013905,1274.968,1697.006,BS000222,BS000010,43,8,8,43,1
PG005139,P013961,1604.968,2027.006,BS000222,BS000010,43,8,8,43,1
PG005140,P013962,1340.968,1763.006,BS000222,BS000010,43,8,8,43,1
PG005141,P013964,1340.968,1763.006,BS000222,BS000010,43,8,8,43,1
PG005142,P014024,1274.968,1697.006,BS000222,BS000010,43,8,8,43,1
PG005143,P014026,1274.968,1697.006,BS000222,BS000010,43,8,8,43,1
PG005146,P014086,1670.968,2093.006,BS000222,BS000010,43,8,8,43,1
PG005147,P014087,1406.968,1829.006,BS000222,BS000010,43,8,8,43,1
PG005148,P014089,1406.968,1829.006,BS000222,BS000010,43,8,8,43,1
PG005149,P014149,1274.968,1697.006,BS000222,BS000010,43,8,8,43,1
PG005150,P014151,1274.968,1697.006,BS000222,BS000010,43,8,8,43,1
PG005151,P014211,1604.968,2027.006,BS000222,BS000010,43,8,8,43,1
PG005152,P014214,1670.968,2093.006,BS000222,BS000010,43,8,8,43,1
PG005154,P014217,1736.968,2159.006,BS000222,BS000010,43,8,8,43,1
PG005155,P014218,1736.968,2159.006,BS000222,BS000010,43,8,8,43,1
PG005156,P014219,1736.968,2159.006,BS000222,BS000010,43,8,8,43,1
PG005157,P014220,1736.968,2159.006,BS000222,BS000010,43,8,8,43,1
PG005158,P014221,1736.968,2159.006,BS000222,BS000010,43,8,8,43,1
PG005159,P014222,1736.968,2159.006,BS000222,BS000010,43,8,8,43,1
PG005160,P014223,1736.968,2159.006,BS000222,BS000010,43,8,8,43,1
PG005161,P014224,1274.968,1697.006,BS000222,BS000010,43,8,8,43,1
PG005162,P014226,1274.968,1697.006,BS000222,BS000010,43,8,8,43,1
PG005163,P014286,1604.968,2027.006,BS000222,BS000010,43,8,8,43,1
PG005164,P014289,1670.968,2093.006,BS000222,BS000010,43,8,8,43,1
PG005166,P014292,1736.968,2159.006,BS000222,BS000010,43,8,8,43,1
PG005167,P014293,1736.968,2159.006,BS000222,BS000010,43,8,8,43,1
PG005168,P014294,1736.968,2159.006,BS000222,BS000010,43,8,8,43,1
PG005169,P014296,1736.968,2159.006,BS000222,BS000010,43,8,8,43,1
PG005170,P014298,1736.968,2159.006,BS000222,BS000010,43,8,8,43,1
PG005171,P014300,1670.968,2093.006,BS000222,BS000010,43,8,8,43,1
PG005187,P014653,1736.968,2159.006,BS000222,BS000010,43,8,8,43,1
PG005188,P014655,1736.968,2159.006,BS000222,BS000010,43,8,8,43,1
PG005189,P014659,1802.968,2225.006,BS000222,BS000010,43,8,8,43,1
PG005190,P014660,1802.968,2225.006,BS000222,BS000010,43,8,8,43,1
PG005191,P014661,1736.968,2159.006,BS000222,BS000010,43,8,8,43,1
PG005192,P014662,1736.968,2159.006,BS000222,BS000010,43,8,8,43,1
PG005193,P014664,1736.968,2159.006,BS000222,BS000010,43,8,8,43,1
PG005194,P014665,1736.968,2159.006,BS000222,BS000010,43,8,8,43,1
PG005195,P014667,1802.968,2225.006,BS000222,BS000010,43,8,8,43,1
PG005196,P014668,1802.968,2225.006,BS000222,BS000010,43,8,8,43,1
PG005124,P013774,773.709,1209.971,BS000205,BS000223,45,8,8,45,1
PG005127,P013802,773.709,1209.971,BS000205,BS000223,45,8,8,45,1
PG005136,P013902,773.709,1209.971,BS000205,BS000223,45,8,8,45,1
PG005138,P013930,773.709,1209.971,BS000205,BS000223,45,8,8,45,1
PG005144,P014027,773.709,1209.971,BS000205,BS000223,45,8,8,45,1
PG005145,P014055,773.709,1209.971,BS000205,BS000223,45,8,8,45,1
PG005130,P013836,1568.968,2027.006,BS000222,BS000010,47,8,8,47,1
PG005153,P014216,1700.968,2159.006,BS000222,BS000010,47,8,8,47,1
PG005165,P014291,1700.968,2159.006,BS000222,BS000010,47,8,8,47,1
PG005180,P014484,1634.968,2093.006,BS000222,BS000010,47,8,8,47,1
PG005181,P014485,1634.968,2093.006,BS000222,BS000010,47,8,8,47,1
PG005172,P014423,1592.968,2159.006,BS000222,BS000010,57,8,8,57,1
PG005182,P014552,1592.968,2159.006,BS000222,BS000010,57,8,8,57,1
PG005173,P014424,983.709,1563.971,BS000205,BS000223,59,8,8,59,1
PG005183,P014553,983.709,1563.971,BS000205,BS000223,59,8,8,59,1
PG005174,P014455,1598.968,2093.006,BS000222,BS000010,50,8,8,50,1
PG005175,P014456,953.709,1461.971,BS000205,BS000223,52,8,8,52,1
PG005176,P014471,1628.968,2159.006,BS000222,BS000010,54,8,8,54,1
PG005178,P014473,1628.968,2159.006,BS000222,BS000010,54,8,8,54,1
PG005184,P014596,1628.968,2159.006,BS000222,BS000010,54,8,8,54,1
PG005186,P014604,1628.968,2159.006,BS000222,BS000010,54,8,8,54,1
PG005177,P014472,983.709,1527.971,BS000205,BS000223,56,8,8,56,1
PG005179,P014474,983.709,1527.971,BS000205,BS000223,56,8,8,56,1
PG005185,P014597,983.709,1527.971,BS000205,BS000223,56,8,8,56,1
PG005197,P014672,738.084,1494.074,BS000206,BS000227,77,15,15,77,1
PG005199,P014698,738.084,1494.074,BS000206,BS000227,77,15,15,77,1
PG005203,P014786,738.084,1494.074,BS000206,BS000227,77,15,15,77,1
PG005205,P014814,738.084,1494.074,BS000206,BS000227,77,15,15,77,1
PG005207,P014905,738.084,1494.074,BS000206,BS000227,77,15,15,77,1
PG005209,P014933,738.084,1494.074,BS000206,BS000227,77,15,15,77,1
PG005198,P014672,1514.074,1594.074,BS000228,BS000229,7,2,2,7,1
PG005200,P014698,1514.074,1594.074,BS000228,BS000229,7,2,2,7,1
PG005204,P014786,1514.074,1594.074,BS000228,BS000229,7,2,2,7,1
PG005206,P014814,1514.074,1594.074,BS000228,BS000229,7,2,2,7,1
PG005208,P014905,1514.074,1594.074,BS000228,BS000229,7,2,2,7,1
PG005210,P014933,1514.074,1594.074,BS000228,BS000229,7,2,2,7,1
PG005201,P014725,1330.013,1410.013,BS000224,BS000225,7,2,2,7,1
PG005211,P015068,1396.013,1476.013,BS000224,BS000225,7,2,2,7,1
PG005213,P015069,1462.013,1542.013,BS000224,BS000225,7,2,2,7,1
PG005215,P015070,1528.013,1608.013,BS000224,BS000225,7,2,2,7,1
PG005217,P015071,1528.013,1608.013,BS000224,BS000225,7,2,2,7,1
PG005219,P015072,1528.013,1608.013,BS000224,BS000225,7,2,2,7,1
PG005221,P015073,1528.013,1608.013,BS000224,BS000225,7,2,2,7,1
PG005223,P015074,1528.013,1608.013,BS000224,BS000225,7,2,2,7,1
PG005225,P015137,1396.013,1476.013,BS000224,BS000225,7,2,2,7,1
PG005227,P015139,1528.013,1608.013,BS000224,BS000225,7,2,2,7,1
PG005229,P015140,1528.013,1608.013,BS000224,BS000225,7,2,2,7,1
PG005231,P015141,1528.013,1608.013,BS000224,BS000225,7,2,2,7,1
PG005233,P015142,1528.013,1608.013,BS000224,BS000225,7,2,2,7,1
PG005235,P015143,1528.013,1608.013,BS000224,BS000225,7,2,2,7,1
PG005237,P015144,1528.013,1608.013,BS000224,BS000225,7,2,2,7,1
PG005239,P015218,1354.013,1434.013,BS000224,BS000225,7,2,2,7,1
PG005241,P015219,1354.013,1434.013,BS000224,BS000225,7,2,2,7,1
PG005243,P015223,1360.013,1440.013,BS000224,BS000225,7,2,2,7,1
PG005245,P015224,1360.013,1440.013,BS000224,BS000225,7,2,2,7,1
PG005247,P015226,1360.013,1440.013,BS000224,BS000225,7,2,2,7,1
PG005249,P015227,1360.013,1440.013,BS000224,BS000225,7,2,2,7,1
PG005251,P015233,1390.013,1470.013,BS000224,BS000225,7,2,2,7,1
PG005253,P015234,1390.013,1470.013,BS000224,BS000225,7,2,2,7,1
PG005255,P015236,1390.013,1470.013,BS000224,BS000225,7,2,2,7,1
PG005257,P015240,1426.013,1506.013,BS000224,BS000225,7,2,2,7,1
PG005259,P015241,1426.013,1506.013,BS000224,BS000225,7,2,2,7,1
PG005261,P015272,1354.013,1434.013,BS000224,BS000225,7,2,2,7,1
PG005263,P015279,1354.013,1434.013,BS000224,BS000225,7,2,2,7,1
PG005265,P015280,1354.013,1434.013,BS000224,BS000225,7,2,2,7,1
PG005267,P015283,1360.013,1440.013,BS000224,BS000225,7,2,2,7,1
PG005269,P015291,1390.013,1470.013,BS000224,BS000225,7,2,2,7,1
PG005271,P015292,1390.013,1470.013,BS000224,BS000225,7,2,2,7,1
PG005273,P015297,1390.013,1470.013,BS000224,BS000225,7,2,2,7,1
PG005275,P015298,1390.013,1470.013,BS000224,BS000225,7,2,2,7,1
PG005277,P015300,1390.013,1470.013,BS000224,BS000225,7,2,2,7,1
PG005279,P015301,1390.013,1470.013,BS000224,BS000225,7,2,2,7,1
PG005281,P015302,1390.013,1470.013,BS000224,BS000225,7,2,2,7,1
PG005283,P015303,1396.013,1476.013,BS000224,BS000225,7,2,2,7,1
PG005285,P015304,1396.013,1476.013,BS000224,BS000225,7,2,2,7,1
PG005287,P015309,1426.013,1506.013,BS000224,BS000225,7,2,2,7,1
PG005289,P015310,1426.013,1506.013,BS000224,BS000225,7,2,2,7,1
PG005291,P015311,1426.013,1506.013,BS000224,BS000225,7,2,2,7,1
PG005293,P015312,1426.013,1506.013,BS000224,BS000225,7,2,2,7,1
PG005295,P015313,1456.013,1536.013,BS000224,BS000225,7,2,2,7,1
PG005297,P015314,1462.013,1542.013,BS000224,BS000225,7,2,2,7,1
PG005299,P015316,1528.013,1608.013,BS000224,BS000225,7,2,2,7,1
PG005301,P015317,1528.013,1608.013,BS000224,BS000225,7,2,2,7,1
PG005303,P015318,1594.013,1674.013,BS000224,BS000225,7,2,2,7,1
PG005305,P015319,1594.013,1674.013,BS000224,BS000225,7,2,2,7,1
PG005202,P014725,1430.013,2163.638,BS000226,BS000012,74,15,15,74,1
PG005212,P015068,1496.013,2229.638,BS000226,BS000012,74,15,15,74,1
PG005214,P015069,1562.013,2295.638,BS000226,BS000012,74,15,15,74,1
PG005216,P015070,1628.013,2361.638,BS000226,BS000012,74,15,15,74,1
PG005218,P015071,1628.013,2361.638,BS000226,BS000012,74,15,15,74,1
PG005220,P015072,1628.013,2361.638,BS000226,BS000012,74,15,15,74,1
PG005222,P015073,1628.013,2361.638,BS000226,BS000012,74,15,15,74,1
PG005224,P015074,1628.013,2361.638,BS000226,BS000012,74,15,15,74,1
PG005226,P015137,1496.013,2229.638,BS000226,BS000012,74,15,15,74,1
PG005228,P015139,1628.013,2361.638,BS000226,BS000012,74,15,15,74,1
PG005230,P015140,1628.013,2361.638,BS000226,BS000012,74,15,15,74,1
PG005232,P015141,1628.013,2361.638,BS000226,BS000012,74,15,15,74,1
PG005234,P015142,1628.013,2361.638,BS000226,BS000012,74,15,15,74,1
PG005236,P015143,1628.013,2361.638,BS000226,BS000012,74,15,15,74,1
PG005238,P015144,1628.013,2361.638,BS000226,BS000012,74,15,15,74,1
PG005284,P015303,1496.013,2229.638,BS000226,BS000012,74,15,15,74,1
PG005286,P015304,1496.013,2229.638,BS000226,BS000012,74,15,15,74,1
PG005298,P015314,1562.013,2295.638,BS000226,BS000012,74,15,15,74,1
PG005300,P015316,1628.013,2361.638,BS000226,BS000012,74,15,15,74,1
PG005302,P015317,1628.013,2361.638,BS000226,BS000012,74,15,15,74,1
PG005304,P015318,1694.013,2427.638,BS000226,BS000012,74,15,15,74,1
PG005306,P015319,1694.013,2427.638,BS000226,BS000012,74,15,15,74,1
PG005240,P015218,1454.013,2295.638,BS000226,BS000012,85,15,15,85,1
PG005242,P015219,1454.013,2295.638,BS000226,BS000012,85,15,15,85,1
PG005262,P015272,1454.013,2295.638,BS000226,BS000012,85,15,15,85,1
PG005264,P015279,1454.013,2295.638,BS000226,BS000012,85,15,15,85,1
PG005266,P015280,1454.013,2295.638,BS000226,BS000012,85,15,15,85,1
PG005244,P015223,1460.013,2229.638,BS000226,BS000012,78,15,15,78,1
PG005246,P015224,1460.013,2229.638,BS000226,BS000012,78,15,15,78,1
PG005248,P015226,1460.013,2229.638,BS000226,BS000012,78,15,15,78,1
PG005250,P015227,1460.013,2229.638,BS000226,BS000012,78,15,15,78,1
PG005258,P015240,1526.013,2295.638,BS000226,BS000012,78,15,15,78,1
PG005260,P015241,1526.013,2295.638,BS000226,BS000012,78,15,15,78,1
PG005268,P015283,1460.013,2229.638,BS000226,BS000012,78,15,15,78,1
PG005288,P015309,1526.013,2295.638,BS000226,BS000012,78,15,15,78,1
PG005290,P015310,1526.013,2295.638,BS000226,BS000012,78,15,15,78,1
PG005292,P015311,1526.013,2295.638,BS000226,BS000012,78,15,15,78,1
PG005294,P015312,1526.013,2295.638,BS000226,BS000012,78,15,15,78,1
PG005252,P015233,1490.013,2295.638,BS000226,BS000012,81,15,15,81,1
PG005254,P015234,1490.013,2295.638,BS000226,BS000012,81,15,15,81,1
PG005256,P015236,1490.013,2295.638,BS000226,BS000012,81,15,15,81,1
PG005270,P015291,1490.013,2295.638,BS000226,BS000012,81,15,15,81,1
PG005272,P015292,1490.013,2295.638,BS000226,BS000012,81,15,15,81,1
PG005274,P015297,1490.013,2295.638,BS000226,BS000012,81,15,15,81,1
PG005276,P015298,1490.013,2295.638,BS000226,BS000012,81,15,15,81,1
PG005278,P015300,1490.013,2295.638,BS000226,BS000012,81,15,15,81,1
PG005280,P015301,1490.013,2295.638,BS000226,BS000012,81,15,15,81,1
PG005282,P015302,1490.013,2295.638,BS000226,BS000012,81,15,15,81,1
PG005296,P015313,1556.013,2361.638,BS000226,BS000012,81,15,15,81,1
PG005307,P015320,976.59,1496.782,BS000230,BS000014,53,8,8,53,1
PG005309,P015322,976.59,1496.782,BS000230,BS000014,53,8,8,53,1
PG005313,P015326,976.59,1496.782,BS000230,BS000014,53,8,8,53,1
PG005317,P015338,976.59,1496.782,BS000230,BS000014,53,8,8,53,1
PG005318,P015340,976.59,1496.782,BS000230,BS000014,53,8,8,53,1
PG005319,P015344,976.59,1496.782,BS000230,BS000014,53,8,8,53,1
PG005320,P015352,976.59,1496.782,BS000230,BS000014,53,8,8,53,1
PG005322,P015354,976.59,1496.782,BS000230,BS000014,53,8,8,53,1
PG005323,P015358,976.59,1496.782,BS000230,BS000014,53,8,8,53,1
PG005325,P015366,1306.59,1826.782,BS000230,BS000014,53,8,8,53,1
PG005326,P015381,976.59,1496.782,BS000230,BS000014,53,8,8,53,1
PG005328,P015383,976.59,1496.782,BS000230,BS000014,53,8,8,53,1
PG005329,P015387,976.59,1496.782,BS000230,BS000014,53,8,8,53,1
PG005331,P015395,1372.59,1892.782,BS000230,BS000014,53,8,8,53,1
PG005332,P015410,976.59,1496.782,BS000230,BS000014,53,8,8,53,1
PG005334,P015412,976.59,1496.782,BS000230,BS000014,53,8,8,53,1
PG005336,P015416,976.59,1496.782,BS000230,BS000014,53,8,8,53,1
PG005338,P015426,1372.59,1892.782,BS000230,BS000014,53,8,8,53,1
PG005340,P015430,1438.59,1958.782,BS000230,BS000014,53,8,8,53,1
PG005342,P015432,1438.59,1958.782,BS000230,BS000014,53,8,8,53,1
PG005343,P015436,1438.59,1958.782,BS000230,BS000014,53,8,8,53,1
PG005345,P015438,1438.59,1958.782,BS000230,BS000014,53,8,8,53,1
PG005347,P015440,1438.59,1958.782,BS000230,BS000014,53,8,8,53,1
PG005349,P015442,1438.59,1958.782,BS000230,BS000014,53,8,8,53,1
PG005350,P015444,976.59,1496.782,BS000230,BS000014,53,8,8,53,1
PG005352,P015446,976.59,1496.782,BS000230,BS000014,53,8,8,53,1
PG005354,P015450,976.59,1496.782,BS000230,BS000014,53,8,8,53,1
PG005356,P015460,1372.59,1892.782,BS000230,BS000014,53,8,8,53,1
PG005358,P015472,1438.59,1958.782,BS000230,BS000014,53,8,8,53,1
PG005360,P015474,1438.59,1958.782,BS000230,BS000014,53,8,8,53,1
PG005361,P015476,1438.59,1958.782,BS000230,BS000014,53,8,8,53,1
PG005363,P015478,1438.59,1958.782,BS000230,BS000014,53,8,8,53,1
PG005364,P015480,1372.59,1892.782,BS000230,BS000014,53,8,8,53,1
PG005367,P015523,1306.59,1826.782,BS000230,BS000014,53,8,8,53,1
PG005371,P015533,1372.59,1892.782,BS000230,BS000014,53,8,8,53,1
PG005381,P015588,1504.59,2024.782,BS000230,BS000014,53,8,8,53,1
PG005382,P015589,1504.59,2024.782,BS000230,BS000014,53,8,8,53,1
PG005383,P015590,1438.59,1958.782,BS000230,BS000014,53,8,8,53,1
PG005384,P015593,1438.59,1958.782,BS000230,BS000014,53,8,8,53,1
PG005385,P015596,1504.59,2024.782,BS000230,BS000014,53,8,8,53,1
PG005387,P015598,1504.59,2024.782,BS000230,BS000014,53,8,8,53,1
PG005308,P015321,686.212,1200.629,BS000207,BS000042,53,8,8,53,1
PG005310,P015323,686.212,1200.629,BS000207,BS000042,53,8,8,53,1
PG005314,P015327,686.212,1200.629,BS000207,BS000042,53,8,8,53,1
PG005321,P015353,686.212,1200.629,BS000207,BS000042,53,8,8,53,1
PG005324,P015359,686.212,1200.629,BS000207,BS000042,53,8,8,53,1
PG005327,P015382,686.212,1200.629,BS000207,BS000042,53,8,8,53,1
PG005330,P015388,686.212,1200.629,BS000207,BS000042,53,8,8,53,1
PG005333,P015411,686.212,1200.629,BS000207,BS000042,53,8,8,53,1
PG005335,P015413,686.212,1200.629,BS000207,BS000042,53,8,8,53,1
PG005337,P015417,686.212,1200.629,BS000207,BS000042,53,8,8,53,1
PG005339,P015427,866.212,1380.629,BS000207,BS000042,53,8,8,53,1
PG005341,P015431,896.212,1410.629,BS000207,BS000042,53,8,8,53,1
PG005344,P015437,896.212,1410.629,BS000207,BS000042,53,8,8,53,1
PG005346,P015439,896.212,1410.629,BS000207,BS000042,53,8,8,53,1
PG005348,P015441,896.212,1410.629,BS000207,BS000042,53,8,8,53,1
PG005351,P015445,686.212,1200.629,BS000207,BS000042,53,8,8,53,1
PG005353,P015447,686.212,1200.629,BS000207,BS000042,53,8,8,53,1
PG005355,P015451,686.212,1200.629,BS000207,BS000042,53,8,8,53,1
PG005357,P015461,866.212,1380.629,BS000207,BS000042,53,8,8,53,1
PG005359,P015473,896.212,1410.629,BS000207,BS000042,53,8,8,53,1
PG005362,P015477,896.212,1410.629,BS000207,BS000042,53,8,8,53,1
PG005368,P015524,836.212,1350.629,BS000207,BS000042,53,8,8,53,1
PG005386,P015597,926.212,1440.629,BS000207,BS000042,53,8,8,53,1
PG005388,P015599,926.212,1440.629,BS000207,BS000042,53,8,8,53,1
PG005311,P015324,1006.59,1562.782,BS000230,BS000014,57,8,8,57,1
PG005315,P015328,1006.59,1562.782,BS000230,BS000014,57,8,8,57,1
PG005369,P015529,1336.59,1892.782,BS000230,BS000014,57,8,8,57,1
PG005373,P015556,1270.59,1826.782,BS000230,BS000014,57,8,8,57,1
PG005376,P015566,1336.59,1892.782,BS000230,BS000014,57,8,8,57,1
PG005377,P015570,1336.59,1892.782,BS000230,BS000014,57,8,8,57,1
PG005380,P015580,1402.59,1958.782,BS000230,BS000014,57,8,8,57,1
PG005312,P015325,716.212,1266.629,BS000207,BS000042,57,8,8,57,1
PG005316,P015329,716.212,1266.629,BS000207,BS000042,57,8,8,57,1
PG005370,P015530,866.212,1416.629,BS000207,BS000042,57,8,8,57,1
PG005365,P015521,1300.59,1892.782,BS000230,BS000014,60,8,8,60,1
PG005372,P015546,1234.59,1826.782,BS000230,BS000014,60,8,8,60,1
PG005374,P015560,1300.59,1892.782,BS000230,BS000014,60,8,8,60,1
PG005378,P015574,1366.59,1958.782,BS000230,BS000014,60,8,8,60,1
PG005366,P015522,866.212,1452.629,BS000207,BS000042,60,8,8,60,1
PG005375,P015561,866.212,1452.629,BS000207,BS000042,60,8,8,60,1
PG005379,P015575,896.212,1482.629,BS000207,BS000042,60,8,8,60,1
PG005389,P015600,1141.73,1578.261,BS000231,BS000209,44,12,12,44,1
PG005391,P015602,1141.73,1578.261,BS000231,BS000209,44,12,12,44,1
PG005395,P015606,1141.73,1578.261,BS000231,BS000209,44,12,12,44,1
PG005401,P015646,1471.73,1908.261,BS000231,BS000209,44,12,12,44,1
PG005404,P015675,1537.73,1974.261,BS000231,BS000209,44,12,12,44,1
PG005405,P015706,1537.73,1974.261,BS000231,BS000209,44,12,12,44,1
PG005407,P015710,1603.73,2040.261,BS000231,BS000209,44,12,12,44,1
PG005409,P015714,1603.73,2040.261,BS000231,BS000209,44,12,12,44,1
PG005411,P015716,1603.73,2040.261,BS000231,BS000209,44,12,12,44,1
PG005413,P015718,1603.73,2040.261,BS000231,BS000209,44,12,12,44,1
PG005415,P015720,1603.73,2040.261,BS000231,BS000209,44,12,12,44,1
PG005416,P015738,1537.73,1974.261,BS000231,BS000209,44,12,12,44,1
PG005418,P015748,1603.73,2040.261,BS000231,BS000209,44,12,12,44,1
PG005420,P015750,1603.73,2040.261,BS000231,BS000209,44,12,12,44,1
PG005421,P015752,1603.73,2040.261,BS000231,BS000209,44,12,12,44,1
PG005423,P015754,1603.73,2040.261,BS000231,BS000209,44,12,12,44,1
PG005424,P015756,1537.73,1974.261,BS000231,BS000209,44,12,12,44,1
PG005427,P015799,1471.73,1908.261,BS000231,BS000209,44,12,12,44,1
PG005431,P015809,1537.73,1974.261,BS000231,BS000209,44,12,12,44,1
PG005443,P015864,1669.73,2106.261,BS000231,BS000209,44,12,12,44,1
PG005444,P015865,1669.73,2106.261,BS000231,BS000209,44,12,12,44,1
PG005445,P015866,1603.73,2040.261,BS000231,BS000209,44,12,12,44,1
PG005446,P015869,1603.73,2040.261,BS000231,BS000209,44,12,12,44,1
PG005447,P015872,1669.73,2106.261,BS000231,BS000209,44,12,12,44,1
PG005449,P015874,1669.73,2106.261,BS000231,BS000209,44,12,12,44,1
PG005390,P015601,743.175,1171.547,BS000208,BS000044,44,12,12,44,1
PG005392,P015603,743.175,1171.547,BS000208,BS000044,44,12,12,44,1
PG005396,P015607,743.175,1171.547,BS000208,BS000044,44,12,12,44,1
PG005399,P015633,743.175,1171.547,BS000208,BS000044,44,12,12,44,1
PG005400,P015639,743.175,1171.547,BS000208,BS000044,44,12,12,44,1
PG005402,P015662,743.175,1171.547,BS000208,BS000044,44,12,12,44,1
PG005403,P015668,743.175,1171.547,BS000208,BS000044,44,12,12,44,1
PG005406,P015707,923.175,1351.547,BS000208,BS000044,44,12,12,44,1
PG005408,P015711,953.175,1381.547,BS000208,BS000044,44,12,12,44,1
PG005410,P015715,953.175,1381.547,BS000208,BS000044,44,12,12,44,1
PG005412,P015717,953.175,1381.547,BS000208,BS000044,44,12,12,44,1
PG005414,P015719,953.175,1381.547,BS000208,BS000044,44,12,12,44,1
PG005417,P015739,923.175,1351.547,BS000208,BS000044,44,12,12,44,1
PG005419,P015749,953.175,1381.547,BS000208,BS000044,44,12,12,44,1
PG005422,P015753,953.175,1381.547,BS000208,BS000044,44,12,12,44,1
PG005428,P015800,893.175,1321.547,BS000208,BS000044,44,12,12,44,1
PG005448,P015873,983.175,1411.547,BS000208,BS000044,44,12,12,44,1
PG005450,P015875,983.175,1411.547,BS000208,BS000044,44,12,12,44,1
PG005393,P015604,1171.73,1644.261,BS000231,BS000209,48,12,12,48,1
PG005397,P015608,1171.73,1644.261,BS000231,BS000209,48,12,12,48,1
PG005429,P015805,1501.73,1974.261,BS000231,BS000209,48,12,12,48,1
PG005433,P015832,1435.73,1908.261,BS000231,BS000209,48,12,12,48,1
PG005436,P015842,1501.73,1974.261,BS000231,BS000209,48,12,12,48,1
PG005438,P015846,1501.73,1974.261,BS000231,BS000209,48,12,12,48,1
PG005439,P015848,1501.73,1974.261,BS000231,BS000209,48,12,12,48,1
PG005442,P015856,1567.73,2040.261,BS000231,BS000209,48,12,12,48,1
PG005394,P015605,773.175,1237.547,BS000208,BS000044,48,12,12,48,1
PG005398,P015609,773.175,1237.547,BS000208,BS000044,48,12,12,48,1
PG005430,P015806,923.175,1387.547,BS000208,BS000044,48,12,12,48,1
PG005437,P015843,923.175,1387.547,BS000208,BS000044,48,12,12,48,1
PG005425,P015797,1465.73,1974.261,BS000231,BS000209,51,12,12,51,1
PG005432,P015822,1399.73,1908.261,BS000231,BS000209,51,12,12,51,1
PG005434,P015836,1465.73,1974.261,BS000231,BS000209,51,12,12,51,1
PG005440,P015850,1531.73,2040.261,BS000231,BS000209,51,12,12,51,1
PG005426,P015798,923.175,1423.547,BS000208,BS000044,51,12,12,51,1
PG005435,P015837,923.175,1423.547,BS000208,BS000044,51,12,12,51,1
PG005441,P015851,953.175,1453.547,BS000208,BS000044,51,12,12,51,1
PG005451,P016166,1113.538,1883.939,BS000232,BS000211,78,15,15,78,1
PG005453,P016168,1113.538,1883.939,BS000232,BS000211,78,15,15,78,1
PG005457,P016172,1113.538,1883.939,BS000232,BS000211,78,15,15,78,1
PG005461,P016180,1377.538,2147.939,BS000232,BS000211,78,15,15,78,1
PG005468,P016210,1443.538,2213.939,BS000232,BS000211,78,15,15,78,1
PG005475,P016239,1509.538,2279.939,BS000232,BS000211,78,15,15,78,1
PG005479,P016254,1113.538,1883.939,BS000232,BS000211,78,15,15,78,1
PG005481,P016256,1113.538,1883.939,BS000232,BS000211,78,15,15,78,1
PG005483,P016260,1113.538,1883.939,BS000232,BS000211,78,15,15,78,1
PG005485,P016269,1509.538,2279.939,BS000232,BS000211,78,15,15,78,1
PG005486,P016271,1575.538,2345.939,BS000232,BS000211,78,15,15,78,1
PG005487,P016272,1575.538,2345.939,BS000232,BS000211,78,15,15,78,1
PG005488,P016273,1575.538,2345.939,BS000232,BS000211,78,15,15,78,1
PG005489,P016274,1575.538,2345.939,BS000232,BS000211,78,15,15,78,1
PG005490,P016275,1575.538,2345.939,BS000232,BS000211,78,15,15,78,1
PG005491,P016276,1575.538,2345.939,BS000232,BS000211,78,15,15,78,1
PG005492,P016277,1575.538,2345.939,BS000232,BS000211,78,15,15,78,1
PG005493,P016278,1113.538,1883.939,BS000232,BS000211,78,15,15,78,1
PG005495,P016280,1113.538,1883.939,BS000232,BS000211,78,15,15,78,1
PG005497,P016284,1113.538,1883.939,BS000232,BS000211,78,15,15,78,1
PG005499,P016293,1509.538,2279.939,BS000232,BS000211,78,15,15,78,1
PG005500,P016299,1575.538,2345.939,BS000232,BS000211,78,15,15,78,1
PG005501,P016300,1575.538,2345.939,BS000232,BS000211,78,15,15,78,1
PG005502,P016301,1575.538,2345.939,BS000232,BS000211,78,15,15,78,1
PG005503,P016302,1575.538,2345.939,BS000232,BS000211,78,15,15,78,1
PG005504,P016303,1509.538,2279.939,BS000232,BS000211,78,15,15,78,1
PG005509,P016340,1443.538,2213.939,BS000232,BS000211,78,15,15,78,1
PG005511,P016345,1509.538,2279.939,BS000232,BS000211,78,15,15,78,1
PG005516,P016372,1443.538,2213.939,BS000232,BS000211,78,15,15,78,1
PG005521,P016384,1575.538,2345.939,BS000232,BS000211,78,15,15,78,1
PG005522,P016386,1641.538,2411.939,BS000232,BS000211,78,15,15,78,1
PG005523,P016387,1641.538,2411.939,BS000232,BS000211,78,15,15,78,1
PG005524,P016388,1575.538,2345.939,BS000232,BS000211,78,15,15,78,1
PG005525,P016390,1575.538,2345.939,BS000232,BS000211,78,15,15,78,1
PG005526,P016392,1641.538,2411.939,BS000232,BS000211,78,15,15,78,1
PG005527,P016393,1641.538,2411.939,BS000232,BS000211,78,15,15,78,1
PG005452,P016167,734.24,1492.54,BS000210,BS000233,77,15,15,77,1
PG005454,P016169,734.24,1492.54,BS000210,BS000233,77,15,15,77,1
PG005458,P016173,734.24,1492.54,BS000210,BS000233,77,15,15,77,1
PG005462,P016183,734.24,1492.54,BS000210,BS000233,77,15,15,77,1
PG005463,P016185,734.24,1492.54,BS000210,BS000233,77,15,15,77,1
PG005464,P016189,734.24,1492.54,BS000210,BS000233,77,15,15,77,1
PG005465,P016197,734.24,1492.54,BS000210,BS000233,77,15,15,77,1
PG005466,P016199,734.24,1492.54,BS000210,BS000233,77,15,15,77,1
PG005467,P016203,734.24,1492.54,BS000210,BS000233,77,15,15,77,1
PG005469,P016212,764.24,1522.54,BS000210,BS000233,77,15,15,77,1
PG005470,P016214,764.24,1522.54,BS000210,BS000233,77,15,15,77,1
PG005471,P016218,764.24,1522.54,BS000210,BS000233,77,15,15,77,1
PG005472,P016226,734.24,1492.54,BS000210,BS000233,77,15,15,77,1
PG005473,P016228,734.24,1492.54,BS000210,BS000233,77,15,15,77,1
PG005474,P016232,734.24,1492.54,BS000210,BS000233,77,15,15,77,1
PG005476,P016241,794.24,1552.54,BS000210,BS000233,77,15,15,77,1
PG005477,P016243,794.24,1552.54,BS000210,BS000233,77,15,15,77,1
PG005478,P016247,794.24,1552.54,BS000210,BS000233,77,15,15,77,1
PG005480,P016255,734.24,1492.54,BS000210,BS000233,77,15,15,77,1
PG005482,P016257,734.24,1492.54,BS000210,BS000233,77,15,15,77,1
PG005484,P016261,734.24,1492.54,BS000210,BS000233,77,15,15,77,1
PG005494,P016279,734.24,1492.54,BS000210,BS000233,77,15,15,77,1
PG005496,P016281,734.24,1492.54,BS000210,BS000233,77,15,15,77,1
PG005498,P016285,734.24,1492.54,BS000210,BS000233,77,15,15,77,1
PG005455,P016170,1143.538,1949.939,BS000232,BS000211,82,15,15,82,1
PG005459,P016174,1143.538,1949.939,BS000232,BS000211,82,15,15,82,1
PG005507,P016334,1407.538,2213.939,BS000232,BS000211,82,15,15,82,1
PG005510,P016343,1473.538,2279.939,BS000232,BS000211,82,15,15,82,1
PG005513,P016364,1407.538,2213.939,BS000232,BS000211,82,15,15,82,1
PG005514,P016367,1407.538,2213.939,BS000232,BS000211,82,15,15,82,1
PG005517,P016374,1473.538,2279.939,BS000232,BS000211,82,15,15,82,1
PG005518,P016376,1473.538,2279.939,BS000232,BS000211,82,15,15,82,1
PG005520,P016381,1539.538,2345.939,BS000232,BS000211,82,15,15,82,1
PG005456,P016171,764.24,1558.54,BS000210,BS000233,81,15,15,81,1
PG005460,P016175,764.24,1558.54,BS000210,BS000233,81,15,15,81,1
PG005505,P016330,1371.538,2213.939,BS000232,BS000211,85,15,15,85,1
PG005508,P016339,1437.538,2279.939,BS000232,BS000211,85,15,15,85,1
PG005512,P016358,1371.538,2213.939,BS000232,BS000211,85,15,15,85,1
PG005515,P016371,1437.538,2279.939,BS000232,BS000211,85,15,15,85,1
PG005519,P016378,1503.538,2345.939,BS000232,BS000211,85,15,15,85,1
PG005506,P016331,884.24,1714.54,BS000210,BS000233,84,15,15,84,1
PG005528,P016394,1070.642,1471.916,BS000234,BS000213,41,4,4,41,1
PG005530,P016396,1070.642,1471.916,BS000234,BS000213,41,4,4,41,1
PG005534,P016400,1070.642,1471.916,BS000234,BS000213,41,4,4,41,1
PG005538,P016412,1070.642,1471.916,BS000234,BS000213,41,4,4,41,1
PG005540,P016414,1070.642,1471.916,BS000234,BS000213,41,4,4,41,1
PG005542,P016418,1070.642,1471.916,BS000234,BS000213,41,4,4,41,1
PG005546,P016440,1400.642,1801.916,BS000234,BS000213,41,4,4,41,1
PG005550,P016470,1466.642,1867.916,BS000234,BS000213,41,4,4,41,1
PG005552,P016486,1070.642,1471.916,BS000234,BS000213,41,4,4,41,1
PG005554,P016488,1070.642,1471.916,BS000234,BS000213,41,4,4,41,1
PG005556,P016492,1070.642,1471.916,BS000234,BS000213,41,4,4,41,1
PG005558,P016502,1466.642,1867.916,BS000234,BS000213,41,4,4,41,1
PG005560,P016512,1532.642,1933.916,BS000234,BS000213,41,4,4,41,1
PG005562,P016514,1532.642,1933.916,BS000234,BS000213,41,4,4,41,1
PG005563,P016516,1532.642,1933.916,BS000234,BS000213,41,4,4,41,1
PG005565,P016518,1532.642,1933.916,BS000234,BS000213,41,4,4,41,1
PG005566,P016520,1070.642,1471.916,BS000234,BS000213,41,4,4,41,1
PG005568,P016522,1070.642,1471.916,BS000234,BS000213,41,4,4,41,1
PG005570,P016526,1070.642,1471.916,BS000234,BS000213,41,4,4,41,1
PG005572,P016536,1466.642,1867.916,BS000234,BS000213,41,4,4,41,1
PG005574,P016548,1532.642,1933.916,BS000234,BS000213,41,4,4,41,1
PG005576,P016550,1532.642,1933.916,BS000234,BS000213,41,4,4,41,1
PG005577,P016552,1532.642,1933.916,BS000234,BS000213,41,4,4,41,1
PG005579,P016554,1532.642,1933.916,BS000234,BS000213,41,4,4,41,1
PG005580,P016556,1466.642,1867.916,BS000234,BS000213,41,4,4,41,1
PG005584,P016600,1400.642,1801.916,BS000234,BS000213,41,4,4,41,1
PG005598,P016668,1598.642,1999.916,BS000234,BS000213,41,4,4,41,1
PG005600,P016670,1598.642,1999.916,BS000234,BS000213,41,4,4,41,1
PG005602,P016672,1532.642,1933.916,BS000234,BS000213,41,4,4,41,1
PG005604,P016676,1532.642,1933.916,BS000234,BS000213,41,4,4,41,1
PG005606,P016680,1598.642,1999.916,BS000234,BS000213,41,4,4,41,1
PG005608,P016682,1598.642,1999.916,BS000234,BS000213,41,4,4,41,1
PG005529,P016395,728.593,1132.245,BS000212,BS000235,42,5,5,42,1
PG005531,P016397,728.593,1132.245,BS000212,BS000235,42,5,5,42,1
PG005535,P016401,728.593,1132.245,BS000212,BS000235,42,5,5,42,1
PG005539,P016413,728.593,1132.245,BS000212,BS000235,42,5,5,42,1
PG005541,P016415,728.593,1132.245,BS000212,BS000235,42,5,5,42,1
PG005543,P016419,728.593,1132.245,BS000212,BS000235,42,5,5,42,1
PG005544,P016427,728.593,1132.245,BS000212,BS000235,42,5,5,42,1
PG005545,P016433,728.593,1132.245,BS000212,BS000235,42,5,5,42,1
PG005547,P016441,878.593,1282.245,BS000212,BS000235,42,5,5,42,1
PG005548,P016457,728.593,1132.245,BS000212,BS000235,42,5,5,42,1
PG005549,P016463,728.593,1132.245,BS000212,BS000235,42,5,5,42,1
PG005551,P016471,908.593,1312.245,BS000212,BS000235,42,5,5,42,1
PG005553,P016487,728.593,1132.245,BS000212,BS000235,42,5,5,42,1
PG005555,P016489,728.593,1132.245,BS000212,BS000235,42,5,5,42,1
PG005557,P016493,728.593,1132.245,BS000212,BS000235,42,5,5,42,1
PG005559,P016503,908.593,1312.245,BS000212,BS000235,42,5,5,42,1
PG005561,P016513,938.593,1342.245,BS000212,BS000235,42,5,5,42,1
PG005564,P016517,938.593,1342.245,BS000212,BS000235,42,5,5,42,1
PG005567,P016521,728.593,1132.245,BS000212,BS000235,42,5,5,42,1
PG005569,P016523,728.593,1132.245,BS000212,BS000235,42,5,5,42,1
PG005571,P016527,728.593,1132.245,BS000212,BS000235,42,5,5,42,1
PG005573,P016537,908.593,1312.245,BS000212,BS000235,42,5,5,42,1
PG005575,P016549,938.593,1342.245,BS000212,BS000235,42,5,5,42,1
PG005578,P016553,938.593,1342.245,BS000212,BS000235,42,5,5,42,1
PG005581,P016557,908.593,1312.245,BS000212,BS000235,42,5,5,42,1
PG005585,P016601,878.593,1282.245,BS000212,BS000235,42,5,5,42,1
PG005599,P016669,968.593,1372.245,BS000212,BS000235,42,5,5,42,1
PG005601,P016671,968.593,1372.245,BS000212,BS000235,42,5,5,42,1
PG005603,P016673,938.593,1342.245,BS000212,BS000235,42,5,5,42,1
PG005605,P016677,938.593,1342.245,BS000212,BS000235,42,5,5,42,1
PG005607,P016681,968.593,1372.245,BS000212,BS000235,42,5,5,42,1
PG005609,P016683,968.593,1372.245,BS000212,BS000235,42,5,5,42,1
PG005532,P016398,1100.642,1537.916,BS000234,BS000213,45,4,4,45,1
PG005536,P016402,1100.642,1537.916,BS000234,BS000213,45,4,4,45,1
PG005586,P016606,1430.642,1867.916,BS000234,BS000213,45,4,4,45,1
PG005589,P016634,1364.642,1801.916,BS000234,BS000213,45,4,4,45,1
PG005592,P016644,1430.642,1867.916,BS000234,BS000213,45,4,4,45,1
PG005593,P016648,1430.642,1867.916,BS000234,BS000213,45,4,4,45,1
PG005594,P016650,1430.642,1867.916,BS000234,BS000213,45,4,4,45,1
PG005597,P016658,1496.642,1933.916,BS000234,BS000213,45,4,4,45,1
PG005533,P016399,758.593,1198.245,BS000212,BS000235,46,5,5,46,1
PG005537,P016403,758.593,1198.245,BS000212,BS000235,46,5,5,46,1
PG005587,P016607,908.593,1348.245,BS000212,BS000235,46,5,5,46,1
PG005582,P016598,1394.642,1867.916,BS000234,BS000213,48,4,4,48,1
PG005588,P016624,1328.642,1801.916,BS000234,BS000213,48,4,4,48,1
PG005590,P016638,1394.642,1867.916,BS000234,BS000213,48,4,4,48,1
PG005595,P016652,1460.642,1933.916,BS000234,BS000213,48,4,4,48,1
PG005583,P016599,908.593,1384.245,BS000212,BS000235,49,5,5,49,1
PG005591,P016639,908.593,1384.245,BS000212,BS000235,49,5,5,49,1
PG005596,P016653,938.593,1414.245,BS000212,BS000235,49,5,5,49,1
PG005610,P016684,1259.318,1932.795,BS000236,BS000215,68,4,4,68,1
PG005612,P016686,1259.318,1932.795,BS000236,BS000215,68,4,4,68,1
PG005616,P016690,1259.318,1932.795,BS000236,BS000215,68,4,4,68,1
PG005620,P016698,1523.318,2196.795,BS000236,BS000215,68,4,4,68,1
PG005623,P016728,1589.318,2262.795,BS000236,BS000215,68,4,4,68,1
PG005626,P016757,1655.318,2328.795,BS000236,BS000215,68,4,4,68,1
PG005627,P016787,1655.318,2328.795,BS000236,BS000215,68,4,4,68,1
PG005628,P016789,1721.318,2394.795,BS000236,BS000215,68,4,4,68,1
PG005629,P016790,1721.318,2394.795,BS000236,BS000215,68,4,4,68,1
PG005630,P016791,1721.318,2394.795,BS000236,BS000215,68,4,4,68,1
PG005631,P016792,1721.318,2394.795,BS000236,BS000215,68,4,4,68,1
PG005632,P016793,1721.318,2394.795,BS000236,BS000215,68,4,4,68,1
PG005633,P016794,1721.318,2394.795,BS000236,BS000215,68,4,4,68,1
PG005634,P016795,1721.318,2394.795,BS000236,BS000215,68,4,4,68,1
PG005635,P016811,1655.318,2328.795,BS000236,BS000215,68,4,4,68,1
PG005636,P016817,1721.318,2394.795,BS000236,BS000215,68,4,4,68,1
PG005637,P016818,1721.318,2394.795,BS000236,BS000215,68,4,4,68,1
PG005638,P016819,1721.318,2394.795,BS000236,BS000215,68,4,4,68,1
PG005639,P016820,1721.318,2394.795,BS000236,BS000215,68,4,4,68,1
PG005640,P016821,1655.318,2328.795,BS000236,BS000215,68,4,4,68,1
PG005644,P016862,1589.318,2262.795,BS000236,BS000215,68,4,4,68,1
PG005646,P016867,1655.318,2328.795,BS000236,BS000215,68,4,4,68,1
PG005651,P016896,1589.318,2262.795,BS000236,BS000215,68,4,4,68,1
PG005656,P016911,1721.318,2394.795,BS000236,BS000215,68,4,4,68,1
PG005657,P016913,1787.318,2460.795,BS000236,BS000215,68,4,4,68,1
PG005658,P016914,1787.318,2460.795,BS000236,BS000215,68,4,4,68,1
PG005659,P016915,1721.318,2394.795,BS000236,BS000215,68,4,4,68,1
PG005660,P016917,1721.318,2394.795,BS000236,BS000215,68,4,4,68,1
PG005661,P016919,1787.318,2460.795,BS000236,BS000215,68,4,4,68,1
PG005662,P016920,1787.318,2460.795,BS000236,BS000215,68,4,4,68,1
PG005611,P016685,805.699,1482.52,BS000214,BS000237,69,4,4,69,1
PG005613,P016687,805.699,1482.52,BS000214,BS000237,69,4,4,69,1
PG005617,P016691,805.699,1482.52,BS000214,BS000237,69,4,4,69,1
PG005621,P016715,805.699,1482.52,BS000214,BS000237,69,4,4,69,1
PG005622,P016721,805.699,1482.52,BS000214,BS000237,69,4,4,69,1
PG005624,P016744,805.699,1482.52,BS000214,BS000237,69,4,4,69,1
PG005625,P016750,805.699,1482.52,BS000214,BS000237,69,4,4,69,1
PG005614,P016688,1289.318,1998.795,BS000236,BS000215,72,4,4,72,1
PG005618,P016692,1289.318,1998.795,BS000236,BS000215,72,4,4,72,1
PG005642,P016854,1553.318,2262.795,BS000236,BS000215,72,4,4,72,1
PG005645,P016865,1619.318,2328.795,BS000236,BS000215,72,4,4,72,1
PG005648,P016890,1553.318,2262.795,BS000236,BS000215,72,4,4,72,1
PG005652,P016899,1619.318,2328.795,BS000236,BS000215,72,4,4,72,1
PG005653,P016902,1619.318,2328.795,BS000236,BS000215,72,4,4,72,1
PG005655,P016908,1685.318,2394.795,BS000236,BS000215,72,4,4,72,1
PG005615,P016689,835.699,1548.52,BS000214,BS000237,73,4,4,73,1
PG005619,P016693,835.699,1548.52,BS000214,BS000237,73,4,4,73,1
PG005641,P016848,1517.318,2262.795,BS000236,BS000215,75,4,4,75,1
PG005643,P016861,1583.318,2328.795,BS000236,BS000215,75,4,4,75,1
PG005647,P016880,1517.318,2262.795,BS000236,BS000215,75,4,4,75,1
PG005649,P016894,1583.318,2328.795,BS000236,BS000215,75,4,4,75,1
PG005654,P016905,1649.318,2394.795,BS000236,BS000215,75,4,4,75,1
PG005650,P016895,985.699,1734.52,BS000214,BS000237,76,4,4,76,1
PG005663,P016921,1298.224,1870.839,BS000238,BS000217,58,15,15,58,1
PG005665,P016923,1298.224,1870.839,BS000238,BS000217,58,15,15,58,1
PG005669,P016927,1298.224,1870.839,BS000238,BS000217,58,15,15,58,1
PG005673,P016935,1562.224,2134.839,BS000238,BS000217,58,15,15,58,1
PG005674,P016937,1298.224,1870.839,BS000238,BS000217,58,15,15,58,1
PG005675,P016939,1298.224,1870.839,BS000238,BS000217,58,15,15,58,1
PG005676,P016943,1298.224,1870.839,BS000238,BS000217,58,15,15,58,1
PG005677,P016951,1298.224,1870.839,BS000238,BS000217,58,15,15,58,1
PG005679,P016953,1298.224,1870.839,BS000238,BS000217,58,15,15,58,1
PG005680,P016957,1298.224,1870.839,BS000238,BS000217,58,15,15,58,1
PG005682,P016965,1628.224,2200.839,BS000238,BS000217,58,15,15,58,1
PG005683,P016966,1364.224,1936.839,BS000238,BS000217,58,15,15,58,1
PG005684,P016968,1364.224,1936.839,BS000238,BS000217,58,15,15,58,1
PG005685,P016972,1364.224,1936.839,BS000238,BS000217,58,15,15,58,1
PG005686,P016980,1298.224,1870.839,BS000238,BS000217,58,15,15,58,1
PG005688,P016982,1298.224,1870.839,BS000238,BS000217,58,15,15,58,1
PG005689,P016986,1298.224,1870.839,BS000238,BS000217,58,15,15,58,1
PG005691,P016994,1694.224,2266.839,BS000238,BS000217,58,15,15,58,1
PG005692,P016995,1430.224,2002.839,BS000238,BS000217,58,15,15,58,1
PG005693,P016997,1430.224,2002.839,BS000238,BS000217,58,15,15,58,1
PG005694,P017001,1430.224,2002.839,BS000238,BS000217,58,15,15,58,1
PG005695,P017009,1298.224,1870.839,BS000238,BS000217,58,15,15,58,1
PG005696,P017011,1298.224,1870.839,BS000238,BS000217,58,15,15,58,1
PG005697,P017015,1298.224,1870.839,BS000238,BS000217,58,15,15,58,1
PG005698,P017024,1694.224,2266.839,BS000238,BS000217,58,15,15,58,1
PG005699,P017026,1760.224,2332.839,BS000238,BS000217,58,15,15,58,1
PG005700,P017027,1760.224,2332.839,BS000238,BS000217,58,15,15,58,1
PG005701,P017028,1760.224,2332.839,BS000238,BS000217,58,15,15,58,1
PG005702,P017029,1760.224,2332.839,BS000238,BS000217,58,15,15,58,1
PG005703,P017030,1760.224,2332.839,BS000238,BS000217,58,15,15,58,1
PG005704,P017031,1760.224,2332.839,BS000238,BS000217,58,15,15,58,1
PG005705,P017032,1760.224,2332.839,BS000238,BS000217,58,15,15,58,1
PG005706,P017033,1298.224,1870.839,BS000238,BS000217,58,15,15,58,1
PG005707,P017035,1298.224,1870.839,BS000238,BS000217,58,15,15,58,1
PG005708,P017039,1298.224,1870.839,BS000238,BS000217,58,15,15,58,1
PG005709,P017048,1694.224,2266.839,BS000238,BS000217,58,15,15,58,1
PG005710,P017054,1760.224,2332.839,BS000238,BS000217,58,15,15,58,1
PG005711,P017055,1760.224,2332.839,BS000238,BS000217,58,15,15,58,1
PG005712,P017056,1760.224,2332.839,BS000238,BS000217,58,15,15,58,1
PG005713,P017057,1760.224,2332.839,BS000238,BS000217,58,15,15,58,1
PG005714,P017058,1694.224,2266.839,BS000238,BS000217,58,15,15,58,1
PG005716,P017097,1628.224,2200.839,BS000238,BS000217,58,15,15,58,1
PG005718,P017102,1694.224,2266.839,BS000238,BS000217,58,15,15,58,1
PG005725,P017144,1760.224,2332.839,BS000238,BS000217,58,15,15,58,1
PG005726,P017146,1826.224,2398.839,BS000238,BS000217,58,15,15,58,1
PG005727,P017147,1826.224,2398.839,BS000238,BS000217,58,15,15,58,1
PG005728,P017148,1760.224,2332.839,BS000238,BS000217,58,15,15,58,1
PG005729,P017150,1760.224,2332.839,BS000238,BS000217,58,15,15,58,1
PG005730,P017152,1826.224,2398.839,BS000238,BS000217,58,15,15,58,1
PG005731,P017153,1826.224,2398.839,BS000238,BS000217,58,15,15,58,1
PG005664,P016922,797.64,1372.689,BS000216,BS000239,58,15,15,58,1
PG005666,P016924,797.64,1372.689,BS000216,BS000239,58,15,15,58,1
PG005670,P016928,797.64,1372.689,BS000216,BS000239,58,15,15,58,1
PG005678,P016952,797.64,1372.689,BS000216,BS000239,58,15,15,58,1
PG005681,P016958,797.64,1372.689,BS000216,BS000239,58,15,15,58,1
PG005687,P016981,797.64,1372.689,BS000216,BS000239,58,15,15,58,1
PG005690,P016987,797.64,1372.689,BS000216,BS000239,58,15,15,58,1
PG005667,P016925,1328.224,1936.839,BS000238,BS000217,62,15,15,62,1
PG005671,P016929,1328.224,1936.839,BS000238,BS000217,62,15,15,62,1
PG005717,P017100,1658.224,2266.839,BS000238,BS000217,62,15,15,62,1
PG005721,P017133,1658.224,2266.839,BS000238,BS000217,62,15,15,62,1
PG005722,P017136,1658.224,2266.839,BS000238,BS000217,62,15,15,62,1
PG005724,P017141,1724.224,2332.839,BS000238,BS000217,62,15,15,62,1
PG005668,P016926,827.64,1438.689,BS000216,BS000239,62,15,15,62,1
PG005672,P016930,827.64,1438.689,BS000216,BS000239,62,15,15,62,1
PG005715,P017096,1622.224,2266.839,BS000238,BS000217,65,15,15,65,1
PG005719,P017129,1622.224,2266.839,BS000238,BS000217,65,15,15,65,1
PG005723,P017138,1688.224,2332.839,BS000238,BS000217,65,15,15,65,1
PG005720,P017130,977.64,1624.689,BS000216,BS000239,65,15,15,65,1
PG005732,P017159,808.216,2026.307,BS000201,BS000002,124,15,15,124,1
PG005733,P017183,808.216,2026.307,BS000201,BS000002,124,15,15,124,1
PG005738,P017274,808.216,2026.307,BS000201,BS000002,124,15,15,124,1
PG005739,P017307,808.216,2026.307,BS000201,BS000002,124,15,15,124,1
PG005740,P017348,808.216,2026.307,BS000201,BS000002,124,15,15,124,1
PG005741,P017378,808.216,2026.307,BS000201,BS000002,124,15,15,124,1
PG005734,P017213,692.502,1900.972,BS000198,BS000202,123,15,15,123,1
PG005735,P017217,692.502,1900.972,BS000198,BS000202,123,15,15,123,1
PG005736,P017221,692.502,1900.972,BS000198,BS000202,123,15,15,123,1
PG005737,P017229,692.502,1900.972,BS000198,BS000202,123,15,15,123,1
PG005742,P017548,692.502,1900.972,BS000198,BS000202,123,15,15,123,1
PG005743,P017552,692.502,1900.972,BS000198,BS000202,123,15,15,123,1
PG005744,P017558,692.502,1900.972,BS000198,BS000202,123,15,15,123,1
PG005745,P017568,692.502,1900.972,BS000198,BS000202,123,15,15,123,1
PG005746,P017946,749.484,1144.657,BS000203,BS000354,40,8,8,40,1
PG005748,P017981,749.484,1144.657,BS000203,BS000354,40,8,8,40,1
PG005750,P018126,749.484,1144.657,BS000203,BS000354,40,8,8,40,1
PG005752,P018165,749.484,1144.657,BS000203,BS000354,40,8,8,40,1
PG005754,P018223,749.484,1144.657,BS000203,BS000354,40,8,8,40,1
PG005756,P018262,749.484,1144.657,BS000203,BS000354,40,8,8,40,1
PG005747,P017946,1169.377,1976.417,BS000240,BS000002,82,15,15,82,1
PG005749,P017981,1169.377,1976.417,BS000240,BS000002,82,15,15,82,1
PG005751,P018126,1169.377,1976.417,BS000240,BS000002,82,15,15,82,1
PG005753,P018165,1169.377,1976.417,BS000240,BS000002,82,15,15,82,1
PG005755,P018223,1169.377,1976.417,BS000240,BS000002,82,15,15,82,1
PG005757,P018262,1169.377,1976.417,BS000240,BS000002,82,15,15,82,1
PG005758,P019444,692.502,1428.833,BS000198,BS000243,74,15,15,74,1
PG005760,P019446,692.502,1428.833,BS000198,BS000243,74,15,15,74,1
PG005764,P019450,692.502,1428.833,BS000198,BS000243,74,15,15,74,1
PG005767,P019454,692.502,1428.833,BS000198,BS000243,74,15,15,74,1
PG005768,P019459,692.502,1428.833,BS000198,BS000243,74,15,15,74,1
PG005770,P019463,722.502,1458.833,BS000198,BS000243,74,15,15,74,1
PG005773,P019471,692.502,1428.833,BS000198,BS000243,74,15,15,74,1
PG005775,P019473,692.502,1428.833,BS000198,BS000243,74,15,15,74,1
PG005778,P019476,692.502,1428.833,BS000198,BS000243,74,15,15,74,1
PG005783,P019488,692.502,1428.833,BS000198,BS000243,74,15,15,74,1
PG005784,P019492,692.502,1428.833,BS000198,BS000243,74,15,15,74,1
PG005785,P019499,692.502,1428.833,BS000198,BS000243,74,15,15,74,1
PG005786,P019503,722.502,1458.833,BS000198,BS000243,74,15,15,74,1
PG005787,P019507,722.502,1458.833,BS000198,BS000243,74,15,15,74,1
PG005759,P019445,1380.876,2133.374,BS000242,BS000002,76,15,15,76,1
PG005761,P019447,1380.876,2133.374,BS000242,BS000002,76,15,15,76,1
PG005762,P019448,1380.876,2133.374,BS000242,BS000002,76,15,15,76,1
PG005763,P019449,1380.876,2133.374,BS000242,BS000002,76,15,15,76,1
PG005765,P019451,1380.876,2133.374,BS000242,BS000002,76,15,15,76,1
PG005766,P019452,1446.876,2199.374,BS000242,BS000002,76,15,15,76,1
PG005769,P019460,1380.876,2133.374,BS000242,BS000002,76,15,15,76,1
PG005771,P019469,1380.876,2133.374,BS000242,BS000002,76,15,15,76,1
PG005772,P019470,1380.876,2133.374,BS000242,BS000002,76,15,15,76,1
PG005774,P019472,1380.876,2133.374,BS000242,BS000002,76,15,15,76,1
PG005776,P019474,1380.876,2133.374,BS000242,BS000002,76,15,15,76,1
PG005777,P019475,1446.876,2199.374,BS000242,BS000002,76,15,15,76,1
PG005779,P019477,1380.876,2133.374,BS000242,BS000002,76,15,15,76,1
PG005780,P019484,1380.876,2133.374,BS000242,BS000002,76,15,15,76,1
PG005781,P019485,1446.876,2199.374,BS000242,BS000002,76,15,15,76,1
PG005782,P019486,1380.876,2133.374,BS000242,BS000002,76,15,15,76,1
PG005788,P019517,686.212,1756.219,BS000207,BS000002,110,15,15,110,1
PG005790,P019523,686.212,1756.219,BS000207,BS000002,110,15,15,110,1
PG005792,P019551,686.212,1756.219,BS000207,BS000002,110,15,15,110,1
PG005793,P019566,686.212,1756.219,BS000207,BS000002,110,15,15,110,1
PG005795,P019572,686.212,1756.219,BS000207,BS000002,110,15,15,110,1
PG005796,P019593,686.212,1756.219,BS000207,BS000002,110,15,15,110,1
PG005798,P019599,686.212,1756.219,BS000207,BS000002,110,15,15,110,1
PG005800,P019746,686.212,1756.219,BS000207,BS000002,110,15,15,110,1
PG005789,P019522,692.502,1758.255,BS000198,BS000014,109,15,15,109,1
PG005791,P019550,692.502,1758.255,BS000198,BS000014,109,15,15,109,1
PG005794,P019571,692.502,1758.255,BS000198,BS000014,109,15,15,109,1
PG005797,P019598,692.502,1758.255,BS000198,BS000014,109,15,15,109,1
PG005799,P019745,692.502,1758.255,BS000198,BS000014,109,15,15,109,1
PG005801,P019931,866.212,2152.219,BS000207,BS000002,131,15,15,131,1
PG005803,P020064,866.212,2152.219,BS000207,BS000002,131,15,15,131,1
PG005805,P020087,866.212,2152.219,BS000207,BS000002,131,15,15,131,1
PG005802,P020063,872.502,2154.255,BS000198,BS000014,130,15,15,130,1
PG005804,P020086,872.502,2154.255,BS000198,BS000014,130,15,15,130,1
PG005806,P020098,743.175,1215.857,BS000208,BS000247,48,12,12,48,1
PG005810,P020104,743.175,1215.857,BS000208,BS000247,48,12,12,48,1
PG005814,P020124,743.175,1215.857,BS000208,BS000247,48,12,12,48,1
PG005818,P020130,743.175,1215.857,BS000208,BS000247,48,12,12,48,1
PG005822,P020138,743.175,1215.857,BS000208,BS000247,48,12,12,48,1
PG005826,P020144,743.175,1215.857,BS000208,BS000247,48,12,12,48,1
PG005807,P020098,1265.857,1335.857,BS000248,BS000249,6,6,6,6,1
PG005811,P020104,1265.857,1335.857,BS000248,BS000249,6,6,6,6,1
PG005815,P020124,1265.857,1335.857,BS000248,BS000249,6,6,6,6,1
PG005819,P020130,1265.857,1335.857,BS000248,BS000249,6,6,6,6,1
PG005823,P020138,1265.857,1335.857,BS000248,BS000249,6,6,6,6,1
PG005827,P020144,1265.857,1335.857,BS000248,BS000249,6,6,6,6,1
PG005808,P020098,1385.857,1415.857,BS000250,BS000251,2,2,2,2,1
PG005812,P020104,1385.857,1415.857,BS000250,BS000251,2,2,2,2,1
PG005816,P020124,1385.857,1415.857,BS000250,BS000251,2,2,2,2,1
PG005820,P020130,1385.857,1415.857,BS000250,BS000251,2,2,2,2,1
PG005824,P020138,1385.857,1415.857,BS000250,BS000251,2,2,2,2,1
PG005828,P020144,1385.857,1415.857,BS000250,BS000251,2,2,2,2,1
PG005809,P020098,1415.857,2139.683,BS000251,BS000002,73,15,15,73,1
PG005813,P020104,1415.857,2139.683,BS000251,BS000002,73,15,15,73,1
PG005817,P020124,1415.857,2139.683,BS000251,BS000002,73,15,15,73,1
PG005821,P020130,1415.857,2139.683,BS000251,BS000002,73,15,15,73,1
PG005825,P020138,1415.857,2139.683,BS000251,BS000002,73,15,15,73,1
PG005829,P020144,1415.857,2139.683,BS000251,BS000002,73,15,15,73,1
PG005830,P020267,1052.38,1082.38,BS000069,BS000256,2,1,1,2,1
PG005832,P020271,1118.38,1148.38,BS000069,BS000256,2,1,1,2,1
PG005834,P020273,1052.38,1082.38,BS000069,BS000256,2,1,1,2,1
PG005836,P020275,1118.38,1148.38,BS000069,BS000256,2,1,1,2,1
PG005838,P020277,1118.38,1148.38,BS000069,BS000256,2,1,1,2,1
PG005840,P020281,1112.38,1142.38,BS000069,BS000256,2,1,1,2,1
PG005842,P020286,1112.38,1142.38,BS000069,BS000256,2,1,1,2,1
PG005844,P020309,1052.38,1082.38,BS000069,BS000256,2,1,1,2,1
PG005846,P020313,1118.38,1148.38,BS000069,BS000256,2,1,1,2,1
PG005848,P020315,1052.38,1082.38,BS000069,BS000256,2,1,1,2,1
PG005850,P020317,1118.38,1148.38,BS000069,BS000256,2,1,1,2,1
PG005852,P020319,1118.38,1148.38,BS000069,BS000256,2,1,1,2,1
PG005854,P020322,1142.38,1172.38,BS000069,BS000256,2,1,1,2,1
PG005856,P020332,1052.38,1082.38,BS000069,BS000256,2,1,1,2,1
PG005858,P020336,1118.38,1148.38,BS000069,BS000256,2,1,1,2,1
PG005860,P020338,1052.38,1082.38,BS000069,BS000256,2,1,1,2,1
PG005862,P020340,1118.38,1148.38,BS000069,BS000256,2,1,1,2,1
PG005864,P020350,1082.38,1112.38,BS000069,BS000256,2,1,1,2,1
PG005866,P020356,1082.38,1112.38,BS000069,BS000256,2,1,1,2,1
PG005868,P020391,1112.38,1142.38,BS000069,BS000256,2,1,1,2,1
PG005870,P020397,1112.38,1142.38,BS000069,BS000256,2,1,1,2,1
PG005831,P020267,1102.38,1881.31,BS000257,BS000002,79,15,15,79,1
PG005833,P020271,1168.38,1947.31,BS000257,BS000002,79,15,15,79,1
PG005835,P020273,1102.38,1881.31,BS000257,BS000002,79,15,15,79,1
PG005837,P020275,1168.38,1947.31,BS000257,BS000002,79,15,15,79,1
PG005839,P020277,1168.38,1947.31,BS000257,BS000002,79,15,15,79,1
PG005845,P020309,1102.38,1881.31,BS000257,BS000002,79,15,15,79,1
PG005847,P020313,1168.38,1947.31,BS000257,BS000002,79,15,15,79,1
PG005849,P020315,1102.38,1881.31,BS000257,BS000002,79,15,15,79,1
PG005851,P020317,1168.38,1947.31,BS000257,BS000002,79,15,15,79,1
PG005853,P020319,1168.38,1947.31,BS000257,BS000002,79,15,15,79,1
PG005857,P020332,1102.38,1881.31,BS000257,BS000002,79,15,15,79,1
PG005859,P020336,1168.38,1947.31,BS000257,BS000002,79,15,15,79,1
PG005861,P020338,1102.38,1881.31,BS000257,BS000002,79,15,15,79,1
PG005863,P020340,1168.38,1947.31,BS000257,BS000002,79,15,15,79,1
PG005841,P020281,1162.38,2013.31,BS000257,BS000002,86,15,15,86,1
PG005843,P020286,1162.38,2013.31,BS000257,BS000002,86,15,15,86,1
PG005869,P020391,1162.38,2013.31,BS000257,BS000002,86,15,15,86,1
PG005871,P020397,1162.38,2013.31,BS000257,BS000002,86,15,15,86,1
PG005855,P020322,1192.38,2079.31,BS000257,BS000002,90,15,15,90,1
PG005865,P020350,1132.38,1947.31,BS000257,BS000002,83,15,15,83,1
PG005867,P020356,1132.38,1947.31,BS000257,BS000002,83,15,15,83,1
PG005872,P020737,734.24,2092.492,BS000210,BS000002,139,15,15,139,1
PG005873,P020743,734.24,2092.492,BS000210,BS000002,139,15,15,139,1
PG005874,P020766,734.24,2092.492,BS000210,BS000002,139,15,15,139,1
PG005875,P020772,734.24,2092.492,BS000210,BS000002,139,15,15,139,1
PG005876,P020780,734.24,2092.492,BS000210,BS000002,139,15,15,139,1
PG005877,P020786,734.24,2092.492,BS000210,BS000002,139,15,15,139,1
PG005878,P020928,728.593,1916.183,BS000212,BS000002,122,15,15,122,1
PG005879,P020934,728.593,1916.183,BS000212,BS000002,122,15,15,122,1
PG005880,P020963,728.593,1916.183,BS000212,BS000002,122,15,15,122,1
PG005881,P020969,728.593,1916.183,BS000212,BS000002,122,15,15,122,1
PG005882,P020979,728.593,1916.183,BS000212,BS000002,122,15,15,122,1
PG005883,P020985,728.593,1916.183,BS000212,BS000002,122,15,15,122,1
PG005884,P021273,749.484,1144.657,BS000203,BS000354,40,8,8,40,1
PG005886,P021280,749.484,1144.657,BS000203,BS000354,40,8,8,40,1
PG005885,P021273,1350.213,2310.407,BS000262,BS000200,97,11,11,97,1
PG005887,P021280,1350.213,2310.407,BS000262,BS000200,97,11,11,97,1
PG005888,P021290,793.642,1743.52,BS000199,BS000260,96,11,11,96,1
PG005890,P021292,793.642,1743.52,BS000199,BS000260,96,11,11,96,1
PG005892,P021295,793.642,1743.52,BS000199,BS000260,96,11,11,96,1
PG005894,P021376,793.642,1743.52,BS000199,BS000260,96,11,11,96,1
PG005896,P021379,793.642,1743.52,BS000199,BS000260,96,11,11,96,1
PG005898,P021382,793.642,1743.52,BS000199,BS000260,96,11,11,96,1
PG005900,P021386,793.642,1743.52,BS000199,BS000260,96,11,11,96,1
PG005889,P021290,1975.699,2378.707,BS000355,BS000204,41,8,8,41,1
PG005891,P021292,1975.699,2378.707,BS000355,BS000204,41,8,8,41,1
PG005893,P021295,1975.699,2378.707,BS000355,BS000204,41,8,8,41,1
PG005895,P021376,1975.699,2378.707,BS000355,BS000204,41,8,8,41,1
PG005897,P021379,1975.699,2378.707,BS000355,BS000204,41,8,8,41,1
PG005899,P021382,1975.699,2378.707,BS000355,BS000204,41,8,8,41,1
PG005901,P021386,1975.699,2378.707,BS000355,BS000204,41,8,8,41,1
PG005902,P021437,1158.102,2065.926,BS000263,BS000200,92,12,12,92,1
PG005903,P021473,1158.102,2065.926,BS000263,BS000200,92,12,12,92,1
PG005906,P021559,1158.102,2065.926,BS000263,BS000200,92,12,12,92,1
PG005904,P021523,1350.102,2329.926,BS000263,BS000200,99,12,12,99,1
PG005907,P021959,1416.102,2395.926,BS000263,BS000200,99,12,12,99,1
PG005908,P021968,1416.102,2395.926,BS000263,BS000200,99,12,12,99,1
PG005909,P022086,1482.102,2461.926,BS000263,BS000200,99,12,12,99,1
PG005916,P022487,1416.102,2395.926,BS000263,BS000200,99,12,12,99,1
PG005917,P022675,1482.102,2461.926,BS000263,BS000200,99,12,12,99,1
PG005918,P022858,1482.102,2461.926,BS000263,BS000200,99,12,12,99,1
PG005922,P023135,1548.102,2527.926,BS000263,BS000200,99,12,12,99,1
PG005905,P021554,793.642,1684.91,BS000199,BS000264,90,10,10,90,1
PG005910,P022130,1380.102,2395.926,BS000263,BS000200,103,12,12,103,1
PG005911,P022150,1446.102,2461.926,BS000263,BS000200,103,12,12,103,1
PG005912,P022152,1446.102,2461.926,BS000263,BS000200,103,12,12,103,1
PG005913,P022203,1380.102,2395.926,BS000263,BS000200,103,12,12,103,1
PG005914,P022223,1446.102,2461.926,BS000263,BS000200,103,12,12,103,1
PG005915,P022225,1446.102,2461.926,BS000263,BS000200,103,12,12,103,1
PG005919,P022975,1446.102,2461.926,BS000263,BS000200,103,12,12,103,1
PG005920,P023020,1512.102,2527.926,BS000263,BS000200,103,12,12,103,1
PG005921,P023022,1512.102,2527.926,BS000263,BS000200,103,12,12,103,1
PG005923,P023173,1446.102,2461.926,BS000263,BS000200,103,12,12,103,1
PG005924,P023193,1512.102,2527.926,BS000263,BS000200,103,12,12,103,1
PG005925,P023195,1512.102,2527.926,BS000263,BS000200,103,12,12,103,1
PG005926,P023280,1512.102,2527.926,BS000263,BS000200,103,12,12,103,1
PG005927,P023282,1512.102,2527.926,BS000263,BS000200,103,12,12,103,1
PG005928,P023364,1512.102,2527.926,BS000263,BS000200,103,12,12,103,1
PG005929,P023373,1512.102,2527.926,BS000263,BS000200,103,12,12,103,1
PG005930,P023378,1512.102,2527.926,BS000263,BS000200,103,12,12,103,1
PG005931,P023381,1512.102,2527.926,BS000263,BS000200,103,12,12,103,1
PG005932,P023417,1476.102,2527.926,BS000263,BS000200,106,12,12,106,1
PG005933,P023419,1476.102,2527.926,BS000263,BS000200,106,12,12,106,1
PG005934,P023426,1476.102,2527.926,BS000263,BS000200,106,12,12,106,1
PG005935,P023427,1476.102,2527.926,BS000263,BS000200,106,12,12,106,1
PG005936,P023475,1476.102,2527.926,BS000263,BS000200,106,12,12,106,1
PG005937,P023477,1476.102,2527.926,BS000263,BS000200,106,12,12,106,1
PG005938,P023484,1476.102,2527.926,BS000263,BS000200,106,12,12,106,1
PG005939,P023485,1476.102,2527.926,BS000263,BS000200,106,12,12,106,1
PG005940,P023501,773.709,1892.19,BS000205,BS000200,115,9,9,115,1
PG005942,P023505,773.709,1892.19,BS000205,BS000200,115,9,9,115,1
PG005943,P023513,773.709,1892.19,BS000205,BS000200,115,9,9,115,1
PG005945,P023529,773.709,1892.19,BS000205,BS000200,115,9,9,115,1
PG005948,P023606,773.709,1892.19,BS000205,BS000200,115,9,9,115,1
PG005949,P023610,773.709,1892.19,BS000205,BS000200,115,9,9,115,1
PG005950,P023618,773.709,1892.19,BS000205,BS000200,115,9,9,115,1
PG005952,P023634,773.709,1892.19,BS000205,BS000200,115,9,9,115,1
PG005954,P023684,773.709,1892.19,BS000205,BS000200,115,9,9,115,1
PG005956,P023688,773.709,1892.19,BS000205,BS000200,115,9,9,115,1
PG005957,P023696,773.709,1892.19,BS000205,BS000200,115,9,9,115,1
PG005959,P023712,773.709,1892.19,BS000205,BS000200,115,9,9,115,1
PG005962,P023781,773.709,1892.19,BS000205,BS000200,115,9,9,115,1
PG005964,P023785,773.709,1892.19,BS000205,BS000200,115,9,9,115,1
PG005965,P023793,773.709,1892.19,BS000205,BS000200,115,9,9,115,1
PG005967,P023809,773.709,1892.19,BS000205,BS000200,115,9,9,115,1
PG005970,P024290,773.709,1892.19,BS000205,BS000200,115,9,9,115,1
PG005971,P024298,773.709,1892.19,BS000205,BS000200,115,9,9,115,1
PG005973,P024314,773.709,1892.19,BS000205,BS000200,115,9,9,115,1
PG005941,P023504,793.642,1908.921,BS000199,BS000010,115,9,9,115,1
PG005944,P023528,793.642,1908.921,BS000199,BS000010,115,9,9,115,1
PG005951,P023633,793.642,1908.921,BS000199,BS000010,115,9,9,115,1
PG005955,P023687,793.642,1908.921,BS000199,BS000010,115,9,9,115,1
PG005958,P023711,793.642,1908.921,BS000199,BS000010,115,9,9,115,1
PG005963,P023784,793.642,1908.921,BS000199,BS000010,115,9,9,115,1
PG005966,P023808,793.642,1908.921,BS000199,BS000010,115,9,9,115,1
PG005969,P024289,793.642,1908.921,BS000199,BS000010,115,9,9,115,1
PG005972,P024313,793.642,1908.921,BS000199,BS000010,115,9,9,115,1
PG005946,P023537,803.709,1958.19,BS000205,BS000200,119,9,9,119,1
PG005947,P023545,803.709,1958.19,BS000205,BS000200,119,9,9,119,1
PG005953,P023642,803.709,1958.19,BS000205,BS000200,119,9,9,119,1
PG005960,P023720,803.709,1958.19,BS000205,BS000200,119,9,9,119,1
PG005961,P023728,803.709,1958.19,BS000205,BS000200,119,9,9,119,1
PG005968,P023817,803.709,1958.19,BS000205,BS000200,119,9,9,119,1
PG005974,P024322,803.709,1958.19,BS000205,BS000200,119,9,9,119,1
PG005975,P024330,803.709,1958.19,BS000205,BS000200,119,9,9,119,1
PG005976,P024411,803.709,1958.19,BS000205,BS000200,119,9,9,119,1
PG005977,P025004,983.709,2354.19,BS000205,BS000200,140,9,9,140,1
PG005978,P025360,983.709,2354.19,BS000205,BS000200,140,9,9,140,1
PG005979,P025397,983.709,2354.19,BS000205,BS000200,140,9,9,140,1
PG005981,P025406,983.709,2354.19,BS000205,BS000200,140,9,9,140,1
PG005982,P025407,983.709,2354.19,BS000205,BS000200,140,9,9,140,1
PG005984,P025465,983.709,2354.19,BS000205,BS000200,140,9,9,140,1
PG005986,P025474,983.709,2354.19,BS000205,BS000200,140,9,9,140,1
PG005987,P025475,983.709,2354.19,BS000205,BS000200,140,9,9,140,1
PG005980,P025405,953.709,2288.19,BS000205,BS000200,136,9,9,136,1
PG005985,P025473,953.709,2288.19,BS000205,BS000200,136,9,9,136,1
PG005983,P025428,983.709,2354.19,BS000205,BS000200,140,9,9,140,1
PG005988,P025496,983.709,2354.19,BS000205,BS000200,140,9,9,140,1
PG005989,P025497,793.642,1674.134,BS000199,BS000266,89,9,9,89,1
PG005991,P025499,793.642,1674.134,BS000199,BS000266,89,9,9,89,1
PG005992,P025501,823.642,1704.134,BS000199,BS000266,89,9,9,89,1
PG005994,P025503,793.642,1674.134,BS000199,BS000266,89,9,9,89,1
PG005996,P025505,823.642,1704.134,BS000199,BS000266,89,9,9,89,1
PG005998,P025507,823.642,1704.134,BS000199,BS000266,89,9,9,89,1
PG006000,P025509,853.642,1734.134,BS000199,BS000266,89,9,9,89,1
PG006003,P025523,793.642,1674.134,BS000199,BS000266,89,9,9,89,1
PG006004,P025525,793.642,1674.134,BS000199,BS000266,89,9,9,89,1
PG006005,P025527,823.642,1704.134,BS000199,BS000266,89,9,9,89,1
PG006006,P025529,793.642,1674.134,BS000199,BS000266,89,9,9,89,1
PG006007,P025531,823.642,1704.134,BS000199,BS000266,89,9,9,89,1
PG006008,P025533,823.642,1704.134,BS000199,BS000266,89,9,9,89,1
PG006009,P025535,853.642,1734.134,BS000199,BS000266,89,9,9,89,1
PG006010,P025540,793.642,1674.134,BS000199,BS000266,89,9,9,89,1
PG006012,P025542,793.642,1674.134,BS000199,BS000266,89,9,9,89,1
PG006013,P025544,823.642,1704.134,BS000199,BS000266,89,9,9,89,1
PG006015,P025546,793.642,1674.134,BS000199,BS000266,89,9,9,89,1
PG006017,P025548,823.642,1704.134,BS000199,BS000266,89,9,9,89,1
PG006019,P025550,823.642,1704.134,BS000199,BS000266,89,9,9,89,1
PG006021,P025552,853.642,1734.134,BS000199,BS000266,89,9,9,89,1
PG006023,P025564,793.642,1674.134,BS000199,BS000266,89,9,9,89,1
PG006025,P025566,793.642,1674.134,BS000199,BS000266,89,9,9,89,1
PG006026,P025568,823.642,1704.134,BS000199,BS000266,89,9,9,89,1
PG006028,P025570,793.642,1674.134,BS000199,BS000266,89,9,9,89,1
PG006030,P025572,823.642,1704.134,BS000199,BS000266,89,9,9,89,1
PG006032,P025574,823.642,1704.134,BS000199,BS000266,89,9,9,89,1
PG006033,P025576,853.642,1734.134,BS000199,BS000266,89,9,9,89,1
PG006040,P025686,793.642,1674.134,BS000199,BS000266,89,9,9,89,1
PG006041,P025688,793.642,1674.134,BS000199,BS000266,89,9,9,89,1
PG006042,P025690,823.642,1704.134,BS000199,BS000266,89,9,9,89,1
PG006043,P025692,793.642,1674.134,BS000199,BS000266,89,9,9,89,1
PG006044,P025694,823.642,1704.134,BS000199,BS000266,89,9,9,89,1
PG006045,P025696,823.642,1704.134,BS000199,BS000266,89,9,9,89,1
PG006046,P025698,853.642,1734.134,BS000199,BS000266,89,9,9,89,1
PG005990,P025498,1101.834,1992.203,BS000265,BS000200,89,9,9,89,1
PG005993,P025502,1167.834,2058.203,BS000265,BS000200,89,9,9,89,1
PG005995,P025504,1101.834,1992.203,BS000265,BS000200,89,9,9,89,1
PG005997,P025506,1167.834,2058.203,BS000265,BS000200,89,9,9,89,1
PG005999,P025508,1167.834,2058.203,BS000265,BS000200,89,9,9,89,1
PG006011,P025541,1101.834,1992.203,BS000265,BS000200,89,9,9,89,1
PG006014,P025545,1167.834,2058.203,BS000265,BS000200,89,9,9,89,1
PG006016,P025547,1101.834,1992.203,BS000265,BS000200,89,9,9,89,1
PG006018,P025549,1167.834,2058.203,BS000265,BS000200,89,9,9,89,1
PG006020,P025551,1167.834,2058.203,BS000265,BS000200,89,9,9,89,1
PG006024,P025565,1101.834,1992.203,BS000265,BS000200,89,9,9,89,1
PG006027,P025569,1167.834,2058.203,BS000265,BS000200,89,9,9,89,1
PG006029,P025571,1101.834,1992.203,BS000265,BS000200,89,9,9,89,1
PG006031,P025573,1167.834,2058.203,BS000265,BS000200,89,9,9,89,1
PG006001,P025512,1161.834,2124.203,BS000265,BS000200,96,9,9,96,1
PG006002,P025517,1161.834,2124.203,BS000265,BS000200,96,9,9,96,1
PG006036,P025629,1161.834,2124.203,BS000265,BS000200,96,9,9,96,1
PG006037,P025635,1161.834,2124.203,BS000265,BS000200,96,9,9,96,1
PG006022,P025554,1191.834,2190.203,BS000265,BS000200,100,9,9,100,1
PG006034,P025585,1131.834,2058.203,BS000265,BS000200,93,9,9,93,1
PG006035,P025591,1131.834,2058.203,BS000265,BS000200,93,9,9,93,1
PG006038,P025658,1287.834,2322.203,BS000265,BS000200,103,9,9,103,1
PG006039,P025680,1287.834,2322.203,BS000265,BS000200,103,9,9,103,1
PG006047,P025998,797.64,1993.234,BS000216,BS000200,122,11,11,122,1
PG006048,P026004,797.64,1993.234,BS000216,BS000200,122,11,11,122,1
PG006049,P026037,797.64,1993.234,BS000216,BS000200,122,11,11,122,1
PG006050,P026043,797.64,1993.234,BS000216,BS000200,122,11,11,122,1
PG006051,P026057,797.64,1993.234,BS000216,BS000200,122,11,11,122,1
PG006052,P026063,797.64,1993.234,BS000216,BS000200,122,11,11,122,1
PG006053,P026452,808.216,1510.565,BS000201,BS000267,71,14,14,71,1
PG006057,P026555,808.216,1510.565,BS000201,BS000267,71,14,14,71,1
PG006059,P026598,808.216,1510.565,BS000201,BS000267,71,14,14,71,1
PG006065,P026775,808.216,1510.565,BS000201,BS000267,71,14,14,71,1
PG006069,P027127,808.216,1510.565,BS000201,BS000267,71,14,14,71,1
PG006073,P027690,808.216,1510.565,BS000201,BS000267,71,14,14,71,1
PG006077,P027735,808.216,1510.565,BS000201,BS000267,71,14,14,71,1
PG006054,P026452,1514.999,1918.966,BS000077,BS000204,41,8,8,41,1
PG006058,P026555,1514.999,1918.966,BS000077,BS000204,41,8,8,41,1
PG006060,P026598,1514.999,1918.966,BS000077,BS000204,41,8,8,41,1
PG006066,P026775,1514.999,1918.966,BS000077,BS000204,41,8,8,41,1
PG006070,P027127,1514.999,1918.966,BS000077,BS000204,41,8,8,41,1
PG006074,P027690,1514.999,1918.966,BS000077,BS000204,41,8,8,41,1
PG006078,P027735,1514.999,1918.966,BS000077,BS000204,41,8,8,41,1
PG006055,P026453,749.484,1142.98,BS000203,BS000078,40,8,8,40,1
PG006061,P026599,749.484,1142.98,BS000203,BS000078,40,8,8,40,1
PG006063,P026742,749.484,1142.98,BS000203,BS000078,40,8,8,40,1
PG006067,P026776,749.484,1142.98,BS000203,BS000078,40,8,8,40,1
PG006071,P027128,749.484,1142.98,BS000203,BS000078,40,8,8,40,1
PG006075,P027701,749.484,1142.98,BS000203,BS000078,40,8,8,40,1
PG006079,P027736,749.484,1142.98,BS000203,BS000078,40,8,8,40,1
PG006056,P026453,1152.98,1850.143,BS000268,BS000202,70,14,14,70,1
PG006062,P026599,1152.98,1850.143,BS000268,BS000202,70,14,14,70,1
PG006064,P026742,1152.98,1850.143,BS000268,BS000202,70,14,14,70,1
PG006068,P026776,1152.98,1850.143,BS000268,BS000202,70,14,14,70,1
PG006072,P027128,1152.98,1850.143,BS000268,BS000202,70,14,14,70,1
PG006076,P027701,1152.98,1850.143,BS000268,BS000202,70,14,14,70,1
PG006080,P027736,1152.98,1850.143,BS000268,BS000202,70,14,14,70,1
PG006081,P028342,929.484,1466.98,BS000203,BS000078,54,8,8,54,1
PG006082,P028342,1476.98,2246.143,BS000268,BS000202,77,14,14,77,1
PG006083,P028908,929.484,1430.98,BS000203,BS000078,51,8,8,51,1
PG006084,P028908,1440.98,2246.143,BS000268,BS000202,81,14,14,81,1
PG006085,P029121,738.084,2029.162,BS000206,BS000202,132,11,11,132,1
PG006086,P029135,738.084,2029.162,BS000206,BS000202,132,11,11,132,1
PG006087,P029187,738.084,2029.162,BS000206,BS000202,132,11,11,132,1
PG006088,P029209,738.084,2029.162,BS000206,BS000202,132,11,11,132,1
PG006089,P029274,738.084,2029.162,BS000206,BS000202,132,11,11,132,1
PG006090,P029293,738.084,2029.162,BS000206,BS000202,132,11,11,132,1
PG006091,P029620,686.212,1805.332,BS000207,BS000202,114,14,14,114,1
PG006092,P029626,686.212,1805.332,BS000207,BS000202,114,14,14,114,1
PG006093,P030138,743.175,1212.298,BS000208,BS000276,48,12,12,48,1
PG006094,P030138,1252.298,1292.298,BS000277,BS000278,3,4,4,3,1
PG006095,P030138,1372.298,1452.298,BS000279,BS000280,7,2,2,7,1
PG006096,P030138,1532.298,1572.298,BS000281,BS000282,3,1,1,3,1
PG006097,P030138,1572.298,2207.905,BS000282,BS000202,64,14,14,64,1
PG006098,P030140,1022.121,1052.121,BS000283,BS000084,2,1,1,2,1
PG006100,P030146,1022.121,1052.121,BS000283,BS000084,2,1,1,2,1
PG006102,P030154,1052.121,1082.121,BS000283,BS000084,2,1,1,2,1
PG006104,P030160,1052.121,1082.121,BS000283,BS000084,2,1,1,2,1
PG006106,P030207,1022.121,1052.121,BS000283,BS000084,2,1,1,2,1
PG006108,P030213,1022.121,1052.121,BS000283,BS000084,2,1,1,2,1
PG006110,P030221,1052.121,1082.121,BS000283,BS000084,2,1,1,2,1
PG006112,P030227,1052.121,1082.121,BS000283,BS000084,2,1,1,2,1
PG006114,P030235,1082.121,1112.121,BS000283,BS000084,2,1,1,2,1
PG006116,P030241,1082.121,1112.121,BS000283,BS000084,2,1,1,2,1
PG006118,P030284,1022.121,1052.121,BS000283,BS000084,2,1,1,2,1
PG006120,P030290,1022.121,1052.121,BS000283,BS000084,2,1,1,2,1
PG006122,P030298,1052.121,1082.121,BS000283,BS000084,2,1,1,2,1
PG006124,P030304,1052.121,1082.121,BS000283,BS000084,2,1,1,2,1
PG006126,P030312,1082.121,1112.121,BS000283,BS000084,2,1,1,2,1
PG006128,P030317,1082.121,1112.121,BS000283,BS000084,2,1,1,2,1
PG006130,P030357,1052.121,1082.121,BS000283,BS000084,2,1,1,2,1
PG006132,P030363,1052.121,1082.121,BS000283,BS000084,2,1,1,2,1
PG006134,P030706,1274.121,1304.121,BS000283,BS000084,2,1,1,2,1
PG006099,P030140,1102.121,1823.995,BS000284,BS000202,73,14,14,73,1
PG006101,P030146,1102.121,1823.995,BS000284,BS000202,73,14,14,73,1
PG006107,P030207,1102.121,1823.995,BS000284,BS000202,73,14,14,73,1
PG006109,P030213,1102.121,1823.995,BS000284,BS000202,73,14,14,73,1
PG006119,P030284,1102.121,1823.995,BS000284,BS000202,73,14,14,73,1
PG006121,P030290,1102.121,1823.995,BS000284,BS000202,73,14,14,73,1
PG006103,P030154,1132.121,1889.995,BS000284,BS000202,77,14,14,77,1
PG006105,P030160,1132.121,1889.995,BS000284,BS000202,77,14,14,77,1
PG006111,P030221,1132.121,1889.995,BS000284,BS000202,77,14,14,77,1
PG006113,P030227,1132.121,1889.995,BS000284,BS000202,77,14,14,77,1
PG006123,P030298,1132.121,1889.995,BS000284,BS000202,77,14,14,77,1
PG006125,P030304,1132.121,1889.995,BS000284,BS000202,77,14,14,77,1
PG006131,P030357,1132.121,1889.995,BS000284,BS000202,77,14,14,77,1
PG006133,P030363,1132.121,1889.995,BS000284,BS000202,77,14,14,77,1
PG006115,P030235,1162.121,1955.995,BS000284,BS000202,80,14,14,80,1
PG006117,P030241,1162.121,1955.995,BS000284,BS000202,80,14,14,80,1
PG006127,P030312,1162.121,1955.995,BS000284,BS000202,80,14,14,80,1
PG006129,P030317,1162.121,1955.995,BS000284,BS000202,80,14,14,80,1
PG006135,P030706,1354.121,2219.995,BS000284,BS000202,87,14,14,87,1
PG006136,P030708,728.593,1989.847,BS000212,BS000202,129,14,14,129,1
PG006137,P030713,728.593,1989.847,BS000212,BS000202,129,14,14,129,1
PG006138,P030889,797.64,1380.263,BS000216,BS000287,59,15,15,59,1
PG006141,P030893,797.64,1380.263,BS000216,BS000287,59,15,15,59,1
PG006139,P030889,1400.263,1420.263,BS000288,BS000289,1,1,1,1,1
PG006142,P030893,1400.263,1420.263,BS000288,BS000289,1,1,1,1,1
PG006140,P030889,1746.867,2362.318,BS000356,BS000202,62,14,14,62,1
PG006143,P030893,1746.867,2362.318,BS000356,BS000202,62,14,14,62,1
PG006144,P030918,749.484,1144.657,BS000203,BS000354,40,8,8,40,1
PG006146,P030920,779.484,1174.657,BS000203,BS000354,40,8,8,40,1
PG006148,P030922,749.484,1144.657,BS000203,BS000354,40,8,8,40,1
PG006150,P030924,779.484,1174.657,BS000203,BS000354,40,8,8,40,1
PG006152,P030926,809.484,1204.657,BS000203,BS000354,40,8,8,40,1
PG006154,P030928,749.484,1144.657,BS000203,BS000354,40,8,8,40,1
PG006156,P030930,779.484,1174.657,BS000203,BS000354,40,8,8,40,1
PG006158,P030932,809.484,1204.657,BS000203,BS000354,40,8,8,40,1
PG006160,P031086,749.484,1144.657,BS000203,BS000354,40,8,8,40,1
PG006162,P031088,779.484,1174.657,BS000203,BS000354,40,8,8,40,1
PG006164,P031090,749.484,1144.657,BS000203,BS000354,40,8,8,40,1
PG006166,P031092,779.484,1174.657,BS000203,BS000354,40,8,8,40,1
PG006168,P031094,809.484,1204.657,BS000203,BS000354,40,8,8,40,1
PG006170,P031096,749.484,1144.657,BS000203,BS000354,40,8,8,40,1
PG006172,P031098,779.484,1174.657,BS000203,BS000354,40,8,8,40,1
PG006174,P031100,809.484,1204.657,BS000203,BS000354,40,8,8,40,1
PG006176,P031310,749.484,1144.657,BS000203,BS000354,40,8,8,40,1
PG006178,P031312,779.484,1174.657,BS000203,BS000354,40,8,8,40,1
PG006180,P031314,749.484,1144.657,BS000203,BS000354,40,8,8,40,1
PG006182,P031316,779.484,1174.657,BS000203,BS000354,40,8,8,40,1
PG006184,P031318,809.484,1204.657,BS000203,BS000354,40,8,8,40,1
PG006186,P031320,749.484,1144.657,BS000203,BS000354,40,8,8,40,1
PG006188,P031322,779.484,1174.657,BS000203,BS000354,40,8,8,40,1
PG006190,P031324,809.484,1204.657,BS000203,BS000354,40,8,8,40,1
PG006192,P031764,749.484,1144.657,BS000203,BS000354,40,8,8,40,1
PG006194,P031766,779.484,1174.657,BS000203,BS000354,40,8,8,40,1
PG006196,P031768,749.484,1144.657,BS000203,BS000354,40,8,8,40,1
PG006198,P031770,779.484,1174.657,BS000203,BS000354,40,8,8,40,1
PG006200,P031772,809.484,1204.657,BS000203,BS000354,40,8,8,40,1
PG006202,P031774,749.484,1144.657,BS000203,BS000354,40,8,8,40,1
PG006204,P031776,779.484,1174.657,BS000203,BS000354,40,8,8,40,1
PG006206,P031778,809.484,1204.657,BS000203,BS000354,40,8,8,40,1
PG006208,P032572,749.484,1144.657,BS000203,BS000354,40,8,8,40,1
PG006210,P032574,779.484,1174.657,BS000203,BS000354,40,8,8,40,1
PG006212,P032576,749.484,1144.657,BS000203,BS000354,40,8,8,40,1
PG006214,P032578,779.484,1174.657,BS000203,BS000354,40,8,8,40,1
PG006216,P032580,809.484,1204.657,BS000203,BS000354,40,8,8,40,1
PG006218,P032582,749.484,1144.657,BS000203,BS000354,40,8,8,40,1
PG006220,P032584,779.484,1174.657,BS000203,BS000354,40,8,8,40,1
PG006222,P032586,809.484,1204.657,BS000203,BS000354,40,8,8,40,1
PG006145,P030918,1193.35,1213.35,BS000291,BS000292,1,1,1,1,1
PG006147,P030920,1223.35,1243.35,BS000291,BS000292,1,1,1,1,1
PG006149,P030922,1193.35,1213.35,BS000291,BS000292,1,1,1,1,1
PG006151,P030924,1223.35,1243.35,BS000291,BS000292,1,1,1,1,1
PG006153,P030926,1253.35,1273.35,BS000291,BS000292,1,1,1,1,1
PG006155,P030928,1193.35,1213.35,BS000291,BS000292,1,1,1,1,1
PG006157,P030930,1223.35,1243.35,BS000291,BS000292,1,1,1,1,1
PG006159,P030932,1253.35,1273.35,BS000291,BS000292,1,1,1,1,1
PG006161,P031086,1193.35,1213.35,BS000291,BS000292,1,1,1,1,1
PG006163,P031088,1223.35,1243.35,BS000291,BS000292,1,1,1,1,1
PG006165,P031090,1193.35,1213.35,BS000291,BS000292,1,1,1,1,1
PG006167,P031092,1223.35,1243.35,BS000291,BS000292,1,1,1,1,1
PG006169,P031094,1253.35,1273.35,BS000291,BS000292,1,1,1,1,1
PG006171,P031096,1193.35,1213.35,BS000291,BS000292,1,1,1,1,1
PG006173,P031098,1223.35,1243.35,BS000291,BS000292,1,1,1,1,1
PG006175,P031100,1253.35,1273.35,BS000291,BS000292,1,1,1,1,1
PG006177,P031310,1193.35,1213.35,BS000291,BS000292,1,1,1,1,1
PG006179,P031312,1223.35,1243.35,BS000291,BS000292,1,1,1,1,1
PG006181,P031314,1193.35,1213.35,BS000291,BS000292,1,1,1,1,1
PG006183,P031316,1223.35,1243.35,BS000291,BS000292,1,1,1,1,1
PG006185,P031318,1253.35,1273.35,BS000291,BS000292,1,1,1,1,1
PG006187,P031320,1193.35,1213.35,BS000291,BS000292,1,1,1,1,1
PG006189,P031322,1223.35,1243.35,BS000291,BS000292,1,1,1,1,1
PG006191,P031324,1253.35,1273.35,BS000291,BS000292,1,1,1,1,1
PG006193,P031764,1193.35,1213.35,BS000291,BS000292,1,1,1,1,1
PG006195,P031766,1223.35,1243.35,BS000291,BS000292,1,1,1,1,1
PG006197,P031768,1193.35,1213.35,BS000291,BS000292,1,1,1,1,1
PG006199,P031770,1223.35,1243.35,BS000291,BS000292,1,1,1,1,1
PG006201,P031772,1253.35,1273.35,BS000291,BS000292,1,1,1,1,1
PG006203,P031774,1193.35,1213.35,BS000291,BS000292,1,1,1,1,1
PG006205,P031776,1223.35,1243.35,BS000291,BS000292,1,1,1,1,1
PG006207,P031778,1253.35,1273.35,BS000291,BS000292,1,1,1,1,1
PG006209,P032572,1193.35,1213.35,BS000291,BS000292,1,1,1,1,1
PG006211,P032574,1223.35,1243.35,BS000291,BS000292,1,1,1,1,1
PG006213,P032576,1193.35,1213.35,BS000291,BS000292,1,1,1,1,1
PG006215,P032578,1223.35,1243.35,BS000291,BS000292,1,1,1,1,1
PG006217,P032580,1253.35,1273.35,BS000291,BS000292,1,1,1,1,1
PG006219,P032582,1193.35,1213.35,BS000291,BS000292,1,1,1,1,1
PG006221,P032584,1223.35,1243.35,BS000291,BS000292,1,1,1,1,1
PG006223,P032586,1253.35,1273.35,BS000291,BS000292,1,1,1,1,1
PG006224,P033968,1689.85,1709.85,BS000293,BS000294,1,1,1,1,1
PG006226,P034040,1653.85,1673.85,BS000293,BS000294,1,1,1,1,1
PG006228,P034043,1653.85,1673.85,BS000293,BS000294,1,1,1,1,1
PG006230,P034094,1617.85,1637.85,BS000293,BS000294,1,1,1,1,1
PG006232,P034095,1617.85,1637.85,BS000293,BS000294,1,1,1,1,1
PG006234,P034167,1653.85,1673.85,BS000293,BS000294,1,1,1,1,1
PG006236,P034170,1653.85,1673.85,BS000293,BS000294,1,1,1,1,1
PG006238,P034221,1617.85,1637.85,BS000293,BS000294,1,1,1,1,1
PG006240,P034222,1617.85,1637.85,BS000293,BS000294,1,1,1,1,1
PG006225,P033968,1778.117,2249.547,BS000357,BS000204,48,8,8,48,1
PG006227,P034040,1742.117,2249.547,BS000357,BS000204,52,8,8,52,1
PG006229,P034043,1742.117,2249.547,BS000357,BS000204,52,8,8,52,1
PG006235,P034167,1742.117,2249.547,BS000357,BS000204,52,8,8,52,1
PG006237,P034170,1742.117,2249.547,BS000357,BS000204,52,8,8,52,1
PG006231,P034094,1706.117,2249.547,BS000357,BS000204,55,8,8,55,1
PG006233,P034095,1706.117,2249.547,BS000357,BS000204,55,8,8,55,1
PG006239,P034221,1706.117,2249.547,BS000357,BS000204,55,8,8,55,1
PG006241,P034222,1706.117,2249.547,BS000357,BS000204,55,8,8,55,1
PG006242,P036572,983.709,1725.16,BS000205,BS000358,75,9,9,75,1
PG006244,P036673,983.709,1725.16,BS000205,BS000358,75,9,9,75,1
PG006243,P036572,1927.892,2435.53,BS000359,BS000204,52,8,8,52,1
PG006245,P036673,1927.892,2435.53,BS000359,BS000204,52,8,8,52,1
PG006246,P036727,738.084,1494.074,BS000206,BS000297,77,15,15,77,1
PG006248,P036754,738.084,1494.074,BS000206,BS000297,77,15,15,77,1
PG006247,P036727,1507.259,1911.717,BS000097,BS000204,41,8,8,41,1
PG006249,P036754,1507.259,1911.717,BS000097,BS000204,41,8,8,41,1
PG006250,P037498,899.484,1329.372,BS000203,BS000094,44,8,8,44,1
PG006251,P037498,1349.372,2221.304,BS000296,BS000012,88,15,15,88,1
PG006252,P037542,899.484,1365.372,BS000203,BS000094,47,8,8,47,1
PG006254,P037543,899.484,1365.372,BS000203,BS000094,47,8,8,47,1
PG006256,P037605,899.484,1365.372,BS000203,BS000094,47,8,8,47,1
PG006258,P037606,899.484,1365.372,BS000203,BS000094,47,8,8,47,1
PG006260,P038369,899.484,1365.372,BS000203,BS000094,47,8,8,47,1
PG006253,P037542,1385.372,2221.304,BS000296,BS000012,85,15,15,85,1
PG006255,P037543,1385.372,2221.304,BS000296,BS000012,85,15,15,85,1
PG006257,P037605,1385.372,2221.304,BS000296,BS000012,85,15,15,85,1
PG006259,P037606,1385.372,2221.304,BS000296,BS000012,85,15,15,85,1
PG006261,P038369,1385.372,2221.304,BS000296,BS000012,85,15,15,85,1
PG006263,P038435,1451.372,2287.304,BS000296,BS000012,85,15,15,85,1
PG006265,P038436,1451.372,2287.304,BS000296,BS000012,85,15,15,85,1
PG006269,P038487,1451.372,2287.304,BS000296,BS000012,85,15,15,85,1
PG006271,P038488,1451.372,2287.304,BS000296,BS000012,85,15,15,85,1
PG006262,P038435,929.484,1431.372,BS000203,BS000094,51,8,8,51,1
PG006264,P038436,929.484,1431.372,BS000203,BS000094,51,8,8,51,1
PG006268,P038487,929.484,1431.372,BS000203,BS000094,51,8,8,51,1
PG006270,P038488,929.484,1431.372,BS000203,BS000094,51,8,8,51,1
PG006266,P038450,929.484,1467.372,BS000203,BS000094,54,8,8,54,1
PG006272,P038502,929.484,1467.372,BS000203,BS000094,54,8,8,54,1
PG006267,P038450,1487.372,2287.304,BS000296,BS000012,81,15,15,81,1
PG006273,P038502,1487.372,2287.304,BS000296,BS000012,81,15,15,81,1
PG006274,P038535,749.484,1142.083,BS000203,BS000098,40,8,8,40,1
PG006278,P038826,749.484,1142.083,BS000203,BS000098,40,8,8,40,1
PG006275,P038535,1142.083,1746.53,BS000098,BS000014,61,8,8,61,1
PG006279,P038826,1142.083,1746.53,BS000098,BS000014,61,8,8,61,1
PG006276,P038817,899.484,1436.083,BS000203,BS000098,54,8,8,54,1
PG006280,P039072,929.484,1466.083,BS000203,BS000098,54,8,8,54,1
PG006277,P038817,1436.083,2076.53,BS000098,BS000014,65,8,8,65,1
PG006281,P039072,1466.083,2142.53,BS000098,BS000014,68,8,8,68,1
PG006282,P039153,743.175,1195.576,BS000208,BS000299,46,12,12,46,1
PG006283,P039153,1579.965,1984.106,BS000103,BS000204,41,8,8,41,1
PG006284,P039684,1006.685,1096.685,BS000300,BS000301,8,2,2,8,1
PG006286,P039690,1006.685,1096.685,BS000300,BS000301,8,2,2,8,1
PG006288,P039698,1036.685,1126.685,BS000300,BS000301,8,2,2,8,1
PG006290,P039704,1036.685,1126.685,BS000300,BS000301,8,2,2,8,1
PG006292,P039754,1006.685,1096.685,BS000300,BS000301,8,2,2,8,1
PG006294,P039760,1006.685,1096.685,BS000300,BS000301,8,2,2,8,1
PG006296,P039768,1036.685,1126.685,BS000300,BS000301,8,2,2,8,1
PG006298,P039774,1036.685,1126.685,BS000300,BS000301,8,2,2,8,1
PG006300,P039782,1066.685,1156.685,BS000300,BS000301,8,2,2,8,1
PG006302,P039788,1066.685,1156.685,BS000300,BS000301,8,2,2,8,1
PG006304,P039838,1006.685,1096.685,BS000300,BS000301,8,2,2,8,1
PG006308,P039844,1006.685,1096.685,BS000300,BS000301,8,2,2,8,1
PG006310,P039852,1036.685,1126.685,BS000300,BS000301,8,2,2,8,1
PG006312,P039858,1036.685,1126.685,BS000300,BS000301,8,2,2,8,1
PG006314,P039866,1066.685,1156.685,BS000300,BS000301,8,2,2,8,1
PG006316,P039872,1066.685,1156.685,BS000300,BS000301,8,2,2,8,1
PG006318,P039922,1036.685,1126.685,BS000300,BS000301,8,2,2,8,1
PG006320,P039928,1036.685,1126.685,BS000300,BS000301,8,2,2,8,1
PG006324,P039996,1192.685,1282.685,BS000300,BS000301,8,2,2,8,1
PG006328,P040010,1006.685,1096.685,BS000300,BS000301,8,2,2,8,1
PG006332,P040254,1258.685,1348.685,BS000300,BS000301,8,2,2,8,1
PG006285,P039684,1106.685,1509.041,BS000302,BS000204,41,8,8,41,1
PG006287,P039690,1106.685,1509.041,BS000302,BS000204,41,8,8,41,1
PG006293,P039754,1106.685,1509.041,BS000302,BS000204,41,8,8,41,1
PG006295,P039760,1106.685,1509.041,BS000302,BS000204,41,8,8,41,1
PG006305,P039838,1106.685,1509.041,BS000302,BS000204,41,8,8,41,1
PG006309,P039844,1106.685,1509.041,BS000302,BS000204,41,8,8,41,1
PG006329,P040010,1106.685,1509.041,BS000302,BS000204,41,8,8,41,1
PG006289,P039698,1136.685,1575.041,BS000302,BS000204,45,8,8,45,1
PG006291,P039704,1136.685,1575.041,BS000302,BS000204,45,8,8,45,1
PG006297,P039768,1136.685,1575.041,BS000302,BS000204,45,8,8,45,1
PG006299,P039774,1136.685,1575.041,BS000302,BS000204,45,8,8,45,1
PG006311,P039852,1136.685,1575.041,BS000302,BS000204,45,8,8,45,1
PG006313,P039858,1136.685,1575.041,BS000302,BS000204,45,8,8,45,1
PG006319,P039922,1136.685,1575.041,BS000302,BS000204,45,8,8,45,1
PG006321,P039928,1136.685,1575.041,BS000302,BS000204,45,8,8,45,1
PG006301,P039782,1166.685,1641.041,BS000302,BS000204,48,8,8,48,1
PG006303,P039788,1166.685,1641.041,BS000302,BS000204,48,8,8,48,1
PG006315,P039866,1166.685,1641.041,BS000302,BS000204,48,8,8,48,1
PG006317,P039872,1166.685,1641.041,BS000302,BS000204,48,8,8,48,1
PG006306,P039843,749.484,1145.677,BS000203,BS000303,41,8,8,41,1
PG006326,P040009,749.484,1145.677,BS000203,BS000303,41,8,8,41,1
PG006307,P039843,1155.677,1235.677,BS000304,BS000305,7,2,2,7,1
PG006323,P039995,1449.677,1529.677,BS000304,BS000305,7,2,2,7,1
PG006327,P040009,1155.677,1235.677,BS000304,BS000305,7,2,2,7,1
PG006331,P040253,1479.677,1559.677,BS000304,BS000305,7,2,2,7,1
PG006322,P039995,899.484,1439.677,BS000203,BS000303,55,8,8,55,1
PG006330,P040253,929.484,1469.677,BS000203,BS000303,55,8,8,55,1
PG006325,P039996,1292.685,1839.041,BS000302,BS000204,55,8,8,55,1
PG006333,P040254,1358.685,1905.041,BS000302,BS000204,55,8,8,55,1
PG006334,P040335,749.484,1142.083,BS000203,BS000098,40,8,8,40,1
PG006338,P040337,749.484,1142.083,BS000203,BS000098,40,8,8,40,1
PG006342,P040339,779.484,1172.083,BS000203,BS000098,40,8,8,40,1
PG006346,P040341,749.484,1142.083,BS000203,BS000098,40,8,8,40,1
PG006350,P040343,779.484,1172.083,BS000203,BS000098,40,8,8,40,1
PG006335,P040335,1142.083,2067.596,BS000098,BS000211,94,15,15,94,1
PG006339,P040337,1142.083,2067.596,BS000098,BS000211,94,15,15,94,1
PG006347,P040341,1142.083,2067.596,BS000098,BS000211,94,15,15,94,1
PG006336,P040336,734.24,1653.725,BS000210,BS000306,93,15,15,93,1
PG006340,P040338,734.24,1653.725,BS000210,BS000306,93,15,15,93,1
PG006348,P040342,734.24,1653.725,BS000210,BS000306,93,15,15,93,1
PG006337,P040336,1657.957,2060.803,BS000100,BS000204,41,8,8,41,1
PG006341,P040338,1657.957,2060.803,BS000100,BS000204,41,8,8,41,1
PG006345,P040340,1723.957,2126.803,BS000100,BS000204,41,8,8,41,1
PG006349,P040342,1657.957,2060.803,BS000100,BS000204,41,8,8,41,1
PG006353,P040344,1723.957,2126.803,BS000100,BS000204,41,8,8,41,1
PG006343,P040339,1172.083,2133.596,BS000098,BS000211,98,15,15,98,1
PG006351,P040343,1172.083,2133.596,BS000098,BS000211,98,15,15,98,1
PG006344,P040340,764.24,1719.725,BS000210,BS000306,97,15,15,97,1
PG006352,P040344,764.24,1719.725,BS000210,BS000306,97,15,15,97,1
PG006354,P041190,929.484,1468.657,BS000203,BS000354,54,8,8,54,1
PG006360,P041216,929.484,1468.657,BS000203,BS000354,54,8,8,54,1
PG006355,P041190,1470.435,1530.435,BS000110,BS000307,5,2,2,5,1
PG006361,P041216,1470.435,1530.435,BS000110,BS000307,5,2,2,5,1
PG006356,P041190,1550.435,1570.435,BS000112,BS000308,1,1,1,1,1
PG006362,P041216,1550.435,1570.435,BS000112,BS000308,1,1,1,1,1
PG006357,P041190,1580.435,1600.435,BS000309,BS000310,1,2,2,1,1
PG006363,P041216,1580.435,1600.435,BS000309,BS000310,1,2,2,1,1
PG006358,P041190,1600.435,1690.435,BS000310,BS000311,8,3,3,8,1
PG006364,P041216,1600.435,1690.435,BS000310,BS000311,8,3,3,8,1
PG006359,P041190,1690.435,2206.427,BS000311,BS000213,52,9,9,52,1
PG006365,P041216,1690.435,2206.427,BS000311,BS000213,52,9,9,52,1
PG006366,P041221,805.699,1513.655,BS000214,BS000316,73,4,4,73,1
PG006368,P041225,805.699,1513.655,BS000214,BS000316,73,4,4,73,1
PG006370,P041231,805.699,1513.655,BS000214,BS000316,73,4,4,73,1
PG006372,P041235,805.699,1513.655,BS000214,BS000316,73,4,4,73,1
PG006374,P041241,805.699,1513.655,BS000214,BS000316,73,4,4,73,1
PG006376,P041246,805.699,1513.655,BS000214,BS000316,73,4,4,73,1
PG006378,P041263,805.699,1513.655,BS000214,BS000316,73,4,4,73,1
PG006380,P041268,805.699,1513.655,BS000214,BS000316,73,4,4,73,1
PG006367,P041221,1997.336,2399.845,BS000360,BS000204,41,8,8,41,1
PG006369,P041225,1997.336,2399.845,BS000360,BS000204,41,8,8,41,1
PG006371,P041231,1997.336,2399.845,BS000360,BS000204,41,8,8,41,1
PG006373,P041235,1997.336,2399.845,BS000360,BS000204,41,8,8,41,1
PG006375,P041241,1997.336,2399.845,BS000360,BS000204,41,8,8,41,1
PG006377,P041246,1997.336,2399.845,BS000360,BS000204,41,8,8,41,1
PG006379,P041263,1997.336,2399.845,BS000360,BS000204,41,8,8,41,1
PG006381,P041268,1997.336,2399.845,BS000360,BS000204,41,8,8,41,1
PG006382,P041932,929.484,1468.657,BS000203,BS000354,54,8,8,54,1
PG006384,P041958,929.484,1468.657,BS000203,BS000354,54,8,8,54,1
PG006383,P041932,1688.103,2357.054,BS000130,BS000217,67,15,15,67,1
PG006385,P041958,1688.103,2357.054,BS000130,BS000217,67,15,15,67,1
PG006386,P044479,1417.301,1475.067,BS000321,BS000132,5,10,10,5,1
PG006388,P044481,1417.301,1475.067,BS000321,BS000132,5,10,10,5,1
PG006390,P044483,1447.301,1505.067,BS000321,BS000132,5,10,10,5,1
PG006394,P044521,1453.301,1511.067,BS000321,BS000132,5,10,10,5,1
PG006396,P044523,1453.301,1511.067,BS000321,BS000132,5,10,10,5,1
PG006398,P044531,1453.301,1511.067,BS000321,BS000132,5,10,10,5,1
PG006400,P044533,1483.301,1541.067,BS000321,BS000132,5,10,10,5,1
PG006404,P044535,1483.301,1541.067,BS000321,BS000132,5,10,10,5,1
PG006408,P044593,1417.301,1475.067,BS000321,BS000132,5,10,10,5,1
PG006410,P044595,1417.301,1475.067,BS000321,BS000132,5,10,10,5,1
PG006412,P044597,1447.301,1505.067,BS000321,BS000132,5,10,10,5,1
PG006416,P044635,1453.301,1511.067,BS000321,BS000132,5,10,10,5,1
PG006418,P044637,1453.301,1511.067,BS000321,BS000132,5,10,10,5,1
PG006420,P044645,1453.301,1511.067,BS000321,BS000132,5,10,10,5,1
PG006422,P044647,1483.301,1541.067,BS000321,BS000132,5,10,10,5,1
PG006426,P044649,1483.301,1541.067,BS000321,BS000132,5,10,10,5,1
PG006430,P044675,1519.301,1577.067,BS000321,BS000132,5,10,10,5,1
PG006387,P044479,1485.067,2025.387,BS000361,BS000010,55,8,8,55,1
PG006389,P044481,1485.067,2025.387,BS000361,BS000010,55,8,8,55,1
PG006401,P044533,1551.067,2091.387,BS000361,BS000010,55,8,8,55,1
PG006405,P044535,1551.067,2091.387,BS000361,BS000010,55,8,8,55,1
PG006409,P044593,1485.067,2025.387,BS000361,BS000010,55,8,8,55,1
PG006411,P044595,1485.067,2025.387,BS000361,BS000010,55,8,8,55,1
PG006423,P044647,1551.067,2091.387,BS000361,BS000010,55,8,8,55,1
PG006427,P044649,1551.067,2091.387,BS000361,BS000010,55,8,8,55,1
PG006391,P044483,1515.067,2091.387,BS000361,BS000010,58,8,8,58,1
PG006413,P044597,1515.067,2091.387,BS000361,BS000010,58,8,8,58,1
PG006392,P044484,983.709,1557.701,BS000205,BS000362,58,8,8,58,1
PG006414,P044598,983.709,1557.701,BS000205,BS000362,58,8,8,58,1
PG006393,P044484,1564.445,1624.445,BS000134,BS000320,5,8,8,5,1
PG006403,P044534,1528.445,1588.445,BS000134,BS000320,5,8,8,5,1
PG006407,P044536,1528.445,1588.445,BS000134,BS000320,5,8,8,5,1
PG006415,P044598,1564.445,1624.445,BS000134,BS000320,5,8,8,5,1
PG006425,P044648,1528.445,1588.445,BS000134,BS000320,5,8,8,5,1
PG006429,P044650,1528.445,1588.445,BS000134,BS000320,5,8,8,5,1
PG006395,P044521,1521.067,2025.387,BS000361,BS000010,51,8,8,51,1
PG006397,P044523,1521.067,2025.387,BS000361,BS000010,51,8,8,51,1
PG006399,P044531,1521.067,2025.387,BS000361,BS000010,51,8,8,51,1
PG006417,P044635,1521.067,2025.387,BS000361,BS000010,51,8,8,51,1
PG006419,P044637,1521.067,2025.387,BS000361,BS000010,51,8,8,51,1
PG006421,P044645,1521.067,2025.387,BS000361,BS000010,51,8,8,51,1
PG006431,P044675,1587.067,2091.387,BS000361,BS000010,51,8,8,51,1
PG006402,P044534,983.709,1521.701,BS000205,BS000362,55,8,8,55,1
PG006406,P044536,983.709,1521.701,BS000205,BS000362,55,8,8,55,1
PG006424,P044648,983.709,1521.701,BS000205,BS000362,55,8,8,55,1
PG006428,P044650,983.709,1521.701,BS000205,BS000362,55,8,8,55,1
PG006432,P044860,686.212,1199.766,BS000207,BS000137,53,8,8,53,1
PG006433,P044862,686.212,1199.766,BS000207,BS000137,53,8,8,53,1
PG006434,P044866,686.212,1199.766,BS000207,BS000137,53,8,8,53,1
PG006435,P044874,716.212,1229.766,BS000207,BS000137,53,8,8,53,1
PG006436,P044876,716.212,1229.766,BS000207,BS000137,53,8,8,53,1
PG006437,P044880,716.212,1229.766,BS000207,BS000137,53,8,8,53,1
PG006438,P044888,686.212,1199.766,BS000207,BS000137,53,8,8,53,1
PG006439,P044890,686.212,1199.766,BS000207,BS000137,53,8,8,53,1
PG006440,P044894,686.212,1199.766,BS000207,BS000137,53,8,8,53,1
PG006441,P044902,716.212,1229.766,BS000207,BS000137,53,8,8,53,1
PG006442,P044904,716.212,1229.766,BS000207,BS000137,53,8,8,53,1
PG006443,P044908,716.212,1229.766,BS000207,BS000137,53,8,8,53,1
PG006444,P044919,746.212,1259.766,BS000207,BS000137,53,8,8,53,1
PG006445,P044924,686.212,1199.766,BS000207,BS000137,53,8,8,53,1
PG006446,P044926,686.212,1199.766,BS000207,BS000137,53,8,8,53,1
PG006447,P044930,686.212,1199.766,BS000207,BS000137,53,8,8,53,1
PG006448,P044938,716.212,1229.766,BS000207,BS000137,53,8,8,53,1
PG006449,P044940,716.212,1229.766,BS000207,BS000137,53,8,8,53,1
PG006450,P044944,716.212,1229.766,BS000207,BS000137,53,8,8,53,1
PG006451,P044952,746.212,1259.766,BS000207,BS000137,53,8,8,53,1
PG006452,P044954,746.212,1259.766,BS000207,BS000137,53,8,8,53,1
PG006453,P044957,746.212,1259.766,BS000207,BS000137,53,8,8,53,1
PG006454,P044964,716.212,1229.766,BS000207,BS000137,53,8,8,53,1
PG006455,P044966,716.212,1229.766,BS000207,BS000137,53,8,8,53,1
PG006456,P045396,1426.446,1834.177,BS000323,BS000209,42,12,12,42,1
PG006457,P045398,1426.446,1834.177,BS000323,BS000209,42,12,12,42,1
PG006458,P045402,1426.446,1834.177,BS000323,BS000209,42,12,12,42,1
PG006459,P045410,1492.446,1900.177,BS000323,BS000209,42,12,12,42,1
PG006460,P045412,1492.446,1900.177,BS000323,BS000209,42,12,12,42,1
PG006461,P045416,1492.446,1900.177,BS000323,BS000209,42,12,12,42,1
PG006462,P045424,1426.446,1834.177,BS000323,BS000209,42,12,12,42,1
PG006463,P045426,1426.446,1834.177,BS000323,BS000209,42,12,12,42,1
PG006464,P045430,1426.446,1834.177,BS000323,BS000209,42,12,12,42,1
PG006465,P045438,1492.446,1900.177,BS000323,BS000209,42,12,12,42,1
PG006466,P045440,1492.446,1900.177,BS000323,BS000209,42,12,12,42,1
PG006467,P045444,1492.446,1900.177,BS000323,BS000209,42,12,12,42,1
PG006468,P045463,1426.446,1834.177,BS000323,BS000209,42,12,12,42,1
PG006469,P045465,1426.446,1834.177,BS000323,BS000209,42,12,12,42,1
PG006470,P045469,1426.446,1834.177,BS000323,BS000209,42,12,12,42,1
PG006471,P045477,1492.446,1900.177,BS000323,BS000209,42,12,12,42,1
PG006472,P045479,1492.446,1900.177,BS000323,BS000209,42,12,12,42,1
PG006473,P045483,1492.446,1900.177,BS000323,BS000209,42,12,12,42,1
PG006474,P045505,1492.446,1900.177,BS000323,BS000209,42,12,12,42,1
PG006475,P045507,1492.446,1900.177,BS000323,BS000209,42,12,12,42,1
PG006476,P045511,1492.446,1900.177,BS000323,BS000209,42,12,12,42,1
PG006477,P045540,1426.446,1834.177,BS000323,BS000209,42,12,12,42,1
PG006478,P045542,1426.446,1834.177,BS000323,BS000209,42,12,12,42,1
PG006479,P045546,1426.446,1834.177,BS000323,BS000209,42,12,12,42,1
PG006480,P045683,1720.446,2164.177,BS000323,BS000209,46,12,12,46,1
PG006481,P045840,1750.446,2230.177,BS000323,BS000209,49,12,12,49,1
PG006482,P045913,1750.446,2230.177,BS000323,BS000209,49,12,12,49,1
PG006483,P045950,1750.446,2230.177,BS000323,BS000209,49,12,12,49,1
PG006484,P045973,1750.446,2230.177,BS000323,BS000209,49,12,12,49,1
PG006485,P046632,728.593,1108.569,BS000212,BS000326,39,5,5,39,1
PG006486,P046634,728.593,1108.569,BS000212,BS000326,39,5,5,39,1
PG006487,P046638,728.593,1108.569,BS000212,BS000326,39,5,5,39,1
PG006488,P046646,758.593,1138.569,BS000212,BS000326,39,5,5,39,1
PG006489,P046648,758.593,1138.569,BS000212,BS000326,39,5,5,39,1
PG006490,P046652,758.593,1138.569,BS000212,BS000326,39,5,5,39,1
PG006491,P046660,728.593,1108.569,BS000212,BS000326,39,5,5,39,1
PG006492,P046662,728.593,1108.569,BS000212,BS000326,39,5,5,39,1
PG006493,P046666,728.593,1108.569,BS000212,BS000326,39,5,5,39,1
PG006494,P046674,758.593,1138.569,BS000212,BS000326,39,5,5,39,1
PG006495,P046676,758.593,1138.569,BS000212,BS000326,39,5,5,39,1
PG006496,P046680,758.593,1138.569,BS000212,BS000326,39,5,5,39,1
PG006497,P046688,788.593,1168.569,BS000212,BS000326,39,5,5,39,1
PG006498,P046690,788.593,1168.569,BS000212,BS000326,39,5,5,39,1
PG006499,P046693,788.593,1168.569,BS000212,BS000326,39,5,5,39,1
PG006500,P046699,728.593,1108.569,BS000212,BS000326,39,5,5,39,1
PG006501,P046701,728.593,1108.569,BS000212,BS000326,39,5,5,39,1
PG006502,P046705,728.593,1108.569,BS000212,BS000326,39,5,5,39,1
PG006503,P046713,758.593,1138.569,BS000212,BS000326,39,5,5,39,1
PG006504,P046715,758.593,1138.569,BS000212,BS000326,39,5,5,39,1
PG006505,P046719,758.593,1138.569,BS000212,BS000326,39,5,5,39,1
PG006506,P046727,788.593,1168.569,BS000212,BS000326,39,5,5,39,1
PG006507,P046729,788.593,1168.569,BS000212,BS000326,39,5,5,39,1
PG006508,P046733,788.593,1168.569,BS000212,BS000326,39,5,5,39,1
PG006509,P046919,1694.825,2115.381,BS000325,BS000213,43,5,5,43,1
PG006510,P047153,1724.825,2181.381,BS000325,BS000213,46,5,5,46,1
PG006511,P047190,1724.825,2181.381,BS000325,BS000213,46,5,5,46,1
PG006512,P047213,1724.825,2181.381,BS000325,BS000213,46,5,5,46,1
PG006513,P047220,805.699,1445.165,BS000214,BS000328,66,4,4,66,1
PG006514,P047222,805.699,1445.165,BS000214,BS000328,66,4,4,66,1
PG006515,P047226,805.699,1445.165,BS000214,BS000328,66,4,4,66,1
PG006516,P047234,835.699,1475.165,BS000214,BS000328,66,4,4,66,1
PG006517,P047236,835.699,1475.165,BS000214,BS000328,66,4,4,66,1
PG006518,P047239,835.699,1475.165,BS000214,BS000328,66,4,4,66,1
PG006519,P047245,805.699,1445.165,BS000214,BS000328,66,4,4,66,1
PG006520,P047247,805.699,1445.165,BS000214,BS000328,66,4,4,66,1
PG006521,P047251,805.699,1445.165,BS000214,BS000328,66,4,4,66,1
PG006522,P047259,835.699,1475.165,BS000214,BS000328,66,4,4,66,1
PG006523,P047261,835.699,1475.165,BS000214,BS000328,66,4,4,66,1
PG006524,P047264,835.699,1475.165,BS000214,BS000328,66,4,4,66,1
PG006525,P047275,805.699,1445.165,BS000214,BS000328,66,4,4,66,1
PG006526,P047277,805.699,1445.165,BS000214,BS000328,66,4,4,66,1
PG006527,P047281,805.699,1445.165,BS000214,BS000328,66,4,4,66,1
PG006528,P047289,835.699,1475.165,BS000214,BS000328,66,4,4,66,1
PG006529,P047291,835.699,1475.165,BS000214,BS000328,66,4,4,66,1
PG006530,P047295,835.699,1475.165,BS000214,BS000328,66,4,4,66,1
PG006531,P047306,865.699,1505.165,BS000214,BS000328,66,4,4,66,1
PG006532,P047311,835.699,1475.165,BS000214,BS000328,66,4,4,66,1
PG006533,P047313,835.699,1475.165,BS000214,BS000328,66,4,4,66,1
PG006534,P047645,1753.821,2468.22,BS000327,BS000215,72,4,4,72,1
PG006535,P047972,1527.661,2170.482,BS000363,BS000217,65,15,15,65,1
PG006540,P048292,1593.661,2236.482,BS000363,BS000217,65,15,15,65,1
PG006536,P048140,1557.661,2236.482,BS000363,BS000217,68,15,15,68,1
PG006537,P048220,1557.661,2236.482,BS000363,BS000217,68,15,15,68,1
PG006538,P048261,1557.661,2236.482,BS000363,BS000217,68,15,15,68,1
PG006539,P048288,1557.661,2236.482,BS000363,BS000217,68,15,15,68,1
PG006541,P049382,1093.336,1518.7,BS000332,BS000010,43,8,8,43,1
PG006542,P049388,1093.336,1518.7,BS000332,BS000010,43,8,8,43,1
PG006543,P049424,1093.336,1518.7,BS000332,BS000010,43,8,8,43,1
PG006544,P049430,1093.336,1518.7,BS000332,BS000010,43,8,8,43,1
PG006547,P049480,1093.336,1518.7,BS000332,BS000010,43,8,8,43,1
PG006548,P049486,1093.336,1518.7,BS000332,BS000010,43,8,8,43,1
PG006545,P049438,1123.336,1584.7,BS000332,BS000010,47,8,8,47,1
PG006546,P049444,1123.336,1584.7,BS000332,BS000010,47,8,8,47,1
PG006549,P049494,1123.336,1584.7,BS000332,BS000010,47,8,8,47,1
PG006550,P049500,1123.336,1584.7,BS000332,BS000010,47,8,8,47,1
PG006551,P049536,1123.336,1584.7,BS000332,BS000010,47,8,8,47,1
PG006552,P049542,1123.336,1584.7,BS000332,BS000010,47,8,8,47,1
PG006553,P049550,1153.336,1650.7,BS000332,BS000010,50,8,8,50,1
PG006554,P049556,1153.336,1650.7,BS000332,BS000010,50,8,8,50,1
PG006555,P050174,773.709,1203.701,BS000205,BS000362,44,8,8,44,1
PG006557,P050175,773.709,1203.701,BS000205,BS000362,44,8,8,44,1
PG006559,P050176,773.709,1203.701,BS000205,BS000362,44,8,8,44,1
PG006563,P050178,773.709,1203.701,BS000205,BS000362,44,8,8,44,1
PG006569,P050184,773.709,1203.701,BS000205,BS000362,44,8,8,44,1
PG006556,P050174,1746.643,2378.784,BS000334,BS000215,64,3,3,64,1
PG006558,P050175,1746.643,2378.784,BS000334,BS000215,64,3,3,64,1
PG006560,P050176,1746.643,2378.784,BS000334,BS000215,64,3,3,64,1
PG006564,P050178,1746.643,2378.784,BS000334,BS000215,64,3,3,64,1
PG006570,P050184,1746.643,2378.784,BS000334,BS000215,64,3,3,64,1
PG006561,P050177,805.699,1444.842,BS000214,BS000335,66,3,3,66,1
PG006565,P050179,805.699,1444.842,BS000214,BS000335,66,3,3,66,1
PG006567,P050183,805.699,1444.842,BS000214,BS000335,66,3,3,66,1
PG006571,P050185,805.699,1444.842,BS000214,BS000335,66,3,3,66,1
PG006562,P050177,1979.677,2417.244,BS000336,BS000010,44,8,8,44,1
PG006566,P050179,1979.677,2417.244,BS000336,BS000010,44,8,8,44,1
PG006568,P050183,1979.677,2417.244,BS000336,BS000010,44,8,8,44,1
PG006572,P050185,1979.677,2417.244,BS000336,BS000010,44,8,8,44,1
PG006573,P050191,773.709,1733.155,BS000205,BS000217,99,14,14,99,1
PG006575,P050193,773.709,1733.155,BS000205,BS000217,99,14,14,99,1
PG006579,P050197,773.709,1733.155,BS000205,BS000217,99,14,14,99,1
PG006574,P050192,797.64,1762.087,BS000216,BS000010,99,14,14,99,1
PG006576,P050194,797.64,1762.087,BS000216,BS000010,99,14,14,99,1
PG006580,P050198,797.64,1762.087,BS000216,BS000010,99,14,14,99,1
PG006577,P050195,803.709,1799.155,BS000205,BS000217,103,14,14,103,1
PG006581,P050199,803.709,1799.155,BS000205,BS000217,103,14,14,103,1
PG006578,P050196,827.64,1828.087,BS000216,BS000010,103,14,14,103,1
PG006582,P050200,827.64,1828.087,BS000216,BS000010,103,14,14,103,1
PG006583,P050595,923.709,2063.155,BS000205,BS000217,117,14,14,117,1
PG006584,P050623,953.709,2129.155,BS000205,BS000217,120,14,14,120,1
PG006585,P050624,977.64,2158.087,BS000216,BS000010,120,14,14,120,1
PG006586,P050790,738.084,1472.526,BS000206,BS000338,75,15,15,75,1
PG006590,P050796,738.084,1472.526,BS000206,BS000338,75,15,15,75,1
PG006595,P050804,738.084,1472.526,BS000206,BS000338,75,15,15,75,1
PG006599,P050810,738.084,1472.526,BS000206,BS000338,75,15,15,75,1
PG006604,P050832,738.084,1472.526,BS000206,BS000338,75,15,15,75,1
PG006608,P050838,738.084,1472.526,BS000206,BS000338,75,15,15,75,1
PG006615,P050886,738.084,1472.526,BS000206,BS000338,75,15,15,75,1
PG006619,P050892,738.084,1472.526,BS000206,BS000338,75,15,15,75,1
PG006630,P050992,738.084,1472.526,BS000206,BS000338,75,15,15,75,1
PG006634,P050998,738.084,1472.526,BS000206,BS000338,75,15,15,75,1
PG006587,P050791,1162.832,1877.192,BS000337,BS000012,73,15,15,73,1
PG006588,P050793,1162.832,1877.192,BS000337,BS000012,73,15,15,73,1
PG006589,P050795,1228.832,1943.192,BS000337,BS000012,73,15,15,73,1
PG006591,P050797,1162.832,1877.192,BS000337,BS000012,73,15,15,73,1
PG006592,P050799,1228.832,1943.192,BS000337,BS000012,73,15,15,73,1
PG006593,P050801,1228.832,1943.192,BS000337,BS000012,73,15,15,73,1
PG006594,P050803,1294.832,2009.192,BS000337,BS000012,73,15,15,73,1
PG006596,P050805,1162.832,1877.192,BS000337,BS000012,73,15,15,73,1
PG006597,P050807,1162.832,1877.192,BS000337,BS000012,73,15,15,73,1
PG006598,P050809,1228.832,1943.192,BS000337,BS000012,73,15,15,73,1
PG006600,P050811,1162.832,1877.192,BS000337,BS000012,73,15,15,73,1
PG006601,P050813,1228.832,1943.192,BS000337,BS000012,73,15,15,73,1
PG006602,P050815,1228.832,1943.192,BS000337,BS000012,73,15,15,73,1
PG006603,P050817,1294.832,2009.192,BS000337,BS000012,73,15,15,73,1
PG006605,P050833,1162.832,1877.192,BS000337,BS000012,73,15,15,73,1
PG006606,P050835,1162.832,1877.192,BS000337,BS000012,73,15,15,73,1
PG006607,P050837,1228.832,1943.192,BS000337,BS000012,73,15,15,73,1
PG006609,P050839,1162.832,1877.192,BS000337,BS000012,73,15,15,73,1
PG006610,P050841,1228.832,1943.192,BS000337,BS000012,73,15,15,73,1
PG006611,P050843,1228.832,1943.192,BS000337,BS000012,73,15,15,73,1
PG006612,P050845,1294.832,2009.192,BS000337,BS000012,73,15,15,73,1
PG006616,P050887,1162.832,1877.192,BS000337,BS000012,73,15,15,73,1
PG006617,P050889,1162.832,1877.192,BS000337,BS000012,73,15,15,73,1
PG006618,P050891,1228.832,1943.192,BS000337,BS000012,73,15,15,73,1
PG006620,P050893,1162.832,1877.192,BS000337,BS000012,73,15,15,73,1
PG006621,P050895,1228.832,1943.192,BS000337,BS000012,73,15,15,73,1
PG006622,P050897,1228.832,1943.192,BS000337,BS000012,73,15,15,73,1
PG006623,P050899,1294.832,2009.192,BS000337,BS000012,73,15,15,73,1
PG006631,P050993,1162.832,1877.192,BS000337,BS000012,73,15,15,73,1
PG006632,P050995,1162.832,1877.192,BS000337,BS000012,73,15,15,73,1
PG006633,P050997,1228.832,1943.192,BS000337,BS000012,73,15,15,73,1
PG006635,P050999,1162.832,1877.192,BS000337,BS000012,73,15,15,73,1
PG006636,P051001,1228.832,1943.192,BS000337,BS000012,73,15,15,73,1
PG006637,P051003,1228.832,1943.192,BS000337,BS000012,73,15,15,73,1
PG006638,P051005,1294.832,2009.192,BS000337,BS000012,73,15,15,73,1
PG006613,P050847,1192.832,1943.192,BS000337,BS000012,77,15,15,77,1
PG006614,P050853,1192.832,1943.192,BS000337,BS000012,77,15,15,77,1
PG006624,P050901,1192.832,1943.192,BS000337,BS000012,77,15,15,77,1
PG006625,P050907,1192.832,1943.192,BS000337,BS000012,77,15,15,77,1
PG006626,P050941,1192.832,1943.192,BS000337,BS000012,77,15,15,77,1
PG006627,P050947,1192.832,1943.192,BS000337,BS000012,77,15,15,77,1
PG006639,P051013,1192.832,1943.192,BS000337,BS000012,77,15,15,77,1
PG006640,P051027,1192.832,1943.192,BS000337,BS000012,77,15,15,77,1
PG006641,P051054,1192.832,1943.192,BS000337,BS000012,77,15,15,77,1
PG006642,P051108,1192.832,1943.192,BS000337,BS000012,77,15,15,77,1
PG006628,P050955,1222.832,2009.192,BS000337,BS000012,80,15,15,80,1
PG006629,P050961,1222.832,2009.192,BS000337,BS000012,80,15,15,80,1
PG006643,P051203,1414.832,2273.192,BS000337,BS000012,87,15,15,87,1
PG006644,P051438,686.212,1206.52,BS000207,BS000340,54,8,8,54,1
PG006647,P051480,686.212,1206.52,BS000207,BS000340,54,8,8,54,1
PG006645,P051438,1276.52,1316.52,BS000161,BS000162,3,5,5,3,1
PG006648,P051480,1276.52,1316.52,BS000161,BS000162,3,5,5,3,1
PG006646,P051438,1366.52,1836.909,BS000341,BS000209,48,12,12,48,1
PG006649,P051480,1366.52,1836.909,BS000341,BS000209,48,12,12,48,1
PG006650,P051549,1053.933,1606.519,BS000342,BS000014,56,8,8,56,1
PG006651,P051553,1119.933,1672.519,BS000342,BS000014,56,8,8,56,1
PG006652,P051555,1053.933,1606.519,BS000342,BS000014,56,8,8,56,1
PG006653,P051557,1119.933,1672.519,BS000342,BS000014,56,8,8,56,1
PG006654,P051559,1119.933,1672.519,BS000342,BS000014,56,8,8,56,1
PG006655,P051561,1185.933,1738.519,BS000342,BS000014,56,8,8,56,1
PG006656,P051634,686.212,1855.523,BS000207,BS000211,121,15,15,121,1
PG006657,P051676,686.212,1855.523,BS000207,BS000211,121,15,15,121,1
PG006658,P051732,686.212,1642.127,BS000207,BS000213,99,9,9,99,1
PG006659,P051774,686.212,1642.127,BS000207,BS000213,99,9,9,99,1
PG006660,P051830,686.212,1214.447,BS000207,BS000343,54,8,8,54,1
PG006662,P051872,686.212,1214.447,BS000207,BS000343,54,8,8,54,1
PG006661,P051830,1404.447,2119.908,BS000344,BS000215,73,4,4,73,1
PG006663,P051872,1404.447,2119.908,BS000344,BS000215,73,4,4,73,1
PG006664,P051925,686.212,1206.268,BS000207,BS000346,54,8,8,54,1
PG006666,P051963,686.212,1206.268,BS000207,BS000346,54,8,8,54,1
PG006665,P051925,1486.268,2068.617,BS000347,BS000217,59,12,12,59,1
PG006667,P051963,1486.268,2068.617,BS000347,BS000217,59,12,12,59,1
PG006668,P052025,1282.483,1705.876,BS000177,BS000209,44,12,12,44,1
PG006669,P052029,1348.483,1771.876,BS000177,BS000209,44,12,12,44,1
PG006670,P052031,1282.483,1705.876,BS000177,BS000209,44,12,12,44,1
PG006671,P052033,1348.483,1771.876,BS000177,BS000209,44,12,12,44,1
PG006672,P052035,1348.483,1771.876,BS000177,BS000209,44,12,12,44,1
PG006673,P052037,1414.483,1837.876,BS000177,BS000209,44,12,12,44,1
PG006674,P052206,743.175,1594.145,BS000208,BS000213,88,9,9,88,1
PG006676,P052208,743.175,1594.145,BS000208,BS000213,88,9,9,88,1
PG006678,P052212,743.175,1594.145,BS000208,BS000213,88,9,9,88,1
PG006680,P052220,743.175,1594.145,BS000208,BS000213,88,9,9,88,1
PG006682,P052222,743.175,1594.145,BS000208,BS000213,88,9,9,88,1
PG006684,P052226,743.175,1594.145,BS000208,BS000213,88,9,9,88,1
PG006686,P052248,743.175,1594.145,BS000208,BS000213,88,9,9,88,1
PG006688,P052250,743.175,1594.145,BS000208,BS000213,88,9,9,88,1
PG006690,P052254,743.175,1594.145,BS000208,BS000213,88,9,9,88,1
PG006675,P052207,728.593,1570.602,BS000212,BS000209,88,9,9,88,1
PG006677,P052209,728.593,1570.602,BS000212,BS000209,88,9,9,88,1
PG006679,P052213,728.593,1570.602,BS000212,BS000209,88,9,9,88,1
PG006681,P052221,728.593,1570.602,BS000212,BS000209,88,9,9,88,1
PG006683,P052223,728.593,1570.602,BS000212,BS000209,88,9,9,88,1
PG006685,P052227,728.593,1570.602,BS000212,BS000209,88,9,9,88,1
PG006687,P052249,728.593,1570.602,BS000212,BS000209,88,9,9,88,1
PG006689,P052251,728.593,1570.602,BS000212,BS000209,88,9,9,88,1
PG006691,P052255,728.593,1570.602,BS000212,BS000209,88,9,9,88,1
PG006692,P052268,773.175,1660.145,BS000208,BS000213,92,9,9,92,1
PG006693,P052282,773.175,1660.145,BS000208,BS000213,92,9,9,92,1
PG006694,P052283,758.593,1636.602,BS000212,BS000209,92,9,9,92,1
PG006695,P052304,743.175,1757.026,BS000208,BS000215,104,3,3,104,1
PG006697,P052306,743.175,1757.026,BS000208,BS000215,104,3,3,104,1
PG006700,P052310,743.175,1757.026,BS000208,BS000215,104,3,3,104,1
PG006702,P052318,743.175,1757.026,BS000208,BS000215,104,3,3,104,1
PG006704,P052320,743.175,1757.026,BS000208,BS000215,104,3,3,104,1
PG006706,P052324,743.175,1757.026,BS000208,BS000215,104,3,3,104,1
PG006708,P052346,743.175,1757.026,BS000208,BS000215,104,3,3,104,1
PG006710,P052348,743.175,1757.026,BS000208,BS000215,104,3,3,104,1
PG006712,P052352,743.175,1757.026,BS000208,BS000215,104,3,3,104,1
PG006696,P052305,805.699,1837.346,BS000214,BS000209,107,3,3,107,1
PG006698,P052307,805.699,1837.346,BS000214,BS000209,107,3,3,107,1
PG006701,P052311,805.699,1837.346,BS000214,BS000209,107,3,3,107,1
PG006703,P052319,805.699,1837.346,BS000214,BS000209,107,3,3,107,1
PG006705,P052321,805.699,1837.346,BS000214,BS000209,107,3,3,107,1
PG006707,P052325,805.699,1837.346,BS000214,BS000209,107,3,3,107,1
PG006709,P052347,805.699,1837.346,BS000214,BS000209,107,3,3,107,1
PG006711,P052349,805.699,1837.346,BS000214,BS000209,107,3,3,107,1
PG006713,P052353,805.699,1837.346,BS000214,BS000209,107,3,3,107,1
PG006699,P052308,773.175,1823.026,BS000208,BS000215,108,3,3,108,1
PG006714,P052354,773.175,1823.026,BS000208,BS000215,108,3,3,108,1
PG006716,P052356,773.175,1823.026,BS000208,BS000215,108,3,3,108,1
PG006715,P052355,835.699,1903.346,BS000214,BS000209,111,3,3,111,1
PG006717,P052357,835.699,1903.346,BS000214,BS000209,111,3,3,111,1
PG006718,P052380,773.175,1823.026,BS000208,BS000215,108,3,3,108,1
PG006719,P052407,1135.846,1195.846,BS000348,BS000179,5,2,2,5,1
PG006722,P052435,1201.846,1261.846,BS000348,BS000179,5,2,2,5,1
PG006725,P052449,1135.846,1195.846,BS000348,BS000179,5,2,2,5,1
PG006728,P052463,1201.846,1261.846,BS000348,BS000179,5,2,2,5,1
PG006731,P052477,1201.846,1261.846,BS000348,BS000179,5,2,2,5,1
PG006734,P052491,1267.846,1327.846,BS000348,BS000179,5,2,2,5,1
PG006720,P052407,1205.846,1225.846,BS000349,BS000350,1,1,1,1,1
PG006723,P052435,1271.846,1291.846,BS000349,BS000350,1,1,1,1,1
PG006726,P052449,1205.846,1225.846,BS000349,BS000350,1,1,1,1,1
PG006729,P052463,1271.846,1291.846,BS000349,BS000350,1,1,1,1,1
PG006732,P052477,1271.846,1291.846,BS000349,BS000350,1,1,1,1,1
PG006735,P052491,1337.846,1357.846,BS000349,BS000350,1,1,1,1,1
PG006721,P052407,1255.846,1995.398,BS000351,BS000211,75,15,15,75,1
PG006724,P052435,1321.846,2061.398,BS000351,BS000211,75,15,15,75,1
PG006727,P052449,1255.846,1995.398,BS000351,BS000211,75,15,15,75,1
PG006730,P052463,1321.846,2061.398,BS000351,BS000211,75,15,15,75,1
PG006733,P052477,1321.846,2061.398,BS000351,BS000211,75,15,15,75,1
PG006736,P052491,1387.846,2127.398,BS000351,BS000211,75,15,15,75,1
PG006737,P052503,1209.01,1605.645,BS000352,BS000213,40,5,5,40,1
PG006738,P052531,1275.01,1671.645,BS000352,BS000213,40,5,5,40,1
PG006739,P052545,1209.01,1605.645,BS000352,BS000213,40,5,5,40,1
PG006740,P052559,1275.01,1671.645,BS000352,BS000213,40,5,5,40,1
PG006741,P052573,1275.01,1671.645,BS000352,BS000213,40,5,5,40,1
PG006742,P052587,1341.01,1737.645,BS000352,BS000213,40,5,5,40,1
PG006743,P052601,1395.092,2056.129,BS000190,BS000215,67,4,4,67,1
PG006744,P052629,1461.092,2122.129,BS000190,BS000215,67,4,4,67,1
PG006745,P052643,1395.092,2056.129,BS000190,BS000215,67,4,4,67,1
PG006746,P052657,1461.092,2122.129,BS000190,BS000215,67,4,4,67,1
PG006747,P052671,1461.092,2122.129,BS000190,BS000215,67,4,4,67,1
PG006748,P052685,1527.092,2188.129,BS000190,BS000215,67,4,4,67,1
PG006749,P052697,1103.158,1705.977,BS000192,BS000217,61,15,15,61,1
PG006751,P052699,1103.158,1705.977,BS000192,BS000217,61,15,15,61,1
PG006753,P052703,1103.158,1705.977,BS000192,BS000217,61,15,15,61,1
PG006755,P052711,1103.158,1705.977,BS000192,BS000217,61,15,15,61,1
PG006757,P052713,1103.158,1705.977,BS000192,BS000217,61,15,15,61,1
PG006759,P052717,1103.158,1705.977,BS000192,BS000217,61,15,15,61,1
PG006761,P052727,1169.158,1771.977,BS000192,BS000217,61,15,15,61,1
PG006762,P052739,1103.158,1705.977,BS000192,BS000217,61,15,15,61,1
PG006764,P052741,1103.158,1705.977,BS000192,BS000217,61,15,15,61,1
PG006766,P052745,1103.158,1705.977,BS000192,BS000217,61,15,15,61,1
PG006770,P052755,1169.158,1771.977,BS000192,BS000217,61,15,15,61,1
PG006771,P052769,1169.158,1771.977,BS000192,BS000217,61,15,15,61,1
PG006772,P052773,1169.158,1771.977,BS000192,BS000217,61,15,15,61,1
PG006773,P052783,1235.158,1837.977,BS000192,BS000217,61,15,15,61,1
PG006750,P052698,797.64,1399.255,BS000216,BS000353,61,15,15,61,1
PG006752,P052700,797.64,1399.255,BS000216,BS000353,61,15,15,61,1
PG006754,P052704,797.64,1399.255,BS000216,BS000353,61,15,15,61,1
PG006756,P052712,797.64,1399.255,BS000216,BS000353,61,15,15,61,1
PG006758,P052714,797.64,1399.255,BS000216,BS000353,61,15,15,61,1
PG006760,P052718,797.64,1399.255,BS000216,BS000353,61,15,15,61,1
PG006763,P052740,797.64,1399.255,BS000216,BS000353,61,15,15,61,1
PG006765,P052742,797.64,1399.255,BS000216,BS000353,61,15,15,61,1
PG006767,P052746,797.64,1399.255,BS000216,BS000353,61,15,15,61,1
PG006768,P052747,1133.158,1771.977,BS000192,BS000217,65,15,15,65,1
PG006769,P052749,1133.158,1771.977,BS000192,BS000217,65,15,15,65,1
PG006774,P052795,734.24,1851.246,BS000210,BS000213,115,15,15,115,1
PG006776,P052797,734.24,1851.246,BS000210,BS000213,115,15,15,115,1
PG006778,P052801,734.24,1851.246,BS000210,BS000213,115,15,15,115,1
PG006780,P052809,734.24,1851.246,BS000210,BS000213,115,15,15,115,1
PG006782,P052811,734.24,1851.246,BS000210,BS000213,115,15,15,115,1
PG006784,P052815,734.24,1851.246,BS000210,BS000213,115,15,15,115,1
PG006786,P052837,734.24,1851.246,BS000210,BS000213,115,15,15,115,1
PG006788,P052839,734.24,1851.246,BS000210,BS000213,115,15,15,115,1
PG006790,P052843,734.24,1851.246,BS000210,BS000213,115,15,15,115,1
PG006775,P052796,728.593,1844.204,BS000212,BS000211,115,15,15,115,1
PG006777,P052798,728.593,1844.204,BS000212,BS000211,115,15,15,115,1
PG006779,P052802,728.593,1844.204,BS000212,BS000211,115,15,15,115,1
PG006781,P052810,728.593,1844.204,BS000212,BS000211,115,15,15,115,1
PG006783,P052812,728.593,1844.204,BS000212,BS000211,115,15,15,115,1
PG006785,P052816,728.593,1844.204,BS000212,BS000211,115,15,15,115,1
PG006787,P052838,728.593,1844.204,BS000212,BS000211,115,15,15,115,1
PG006789,P052840,728.593,1844.204,BS000212,BS000211,115,15,15,115,1
PG006791,P052844,728.593,1844.204,BS000212,BS000211,115,15,15,115,1
PG006792,P052872,758.593,1910.204,BS000212,BS000211,119,15,15,119,1
