candidate_id,lon,lat,ground_height_m,agl_height_m,hover_absolute_height_m,horizontal_distance_m,max_dem_height_m,cruise_height_m,outbound_climb_m,outbound_descent_m,return_climb_m,return_descent_m,outbound_time_s,return_time_s,outbound_energy_kWh,return_energy_kWh,roundtrip_flight_energy_kWh,lead_time_s
RP004109,109.26347222222222,23.100694444444446,644.1536254882812,20.0,664.1536254882812,10780.514139115316,645.0339965820312,695.0339965820312,567.3339965820312,30.88037109375,30.88037109375,567.3339965820312,870.8278987844456,915.5323675751356,0.2800270293257419,0.23233061565279656,0.5123576449785385,1080.8278987844456
RP004447,109.26347222222222,23.09958333333333,568.5731201171875,60.0,628.5731201171875,10663.107111333156,568.5731201171875,628.5731201171875,500.8731201171875,0.0,0.0,500.8731201171875,836.0920874515074,877.8315141279396,0.27161761807693857,0.22708468848209498,0.4987023065590336,1046.0920874515073
RP004639,109.24680555555555,23.098472222222224,542.4429321289062,100.0,642.4429321289062,10135.788766093234,555.5964965820312,642.4429321289062,514.7429321289062,0.0,0.0,514.7429321289062,804.4049841051087,847.3002284491843,0.26162086366101545,0.21585476075939292,0.47747562442040836,1014.4049841051087
RP004650,109.24791666666668,23.098472222222224,553.0440673828125,80.0,633.0440673828125,10154.72934606483,557.6793823242188,633.0440673828125,505.3440673828125,0.0,0.0,505.3440673828125,803.3179732500253,845.4299788652596,0.26118856916094546,0.21625812496249175,0.4774466941234372,1013.3179732500253
RP006946,109.22791666666669,23.07513888888889,324.1842956542969,140.0,464.1842956542969,7414.937443483889,313.05755615234375,464.1842956542969,336.4842956542969,0.0,0.0,336.4842956542969,578.4502368125002,606.4905947836916,0.18782772540617232,0.1579107048149347,0.345738430221107,788.4502368125002
RP007504,109.22569444444444,23.070694444444445,304.435302734375,140.0,444.435302734375,6934.767794616386,304.435302734375,444.435302734375,316.735302734375,0.0,0.0,316.735302734375,541.5016786580195,567.8962872192174,0.1758459954830192,0.14768486970016376,0.32353086518318297,751.5016786580195
RP007946,109.22680555555556,23.068472222222223,286.0696105957031,120.0,406.0696105957031,6680.398500101551,286.0696105957031,406.0696105957031,278.36961059570314,0.0,0.0,278.36961059570314,514.9523026556958,538.1497702053377,0.16701775491384716,0.14226774583549598,0.30928550074934313,724.9523026556958
RP008052,109.27791666666668,23.068472222222223,405.6948547363281,140.0,545.6948547363281,8225.58383438367,410.1292724609375,545.6948547363281,417.99485473632814,0.0,0.0,417.99485473632814,652.87096930966,687.7038738710207,0.2123386438463267,0.17517447054705962,0.3875131143933863,862.87096930966
RP008211,109.23013888888887,23.06736111111111,316.5287780761719,160.0,476.5287780761719,6544.407238530293,317.65191650390625,476.5287780761719,348.8287780761719,0.0,0.0,348.8287780761719,523.5010104210626,552.5700752607436,0.1703862115644708,0.13937163563536734,0.3097578471998381,733.5010104210626
RP008329,109.28125,23.06736111111111,490.89111328125,100.0,590.89111328125,8332.535031304718,490.89111328125,590.89111328125,463.19111328125,0.0,0.0,463.19111328125,671.3001137406271,709.8993731807312,0.21863473468669767,0.1774521349259338,0.3960868696126315,881.3001137406271
RP008432,109.22458333333331,23.06625,289.0489807128906,160.0,449.0489807128906,6452.424925775282,298.46734619140625,449.0489807128906,321.34898071289064,0.0,0.0,321.34898071289064,510.49890689657474,537.277988622649,0.1659840837086941,0.13741275304891803,0.30339683675761214,720.4989068965747
RP008467,109.23013888888887,23.06625,297.67138671875,160.0,457.67138671875,6420.865144933212,287.4893493652344,457.67138671875,329.97138671875,0.0,0.0,329.97138671875,510.5505230085683,538.0481385684641,0.16607860055559448,0.13674064660505914,0.3028192471606536,720.5505230085682
RP008671,109.22458333333331,23.06513888888889,298.23846435546875,160.0,458.23846435546875,6329.499166061746,293.851806640625,458.23846435546875,330.53846435546876,0.0,0.0,330.53846435546876,504.60122715965025,532.1460991892727,0.16418326281103007,0.13479488964761124,0.29897815245864134,714.6012271596503
RP008693,109.22791666666669,23.06513888888889,261.76287841796875,140.0,401.76287841796875,6304.062007512363,276.410888671875,401.76287841796875,274.06287841796876,0.0,0.0,274.06287841796876,488.7865201053164,511.6250933068138,0.15862026731892953,0.1342531723822077,0.2928734397011372,698.7865201053164
RP009177,109.2401388888889,23.064027777777778,302.9848327636719,160.0,462.9848327636719,6246.100904857549,302.9848327636719,462.9848327636719,335.2848327636719,0.0,0.0,335.2848327636719,500.22793518142123,528.1683379117272,0.16282919119245776,0.13301881556641076,0.2958480067588685,710.2279351814212
RP009191,109.24125,23.064027777777778,280.8110656738281,180.0,460.8110656738281,6264.415435889854,358.7777404785156,460.8110656738281,333.11106567382814,0.0,0.0,333.11106567382814,500.9054621444473,528.6647176172663,0.16302595193579889,0.13340884724580243,0.2964347991816013,710.9054621444473
RP009711,109.24236111111112,23.062916666666663,290.2767639160156,180.0,470.2767639160156,6163.417930273957,346.2403564453125,470.2767639160156,342.57676391601564,0.0,0.0,342.57676391601564,496.53871966393433,525.0867833236023,0.16171668004041734,0.13125797444101944,0.2929746544814368,706.5387196639343
RP010309,109.24125,23.061805555555555,317.8519287109375,240.0,557.8519287109375,6021.053987287788,357.6805114746094,557.8519287109375,430.1519287109375,0.0,0.0,430.1519287109375,508.94158133025354,544.7875753894983,0.1664712157689329,0.12822614972927696,0.29469736549820985,718.9415813302535
RP010337,109.24347222222222,23.061805555555555,281.1086120605469,200.0,481.1086120605469,6065.388245442488,281.1086120605469,481.1086120605469,353.4086120605469,0.0,0.0,353.4086120605469,492.7113693779693,522.1620870496815,0.16059207694321723,0.12917030522701595,0.2897623821702332,702.7113693779693
RP010853,109.23347222222222,23.060694444444444,289.1378173828125,20.0,309.1378173828125,5808.896208668425,289.1378173828125,339.1378173828125,211.4378173828125,30.0,30.0,211.4378173828125,450.11920159026477,465.2390197054992,0.1425070380041166,0.12637529281192014,0.26888233081603674,660.1192015902648
RP010856,109.23347222222222,23.060694444444444,289.1378173828125,80.0,369.1378173828125,5808.896208668425,289.1378173828125,369.1378173828125,241.4378173828125,0.0,0.0,241.4378173828125,447.61920159026477,467.7390197054992,0.14517435600180179,0.12370797481423496,0.26888233081603674,657.6192015902648
RP010857,109.23347222222222,23.060694444444444,289.1378173828125,100.0,389.1378173828125,5808.896208668425,289.1378173828125,389.1378173828125,261.4378173828125,0.0,0.0,261.4378173828125,452.61920159026477,474.4056863721658,0.14695256800025858,0.12370797481423496,0.27066054281449353,662.6192015902648
RP010858,109.23347222222222,23.060694444444444,289.1378173828125,120.0,409.1378173828125,5808.896208668425,289.1378173828125,409.1378173828125,281.4378173828125,0.0,0.0,281.4378173828125,457.61920159026477,481.0723530388325,0.14873077999871537,0.12370797481423496,0.2724387548129503,667.6192015902648
RP010870,109.23458333333332,23.060694444444444,301.6340026855469,60.0,361.6340026855469,5815.256611846579,320.4415283203125,370.4415283203125,242.7415283203125,8.807525634765625,8.807525634765625,242.7415283203125,451.3049980814386,470.79949830523424,0.14542572275402676,0.12462651023290365,0.27005223298693043,661.3049980814386
RP010871,109.23458333333332,23.060694444444444,301.6340026855469,80.0,381.6340026855469,5815.256611846579,320.4415283203125,381.6340026855469,253.9340026855469,0.0,0.0,253.9340026855469,451.167274794492,472.32844168495427,0.14642085236446076,0.12384342784488085,0.2702642802093416,661.167274794492
RP010876,109.23458333333332,23.060694444444444,301.6340026855469,180.0,481.6340026855469,5815.256611846579,320.4415283203125,481.6340026855469,353.9340026855469,0.0,0.0,353.9340026855469,476.167274794492,505.6617750182876,0.1553119123567447,0.12384342784488085,0.2791553402016256,686.167274794492
RP010885,109.23569444444443,23.060694444444444,313.6457214355469,60.0,373.6457214355469,5823.831105927655,320.317138671875,373.6457214355469,245.9457214355469,0.0,0.0,245.9457214355469,449.74183742073035,470.2373142070259,0.1458932144527123,0.12402603281142226,0.2699192472641346,659.7418374207303
RP010890,109.23569444444443,23.060694444444444,313.6457214355469,160.0,473.6457214355469,5823.831105927655,320.317138671875,473.6457214355469,345.9457214355469,0.0,0.0,345.9457214355469,474.74183742073035,503.5706475403593,0.15478427444499623,0.12402603281142226,0.2788103072564185,684.7418374207303
RP010899,109.23680555555556,23.060694444444444,335.6278381347656,40.0,375.6278381347656,5834.609929491252,335.6278381347656,385.6278381347656,257.92783813476564,10.0,10.0,257.92783813476564,456.7892881664415,477.4499413443387,0.14718810065712118,0.12514468783098653,0.2723327884881077,666.7892881664416
RP010943,109.2401388888889,23.060694444444444,352.0519714355469,20.0,372.0519714355469,5880.038759002403,352.0519714355469,402.0519714355469,274.3519714355469,30.0,30.0,274.3519714355469,470.59057679238026,490.95324107867583,0.14961584601576974,0.12789036564310674,0.27750621165887646,680.5905767923803
RP011030,109.24569444444444,23.060694444444444,280.6294860839844,260.0,540.6294860839844,5998.260323474064,280.6294860839844,540.6294860839844,412.9294860839844,0.0,0.0,412.9294860839844,503.1163930859337,537.5271835929324,0.16445453744457858,0.12774072911102172,0.2921952665556003,713.1163930859336
RP011689,109.2401388888889,23.05958333333333,360.9792175292969,240.0,600.9792175292969,5758.148478580541,360.9792175292969,600.9792175292969,473.2792175292969,0.0,0.0,473.2792175292969,502.196369621027,541.6363044151351,0.1647067752794608,0.12262723611791894,0.28733401139737974,712.196369621027
RP011796,109.24791666666668,23.05958333333333,252.81431579589844,280.0,532.8143157958984,5941.658722436589,313.2926330566406,532.8143157958984,405.11431579589845,0.0,0.0,405.11431579589845,497.38916044474723,531.1486867610721,0.1625542814992269,0.12653532464448292,0.2890896061437098,707.3891604447472
RP012422,109.23680555555556,23.05847222222222,321.4071655273437,300.0,621.4071655273438,5588.921039168062,321.4071655273437,621.4071655273438,493.70716552734376,0.0,0.0,493.70716552734376,496.02152732637336,537.1637911203187,0.16291911869996797,0.11902331842672723,0.2819424371266952,706.0215273263734
RP012466,109.2401388888889,23.05847222222222,344.43994140625,280.0,624.43994140625,5636.330469384138,344.43994140625,624.43994140625,496.73994140625,0.0,0.0,496.73994140625,499.9403499771717,541.3353450943592,0.16419840989591322,0.12003296369984738,0.2842313735957606,709.9403499771718
RP012557,109.24680555555555,23.05847222222222,296.9657592773437,300.0,596.9657592773438,5790.590768796129,296.9657592773437,596.9657592773438,469.26575927734376,0.0,0.0,469.26575927734376,503.3558244057445,542.4613043455231,0.16504083692347593,0.1233181367428805,0.28835897366635643,713.3558244057444
RP012754,109.19902777777776,23.057361111111117,687.7489013671875,80.0,767.7489013671875,6333.734192769749,694.3619995117188,767.7489013671875,640.0489013671875,0.0,0.0,640.0489013671875,582.2611715264468,635.5985799737124,0.19179221183171855,0.13488508003120758,0.32667729186292616,792.2611715264468
RP012766,109.20013888888889,23.057361111111117,650.634521484375,120.0,770.634521484375,6276.0105502570495,650.634521484375,770.634521484375,642.934521484375,0.0,0.0,642.934521484375,579.1343337215637,632.7122105119283,0.1908194742532352,0.13365578023695568,0.3244752544901909,789.1343337215637
RP012769,109.20013888888889,23.057361111111117,650.634521484375,180.0,830.634521484375,6276.0105502570495,650.634521484375,830.634521484375,702.934521484375,0.0,0.0,702.934521484375,594.1343337215637,652.7122105119283,0.19615411024860557,0.13365578023695568,0.32980989048556125,804.1343337215637
RP013418,109.24791666666668,23.057361111111117,313.6357116699219,260.0,573.6357116699219,5705.938315131707,313.90863037109375,573.6357116699219,445.9357116699219,0.0,0.0,445.9357116699219,491.87981559292757,529.0411248987544,0.16116376465902563,0.12151535300743449,0.28267911766646014,701.8798155929276
RP013653,109.19902777777776,23.05625,649.4330444335938,240.0,889.4330444335938,6228.097174324486,649.4330444335938,889.4330444335938,761.7330444335937,0.0,0.0,761.7330444335937,605.6397393966975,669.117493099497,0.20036154474818174,0.13263540278653999,0.33299694753472175,815.6397393966975
RP015140,109.24125,23.05513888888889,304.24713134765625,20.0,324.24713134765625,5293.0484755355465,309.6105041503906,359.6105041503906,231.91050415039064,35.363372802734375,35.363372802734375,231.91050415039064,422.6353153408789,439.01424295318355,0.1333416306980838,0.11586650733685054,0.24920813803493436,632.6353153408788
RP015474,109.26680555555556,23.05513888888889,294.5377197265625,180.0,474.5377197265625,6358.062360066332,326.7088623046875,474.5377197265625,346.8377197265625,0.0,0.0,346.8377197265625,510.5802539360628,539.4833972466097,0.16624072962705985,0.1354031798903015,0.30164390951736136,720.5802539360627
RP015500,109.19458333333334,23.05402777777778,668.9635009765625,300.0,968.9635009765625,6276.700134323434,668.9635009765625,968.9635009765625,841.2635009765625,0.0,0.0,841.2635009765625,628.7625508657029,698.8678426137498,0.20846770838856904,0.1336704658235546,0.34213817421212367,838.7625508657029
RP016431,109.26458333333332,23.05402777777778,309.8257751464844,20.0,329.8257751464844,6126.732232887546,309.8257751464844,359.8257751464844,232.1257751464844,30.0,30.0,232.1257751464844,476.4802593124575,493.3240739079979,0.15111514688547023,0.13314402295732736,0.2842591698427976,686.4802593124575
RP016472,109.26680555555556,23.05402777777778,330.0976867675781,240.0,570.0976867675781,6257.716907315295,330.0976867675781,570.0976867675781,442.39768676757814,0.0,0.0,442.39768676757814,527.7805488462476,564.6470227435457,0.17260003713151123,0.13326619339652943,0.30586623052804063,737.7805488462476
RP016476,109.26791666666666,23.05402777777778,281.9239501953125,200.0,481.9239501953125,6325.259275057923,322.3572692871094,481.9239501953125,354.2239501953125,0.0,0.0,354.2239501953125,510.23993921935636,539.7586017356324,0.1661988595914331,0.13470459567252985,0.30090345526396295,720.2399392193563
RP016611,109.20236111111112,23.05291666666667,596.994140625,20.0,616.994140625,5734.574085587267,596.994140625,646.994140625,519.294140625,30.0,30.0,519.294140625,522.1284741954012,562.9029859141511,0.16829594243911297,0.12479250685741403,0.293088449296527,732.1284741954012
RP017092,109.23791666666666,23.05291666666667,294.66015625,40.0,334.66015625,4990.515145317756,316.5791015625,366.5791015625,238.8791015625,31.9189453125,31.9189453125,238.8791015625,403.0604335159754,420.3071132034754,0.1275183734347919,0.10911742178247978,0.23663579521727168,613.0604335159753
RP017706,109.20458333333332,23.05180555555556,552.280029296875,40.0,592.280029296875,5514.141485862828,566.1401977539062,616.1401977539062,488.44019775390626,23.86016845703125,23.86016845703125,488.44019775390626,497.6728713150088,536.387873756415,0.16085830191136447,0.11955221279440896,0.28041051470577344,707.6728713150088
RP018590,109.2701388888889,23.05180555555556,311.90997314453125,220.0,531.9099731445312,6272.637659382231,347.4594421386719,531.9099731445312,404.20997314453126,0.0,0.0,404.20997314453126,519.2283372449482,552.9125016736591,0.16952250136058558,0.13358395015351046,0.30310645151409604,729.2283372449482
RP018810,109.20569444444445,23.05069444444445,504.2957458496094,20.0,524.2957458496094,5350.967416380708,504.2957458496094,554.2957458496094,426.5957458496094,30.0,30.0,426.5957458496094,473.3800975544495,506.42974304191694,0.15188467125909055,0.1166231055687558,0.2685077768278463,683.3800975544495
RP019707,109.27125,23.05069444444445,372.2720947265625,260.0,632.2720947265625,6252.928401386669,372.2720947265625,632.2720947265625,504.5720947265625,0.0,0.0,504.5720947265625,543.0049171074186,585.0525916679654,0.1780260236019193,0.13316421595545683,0.3111902395573761,753.0049171074186
RP020326,109.23458333333332,23.04958333333333,273.4512634277344,80.0,353.4512634277344,4583.143333358219,278.82464599609375,353.4512634277344,225.7512634277344,0.0,0.0,225.7512634277344,361.9807047474815,380.7933100331261,0.11767565866029053,0.09760397839559169,0.2152796370558822,571.9807047474815
RP020355,109.23680555555556,23.04958333333333,323.6654968261719,60.0,383.6654968261719,4607.674726127966,323.6654968261719,383.6654968261719,255.9654968261719,0.0,0.0,255.9654968261719,371.1696892817407,392.5001473505884,0.12088445208693968,0.09812640620457706,0.21901085829151673,581.1696892817407
RP021078,109.20458333333332,23.048472222222223,524.6577758789062,40.0,564.6577758789062,5193.678663103131,527.0626220703125,577.0626220703125,449.3626220703125,12.40484619140625,12.40484619140625,449.3626220703125,462.72084845492225,499.13399644483115,0.15055921998836796,0.11170904199402479,0.2622682619823927,672.7208484549222
RP021079,109.20458333333332,23.048472222222223,524.6577758789062,60.0,584.6577758789062,5193.678663103131,527.0626220703125,584.6577758789062,456.95777587890626,0.0,0.0,456.95777587890626,460.48468817660194,498.56450283317747,0.1512345096699963,0.1106061196771963,0.2618406293471926,670.4846881766019
RP023493,109.20458333333332,23.04625,494.290771484375,80.0,574.290771484375,4983.9045970146935,494.290771484375,574.290771484375,446.590771484375,0.0,0.0,446.590771484375,443.90799933873996,481.1238969624379,0.14584536242317758,0.10613870901049809,0.2519840714336757,653.90799933874
RP024732,109.20236111111112,23.04513888888889,575.3161010742188,20.0,595.3161010742188,5009.22230805661,575.3161010742188,625.3161010742188,497.61610107421876,30.0,30.0,497.61610107421876,468.3521791389953,507.32018756184686,0.15092122856416387,0.10934520048407594,0.2602664290482398,678.3521791389953
RP024749,109.20347222222222,23.04513888888889,546.6256103515625,60.0,606.6256103515625,4943.887408145932,546.6256103515625,606.6256103515625,478.9256103515625,0.0,0.0,478.9256103515625,449.32389646428607,489.234363993583,0.14786805443417358,0.10528649109940409,0.2531545455335777,659.323896464286
RP024766,109.20458333333332,23.04513888888889,497.8734130859375,100.0,597.8734130859375,4880.328090150244,506.0992126464844,597.8734130859375,470.1734130859375,0.0,0.0,470.1734130859375,442.89855928150064,482.0796770386621,0.14573631325621716,0.10393291303097742,0.24966922628719457,652.8985592815006
RP025495,109.25791666666667,23.04513888888889,302.3026428222656,280.0,582.3026428222656,4925.713123327516,306.59600830078125,582.3026428222656,454.60264282226564,0.0,0.0,454.60264282226564,442.03153559406746,479.91508916258965,0.1453184398447738,0.10489944614493783,0.2502178859897116,652.0315355940675
RP025567,109.26347222222222,23.04513888888889,252.0697479248047,220.0,472.0697479248047,5266.509288919281,296.1075439453125,472.0697479248047,344.3697479248047,0.0,0.0,344.3697479248047,437.1930562424866,465.89053523622033,0.14277526314729314,0.11215714226402174,0.2549324054113149,647.1930562424866
RP026075,109.20458333333332,23.044027777777774,486.369873046875,120.0,606.369873046875,4777.7011906977405,486.369873046875,606.369873046875,478.669873046875,0.0,0.0,478.669873046875,438.1808809749014,478.070037062141,0.14430616574985375,0.10174734017226668,0.24605350592212044,648.1808809749014
RP026925,109.26791666666666,23.044027777777774,328.95050048828125,20.0,348.95050048828125,5476.248037439639,328.95050048828125,378.95050048828125,251.25050048828126,30.0,30.0,251.25050048828126,437.89582761804627,456.33336932540305,0.13896263352665242,0.11929111879501084,0.25825375232166325,647.8958276180463
RP027416,109.20569444444445,23.042916666666667,447.29241943359375,160.0,607.2924194335938,4611.640574208625,439.81268310546875,607.2924194335938,479.59241943359376,0.0,0.0,479.59241943359376,427.3408098056401,467.30684475843964,0.14085171381065575,0.09821086408036886,0.2390625778910246,637.3408098056401
RP027437,109.20680555555556,23.042916666666667,427.6583862304688,280.0,707.6583862304688,4549.125006985113,425.5189208984375,707.6583862304688,579.9583862304687,0.0,0.0,579.9583862304687,448.2645970232914,496.5944625424971,0.14844396208767874,0.09687951403764593,0.24532347612532468,658.2645970232913
RP028125,109.25791666666667,23.042916666666667,249.4993133544922,240.0,489.4993133544922,4723.434316068214,249.4993133544922,489.4993133544922,361.7993133544922,0.0,0.0,361.7993133544922,405.3454494098373,435.4953921893783,0.1327594507331016,0.10059165673108232,0.23335110746418392,615.3454494098373
RP028268,109.26902777777778,23.042916666666667,319.7579040527344,100.0,419.7579040527344,5468.4913026515,319.7579040527344,419.7579040527344,292.0579040527344,0.0,0.0,292.0579040527344,437.5805628566169,461.9187215276781,0.14242565453652134,0.11645861107498563,0.25888426561150696,647.5805628566169
RP028728,109.20347222222222,23.041805555555555,527.8403930664062,60.0,587.8403930664062,4643.284333188991,529.4646606445312,587.8403930664062,460.14039306640626,0.0,0.0,460.14039306640626,424.5873871458676,462.93241990140143,0.13979611734380867,0.09888475894754331,0.23868087629135198,634.5873871458675
RP029443,109.25569444444444,23.041805555555555,255.1063232421875,260.0,515.1063232421875,4491.3676394125405,255.1063232421875,515.1063232421875,387.4063232421875,0.0,0.0,387.4063232421875,396.2760901047162,428.55995037489856,0.1300940246378907,0.09564949602452631,0.22574352066241699,606.2760901047162
RP029444,109.25569444444444,23.041805555555555,255.1063232421875,280.0,535.1063232421875,4491.3676394125405,255.1063232421875,535.1063232421875,407.4063232421875,0.0,0.0,407.4063232421875,401.2760901047162,435.2266170415652,0.13187223663634748,0.09564949602452631,0.22752173266087378,611.2760901047162
RP029626,109.2701388888889,23.041805555555555,335.1092834472656,20.0,355.1092834472656,5465.884726346746,335.1092834472656,385.1092834472656,257.40928344726564,30.0,30.0,257.40928344726564,438.74463595159943,457.69540957220494,0.1392895144706853,0.11907041865136586,0.2583599331220512,648.7446359515994
RP029631,109.2701388888889,23.041805555555555,335.1092834472656,120.0,455.1092834472656,5465.884726346746,335.1092834472656,455.1092834472656,327.40928344726564,0.0,0.0,327.40928344726564,446.24463595159943,473.52874290553825,0.14551325646528407,0.11640310065368067,0.26191635711896477,656.2446359515994
RP029658,109.27236111111112,23.041805555555555,380.2810668945313,60.0,440.2810668945313,5635.309998777965,380.2810668945313,440.2810668945313,312.5810668945313,0.0,0.0,312.5810668945313,453.83259997549715,479.8810222167081,0.14780300163757065,0.12001123145545665,0.2678142330930273,663.8325999754971
RP029773,109.28013888888889,23.041805555555555,300.80877685546875,260.0,560.8087768554688,6257.343387242304,300.80877685546875,560.8087768554688,433.10877685546876,0.0,0.0,433.10877685546876,525.4334200300208,561.5258181013098,0.17176619998444934,0.13325823880238238,0.3050244387868317,735.4334200300208
RP030099,109.20347222222222,23.040694444444444,516.1152954101562,80.0,596.1152954101562,4545.382634397528,531.1007080078125,596.1152954101562,468.41529541015626,0.0,0.0,468.41529541015626,420.12933281237423,459.1639407632206,0.13844690029012063,0.09679981536216957,0.23524671565229022,630.1293328123743
RP030155,109.20680555555556,23.040694444444444,439.7799682617188,300.0,739.7799682617188,4343.367006476213,450.26300048828125,739.7799682617188,612.0799682617187,0.0,0.0,612.0799682617187,442.5777924971772,493.58445651898705,0.14691802787237687,0.0924976306934749,0.23941565856585179,652.5777924971771
RP030785,109.25347222222224,23.040694444444444,236.72561645507807,300.0,536.7256164550781,4262.384770530325,236.72561645507807,536.7256164550781,409.02561645507814,0.0,0.0,409.02561645507814,386.4153888157912,420.50085685371437,0.12713972194486492,0.09077300900203468,0.2179127309468996,596.4153888157912
RP031146,109.28125,23.040694444444444,343.11871337890625,180.0,523.1187133789062,6278.138581390296,343.11871337890625,523.1187133789062,395.41871337890626,0.0,0.0,395.41871337890626,517.3972504374129,550.3488098856551,0.1688580144457329,0.13370109941849703,0.30255911386422996,727.3972504374129
RP031488,109.20347222222222,23.039583333333333,508.1492919921875,100.0,608.1492919921875,4448.757843718471,480.13494873046875,608.1492919921875,480.4492919921875,0.0,0.0,480.4492919921875,416.69617924594496,456.73362024529393,0.13745909997382966,0.09474206519030078,0.23220116516413042,626.6961792459449
RP032433,109.27347222222222,23.039583333333333,370.007568359375,100.0,470.007568359375,5564.825665836487,370.007568359375,470.007568359375,342.307568359375,0.0,0.0,342.307568359375,456.5652698122762,485.0909005088908,0.14894494747784856,0.11851017621688814,0.2674551236947367,666.5652698122763
RP032556,109.28569444444445,23.039583333333333,337.3309020996094,280.0,617.3309020996094,6591.33313952796,337.3309020996094,617.3309020996094,489.6309020996094,0.0,0.0,489.6309020996094,561.8299348267664,602.6325100017339,0.18390436077342168,0.14037098352698432,0.324275344300406,771.8299348267664
RP033801,109.27125,23.03847222222222,319.7086181640625,200.0,519.7086181640625,5310.009792251222,319.7086181640625,519.7086181640625,392.0086181640625,0.0,0.0,392.0086181640625,452.00280735776374,484.67019220476897,0.14793726328790688,0.11308354187201676,0.26102080515992365,662.0028073577637
RP033960,109.28569444444445,23.03847222222222,338.1376953125,300.0,638.1376953125,6527.414861943683,338.1376953125,638.1376953125,510.4376953125,0.0,0.0,510.4376953125,562.7704146243706,605.3068892337456,0.1843930826622666,0.13900976094880066,0.32340284361106725,772.7704146243706
RP034314,109.20458333333332,23.03736111111111,433.0228576660156,180.0,613.0228576660156,4185.74957770045,433.0228576660156,613.0228576660156,485.32285766601564,0.0,0.0,485.32285766601564,400.3806862632005,440.8242577353685,0.13229130966015817,0.08914096322880587,0.22143227288896405,610.3806862632005
RP035228,109.27236111111112,23.03736111111111,299.15838623046875,160.0,459.15838623046875,5323.678178442273,299.15838623046875,459.15838623046875,331.45838623046876,0.0,0.0,331.45838623046876,437.77647512043535,465.39800730630776,0.1428447918434408,0.11337462787423358,0.25621941971767437,647.7764751204354
RP035242,109.27347222222222,23.03736111111111,298.0740051269531,140.0,438.0740051269531,5414.864569242682,298.0740051269531,438.0740051269531,310.37400512695314,0.0,0.0,310.37400512695314,438.58447256458373,464.44897299182986,0.14291209926720083,0.11531656027090896,0.2582286595381098,648.5844725645837
RP037181,109.20458333333332,23.035138888888888,417.1101989746094,220.0,637.1101989746094,3999.5111949069055,417.1101989746094,637.1101989746094,509.4101989746094,0.0,0.0,509.4101989746094,393.9866294041127,436.43747931866346,0.13046674184473706,0.08517477544709151,0.21564151729182857,603.9866294041127
RP038067,109.2701388888889,23.035138888888888,327.2103271484375,240.0,567.2103271484375,4993.627607058054,327.2103271484375,567.2103271484375,439.5103271484375,0.0,0.0,439.5103271484375,442.786088924313,479.41194952001615,0.1454228999723244,0.10634577311327337,0.2517686730855978,652.7860889243129
RP038096,109.27236111111112,23.035138888888888,331.39276123046875,220.0,551.3927612304688,5178.526780715594,331.39276123046875,551.3927612304688,423.69276123046876,0.0,0.0,423.69276123046876,451.15830902199014,486.4660391245292,0.14795421828439004,0.11028344070042469,0.2582376589848147,661.1583090219901
RP038110,109.27347222222222,23.035138888888888,363.9777221679688,200.0,563.9777221679688,5272.2242530269805,363.9777221679688,563.9777221679688,436.27772216796876,0.0,0.0,436.27772216796876,460.55104741045756,496.9075242577883,0.151068563843906,0.11227884983298199,0.26334741367688796,670.5510474104576
RP038136,109.27569444444444,23.035138888888888,380.606201171875,120.0,500.606201171875,5461.900901337716,380.606201171875,500.606201171875,372.906201171875,0.0,0.0,372.906201171875,457.3532770488165,488.4287938131394,0.1494735739970343,0.1163182599358958,0.2657918339329301,667.3532770488165
RP038652,109.20458333333332,23.03402777777778,407.4338073730469,240.0,647.4338073730469,3908.922956614853,410.3822021484375,647.4338073730469,519.7338073730468,0.0,0.0,519.7338073730468,390.52831561758524,433.8394662320058,0.12945542609718355,0.08324558148346445,0.212701007580648,600.5283156175852
RP040245,109.21347222222222,23.03291666666667,282.1889038085937,200.0,482.1889038085937,3244.9303351548037,282.1889038085937,482.1889038085937,354.4889038085937,0.0,0.0,354.4889038085937,304.9509149624687,334.49165694651816,0.10062281898190856,0.06910499787829674,0.1697278168602053,514.9509149624687
RP040261,109.21458333333334,23.03291666666667,244.29942321777344,220.0,464.29942321777344,3184.0127755573967,244.29942321777344,464.29942321777344,336.59942321777345,0.0,0.0,336.59942321777345,296.41737417493647,324.46732610975096,0.09773493613143706,0.06780767947946308,0.16554261561090014,506.41737417493647
RP041614,109.20347222222222,23.03180555555556,376.2265625,280.0,656.2265625,3816.132122575076,376.2265625,656.2265625,528.5265625,0.0,0.0,528.5265625,386.54044879667174,430.5843290050051,0.12826109413520403,0.08126948038817292,0.20953057452337695,596.5404487966717
RP041762,109.21458333333334,23.03180555555556,245.03668212890625,240.0,485.03668212890625,3079.3805492200504,245.03668212890625,485.03668212890625,357.33668212890626,0.0,0.0,357.33668212890626,294.6262071468966,324.40426399097214,0.09735041936775987,0.06557940058524181,0.16292981995300168,504.6262071468966
RP043118,109.20347222222222,23.03069444444445,381.5462036132813,300.0,681.5462036132812,3733.368553152924,381.5462036132813,681.5462036132812,553.8462036132812,0.0,0.0,553.8462036132812,387.35278778018187,433.50663808128866,0.12874972111946362,0.07950692289121966,0.20825664401068328,597.3527877801819
RP043281,109.21569444444444,23.03069444444445,252.6110076904297,260.0,512.6110076904297,2914.101990106667,293.0018005371094,512.6110076904297,384.9110076904297,0.0,0.0,384.9110076904297,290.50121792971856,322.57713523725437,0.09628224802959906,0.06205957941893827,0.15834182744853734,500.50121792971856
RP044060,109.27347222222222,23.03069444444445,353.3240051269531,240.0,593.3240051269531,5011.374970282809,360.3286437988281,593.3240051269531,465.62400512695314,0.0,0.0,465.62400512695314,450.49766596725885,489.2996663945049,0.14812263585329843,0.10672372621898574,0.25484636207228417,660.4976659672589
RP044088,109.27569444444444,23.03069444444445,378.724365234375,200.0,578.724365234375,5210.555822040954,382.3417663574219,578.724365234375,451.024365234375,0.0,0.0,451.024365234375,460.1264794446573,497.71184321418855,0.15106638754738203,0.11096554065457587,0.26203192820195786,670.1264794446573
RP044124,109.27902777777778,23.03069444444445,418.8159790039063,20.0,438.8159790039063,5513.42894430338,426.1470642089844,476.1470642089844,348.4470642089844,37.33108520507807,37.33108520507807,348.4470642089844,467.11739074083084,493.0437223244897,0.14839625392663386,0.12073474558781501,0.26913099951444885,677.1173907408308
RP044842,109.21791666666668,23.02958333333333,258.0062866210937,280.0,538.0062866210938,2691.4215297886303,273.7803955078125,538.0062866210938,410.30628662109376,0.0,0.0,410.30628662109376,282.00467364118214,316.1968641929399,0.09379788845220369,0.05731731035660971,0.1511151988088134,492.00467364118214
RP045620,109.27569444444444,23.02958333333333,343.3091125488281,240.0,583.3091125488281,5153.212349209609,343.3091125488281,583.3091125488281,455.60911254882814,0.0,0.0,455.60911254882814,457.4497680845143,495.41719413025,0.15025281659352974,0.10974433706650093,0.2599971536600307,667.4497680845143
RP045655,109.27902777777778,23.02958333333333,400.8036804199219,40.0,440.8036804199219,5459.267740761925,400.8036804199219,450.8036804199219,323.1036804199219,10.0,10.0,323.1036804199219,448.06043615577545,474.1524095241023,0.14498952543149068,0.11715128936730641,0.2621408147987971,658.0604361557755
RP046373,109.21791666666668,23.028472222222224,236.42015075683597,300.0,536.4201507568359,2584.566609157333,285.63836669921875,536.4201507568359,408.72015075683595,0.0,0.0,408.72015075683595,274.48447829969786,308.5444908627675,0.09138125011047207,0.05504169630612838,0.14642294641660045,484.48447829969786
RP047045,109.26791666666666,23.028472222222224,341.6585998535156,240.0,581.6585998535156,4395.27296812456,347.53045654296875,581.6585998535156,453.95859985351564,0.0,0.0,453.95859985351564,406.50784783834956,444.3377311594759,0.1339647668853906,0.09360303543228228,0.22756780231767287,616.5078478383496
RP047047,109.26791666666666,23.028472222222224,341.6585998535156,280.0,621.6585998535156,4395.27296812456,347.53045654296875,621.6585998535156,493.95859985351564,0.0,0.0,493.95859985351564,416.50784783834956,457.67106449280925,0.13752119088230416,0.09360303543228228,0.23112422631458646,626.5078478383496
RP047185,109.27902777777778,23.028472222222224,399.4553833007813,40.0,439.4553833007813,5407.387444180884,400.1934509277344,450.1934509277344,322.4934509277344,10.738067626953068,10.738067626953068,322.4934509277344,444.69521488631017,470.6748301613753,0.14383041139332012,0.11611205323487286,0.259942464628193,654.6952148863102
RP050840,109.20236111111112,23.02513888888889,419.0613403320313,300.0,719.0613403320312,3452.84600513609,419.0613403320313,719.0613403320312,591.3613403320312,0.0,0.0,591.3613403320312,378.0300687587471,427.31018045308303,0.12611112313095652,0.07353283159086116,0.19964395472181767,588.0300687587471
RP051001,109.21458333333334,23.02513888888889,289.21112060546875,220.0,509.21112060546875,2488.288628363194,289.21112060546875,509.21112060546875,381.51112060546876,0.0,0.0,381.51112060546876,261.2636887089135,293.05628209270253,0.08691171451059429,0.05299133190032728,0.13990304641092158,471.2636887089135
RP051843,109.27680555555555,23.02513888888889,424.2341918945313,260.0,684.2341918945312,5053.762485043543,431.2422180175781,684.2341918945312,556.5341918945312,0.0,0.0,556.5341918945312,476.0510469765357,522.4288963010799,0.15710821217150941,0.10762642329259398,0.26473463546410336,686.0510469765356
RP051856,109.27791666666668,23.02513888888889,398.3807678222656,220.0,618.3807678222656,5159.765902796295,436.8831481933594,618.3807678222656,490.68076782226564,0.0,0.0,490.68076782226564,466.65458547531944,507.54464946050825,0.15351062492315382,0.10988390348547666,0.2633945284086305,676.6545854753194
RP052431,109.20347222222222,23.02402777777778,431.46978759765625,20.0,451.46978759765625,3290.9286642399843,431.46978759765625,481.46978759765625,353.76978759765626,30.0,30.0,353.76978759765626,317.8376911820797,344.8185068152177,0.1015384759735124,0.07275190992131447,0.17429038589482687,527.8376911820797
RP052447,109.20458333333332,23.02402777777778,414.5950012207031,40.0,454.5950012207031,3194.650377772504,422.7159118652344,472.7159118652344,345.0159118652344,18.12091064453125,18.12091064453125,345.0159118652344,305.2709733659859,332.5122234677112,0.09870979271498163,0.06964536204467156,0.16835515475965318,515.2709733659859
RP052485,109.20680555555556,23.02402777777778,353.5853271484375,200.0,553.5853271484375,3005.752007897508,353.5853271484375,553.5853271484375,425.8853271484375,0.0,0.0,425.8853271484375,306.8547989802766,342.345242909313,0.10187710528847518,0.06401138535337285,0.16588849064184802,516.8547989802767
RP052578,109.21347222222222,23.02402777777778,270.96484375,260.0,530.96484375,2478.218551334192,270.96484375,530.96484375,403.26484375,0.0,0.0,403.26484375,266.0307810264461,299.63618467227946,0.08863139574179375,0.05277687655619112,0.14140827229798486,476.0307810264461
RP053285,109.26569444444443,23.02402777777778,330.4585876464844,300.0,630.4585876464844,3961.6602475689815,330.4585876464844,630.4585876464844,502.7585876464844,0.0,0.0,502.7585876464844,389.8003300828865,431.69687905342687,0.12906925810149594,0.08436869045748754,0.2134379485589835,599.8003300828865
RP053293,109.26680555555556,23.02402777777778,368.0219421386719,160.0,528.0219421386719,4064.3290875078415,368.0219421386719,528.0219421386719,400.3219421386719,0.0,0.0,400.3219421386719,371.0357580351907,404.3959198800801,0.12214802053104809,0.08655515649322254,0.20870317702427063,581.0357580351907
RP053298,109.26680555555556,23.02402777777778,368.0219421386719,260.0,628.0219421386719,4064.3290875078415,368.0219421386719,628.0219421386719,500.3219421386719,0.0,0.0,500.3219421386719,396.0357580351907,437.72925321341336,0.13103908052333205,0.08655515649322254,0.2175942370165546,606.0357580351907
RP053327,109.26902777777778,23.02402777777778,367.2567138671875,240.0,607.2567138671875,4271.346852103875,377.2669677734375,607.2567138671875,479.5567138671875,0.0,0.0,479.5567138671875,404.64563527372184,444.6086947626542,0.13360154327361373,0.09096386814665659,0.2245654114202703,614.6456352737218
RP053328,109.26902777777778,23.02402777777778,367.2567138671875,260.0,627.2567138671875,4271.346852103875,377.2669677734375,627.2567138671875,499.5567138671875,0.0,0.0,499.5567138671875,409.64563527372184,451.2753614293208,0.1353797552720705,0.09096386814665659,0.2263436234187271,619.6456352737218
RP053329,109.26902777777778,23.02402777777778,367.2567138671875,280.0,647.2567138671875,4271.346852103875,377.2669677734375,647.2567138671875,519.5567138671875,0.0,0.0,519.5567138671875,414.64563527372184,457.94202809598744,0.1371579672705273,0.09096386814665659,0.2281218354171839,624.6456352737218
RP053340,109.2701388888889,23.02402777777778,389.3804931640625,200.0,589.3804931640625,4375.616289848629,397.0522155761719,589.3804931640625,461.6804931640625,0.0,0.0,461.6804931640625,407.1278759475909,445.60125037792943,0.13423271060740627,0.09318442098751709,0.22741713159492336,617.1278759475908
RP053342,109.2701388888889,23.02402777777778,389.3804931640625,240.0,629.3804931640625,4375.616289848629,397.0522155761719,629.3804931640625,501.6804931640625,0.0,0.0,501.6804931640625,417.1278759475909,458.9345837112628,0.13778913460431985,0.09318442098751709,0.23097355559183694,627.1278759475908
RP053344,109.2701388888889,23.02402777777778,389.3804931640625,280.0,669.3804931640625,4375.616289848629,397.0522155761719,669.3804931640625,541.6804931640625,0.0,0.0,541.6804931640625,427.1278759475909,472.26791704459606,0.14134555860123343,0.09318442098751709,0.23452997958875052,637.1278759475908
RP053416,109.27569444444444,23.02402777777778,403.2000122070313,220.0,623.2000122070312,4903.270611953831,451.71795654296875,623.2000122070312,495.50001220703126,0.0,0.0,495.50001220703126,450.7597105153465,492.0513781992658,0.14847670712019229,0.10442150377309083,0.2528982108932831,660.7597105153466
RP053931,109.19680555555556,23.022916666666667,588.8419799804688,20.0,608.8419799804688,3835.202656782119,588.8419799804688,638.8419799804688,511.14197998046876,30.0,30.0,511.14197998046876,393.4656721139251,433.5608371122975,0.12712155222098623,0.08434293013285993,0.21146448235384616,603.4656721139252
RP053935,109.19680555555556,23.022916666666667,588.8419799804688,100.0,688.8419799804688,3835.202656782119,588.8419799804688,688.8419799804688,561.1419799804687,0.0,0.0,561.1419799804687,395.9656721139251,442.7275037789642,0.1315670822171282,0.08167561213517474,0.21324269435230295,605.9656721139252
RP053936,109.19680555555556,23.022916666666667,588.8419799804688,120.0,708.8419799804688,3835.202656782119,588.8419799804688,708.8419799804688,581.1419799804687,0.0,0.0,581.1419799804687,400.9656721139251,449.39417044563083,0.133345294215585,0.08167561213517474,0.21502090635075974,610.9656721139252
RP053946,109.19791666666669,23.022916666666667,553.9520874023438,20.0,573.9520874023438,3732.180199355554,553.9520874023438,603.9520874023438,476.25208740234376,30.0,30.0,476.25208740234376,377.87503514095624,415.06270909115153,0.12182547416209302,0.08214893335433124,0.20397440751642426,587.8750351409562
RP053952,109.19791666666669,23.022916666666667,553.9520874023438,140.0,693.9520874023438,3732.180199355554,553.9520874023438,693.9520874023438,566.2520874023437,0.0,0.0,566.2520874023437,390.37503514095624,437.56270909115153,0.12982742815514858,0.07948161535664605,0.20930904351179463,600.3750351409562
RP053953,109.19791666666669,23.022916666666667,553.9520874023438,160.0,713.9520874023438,3732.180199355554,553.9520874023438,713.9520874023438,586.2520874023437,0.0,0.0,586.2520874023437,395.37503514095624,444.22937575781816,0.13160564015360537,0.07948161535664605,0.21108725551025143,605.3750351409562
RP053961,109.19902777777776,23.022916666666667,517.396484375,20.0,537.396484375,3629.796640659969,550.3021850585938,600.3021850585938,472.60218505859376,62.90570068359375,62.90570068359375,472.60218505859376,381.1055558698443,415.24692956776096,0.11932056855320002,0.08289420834114053,0.20221477689434053,591.1055558698442
RP053969,109.19902777777776,23.022916666666667,517.396484375,180.0,697.396484375,3629.796640659969,550.3021850585938,697.396484375,569.696484375,0.0,0.0,569.696484375,384.41056380441455,431.8852708356646,0.12795328095450942,0.07730122475479563,0.20525450570930504,594.4105638044146
RP054006,109.20236111111112,23.022916666666667,511.80413818359375,20.0,531.8041381835938,3327.067391860947,511.80413818359375,561.8041381835938,434.10413818359376,30.0,30.0,434.10413818359376,340.3305273366282,374.00587218526107,0.10945067232970698,0.07352153097250164,0.18297220330220862,550.3305273366282
RP054007,109.20236111111112,23.022916666666667,511.80413818359375,40.0,551.8041381835938,3327.067391860947,511.80413818359375,561.8041381835938,434.10413818359376,10.0,10.0,434.10413818359376,333.66386066996154,369.00587218526107,0.10945067232970698,0.07174331897404485,0.18119399130375183,543.6638606699615
RP054008,109.20236111111112,23.022916666666667,511.80413818359375,60.0,571.8041381835938,3327.067391860947,511.80413818359375,571.8041381835938,444.10413818359376,0.0,0.0,444.10413818359376,332.8305273366282,369.8392055185944,0.11033977832893538,0.07085421297481645,0.18119399130375183,542.8305273366282
RP054015,109.20236111111112,23.022916666666667,511.80413818359375,200.0,711.8041381835938,3327.067391860947,511.80413818359375,711.8041381835938,584.1041381835937,0.0,0.0,584.1041381835937,367.8305273366282,416.50587218526107,0.12278726231813292,0.07085421297481645,0.19364147529294937,577.8305273366282
RP054016,109.20236111111112,23.022916666666667,511.80413818359375,220.0,731.8041381835938,3327.067391860947,511.80413818359375,731.8041381835938,604.1041381835937,0.0,0.0,604.1041381835937,372.8305273366282,423.1725388519277,0.12456547431658971,0.07085421297481645,0.19541968729140616,582.8305273366282
RP054021,109.20347222222222,23.022916666666667,450.5096435546875,20.0,470.5096435546875,3227.8618314414125,450.5096435546875,500.5096435546875,372.8096435546875,30.0,30.0,372.8096435546875,318.3931996514327,346.9606699476567,0.10188823103134914,0.07140881996356711,0.17329705099491627,528.3931996514327
RP054036,109.20458333333332,23.022916666666667,404.7940368652344,20.0,424.7940368652344,3129.643999876335,405.4085998535156,455.4085998535156,327.70859985351564,30.61456298828125,30.61456298828125,327.70859985351564,300.774937617895,325.53277402333117,0.09578659413614214,0.06937178508495595,0.1651583792210981,510.774937617895
RP054037,109.20458333333332,23.022916666666667,404.7940368652344,40.0,444.7940368652344,3129.643999876335,405.4085998535156,455.4085998535156,327.70859985351564,10.61456298828125,10.61456298828125,327.70859985351564,294.10827095122835,320.53277402333117,0.09578659413614214,0.06759357308649917,0.16338016722264131,504.10827095122835
RP054040,109.20458333333332,23.022916666666667,404.7940368652344,100.0,504.7940368652344,3129.643999876335,405.4085998535156,504.7940368652344,377.0940368652344,0.0,0.0,377.0940368652344,302.9164425413976,334.3409456135005,0.10017748296830566,0.06664982592329231,0.16682730889159797,512.9164425413976
RP054073,109.20680555555556,23.022916666666667,342.22088623046875,160.0,502.22088623046875,2936.566985910561,342.22088623046875,502.22088623046875,374.52088623046876,0.0,0.0,374.52088623046876,289.4013539516546,320.6114278041937,0.09583687730425755,0.06253800062587306,0.1583748779301306,499.4013539516546
RP054075,109.20680555555556,23.022916666666667,342.22088623046875,200.0,542.2208862304688,2936.566985910561,342.22088623046875,542.2208862304688,414.52088623046876,0.0,0.0,414.52088623046876,299.4013539516546,333.944761137527,0.09939330130117113,0.06253800062587306,0.1619313019270442,509.4013539516546
RP054084,109.20791666666666,23.022916666666667,359.244140625,80.0,439.244140625,2841.9359944303687,359.244140625,439.244140625,311.544140625,0.0,0.0,311.544140625,267.3484347849413,293.31044650369125,0.08822228743791281,0.06052271099249859,0.1487449984304114,477.3484347849413
RP054085,109.20791666666666,23.022916666666667,359.244140625,100.0,459.244140625,2841.9359944303687,359.244140625,459.244140625,331.544140625,0.0,0.0,331.544140625,272.3484347849413,299.97711317035794,0.0900004994363696,0.06052271099249859,0.15052321042886818,482.3484347849413
RP054089,109.20791666666666,23.022916666666667,359.244140625,180.0,539.244140625,2841.9359944303687,359.244140625,539.244140625,411.544140625,0.0,0.0,411.544140625,292.3484347849413,326.64377983702457,0.09711334743019676,0.06052271099249859,0.15763605842269535,502.3484347849413
RP054090,109.20791666666666,23.022916666666667,359.244140625,200.0,559.244140625,2841.9359944303687,359.244140625,559.244140625,431.544140625,0.0,0.0,431.544140625,297.3484347849413,333.31044650369125,0.09889155942865355,0.06052271099249859,0.15941427042115214,507.3484347849413
RP054091,109.20791666666666,23.022916666666667,359.244140625,220.0,579.244140625,2841.9359944303687,359.244140625,579.244140625,451.544140625,0.0,0.0,451.544140625,302.3484347849413,339.97711317035794,0.10066977142711034,0.06052271099249859,0.16119248241960893,512.3484347849412
RP054106,109.20902777777778,23.022916666666667,323.2172546386719,220.0,543.2172546386719,2748.7523934201613,323.2172546386719,543.2172546386719,415.5172546386719,0.0,0.0,415.5172546386719,287.12947322101206,321.75591110756807,0.09548213380364493,0.05853824541542935,0.15402037921907427,497.12947322101206
RP054884,109.26680555555556,23.022916666666667,347.028564453125,180.0,527.028564453125,4013.433874043805,350.931396484375,527.028564453125,399.328564453125,0.0,0.0,399.328564453125,367.39439938286824,400.671779753962,0.12097581917908279,0.08547127694722917,0.20644709612631196,577.3943993828682
RP054889,109.26680555555556,23.022916666666667,347.028564453125,280.0,627.028564453125,4013.433874043805,350.931396484375,627.028564453125,499.328564453125,0.0,0.0,499.328564453125,392.39439938286824,434.00511308729534,0.12986687917136674,0.08547127694722917,0.2153381561185959,602.3943993828682
RP054962,109.27236111111112,23.022916666666667,414.2554931640625,240.0,654.2554931640625,4540.453874489299,414.2554931640625,654.2554931640625,526.5554931640625,0.0,0.0,526.5554931640625,434.33579825696887,478.2154226873074,0.14351121582067403,0.09669485103079062,0.24020606685146464,644.3357982569689
RP054963,109.27236111111112,23.022916666666667,414.2554931640625,260.0,674.2554931640625,4540.453874489299,414.2554931640625,674.2554931640625,546.5554931640625,0.0,0.0,546.5554931640625,439.33579825696887,484.88208935397404,0.14528942781913082,0.09669485103079062,0.24198427884992144,649.3357982569689
RP054991,109.27458333333334,23.022916666666667,447.779296875,220.0,667.779296875,4753.946180574795,447.779296875,667.779296875,540.079296875,0.0,0.0,540.079296875,451.949569590403,496.95617766331964,0.1492602207292285,0.10124144643816692,0.2505016671673954,661.9495695904029
RP055527,109.19680555555556,23.02180555555556,553.846435546875,140.0,693.846435546875,3785.259451222373,553.846435546875,693.846435546875,566.146435546875,0.0,0.0,566.146435546875,393.8872389682103,441.06610859711657,0.1309484260602374,0.08061200683158758,0.21156043289182497,603.8872389682103
RP055543,109.19791666666669,23.02180555555556,549.7965698242188,160.0,709.7965698242188,3680.83940629598,549.7965698242188,709.7965698242188,582.0965698242187,0.0,0.0,582.0965698242187,390.91343620912005,439.4214836944716,0.13014280185166083,0.07838824661556253,0.20853104846722337,600.91343620912
RP055544,109.19791666666669,23.02180555555556,549.7965698242188,180.0,729.7965698242188,3680.83940629598,549.7965698242188,729.7965698242188,602.0965698242187,0.0,0.0,602.0965698242187,395.91343620912005,446.0881503611382,0.13192101385011765,0.07838824661556253,0.21030926046568016,605.91343620912
RP055581,109.20125,23.02180555555556,536.7041625976562,20.0,556.7041625976562,3371.192302699823,536.7041625976562,586.7041625976562,459.00416259765626,30.0,30.0,459.00416259765626,349.4971941627356,385.2475410458736,0.112604245613727,0.074461228147774,0.187065473761501,559.4971941627356
RP055582,109.20125,23.02180555555556,536.7041625976562,40.0,576.7041625976562,3371.192302699823,536.7041625976562,586.7041625976562,459.00416259765626,10.0,10.0,459.00416259765626,342.8305274960689,380.2475410458736,0.112604245613727,0.07268301614931721,0.18528726176304422,552.830527496069
RP055589,109.20125,23.02180555555556,536.7041625976562,180.0,716.7041625976562,3371.192302699823,536.7041625976562,716.7041625976562,589.0041625976562,0.0,0.0,589.0041625976562,371.9971941627356,421.08087437920693,0.12416262360369613,0.07179391015008882,0.19595653375378497,581.9971941627356
RP055590,109.20125,23.02180555555556,536.7041625976562,200.0,736.7041625976562,3371.192302699823,536.7041625976562,736.7041625976562,609.0041625976562,0.0,0.0,609.0041625976562,376.9971941627356,427.7475410458736,0.1259408356021529,0.07179391015008882,0.19773474575224173,586.9971941627356
RP055599,109.20236111111112,23.02180555555556,502.3916931152344,80.0,582.3916931152344,3269.371059464508,502.3916931152344,582.3916931152344,454.6916931152344,0.0,0.0,454.6916931152344,331.6309939097758,369.52196833604535,0.11005240599969943,0.0696254947848923,0.17967790078459173,541.6309939097757
RP055606,109.20236111111112,23.02180555555556,502.3916931152344,220.0,722.3916931152344,3269.371059464508,502.3916931152344,722.3916931152344,594.6916931152343,0.0,0.0,594.6916931152343,366.6309939097758,416.188635002712,0.12249988998889695,0.0696254947848923,0.19212538477378927,576.6309939097757
RP055628,109.20458333333332,23.02180555555556,381.86865234375,60.0,441.86865234375,3068.2374843616035,381.86865234375,441.86865234375,314.16865234375,0.0,0.0,314.16865234375,283.0913287100444,309.27204973869027,0.0932750179312003,0.06534209457436749,0.1586171125055678,493.0913287100444
RP055644,109.20569444444445,23.02180555555556,354.5183410644531,80.0,434.5183410644531,2969.09511698926,354.5183410644531,434.5183410644531,306.81834106445314,0.0,0.0,306.81834106445314,274.644259732064,300.21245482076836,0.09051013211466069,0.06323072934328978,0.15374086145795046,484.644259732064
RP055648,109.20569444444445,23.02180555555556,354.5183410644531,160.0,514.5183410644531,2969.09511698926,354.5183410644531,514.5183410644531,386.81834106445314,0.0,0.0,386.81834106445314,294.644259732064,326.87912148743504,0.09762298010848786,0.06323072934328978,0.16085370945177763,504.644259732064
RP055677,109.20791666666666,23.02180555555556,321.4038391113281,140.0,461.4038391113281,2774.168324186297,321.4038391113281,461.4038391113281,333.70383911132814,0.0,0.0,333.70383911132814,268.3705147235852,296.1791679828625,0.08874931913961404,0.05907951060767114,0.14782882974728517,478.3705147235852
RP055682,109.20791666666666,23.02180555555556,321.4038391113281,240.0,561.4038391113281,2774.168324186297,321.4038391113281,561.4038391113281,433.70383911132814,0.0,0.0,433.70383911132814,293.3705147235852,329.5125013161959,0.09764037913189799,0.05907951060767114,0.15671988973956913,503.3705147235852
RP055692,109.20902777777778,23.02180555555556,311.3578491210937,140.0,451.3578491210937,2678.6282711142926,311.3578491210937,451.3578491210937,323.6578491210937,0.0,0.0,323.6578491210937,259.4896803545596,286.4611677813174,0.08582147486437817,0.05704486132928586,0.14286633619366404,469.4896803545596
RP055697,109.20902777777778,23.02180555555556,311.3578491210937,240.0,551.3578491210938,2678.6282711142926,311.3578491210937,551.3578491210938,423.65784912109376,0.0,0.0,423.65784912109376,284.4896803545596,319.79450111465076,0.09471253485666212,0.05704486132928586,0.15175739618594797,494.4896803545596
RP055701,109.21013888888888,23.02180555555556,289.88922119140625,20.0,309.88922119140625,2584.560683928526,297.4815673828125,347.4815673828125,219.7815673828125,37.59234619140625,37.59234619140625,219.7815673828125,239.7802195047403,254.96265460402412,0.07458248112868793,0.05838392817308509,0.132966409301773,449.78021950474033
RP055702,109.21013888888888,23.02180555555556,289.88922119140625,40.0,329.88922119140625,2584.560683928526,297.4815673828125,347.4815673828125,219.7815673828125,17.59234619140625,17.59234619140625,219.7815673828125,233.11355283807362,249.96265460402412,0.07458248112868793,0.0566057161746283,0.1311881973033162,443.1135528380736
RP055708,109.21013888888888,23.02180555555556,289.88922119140625,160.0,449.88922119140625,2584.560683928526,297.4815673828125,449.88922119140625,322.18922119140626,0.0,0.0,322.18922119140626,252.85135089308665,279.7004526590372,0.08368760706550045,0.05504157012070009,0.13872917718620054,462.85135089308665
RP055709,109.21013888888888,23.02180555555556,289.88922119140625,180.0,469.88922119140625,2584.560683928526,297.4815673828125,469.88922119140625,342.18922119140626,0.0,0.0,342.18922119140626,257.85135089308665,286.3671193257038,0.08546581906395724,0.05504157012070009,0.14050738918465733,467.85135089308665
RP055987,109.23125,23.02180555555556,183.63009643554688,40.0,223.63009643554688,1479.0158333022628,198.16598510742188,248.16598510742188,120.46598510742187,24.535888671875,24.535888671875,120.46598510742187,136.89618138763132,144.89035609059357,0.04220826241911528,0.03367905999437496,0.07588732241349025,346.8961813876313
RP056046,109.23569444444443,23.02180555555556,155.4521942138672,20.0,175.4521942138672,1559.3251902429088,197.96286010742188,247.96286010742188,120.26286010742187,72.51066589355469,72.51066589355469,120.26286010742187,158.19094967423428,162.17029919205655,0.043900494314278976,0.039654818079092095,0.08355531239337108,368.1909496742343
RP057013,109.18791666666668,23.020694444444445,581.90283203125,100.0,681.90283203125,4598.494388877443,577.43212890625,681.90283203125,554.20283203125,0.0,0.0,554.20283203125,445.11700059964204,491.3005699355796,0.1472054052972251,0.09793089902239,0.24513630431961508,655.1170005996421
RP057269,109.20680555555556,23.020694444444445,326.5660095214844,120.0,446.5660095214844,2809.408161235908,332.5582580566406,446.5660095214844,318.8660095214844,0.0,0.0,318.8660095214844,267.01037979609833,293.582547256222,0.0881805568204699,0.05982998861891286,0.14801054543938275,477.01037979609833
RP057352,109.21236111111112,23.020694444444445,283.9241027832031,280.0,563.9241027832031,2327.508708235767,295.8811340332031,563.9241027832031,436.22410278320314,0.0,0.0,436.22410278320314,264.22327291151856,300.5752814767855,0.08835226176205571,0.049567315082798734,0.13791957684485445,474.22327291151856
RP057601,109.23125,23.020694444444445,142.5347137451172,160.0,302.5347137451172,1355.5171317095917,142.5347137451172,302.5347137451172,174.8347137451172,0.0,0.0,174.8347137451172,134.07648721691874,148.6460466956785,0.04441215375800944,0.028867494471593157,0.0732796482296026,344.07648721691874
RP057615,109.23236111111112,23.020694444444445,156.70394897460938,140.0,296.7039489746094,1363.6828856068662,156.70394897460938,296.7039489746094,169.0039489746094,0.0,0.0,169.0039489746094,133.16317961744343,147.24684203199422,0.044067637278733626,0.029041394786072153,0.07310903206480578,343.16317961744346
RP057629,109.23347222222222,23.020694444444445,177.09182739257812,120.0,297.0918273925781,1381.195250801772,177.09182739257812,297.0918273925781,169.39182739257814,0.0,0.0,169.39182739257814,134.42764023492936,148.54362585097752,0.04447507229961201,0.02941434330411181,0.07388941560372382,344.42764023492936
RP057633,109.23347222222222,23.020694444444445,177.09182739257812,200.0,377.0918273925781,1381.195250801772,177.09182739257812,377.0918273925781,249.39182739257814,0.0,0.0,249.39182739257814,154.42764023492936,175.21029251764418,0.05158792029343917,0.02941434330411181,0.08100226359755099,364.42764023492936
RP057643,109.23458333333332,23.020694444444445,170.98362731933594,100.0,270.98362731933594,1407.705444821582,212.5540008544922,270.98362731933594,143.28362731933595,0.0,0.0,143.28362731933595,129.66793648460612,141.60823876121745,0.042718345514912694,0.02997891225082998,0.07269725776574268,339.6679364846061
RP057657,109.23569444444443,23.020694444444445,171.430908203125,80.0,251.430908203125,1442.7175427385275,192.9760284423828,251.430908203125,123.730908203125,0.0,0.0,123.730908203125,127.11389656668308,137.42480558361015,0.041725529539361816,0.030724540262024192,0.072450069801386,337.1138965666831
RP057662,109.23569444444443,23.020694444444445,171.430908203125,180.0,351.430908203125,1442.7175427385275,192.9760284423828,351.430908203125,223.730908203125,0.0,0.0,223.730908203125,152.11389656668308,170.7581389169435,0.05061658953164577,0.030724540262024192,0.08134112979366996,362.1138965666831
RP057684,109.23791666666666,23.020694444444445,148.141357421875,20.0,168.141357421875,1535.7823596526796,148.141357421875,198.141357421875,70.441357421875,30.0,30.0,70.441357421875,129.99582999898072,133.3659431174703,0.03896945952554662,0.03537379417547373,0.07434325370102035,339.99582999898075
RP058616,109.18680555555557,23.019583333333333,627.5038452148438,60.0,687.5038452148438,4673.22308031648,624.287109375,687.5038452148438,559.8038452148437,0.0,0.0,559.8038452148437,451.49916665814294,498.14948709271323,0.14929483909427435,0.09952234337711022,0.24881718247138457,661.4991666581429
RP058617,109.18680555555557,23.019583333333333,627.5038452148438,80.0,707.5038452148438,4673.22308031648,624.287109375,707.5038452148438,579.8038452148437,0.0,0.0,579.8038452148437,456.49916665814294,504.8161537593799,0.15107305109273114,0.09952234337711022,0.25059539446984136,666.4991666581429
RP058859,109.20458333333332,23.019583333333333,362.280517578125,120.0,482.280517578125,2957.1080709977746,362.280517578125,482.280517578125,354.580517578125,0.0,0.0,354.580517578125,285.78566746104957,315.3340439258933,0.09450141619895983,0.0629754496601378,0.15747686585909762,495.78566746104957
RP058872,109.20569444444445,23.019583333333333,342.684326171875,80.0,422.684326171875,2854.108038748362,337.48333740234375,422.684326171875,294.984326171875,0.0,0.0,294.984326171875,264.01995079285956,288.6019779738491,0.08700916386260218,0.060781930454826216,0.1477910943174284,474.01995079285956
RP058889,109.20680555555556,23.019583333333333,320.0965881347656,120.0,440.0965881347656,2751.952441510949,325.1814270019531,440.0965881347656,312.39658813476564,0.0,0.0,312.39658813476564,261.56264313442136,287.5956921456518,0.08638176265264338,0.058606394587733174,0.14498815724037656,471.56264313442136
RP058893,109.20680555555556,23.019583333333333,320.0965881347656,200.0,520.0965881347656,2751.952441510949,325.1814270019531,520.0965881347656,392.39658813476564,0.0,0.0,392.39658813476564,281.56264313442136,314.2623588123185,0.09349461064647055,0.058606394587733174,0.15210100523420372,491.56264313442136
RP058899,109.20791666666666,23.019583333333333,321.0863952636719,20.0,341.0863952636719,2650.738910952409,305.1308898925781,355.1308898925781,227.43088989257814,14.04449462890625,14.04449462890625,227.43088989257814,238.2551480796072,256.0373476849132,0.07667193811309864,0.05769962569483341,0.13437156380793205,448.25514807960724
RP058905,109.20791666666666,23.019583333333333,321.0863952636719,140.0,461.0863952636719,2650.738910952409,305.1308898925781,461.0863952636719,333.3863952636719,0.0,0.0,333.3863952636719,260.06252621274524,287.8447258180512,0.08609250566077023,0.056450921251764256,0.1425434269125345,470.06252621274524
RP058906,109.20791666666666,23.019583333333333,321.0863952636719,160.0,481.0863952636719,2650.738910952409,305.1308898925781,481.0863952636719,353.3863952636719,0.0,0.0,353.3863952636719,265.06252621274524,294.5113924847179,0.08787071765922701,0.056450921251764256,0.14432163891099126,475.06252621274524
RP058926,109.20902777777778,23.019583333333333,317.7047119140625,260.0,577.7047119140625,2550.5796003911155,309.11468505859375,577.7047119140625,450.0047119140625,0.0,0.0,450.0047119140625,282.53981800459,320.0402106640952,0.09432808780160205,0.0543178988972182,0.14864598669882026,492.53981800459
RP058954,109.21125,23.019583333333333,302.1089782714844,220.0,522.1089782714844,2353.960559636929,297.4286193847656,522.1089782714844,394.4089782714844,0.0,0.0,394.4089782714844,255.53294854366635,288.40036339962336,0.08519778042089532,0.05013064154782348,0.1353284219687188,465.53294854366635
RP058984,109.21347222222222,23.019583333333333,288.2768859863281,220.0,508.2768859863281,2163.391849743157,289.7141418457031,508.2768859863281,380.57688598632814,0.0,0.0,380.57688598632814,239.3703448127925,271.0850853116532,0.0799095530869333,0.04607223383712278,0.1259817869240561,449.3703448127925
RP058985,109.21347222222222,23.019583333333333,288.2768859863281,240.0,528.2768859863281,2163.391849743157,289.7141418457031,528.2768859863281,400.57688598632814,0.0,0.0,400.57688598632814,244.3703448127925,277.7517519783198,0.0816877650853901,0.04607223383712278,0.12775999892251289,454.3703448127925
RP058988,109.21347222222222,23.019583333333333,288.2768859863281,300.0,588.2768859863281,2163.391849743157,289.7141418457031,588.2768859863281,460.57688598632814,0.0,0.0,460.57688598632814,259.3703448127925,297.7517519783198,0.08702240108076045,0.04607223383712278,0.13309463491788323,469.3703448127925
RP058997,109.21458333333334,23.019583333333333,281.2431640625,180.0,461.2431640625,2070.9004733303746,277.7080078125,461.2431640625,333.5431640625,0.0,0.0,333.5431640625,221.4458225709833,249.24108624285833,0.07375803289714286,0.044102510080183906,0.11786054297732676,431.4458225709833
RP058999,109.21458333333334,23.019583333333333,281.2431640625,220.0,501.2431640625,2070.9004733303746,277.7080078125,501.2431640625,373.5431640625,0.0,0.0,373.5431640625,231.4458225709833,262.57441957619164,0.07731445689405644,0.044102510080183906,0.12141696697424034,441.4458225709833
RP059001,109.21458333333334,23.019583333333333,281.2431640625,260.0,541.2431640625,2070.9004733303746,277.7080078125,541.2431640625,413.5431640625,0.0,0.0,413.5431640625,241.4458225709833,275.907752909525,0.08087088089097003,0.044102510080183906,0.12497339097115392,451.4458225709833
RP059171,109.22791666666669,23.019583333333333,206.92100524902344,60.0,266.92100524902344,1267.466648505242,203.5731201171875,266.92100524902344,139.22100524902345,0.0,0.0,139.22100524902345,119.303027879272,130.90477831669062,0.039370568390792726,0.026992345292241263,0.06636291368303399,329.303027879272
RP059753,109.2701388888889,23.019583333333333,377.2278747558594,300.0,677.2278747558594,4205.319847924396,377.2278747558594,677.2278747558594,549.5278747558593,0.0,0.0,549.5278747558593,417.7366252172579,463.5306147802462,0.13841659052096006,0.0895577375020936,0.22797432802305367,627.7366252172578
RP060493,109.20569444444445,23.018472222222226,336.60223388671875,100.0,436.60223388671875,2803.021563507299,336.60223388671875,436.60223388671875,308.90223388671876,0.0,0.0,308.90223388671876,264.09366270549964,289.83551552939286,0.0871586606737326,0.05969397774135914,0.14685263841509175,474.09366270549964
RP060572,109.21125,23.018472222222226,288.2172546386719,180.0,468.2172546386719,2291.752060098362,288.2172546386719,468.2172546386719,340.5172546386719,0.0,0.0,340.5172546386719,237.9127843328921,266.2892222194481,0.07908142430350477,0.048805830909502156,0.12788725521300692,447.9127843328921
RP060576,109.21125,23.018472222222226,288.2172546386719,260.0,548.2172546386719,2291.752060098362,288.2172546386719,548.2172546386719,420.5172546386719,0.0,0.0,420.5172546386719,257.9127843328921,292.95588888611474,0.08619427229733194,0.048805830909502156,0.1350001032068341,467.9127843328921
RP061857,109.18680555555557,23.01736111111111,610.5201416015625,80.0,690.5201416015625,4614.275403614327,619.202392578125,690.5201416015625,562.8201416015625,0.0,0.0,562.8201416015625,448.32339564134577,495.2250741081426,0.14830765262653528,0.09826697618808289,0.24657462881461817,658.3233956413458
RP062066,109.20236111111112,23.01736111111111,499.76611328125,60.0,559.76611328125,3077.6155623437016,483.54150390625,559.76611328125,432.06611328125,0.0,0.0,432.06611328125,313.1908991432259,349.19640858333014,0.10395707023992948,0.06554181290176402,0.16949888314169348,523.1908991432259
RP062067,109.20236111111112,23.01736111111111,499.76611328125,80.0,579.76611328125,3077.6155623437016,483.54150390625,579.76611328125,452.06611328125,0.0,0.0,452.06611328125,318.1908991432259,355.86307524999677,0.10573528223838627,0.06554181290176402,0.17127709514015027,528.1908991432259
RP062070,109.20236111111112,23.01736111111111,499.76611328125,140.0,639.76611328125,3077.6155623437016,483.54150390625,639.76611328125,512.06611328125,0.0,0.0,512.06611328125,333.1908991432259,375.86307524999677,0.11106991823375664,0.06554181290176402,0.17661173113552064,543.1908991432259
RP062075,109.20236111111112,23.01736111111111,499.76611328125,240.0,739.76611328125,3077.6155623437016,483.54150390625,739.76611328125,612.06611328125,0.0,0.0,612.06611328125,358.1908991432259,409.1964085833301,0.1199609782260406,0.06554181290176402,0.1855027911278046,568.1908991432259
RP062076,109.20236111111112,23.01736111111111,499.76611328125,260.0,759.76611328125,3077.6155623437016,483.54150390625,759.76611328125,632.06611328125,0.0,0.0,632.06611328125,363.1908991432259,415.86307524999677,0.12173919022449738,0.06554181290176402,0.1872810031262614,573.1908991432259
RP062077,109.20236111111112,23.01736111111111,499.76611328125,280.0,779.76611328125,3077.6155623437016,483.54150390625,779.76611328125,652.06611328125,0.0,0.0,652.06611328125,368.1908991432259,422.5297419166634,0.12351740222295417,0.06554181290176402,0.18905921512471818,578.1908991432259
RP062086,109.20347222222222,23.01736111111111,426.0447082519531,160.0,586.0447082519531,2970.089581556766,407.3967590332031,586.0447082519531,458.34470825195314,0.0,0.0,458.34470825195314,312.5921491667727,350.78754152110207,0.10400361073751556,0.06325190775537556,0.1672555184928911,522.5921491667727
RP062100,109.20458333333332,23.01736111111111,392.4836120605469,140.0,532.4836120605469,2863.042382773556,392.4836120605469,532.4836120605469,404.7836120605469,0.0,0.0,404.7836120605469,292.0653952000404,325.7973628717527,0.09696175267963694,0.0609721988923998,0.15793395157203674,502.0653952000404
RP062101,109.20458333333332,23.01736111111111,392.4836120605469,160.0,552.4836120605469,2863.042382773556,392.4836120605469,552.4836120605469,424.7836120605469,0.0,0.0,424.7836120605469,297.0653952000404,332.46402953841937,0.09873996467809373,0.0609721988923998,0.15971216357049353,507.0653952000404
RP062103,109.20458333333332,23.01736111111111,392.4836120605469,200.0,592.4836120605469,2863.042382773556,392.4836120605469,592.4836120605469,464.7836120605469,0.0,0.0,464.7836120605469,307.0653952000404,345.7973628717527,0.10229638867500732,0.0609721988923998,0.16326858756740711,517.0653952000405
RP062299,109.21902777777778,23.01736111111111,273.6015319824219,220.0,493.6015319824219,1559.8910584019918,293.7503662109375,493.6015319824219,365.9015319824219,0.0,0.0,365.9015319824219,195.46812022240493,225.9599145542734,0.06575242689091522,0.03321990216967204,0.09897232906058726,405.46812022240493
RP062300,109.21902777777778,23.01736111111111,273.6015319824219,240.0,513.6015319824219,1559.8910584019918,293.7503662109375,513.6015319824219,385.9015319824219,0.0,0.0,385.9015319824219,200.46812022240493,232.62658122094007,0.067530638889372,0.03321990216967204,0.10075054105904405,410.46812022240493
RP062858,109.26013888888887,23.01736111111111,339.6683654785156,300.0,639.6683654785156,3154.972638160647,359.0202941894531,639.6683654785156,511.96836547851564,0.0,0.0,511.96836547851564,338.32360058033873,380.9876310368817,0.11270864662518712,0.06718923210897675,0.17989787873416385,548.3236005803387
RP062976,109.26902777777778,23.01736111111111,381.4913024902344,260.0,641.4913024902344,4029.3454282716143,381.4913024902344,641.4913024902344,513.7913024902343,0.0,0.0,513.7913024902343,397.0708541739995,439.8867960481857,0.13149162706014303,0.0858101341205992,0.21730176118074224,607.0708541739996
RP063671,109.20125,23.01625,510.1105651855469,60.0,570.1105651855469,3149.591002809245,505.8800964355469,570.1105651855469,442.4105651855469,0.0,0.0,442.4105651855469,320.575374817003,357.4429219157986,0.10640961197082412,0.06707462320797465,0.17348423517879877,530.575374817003
RP063674,109.20125,23.01625,510.1105651855469,120.0,630.1105651855469,3149.591002809245,505.8800964355469,630.1105651855469,502.4105651855469,0.0,0.0,502.4105651855469,335.575374817003,377.4429219157986,0.11174424796619448,0.06707462320797465,0.17881887117416911,545.575374817003
RP063680,109.20125,23.01625,510.1105651855469,240.0,750.1105651855469,3149.591002809245,505.8800964355469,750.1105651855469,622.4105651855468,0.0,0.0,622.4105651855468,365.575374817003,417.4429219157986,0.12241351995693522,0.06707462320797465,0.18948814316490986,575.575374817003
RP063688,109.20236111111112,23.01625,473.52001953125,100.0,573.52001953125,3040.357391435831,450.71240234375,573.52001953125,445.82001953125,0.0,0.0,445.82001953125,314.1454976452012,351.29716593947205,0.1043864772487874,0.06474835185465194,0.16913482910343935,524.1454976452012
RP063689,109.20236111111112,23.01625,473.52001953125,120.0,593.52001953125,3040.357391435831,450.71240234375,593.52001953125,465.82001953125,0.0,0.0,465.82001953125,319.1454976452012,357.9638326061387,0.1061646892472442,0.06474835185465194,0.17091304110189615,529.1454976452012
RP063691,109.20236111111112,23.01625,473.52001953125,160.0,633.52001953125,3040.357391435831,450.71240234375,633.52001953125,505.82001953125,0.0,0.0,505.82001953125,329.1454976452012,371.29716593947205,0.10972111324415777,0.06474835185465194,0.17446946509880973,539.1454976452012
RP063697,109.20236111111112,23.01625,473.52001953125,280.0,753.52001953125,3040.357391435831,450.71240234375,753.52001953125,625.82001953125,0.0,0.0,625.82001953125,359.1454976452012,411.29716593947205,0.1203903852348985,0.06474835185465194,0.18513873708955045,569.1454976452012
RP063698,109.20236111111112,23.01625,473.52001953125,300.0,773.52001953125,3040.357391435831,450.71240234375,773.52001953125,645.82001953125,0.0,0.0,645.82001953125,364.1454976452012,417.9638326061387,0.1221685972333553,0.06474835185465194,0.18691694908800724,574.1454976452012
RP063736,109.20569444444445,23.01625,332.6998291015625,160.0,492.6998291015625,2714.868644506373,321.0102844238281,492.6998291015625,364.9998291015625,0.0,0.0,364.9998291015625,272.2412002424822,302.65785266761236,0.09026900083608583,0.05781664705893202,0.14808564789501785,482.2412002424822
RP063739,109.20569444444445,23.01625,332.6998291015625,220.0,552.6998291015625,2714.868644506373,321.0102844238281,552.6998291015625,424.9998291015625,0.0,0.0,424.9998291015625,287.2412002424822,322.65785266761236,0.0956036368314562,0.05781664705893202,0.15342028389038823,497.2412002424822
RP063765,109.20791666666666,23.01625,289.3411865234375,140.0,429.3411865234375,2500.1991588897504,288.79718017578125,429.3411865234375,301.6411865234375,0.0,0.0,301.6411865234375,242.09024055684273,267.2270061004625,0.08006408094270287,0.053244982087466905,0.13330906303016976,452.09024055684273
RP063828,109.21236111111112,23.01625,278.29669189453125,200.0,478.29669189453125,2079.024740330987,268.9554748535156,478.29669189453125,350.59669189453126,0.0,0.0,350.59669189453126,226.25082232903196,255.46721332024288,0.07544728908472485,0.04427552687741916,0.11972281596214401,436.25082232903196
RP063830,109.21236111111112,23.01625,278.29669189453125,240.0,518.2966918945312,2079.024740330987,268.9554748535156,518.2966918945312,390.59669189453126,0.0,0.0,390.59669189453126,236.25082232903196,268.80054665357625,0.07900371308163844,0.04427552687741916,0.1232792399590576,446.25082232903196
RP063924,109.22013888888888,23.01625,261.0101623535156,20.0,281.0101623535156,1393.9171632775003,285.386474609375,335.386474609375,207.686474609375,54.376312255859375,54.376312255859375,207.686474609375,162.97486695613023,175.7507138189232,0.04815080197502958,0.03451990346591058,0.08267070544094016,372.9748669561302
RP063940,109.22125,23.01625,280.5414733886719,40.0,320.5414733886719,1306.3535027690773,287.7159729003906,337.7159729003906,210.01597290039064,17.17449951171875,17.17449951171875,210.01597290039064,145.31905991360904,161.3891826959984,0.046493137406627326,0.02934748631763622,0.07584062372426355,355.31905991360907
RP063949,109.22125,23.01625,280.5414733886719,220.0,500.5414733886719,1306.3535027690773,287.7159729003906,500.5414733886719,372.8414733886719,0.0,0.0,372.8414733886719,180.30060186510644,211.37072464749576,0.060970050337777,0.02782049126267479,0.08879054160045179,390.30060186510644
RP063950,109.22125,23.01625,280.5414733886719,240.0,520.5414733886719,1306.3535027690773,287.7159729003906,520.5414733886719,392.8414733886719,0.0,0.0,392.8414733886719,185.30060186510644,218.03739131416245,0.06274826233623379,0.02782049126267479,0.09056875359890858,395.30060186510644
RP063951,109.22125,23.01625,280.5414733886719,260.0,540.5414733886719,1306.3535027690773,287.7159729003906,540.5414733886719,412.8414733886719,0.0,0.0,412.8414733886719,190.30060186510644,224.7040579808291,0.06452647433469058,0.02782049126267479,0.09234696559736537,400.30060186510644
RP063965,109.22236111111113,23.01625,248.54116821289065,240.0,488.5411682128906,1223.1021545711912,228.8404083251953,488.5411682128906,360.84116821289064,0.0,0.0,360.84116821289064,171.75043569130207,201.8205330423763,0.058130150627052825,0.02604754588438648,0.0841776965114393,381.7504356913021
RP063966,109.22236111111113,23.01625,248.54116821289065,260.0,508.5411682128906,1223.1021545711912,228.8404083251953,508.5411682128906,380.84116821289064,0.0,0.0,380.84116821289064,176.75043569130207,208.48719970904295,0.05990836262550962,0.02604754588438648,0.0859559085098961,386.7504356913021
RP063967,109.22236111111113,23.01625,248.54116821289065,280.0,528.5411682128906,1223.1021545711912,228.8404083251953,528.5411682128906,400.84116821289064,0.0,0.0,400.84116821289064,181.75043569130207,215.15386637570964,0.06168657462396641,0.02604754588438648,0.08773412050835289,391.7504356913021
RP064505,109.2623611111111,23.01625,348.3157958984375,240.0,588.3157958984375,3337.8377705636776,355.9044494628906,588.3157958984375,460.6157958984375,0.0,0.0,460.6157958984375,337.6764670121879,376.061116670391,0.11203720889815941,0.07108358215089314,0.18312079104905254,547.6764670121879
RP064534,109.26458333333332,23.01625,367.6007690429688,220.0,587.6007690429688,3558.0716772431465,371.66827392578125,587.6007690429688,459.90076904296876,0.0,0.0,459.90076904296876,352.17997074361864,390.5050348305327,0.11666380196261555,0.07577374868202996,0.19243755064464552,562.1799707436187
RP064583,109.26791666666666,23.01625,366.1618957519531,300.0,666.1618957519531,3889.978290890957,366.1618957519531,666.1618957519531,538.4618957519531,0.0,0.0,538.4618957519531,393.9473599973854,438.8191846433815,0.13071710045586968,0.08284213026897407,0.21355923072484373,603.9473599973853
RP065305,109.20125,23.015138888888888,458.21673583984375,40.0,498.21673583984375,3118.093675272606,447.1371765136719,498.21673583984375,370.51673583984376,0.0,0.0,370.51673583984376,300.50209564480133,331.3784902981217,0.09934671205318565,0.0664038467882129,0.16575055884139855,510.50209564480133
RP065307,109.20125,23.015138888888888,458.21673583984375,80.0,538.2167358398438,3118.093675272606,447.1371765136719,538.2167358398438,410.51673583984376,0.0,0.0,410.51673583984376,310.50209564480133,344.711823631455,0.10290313605009924,0.0664038467882129,0.16930698283831214,520.5020956448013
RP065324,109.20236111111112,23.015138888888888,444.3501281738281,120.0,564.3501281738281,3007.716368020192,414.03778076171875,564.3501281738281,436.65012817382814,0.0,0.0,436.65012817382814,309.6769565781365,346.06446725928885,0.10287604380089797,0.06405321894857816,0.16692926274947611,519.6769565781365
RP065325,109.20236111111112,23.015138888888888,444.3501281738281,140.0,584.3501281738281,3007.716368020192,414.03778076171875,584.3501281738281,456.65012817382814,0.0,0.0,456.65012817382814,314.6769565781365,352.73113392595553,0.10465425579935476,0.06405321894857816,0.1687074747479329,524.6769565781365
RP065327,109.20236111111112,23.015138888888888,444.3501281738281,180.0,624.3501281738281,3007.716368020192,414.03778076171875,624.3501281738281,496.65012817382814,0.0,0.0,496.65012817382814,324.6769565781365,366.06446725928885,0.10821067979626833,0.06405321894857816,0.1722638987448465,534.6769565781365
RP065342,109.20347222222222,23.015138888888888,396.1223754882813,180.0,576.1223754882812,2897.59768141619,374.5166320800781,576.1223754882812,448.42237548828126,0.0,0.0,448.42237548828126,305.27877263314963,342.6473039238398,0.10157760119438822,0.06170809877090033,0.16328569996528855,515.2787726331496
RP065416,109.20902777777778,23.015138888888888,264.13751220703125,160.0,424.13751220703125,2352.1522146334914,253.76466369628906,424.13751220703125,296.43751220703126,0.0,0.0,296.43751220703126,230.91952569399058,255.62265171124318,0.07644856754678556,0.050092130496824344,0.1265406980436099,440.9195256939906
RP065464,109.21236111111112,23.015138888888888,245.3839111328125,220.0,465.3839111328125,2030.9920122212231,241.06790161132812,465.3839111328125,337.6839111328125,0.0,0.0,337.6839111328125,219.820445264618,247.9607711923524,0.07327628679078338,0.0432526076676742,0.11652889445845757,429.820445264618
RP065468,109.21236111111112,23.015138888888888,245.3839111328125,300.0,545.3839111328125,2030.9920122212231,241.06790161132812,545.3839111328125,417.6839111328125,0.0,0.0,417.6839111328125,239.820445264618,274.6274378590191,0.08038913478461054,0.0432526076676742,0.12364174245228474,449.820445264618
RP065480,109.21347222222222,23.015138888888888,235.22740173339844,240.0,475.22740173339844,1925.4682647109653,236.73097229003906,475.22740173339844,347.52740173339845,0.0,0.0,347.52740173339845,215.24640141408065,244.20701822519717,0.07190421245214229,0.04100534267440018,0.11290955512654247,425.24640141408065
RP065496,109.21458333333334,23.015138888888888,218.05474853515625,260.0,478.05474853515625,1820.931770636645,233.751708984375,478.05474853515625,350.35474853515626,0.0,0.0,350.35474853515626,208.9841385095654,238.18036755416176,0.06992935340089375,0.03877910252281744,0.10870845592371119,418.9841385095654
RP065512,109.21569444444444,23.015138888888888,202.3488006591797,280.0,482.3488006591797,1717.562801885558,243.40135192871094,482.3488006591797,354.6488006591797,0.0,0.0,354.6488006591797,203.16638695716546,232.72045367876376,0.06810976396497487,0.03657772633645169,0.10468749030142656,413.16638695716546
RP065528,109.21680555555557,23.015138888888888,206.9532470703125,300.0,506.9532470703125,1615.585477074618,263.88787841796875,506.9532470703125,379.2532470703125,0.0,0.0,379.2532470703125,202.5190102392193,234.12344749507872,0.06812562073148062,0.03440598701177427,0.1025316077432549,412.5190102392193
RP065585,109.22125,23.015138888888888,277.7080078125,240.0,517.7080078125,1228.472285806694,275.6235656738281,517.7080078125,390.0080078125,0.0,0.0,390.0080078125,179.40015434023792,211.90082165794627,0.060837755739648586,0.026161909790327738,0.08699966552997632,389.4001543402379
RP065587,109.22125,23.015138888888888,277.7080078125,280.0,557.7080078125,1228.472285806694,275.6235656738281,557.7080078125,430.0080078125,0.0,0.0,430.0080078125,189.40015434023792,225.2341549912796,0.06439417973656217,0.026161909790327738,0.0905560895268899,399.4001543402379
RP065589,109.22236111111113,23.015138888888888,237.94764709472656,20.0,257.94764709472656,1139.5453318384384,234.81504821777344,284.81504821777344,157.11504821777345,26.867401123046875,26.867401123046875,157.11504821777345,124.20425121802154,135.05822180924875,0.03823728822384076,0.026656891782110337,0.0648941800059511,334.20425121802157
RP065602,109.22236111111113,23.015138888888888,237.94764709472656,280.0,517.9476470947266,1139.5453318384384,234.81504821777344,517.9476470947266,390.2476470947266,0.0,0.0,390.2476470947266,173.53160056291085,206.05223782080475,0.05896524745156136,0.024268095029892668,0.08323334248145403,383.53160056291085
RP065603,109.22236111111113,23.015138888888888,237.94764709472656,300.0,537.9476470947266,1139.5453318384384,234.81504821777344,537.9476470947266,410.2476470947266,0.0,0.0,410.2476470947266,178.53160056291085,212.7189044874714,0.06074345945001815,0.024268095029892668,0.08501155447991082,388.53160056291085
RP065617,109.22347222222224,23.015138888888888,213.41134643554688,280.0,493.4113464355469,1055.389956289446,213.87557983398438,493.4113464355469,365.7113464355469,0.0,0.0,365.7113464355469,161.78716702818312,192.2631125644787,0.054991512427449096,0.022475897217275238,0.07746740964472433,371.78716702818315
RP065618,109.22347222222224,23.015138888888888,213.41134643554688,300.0,513.4113464355469,1055.389956289446,213.87557983398438,513.4113464355469,385.7113464355469,0.0,0.0,385.7113464355469,166.78716702818312,198.92977923114535,0.05676972442590589,0.022475897217275238,0.07924562164318112,376.78716702818315
RP065694,109.23013888888887,23.015138888888888,181.6449737548828,20.0,201.6449737548828,740.7557851374636,167.43695068359375,217.43695068359375,89.73695068359375,15.791976928710938,15.791976928710938,89.73695068359375,77.08194898963299,83.24403013587322,0.0237539208040076,0.01717942882618235,0.04093334963018995,287.081948989633
RP066958,109.20125,23.014027777777777,426.673583984375,100.0,526.673583984375,3091.2169149532115,417.0686340332031,526.673583984375,398.973583984375,0.0,0.0,398.973583984375,305.82452365964116,339.07232232500576,0.10130445204238271,0.06583147133696654,0.16713592337934924,515.8245236596412
RP066978,109.20236111111112,23.014027777777777,395.4708557128906,200.0,595.4708557128906,2979.844223776538,374.13409423828125,595.4708557128906,467.77085571289064,0.0,0.0,467.77085571289064,315.5989955133252,354.57990015606606,0.10504943291420529,0.06345964550635219,0.16850907842055748,525.5989955133252
RP067038,109.20680555555556,23.014027777777777,270.058837890625,200.0,470.058837890625,2536.438414535199,275.1083984375,470.058837890625,342.358837890625,0.0,0.0,342.358837890625,254.68560377500285,283.21550693255494,0.08445607367899123,0.05401674401324961,0.13847281769224085,464.68560377500285
RP067227,109.22125,23.014027777777777,241.1094970703125,80.0,321.1094970703125,1158.5585891585051,212.98013305664062,321.1094970703125,193.4094970703125,0.0,0.0,193.4094970703125,125.5896135448118,141.7070716340045,0.041869161406634686,0.02467300699133853,0.06654216839797322,335.5896135448118
RP067300,109.22680555555556,23.014027777777777,169.0526580810547,40.0,209.0526580810547,740.273556284772,190.42532348632812,240.42532348632812,112.72532348632812,31.372665405273438,31.372665405273438,112.72532348632812,87.99045642565797,94.76984459907919,0.02578756113261906,0.01855444749731485,0.04434200862993391,297.99045642565795
RP067852,109.26680555555556,23.014027777777777,390.51068115234375,280.0,670.5106811523438,3730.649491618351,390.51068115234375,670.5106811523438,542.8106811523437,0.0,0.0,542.8106811523437,384.412636395976,429.64685982533797,0.12771064025691156,0.07944901695113155,0.2071596572080431,594.412636395976
RP068965,109.22791666666669,23.012916666666666,180.57667541503903,40.0,220.57667541503903,574.7976232574614,186.63299560546875,236.63299560546875,108.93299560546875,16.056320190429716,16.056320190429716,108.93299560546875,70.90519718200785,78.64492013326111,0.021926358485972054,0.013668637555982095,0.03559499604195415,280.90519718200784
RP069147,109.24125,23.012916666666666,232.5349273681641,80.0,312.53492736816406,1171.6628488719502,237.5988311767578,312.53492736816406,184.83492736816407,0.0,0.0,184.83492736816407,124.31958843350436,139.72249904751803,0.041385863467937614,0.02495207918893968,0.06633794265687729,334.31958843350435
RP069489,109.26680555555556,23.012916666666666,388.0718994140625,20.0,408.0718994140625,3712.3292743976544,388.0718994140625,438.0718994140625,310.3718994140625,30.0,30.0,310.3718994140625,335.08159314669257,358.4459180978645,0.10665421595308258,0.08172618217467227,0.18838039812775487,545.0815931466925
RP069503,109.26680555555556,23.012916666666666,388.0718994140625,300.0,688.0718994140625,3712.3292743976544,388.0718994140625,688.0718994140625,560.3718994140625,0.0,0.0,560.3718994140625,387.58159314669257,434.27925143119774,0.12888186593379244,0.07905886417698708,0.20794073011077951,597.5815931466925
RP070674,109.23236111111112,23.01180555555556,158.07029724121094,20.0,178.07029724121094,397.7333478640094,158.07029724121094,208.07029724121094,80.37029724121093,30.0,30.0,80.37029724121093,56.60813083457003,60.805655604670946,0.015616018566722826,0.011137565220715014,0.02675358378743784,266.60813083457003
RP070809,109.24236111111112,23.01180555555556,255.79808044433597,20.0,275.79808044433594,1233.675499611658,265.75,315.75,188.05,39.95191955566406,39.95191955566406,188.05,142.57483982599857,154.91634652969321,0.042992357288701204,0.029824868108974348,0.07281722539767554,352.57483982599854
RP070811,109.24236111111112,23.01180555555556,255.79808044433597,60.0,315.79808044433594,1233.675499611658,265.75,315.79808044433594,188.09808044433595,0.0,0.0,188.09808044433595,129.26955341852786,144.94439345555585,0.042996632149851666,0.026272718973211234,0.0692693511230629,339.26955341852783
RP071140,109.26680555555556,23.01180555555556,363.7654418945313,40.0,403.7654418945313,3698.048244480782,363.76544189453125,413.76544189453125,286.06544189453126,9.999999999999943,9.999999999999943,286.06544189453126,321.3862434390183,344.3916969302292,0.10418898118849605,0.07964383713168949,0.18383281832018555,531.3862434390182
RP072279,109.22902777777776,23.010694444444447,159.2159423828125,20.0,179.2159423828125,306.3905577364536,159.2159423828125,209.2159423828125,81.5159423828125,30.0,30.0,81.5159423828125,50.80502277813336,55.09801797670107,0.013772615440474471,0.009192302097628178,0.022964917538102647,260.8050227781334
RP072309,109.23125,23.010694444444447,149.6065673828125,20.0,169.6065673828125,246.35104940139965,149.6065673828125,199.6065673828125,71.9065673828125,30.0,30.0,71.9065673828125,44.400045139129766,47.892259087697475,0.011639620985353673,0.007913682938640917,0.01955330392399459,254.40004513912976
RP072340,109.23347222222222,23.010694444444447,140.08653259277344,40.0,180.08653259277344,361.8873664834709,147.76934814453125,197.76934814453125,70.06934814453125,17.682815551757812,17.682815551757812,70.06934814453125,47.53743331895014,51.902977701681266,0.013936768362250935,0.009279050321550065,0.023215818683801,257.53743331895015
RP072448,109.24125,23.010694444444447,213.1380920410156,100.0,313.1380920410156,1091.6351726017465,247.67364501953125,313.1380920410156,185.43809204101564,0.0,0.0,185.43809204101564,119.13520118370367,134.58837552045497,0.03973519809509876,0.023247786083185337,0.0629829841782841,329.13520118370366
RP072774,109.26569444444443,23.010694444444447,306.3056640625,20.0,326.3056640625,3574.387100719553,381.8747863769531,431.8747863769531,304.17478637695314,105.56912231445312,105.56912231445312,304.17478637695314,349.52587741369285,366.0763494189012,0.10316556951275951,0.08550742077288871,0.1886729902856482,559.5258774136928
RP073681,109.21013888888888,23.00958333333333,255.34593200683597,160.0,415.34593200683594,2123.295890752897,255.34593200683597,415.34593200683594,287.64593200683595,0.0,0.0,287.64593200683595,213.46454238523546,237.43503671913845,0.07079311079427414,0.04521833841418206,0.1160114492084562,423.46454238523546
RP073682,109.21013888888888,23.00958333333333,255.34593200683597,180.0,435.34593200683594,2123.295890752897,255.34593200683597,435.34593200683594,307.64593200683595,0.0,0.0,307.64593200683595,218.46454238523546,244.1017033858051,0.07257132279273093,0.04521833841418206,0.11778966120691299,428.46454238523546
RP073686,109.21013888888888,23.00958333333333,255.34593200683597,260.0,515.3459320068359,2123.295890752897,255.34593200683597,515.3459320068359,387.64593200683595,0.0,0.0,387.64593200683595,238.46454238523546,270.76837005247177,0.0796841707865581,0.04521833841418206,0.12490250920074016,448.46454238523546
RP073929,109.22902777777776,23.00958333333333,155.64010620117188,20.0,175.64010620117188,221.598015033346,148.91098022460938,198.91098022460938,71.21098022460937,23.2708740234375,23.2708740234375,71.21098022460937,40.33290406618791,44.32791291628557,0.011050627959684738,0.006788244356973908,0.017838872316658646,250.3329040661879
RP073930,109.22902777777776,23.00958333333333,155.64010620117188,40.0,195.64010620117188,221.598015033346,148.91098022460938,198.91098022460938,71.21098022460937,3.2708740234375,3.2708740234375,71.21098022460937,33.66623739952124,39.32791291628556,0.011050627959684738,0.005010032358517117,0.016060660318201855,243.66623739952124
RP073934,109.22902777777776,23.00958333333333,155.64010620117188,120.0,275.6401062011719,221.598015033346,148.91098022460938,275.6401062011719,147.9401062011719,0.0,0.0,147.9401062011719,51.75822755251604,64.08656973594702,0.01787266058181604,0.0047192169868212576,0.022591877568637297,261.758227552516
RP073946,109.23013888888887,23.00958333333333,130.25704956054688,60.0,190.25704956054688,139.92861752040744,133.20738220214844,190.25704956054688,62.55704956054687,0.0,0.0,62.55704956054687,24.967836891497214,30.18092435487612,0.00854194610487674,0.0029799612990457137,0.011521907403922452,234.9678368914972
RP073959,109.23125,23.00958333333333,140.734619140625,20.0,160.734619140625,126.1718904425023,140.734619140625,190.734619140625,63.034619140625,30.0,30.0,63.034619140625,34.170114147989736,36.92299907637515,0.008291439766828033,0.005354311960812548,0.01364575172764058,244.17011414798975
RP073960,109.23125,23.00958333333333,140.734619140625,40.0,180.734619140625,126.1718904425023,140.734619140625,190.734619140625,63.034619140625,10.0,10.0,63.034619140625,27.503447481323068,31.922999076375152,0.008291439766828033,0.003576099962355758,0.011867539729183791,237.50344748132306
RP073964,109.23125,23.00958333333333,140.734619140625,120.0,260.734619140625,126.1718904425023,140.734619140625,260.734619140625,133.034619140625,0.0,0.0,133.034619140625,41.670114147989736,52.75633240970849,0.0145151817614268,0.0026869939631273634,0.017202175724554163,251.67011414798975
RP073967,109.23125,23.00958333333333,140.734619140625,180.0,320.734619140625,126.1718904425023,140.734619140625,320.734619140625,193.034619140625,0.0,0.0,193.034619140625,56.670114147989736,72.75633240970849,0.019849817756797172,0.0026869939631273634,0.022536811719924537,266.67011414798975
RP073989,109.23347222222222,23.00958333333333,156.73956298828125,20.0,176.73956298828125,293.5863968527935,156.73956298828125,206.73956298828125,79.03956298828125,30.0,30.0,79.03956298828125,49.33231720392321,53.41894745294665,0.013279757858866266,0.008919620893624304,0.02219937875249057,259.3323172039232
RP074019,109.23569444444443,23.00958333333333,223.5308074951172,20.0,243.5308074951172,509.8299321392687,208.3013153076172,258.3013153076172,130.6013153076172,14.7705078125,14.7705078125,130.6013153076172,71.56249357368888,81.21506086494864,0.02246933059027066,0.01217074400633286,0.03464007459660352,281.56249357368887
RP074023,109.23569444444443,23.00958333333333,223.5308074951172,100.0,323.5308074951172,509.8299321392687,208.3013153076172,323.5308074951172,195.8308074951172,0.0,0.0,195.8308074951172,82.94636401639721,99.26559797432364,0.028268923873323457,0.010857489295558497,0.039126413168881956,292.9463640163972
RP074037,109.23680555555556,23.00958333333333,247.67364501953125,80.0,327.67364501953125,620.9596111282177,247.67364501953125,327.67364501953125,199.97364501953126,0.0,0.0,199.97364501953126,91.39071866343066,108.05518908172493,0.031003916614062918,0.01322413986661945,0.04422805648068237,301.3907186634307
RP074038,109.23680555555556,23.00958333333333,247.67364501953125,100.0,347.67364501953125,620.9596111282177,247.67364501953125,347.67364501953125,219.97364501953126,0.0,0.0,219.97364501953126,96.39071866343066,114.7218557483916,0.03278212861251971,0.01322413986661945,0.04600626847913916,306.3907186634307
RP074044,109.23680555555556,23.00958333333333,247.67364501953125,220.0,467.67364501953125,620.9596111282177,247.67364501953125,467.67364501953125,339.97364501953126,0.0,0.0,339.97364501953126,126.39071866343066,154.7218557483916,0.04345140060326044,0.01322413986661945,0.056675540469879895,336.3907186634307
RP074072,109.23902777777778,23.00958333333333,252.6519470214844,180.0,432.6519470214844,845.2895167641982,252.6519470214844,432.6519470214844,304.9519470214844,0.0,0.0,304.9519470214844,132.59062120631765,158.003283458108,0.04511499656248162,0.01800153600516348,0.0631165325676451,342.5906212063177
RP074085,109.2401388888889,23.00958333333333,215.2117919921875,140.0,355.2117919921875,958.0050191440146,215.2117919921875,355.2117919921875,227.5117919921875,0.0,0.0,227.5117919921875,120.74494927431451,139.70426527366348,0.0406301686565756,0.02040195874102994,0.06103212739760554,330.74494927431454
RP074111,109.24236111111112,23.00958333333333,244.5024261474609,60.0,304.50242614746094,1184.0131276365423,246.06768798828125,304.50242614746094,176.80242614746095,0.0,0.0,176.80242614746095,123.13481504596805,137.86835055825645,0.04093470416143656,0.025215094384852286,0.06614979854628884,333.134815045968
RP074348,109.25902777777776,23.00958333333333,343.2439270019531,300.0,643.2439270019531,2886.26477649116,341.10260009765625,643.2439270019531,515.5439270019531,0.0,0.0,515.5439270019531,321.3036335165656,364.265627433395,0.10730406970603935,0.06146674986971913,0.16877081957575849,531.3036335165656
RP074427,109.26569444444443,23.00958333333333,307.189208984375,80.0,387.189208984375,3568.119063622596,390.12982177734375,440.12982177734375,312.42982177734376,52.94061279296875,52.94061279296875,312.42982177734376,333.6289306168319,355.25303136552986,0.10376604368737954,0.0806947024430757,0.18446074613045524,543.6289306168319
RP075320,109.20902777777778,23.008472222222224,258.667724609375,240.0,498.667724609375,2233.660806100199,251.0184326171875,498.667724609375,370.967724609375,0.0,0.0,370.967724609375,241.6526515590237,272.5666286098049,0.0805516652991641,0.04756870235213386,0.12812036765129797,451.6526515590237
RP075363,109.21236111111112,23.008472222222224,242.3180389404297,200.0,442.3180389404297,1892.4981135021944,246.84901428222656,442.3180389404297,314.6180389404297,0.0,0.0,314.6180389404297,204.82105063525373,231.0392205469562,0.06827607915406539,0.04030320056532451,0.1085792797193899,414.82105063525375
RP075382,109.21347222222222,23.008472222222224,223.5215301513672,280.0,503.5215301513672,1778.7772750718418,223.4710235595703,503.5215301513672,375.8215301513672,0.0,0.0,375.8215301513672,212.5405342092979,243.8589950552452,0.07129588560472605,0.03788136789504848,0.10917725349977453,422.5405342092979
RP075383,109.21347222222222,23.008472222222224,223.5215301513672,300.0,523.5215301513672,1778.7772750718418,223.4710235595703,523.5215301513672,395.8215301513672,0.0,0.0,395.8215301513672,217.5405342092979,250.52566172191186,0.07307409760318284,0.03788136789504848,0.11095546549823132,427.5405342092979
RP075551,109.22680555555556,23.008472222222224,204.0725250244141,60.0,264.07252502441406,414.1396461577099,192.36001586914062,264.07252502441406,136.37252502441407,0.0,0.0,136.37252502441407,61.702440999950845,73.06681808531869,0.020944603625530994,0.008819640612617894,0.029764244238148888,271.70244099995085
RP075554,109.22680555555556,23.008472222222224,204.0725250244141,120.0,324.07252502441406,414.1396461577099,192.36001586914062,324.07252502441406,196.37252502441407,0.0,0.0,196.37252502441407,76.70244099995085,93.06681808531869,0.02627923962090136,0.008819640612617894,0.03509888023351926,286.70244099995085
RP075565,109.22791666666669,23.008472222222224,162.39353942871094,40.0,202.39353942871094,300.42637009756584,163.05853271484375,213.05853271484375,85.35853271484375,10.664993286132812,10.664993286132812,85.35853271484375,44.923055613926266,51.14751723298551,0.013987247345028611,0.007346199944061655,0.021333447289090264,254.92305561392627
RP075566,109.22791666666669,23.008472222222224,162.39353942871094,60.0,222.39353942871094,300.42637009756584,163.05853271484375,222.39353942871094,94.69353942871093,0.0,0.0,94.69353942871093,43.70180953034879,51.5929378160747,0.014817228392242277,0.006397968992818531,0.021215197385060808,253.70180953034878
RP075581,109.22902777777776,23.008472222222224,136.39669799804688,60.0,196.39669799804688,186.72265899755703,139.99212646484375,196.39669799804688,68.69669799804687,0.0,0.0,68.69669799804687,29.62235176601552,35.347076599186096,0.010084365702968744,0.0039765010712442695,0.014060866774213013,239.62235176601553
RP075586,109.22902777777776,23.008472222222224,136.39669799804688,160.0,296.3966979980469,186.72265899755703,139.99212646484375,296.3966979980469,168.6966979980469,0.0,0.0,168.6966979980469,54.62235176601553,68.68040993251942,0.018975425695252696,0.0039765010712442695,0.022951926766496968,264.6223517660155
RP075594,109.23013888888887,23.008472222222224,130.71424865722656,20.0,150.71424865722656,73.07317645738004,130.71424865722656,180.71424865722656,53.01424865722656,30.0,30.0,53.01424865722656,28.12510726146531,30.04296131623419,0.00626971666972051,0.004223506014833093,0.010493222684553603,238.1251072614653
RP075595,109.23013888888887,23.008472222222224,130.71424865722656,40.0,170.71424865722656,73.07317645738004,130.71424865722656,180.71424865722656,53.01424865722656,10.0,10.0,53.01424865722656,21.458440594798642,25.04296131623419,0.00626971666972051,0.0024452940163763033,0.008715010686096814,231.45844059479865
RP075597,109.23013888888887,23.008472222222224,130.71424865722656,80.0,210.71424865722656,73.07317645738004,130.71424865722656,210.71424865722656,83.01424865722656,0.0,0.0,83.01424865722656,25.62510726146531,32.54296131623419,0.008937034667405695,0.0015561880171479083,0.010493222684553603,235.6251072614653
RP075598,109.23013888888887,23.008472222222224,130.71424865722656,100.0,230.71424865722656,73.07317645738004,130.71424865722656,230.71424865722656,103.01424865722656,0.0,0.0,103.01424865722656,30.62510726146531,39.209627982900855,0.010715246665862484,0.0015561880171479083,0.012271434683010393,240.6251072614653
RP075602,109.23013888888887,23.008472222222224,130.71424865722656,180.0,310.71424865722656,73.07317645738004,130.71424865722656,310.71424865722656,183.01424865722657,0.0,0.0,183.01424865722657,50.62510726146532,65.87629464956753,0.017828094659689646,0.0015561880171479083,0.019384282676837554,260.6251072614653
RP075609,109.23125,23.008472222222224,129.26283264160156,20.0,149.26283264160156,40.97581059886102,129.6593780517578,179.6593780517578,51.95937805175781,30.39654541015625,30.39654541015625,51.95937805175781,25.853747022915606,27.65064974304907,0.005492372477693669,0.003575208091493088,0.009067580569186757,235.8537470229156
RP075610,109.23125,23.008472222222224,129.26283264160156,40.0,169.26283264160156,40.97581059886102,129.6593780517578,179.6593780517578,51.95937805175781,10.39654541015625,10.39654541015625,51.95937805175781,19.187080356248938,22.65064974304907,0.005492372477693669,0.001796996093036298,0.007289368570729967,229.18708035624894
RP075611,109.23125,23.008472222222224,129.26283264160156,60.0,189.26283264160156,40.97581059886102,129.6593780517578,189.26283264160156,61.56283264160156,0.0,0.0,61.56283264160156,18.122428866991125,23.25266492045792,0.006346221386608422,0.0008726330034942623,0.007218854390102685,228.12242886699113
RP075613,109.23125,23.008472222222224,129.26283264160156,100.0,229.26283264160156,40.97581059886102,129.6593780517578,229.26283264160156,101.56283264160156,0.0,0.0,101.56283264160156,28.122428866991125,36.58599825379125,0.009902645383522002,0.0008726330034942623,0.010775278387016264,238.12242886699113
RP075614,109.23125,23.008472222222224,129.26283264160156,120.0,249.26283264160156,40.97581059886102,129.6593780517578,249.26283264160156,121.56283264160156,0.0,0.0,121.56283264160156,33.12242886699112,43.252664920457924,0.011680857381978792,0.0008726330034942623,0.012553490385473053,243.12242886699113
RP075618,109.23125,23.008472222222224,129.26283264160156,200.0,329.26283264160156,40.97581059886102,129.6593780517578,329.26283264160156,201.56283264160157,0.0,0.0,201.56283264160157,53.12242886699113,69.91933158712459,0.018793705375805953,0.0008726330034942623,0.019666338379300215,263.12242886699113
RP075638,109.23236111111112,23.008472222222224,131.4268798828125,300.0,431.4268798828125,154.5423411014113,135.62828063964844,431.4268798828125,303.7268798828125,0.0,0.0,303.7268798828125,86.23454271079721,111.54511603436492,0.03029571858949202,0.0032911794864189437,0.03358689807591096,296.2345427107972
RP075639,109.23347222222222,23.008472222222224,167.42921447753906,20.0,187.42921447753906,268.2398992197188,169.55824279785156,219.55824279785156,91.85824279785156,32.1290283203125,32.1290283203125,91.85824279785156,51.55689675421498,56.5343312940099,0.013879687847286621,0.008569127555168674,0.022448815402455295,261.556896754215
RP076066,109.26458333333332,23.008472222222224,288.4731750488281,160.0,448.4731750488281,3452.401960823927,395.5487365722656,448.4731750488281,320.77317504882814,0.0,0.0,320.77317504882814,310.35342448380214,337.08452240453784,0.10204351052436597,0.07352337509162066,0.17556688561598663,520.3534244838022
RP076078,109.26569444444443,23.008472222222224,288.4451904296875,100.0,388.4451904296875,3566.123010119448,395.5487365722656,445.5487365722656,317.84873657226564,57.103546142578125,57.103546142578125,317.84873657226564,336.23823353188897,357.9669994010296,0.10420533410590051,0.08102232279780196,0.18522765690370246,546.2382335318889
RP076969,109.20902777777778,23.007361111111116,279.5772705078125,220.0,499.5772705078125,2237.304054558594,270.58917236328125,499.5772705078125,371.8772705078125,0.0,0.0,371.8772705078125,242.1229212641927,273.11269380651044,0.08071012126930255,0.04764629005078487,0.1283564113200874,452.1229212641927
RP077047,109.21458333333334,23.007361111111116,223.9859619140625,280.0,503.9859619140625,1669.9406890823975,214.69297790527344,503.9859619140625,376.2859619140625,0.0,0.0,376.2859619140625,205.40086975067547,236.758033243514,0.06901936232826197,0.03556355171193994,0.10458291404020192,415.4008697506755
RP077138,109.22125,23.007361111111116,193.48910522460935,300.0,493.4891052246094,990.986149617748,215.83934020996094,493.4891052246094,365.7891052246094,0.0,0.0,365.7891052246094,157.51301961400222,187.99544504938632,0.053626863458544054,0.02110433466778537,0.07473119812632942,367.51301961400225
RP077214,109.22791666666669,23.007361111111116,199.8516387939453,20.0,219.8516387939453,326.41207037444786,185.96229553222656,235.96229553222656,108.26229553222656,16.11065673828125,16.11065673828125,108.26229553222656,54.196597487446915,61.87590072027569,0.016577033810175768,0.008383776321133282,0.02496081013130905,264.1965974874469
RP077217,109.22791666666669,23.007361111111116,199.8516387939453,80.0,279.8516387939453,326.41207037444786,185.96229553222656,279.8516387939453,152.15163879394532,0.0,0.0,152.15163879394532,59.79871439011619,72.47801762294498,0.02047926164979462,0.00695136816538176,0.02743062981517638,269.7987143901162
RP077219,109.22791666666669,23.007361111111116,199.8516387939453,120.0,319.8516387939453,326.41207037444786,185.96229553222656,319.8516387939453,192.15163879394532,0.0,0.0,192.15163879394532,69.79871439011619,85.8113509562783,0.0240356856467082,0.00695136816538176,0.03098705381208996,279.7987143901162
RP077259,109.23125,23.007361111111116,151.9058837890625,20.0,171.9058837890625,134.04421990659512,159.7544403076172,209.7544403076172,82.05444030761718,37.84855651855469,37.84855651855469,82.05444030761718,42.066076910195534,45.74990055928407,0.010150154938019814,0.006219783290214944,0.016369938228234758,252.06607691019553
RP077260,109.23125,23.007361111111116,151.9058837890625,40.0,191.9058837890625,134.04421990659512,159.7544403076172,209.7544403076172,82.05444030761718,17.848556518554688,17.848556518554688,82.05444030761718,35.39941024352886,40.74990055928407,0.010150154938019814,0.004441571291758152,0.014591726229777967,245.39941024352885
RP077261,109.23125,23.007361111111116,151.9058837890625,60.0,211.9058837890625,134.04421990659512,159.7544403076172,211.9058837890625,84.2058837890625,0.0,0.0,84.2058837890625,29.987752274371964,37.00490925679384,0.0103414410686552,0.002854645423936748,0.013196086492591947,239.98775227437196
RP077262,109.23125,23.007361111111116,151.9058837890625,80.0,231.9058837890625,134.04421990659512,159.7544403076172,231.9058837890625,104.2058837890625,0.0,0.0,104.2058837890625,34.987752274371964,43.67157592346051,0.012119653067111989,0.002854645423936748,0.014974298491048737,244.98775227437196
RP077266,109.23125,23.007361111111116,151.9058837890625,160.0,311.9058837890625,134.04421990659512,159.7544403076172,311.9058837890625,184.2058837890625,0.0,0.0,184.2058837890625,54.98775227437197,70.33824259012718,0.01923250106093915,0.002854645423936748,0.0220871464848759,264.987752274372
RP077267,109.23125,23.007361111111116,151.9058837890625,180.0,331.9058837890625,134.04421990659512,159.7544403076172,331.9058837890625,204.2058837890625,0.0,0.0,204.2058837890625,59.98775227437197,77.00490925679385,0.02101071305939594,0.002854645423936748,0.02386535848333269,269.987752274372
RP077274,109.23236111111112,23.007361111111116,172.65682983398438,20.0,192.65682983398438,200.42996539748955,178.2557830810547,228.2557830810547,100.55578308105468,35.59895324707031,35.59895324707031,100.55578308105468,50.36726121245308,55.78033036528511,0.013208890929208836,0.0074335402195834874,0.02064243114879232,260.36726121245306
RP077275,109.23236111111112,23.007361111111116,172.65682983398438,40.0,212.65682983398438,200.42996539748955,178.2557830810547,228.2557830810547,100.55578308105468,15.598953247070312,15.598953247070312,100.55578308105468,43.700594545786416,50.78033036528511,0.013208890929208836,0.005655328221126697,0.018864219150335534,253.70059454578643
RP077276,109.23236111111112,23.007361111111116,172.65682983398438,60.0,232.65682983398438,200.42996539748955,178.2557830810547,232.65682983398438,104.95682983398437,0.0,0.0,104.95682983398437,39.601205151662064,48.34760763782742,0.01360019063630028,0.004268415929761351,0.01786860656606163,249.60120515166207
RP077277,109.23236111111112,23.007361111111116,172.65682983398438,80.0,252.65682983398438,200.42996539748955,178.2557830810547,252.65682983398438,124.95682983398437,0.0,0.0,124.95682983398437,44.601205151662064,55.014274304494094,0.01537840263475707,0.004268415929761351,0.01964681856451842,254.60120515166207
RP077280,109.23236111111112,23.007361111111116,172.65682983398438,140.0,312.6568298339844,200.42996539748955,178.2557830810547,312.6568298339844,184.9568298339844,0.0,0.0,184.9568298339844,59.601205151662064,75.0142743044941,0.02071303863012744,0.004268415929761351,0.02498145455988879,269.60120515166204
RP077281,109.23236111111112,23.007361111111116,172.65682983398438,160.0,332.6568298339844,200.42996539748955,178.2557830810547,332.6568298339844,204.9568298339844,0.0,0.0,204.9568298339844,64.60120515166207,81.68094097116077,0.02249125062858423,0.004268415929761351,0.02675966655834558,274.60120515166204
RP077286,109.23236111111112,23.007361111111116,172.65682983398438,260.0,432.6568298339844,200.42996539748955,178.2557830810547,432.6568298339844,304.9568298339844,0.0,0.0,304.9568298339844,89.60120515166207,115.01427430449411,0.03138231062086818,0.004268415929761351,0.03565072655062953,299.60120515166204
RP077290,109.23347222222222,23.007361111111116,192.1282196044922,40.0,232.1282196044922,297.0546740408889,200.64508056640625,250.64508056640625,122.94508056640625,18.516860961914062,18.516860961914062,122.94508056640625,56.71220206496551,65.41455369867319,0.0172572852252955,0.007972509571386071,0.025229794796681575,266.7122020649655
RP077291,109.23347222222222,23.007361111111116,192.1282196044922,60.0,252.1282196044922,297.0546740408889,200.64508056640625,252.1282196044922,124.42821960449218,0.0,0.0,124.42821960449218,50.91069983718231,61.27971813755666,0.017389152006940706,0.006326164354574486,0.023715316361515193,260.9106998371823
RP077294,109.23347222222222,23.007361111111116,192.1282196044922,120.0,312.1282196044922,297.0546740408889,200.64508056640625,312.1282196044922,184.4282196044922,0.0,0.0,184.4282196044922,65.9106998371823,81.27971813755666,0.022723788002311077,0.006326164354574486,0.029049952356885563,275.9106998371823
RP077295,109.23347222222222,23.007361111111116,192.1282196044922,140.0,332.1282196044922,297.0546740408889,200.64508056640625,332.1282196044922,204.4282196044922,0.0,0.0,204.4282196044922,70.9106998371823,87.94638480422333,0.024502000000767864,0.006326164354574486,0.03082816435534235,280.9106998371823
RP077300,109.23347222222222,23.007361111111116,192.1282196044922,240.0,432.1282196044922,297.0546740408889,200.64508056640625,432.1282196044922,304.4282196044922,0.0,0.0,304.4282196044922,95.9106998371823,121.27971813755666,0.03339305999305181,0.006326164354574486,0.03971922434762629,305.9106998371823
RP077314,109.23458333333332,23.007361111111116,210.9253692626953,220.0,430.9253692626953,402.71053861613433,210.9253692626953,430.9253692626953,303.2253692626953,0.0,0.0,303.2253692626953,102.65371155674946,127.92249232864073,0.035536192444981046,0.008576242952010267,0.04411243539699131,312.65371155674944
RP077399,109.24125,23.007361111111116,241.2943420410156,120.0,361.2943420410156,1071.8891563078903,241.29434204101562,361.2943420410156,233.59434204101564,0.0,0.0,233.59434204101564,129.8578625974466,149.32405776753123,0.043596282158967554,0.022827269069519884,0.06642355122848743,339.85786259744657
RP077647,109.25902777777776,23.007361111111116,370.11029052734375,280.0,650.1102905273438,2886.6196263044594,370.11029052734375,650.1102905273438,522.4102905273437,0.0,0.0,522.4102905273437,323.0438810521332,366.57807192941186,0.10792211919313485,0.061474306856483855,0.16939642604961871,533.0438810521332
RP077709,109.26458333333332,23.007361111111116,281.9858093261719,20.0,301.9858093261719,3454.760213811811,406.9841003417969,456.9841003417969,329.2841003417969,154.998291015625,154.998291015625,329.2841003417969,364.3044696781116,378.82828712195925,0.1028504440524339,0.08735458818720634,0.19020503223964025,574.3044696781117
RP077710,109.26458333333332,23.007361111111116,281.9858093261719,40.0,321.9858093261719,3454.760213811811,406.9841003417969,456.9841003417969,329.2841003417969,134.998291015625,134.998291015625,329.2841003417969,357.637803011445,373.82828712195925,0.1028504440524339,0.08557637618874955,0.18842682024118346,567.6378030114449
RP077711,109.26458333333332,23.007361111111116,281.9858093261719,60.0,341.9858093261719,3454.760213811811,406.9841003417969,456.9841003417969,329.2841003417969,114.998291015625,114.998291015625,329.2841003417969,350.9711363447783,368.82828712195925,0.1028504440524339,0.08379816419029276,0.18664860824272667,560.9711363447783
RP078713,109.21569444444444,23.00625,203.45040893554688,300.0,503.4504089355469,1571.5436267300768,231.0474090576172,503.4504089355469,375.7504089355469,0.0,0.0,375.7504089355469,198.70717734922516,230.01971142718742,0.06687625299711153,0.03346805871739978,0.1003443117145113,408.70717734922516
RP078755,109.21902777777778,23.00625,216.9884796142578,240.0,456.9884796142578,1235.9723731758245,231.6350555419922,456.9884796142578,329.2884796142578,0.0,0.0,329.2884796142578,164.72027811528608,192.1609847498076,0.05559887014337222,0.026321633873188855,0.08192050401656108,374.7202781152861
RP078771,109.22013888888888,23.00625,217.36746215820312,260.0,477.3674621582031,1124.8631619768846,229.48597717285156,477.3674621582031,349.66746215820314,0.0,0.0,349.66746215820314,162.40774300467643,191.5466981845267,0.05504456302423108,0.023955419190248465,0.07899998221447954,372.40774300467643
RP078772,109.22013888888888,23.00625,217.36746215820312,280.0,497.3674621582031,1124.8631619768846,229.48597717285156,497.3674621582031,369.66746215820314,0.0,0.0,369.66746215820314,167.40774300467643,198.21336485119335,0.05682277502268787,0.023955419190248465,0.08077819421293633,377.40774300467643
RP078787,109.22125,23.00625,208.7948455810547,280.0,488.7948455810547,1014.3330563922672,215.21044921875,488.7948455810547,361.0948455810547,0.0,0.0,361.0948455810547,157.89591515474814,187.9871522865027,0.05370669666171421,0.02160153731205754,0.07530823397377175,367.89591515474814
RP078788,109.22125,23.00625,208.7948455810547,300.0,508.7948455810547,1014.3330563922672,215.21044921875,508.7948455810547,381.0948455810547,0.0,0.0,381.0948455810547,162.89591515474814,194.65381895316938,0.05548490866017099,0.02160153731205754,0.07708644597222852,372.89591515474814
RP078865,109.22791666666669,23.00625,172.33717346191406,40.0,212.33717346191406,391.6156792596568,177.7742156982422,227.7742156982422,100.07421569824218,15.437042236328125,15.437042236328125,100.07421569824218,56.27194662064704,63.32504440913988,0.01723762209432734,0.009712480226055132,0.02695010232038247,266.27194662064704
RP078879,109.22902777777776,23.00625,139.86196899414062,20.0,159.86196899414062,313.00509225110176,139.86196899414062,189.86196899414062,62.16196899414062,30.0,30.0,62.16196899414062,46.40749839860861,49.08766248145366,0.012192707142483009,0.009333167184514202,0.02152587432699721,256.4074983986086
RP079296,109.25902777777776,23.00625,394.7151794433594,260.0,654.7151794433594,2894.7177526525734,402.7734069824219,654.7151794433594,527.0151794433593,0.0,0.0,527.0151794433593,324.7349783710114,368.6529099912913,0.10850400272739011,0.061646766954638124,0.17015076968202825,534.7349783710114
RP079359,109.26458333333332,23.00625,287.9430236816406,20.0,307.9430236816406,3461.529450328698,405.0333557128906,455.0333557128906,327.33335571289064,147.09033203125,147.09033203125,327.33335571289064,361.6320796272192,376.65233160068925,0.10282116184374494,0.08679564647630371,0.18961680832004865,571.6320796272191
RP080302,109.21125,23.00513888888889,222.378173828125,280.0,502.378173828125,2040.9234715615132,233.0921173095703,502.378173828125,374.678173828125,0.0,0.0,374.678173828125,229.7311082277988,260.95428938014254,0.07677697218149217,0.043464110968439634,0.1202410831499318,439.7311082277988
RP080348,109.21458333333334,23.00513888888889,194.82017517089844,300.0,494.82017517089844,1706.7123573949025,229.48597717285156,494.82017517089844,367.12017517089845,0.0,0.0,367.12017517089845,205.56086761905146,236.15421554995964,0.0689875270738547,0.03634665205563218,0.10533417912948687,415.56086761905146
RP080359,109.21569444444444,23.00513888888889,210.44085693359372,220.0,430.44085693359375,1595.9625734933531,227.31008911132812,430.44085693359375,302.74085693359376,0.0,0.0,302.74085693359376,182.08271913295533,207.31112387742147,0.060904963054034346,0.033988091842914,0.09489305489694835,392.08271913295533
RP080437,109.22125,23.00513888888889,187.84982299804688,280.0,467.8498229980469,1051.7693257391006,210.0443878173828,467.8498229980469,340.1498229980469,0.0,0.0,340.1498229980469,155.1554107987851,183.50122938195568,0.052641716022699674,0.02239879119629566,0.07504050721899533,365.1554107987851
RP080438,109.22125,23.00513888888889,187.84982299804688,300.0,487.8498229980469,1051.7693257391006,210.0443878173828,487.8498229980469,360.1498229980469,0.0,0.0,360.1498229980469,160.1554107987851,190.16789604862234,0.05441992802115647,0.02239879119629566,0.07681871921745213,370.1554107987851
RP080656,109.23791666666666,23.00513888888889,247.83367919921875,160.0,407.83367919921875,814.4530560959265,254.11752319335938,407.83367919921875,280.13367919921876,0.0,0.0,280.13367919921876,124.33029020619979,147.67476347280137,0.042251687078237676,0.017344833602042878,0.059596520680280554,334.3302902061998
RP081024,109.26569444444443,23.00513888888889,303.80987548828125,20.0,323.80987548828125,3585.761749610673,381.4092712402344,431.4092712402344,303.7092712402344,107.59939575195312,107.59939575195312,303.7092712402344,350.8445663680879,367.18705599211125,0.10336641817573232,0.08593017149527588,0.1892965896710082,560.844566368088
RP081161,109.27569444444444,23.00513888888889,520.6170654296875,60.0,580.6170654296875,4604.888500479981,526.3745727539062,580.6170654296875,452.9170654296875,0.0,0.0,452.9170654296875,420.2218330560873,457.9649218418946,0.13833619792027468,0.09806706991762923,0.2364032678379039,630.2218330560872
RP082327,109.23902777777778,23.00402777777778,287.3184814453125,280.0,567.3184814453125,973.9632282231172,287.3184814453125,567.3184814453125,439.6184814453125,0.0,0.0,439.6184814453125,174.83550224286927,211.4703756966453,0.05982855241240717,0.020741809489936754,0.08057036190234393,384.83550224286927
RP082334,109.2401388888889,23.00402777777778,274.7401123046875,120.0,394.7401123046875,1073.2490947978797,274.7401123046875,394.7401123046875,267.0401123046875,0.0,0.0,267.0401123046875,138.30996772936385,160.56331042142114,0.04659892731101964,0.022856230722547437,0.06945515803356708,348.30996772936385
RP082660,109.26458333333332,23.00402777777778,285.42388916015625,40.0,325.42388916015625,3488.1814217101496,376.93536376953125,426.93536376953125,299.23536376953126,101.511474609375,101.511474609375,299.23536376953126,341.1914272595178,357.6684180228641,0.10089054080285353,0.08331079119854702,0.18420133200140054,551.1914272595178
RP082798,109.27458333333334,23.00402777777778,498.8543090820313,100.0,598.8543090820312,4503.546990521998,498.8543090820313,598.8543090820312,471.15430908203126,0.0,0.0,471.15430908203126,418.0250433053077,457.287902395477,0.1377994833711643,0.09590887109444995,0.23370835446561425,628.0250433053077
RP083991,109.2401388888889,23.002916666666668,288.71539306640625,260.0,548.7153930664062,1135.9001339024228,288.71539306640625,548.7153930664062,421.01539306640626,0.0,0.0,421.01539306640626,180.9805238600964,216.06513994896358,0.06162319698887289,0.02419046581458863,0.08581366280346152,390.9805238600964
RP084041,109.24458333333334,23.002916666666668,314.5687866210937,60.0,374.5687866210937,1536.8656461877954,314.5687866210937,374.5687866210937,246.8687866210937,0.0,0.0,246.8687866210937,164.17490640112646,184.7473052862176,0.054678798089519046,0.032729546168814155,0.0874083442583332,374.17490640112646
RP084054,109.24569444444444,23.002916666666668,349.9720764160156,20.0,369.9720764160156,1641.5054721176523,349.9720764160156,399.9720764160156,272.27207641601564,30.0,30.0,272.27207641601564,187.5017172451807,207.69105694651535,0.0591658605625944,0.037625304903894444,0.09679116546648885,397.5017172451807
RP084419,109.27236111111112,23.002916666666668,489.4985046386719,120.0,609.4985046386719,4293.723103452065,489.4985046386719,609.4985046386719,481.7985046386719,0.0,0.0,481.7985046386719,406.6978330564723,446.8477084430283,0.13427739351471932,0.09144039942536804,0.22571779294008737,616.6978330564723
RP085567,109.23458333333332,23.00180555555556,237.19329833984372,300.0,537.1932983398438,837.5902505934457,237.19329833984375,537.1932983398438,409.49329833984376,0.0,0.0,409.49329833984376,158.212674624524,192.3371161528443,0.05424586497130489,0.017837570151527087,0.07208343512283197,368.21267462452397
RP085627,109.23902777777778,23.00180555555556,287.44403076171875,300.0,587.4440307617188,1120.6893075606097,287.44403076171875,587.4440307617188,459.74403076171876,0.0,0.0,459.74403076171876,189.64862819447035,227.9606307579469,0.06474264913587066,0.02386653154990187,0.08860918068577253,399.64862819447035
RP085642,109.2401388888889,23.00180555555556,278.93927001953125,300.0,578.9392700195312,1207.9750716113106,278.93927001953125,578.9392700195312,451.23927001953126,0.0,0.0,451.23927001953126,193.34148894563685,230.94476144726445,0.06584534924975488,0.025725395043574205,0.09157074429332909,403.34148894563685
RP087231,109.23680555555556,23.000694444444445,261.4126281738281,280.0,541.4126281738281,1061.359891712645,261.4126281738281,541.4126281738281,413.71262817382814,0.0,0.0,413.71262817382814,174.18548315763337,208.66153550545238,0.05938647269750713,0.02260303473091744,0.08198950742842456,384.18548315763337
RP087662,109.26902777777778,23.000694444444445,485.3685607910156,200.0,685.3685607910156,4002.751509534425,485.3685607910156,685.3685607910156,557.6685607910156,0.0,0.0,557.6685607910156,406.26724083338223,452.73962089930023,0.13482642844552806,0.08524378214749237,0.22007021059302043,616.2672408333822
RP088894,109.23902777777778,22.999583333333334,298.8194580078125,260.0,558.8194580078125,1298.2300786491974,298.8194580078125,558.8194580078125,431.1194580078125,0.0,0.0,431.1194580078125,194.32853641189962,230.25515791255066,0.06597858206556137,0.02764749241567735,0.09362607448123872,404.3285364118996
RP090473,109.23569444444443,22.998472222222222,292.18682861328125,240.0,532.1868286132812,1221.2025561949968,313.1379089355469,532.1868286132812,404.48682861328126,0.0,0.0,404.48682861328126,182.53521089965344,216.24244661742688,0.06197025806741667,0.026007091474523077,0.08797734954193975,392.5352108996534
RP090487,109.23680555555556,22.998472222222222,321.69073486328125,220.0,541.6907348632812,1271.613133859733,335.1353454589844,541.6907348632812,413.99073486328126,0.0,0.0,413.99073486328126,188.2718926398025,222.77112054507592,0.06388881467213027,0.027080650072938754,0.09096946474506902,398.2718926398025
RP092090,109.23569444444443,22.99736111111111,364.8527526855469,180.0,544.8527526855469,1335.0606733669233,364.8527526855469,544.8527526855469,417.1527526855469,0.0,0.0,417.1527526855469,193.29223306251492,228.05496245297718,0.06552114917429071,0.028431847673554844,0.09395299684784555,403.2922330625149
RP092103,109.23680555555556,22.99736111111111,390.6962585449219,140.0,530.6962585449219,1381.3222942232992,420.3983459472656,530.6962585449219,402.9962585449219,0.0,0.0,402.9962585449219,192.8372175844504,226.42023912986056,0.06524768797234788,0.029417048858459145,0.09466473683080703,402.8372175844504
RP092147,109.2401388888889,22.99736111111111,418.37890625,120.0,538.37890625,1562.1248537075824,435.86700439453125,538.37890625,410.67890625,0.0,0.0,410.67890625,206.81138347633885,241.03462566383882,0.06978118166670824,0.033267473736365176,0.10304865540307342,416.81138347633885
RP092190,109.24347222222222,22.99736111111111,430.84173583984375,80.0,510.84173583984375,1790.3077245103557,446.70892333984375,510.84173583984375,383.14173583984376,0.0,0.0,383.14173583984376,215.13928226065133,247.06776024730496,0.07219228535171913,0.03812692376272053,0.11031920911443967,425.1392822606513
RP093751,109.23902777777778,22.99625,440.4772033691406,100.0,540.4772033691406,1599.5484650521682,446.1818542480469,540.4772033691406,412.77720336914064,0.0,0.0,412.77720336914064,209.83086517909638,244.2289654598581,0.07076472683805914,0.034064458052036915,0.10482918489009604,419.83086517909635
RP093780,109.24125,22.99625,437.76708984375,80.0,517.76708984375,1729.4330809132814,444.67877197265625,517.76708984375,390.06708984375,0.0,0.0,390.06708984375,212.81231118848962,245.3179020088021,0.07151161828390976,0.03683051931574581,0.10834213759965557,422.8123111884896
RP093794,109.24236111111112,22.99625,451.00006103515625,60.0,511.00006103515625,1801.645917297559,459.14556884765625,511.00006103515625,383.30006103515626,0.0,0.0,383.30006103515626,215.93474307862633,247.87641483155602,0.07244782365287808,0.03836838527578135,0.11081620892865943,425.9347430786263
RP093853,109.24680555555555,22.99625,433.5296630859375,40.0,473.5296630859375,2127.0953982281417,451.81610107421875,501.81610107421875,374.11610107421876,28.28643798828125,28.28643798828125,374.11610107421876,244.7641978131912,273.583336403686,0.0785621408384573,0.04781421802237315,0.12637635886083046,454.76419781319123
RP095457,109.24680555555555,22.99513888888889,473.7890319824219,20.0,493.7890319824219,2208.312586776735,497.9660339355469,547.9660339355469,420.2660339355469,54.177001953125,54.177001953125,420.2660339355469,270.3463482533774,300.85376758524586,0.08439498436723977,0.05184578890851106,0.13624077327575085,480.3463482533774
RP095458,109.24680555555555,22.99513888888889,473.7890319824219,40.0,513.7890319824219,2208.312586776735,497.9660339355469,547.9660339355469,420.2660339355469,34.177001953125,34.177001953125,420.2660339355469,263.67968158671073,295.85376758524586,0.08439498436723977,0.05006757691005427,0.13446256127729406,473.67968158671073
RP095472,109.24791666666668,22.99513888888889,498.1386413574219,20.0,518.1386413574219,2293.67797693683,502.2295837402344,552.2295837402344,424.5295837402344,34.0909423828125,34.0909423828125,424.5295837402344,270.4079085251181,302.9444619715699,0.08659202578047376,0.051877891944327,0.13846991772480077,480.4079085251181
