task_id,gap_id,gap_index,tau_start,tau_end,duration_s,n_outage_samples
R000014,G000001,1,720.418,1555.624,835.205,84
R000015,G000002,1,720.418,1555.624,835.205,84
R000016,G000003,1,750.418,1615.624,865.205,87
R000017,G000004,1,720.418,1555.624,835.205,84
R000018,G000005,1,750.418,1615.624,865.205,87
R000019,G000006,1,720.418,1555.624,835.205,84
R000020,G000007,1,750.418,1615.624,865.205,87
R000021,G000008,1,750.418,1615.624,865.205,87
R000022,G000009,1,750.418,1615.624,865.205,87
R000023,G000010,1,804.701,1703.547,898.845,91
R000024,G000011,1,804.701,1703.547,898.845,91
R000025,G000012,1,834.701,1763.547,928.845,94
R000026,G000013,1,804.701,1703.547,898.845,91
R000027,G000014,1,834.701,1763.547,928.845,94
R000028,G000015,1,804.701,1703.547,898.845,91
R000029,G000016,1,834.701,1763.547,928.845,94
R000030,G000017,1,834.701,1763.547,928.845,94
R000031,G000018,1,834.701,1763.547,928.845,94
R000032,G000019,1,850.18,1590.273,740.093,75
R000033,G000020,1,850.18,1590.273,740.093,75
R000034,G000021,1,850.18,1590.273,740.093,75
R000035,G000022,1,880.18,1650.273,770.093,78
R000036,G000023,1,850.18,1590.273,740.093,75
R000037,G000024,1,880.18,1650.273,770.093,78
R000038,G000025,1,880.18,1650.273,770.093,78
R000039,G000026,1,880.18,1650.273,770.093,78
R000040,G000027,1,786.237,1174.439,388.202,41
R000041,G000028,1,786.237,1174.439,388.202,41
R000042,G000029,1,786.237,1174.439,388.202,41
R000043,G000030,1,816.237,1234.439,418.202,44
R000044,G000031,1,786.237,1174.439,388.202,41
R000045,G000032,1,816.237,1234.439,418.202,44
R000046,G000033,1,816.237,1234.439,418.202,44
R000047,G000034,1,816.237,1234.439,418.202,44
R000056,G000035,1,788.091,1185.79,397.699,41
R000057,G000036,1,788.091,1185.79,397.699,41
R000058,G000037,1,788.091,1185.79,397.699,41
R000059,G000038,1,818.091,1245.79,427.699,44
R000060,G000039,1,788.091,1185.79,397.699,41
R000061,G000040,1,818.091,1245.79,427.699,44
R000062,G000041,1,818.091,1245.79,427.699,44
R000063,G000042,1,818.091,1245.79,427.699,44
R000064,G000043,1,781.736,1642.332,860.595,88
R000065,G000044,1,781.736,1642.332,860.595,88
R000066,G000045,1,781.736,1642.332,860.595,88
R000067,G000046,1,811.736,1702.332,890.595,91
R000068,G000047,1,781.736,1642.332,860.595,88
R000069,G000048,1,811.736,1702.332,890.595,91
R000070,G000049,1,811.736,1702.332,890.595,91
R000071,G000050,1,811.736,1702.332,890.595,91
R000072,G000051,1,715.176,1238.434,523.257,54
R000073,G000052,1,715.176,1238.434,523.257,54
R000074,G000053,1,745.176,1298.434,553.257,57
R000075,G000054,1,715.176,1238.434,523.257,54
R000076,G000055,1,745.176,1298.434,553.257,57
R000077,G000056,1,745.176,1298.434,553.257,57
R000078,G000057,1,762.646,1142.475,379.83,39
R000079,G000058,1,762.646,1142.475,379.83,39
R000080,G000059,1,792.646,1202.475,409.83,42
R000081,G000060,1,762.646,1142.475,379.83,39
R000082,G000061,1,792.646,1202.475,409.83,42
R000083,G000062,1,792.646,1202.475,409.83,42
R000090,G000063,1,755.2,1609.638,854.437,87
R000091,G000064,1,755.2,1609.638,854.437,87
R000092,G000065,1,785.2,1669.638,884.437,90
R000093,G000066,1,755.2,1609.638,854.437,87
R000094,G000067,1,785.2,1669.638,884.437,90
R000095,G000068,1,785.2,1669.638,884.437,90
R000096,G000069,1,750.494,1119.372,368.878,38
R000097,G000070,1,750.494,1119.372,368.878,38
R000098,G000071,1,780.494,1179.372,398.878,41
R000099,G000072,1,750.494,1119.372,368.878,38
R000100,G000073,1,780.494,1179.372,398.878,41
R000101,G000074,1,780.494,1179.372,398.878,41
R000102,G000075,1,814.749,1422.353,607.604,63
R000103,G000076,1,814.749,1422.353,607.604,63
R000104,G000077,1,844.749,1482.353,637.604,66
R000105,G000078,1,814.749,1422.353,607.604,63
R000106,G000079,1,844.749,1482.353,637.604,66
R000107,G000080,1,844.749,1482.353,637.604,66
R000108,G000081,1,808.033,1410.978,602.945,62
R000109,G000082,1,808.033,1410.978,602.945,62
R000110,G000083,1,838.033,1470.978,632.945,65
R000111,G000084,1,808.033,1410.978,602.945,62
R000112,G000085,1,838.033,1470.978,632.945,65
R000113,G000086,1,838.033,1470.978,632.945,65
R000133,G000087,1,660.418,1371.702,711.284,72
R000134,G000088,1,660.418,1371.702,711.284,72
R000135,G000089,1,690.418,1431.702,741.284,75
R000136,G000090,1,690.418,1431.702,741.284,75
R000137,G000091,1,660.418,1371.702,711.284,72
R000138,G000092,1,690.418,1431.702,741.284,75
R000139,G000093,1,690.418,1431.702,741.284,75
R000140,G000094,1,690.418,1431.702,741.284,75
R000141,G000095,1,660.418,1371.702,711.284,72
R000142,G000096,1,690.418,1431.702,741.284,75
R000143,G000097,1,690.418,1431.702,741.284,75
R000144,G000098,1,720.418,1491.702,771.284,78
R000145,G000099,1,690.418,1431.702,741.284,75
R000146,G000100,1,720.418,1491.702,771.284,78
R000147,G000101,1,744.701,1532.529,787.827,80
R000148,G000102,1,744.701,1532.529,787.827,80
R000149,G000103,1,774.701,1592.529,817.827,83
R000150,G000104,1,774.701,1592.529,817.827,83
R000151,G000105,1,744.701,1532.529,787.827,80
R000152,G000106,1,774.701,1592.529,817.827,83
R000153,G000107,1,774.701,1592.529,817.827,83
R000154,G000108,1,774.701,1592.529,817.827,83
R000155,G000109,1,744.701,1532.529,787.827,80
R000156,G000110,1,774.701,1592.529,817.827,83
R000157,G000111,1,774.701,1592.529,817.827,83
R000158,G000112,1,804.701,1652.529,847.827,86
R000159,G000113,1,774.701,1592.529,817.827,83
R000160,G000114,1,804.701,1652.529,847.827,86
R000161,G000115,1,770.18,1421.179,650.999,66
R000162,G000116,1,770.18,1421.179,650.999,66
R000163,G000117,1,800.18,1481.179,680.999,69
R000164,G000118,1,770.18,1421.179,650.999,66
R000165,G000119,1,800.18,1481.179,680.999,69
R000166,G000120,1,800.18,1481.179,680.999,69
R000167,G000121,1,800.18,1481.179,680.999,69
R000168,G000122,1,770.18,1421.179,650.999,66
R000169,G000123,1,800.18,1481.179,680.999,69
R000170,G000124,1,800.18,1481.179,680.999,69
R000171,G000125,1,800.18,1481.179,680.999,69
R000172,G000126,1,830.18,1541.179,710.999,72
R000173,G000127,1,716.237,1076.072,359.836,38
R000174,G000128,1,716.237,1076.072,359.836,38
R000175,G000129,1,746.237,1136.072,389.836,41
R000176,G000130,1,716.237,1076.072,359.836,38
R000177,G000131,1,746.237,1136.072,389.836,41
R000178,G000132,1,746.237,1136.072,389.836,41
R000179,G000133,1,746.237,1136.072,389.836,41
R000180,G000134,1,716.237,1076.072,359.836,38
R000181,G000135,1,746.237,1136.072,389.836,41
R000182,G000136,1,746.237,1136.072,389.836,41
R000183,G000137,1,746.237,1136.072,389.836,41
R000184,G000138,1,776.237,1196.072,419.836,44
R000197,G000139,1,728.091,1100.226,372.135,39
R000198,G000140,1,728.091,1100.226,372.135,39
R000199,G000141,1,758.091,1160.226,402.135,42
R000200,G000142,1,728.091,1100.226,372.135,39
R000201,G000143,1,758.091,1160.226,402.135,42
R000202,G000144,1,758.091,1160.226,402.135,42
R000203,G000145,1,758.091,1160.226,402.135,42
R000204,G000146,1,728.091,1100.226,372.135,39
R000205,G000147,1,758.091,1160.226,402.135,42
R000206,G000148,1,758.091,1160.226,402.135,42
R000207,G000149,1,758.091,1160.226,402.135,42
R000208,G000150,1,788.091,1220.226,432.135,45
R000209,G000151,1,701.736,1447.174,745.438,77
R000210,G000152,1,701.736,1447.174,745.438,77
R000211,G000153,1,731.736,1507.174,775.438,80
R000212,G000154,1,701.736,1447.174,745.438,77
R000213,G000155,1,731.736,1507.174,775.438,80
R000214,G000156,1,731.736,1507.174,775.438,80
R000215,G000157,1,731.736,1507.174,775.438,80
R000216,G000158,1,701.736,1447.174,745.438,77
R000217,G000159,1,731.736,1507.174,775.438,80
R000218,G000160,1,731.736,1507.174,775.438,80
R000219,G000161,1,731.736,1507.174,775.438,80
R000220,G000162,1,761.736,1567.174,805.438,83
R000221,G000163,1,655.176,1113.056,457.879,48
R000222,G000164,1,655.176,1113.056,457.879,48
R000223,G000165,1,685.176,1173.056,487.879,51
R000224,G000166,1,655.176,1113.056,457.879,48
R000225,G000167,1,685.176,1173.056,487.879,51
R000226,G000168,1,685.176,1173.056,487.879,51
R000227,G000169,1,715.176,1233.056,517.879,54
R000228,G000170,1,702.646,1052.835,350.189,36
R000229,G000171,1,702.646,1052.835,350.189,36
R000230,G000172,1,732.646,1112.835,380.189,39
R000231,G000173,1,702.646,1052.835,350.189,36
R000232,G000174,1,732.646,1112.835,380.189,39
R000233,G000175,1,732.646,1112.835,380.189,39
R000234,G000176,1,762.646,1172.835,410.189,42
R000242,G000177,1,695.2,1436.33,741.13,76
R000243,G000178,1,695.2,1436.33,741.13,76
R000244,G000179,1,725.2,1496.33,771.13,79
R000245,G000180,1,695.2,1436.33,741.13,76
R000246,G000181,1,725.2,1496.33,771.13,79
R000247,G000182,1,725.2,1496.33,771.13,79
R000248,G000183,1,755.2,1556.33,801.13,82
R000249,G000184,1,690.494,1028.561,338.067,35
R000250,G000185,1,690.494,1028.561,338.067,35
R000251,G000186,1,720.494,1088.561,368.067,38
R000252,G000187,1,690.494,1028.561,338.067,35
R000253,G000188,1,720.494,1088.561,368.067,38
R000254,G000189,1,720.494,1088.561,368.067,38
R000255,G000190,1,750.494,1148.561,398.067,41
R000256,G000191,1,754.749,1302.171,547.422,57
R000257,G000192,1,754.749,1302.171,547.422,57
R000258,G000193,1,784.749,1362.171,577.422,60
R000259,G000194,1,754.749,1302.171,547.422,57
R000260,G000195,1,784.749,1362.171,577.422,60
R000261,G000196,1,784.749,1362.171,577.422,60
R000262,G000197,1,814.749,1422.171,607.422,63
R000263,G000198,1,748.033,1270.66,522.626,54
R000264,G000199,1,748.033,1270.66,522.626,54
R000265,G000200,1,778.033,1330.66,552.626,57
R000266,G000201,1,748.033,1270.66,522.626,54
R000267,G000202,1,778.033,1330.66,552.626,57
R000268,G000203,1,778.033,1330.66,552.626,57
R000269,G000204,1,808.033,1390.66,582.626,60
R000439,G000205,1,672.502,1434.695,762.193,78
R000440,G000206,1,672.502,1434.695,762.193,78
R000441,G000207,1,702.502,1500.695,798.193,82
R000442,G000208,1,702.502,1500.695,798.193,82
R000443,G000209,1,732.502,1566.695,834.193,85
R000444,G000210,1,672.502,1434.695,762.193,78
R000445,G000211,1,702.502,1500.695,798.193,82
R000446,G000212,1,702.502,1500.695,798.193,82
R000447,G000213,1,732.502,1566.695,834.193,85
R000448,G000214,1,732.502,1566.695,834.193,85
R000449,G000215,1,762.502,1632.695,870.193,89
R000450,G000216,1,702.502,1500.695,798.193,82
R000451,G000217,1,732.502,1566.695,834.193,85
R000452,G000218,1,732.502,1566.695,834.193,85
R000453,G000219,1,762.502,1632.695,870.193,89
R000454,G000220,1,762.502,1632.695,870.193,89
R000456,G000221,1,732.502,1566.695,834.193,85
R000457,G000222,1,762.502,1632.695,870.193,89
R000458,G000223,1,762.502,1632.695,870.193,89
R000459,G000224,1,792.502,1698.695,906.193,92
R000460,G000225,1,792.502,1698.695,906.193,92
R000461,G000226,1,822.502,1764.695,942.193,96
R000462,G000227,1,762.502,1632.695,870.193,89
R000463,G000228,1,792.502,1698.695,906.193,92
R000464,G000229,1,792.502,1698.695,906.193,92
R000465,G000230,1,672.502,1434.695,762.193,78
R000466,G000231,1,702.502,1500.695,798.193,82
R000467,G000232,1,702.502,1500.695,798.193,82
R000468,G000233,1,732.502,1566.695,834.193,85
R000469,G000234,1,732.502,1566.695,834.193,85
R000470,G000235,1,762.502,1632.695,870.193,89
R000471,G000236,1,702.502,1500.695,798.193,82
R000472,G000237,1,732.502,1566.695,834.193,85
R000473,G000238,1,732.502,1566.695,834.193,85
R000475,G000239,1,762.502,1632.695,870.193,89
R000477,G000240,1,732.502,1566.695,834.193,85
R000478,G000241,1,762.502,1632.695,870.193,89
R000479,G000242,1,762.502,1632.695,870.193,89
R000483,G000243,1,762.502,1632.695,870.193,89
R000484,G000244,1,792.502,1698.695,906.193,92
R000487,G000245,1,822.502,1764.695,942.193,96
R000489,G000246,1,792.502,1698.695,906.193,92
R000490,G000247,1,822.502,1764.695,942.193,96
R000491,G000248,1,822.502,1764.695,942.193,96
R000492,G000249,1,773.642,1634.686,861.045,88
R000493,G000250,1,773.642,1634.686,861.045,88
R000494,G000251,1,803.642,1700.686,897.045,92
R000495,G000252,1,803.642,1700.686,897.045,92
R000496,G000253,1,833.642,1766.686,933.045,95
R000497,G000254,1,773.642,1634.686,861.045,88
R000498,G000255,1,803.642,1700.686,897.045,92
R000499,G000256,1,803.642,1700.686,897.045,92
R000500,G000257,1,833.642,1766.686,933.045,95
R000501,G000258,1,833.642,1766.686,933.045,95
R000502,G000259,1,863.642,1832.686,969.045,99
R000503,G000260,1,803.642,1700.686,897.045,92
R000504,G000261,1,833.642,1766.686,933.045,95
R000505,G000262,1,833.642,1766.686,933.045,95
R000506,G000263,1,863.642,1832.686,969.045,99
R000507,G000264,1,863.642,1832.686,969.045,99
R000508,G000265,1,893.642,1898.686,1005.045,102
R000509,G000266,1,833.642,1766.686,933.045,95
R000510,G000267,1,863.642,1832.686,969.045,99
R000511,G000268,1,863.642,1832.686,969.045,99
R000512,G000269,1,893.642,1898.686,1005.045,102
R000513,G000270,1,893.642,1898.686,1005.045,102
R000514,G000271,1,923.642,1964.686,1041.045,106
R000515,G000272,1,863.642,1832.686,969.045,99
R000516,G000273,1,893.642,1898.686,1005.045,102
R000517,G000274,1,893.642,1898.686,1005.045,102
R000518,G000275,1,773.642,1634.686,861.045,88
R000519,G000276,1,803.642,1700.686,897.045,92
R000520,G000277,1,803.642,1700.686,897.045,92
R000521,G000278,1,833.642,1766.686,933.045,95
R000522,G000279,1,833.642,1766.686,933.045,95
R000523,G000280,1,863.642,1832.686,969.045,99
R000524,G000281,1,803.642,1700.686,897.045,92
R000525,G000282,1,833.642,1766.686,933.045,95
R000526,G000283,1,833.642,1766.686,933.045,95
R000528,G000284,1,863.642,1832.686,969.045,99
R000530,G000285,1,833.642,1766.686,933.045,95
R000534,G000286,1,893.642,1898.686,1005.045,102
R000536,G000287,1,863.642,1832.686,969.045,99
R000540,G000288,1,923.642,1964.686,1041.045,106
R000542,G000289,1,893.642,1898.686,1005.045,102
R000543,G000290,1,923.642,1964.686,1041.045,106
R000544,G000291,1,923.642,1964.686,1041.045,106
R000545,G000292,1,788.216,1503.538,715.322,73
R000546,G000293,1,788.216,1503.538,715.322,73
R000547,G000294,1,818.216,1569.538,751.322,77
R000548,G000295,1,788.216,1503.538,715.322,73
R000549,G000296,1,818.216,1569.538,751.322,77
R000550,G000297,1,818.216,1569.538,751.322,77
R000551,G000298,1,848.216,1635.538,787.322,80
R000552,G000299,1,818.216,1569.538,751.322,77
R000553,G000300,1,848.216,1635.538,787.322,80
R000554,G000301,1,848.216,1635.538,787.322,80
R000555,G000302,1,878.216,1701.538,823.322,84
R000556,G000303,1,848.216,1635.538,787.322,80
R000557,G000304,1,878.216,1701.538,823.322,84
R000558,G000305,1,878.216,1701.538,823.322,84
R000559,G000306,1,908.216,1767.538,859.322,87
R000560,G000307,1,788.216,1503.538,715.322,73
R000561,G000308,1,818.216,1569.538,751.322,77
R000562,G000309,1,818.216,1569.538,751.322,77
R000563,G000310,1,848.216,1635.538,787.322,80
R000564,G000311,1,818.216,1569.538,751.322,77
R000565,G000312,1,848.216,1635.538,787.322,80
R000566,G000313,1,848.216,1635.538,787.322,80
R000567,G000314,1,878.216,1701.538,823.322,84
R000568,G000315,1,848.216,1635.538,787.322,80
R000569,G000316,1,878.216,1701.538,823.322,84
R000571,G000317,1,908.216,1767.538,859.322,87
R000572,G000318,1,878.216,1701.538,823.322,84
R000573,G000319,1,908.216,1767.538,859.322,87
R000574,G000320,1,908.216,1767.538,859.322,87
R000575,G000321,1,938.216,1833.538,895.322,91
R000576,G000322,1,729.484,1147.222,417.737,44
R000577,G000323,1,729.484,1147.222,417.737,44
R000578,G000324,1,759.484,1213.222,453.737,48
R000579,G000325,1,729.484,1147.222,417.737,44
R000580,G000326,1,759.484,1213.222,453.737,48
R000581,G000327,1,759.484,1213.222,453.737,48
R000582,G000328,1,789.484,1279.222,489.737,51
R000583,G000329,1,759.484,1213.222,453.737,48
R000584,G000330,1,789.484,1279.222,489.737,51
R000585,G000331,1,789.484,1279.222,489.737,51
R000586,G000332,1,819.484,1345.222,525.737,55
R000587,G000333,1,789.484,1279.222,489.737,51
R000588,G000334,1,819.484,1345.222,525.737,55
R000589,G000335,1,819.484,1345.222,525.737,55
R000590,G000336,1,849.484,1411.222,561.737,58
R000591,G000337,1,729.484,1147.222,417.737,44
R000592,G000338,1,759.484,1213.222,453.737,48
R000593,G000339,1,759.484,1213.222,453.737,48
R000594,G000340,1,789.484,1279.222,489.737,51
R000595,G000341,1,759.484,1213.222,453.737,48
R000596,G000342,1,789.484,1279.222,489.737,51
R000597,G000343,1,789.484,1279.222,489.737,51
R000598,G000344,1,819.484,1345.222,525.737,55
R000599,G000345,1,789.484,1279.222,489.737,51
R000600,G000346,1,819.484,1345.222,525.737,55
R000601,G000347,1,819.484,1345.222,525.737,55
R000602,G000348,1,849.484,1411.222,561.737,58
R000603,G000349,1,819.484,1345.222,525.737,55
R000604,G000350,1,849.484,1411.222,561.737,58
R000605,G000351,1,849.484,1411.222,561.737,58
R000606,G000352,1,879.484,1477.222,597.737,62
R000638,G000353,1,753.709,1189.09,435.381,46
R000639,G000354,1,753.709,1189.09,435.381,46
R000640,G000355,1,783.709,1255.09,471.381,50
R000641,G000356,1,753.709,1189.09,435.381,46
R000642,G000357,1,783.709,1255.09,471.381,50
R000643,G000358,1,783.709,1255.09,471.381,50
R000644,G000359,1,813.709,1321.09,507.381,53
R000645,G000360,1,783.709,1255.09,471.381,50
R000646,G000361,1,813.709,1321.09,507.381,53
R000647,G000362,1,813.709,1321.09,507.381,53
R000648,G000363,1,843.709,1387.09,543.381,57
R000649,G000364,1,753.709,1189.09,435.381,46
R000650,G000365,1,783.709,1255.09,471.381,50
R000651,G000366,1,783.709,1255.09,471.381,50
R000652,G000367,1,813.709,1321.09,507.381,53
R000653,G000368,1,783.709,1255.09,471.381,50
R000654,G000369,1,813.709,1321.09,507.381,53
R000655,G000370,1,813.709,1321.09,507.381,53
R000656,G000371,1,843.709,1387.09,543.381,57
R000657,G000372,1,813.709,1321.09,507.381,53
R000658,G000373,1,843.709,1387.09,543.381,57
R000659,G000374,1,843.709,1387.09,543.381,57
R000660,G000375,1,873.709,1453.09,579.381,60
R000661,G000376,1,718.084,1516.523,798.439,83
R000662,G000377,1,718.084,1516.523,798.439,83
R000663,G000378,1,748.084,1582.523,834.439,87
R000664,G000379,1,718.084,1516.523,798.439,83
R000665,G000380,1,748.084,1582.523,834.439,87
R000666,G000381,1,748.084,1582.523,834.439,87
R000667,G000382,1,778.084,1648.523,870.439,90
R000668,G000383,1,748.084,1582.523,834.439,87
R000669,G000384,1,778.084,1648.523,870.439,90
R000670,G000385,1,778.084,1648.523,870.439,90
R000671,G000386,1,808.084,1714.523,906.439,94
R000672,G000387,1,718.084,1516.523,798.439,83
R000673,G000388,1,748.084,1582.523,834.439,87
R000674,G000389,1,748.084,1582.523,834.439,87
R000675,G000390,1,778.084,1648.523,870.439,90
R000676,G000391,1,748.084,1582.523,834.439,87
R000677,G000392,1,778.084,1648.523,870.439,90
R000678,G000393,1,778.084,1648.523,870.439,90
R000680,G000394,1,778.084,1648.523,870.439,90
R000681,G000395,1,808.084,1714.523,906.439,94
R000682,G000396,1,808.084,1714.523,906.439,94
R000683,G000397,1,838.084,1780.523,942.439,97
R000684,G000398,1,666.212,1170.629,504.418,53
R000685,G000399,1,666.212,1170.629,504.418,53
R000686,G000400,1,696.212,1236.629,540.418,57
R000687,G000401,1,666.212,1170.629,504.418,53
R000688,G000402,1,696.212,1236.629,540.418,57
R000689,G000403,1,696.212,1236.629,540.418,57
R000690,G000404,1,726.212,1302.629,576.418,60
R000691,G000405,1,723.175,1123.37,400.195,42
R000692,G000406,1,723.175,1123.37,400.195,42
R000693,G000407,1,753.175,1189.37,436.195,46
R000694,G000408,1,723.175,1123.37,400.195,42
R000695,G000409,1,753.175,1189.37,436.195,46
R000696,G000410,1,753.175,1189.37,436.195,46
R000697,G000411,1,783.175,1255.37,472.195,49
R000705,G000412,1,714.24,1513.621,799.38,82
R000706,G000413,1,714.24,1513.621,799.38,82
R000707,G000414,1,744.24,1579.621,835.38,86
R000708,G000415,1,714.24,1513.621,799.38,82
R000709,G000416,1,744.24,1579.621,835.38,86
R000710,G000417,1,744.24,1579.621,835.38,86
R000711,G000418,1,774.24,1645.621,871.38,89
R000712,G000419,1,708.593,1090.573,381.98,40
R000713,G000420,1,708.593,1090.573,381.98,40
R000714,G000421,1,738.593,1156.573,417.98,44
R000715,G000422,1,708.593,1090.573,381.98,40
R000716,G000423,1,738.593,1156.573,417.98,44
R000717,G000424,1,738.593,1156.573,417.98,44
R000718,G000425,1,768.593,1222.573,453.98,47
R000719,G000426,1,785.699,1409.279,623.58,65
R000720,G000427,1,785.699,1409.279,623.58,65
R000721,G000428,1,815.699,1475.279,659.58,69
R000722,G000429,1,785.699,1409.279,623.58,65
R000723,G000430,1,815.699,1475.279,659.58,69
R000724,G000431,1,815.699,1475.279,659.58,69
R000725,G000432,1,845.699,1541.279,695.58,72
R000726,G000433,1,777.64,1352.483,574.843,59
R000727,G000434,1,777.64,1352.483,574.843,59
R000728,G000435,1,807.64,1418.483,610.843,63
R000729,G000436,1,777.64,1352.483,574.843,59
R000730,G000437,1,807.64,1418.483,610.843,63
R000731,G000438,1,807.64,1418.483,610.843,63
R000732,G000439,1,837.64,1484.483,646.843,66
R000733,G000440,1,1001.107,1831.416,830.309,84
R000734,G000441,1,750.418,1585.72,835.302,84
R000735,G000442,1,1001.107,1831.416,830.309,84
R000736,G000443,1,750.418,1585.72,835.302,84
R000737,G000444,1,1001.107,1831.416,830.309,84
R000738,G000445,1,750.418,1585.72,835.302,84
R000739,G000446,1,1001.107,1831.416,830.309,84
R000740,G000447,1,750.418,1585.72,835.302,84
R000741,G000448,1,1001.107,1831.416,830.309,84
R000742,G000449,1,750.418,1585.72,835.302,84
R000743,G000450,1,1001.107,1831.416,830.309,84
R000745,G000451,1,1001.107,1831.416,830.309,84
R000746,G000452,1,750.418,1585.72,835.302,84
R000747,G000453,1,1001.107,1831.416,830.309,84
R000748,G000454,1,750.418,1585.72,835.302,84
R000749,G000455,1,1001.107,1831.416,830.309,84
R000750,G000456,1,750.418,1585.72,835.302,84
R000751,G000457,1,1001.107,1831.416,830.309,84
R000752,G000458,1,750.418,1585.72,835.302,84
R000753,G000459,1,1031.107,1891.416,860.309,87
R000754,G000460,1,780.418,1645.72,865.302,87
R000757,G000461,1,1031.107,1891.416,860.309,87
R000759,G000462,1,1061.107,1891.416,830.309,84
R000761,G000463,1,1061.107,1891.416,830.309,84
R000763,G000464,1,1061.107,1891.416,830.309,84
R000765,G000465,1,1061.107,1891.416,830.309,84
R000766,G000466,1,780.418,1615.72,835.302,84
R000767,G000467,1,1061.107,1891.416,830.309,84
R000768,G000468,1,780.418,1615.72,835.302,84
R000769,G000469,1,1061.107,1891.416,830.309,84
R000770,G000470,1,780.418,1615.72,835.302,84
R000771,G000471,1,1061.107,1891.416,830.309,84
R000773,G000472,1,1313.34,2261.974,948.634,96
R000774,G000473,1,834.701,1791.593,956.892,97
R000775,G000474,1,1313.34,2261.974,948.634,96
R000776,G000475,1,1313.34,2261.974,948.634,96
R000777,G000476,1,834.701,1791.593,956.892,97
R000778,G000477,1,1313.34,2261.974,948.634,96
R000779,G000478,1,1313.34,2261.974,948.634,96
R000780,G000479,1,834.701,1791.593,956.892,97
R000781,G000480,1,1313.34,2261.974,948.634,96
R000782,G000481,1,834.701,1791.593,956.892,97
R000783,G000482,1,1313.34,2261.974,948.634,96
R000785,G000483,1,1343.34,2321.974,978.634,99
R000786,G000484,1,864.701,1851.593,986.892,100
R000787,G000485,1,1343.34,2321.974,978.634,99
R000788,G000486,1,864.701,1851.593,986.892,100
R000789,G000487,1,1373.34,2321.974,948.634,96
R000790,G000488,1,1373.34,2321.974,948.634,96
R000791,G000489,1,1373.34,2321.974,948.634,96
R000792,G000490,1,1373.34,2321.974,948.634,96
R000793,G000491,1,864.701,1821.593,956.892,97
R000794,G000492,1,1373.34,2321.974,948.634,96
R000795,G000493,1,1373.34,2321.974,948.634,96
R000796,G000494,1,864.701,1821.593,956.892,97
R000797,G000495,1,1164.285,1895.405,731.121,75
R000798,G000496,1,880.18,1613.786,733.606,75
R000799,G000497,1,1164.285,1895.405,731.121,75
R000800,G000498,1,880.18,1613.786,733.606,75
R000801,G000499,1,1164.285,1895.405,731.121,75
R000802,G000500,1,880.18,1613.786,733.606,75
R000803,G000501,1,1164.285,1895.405,731.121,75
R000804,G000502,1,880.18,1613.786,733.606,75
R000805,G000503,1,1164.285,1895.405,731.121,75
R000806,G000504,1,880.18,1613.786,733.606,75
R000807,G000505,1,1164.285,1895.405,731.121,75
R000809,G000506,1,1164.285,1895.405,731.121,75
R000810,G000507,1,880.18,1613.786,733.606,75
R000811,G000508,1,1164.285,1895.405,731.121,75
R000812,G000509,1,880.18,1613.786,733.606,75
R000813,G000510,1,1164.285,1895.405,731.121,75
R000814,G000511,1,880.18,1613.786,733.606,75
R000815,G000512,1,1164.285,1895.405,731.121,75
R000817,G000513,1,1194.285,1955.405,761.121,78
R000818,G000514,1,910.18,1673.786,763.606,78
R000821,G000515,1,1194.285,1955.405,761.121,78
R000822,G000516,1,910.18,1673.786,763.606,78
R000823,G000517,1,1224.285,1955.405,731.121,75
R000824,G000518,1,910.18,1643.786,733.606,75
R000825,G000519,1,1224.285,1955.405,731.121,75
R000826,G000520,1,910.18,1643.786,733.606,75
R000827,G000521,1,1224.285,1955.405,731.121,75
R000828,G000522,1,910.18,1643.786,733.606,75
R000829,G000523,1,1224.285,1955.405,731.121,75
R000830,G000524,1,910.18,1643.786,733.606,75
R000831,G000525,1,1224.285,1955.405,731.121,75
R000832,G000526,1,910.18,1643.786,733.606,75
R000833,G000527,1,1224.285,1955.405,731.121,75
R000834,G000528,1,910.18,1643.786,733.606,75
R000835,G000529,1,1224.285,1955.405,731.121,75
R000836,G000530,1,910.18,1643.786,733.606,75
R000837,G000531,1,1033.405,1500.28,466.875,48
R000838,G000532,1,816.237,1281.015,464.778,49
R000839,G000533,1,1033.405,1500.28,466.875,48
R000840,G000534,1,816.237,1281.015,464.778,49
R000841,G000535,1,1033.405,1500.28,466.875,48
R000842,G000536,1,816.237,1281.015,464.778,49
R000843,G000537,1,1033.405,1500.28,466.875,48
R000844,G000538,1,816.237,1281.015,464.778,49
R000845,G000539,1,1033.405,1500.28,466.875,48
R000846,G000540,1,816.237,1281.015,464.778,49
R000849,G000541,1,1033.405,1500.28,466.875,48
R000850,G000542,1,816.237,1281.015,464.778,49
R000851,G000543,1,1033.405,1500.28,466.875,48
R000853,G000544,1,1033.405,1500.28,466.875,48
R000854,G000545,1,816.237,1281.015,464.778,49
R000857,G000546,1,1063.405,1560.28,496.875,51
R000858,G000547,1,846.237,1341.015,494.778,52
R000861,G000548,1,1063.405,1560.28,496.875,51
R000869,G000549,1,1093.405,1560.28,466.875,48
R000870,G000550,1,846.237,1311.015,464.778,49
R000917,G000551,1,1334.417,1716.817,382.399,40
R000918,G000552,1,818.091,1211.524,393.433,41
R000919,G000553,1,1334.417,1716.817,382.399,40
R000920,G000554,1,818.091,1211.524,393.433,41
R000921,G000555,1,1334.417,1716.817,382.399,40
R000922,G000556,1,818.091,1211.524,393.433,41
R000923,G000557,1,1334.417,1716.817,382.399,40
R000924,G000558,1,818.091,1211.524,393.433,41
R000925,G000559,1,1334.417,1716.817,382.399,40
R000926,G000560,1,818.091,1211.524,393.433,41
R000927,G000561,1,1334.417,1716.817,382.399,40
R000929,G000562,1,1334.417,1716.817,382.399,40
R000930,G000563,1,818.091,1211.524,393.433,41
R000931,G000564,1,1334.417,1716.817,382.399,40
R000932,G000565,1,818.091,1211.524,393.433,41
R000933,G000566,1,1334.417,1716.817,382.399,40
R000934,G000567,1,818.091,1211.524,393.433,41
R000935,G000568,1,1334.417,1716.817,382.399,40
R000937,G000569,1,1364.417,1776.817,412.399,43
R000938,G000570,1,848.091,1271.524,423.433,44
R000941,G000571,1,1364.417,1776.817,412.399,43
R000942,G000572,1,848.091,1271.524,423.433,44
R000943,G000573,1,1394.417,1776.817,382.399,40
R000945,G000574,1,1394.417,1776.817,382.399,40
R000947,G000575,1,1394.417,1776.817,382.399,40
R000949,G000576,1,1394.417,1776.817,382.399,40
R000950,G000577,1,848.091,1241.524,393.433,41
R000951,G000578,1,1394.417,1776.817,382.399,40
R000952,G000579,1,848.091,1241.524,393.433,41
R000953,G000580,1,1394.417,1776.817,382.399,40
R000954,G000581,1,848.091,1241.524,393.433,41
R000955,G000582,1,1394.417,1776.817,382.399,40
R000958,G000583,1,811.736,1600.291,788.555,81
R000958,G000584,2,1640.291,1730.291,90.0,9
R000962,G000585,1,811.736,1600.291,788.555,81
R000962,G000586,2,1640.291,1730.291,90.0,9
R000964,G000587,1,811.736,1600.291,788.555,81
R000964,G000588,2,1640.291,1730.291,90.0,9
R000968,G000589,1,1080.288,1180.288,100.0,10
R000968,G000590,2,1210.288,1991.243,780.955,79
R000969,G000591,1,811.736,1600.291,788.555,81
R000969,G000592,2,1640.291,1730.291,90.0,9
R000987,G000593,1,1140.288,1240.288,100.0,10
R000987,G000594,2,1270.288,2051.243,780.955,79
R000988,G000595,1,841.736,1630.291,788.555,81
R000988,G000596,2,1670.291,1760.291,90.0,9
R000991,G000597,1,1140.288,1240.288,100.0,10
R000991,G000598,2,1270.288,2051.243,780.955,79
R000992,G000599,1,841.736,1630.291,788.555,81
R000992,G000600,2,1670.291,1760.291,90.0,9
R000995,G000601,1,995.768,1513.744,517.976,54
R000996,G000602,1,745.176,1268.434,523.257,54
R000997,G000603,1,995.768,1513.744,517.976,54
R000998,G000604,1,745.176,1268.434,523.257,54
R000999,G000605,1,995.768,1513.744,517.976,54
R001000,G000606,1,745.176,1268.434,523.257,54
R001001,G000607,1,995.768,1513.744,517.976,54
R001002,G000608,1,745.176,1268.434,523.257,54
R001003,G000609,1,995.768,1513.744,517.976,54
R001004,G000610,1,745.176,1268.434,523.257,54
R001005,G000611,1,995.768,1513.744,517.976,54
R001007,G000612,1,995.768,1513.744,517.976,54
R001008,G000613,1,745.176,1268.434,523.257,54
R001009,G000614,1,995.768,1513.744,517.976,54
R001010,G000615,1,745.176,1268.434,523.257,54
R001011,G000616,1,995.768,1513.744,517.976,54
R001012,G000617,1,745.176,1268.434,523.257,54
R001013,G000618,1,1025.768,1573.744,547.976,57
R001014,G000619,1,775.176,1328.434,553.257,57
R001015,G000620,1,1025.768,1573.744,547.976,57
R001016,G000621,1,775.176,1328.434,553.257,57
R001017,G000622,1,1055.768,1573.744,517.976,54
R001023,G000623,1,1055.768,1573.744,517.976,54
R001025,G000624,1,1055.768,1573.744,517.976,54
R001026,G000625,1,775.176,1298.434,523.257,54
R001027,G000626,1,1055.768,1573.744,517.976,54
R001029,G000627,1,1181.719,1580.493,398.775,41
R001030,G000628,1,792.646,1200.956,408.311,42
R001031,G000629,1,1181.719,1580.493,398.775,41
R001032,G000630,1,792.646,1200.956,408.311,42
R001033,G000631,1,1181.719,1580.493,398.775,41
R001034,G000632,1,792.646,1200.956,408.311,42
R001035,G000633,1,1181.719,1580.493,398.775,41
R001036,G000634,1,792.646,1200.956,408.311,42
R001037,G000635,1,1181.719,1580.493,398.775,41
R001038,G000636,1,792.646,1200.956,408.311,42
R001039,G000637,1,1181.719,1580.493,398.775,41
R001041,G000638,1,1181.719,1580.493,398.775,41
R001043,G000639,1,1181.719,1580.493,398.775,41
R001044,G000640,1,792.646,1200.956,408.311,42
R001049,G000641,1,1211.719,1640.493,428.775,44
R001097,G000642,1,1133.225,1931.422,798.196,82
R001098,G000643,1,785.2,1587.071,801.87,82
R001099,G000644,1,1133.225,1931.422,798.196,82
R001100,G000645,1,785.2,1587.071,801.87,82
R001101,G000646,1,1133.225,1931.422,798.196,82
R001102,G000647,1,785.2,1587.071,801.87,82
R001103,G000648,1,1133.225,1931.422,798.196,82
R001104,G000649,1,785.2,1587.071,801.87,82
R001105,G000650,1,1133.225,1931.422,798.196,82
R001106,G000651,1,785.2,1587.071,801.87,82
R001107,G000652,1,1133.225,1931.422,798.196,82
R001109,G000653,1,1133.225,1931.422,798.196,82
R001110,G000654,1,785.2,1587.071,801.87,82
R001111,G000655,1,1133.225,1931.422,798.196,82
R001112,G000656,1,785.2,1587.071,801.87,82
R001113,G000657,1,1133.225,1931.422,798.196,82
R001114,G000658,1,785.2,1587.071,801.87,82
R001117,G000659,1,1163.225,1991.422,828.196,85
R001118,G000660,1,815.2,1647.071,831.87,85
R001119,G000661,1,1193.225,1991.422,798.196,82
R001120,G000662,1,815.2,1617.071,801.87,82
R001121,G000663,1,1193.225,1991.422,798.196,82
R001123,G000664,1,1193.225,1991.422,798.196,82
R001125,G000665,1,1193.225,1991.422,798.196,82
R001126,G000666,1,815.2,1617.071,801.87,82
R001127,G000667,1,1193.225,1991.422,798.196,82
R001128,G000668,1,815.2,1617.071,801.87,82
R001129,G000669,1,1193.225,1991.422,798.196,82
R001131,G000670,1,1094.146,1471.825,377.679,40
R001132,G000671,1,780.494,1172.432,391.938,40
R001133,G000672,1,1094.146,1471.825,377.679,40
R001134,G000673,1,780.494,1172.432,391.938,40
R001135,G000674,1,1094.146,1471.825,377.679,40
R001136,G000675,1,780.494,1172.432,391.938,40
R001137,G000676,1,1094.146,1471.825,377.679,40
R001138,G000677,1,780.494,1172.432,391.938,40
R001139,G000678,1,1094.146,1471.825,377.679,40
R001140,G000679,1,780.494,1172.432,391.938,40
R001141,G000680,1,1094.146,1471.825,377.679,40
R001143,G000681,1,1094.146,1471.825,377.679,40
R001144,G000682,1,780.494,1172.432,391.938,40
R001145,G000683,1,1094.146,1471.825,377.679,40
R001146,G000684,1,780.494,1172.432,391.938,40
R001147,G000685,1,1094.146,1471.825,377.679,40
R001148,G000686,1,780.494,1172.432,391.938,40
R001149,G000687,1,1124.146,1531.825,407.679,43
R001151,G000688,1,1124.146,1531.825,407.679,43
R001152,G000689,1,810.494,1232.432,421.938,43
R001159,G000690,1,1154.146,1531.825,377.679,40
R001161,G000691,1,1154.146,1531.825,377.679,40
R001163,G000692,1,1154.146,1531.825,377.679,40
R001165,G000693,1,1298.042,1941.195,643.152,66
R001166,G000694,1,844.749,1495.054,650.305,67
R001167,G000695,1,1298.042,1941.195,643.152,66
R001168,G000696,1,844.749,1495.054,650.305,67
R001169,G000697,1,1298.042,1941.195,643.152,66
R001170,G000698,1,844.749,1495.054,650.305,67
R001171,G000699,1,1298.042,1941.195,643.152,66
R001172,G000700,1,844.749,1495.054,650.305,67
R001173,G000701,1,1298.042,1941.195,643.152,66
R001174,G000702,1,844.749,1495.054,650.305,67
R001175,G000703,1,1298.042,1941.195,643.152,66
R001177,G000704,1,1298.042,1941.195,643.152,66
R001179,G000705,1,1298.042,1941.195,643.152,66
R001180,G000706,1,844.749,1495.054,650.305,67
R001185,G000707,1,1328.042,2001.195,673.152,69
R001193,G000708,1,1358.042,2001.195,643.152,66
R001199,G000709,1,1337.131,1916.549,579.418,59
R001200,G000710,1,838.033,1409.483,571.45,59
R001201,G000711,1,1337.131,1916.549,579.418,59
R001202,G000712,1,838.033,1409.483,571.45,59
R001203,G000713,1,1337.131,1916.549,579.418,59
R001204,G000714,1,838.033,1409.483,571.45,59
R001205,G000715,1,1337.131,1916.549,579.418,59
R001206,G000716,1,838.033,1409.483,571.45,59
R001207,G000717,1,1337.131,1916.549,579.418,59
R001208,G000718,1,838.033,1409.483,571.45,59
R001209,G000719,1,1337.131,1916.549,579.418,59
R001210,G000720,1,838.033,1409.483,571.45,59
R001211,G000721,1,1337.131,1916.549,579.418,59
R001212,G000722,1,838.033,1409.483,571.45,59
R001213,G000723,1,1337.131,1916.549,579.418,59
R001214,G000724,1,838.033,1409.483,571.45,59
R001216,G000725,1,838.033,1409.483,571.45,59
R001219,G000726,1,1367.131,1976.549,609.418,62
R001220,G000727,1,868.033,1469.483,601.45,62
R001221,G000728,1,1397.131,1976.549,579.418,59
R001222,G000729,1,868.033,1439.483,571.45,59
R001223,G000730,1,1397.131,1976.549,579.418,59
R001224,G000731,1,868.033,1439.483,571.45,59
R001225,G000732,1,1397.131,1976.549,579.418,59
R001226,G000733,1,868.033,1439.483,571.45,59
R001227,G000734,1,1397.131,1976.549,579.418,59
R001228,G000735,1,868.033,1439.483,571.45,59
R001229,G000736,1,1397.131,1976.549,579.418,59
R001230,G000737,1,868.033,1439.483,571.45,59
R001231,G000738,1,1397.131,1976.549,579.418,59
R001232,G000739,1,868.033,1439.483,571.45,59
R001233,G000740,1,750.418,1979.823,1229.405,125
R001234,G000741,1,880.18,2121.403,1241.223,126
R001238,G000742,1,880.18,2121.403,1241.223,126
R001242,G000743,1,750.418,1979.823,1229.405,125
R001264,G000744,1,750.418,1588.238,837.82,85
R001264,G000745,2,1637.749,1976.272,338.523,35
R001265,G000746,1,816.237,1160.636,344.399,36
R001265,G000747,2,1201.235,2045.484,844.249,85
R001269,G000748,1,816.237,1160.636,344.399,36
R001269,G000749,2,1201.235,2045.484,844.249,85
R001271,G000750,1,816.237,1160.636,344.399,36
R001271,G000751,2,1201.235,2045.484,844.249,85
R001272,G000752,1,750.418,1588.238,837.82,85
R001272,G000753,2,1637.749,1976.272,338.523,35
R001274,G000754,1,750.418,1588.238,837.82,85
R001274,G000755,2,1637.749,1976.272,338.523,35
R001296,G000756,1,750.418,1826.699,1076.281,110
R001297,G000757,1,745.176,1827.692,1082.516,111
R001298,G000758,1,750.418,1826.699,1076.281,110
R001299,G000759,1,745.176,1827.692,1082.516,111
R001300,G000760,1,750.418,1826.699,1076.281,110
R001301,G000761,1,745.176,1827.692,1082.516,111
R001302,G000762,1,750.418,1826.699,1076.281,110
R001303,G000763,1,745.176,1827.692,1082.516,111
R001304,G000764,1,750.418,1826.699,1076.281,110
R001305,G000765,1,745.176,1827.692,1082.516,111
R001306,G000766,1,750.418,1826.699,1076.281,110
R001307,G000767,1,745.176,1827.692,1082.516,111
R001308,G000768,1,750.418,1826.699,1076.281,110
R001309,G000769,1,745.176,1827.692,1082.516,111
R001310,G000770,1,750.418,1826.699,1076.281,110
R001311,G000771,1,745.176,1827.692,1082.516,111
R001312,G000772,1,750.418,1826.699,1076.281,110
R001313,G000773,1,745.176,1827.692,1082.516,111
R001318,G000774,1,780.418,1886.699,1106.281,113
R001319,G000775,1,775.176,1887.692,1112.516,114
R001325,G000776,1,792.646,1241.214,448.569,46
R001325,G000777,2,1321.214,1411.214,90.0,9
R001325,G000778,3,1471.214,2234.809,763.594,77
R001329,G000779,1,750.418,1466.59,716.172,73
R001329,G000780,2,1476.59,1506.59,30.0,3
R001329,G000781,3,1576.59,1656.59,80.0,8
R001329,G000782,4,1726.59,2175.539,448.949,46
R001340,G000783,1,750.418,1563.234,812.816,82
R001340,G000784,2,1613.234,1643.234,30.0,3
R001341,G000785,1,1073.849,1103.849,30.0,3
R001341,G000786,2,1143.849,1963.089,819.239,83
R001342,G000787,1,750.418,1563.234,812.816,82
R001342,G000788,2,1613.234,1643.234,30.0,3
R001343,G000789,1,1073.849,1103.849,30.0,3
R001343,G000790,2,1143.849,1963.089,819.239,83
R001344,G000791,1,750.418,1563.234,812.816,82
R001344,G000792,2,1613.234,1643.234,30.0,3
R001345,G000793,1,1073.849,1103.849,30.0,3
R001345,G000794,2,1143.849,1963.089,819.239,83
R001346,G000795,1,750.418,1563.234,812.816,82
R001346,G000796,2,1613.234,1643.234,30.0,3
R001347,G000797,1,1073.849,1103.849,30.0,3
R001347,G000798,2,1143.849,1963.089,819.239,83
R001348,G000799,1,750.418,1563.234,812.816,82
R001348,G000800,2,1613.234,1643.234,30.0,3
R001349,G000801,1,1073.849,1103.849,30.0,3
R001349,G000802,2,1143.849,1963.089,819.239,83
R001350,G000803,1,750.418,1563.234,812.816,82
R001350,G000804,2,1613.234,1643.234,30.0,3
R001351,G000805,1,1073.849,1103.849,30.0,3
R001351,G000806,2,1143.849,1963.089,819.239,83
R001352,G000807,1,750.418,1563.234,812.816,82
R001352,G000808,2,1613.234,1643.234,30.0,3
R001353,G000809,1,1073.849,1103.849,30.0,3
R001353,G000810,2,1143.849,1963.089,819.239,83
R001354,G000811,1,750.418,1563.234,812.816,82
R001354,G000812,2,1613.234,1643.234,30.0,3
R001356,G000813,1,750.418,1563.234,812.816,82
R001356,G000814,2,1613.234,1643.234,30.0,3
R001358,G000815,1,780.418,1593.234,812.816,82
R001358,G000816,2,1643.234,1673.234,30.0,3
R001359,G000817,1,1133.849,1163.849,30.0,3
R001359,G000818,2,1203.849,2023.089,819.239,83
R001360,G000819,1,780.418,1593.234,812.816,82
R001360,G000820,2,1643.234,1673.234,30.0,3
R001361,G000821,1,1133.849,1163.849,30.0,3
R001361,G000822,2,1203.849,2023.089,819.239,83
R001362,G000823,1,780.418,1623.234,842.816,85
R001362,G000824,2,1673.234,1703.234,30.0,3
R001363,G000825,1,1103.849,1133.849,30.0,3
R001363,G000826,2,1173.849,2023.089,849.239,86
R001364,G000827,1,780.418,1623.234,842.816,85
R001364,G000828,2,1673.234,1703.234,30.0,3
R001366,G000829,1,780.418,1623.234,842.816,85
R001366,G000830,2,1673.234,1703.234,30.0,3
R001367,G000831,1,1103.849,1133.849,30.0,3
R001367,G000832,2,1173.849,2023.089,849.239,86
R001375,G000833,1,750.418,2140.55,1390.132,142
R001399,G000834,1,750.418,1974.109,1223.691,125
R001415,G000835,1,834.701,1757.066,922.365,93
R001416,G000836,1,1160.925,2085.619,924.694,94
R001417,G000837,1,834.701,1757.066,922.365,93
R001418,G000838,1,1160.925,2085.619,924.694,94
R001419,G000839,1,834.701,1757.066,922.365,93
R001421,G000840,1,834.701,1757.066,922.365,93
R001423,G000841,1,834.701,1757.066,922.365,93
R001424,G000842,1,1160.925,2085.619,924.694,94
R001425,G000843,1,834.701,1757.066,922.365,93
R001426,G000844,1,1160.925,2085.619,924.694,94
R001427,G000845,1,834.701,1757.066,922.365,93
R001429,G000846,1,834.701,1757.066,922.365,93
R001431,G000847,1,834.701,1757.066,922.365,93
R001432,G000848,1,1160.925,2085.619,924.694,94
R001433,G000849,1,834.701,1757.066,922.365,93
R001445,G000850,1,864.701,1817.066,952.365,96
R001446,G000851,1,1190.925,2145.619,954.694,97
R001447,G000852,1,834.701,1940.284,1105.583,113
R001448,G000853,1,818.091,1923.081,1104.99,113
R001449,G000854,1,834.701,1940.284,1105.583,113
R001450,G000855,1,818.091,1923.081,1104.99,113
R001451,G000856,1,834.701,1940.284,1105.583,113
R001452,G000857,1,818.091,1923.081,1104.99,113
R001453,G000858,1,834.701,1940.284,1105.583,113
R001454,G000859,1,818.091,1923.081,1104.99,113
R001455,G000860,1,834.701,1940.284,1105.583,113
R001456,G000861,1,818.091,1923.081,1104.99,113
R001457,G000862,1,834.701,1940.284,1105.583,113
R001458,G000863,1,818.091,1923.081,1104.99,113
R001459,G000864,1,834.701,1940.284,1105.583,113
R001460,G000865,1,818.091,1923.081,1104.99,113
R001462,G000866,1,818.091,1923.081,1104.99,113
R001463,G000867,1,834.701,1940.284,1105.583,113
R001464,G000868,1,818.091,1923.081,1104.99,113
R001465,G000869,1,834.701,1940.284,1105.583,113
R001466,G000870,1,818.091,1923.081,1104.99,113
R001468,G000871,1,848.091,1983.081,1134.99,116
R001473,G000872,1,864.701,2000.284,1135.583,116
R001474,G000873,1,848.091,1983.081,1134.99,116
R001475,G000874,1,864.701,2000.284,1135.583,116
R001476,G000875,1,848.091,1983.081,1134.99,116
R001477,G000876,1,864.701,2000.284,1135.583,116
R001478,G000877,1,848.091,1983.081,1134.99,116
R001479,G000878,1,834.701,1764.753,930.051,94
R001480,G000879,1,1111.728,2030.665,918.936,93
R001482,G000880,1,1111.728,2030.665,918.936,93
R001483,G000881,1,834.701,1764.753,930.051,94
R001484,G000882,1,1111.728,2030.665,918.936,93
R001485,G000883,1,834.701,1764.753,930.051,94
R001486,G000884,1,1111.728,2030.665,918.936,93
R001487,G000885,1,834.701,1764.753,930.051,94
R001488,G000886,1,1111.728,2030.665,918.936,93
R001489,G000887,1,834.701,1764.753,930.051,94
R001490,G000888,1,1111.728,2030.665,918.936,93
R001492,G000889,1,1111.728,2030.665,918.936,93
R001494,G000890,1,1111.728,2030.665,918.936,93
R001495,G000891,1,834.701,1764.753,930.051,94
R001496,G000892,1,1111.728,2030.665,918.936,93
R001498,G000893,1,1171.728,2090.665,918.936,93
R001500,G000894,1,1171.728,2090.665,918.936,93
R001501,G000895,1,864.701,1824.753,960.051,97
R001502,G000896,1,1141.728,2090.665,948.936,96
R001507,G000897,1,834.701,2044.567,1209.866,123
R001508,G000898,1,838.033,2045.068,1207.035,123
R001511,G000899,1,834.701,2044.567,1209.866,123
R001512,G000900,1,838.033,2045.068,1207.035,123
R001514,G000901,1,838.033,2045.068,1207.035,123
R001515,G000902,1,834.701,2044.567,1209.866,123
R001519,G000903,1,834.701,2044.567,1209.866,123
R001521,G000904,1,834.701,2044.567,1209.866,123
R001530,G000905,1,868.033,2105.068,1237.035,126
R001535,G000906,1,880.18,1599.462,719.282,73
R001535,G000907,2,1617.504,1959.631,342.126,35
R001536,G000908,1,816.237,1157.571,341.334,36
R001536,G000909,2,1177.571,1887.263,709.692,72
R001540,G000910,1,816.237,1157.571,341.334,36
R001540,G000911,2,1177.571,1887.263,709.692,72
R001541,G000912,1,880.18,1599.462,719.282,73
R001541,G000913,2,1617.504,1959.631,342.126,35
R001542,G000914,1,816.237,1157.571,341.334,36
R001542,G000915,2,1177.571,1887.263,709.692,72
R001543,G000916,1,880.18,1599.462,719.282,73
R001543,G000917,2,1617.504,1959.631,342.126,35
R001545,G000918,1,880.18,1599.462,719.282,73
R001545,G000919,2,1617.504,1959.631,342.126,35
R001546,G000920,1,816.237,1157.571,341.334,36
R001546,G000921,2,1177.571,1887.263,709.692,72
R001548,G000922,1,816.237,1157.571,341.334,36
R001548,G000923,2,1177.571,1887.263,709.692,72
R001553,G000924,1,880.18,1599.462,719.282,73
R001553,G000925,2,1617.504,1959.631,342.126,35
R001554,G000926,1,816.237,1157.571,341.334,36
R001554,G000927,2,1177.571,1887.263,709.692,72
R001568,G000928,1,811.736,2114.317,1302.58,133
R001570,G000929,1,811.736,2114.317,1302.58,133
R001571,G000930,1,880.18,2174.131,1293.952,132
R001572,G000931,1,811.736,2114.317,1302.58,133
R001573,G000932,1,880.18,2174.131,1293.952,132
R001574,G000933,1,811.736,2114.317,1302.58,133
R001575,G000934,1,880.18,2174.131,1293.952,132
R001576,G000935,1,811.736,2114.317,1302.58,133
R001577,G000936,1,841.736,2174.317,1332.58,136
R001579,G000937,1,880.18,2014.437,1134.258,116
R001580,G000938,1,745.176,1873.852,1128.675,115
R001581,G000939,1,880.18,2014.437,1134.258,116
R001582,G000940,1,745.176,1873.852,1128.675,115
R001583,G000941,1,880.18,2014.437,1134.258,116
R001584,G000942,1,745.176,1873.852,1128.675,115
R001585,G000943,1,880.18,2014.437,1134.258,116
R001586,G000944,1,745.176,1873.852,1128.675,115
R001587,G000945,1,880.18,2014.437,1134.258,116
R001588,G000946,1,745.176,1873.852,1128.675,115
R001589,G000947,1,880.18,2014.437,1134.258,116
R001590,G000948,1,745.176,1873.852,1128.675,115
R001591,G000949,1,880.18,2014.437,1134.258,116
R001592,G000950,1,745.176,1873.852,1128.675,115
R001593,G000951,1,880.18,2014.437,1134.258,116
R001594,G000952,1,745.176,1873.852,1128.675,115
R001595,G000953,1,880.18,2014.437,1134.258,116
R001596,G000954,1,745.176,1873.852,1128.675,115
R001607,G000955,1,880.18,1627.906,747.726,76
R001607,G000956,2,1697.906,1727.906,30.0,3
R001608,G000957,1,1033.634,1063.634,30.0,3
R001608,G000958,2,1143.634,1875.265,731.631,75
R001612,G000959,1,1033.634,1063.634,30.0,3
R001612,G000960,2,1143.634,1875.265,731.631,75
R001614,G000961,1,1033.634,1063.634,30.0,3
R001614,G000962,2,1143.634,1875.265,731.631,75
R001615,G000963,1,880.18,1627.906,747.726,76
R001615,G000964,2,1697.906,1727.906,30.0,3
R001617,G000965,1,880.18,1627.906,747.726,76
R001617,G000966,2,1697.906,1727.906,30.0,3
R001618,G000967,1,1033.634,1063.634,30.0,3
R001618,G000968,2,1143.634,1875.265,731.631,75
R001619,G000969,1,880.18,1627.906,747.726,76
R001619,G000970,2,1697.906,1727.906,30.0,3
R001621,G000971,1,880.18,1627.906,747.726,76
R001621,G000972,2,1697.906,1727.906,30.0,3
R001630,G000973,1,1063.634,1093.634,30.0,3
R001630,G000974,2,1173.634,1935.265,761.631,78
R001640,G000975,1,816.237,1160.636,344.399,36
R001640,G000976,2,1224.546,1244.546,20.0,2
R001641,G000977,1,1389.048,1409.048,20.0,2
R001641,G000978,2,1479.382,1821.879,342.497,35
R001642,G000979,1,816.237,1160.636,344.399,36
R001642,G000980,2,1224.546,1244.546,20.0,2
R001643,G000981,1,1389.048,1409.048,20.0,2
R001643,G000982,2,1479.382,1821.879,342.497,35
R001644,G000983,1,816.237,1160.636,344.399,36
R001644,G000984,2,1224.546,1244.546,20.0,2
R001645,G000985,1,1389.048,1409.048,20.0,2
R001645,G000986,2,1479.382,1821.879,342.497,35
R001646,G000987,1,816.237,1160.636,344.399,36
R001646,G000988,2,1224.546,1244.546,20.0,2
R001647,G000989,1,1389.048,1409.048,20.0,2
R001647,G000990,2,1479.382,1821.879,342.497,35
R001648,G000991,1,816.237,1160.636,344.399,36
R001648,G000992,2,1224.546,1244.546,20.0,2
R001649,G000993,1,1389.048,1409.048,20.0,2
R001649,G000994,2,1479.382,1821.879,342.497,35
R001650,G000995,1,816.237,1160.636,344.399,36
R001650,G000996,2,1224.546,1244.546,20.0,2
R001651,G000997,1,1389.048,1409.048,20.0,2
R001651,G000998,2,1479.382,1821.879,342.497,35
R001652,G000999,1,816.237,1160.636,344.399,36
R001652,G001000,2,1224.546,1244.546,20.0,2
R001653,G001001,1,1389.048,1409.048,20.0,2
R001653,G001002,2,1479.382,1821.879,342.497,35
R001654,G001003,1,816.237,1160.636,344.399,36
R001654,G001004,2,1224.546,1244.546,20.0,2
R001655,G001005,1,1389.048,1409.048,20.0,2
R001655,G001006,2,1479.382,1821.879,342.497,35
R001657,G001007,1,1389.048,1409.048,20.0,2
R001657,G001008,2,1479.382,1821.879,342.497,35
R001659,G001009,1,1389.048,1409.048,20.0,2
R001659,G001010,2,1479.382,1821.879,342.497,35
R001660,G001011,1,846.237,1190.636,344.399,36
R001660,G001012,2,1254.546,1274.546,20.0,2
R001661,G001013,1,1449.048,1469.048,20.0,2
R001661,G001014,2,1539.382,1881.879,342.497,35
R001662,G001015,1,846.237,1190.636,344.399,36
R001662,G001016,2,1254.546,1274.546,20.0,2
R001663,G001017,1,1449.048,1469.048,20.0,2
R001663,G001018,2,1539.382,1881.879,342.497,35
R001664,G001019,1,846.237,1190.636,344.399,36
R001664,G001020,2,1254.546,1274.546,20.0,2
R001665,G001021,1,1449.048,1469.048,20.0,2
R001665,G001022,2,1539.382,1881.879,342.497,35
R001666,G001023,1,846.237,1220.636,374.399,39
R001666,G001024,2,1284.546,1304.546,20.0,2
R001667,G001025,1,1419.048,1439.048,20.0,2
R001667,G001026,2,1509.382,1881.879,372.497,38
R001668,G001027,1,846.237,1220.636,374.399,39
R001668,G001028,2,1284.546,1304.546,20.0,2
R001669,G001029,1,1419.048,1439.048,20.0,2
R001669,G001030,2,1509.382,1881.879,372.497,38
R001670,G001031,1,846.237,1220.636,374.399,39
R001670,G001032,2,1284.546,1304.546,20.0,2
R001671,G001033,1,1419.048,1439.048,20.0,2
R001671,G001034,2,1509.382,1881.879,372.497,38
R001679,G001035,1,818.091,1407.515,589.424,60
R001679,G001036,2,1628.43,1971.092,342.663,35
R001680,G001037,1,816.237,1160.636,344.399,36
R001680,G001038,2,1378.018,1950.883,572.865,59
R001684,G001039,1,816.237,1160.636,344.399,36
R001684,G001040,2,1378.018,1950.883,572.865,59
R001685,G001041,1,818.091,1407.515,589.424,60
R001685,G001042,2,1628.43,1971.092,342.663,35
R001686,G001043,1,816.237,1160.636,344.399,36
R001686,G001044,2,1378.018,1950.883,572.865,59
R001689,G001045,1,818.091,1407.515,589.424,60
R001689,G001046,2,1628.43,1971.092,342.663,35
R001691,G001047,1,818.091,1407.515,589.424,60
R001691,G001048,2,1628.43,1971.092,342.663,35
R001705,G001049,1,811.736,1600.291,788.555,81
R001705,G001050,2,1634.272,1976.791,342.518,35
R001708,G001051,1,816.237,1157.898,341.661,36
R001708,G001052,2,1187.898,1964.237,776.339,79
R001709,G001053,1,811.736,1600.291,788.555,81
R001709,G001054,2,1634.272,1976.791,342.518,35
R001711,G001055,1,811.736,1600.291,788.555,81
R001711,G001056,2,1634.272,1976.791,342.518,35
R001712,G001057,1,816.237,1157.898,341.661,36
R001712,G001058,2,1187.898,1964.237,776.339,79
R001713,G001059,1,811.736,1600.291,788.555,81
R001713,G001060,2,1634.272,1976.791,342.518,35
R001716,G001061,1,816.237,1157.898,341.661,36
R001716,G001062,2,1187.898,1964.237,776.339,79
R001717,G001063,1,811.736,1600.291,788.555,81
R001717,G001064,2,1634.272,1976.791,342.518,35
R001718,G001065,1,816.237,1157.898,341.661,36
R001718,G001066,2,1187.898,1964.237,776.339,79
R001719,G001067,1,811.736,1600.291,788.555,81
R001719,G001068,2,1634.272,1976.791,342.518,35
R001720,G001069,1,816.237,1157.898,341.661,36
R001720,G001070,2,1187.898,1964.237,776.339,79
R001721,G001071,1,811.736,1600.291,788.555,81
R001721,G001072,2,1634.272,1976.791,342.518,35
R001722,G001073,1,816.237,1157.898,341.661,36
R001722,G001074,2,1187.898,1964.237,776.339,79
R001723,G001075,1,811.736,1600.291,788.555,81
R001723,G001076,2,1634.272,1976.791,342.518,35
R001736,G001077,1,816.237,1156.823,340.586,36
R001736,G001078,2,1166.823,1781.793,614.97,64
R001737,G001079,1,745.176,1361.878,616.702,63
R001737,G001080,2,1372.346,1713.575,341.229,35
R001741,G001081,1,745.176,1361.878,616.702,63
R001741,G001082,2,1372.346,1713.575,341.229,35
R001743,G001083,1,745.176,1361.878,616.702,63
R001743,G001084,2,1372.346,1713.575,341.229,35
R001744,G001085,1,816.237,1156.823,340.586,36
R001744,G001086,2,1166.823,1781.793,614.97,64
R001745,G001087,1,745.176,1361.878,616.702,63
R001745,G001088,2,1372.346,1713.575,341.229,35
R001748,G001089,1,816.237,1156.823,340.586,36
R001748,G001090,2,1166.823,1781.793,614.97,64
R001758,G001091,1,846.237,1216.823,370.586,39
R001758,G001092,2,1226.823,1841.793,614.97,64
R001759,G001093,1,775.176,1391.878,616.702,63
R001759,G001094,2,1402.346,1773.575,371.229,38
R001772,G001095,1,816.237,1160.636,344.399,36
R001772,G001096,2,1621.02,2045.339,424.319,44
R001776,G001097,1,816.237,1160.636,344.399,36
R001776,G001098,2,1621.02,2045.339,424.319,44
R001779,G001099,1,792.646,1222.647,430.002,44
R001779,G001100,2,1693.133,2035.398,342.265,35
R001792,G001101,1,816.237,1161.485,345.248,37
R001792,G001102,2,1191.485,1281.485,90.0,9
R001793,G001103,1,1029.104,1119.104,90.0,9
R001793,G001104,2,1143.5,1488.324,344.823,36
R001794,G001105,1,816.237,1161.485,345.248,37
R001794,G001106,2,1191.485,1281.485,90.0,9
R001795,G001107,1,1029.104,1119.104,90.0,9
R001795,G001108,2,1143.5,1488.324,344.823,36
R001796,G001109,1,816.237,1161.485,345.248,37
R001796,G001110,2,1191.485,1281.485,90.0,9
R001797,G001111,1,1029.104,1119.104,90.0,9
R001797,G001112,2,1143.5,1488.324,344.823,36
R001798,G001113,1,816.237,1161.485,345.248,37
R001798,G001114,2,1191.485,1281.485,90.0,9
R001799,G001115,1,1029.104,1119.104,90.0,9
R001799,G001116,2,1143.5,1488.324,344.823,36
R001800,G001117,1,816.237,1161.485,345.248,37
R001800,G001118,2,1191.485,1281.485,90.0,9
R001801,G001119,1,1029.104,1119.104,90.0,9
R001801,G001120,2,1143.5,1488.324,344.823,36
R001802,G001121,1,816.237,1161.485,345.248,37
R001802,G001122,2,1191.485,1281.485,90.0,9
R001803,G001123,1,1029.104,1119.104,90.0,9
R001803,G001124,2,1143.5,1488.324,344.823,36
R001804,G001125,1,816.237,1161.485,345.248,37
R001804,G001126,2,1191.485,1281.485,90.0,9
R001805,G001127,1,1029.104,1119.104,90.0,9
R001805,G001128,2,1143.5,1488.324,344.823,36
R001807,G001129,1,1029.104,1119.104,90.0,9
R001807,G001130,2,1143.5,1488.324,344.823,36
R001808,G001131,1,816.237,1161.485,345.248,37
R001808,G001132,2,1191.485,1281.485,90.0,9
R001809,G001133,1,1029.104,1119.104,90.0,9
R001809,G001134,2,1143.5,1488.324,344.823,36
R001811,G001135,1,1089.104,1179.104,90.0,9
R001811,G001136,2,1203.5,1548.324,344.823,36
R001814,G001137,1,846.237,1221.485,375.248,40
R001814,G001138,2,1251.485,1341.485,90.0,9
R001815,G001139,1,1059.104,1149.104,90.0,9
R001815,G001140,2,1173.5,1548.324,374.823,39
R001816,G001141,1,846.237,1221.485,375.248,40
R001816,G001142,2,1251.485,1341.485,90.0,9
R001817,G001143,1,1059.104,1149.104,90.0,9
R001817,G001144,2,1173.5,1548.324,374.823,39
R001818,G001145,1,846.237,1221.485,375.248,40
R001818,G001146,2,1251.485,1341.485,90.0,9
R001819,G001147,1,1059.104,1149.104,90.0,9
R001819,G001148,2,1173.5,1548.324,374.823,39
R001821,G001149,1,785.2,1800.848,1015.647,103
R001821,G001150,2,1810.848,2152.077,341.229,35
R001824,G001151,1,785.2,1800.848,1015.647,103
R001824,G001152,2,1810.848,2152.077,341.229,35
R001826,G001153,1,816.237,1156.823,340.586,36
R001826,G001154,2,1166.823,2172.618,1005.795,102
R001827,G001155,1,785.2,1800.848,1015.647,103
R001827,G001156,2,1810.848,2152.077,341.229,35
R001843,G001157,1,816.237,1160.451,344.214,36
R001843,G001158,2,1170.451,1240.451,70.0,7
R001843,G001159,3,1270.451,1280.451,10.0,1
R001843,G001160,4,1310.451,1320.451,10.0,1
R001843,G001161,5,1330.451,1430.451,100.0,10
R001843,G001162,6,1450.451,1879.91,429.459,44
R001847,G001163,1,816.237,1160.451,344.214,36
R001847,G001164,2,1170.451,1240.451,70.0,7
R001847,G001165,3,1270.451,1280.451,10.0,1
R001847,G001166,4,1310.451,1320.451,10.0,1
R001847,G001167,5,1330.451,1430.451,100.0,10
R001847,G001168,6,1450.451,1879.91,429.459,44
R001868,G001169,1,838.033,1436.583,598.55,61
R001868,G001170,2,1699.052,2042.301,343.249,35
R001871,G001171,1,816.237,1160.636,344.399,36
R001871,G001172,2,1401.84,2004.388,602.547,62
R001875,G001173,1,816.237,1160.636,344.399,36
R001875,G001174,2,1401.84,2004.388,602.547,62
R001891,G001175,1,1146.925,1206.632,59.707,6
R001891,G001176,2,1216.632,1587.868,371.236,38
R001903,G001177,1,1146.925,1206.632,59.707,6
R001903,G001178,2,1216.632,1587.868,371.236,38
R001904,G001179,1,818.091,1191.299,373.208,38
R001904,G001180,2,1201.919,1261.919,60.0,6
R001908,G001181,1,818.091,1191.299,373.208,38
R001908,G001182,2,1201.919,1261.919,60.0,6
R001917,G001183,1,1206.925,1266.632,59.707,6
R001917,G001184,2,1276.632,1647.868,371.236,38
R001923,G001185,1,1470.495,1985.767,515.272,53
R001924,G001186,1,745.176,1251.048,505.871,52
R001925,G001187,1,1470.495,1985.767,515.272,53
R001926,G001188,1,745.176,1251.048,505.871,52
R001927,G001189,1,1470.495,1985.767,515.272,53
R001928,G001190,1,745.176,1251.048,505.871,52
R001930,G001191,1,745.176,1251.048,505.871,52
R001931,G001192,1,1470.495,1985.767,515.272,53
R001932,G001193,1,745.176,1251.048,505.871,52
R001934,G001194,1,745.176,1251.048,505.871,52
R001935,G001195,1,1470.495,1985.767,515.272,53
R001936,G001196,1,745.176,1251.048,505.871,52
R001937,G001197,1,1470.495,1985.767,515.272,53
R001938,G001198,1,745.176,1251.048,505.871,52
R001940,G001199,1,745.176,1251.048,505.871,52
R001941,G001200,1,1500.495,2045.767,545.272,56
R001942,G001201,1,775.176,1311.048,535.871,55
R001943,G001202,1,1500.495,2045.767,545.272,56
R001944,G001203,1,775.176,1311.048,535.871,55
R001945,G001204,1,1530.495,2045.767,515.272,53
R001946,G001205,1,775.176,1281.048,505.871,52
R001947,G001206,1,1530.495,2045.767,515.272,53
R001948,G001207,1,775.176,1281.048,505.871,52
R001949,G001208,1,1530.495,2045.767,515.272,53
R001950,G001209,1,775.176,1281.048,505.871,52
R001952,G001210,1,792.646,1171.67,379.025,39
R001953,G001211,1,1534.545,1914.338,379.793,39
R001954,G001212,1,792.646,1171.67,379.025,39
R001955,G001213,1,1534.545,1914.338,379.793,39
R001956,G001214,1,792.646,1171.67,379.025,39
R001958,G001215,1,792.646,1171.67,379.025,39
R001959,G001216,1,1534.545,1914.338,379.793,39
R001960,G001217,1,792.646,1171.67,379.025,39
R001961,G001218,1,1534.545,1914.338,379.793,39
R001962,G001219,1,792.646,1171.67,379.025,39
R001963,G001220,1,1534.545,1914.338,379.793,39
R001964,G001221,1,792.646,1171.67,379.025,39
R001965,G001222,1,1534.545,1914.338,379.793,39
R001966,G001223,1,792.646,1171.67,379.025,39
R001968,G001224,1,792.646,1171.67,379.025,39
R001969,G001225,1,1564.545,1974.338,409.793,42
R001970,G001226,1,822.646,1231.67,409.025,42
R001971,G001227,1,1564.545,1974.338,409.793,42
R001972,G001228,1,822.646,1231.67,409.025,42
R001973,G001229,1,1594.545,1974.338,379.793,39
R001974,G001230,1,822.646,1201.67,379.025,39
R001975,G001231,1,1594.545,1974.338,379.793,39
R001976,G001232,1,822.646,1201.67,379.025,39
R001977,G001233,1,1594.545,1974.338,379.793,39
R001978,G001234,1,822.646,1201.67,379.025,39
R002007,G001235,1,1521.528,1872.254,350.726,36
R002009,G001236,1,1521.528,1872.254,350.726,36
R002010,G001237,1,780.494,1137.702,357.208,37
R002011,G001238,1,1521.528,1872.254,350.726,36
R002012,G001239,1,780.494,1137.702,357.208,37
R002013,G001240,1,1521.528,1872.254,350.726,36
R002014,G001241,1,780.494,1137.702,357.208,37
R002015,G001242,1,1521.528,1872.254,350.726,36
R002016,G001243,1,780.494,1137.702,357.208,37
R002017,G001244,1,1521.528,1872.254,350.726,36
R002019,G001245,1,1521.528,1872.254,350.726,36
R002020,G001246,1,780.494,1137.702,357.208,37
R002021,G001247,1,1521.528,1872.254,350.726,36
R002022,G001248,1,780.494,1137.702,357.208,37
R002023,G001249,1,1521.528,1872.254,350.726,36
R002025,G001250,1,1551.528,1932.254,380.726,39
R002026,G001251,1,810.494,1197.702,387.208,40
R002027,G001252,1,1551.528,1932.254,380.726,39
R002028,G001253,1,810.494,1197.702,387.208,40
R002029,G001254,1,1581.528,1932.254,350.726,36
R002030,G001255,1,810.494,1167.702,357.208,37
R002031,G001256,1,1581.528,1932.254,350.726,36
R002032,G001257,1,810.494,1167.702,357.208,37
R002033,G001258,1,1581.528,1932.254,350.726,36
R002034,G001259,1,810.494,1167.702,357.208,37
R002035,G001260,1,1602.358,2210.174,607.816,63
R002036,G001261,1,844.749,1457.258,612.509,63
R002037,G001262,1,1602.358,2210.174,607.816,63
R002038,G001263,1,844.749,1457.258,612.509,63
R002039,G001264,1,1602.358,2210.174,607.816,63
R002040,G001265,1,844.749,1457.258,612.509,63
R002041,G001266,1,1602.358,2210.174,607.816,63
R002043,G001267,1,1602.358,2210.174,607.816,63
R002044,G001268,1,1602.358,2210.174,607.816,63
R002045,G001269,1,1602.358,2210.174,607.816,63
R002046,G001270,1,844.749,1457.258,612.509,63
R002047,G001271,1,1602.358,2210.174,607.816,63
R002048,G001272,1,844.749,1457.258,612.509,63
R002049,G001273,1,1602.358,2210.174,607.816,63
R002051,G001274,1,1632.358,2270.174,637.816,66
R002052,G001275,1,874.749,1517.258,642.509,66
R002053,G001276,1,874.749,1517.258,642.509,66
R002054,G001277,1,1662.358,2270.174,607.816,63
R002055,G001278,1,874.749,1487.258,612.509,63
R002056,G001279,1,1662.358,2270.174,607.816,63
R002057,G001280,1,874.749,1487.258,612.509,63
R002058,G001281,1,1662.358,2270.174,607.816,63
R002060,G001282,1,838.033,1447.465,609.432,62
R002064,G001283,1,838.033,1447.465,609.432,62
R002067,G001284,1,1267.224,1872.263,605.039,63
R002069,G001285,1,1267.224,1872.263,605.039,63
R002071,G001286,1,1267.224,1872.263,605.039,63
R002073,G001287,1,1267.224,1872.263,605.039,63
R002075,G001288,1,1267.224,1872.263,605.039,63
R002088,G001289,1,818.091,1261.256,443.165,45
R002088,G001290,2,1691.256,2172.95,481.694,50
R002089,G001291,1,745.176,1226.814,481.638,49
R002089,G001292,2,1646.814,2084.523,437.709,45
R002093,G001293,1,745.176,1226.814,481.638,49
R002093,G001294,2,1646.814,2084.523,437.709,45
R002095,G001295,1,745.176,1226.814,481.638,49
R002095,G001296,2,1646.814,2084.523,437.709,45
R002117,G001297,1,792.646,1182.913,390.267,40
R002117,G001298,2,1772.913,2138.347,365.434,38
R002136,G001299,1,818.091,1211.524,393.433,41
R002137,G001300,1,1119.646,1496.204,376.558,39
R002139,G001301,1,1119.646,1496.204,376.558,39
R002140,G001302,1,818.091,1211.524,393.433,41
R002141,G001303,1,1119.646,1496.204,376.558,39
R002142,G001304,1,818.091,1211.524,393.433,41
R002143,G001305,1,1119.646,1496.204,376.558,39
R002144,G001306,1,818.091,1211.524,393.433,41
R002145,G001307,1,1119.646,1496.204,376.558,39
R002146,G001308,1,818.091,1211.524,393.433,41
R002147,G001309,1,1119.646,1496.204,376.558,39
R002149,G001310,1,1119.646,1496.204,376.558,39
R002150,G001311,1,818.091,1211.524,393.433,41
R002151,G001312,1,1119.646,1496.204,376.558,39
R002152,G001313,1,818.091,1211.524,393.433,41
R002153,G001314,1,1119.646,1496.204,376.558,39
R002155,G001315,1,1179.646,1556.204,376.558,39
R002157,G001316,1,1179.646,1556.204,376.558,39
R002158,G001317,1,848.091,1271.524,423.433,44
R002159,G001318,1,1149.646,1556.204,406.558,42
R002160,G001319,1,848.091,1271.524,423.433,44
R002161,G001320,1,1149.646,1556.204,406.558,42
R002162,G001321,1,848.091,1271.524,423.433,44
R002165,G001322,1,780.494,1110.491,329.997,34
R002165,G001323,2,1700.491,2068.754,368.263,39
R002171,G001324,1,818.091,1199.312,381.22,39
R002171,G001325,2,1789.312,2117.63,328.319,35
R002174,G001326,1,818.091,1199.312,381.22,39
R002174,G001327,2,1789.312,2117.63,328.319,35
R002189,G001328,1,838.033,1769.974,931.941,96
R002192,G001329,1,818.091,1752.27,934.179,97
R002193,G001330,1,838.033,1769.974,931.941,96
R002198,G001331,1,818.091,1752.27,934.179,97
R002200,G001332,1,818.091,1752.27,934.179,97
R002204,G001333,1,818.091,1752.27,934.179,97
R002216,G001334,1,811.736,2210.281,1398.545,143
R002217,G001335,1,745.176,2129.51,1384.334,141
R002221,G001336,1,811.736,1575.668,763.931,78
R002222,G001337,1,1200.893,1947.388,746.495,76
R002223,G001338,1,811.736,1575.668,763.931,78
R002224,G001339,1,1200.893,1947.388,746.495,76
R002225,G001340,1,811.736,1575.668,763.931,78
R002226,G001341,1,1200.893,1947.388,746.495,76
R002227,G001342,1,811.736,1575.668,763.931,78
R002228,G001343,1,1200.893,1947.388,746.495,76
R002229,G001344,1,811.736,1575.668,763.931,78
R002230,G001345,1,1200.893,1947.388,746.495,76
R002231,G001346,1,811.736,1575.668,763.931,78
R002232,G001347,1,1200.893,1947.388,746.495,76
R002233,G001348,1,811.736,1575.668,763.931,78
R002234,G001349,1,1200.893,1947.388,746.495,76
R002235,G001350,1,811.736,1575.668,763.931,78
R002236,G001351,1,1200.893,1947.388,746.495,76
R002237,G001352,1,811.736,1575.668,763.931,78
R002238,G001353,1,1200.893,1947.388,746.495,76
R002239,G001354,1,841.736,1605.668,763.931,78
R002240,G001355,1,1260.893,2007.388,746.495,76
R002241,G001356,1,841.736,1605.668,763.931,78
R002242,G001357,1,1260.893,2007.388,746.495,76
R002243,G001358,1,841.736,1635.668,793.931,81
R002244,G001359,1,1230.893,2007.388,776.495,79
R002245,G001360,1,841.736,1635.668,793.931,81
R002246,G001361,1,1230.893,2007.388,776.495,79
R002247,G001362,1,841.736,1635.668,793.931,81
R002248,G001363,1,1230.893,2007.388,776.495,79
R002250,G001364,1,838.033,1547.195,709.162,72
R002250,G001365,2,1705.408,2325.232,619.823,63
R002252,G001366,1,838.033,1547.195,709.162,72
R002252,G001367,2,1705.408,2325.232,619.823,63
R002253,G001368,1,811.736,1438.329,626.592,64
R002253,G001369,2,1584.846,2299.872,715.026,73
R002263,G001370,1,792.646,1238.249,445.603,46
R002263,G001371,2,1308.249,1348.249,40.0,4
R002263,G001372,3,1448.249,1951.877,503.628,53
R002265,G001373,1,792.646,1238.249,445.603,46
R002265,G001374,2,1308.249,1348.249,40.0,4
R002265,G001375,3,1448.249,1951.877,503.628,53
R002266,G001376,1,745.176,1241.676,496.5,51
R002266,G001377,2,1341.676,1381.676,40.0,4
R002266,G001378,3,1451.676,1893.6,441.924,46
R002267,G001379,1,792.646,1238.249,445.603,46
R002267,G001380,2,1308.249,1348.249,40.0,4
R002267,G001381,3,1448.249,1951.877,503.628,53
R002270,G001382,1,745.176,1241.676,496.5,51
R002270,G001383,2,1341.676,1381.676,40.0,4
R002270,G001384,3,1451.676,1893.6,441.924,46
R002271,G001385,1,792.646,1238.249,445.603,46
R002271,G001386,2,1308.249,1348.249,40.0,4
R002271,G001387,3,1448.249,1951.877,503.628,53
R002273,G001388,1,792.646,1238.249,445.603,46
R002273,G001389,2,1308.249,1348.249,40.0,4
R002273,G001390,3,1448.249,1951.877,503.628,53
R002275,G001391,1,792.646,1238.249,445.603,46
R002275,G001392,2,1308.249,1348.249,40.0,4
R002275,G001393,3,1448.249,1951.877,503.628,53
R002287,G001394,1,1078.477,1644.397,565.92,59
R002289,G001395,1,1078.477,1644.397,565.92,59
R002290,G001396,1,745.176,1315.913,570.737,58
R002294,G001397,1,745.176,1315.913,570.737,58
R002305,G001398,1,1108.477,1704.397,595.92,62
R002311,G001399,1,785.2,1982.944,1197.743,123
R002313,G001400,1,785.2,1982.944,1197.743,123
R002314,G001401,1,745.176,1935.268,1190.091,122
R002315,G001402,1,785.2,1982.944,1197.743,123
R002317,G001403,1,785.2,1982.944,1197.743,123
R002318,G001404,1,745.176,1935.268,1190.091,122
R002319,G001405,1,785.2,1982.944,1197.743,123
R002321,G001406,1,785.2,1982.944,1197.743,123
R002335,G001407,1,780.494,1736.63,956.136,98
R002337,G001408,1,780.494,1736.63,956.136,98
R002338,G001409,1,745.176,1697.08,951.903,97
R002339,G001410,1,780.494,1736.63,956.136,98
R002342,G001411,1,745.176,1697.08,951.903,97
R002343,G001412,1,780.494,1736.63,956.136,98
R002345,G001413,1,780.494,1736.63,956.136,98
R002361,G001414,1,745.176,1234.948,489.772,50
R002361,G001415,2,1484.948,2203.718,718.77,74
R002362,G001416,1,844.749,1559.295,714.546,73
R002362,G001417,2,1809.295,2317.225,507.93,52
R002364,G001418,1,844.749,1559.295,714.546,73
R002364,G001419,2,1809.295,2317.225,507.93,52
R002374,G001420,1,838.033,1424.487,586.454,60
R002374,G001421,2,1793.881,2285.888,492.007,51
R002376,G001422,1,745.176,1224.8,479.623,49
R002376,G001423,2,1594.8,2179.758,584.958,60
R002386,G001424,1,1348.935,1739.946,391.01,40
R002388,G001425,1,1348.935,1739.946,391.01,40
R002389,G001426,1,792.646,1192.944,400.299,41
R002390,G001427,1,1348.935,1739.946,391.01,40
R002391,G001428,1,792.646,1192.944,400.299,41
R002392,G001429,1,1348.935,1739.946,391.01,40
R002397,G001430,1,792.646,1192.944,400.299,41
R002410,G001431,1,785.2,2026.775,1241.574,127
R002413,G001432,1,792.646,2037.375,1244.73,128
R002431,G001433,1,792.646,1577.341,784.696,82
R002432,G001434,1,780.494,1558.615,778.121,81
R002433,G001435,1,792.646,1577.341,784.696,82
R002434,G001436,1,780.494,1558.615,778.121,81
R002435,G001437,1,792.646,1577.341,784.696,82
R002436,G001438,1,780.494,1558.615,778.121,81
R002437,G001439,1,792.646,1577.341,784.696,82
R002438,G001440,1,780.494,1558.615,778.121,81
R002439,G001441,1,792.646,1577.341,784.696,82
R002440,G001442,1,780.494,1558.615,778.121,81
R002441,G001443,1,792.646,1577.341,784.696,82
R002442,G001444,1,780.494,1558.615,778.121,81
R002443,G001445,1,792.646,1577.341,784.696,82
R002444,G001446,1,780.494,1558.615,778.121,81
R002445,G001447,1,792.646,1577.341,784.696,82
R002446,G001448,1,780.494,1558.615,778.121,81
R002448,G001449,1,810.494,1618.615,808.121,84
R002451,G001450,1,822.646,1637.341,814.696,85
R002452,G001451,1,810.494,1618.615,808.121,84
R002453,G001452,1,822.646,1637.341,814.696,85
R002454,G001453,1,810.494,1618.615,808.121,84
R002455,G001454,1,792.646,1747.923,955.277,99
R002456,G001455,1,844.749,1803.153,958.404,99
R002457,G001456,1,792.646,1747.923,955.277,99
R002458,G001457,1,844.749,1803.153,958.404,99
R002459,G001458,1,792.646,1747.923,955.277,99
R002460,G001459,1,844.749,1803.153,958.404,99
R002461,G001460,1,792.646,1747.923,955.277,99
R002463,G001461,1,792.646,1747.923,955.277,99
R002464,G001462,1,844.749,1803.153,958.404,99
R002465,G001463,1,792.646,1747.923,955.277,99
R002466,G001464,1,844.749,1803.153,958.404,99
R002467,G001465,1,792.646,1747.923,955.277,99
R002468,G001466,1,844.749,1803.153,958.404,99
R002469,G001467,1,792.646,1747.923,955.277,99
R002470,G001468,1,844.749,1803.153,958.404,99
R002471,G001469,1,822.646,1807.923,985.277,102
R002472,G001470,1,874.749,1863.153,988.404,102
R002473,G001471,1,822.646,1807.923,985.277,102
R002474,G001472,1,874.749,1863.153,988.404,102
R002475,G001473,1,822.646,1807.923,985.277,102
R002479,G001474,1,1173.404,1233.404,60.0,6
R002479,G001475,2,1253.404,1273.404,20.0,2
R002479,G001476,3,1323.404,2078.948,755.544,77
R002480,G001477,1,785.2,1552.021,766.821,78
R002480,G001478,2,1602.021,1622.021,20.0,2
R002480,G001479,3,1632.021,1692.021,60.0,6
R002481,G001480,1,1173.404,1233.404,60.0,6
R002481,G001481,2,1253.404,1273.404,20.0,2
R002481,G001482,3,1323.404,2078.948,755.544,77
R002482,G001483,1,785.2,1552.021,766.821,78
R002482,G001484,2,1602.021,1622.021,20.0,2
R002482,G001485,3,1632.021,1692.021,60.0,6
R002484,G001486,1,785.2,1552.021,766.821,78
R002484,G001487,2,1602.021,1622.021,20.0,2
R002484,G001488,3,1632.021,1692.021,60.0,6
R002485,G001489,1,1173.404,1233.404,60.0,6
R002485,G001490,2,1253.404,1273.404,20.0,2
R002485,G001491,3,1323.404,2078.948,755.544,77
R002487,G001492,1,785.2,1552.021,766.821,78
R002487,G001493,2,1602.021,1622.021,20.0,2
R002487,G001494,3,1632.021,1692.021,60.0,6
R002488,G001495,1,1173.404,1233.404,60.0,6
R002488,G001496,2,1253.404,1273.404,20.0,2
R002488,G001497,3,1323.404,2078.948,755.544,77
R002489,G001498,1,785.2,1552.021,766.821,78
R002489,G001499,2,1602.021,1622.021,20.0,2
R002489,G001500,3,1632.021,1692.021,60.0,6
R002490,G001501,1,1173.404,1233.404,60.0,6
R002490,G001502,2,1253.404,1273.404,20.0,2
R002490,G001503,3,1323.404,2078.948,755.544,77
R002491,G001504,1,785.2,1552.021,766.821,78
R002491,G001505,2,1602.021,1622.021,20.0,2
R002491,G001506,3,1632.021,1692.021,60.0,6
R002493,G001507,1,785.2,1552.021,766.821,78
R002493,G001508,2,1602.021,1622.021,20.0,2
R002493,G001509,3,1632.021,1692.021,60.0,6
R002494,G001510,1,1203.404,1263.404,60.0,6
R002494,G001511,2,1283.404,1303.404,20.0,2
R002494,G001512,3,1353.404,2138.948,785.544,80
R002496,G001513,1,1203.404,1263.404,60.0,6
R002496,G001514,2,1283.404,1303.404,20.0,2
R002496,G001515,3,1353.404,2138.948,785.544,80
R002498,G001516,1,1233.404,1293.404,60.0,6
R002498,G001517,2,1313.404,1333.404,20.0,2
R002498,G001518,3,1383.404,2138.948,755.544,77
R002499,G001519,1,815.2,1582.021,766.821,78
R002499,G001520,2,1632.021,1652.021,20.0,2
R002499,G001521,3,1662.021,1722.021,60.0,6
R002500,G001522,1,1233.404,1293.404,60.0,6
R002500,G001523,2,1313.404,1333.404,20.0,2
R002500,G001524,3,1383.404,2138.948,755.544,77
R002503,G001525,1,1269.375,1641.256,371.881,39
R002504,G001526,1,780.494,1142.432,361.938,37
R002504,G001527,2,1152.432,1162.432,10.0,1
R002506,G001528,1,780.494,1142.432,361.938,37
R002506,G001529,2,1152.432,1162.432,10.0,1
R002507,G001530,1,1269.375,1641.256,371.881,39
R002510,G001531,1,780.494,1142.432,361.938,37
R002510,G001532,2,1152.432,1162.432,10.0,1
R002511,G001533,1,1269.375,1641.256,371.881,39
R002513,G001534,1,1269.375,1641.256,371.881,39
R002514,G001535,1,780.494,1142.432,361.938,37
R002514,G001536,2,1152.432,1162.432,10.0,1
R002516,G001537,1,780.494,1142.432,361.938,37
R002516,G001538,2,1152.432,1162.432,10.0,1
R002526,G001539,1,844.749,1471.226,626.477,64
R002527,G001540,1,1459.443,2090.379,630.935,65
R002528,G001541,1,844.749,1471.226,626.477,64
R002530,G001542,1,844.749,1471.226,626.477,64
R002531,G001543,1,1459.443,2090.379,630.935,65
R002532,G001544,1,844.749,1471.226,626.477,64
R002534,G001545,1,844.749,1471.226,626.477,64
R002535,G001546,1,1459.443,2090.379,630.935,65
R002536,G001547,1,844.749,1471.226,626.477,64
R002538,G001548,1,844.749,1471.226,626.477,64
R002540,G001549,1,844.749,1471.226,626.477,64
R002549,G001550,1,1099.498,1716.104,616.606,63
R002550,G001551,1,838.033,1456.622,618.589,63
R002551,G001552,1,1099.498,1716.104,616.606,63
R002552,G001553,1,838.033,1456.622,618.589,63
R002553,G001554,1,1099.498,1716.104,616.606,63
R002554,G001555,1,838.033,1456.622,618.589,63
R002555,G001556,1,1099.498,1716.104,616.606,63
R002556,G001557,1,838.033,1456.622,618.589,63
R002557,G001558,1,1099.498,1716.104,616.606,63
R002558,G001559,1,838.033,1456.622,618.589,63
R002559,G001560,1,1099.498,1716.104,616.606,63
R002560,G001561,1,838.033,1456.622,618.589,63
R002561,G001562,1,1099.498,1716.104,616.606,63
R002562,G001563,1,838.033,1456.622,618.589,63
R002563,G001564,1,1099.498,1716.104,616.606,63
R002564,G001565,1,838.033,1456.622,618.589,63
R002565,G001566,1,1129.498,1776.104,646.606,66
R002566,G001567,1,868.033,1516.622,648.589,66
R002567,G001568,1,1129.498,1776.104,646.606,66
R002568,G001569,1,868.033,1516.622,648.589,66
R002569,G001570,1,1159.498,1776.104,616.606,63
R002573,G001571,1,785.2,1905.799,1120.599,115
R002575,G001572,1,785.2,1905.799,1120.599,115
R002576,G001573,1,780.494,1897.673,1117.179,114
R002577,G001574,1,785.2,1905.799,1120.599,115
R002578,G001575,1,780.494,1897.673,1117.179,114
R002579,G001576,1,785.2,1905.799,1120.599,115
R002580,G001577,1,780.494,1897.673,1117.179,114
R002581,G001578,1,785.2,1905.799,1120.599,115
R002582,G001579,1,780.494,1897.673,1117.179,114
R002583,G001580,1,785.2,1905.799,1120.599,115
R002584,G001581,1,780.494,1897.673,1117.179,114
R002585,G001582,1,785.2,1905.799,1120.599,115
R002587,G001583,1,785.2,1905.799,1120.599,115
R002588,G001584,1,780.494,1897.673,1117.179,114
R002594,G001585,1,810.494,1957.673,1147.179,117
R002603,G001586,1,844.749,1552.791,708.042,73
R002603,G001587,2,1584.23,1912.682,328.451,34
R002605,G001588,1,844.749,1552.791,708.042,73
R002605,G001589,2,1584.23,1912.682,328.451,34
R002606,G001590,1,780.494,1113.545,333.051,34
R002606,G001591,2,1134.065,1838.725,704.66,73
R002610,G001592,1,780.494,1113.545,333.051,34
R002610,G001593,2,1134.065,1838.725,704.66,73
R002624,G001594,1,930.05,1647.44,717.39,73
R002625,G001595,1,690.418,1401.799,711.381,72
R002626,G001596,1,930.05,1647.44,717.39,73
R002628,G001597,1,930.05,1647.44,717.39,73
R002629,G001598,1,690.418,1401.799,711.381,72
R002630,G001599,1,930.05,1647.44,717.39,73
R002631,G001600,1,690.418,1401.799,711.381,72
R002632,G001601,1,930.05,1647.44,717.39,73
R002633,G001602,1,690.418,1401.799,711.381,72
R002636,G001603,1,930.05,1647.44,717.39,73
R002637,G001604,1,690.418,1401.799,711.381,72
R002638,G001605,1,930.05,1647.44,717.39,73
R002651,G001606,1,690.418,1401.799,711.381,72
R002658,G001607,1,930.05,1647.44,717.39,73
R002659,G001608,1,690.418,1401.799,711.381,72
R002660,G001609,1,930.05,1647.44,717.39,73
R002661,G001610,1,690.418,1401.799,711.381,72
R002662,G001611,1,960.05,1707.44,747.39,76
R002663,G001612,1,720.418,1461.799,741.381,75
R002664,G001613,1,930.05,1647.44,717.39,73
R002665,G001614,1,690.418,1401.799,711.381,72
R002668,G001615,1,930.05,1647.44,717.39,73
R002669,G001616,1,690.418,1401.799,711.381,72
R002681,G001617,1,720.418,1431.799,711.381,72
R002688,G001618,1,990.05,1707.44,717.39,73
R002690,G001619,1,990.05,1707.44,717.39,73
R002692,G001620,1,990.05,1707.44,717.39,73
R002693,G001621,1,720.418,1431.799,711.381,72
R002694,G001622,1,990.05,1707.44,717.39,73
R002708,G001623,1,1202.283,2033.473,831.19,84
R002709,G001624,1,774.701,1600.576,825.874,84
R002710,G001625,1,1202.283,2033.473,831.19,84
R002712,G001626,1,1202.283,2033.473,831.19,84
R002713,G001627,1,774.701,1600.576,825.874,84
R002714,G001628,1,1202.283,2033.473,831.19,84
R002715,G001629,1,774.701,1600.576,825.874,84
R002716,G001630,1,1202.283,2033.473,831.19,84
R002717,G001631,1,774.701,1600.576,825.874,84
R002722,G001632,1,774.701,1600.576,825.874,84
R002725,G001633,1,1262.283,2093.473,831.19,84
R002732,G001634,1,1202.283,2033.473,831.19,84
R002733,G001635,1,774.701,1600.576,825.874,84
R002734,G001636,1,1202.283,2033.473,831.19,84
R002736,G001637,1,1232.283,2093.473,861.19,87
R002737,G001638,1,804.701,1660.576,855.874,87
R002738,G001639,1,1202.283,2033.473,831.19,84
R002739,G001640,1,774.701,1600.576,825.874,84
R002740,G001641,1,1202.283,2033.473,831.19,84
R002749,G001642,1,804.701,1630.576,825.874,84
R002750,G001643,1,1262.283,2093.473,831.19,84
R002751,G001644,1,804.701,1630.576,825.874,84
R002752,G001645,1,1262.283,2093.473,831.19,84
R002754,G001646,1,804.701,1630.576,825.874,84
R002755,G001647,1,1262.283,2093.473,831.19,84
R002757,G001648,1,1262.283,2093.473,831.19,84
R002758,G001649,1,804.701,1630.576,825.874,84
R002759,G001650,1,1262.283,2093.473,831.19,84
R002760,G001651,1,804.701,1630.576,825.874,84
R002761,G001652,1,1262.283,2093.473,831.19,84
R002762,G001653,1,804.701,1630.576,825.874,84
R002764,G001654,1,804.701,1630.576,825.874,84
R002765,G001655,1,1292.283,2153.473,861.19,87
R002766,G001656,1,834.701,1690.576,855.874,87
R002767,G001657,1,1292.283,2153.473,861.19,87
R002768,G001658,1,834.701,1690.576,855.874,87
R002769,G001659,1,1322.283,2153.473,831.19,84
R002770,G001660,1,834.701,1660.576,825.874,84
R002771,G001661,1,1322.283,2153.473,831.19,84
R002772,G001662,1,834.701,1660.576,825.874,84
R002773,G001663,1,1322.283,2153.473,831.19,84
R002774,G001664,1,1073.228,1721.892,648.664,66
R002775,G001665,1,800.18,1444.691,644.512,66
R002776,G001666,1,1073.228,1721.892,648.664,66
R002777,G001667,1,800.18,1444.691,644.512,66
R002778,G001668,1,1073.228,1721.892,648.664,66
R002779,G001669,1,800.18,1444.691,644.512,66
R002780,G001670,1,1073.228,1721.892,648.664,66
R002781,G001671,1,800.18,1444.691,644.512,66
R002782,G001672,1,1073.228,1721.892,648.664,66
R002783,G001673,1,800.18,1444.691,644.512,66
R002784,G001674,1,1073.228,1721.892,648.664,66
R002785,G001675,1,800.18,1444.691,644.512,66
R002786,G001676,1,1073.228,1721.892,648.664,66
R002787,G001677,1,800.18,1444.691,644.512,66
R002788,G001678,1,1073.228,1721.892,648.664,66
R002789,G001679,1,800.18,1444.691,644.512,66
R002794,G001680,1,1133.228,1781.892,648.664,66
R002795,G001681,1,830.18,1474.691,644.512,66
R002797,G001682,1,800.18,1444.691,644.512,66
R002799,G001683,1,800.18,1444.691,644.512,66
R002800,G001684,1,1073.228,1721.892,648.664,66
R002802,G001685,1,800.18,1444.691,644.512,66
R002806,G001686,1,1073.228,1721.892,648.664,66
R002807,G001687,1,800.18,1444.691,644.512,66
R002808,G001688,1,1073.228,1721.892,648.664,66
R002809,G001689,1,800.18,1444.691,644.512,66
R002810,G001690,1,1073.228,1721.892,648.664,66
R002811,G001691,1,800.18,1444.691,644.512,66
R002814,G001692,1,1073.228,1721.892,648.664,66
R002815,G001693,1,800.18,1444.691,644.512,66
R002823,G001694,1,830.18,1474.691,644.512,66
R002825,G001695,1,830.18,1474.691,644.512,66
R002826,G001696,1,1133.228,1781.892,648.664,66
R002827,G001697,1,830.18,1474.691,644.512,66
R002829,G001698,1,830.18,1474.691,644.512,66
R002831,G001699,1,830.18,1474.691,644.512,66
R002833,G001700,1,830.18,1474.691,644.512,66
R002834,G001701,1,1133.228,1781.892,648.664,66
R002835,G001702,1,830.18,1474.691,644.512,66
R002837,G001703,1,830.18,1474.691,644.512,66
R002838,G001704,1,1133.228,1781.892,648.664,66
R002839,G001705,1,830.18,1474.691,644.512,66
R002840,G001706,1,1133.228,1781.892,648.664,66
R002846,G001707,1,1163.228,1841.892,678.664,69
R002847,G001708,1,860.18,1534.691,674.512,69
R002854,G001709,1,962.348,1390.3,427.952,44
R002855,G001710,1,746.237,1162.648,416.411,44
R002856,G001711,1,962.348,1390.3,427.952,44
R002857,G001712,1,746.237,1162.648,416.411,44
R002858,G001713,1,962.348,1390.3,427.952,44
R002859,G001714,1,746.237,1162.648,416.411,44
R002860,G001715,1,962.348,1390.3,427.952,44
R002861,G001716,1,746.237,1162.648,416.411,44
R002862,G001717,1,962.348,1390.3,427.952,44
R002863,G001718,1,746.237,1162.648,416.411,44
R002864,G001719,1,962.348,1390.3,427.952,44
R002869,G001720,1,746.237,1162.648,416.411,44
R002874,G001721,1,1022.348,1450.3,427.952,44
R002875,G001722,1,776.237,1192.648,416.411,44
R002888,G001723,1,962.348,1390.3,427.952,44
R002890,G001724,1,962.348,1390.3,427.952,44
R002892,G001725,1,962.348,1390.3,427.952,44
R002896,G001726,1,962.348,1390.3,427.952,44
R002898,G001727,1,992.348,1450.3,457.952,47
R003018,G001728,1,1213.36,1569.432,356.072,37
R003019,G001729,1,758.091,1125.96,367.869,39
R003020,G001730,1,1213.36,1569.432,356.072,37
R003021,G001731,1,758.091,1125.96,367.869,39
R003022,G001732,1,1213.36,1569.432,356.072,37
R003023,G001733,1,758.091,1125.96,367.869,39
R003026,G001734,1,1213.36,1569.432,356.072,37
R003027,G001735,1,758.091,1125.96,367.869,39
R003028,G001736,1,1213.36,1569.432,356.072,37
R003030,G001737,1,1213.36,1569.432,356.072,37
R003038,G001738,1,1273.36,1629.432,356.072,37
R003039,G001739,1,788.091,1155.96,367.869,39
R003040,G001740,1,1213.36,1569.432,356.072,37
R003042,G001741,1,1213.36,1569.432,356.072,37
R003044,G001742,1,1213.36,1569.432,356.072,37
R003050,G001743,1,1273.36,1629.432,356.072,37
R003052,G001744,1,1213.36,1569.432,356.072,37
R003054,G001745,1,1213.36,1569.432,356.072,37
R003056,G001746,1,1213.36,1569.432,356.072,37
R003060,G001747,1,1213.36,1569.432,356.072,37
R003068,G001748,1,1273.36,1629.432,356.072,37
R003070,G001749,1,1273.36,1629.432,356.072,37
R003071,G001750,1,788.091,1155.96,367.869,39
R003072,G001751,1,1273.36,1629.432,356.072,37
R003073,G001752,1,788.091,1155.96,367.869,39
R003074,G001753,1,1273.36,1629.432,356.072,37
R003076,G001754,1,1273.36,1629.432,356.072,37
R003078,G001755,1,1273.36,1629.432,356.072,37
R003080,G001756,1,1273.36,1629.432,356.072,37
R003081,G001757,1,788.091,1155.96,367.869,39
R003082,G001758,1,1273.36,1629.432,356.072,37
R003084,G001759,1,1273.36,1629.432,356.072,37
R003085,G001760,1,788.091,1155.96,367.869,39
R003086,G001761,1,1273.36,1629.432,356.072,37
R003088,G001762,1,1303.36,1689.432,386.072,40
R003094,G001763,1,1333.36,1689.432,356.072,37
R003096,G001764,1,1333.36,1689.432,356.072,37
R003098,G001765,1,1333.36,1689.432,356.072,37
R003113,G001766,1,731.736,1425.133,693.397,72
R003113,G001767,2,1455.133,1525.133,70.0,7
R003121,G001768,1,761.736,1455.133,693.397,72
R003121,G001769,2,1485.133,1555.133,70.0,7
R003176,G001770,1,924.712,1388.366,463.654,48
R003177,G001771,1,685.176,1143.056,457.879,48
R003178,G001772,1,924.712,1388.366,463.654,48
R003179,G001773,1,685.176,1143.056,457.879,48
R003180,G001774,1,924.712,1388.366,463.654,48
R003181,G001775,1,685.176,1143.056,457.879,48
R003182,G001776,1,924.712,1388.366,463.654,48
R003183,G001777,1,685.176,1143.056,457.879,48
R003184,G001778,1,924.712,1388.366,463.654,48
R003185,G001779,1,685.176,1143.056,457.879,48
R003186,G001780,1,924.712,1388.366,463.654,48
R003187,G001781,1,685.176,1143.056,457.879,48
R003192,G001782,1,984.712,1448.366,463.654,48
R003193,G001783,1,715.176,1173.056,457.879,48
R003204,G001784,1,924.712,1388.366,463.654,48
R003205,G001785,1,685.176,1143.056,457.879,48
R003206,G001786,1,924.712,1388.366,463.654,48
R003207,G001787,1,685.176,1143.056,457.879,48
R003210,G001788,1,924.712,1388.366,463.654,48
R003211,G001789,1,685.176,1143.056,457.879,48
R003212,G001790,1,954.712,1448.366,493.654,51
R003214,G001791,1,954.712,1448.366,493.654,51
R003216,G001792,1,984.712,1448.366,463.654,48
R003228,G001793,1,984.712,1448.366,463.654,48
R003230,G001794,1,984.712,1448.366,463.654,48
R003232,G001795,1,984.712,1448.366,463.654,48
R003244,G001796,1,1080.662,1457.642,376.981,39
R003245,G001797,1,732.646,1101.316,368.67,38
R003246,G001798,1,1080.662,1457.642,376.981,39
R003247,G001799,1,732.646,1101.316,368.67,38
R003248,G001800,1,1080.662,1457.642,376.981,39
R003249,G001801,1,732.646,1101.316,368.67,38
R003250,G001802,1,1080.662,1457.642,376.981,39
R003251,G001803,1,732.646,1101.316,368.67,38
R003252,G001804,1,1080.662,1457.642,376.981,39
R003253,G001805,1,732.646,1101.316,368.67,38
R003254,G001806,1,1080.662,1457.642,376.981,39
R003275,G001807,1,732.646,1101.316,368.67,38
R003278,G001808,1,1080.662,1457.642,376.981,39
R003281,G001809,1,762.646,1161.316,398.67,41
R003380,G001810,1,1052.169,1752.09,699.921,72
R003381,G001811,1,725.2,1413.763,688.563,71
R003382,G001812,1,1052.169,1752.09,699.921,72
R003383,G001813,1,725.2,1413.763,688.563,71
R003384,G001814,1,1052.169,1752.09,699.921,72
R003385,G001815,1,725.2,1413.763,688.563,71
R003386,G001816,1,1052.169,1752.09,699.921,72
R003387,G001817,1,725.2,1413.763,688.563,71
R003388,G001818,1,1052.169,1752.09,699.921,72
R003389,G001819,1,725.2,1413.763,688.563,71
R003390,G001820,1,1052.169,1752.09,699.921,72
R003391,G001821,1,725.2,1413.763,688.563,71
R003397,G001822,1,755.2,1443.763,688.563,71
R003398,G001823,1,1052.169,1752.09,699.921,72
R003399,G001824,1,725.2,1413.763,688.563,71
R003400,G001825,1,1052.169,1752.09,699.921,72
R003401,G001826,1,725.2,1413.763,688.563,71
R003403,G001827,1,725.2,1413.763,688.563,71
R003407,G001828,1,755.2,1443.763,688.563,71
R003408,G001829,1,1052.169,1752.09,699.921,72
R003409,G001830,1,725.2,1413.763,688.563,71
R003410,G001831,1,1052.169,1752.09,699.921,72
R003411,G001832,1,725.2,1413.763,688.563,71
R003414,G001833,1,1052.169,1752.09,699.921,72
R003415,G001834,1,725.2,1413.763,688.563,71
R003421,G001835,1,755.2,1443.763,688.563,71
R003423,G001836,1,755.2,1443.763,688.563,71
R003424,G001837,1,1112.169,1812.09,699.921,72
R003425,G001838,1,755.2,1443.763,688.563,71
R003427,G001839,1,755.2,1443.763,688.563,71
R003429,G001840,1,755.2,1443.763,688.563,71
R003432,G001841,1,1112.169,1812.09,699.921,72
R003433,G001842,1,755.2,1443.763,688.563,71
R003434,G001843,1,1112.169,1812.09,699.921,72
R003435,G001844,1,755.2,1443.763,688.563,71
R003436,G001845,1,1112.169,1812.09,699.921,72
R003439,G001846,1,785.2,1503.763,718.563,74
R003441,G001847,1,785.2,1503.763,718.563,74
R003445,G001848,1,785.2,1473.763,688.563,71
R003448,G001849,1,1013.089,1362.53,349.442,37
R003449,G001850,1,720.494,1071.62,351.126,36
R003450,G001851,1,1013.089,1362.53,349.442,37
R003451,G001852,1,720.494,1071.62,351.126,36
R003452,G001853,1,1013.089,1362.53,349.442,37
R003453,G001854,1,720.494,1071.62,351.126,36
R003454,G001855,1,1013.089,1362.53,349.442,37
R003455,G001856,1,720.494,1071.62,351.126,36
R003456,G001857,1,1013.089,1362.53,349.442,37
R003457,G001858,1,720.494,1071.62,351.126,36
R003458,G001859,1,1013.089,1362.53,349.442,37
R003464,G001860,1,1073.089,1422.53,349.442,37
R003465,G001861,1,750.494,1101.62,351.126,36
R003472,G001862,1,1043.089,1422.53,379.442,40
R003473,G001863,1,750.494,1131.62,381.126,39
R003474,G001864,1,1073.089,1422.53,349.442,37
R003475,G001865,1,750.494,1101.62,351.126,36
R003476,G001866,1,1013.089,1362.53,349.442,37
R003477,G001867,1,720.494,1071.62,351.126,36
R003478,G001868,1,1013.089,1362.53,349.442,37
R003479,G001869,1,720.494,1071.62,351.126,36
R003482,G001870,1,1013.089,1362.53,349.442,37
R003483,G001871,1,720.494,1071.62,351.126,36
R003484,G001872,1,1043.089,1422.53,379.442,40
R003485,G001873,1,750.494,1131.62,381.126,39
R003500,G001874,1,1073.089,1422.53,349.442,37
R003502,G001875,1,1073.089,1422.53,349.442,37
R003504,G001876,1,1073.089,1422.53,349.442,37
R003516,G001877,1,1186.985,1773.494,586.509,60
R003517,G001878,1,784.749,1374.872,590.123,61
R003518,G001879,1,1186.985,1773.494,586.509,60
R003519,G001880,1,784.749,1374.872,590.123,61
R003520,G001881,1,1186.985,1773.494,586.509,60
R003521,G001882,1,784.749,1374.872,590.123,61
R003522,G001883,1,1186.985,1773.494,586.509,60
R003523,G001884,1,784.749,1374.872,590.123,61
R003524,G001885,1,1186.985,1773.494,586.509,60
R003525,G001886,1,784.749,1374.872,590.123,61
R003526,G001887,1,1186.985,1773.494,586.509,60
R003527,G001888,1,784.749,1374.872,590.123,61
R003534,G001889,1,1186.985,1773.494,586.509,60
R003584,G001890,1,1226.074,1733.92,507.847,52
R003585,G001891,1,778.033,1289.165,511.132,53
R003586,G001892,1,1226.074,1733.92,507.847,52
R003587,G001893,1,778.033,1289.165,511.132,53
R003588,G001894,1,1226.074,1733.92,507.847,52
R003589,G001895,1,778.033,1289.165,511.132,53
R003590,G001896,1,1226.074,1733.92,507.847,52
R003591,G001897,1,778.033,1289.165,511.132,53
R003592,G001898,1,1226.074,1733.92,507.847,52
R003593,G001899,1,778.033,1289.165,511.132,53
R003594,G001900,1,1226.074,1733.92,507.847,52
R003595,G001901,1,778.033,1289.165,511.132,53
R003600,G001902,1,1286.074,1793.92,507.847,52
R003601,G001903,1,808.033,1319.165,511.132,53
R003602,G001904,1,1226.074,1733.92,507.847,52
R003603,G001905,1,778.033,1289.165,511.132,53
R003604,G001906,1,1226.074,1733.92,507.847,52
R003605,G001907,1,778.033,1289.165,511.132,53
R003606,G001908,1,1226.074,1733.92,507.847,52
R003610,G001909,1,1286.074,1793.92,507.847,52
R003612,G001910,1,1226.074,1733.92,507.847,52
R003614,G001911,1,1226.074,1733.92,507.847,52
R003615,G001912,1,778.033,1289.165,511.132,53
R003618,G001913,1,1226.074,1733.92,507.847,52
R003624,G001914,1,1286.074,1793.92,507.847,52
R003626,G001915,1,1286.074,1793.92,507.847,52
R003627,G001916,1,808.033,1319.165,511.132,53
R003628,G001917,1,1286.074,1793.92,507.847,52
R003629,G001918,1,808.033,1319.165,511.132,53
R003630,G001919,1,1286.074,1793.92,507.847,52
R003632,G001920,1,1286.074,1793.92,507.847,52
R003633,G001921,1,808.033,1319.165,511.132,53
R003636,G001922,1,1286.074,1793.92,507.847,52
R003637,G001923,1,808.033,1319.165,511.132,53
R003638,G001924,1,1286.074,1793.92,507.847,52
R003639,G001925,1,808.033,1319.165,511.132,53
R003640,G001926,1,1286.074,1793.92,507.847,52
R003646,G001927,1,1346.074,1853.92,507.847,52
R003647,G001928,1,838.033,1349.165,511.132,53
R003648,G001929,1,1346.074,1853.92,507.847,52
R003649,G001930,1,838.033,1349.165,511.132,53
R003650,G001931,1,1346.074,1853.92,507.847,52
R003651,G001932,1,838.033,1349.165,511.132,53
R003671,G001933,1,720.418,1838.467,1118.049,114
R003672,G001934,1,830.18,1954.873,1124.694,114
R003711,G001935,1,746.237,1072.269,326.032,34
R003711,G001936,2,1102.868,1839.215,736.346,75
R003713,G001937,1,746.237,1072.269,326.032,34
R003713,G001938,2,1102.868,1839.215,736.346,75
R003719,G001939,1,746.237,1072.269,326.032,34
R003719,G001940,2,1102.868,1839.215,736.346,75
R003726,G001941,1,720.418,1474.317,753.899,77
R003726,G001942,2,1515.926,1844.449,328.523,34
R003727,G001943,1,776.237,1102.269,326.032,34
R003727,G001944,2,1132.868,1899.215,766.346,78
R003767,G001945,1,690.418,1360.151,669.732,68
R003768,G001946,1,1328.553,2011.608,683.054,69
R003769,G001947,1,690.418,1360.151,669.732,68
R003770,G001948,1,1328.553,2011.608,683.054,69
R003771,G001949,1,1328.553,2011.608,683.054,69
R003772,G001950,1,690.418,1360.151,669.732,68
R003773,G001951,1,1328.553,2011.608,683.054,69
R003774,G001952,1,690.418,1360.151,669.732,68
R003775,G001953,1,1328.553,2011.608,683.054,69
R003776,G001954,1,1328.553,2011.608,683.054,69
R003777,G001955,1,690.418,1360.151,669.732,68
R003778,G001956,1,1328.553,2011.608,683.054,69
R003779,G001957,1,1388.553,2071.608,683.054,69
R003780,G001958,1,690.418,1360.151,669.732,68
R003781,G001959,1,1328.553,2011.608,683.054,69
R003782,G001960,1,690.418,1360.151,669.732,68
R003783,G001961,1,1328.553,2011.608,683.054,69
R003784,G001962,1,1328.553,2011.608,683.054,69
R003785,G001963,1,1388.553,2071.608,683.054,69
R003786,G001964,1,690.418,1360.151,669.732,68
R003787,G001965,1,1328.553,2011.608,683.054,69
R003788,G001966,1,720.418,1390.151,669.732,68
R003789,G001967,1,1388.553,2071.608,683.054,69
R003790,G001968,1,1388.553,2071.608,683.054,69
R003791,G001969,1,1388.553,2071.608,683.054,69
R003792,G001970,1,720.418,1420.151,699.732,71
R003794,G001971,1,720.418,1420.151,699.732,71
R003795,G001972,1,1358.553,2071.608,713.054,72
R003799,G001973,1,758.091,1277.811,519.72,54
R003799,G001974,2,1537.811,1557.811,20.0,2
R003799,G001975,3,1567.811,2171.018,603.207,62
R003801,G001976,1,758.091,1277.811,519.72,54
R003801,G001977,2,1537.811,1557.811,20.0,2
R003801,G001978,3,1567.811,2171.018,603.207,62
R003819,G001979,1,731.736,2074.624,1342.887,137
R003820,G001980,1,690.418,2004.095,1313.677,134
R003823,G001981,1,720.418,2064.095,1343.677,137
R003824,G001982,1,690.418,1643.93,953.512,98
R003825,G001983,1,685.176,1643.467,958.29,99
R003826,G001984,1,690.418,1643.93,953.512,98
R003827,G001985,1,685.176,1643.467,958.29,99
R003828,G001986,1,690.418,1643.93,953.512,98
R003829,G001987,1,685.176,1643.467,958.29,99
R003832,G001988,1,690.418,1643.93,953.512,98
R003833,G001989,1,685.176,1643.467,958.29,99
R003834,G001990,1,690.418,1643.93,953.512,98
R003835,G001991,1,685.176,1643.467,958.29,99
R003840,G001992,1,720.418,1703.93,983.512,101
R003841,G001993,1,715.176,1703.467,988.29,102
R003842,G001994,1,690.418,1643.93,953.512,98
R003843,G001995,1,685.176,1643.467,958.29,99
R003846,G001996,1,690.418,1643.93,953.512,98
R003847,G001997,1,685.176,1643.467,958.29,99
R003852,G001998,1,690.418,1643.93,953.512,98
R003855,G001999,1,685.176,1643.467,958.29,99
R003858,G002000,1,690.418,1643.93,953.512,98
R003859,G002001,1,685.176,1643.467,958.29,99
R003880,G002002,1,732.646,1141.574,408.928,42
R003880,G002003,2,1201.574,1261.574,60.0,6
R003880,G002004,3,1321.574,1341.574,20.0,2
R003880,G002005,4,1351.574,1996.201,644.628,65
R003885,G002006,1,732.646,1141.574,408.928,42
R003885,G002007,2,1201.574,1261.574,60.0,6
R003885,G002008,3,1321.574,1341.574,20.0,2
R003885,G002009,4,1351.574,1996.201,644.628,65
R003891,G002010,1,690.418,1352.669,662.251,68
R003891,G002011,2,1402.669,1472.669,70.0,7
R003891,G002012,3,1532.669,1942.651,409.982,42
R003895,G002013,1,690.418,1352.669,662.251,68
R003895,G002014,2,1402.669,1472.669,70.0,7
R003895,G002015,3,1532.669,1942.651,409.982,42
R003917,G002016,1,996.897,1016.897,20.0,2
R003917,G002017,2,1046.897,1759.635,712.738,72
R003919,G002018,1,996.897,1016.897,20.0,2
R003919,G002019,2,1046.897,1759.635,712.738,72
R003923,G002020,1,996.897,1016.897,20.0,2
R003923,G002021,2,1046.897,1759.635,712.738,72
R003925,G002022,1,996.897,1016.897,20.0,2
R003925,G002023,2,1046.897,1759.635,712.738,72
R003927,G002024,1,1056.897,1076.897,20.0,2
R003927,G002025,2,1106.897,1819.635,712.738,72
R003929,G002026,1,1056.897,1076.897,20.0,2
R003929,G002027,2,1106.897,1819.635,712.738,72
R003930,G002028,1,720.418,1449.313,728.895,74
R003930,G002029,2,1489.313,1509.313,20.0,2
R003931,G002030,1,1026.897,1046.897,20.0,2
R003931,G002031,2,1076.897,1819.635,742.738,75
R003932,G002032,1,690.418,1389.313,698.895,71
R003932,G002033,2,1429.313,1449.313,20.0,2
R003935,G002034,1,690.418,1389.313,698.895,71
R003935,G002035,2,1429.313,1449.313,20.0,2
R003937,G002036,1,720.418,1419.313,698.895,71
R003937,G002037,2,1459.313,1479.313,20.0,2
R003938,G002038,1,1056.897,1076.897,20.0,2
R003938,G002039,2,1106.897,1819.635,712.738,72
R003939,G002040,1,720.418,1449.313,728.895,74
R003939,G002041,2,1489.313,1509.313,20.0,2
R003941,G002042,1,690.418,1389.313,698.895,71
R003941,G002043,2,1429.313,1449.313,20.0,2
R003946,G002044,1,690.418,1389.313,698.895,71
R003946,G002045,2,1429.313,1449.313,20.0,2
R003960,G002046,1,720.418,1449.313,728.895,74
R003960,G002047,2,1489.313,1509.313,20.0,2
R003962,G002048,1,720.418,1449.313,728.895,74
R003962,G002049,2,1489.313,1509.313,20.0,2
R003980,G002050,1,690.418,1915.429,1225.01,126
R003984,G002051,1,690.418,1915.429,1225.01,126
R004013,G002052,1,720.494,1797.901,1077.407,110
R004020,G002053,1,690.418,1764.248,1073.829,111
R004029,G002054,1,690.418,1764.248,1073.829,111
R004054,G002055,1,690.418,1261.884,571.466,58
R004054,G002056,2,1633.302,2170.566,537.265,55
R004060,G002057,1,746.237,1072.269,326.032,34
R004060,G002058,2,1271.898,2146.667,874.769,89
R004062,G002059,1,746.237,1072.269,326.032,34
R004062,G002060,2,1271.898,2146.667,874.769,89
R004068,G002061,1,746.237,1072.269,326.032,34
R004068,G002062,2,1271.898,2146.667,874.769,89
R004069,G002063,1,776.237,1132.269,356.032,37
R004069,G002064,2,1331.898,2206.667,874.769,89
R004070,G002065,1,774.701,1639.89,865.189,88
R004070,G002066,2,1862.069,2191.428,329.359,34
R004071,G002067,1,774.701,1639.89,865.189,88
R004071,G002068,2,1862.069,2191.428,329.359,34
R004087,G002069,1,774.701,1576.048,801.347,81
R004089,G002070,1,774.701,1576.048,801.347,81
R004091,G002071,1,774.701,1576.048,801.347,81
R004093,G002072,1,774.701,1576.048,801.347,81
R004094,G002073,1,1087.908,1902.459,814.551,83
R004101,G002074,1,774.701,1576.048,801.347,81
R004103,G002075,1,804.701,1606.048,801.347,81
R004105,G002076,1,804.701,1606.048,801.347,81
R004107,G002077,1,804.701,1636.048,831.347,84
R004108,G002078,1,1117.908,1962.459,844.551,86
R004109,G002079,1,774.701,1576.048,801.347,81
R004111,G002080,1,774.701,1576.048,801.347,81
R004114,G002081,1,774.701,1576.048,801.347,81
R004116,G002082,1,804.701,1606.048,801.347,81
R004120,G002083,1,774.701,1576.048,801.347,81
R004122,G002084,1,774.701,1576.048,801.347,81
R004147,G002085,1,774.701,1763.719,989.018,102
R004148,G002086,1,758.091,1751.971,993.88,103
R004149,G002087,1,774.701,1763.719,989.018,102
R004150,G002088,1,758.091,1751.971,993.88,103
R004153,G002089,1,774.701,1763.719,989.018,102
R004154,G002090,1,758.091,1751.971,993.88,103
R004156,G002091,1,758.091,1751.971,993.88,103
R004158,G002092,1,758.091,1751.971,993.88,103
R004159,G002093,1,774.701,1763.719,989.018,102
R004161,G002094,1,774.701,1763.719,989.018,102
R004162,G002095,1,758.091,1751.971,993.88,103
R004167,G002096,1,804.701,1823.719,1019.018,105
R004168,G002097,1,788.091,1811.971,1023.88,106
R004169,G002098,1,774.701,1763.719,989.018,102
R004170,G002099,1,758.091,1751.971,993.88,103
R004171,G002100,1,774.701,1763.719,989.018,102
R004172,G002101,1,758.091,1751.971,993.88,103
R004175,G002102,1,774.701,1763.719,989.018,102
R004176,G002103,1,758.091,1751.971,993.88,103
R004181,G002104,1,774.701,1763.719,989.018,102
R004182,G002105,1,758.091,1751.971,993.88,103
R004184,G002106,1,758.091,1751.971,993.88,103
R004185,G002107,1,774.701,1763.719,989.018,102
R004186,G002108,1,758.091,1751.971,993.88,103
R004189,G002109,1,774.701,1763.719,989.018,102
R004190,G002110,1,758.091,1751.971,993.88,103
R004192,G002111,1,788.091,1811.971,1023.88,106
R004197,G002112,1,804.701,1823.719,1019.018,105
R004198,G002113,1,788.091,1811.971,1023.88,106
R004204,G002114,1,788.091,1811.971,1023.88,106
R004208,G002115,1,788.091,1811.971,1023.88,106
R004209,G002116,1,774.701,1573.735,799.033,81
R004211,G002117,1,774.701,1573.735,799.033,81
R004212,G002118,1,1034.776,1844.566,809.79,82
R004213,G002119,1,774.701,1573.735,799.033,81
R004214,G002120,1,1034.776,1844.566,809.79,82
R004215,G002121,1,774.701,1573.735,799.033,81
R004217,G002122,1,774.701,1573.735,799.033,81
R004218,G002123,1,1034.776,1844.566,809.79,82
R004219,G002124,1,774.701,1573.735,799.033,81
R004220,G002125,1,1034.776,1844.566,809.79,82
R004221,G002126,1,804.701,1603.735,799.033,81
R004222,G002127,1,1094.776,1904.566,809.79,82
R004223,G002128,1,804.701,1603.735,799.033,81
R004224,G002129,1,1094.776,1904.566,809.79,82
R004225,G002130,1,804.701,1633.735,829.033,84
R004226,G002131,1,1064.776,1904.566,839.79,85
R004227,G002132,1,774.701,1573.735,799.033,81
R004230,G002133,1,774.701,1573.735,799.033,81
R004232,G002134,1,804.701,1603.735,799.033,81
R004236,G002135,1,774.701,1573.735,799.033,81
R004238,G002136,1,774.701,1573.735,799.033,81
R004241,G002137,1,774.701,1573.735,799.033,81
R004243,G002138,1,804.701,1603.735,799.033,81
R004245,G002139,1,804.701,1603.735,799.033,81
R004261,G002140,1,774.701,1839.977,1065.275,109
R004262,G002141,1,778.033,1851.177,1073.144,110
R004268,G002142,1,778.033,1851.177,1073.144,110
R004275,G002143,1,804.701,1899.977,1095.275,112
R004276,G002144,1,808.033,1911.177,1103.144,113
R004286,G002145,1,774.701,1839.977,1065.275,109
R004288,G002146,1,774.701,1839.977,1065.275,109
R004315,G002147,1,746.237,1069.204,322.967,34
R004315,G002148,2,1089.204,1715.287,626.083,64
R004316,G002149,1,800.18,1430.368,630.188,64
R004316,G002150,2,1444.802,1776.928,332.126,34
R004317,G002151,1,746.237,1069.204,322.967,34
R004317,G002152,2,1089.204,1715.287,626.083,64
R004323,G002153,1,746.237,1069.204,322.967,34
R004323,G002154,2,1089.204,1715.287,626.083,64
R004324,G002155,1,800.18,1430.368,630.188,64
R004324,G002156,2,1444.802,1776.928,332.126,34
R004325,G002157,1,746.237,1069.204,322.967,34
R004325,G002158,2,1089.204,1715.287,626.083,64
R004330,G002159,1,800.18,1430.368,630.188,64
R004330,G002160,2,1444.802,1776.928,332.126,34
R004334,G002161,1,800.18,1430.368,630.188,64
R004334,G002162,2,1444.802,1776.928,332.126,34
R004336,G002163,1,800.18,1430.368,630.188,64
R004336,G002164,2,1444.802,1776.928,332.126,34
R004337,G002165,1,746.237,1069.204,322.967,34
R004337,G002166,2,1089.204,1715.287,626.083,64
R004350,G002167,1,800.18,1430.368,630.188,64
R004350,G002168,2,1444.802,1776.928,332.126,34
R004351,G002169,1,746.237,1069.204,322.967,34
R004351,G002170,2,1089.204,1715.287,626.083,64
R004370,G002171,1,800.18,1430.192,630.013,64
R004370,G002172,2,1480.192,1500.192,20.0,2
R004371,G002173,1,1258.881,1278.881,20.0,2
R004371,G002174,2,1338.881,1966.402,627.522,64
R004372,G002175,1,1258.881,1278.881,20.0,2
R004372,G002176,2,1338.881,1966.402,627.522,64
R004373,G002177,1,1258.881,1278.881,20.0,2
R004373,G002178,2,1338.881,1966.402,627.522,64
R004374,G002179,1,800.18,1430.192,630.013,64
R004374,G002180,2,1480.192,1500.192,20.0,2
R004375,G002181,1,1258.881,1278.881,20.0,2
R004375,G002182,2,1338.881,1966.402,627.522,64
R004376,G002183,1,800.18,1430.192,630.013,64
R004376,G002184,2,1480.192,1500.192,20.0,2
R004377,G002185,1,1258.881,1278.881,20.0,2
R004377,G002186,2,1338.881,1966.402,627.522,64
R004378,G002187,1,1258.881,1278.881,20.0,2
R004378,G002188,2,1338.881,1966.402,627.522,64
R004379,G002189,1,800.18,1430.192,630.013,64
R004379,G002190,2,1480.192,1500.192,20.0,2
R004380,G002191,1,1258.881,1278.881,20.0,2
R004380,G002192,2,1338.881,1966.402,627.522,64
R004381,G002193,1,1318.881,1338.881,20.0,2
R004381,G002194,2,1398.881,2026.402,627.522,64
R004383,G002195,1,1258.881,1278.881,20.0,2
R004383,G002196,2,1338.881,1966.402,627.522,64
R004385,G002197,1,1258.881,1278.881,20.0,2
R004385,G002198,2,1338.881,1966.402,627.522,64
R004386,G002199,1,1258.881,1278.881,20.0,2
R004386,G002200,2,1338.881,1966.402,627.522,64
R004387,G002201,1,1318.881,1338.881,20.0,2
R004387,G002202,2,1398.881,2026.402,627.522,64
R004389,G002203,1,1258.881,1278.881,20.0,2
R004389,G002204,2,1338.881,1966.402,627.522,64
R004390,G002205,1,830.18,1460.192,630.013,64
R004390,G002206,2,1510.192,1530.192,20.0,2
R004391,G002207,1,1318.881,1338.881,20.0,2
R004391,G002208,2,1398.881,2026.402,627.522,64
R004392,G002209,1,1318.881,1338.881,20.0,2
R004392,G002210,2,1398.881,2026.402,627.522,64
R004393,G002211,1,1318.881,1338.881,20.0,2
R004393,G002212,2,1398.881,2026.402,627.522,64
R004394,G002213,1,830.18,1490.192,660.013,67
R004394,G002214,2,1540.192,1560.192,20.0,2
R004395,G002215,1,1288.881,1308.881,20.0,2
R004395,G002216,2,1368.881,2026.402,657.522,67
R004396,G002217,1,830.18,1490.192,660.013,67
R004396,G002218,2,1540.192,1560.192,20.0,2
R004397,G002219,1,1288.881,1308.881,20.0,2
R004397,G002220,2,1368.881,2026.402,657.522,67
R004421,G002221,1,800.18,1941.58,1141.401,117
R004422,G002222,1,731.736,1895.702,1163.966,120
R004424,G002223,1,731.736,1895.702,1163.966,120
R004425,G002224,1,800.18,1941.58,1141.401,117
R004426,G002225,1,731.736,1895.702,1163.966,120
R004428,G002226,1,731.736,1895.702,1163.966,120
R004435,G002227,1,800.18,1941.58,1141.401,117
R004438,G002228,1,800.18,1941.58,1141.401,117
R004439,G002229,1,731.736,1895.702,1163.966,120
R004440,G002230,1,800.18,1941.58,1141.401,117
R004442,G002231,1,800.18,1941.58,1141.401,117
R004443,G002232,1,731.736,1895.702,1163.966,120
R004458,G002233,1,800.18,1805.475,1005.295,103
R004459,G002234,1,685.176,1688.605,1003.429,103
R004460,G002235,1,800.18,1805.475,1005.295,103
R004461,G002236,1,685.176,1688.605,1003.429,103
R004462,G002237,1,800.18,1805.475,1005.295,103
R004463,G002238,1,685.176,1688.605,1003.429,103
R004466,G002239,1,800.18,1805.475,1005.295,103
R004467,G002240,1,685.176,1688.605,1003.429,103
R004468,G002241,1,800.18,1805.475,1005.295,103
R004469,G002242,1,685.176,1688.605,1003.429,103
R004474,G002243,1,800.18,1805.475,1005.295,103
R004475,G002244,1,685.176,1688.605,1003.429,103
R004478,G002245,1,685.176,1688.605,1003.429,103
R004484,G002246,1,685.176,1688.605,1003.429,103
R004485,G002247,1,800.18,1805.475,1005.295,103
R004489,G002248,1,800.18,1805.475,1005.295,103
R004490,G002249,1,685.176,1688.605,1003.429,103
R004520,G002250,1,966.681,986.681,20.0,2
R004520,G002251,2,1046.681,1697.942,651.261,67
R004522,G002252,1,966.681,986.681,20.0,2
R004522,G002253,2,1046.681,1697.942,651.261,67
R004526,G002254,1,966.681,986.681,20.0,2
R004526,G002255,2,1046.681,1697.942,651.261,67
R004528,G002256,1,966.681,986.681,20.0,2
R004528,G002257,2,1046.681,1697.942,651.261,67
R004530,G002258,1,1026.681,1046.681,20.0,2
R004530,G002259,2,1106.681,1757.942,651.261,67
R004532,G002260,1,1026.681,1046.681,20.0,2
R004532,G002261,2,1106.681,1757.942,651.261,67
R004533,G002262,1,800.18,1448.812,648.632,66
R004533,G002263,2,1508.812,1528.812,20.0,2
R004536,G002264,1,800.18,1448.812,648.632,66
R004536,G002265,2,1508.812,1528.812,20.0,2
R004537,G002266,1,966.681,986.681,20.0,2
R004537,G002267,2,1046.681,1697.942,651.261,67
R004542,G002268,1,800.18,1448.812,648.632,66
R004542,G002269,2,1508.812,1528.812,20.0,2
R004544,G002270,1,800.18,1448.812,648.632,66
R004544,G002271,2,1508.812,1528.812,20.0,2
R004548,G002272,1,966.681,986.681,20.0,2
R004548,G002273,2,1046.681,1697.942,651.261,67
R004575,G002274,1,720.494,1867.898,1147.404,117
R004578,G002275,1,720.494,1867.898,1147.404,117
R004580,G002276,1,720.494,1867.898,1147.404,117
R004583,G002277,1,720.494,1867.898,1147.404,117
R004584,G002278,1,800.18,1950.651,1150.471,117
R004586,G002279,1,720.494,1867.898,1147.404,117
R004589,G002280,1,720.494,1867.898,1147.404,117
R004605,G002281,1,800.18,1314.532,514.352,52
R004605,G002282,2,1628.849,1638.849,10.0,1
R004605,G002283,3,1668.849,2184.586,515.737,53
R004613,G002284,1,746.237,1072.269,326.032,34
R004613,G002285,2,1126.18,1136.18,10.0,1
R004614,G002286,1,1246.031,1256.031,10.0,1
R004614,G002287,2,1324.298,1656.795,332.497,34
R004615,G002288,1,746.237,1072.269,326.032,34
R004615,G002289,2,1126.18,1136.18,10.0,1
R004616,G002290,1,1246.031,1256.031,10.0,1
R004616,G002291,2,1324.298,1656.795,332.497,34
R004617,G002292,1,746.237,1072.269,326.032,34
R004617,G002293,2,1126.18,1136.18,10.0,1
R004618,G002294,1,1246.031,1256.031,10.0,1
R004618,G002295,2,1324.298,1656.795,332.497,34
R004619,G002296,1,746.237,1072.269,326.032,34
R004619,G002297,2,1126.18,1136.18,10.0,1
R004620,G002298,1,1246.031,1256.031,10.0,1
R004620,G002299,2,1324.298,1656.795,332.497,34
R004621,G002300,1,746.237,1072.269,326.032,34
R004621,G002301,2,1126.18,1136.18,10.0,1
R004622,G002302,1,1246.031,1256.031,10.0,1
R004622,G002303,2,1324.298,1656.795,332.497,34
R004623,G002304,1,746.237,1072.269,326.032,34
R004623,G002305,2,1126.18,1136.18,10.0,1
R004625,G002306,1,746.237,1072.269,326.032,34
R004625,G002307,2,1126.18,1136.18,10.0,1
R004626,G002308,1,1246.031,1256.031,10.0,1
R004626,G002309,2,1324.298,1656.795,332.497,34
R004627,G002310,1,746.237,1072.269,326.032,34
R004627,G002311,2,1126.18,1136.18,10.0,1
R004629,G002312,1,776.237,1102.269,326.032,34
R004629,G002313,2,1156.18,1166.18,10.0,1
R004630,G002314,1,1306.031,1316.031,10.0,1
R004630,G002315,2,1384.298,1716.795,332.497,34
R004631,G002316,1,776.237,1102.269,326.032,34
R004631,G002317,2,1156.18,1166.18,10.0,1
R004632,G002318,1,1306.031,1316.031,10.0,1
R004632,G002319,2,1384.298,1716.795,332.497,34
R004633,G002320,1,746.237,1072.269,326.032,34
R004633,G002321,2,1126.18,1136.18,10.0,1
R004634,G002322,1,1246.031,1256.031,10.0,1
R004634,G002323,2,1324.298,1656.795,332.497,34
R004635,G002324,1,746.237,1072.269,326.032,34
R004635,G002325,2,1126.18,1136.18,10.0,1
R004636,G002326,1,1246.031,1256.031,10.0,1
R004636,G002327,2,1324.298,1656.795,332.497,34
R004637,G002328,1,746.237,1072.269,326.032,34
R004637,G002329,2,1126.18,1136.18,10.0,1
R004638,G002330,1,1246.031,1256.031,10.0,1
R004638,G002331,2,1324.298,1656.795,332.497,34
R004639,G002332,1,746.237,1072.269,326.032,34
R004639,G002333,2,1126.18,1136.18,10.0,1
R004641,G002334,1,776.237,1102.269,326.032,34
R004641,G002335,2,1156.18,1166.18,10.0,1
R004642,G002336,1,1306.031,1316.031,10.0,1
R004642,G002337,2,1384.298,1716.795,332.497,34
R004645,G002338,1,746.237,1072.269,326.032,34
R004645,G002339,2,1126.18,1136.18,10.0,1
R004647,G002340,1,746.237,1072.269,326.032,34
R004647,G002341,2,1126.18,1136.18,10.0,1
R004649,G002342,1,746.237,1072.269,326.032,34
R004649,G002343,2,1126.18,1136.18,10.0,1
R004650,G002344,1,1246.031,1256.031,10.0,1
R004650,G002345,2,1324.298,1656.795,332.497,34
R004651,G002346,1,776.237,1102.269,326.032,34
R004651,G002347,2,1156.18,1166.18,10.0,1
R004652,G002348,1,1306.031,1316.031,10.0,1
R004652,G002349,2,1384.298,1716.795,332.497,34
R004653,G002350,1,746.237,1072.269,326.032,34
R004653,G002351,2,1126.18,1136.18,10.0,1
R004655,G002352,1,776.237,1102.269,326.032,34
R004655,G002353,2,1156.18,1166.18,10.0,1
R004656,G002354,1,1306.031,1316.031,10.0,1
R004656,G002355,2,1384.298,1716.795,332.497,34
R004657,G002356,1,776.237,1102.269,326.032,34
R004657,G002357,2,1156.18,1166.18,10.0,1
R004658,G002358,1,1306.031,1316.031,10.0,1
R004658,G002359,2,1384.298,1716.795,332.497,34
R004659,G002360,1,776.237,1102.269,326.032,34
R004659,G002361,2,1156.18,1166.18,10.0,1
R004660,G002362,1,1306.031,1316.031,10.0,1
R004660,G002363,2,1384.298,1716.795,332.497,34
R004693,G002364,1,746.237,1072.269,326.032,34
R004693,G002365,2,1249.651,1774.334,524.682,54
R004695,G002366,1,746.237,1072.269,326.032,34
R004695,G002367,2,1249.651,1774.334,524.682,54
R004705,G002368,1,746.237,1072.269,326.032,34
R004705,G002369,2,1249.651,1774.334,524.682,54
R004707,G002370,1,746.237,1072.269,326.032,34
R004707,G002371,2,1249.651,1774.334,524.682,54
R004710,G002372,1,758.091,1281.951,523.86,54
R004710,G002373,2,1474.683,1807.346,332.663,34
R004738,G002374,1,731.736,1425.133,693.397,72
R004738,G002375,2,1448.318,1780.837,332.518,34
R004746,G002376,1,731.736,1425.133,693.397,72
R004746,G002377,2,1448.318,1780.837,332.518,34
R004753,G002378,1,746.237,1069.531,323.294,34
R004753,G002379,2,1099.531,1765.074,665.543,68
R004754,G002380,1,731.736,1425.133,693.397,72
R004754,G002381,2,1448.318,1780.837,332.518,34
R004755,G002382,1,746.237,1069.531,323.294,34
R004755,G002383,2,1099.531,1765.074,665.543,68
R004763,G002384,1,746.237,1069.531,323.294,34
R004763,G002385,2,1099.531,1765.074,665.543,68
R004764,G002386,1,731.736,1425.133,693.397,72
R004764,G002387,2,1448.318,1780.837,332.518,34
R004765,G002388,1,746.237,1069.531,323.294,34
R004765,G002389,2,1099.531,1765.074,665.543,68
R004767,G002390,1,746.237,1069.531,323.294,34
R004767,G002391,2,1099.531,1765.074,665.543,68
R004768,G002392,1,731.736,1425.133,693.397,72
R004768,G002393,2,1448.318,1780.837,332.518,34
R004771,G002394,1,746.237,1069.531,323.294,34
R004771,G002395,2,1099.531,1765.074,665.543,68
R004772,G002396,1,731.736,1425.133,693.397,72
R004772,G002397,2,1448.318,1780.837,332.518,34
R004794,G002398,1,685.176,1222.875,537.699,56
R004794,G002399,2,1232.875,1564.104,331.229,34
R004796,G002400,1,685.176,1222.875,537.699,56
R004796,G002401,2,1232.875,1564.104,331.229,34
R004800,G002402,1,685.176,1222.875,537.699,56
R004800,G002403,2,1232.875,1564.104,331.229,34
R004802,G002404,1,685.176,1222.875,537.699,56
R004802,G002405,2,1232.875,1564.104,331.229,34
R004807,G002406,1,746.237,1068.457,322.22,34
R004807,G002407,2,1078.457,1619.333,540.876,56
R004817,G002408,1,746.237,1068.457,322.22,34
R004817,G002409,2,1078.457,1619.333,540.876,56
R004857,G002410,1,746.237,1072.269,326.032,34
R004857,G002411,2,1442.653,1840.875,398.222,41
R004860,G002412,1,732.646,1123.007,390.361,40
R004860,G002413,2,1507.395,1839.66,332.265,34
R004867,G002414,1,746.237,1072.269,326.032,34
R004867,G002415,2,1442.653,1840.875,398.222,41
R004891,G002416,1,952.151,1032.151,80.0,8
R004891,G002417,2,1049.669,1384.492,334.823,35
R004892,G002418,1,746.237,1073.118,326.882,35
R004892,G002419,2,1093.118,1163.118,70.0,7
R004893,G002420,1,952.151,1032.151,80.0,8
R004893,G002421,2,1049.669,1384.492,334.823,35
R004894,G002422,1,746.237,1073.118,326.882,35
R004894,G002423,2,1093.118,1163.118,70.0,7
R004895,G002424,1,952.151,1032.151,80.0,8
R004895,G002425,2,1049.669,1384.492,334.823,35
R004897,G002426,1,952.151,1032.151,80.0,8
R004897,G002427,2,1049.669,1384.492,334.823,35
R004899,G002428,1,952.151,1032.151,80.0,8
R004899,G002429,2,1049.669,1384.492,334.823,35
R004900,G002430,1,746.237,1073.118,326.882,35
R004900,G002431,2,1093.118,1163.118,70.0,7
R004901,G002432,1,952.151,1032.151,80.0,8
R004901,G002433,2,1049.669,1384.492,334.823,35
R004903,G002434,1,1012.151,1092.151,80.0,8
R004903,G002435,2,1109.669,1444.492,334.823,35
R004905,G002436,1,1012.151,1092.151,80.0,8
R004905,G002437,2,1109.669,1444.492,334.823,35
R004906,G002438,1,746.237,1073.118,326.882,35
R004906,G002439,2,1093.118,1163.118,70.0,7
R004907,G002440,1,952.151,1032.151,80.0,8
R004907,G002441,2,1049.669,1384.492,334.823,35
R004909,G002442,1,952.151,1032.151,80.0,8
R004909,G002443,2,1049.669,1384.492,334.823,35
R004910,G002444,1,746.237,1073.118,326.882,35
R004910,G002445,2,1093.118,1163.118,70.0,7
R004911,G002446,1,952.151,1032.151,80.0,8
R004911,G002447,2,1049.669,1384.492,334.823,35
R004917,G002448,1,952.151,1032.151,80.0,8
R004917,G002449,2,1049.669,1384.492,334.823,35
R004919,G002450,1,952.151,1032.151,80.0,8
R004919,G002451,2,1049.669,1384.492,334.823,35
R004922,G002452,1,746.237,1073.118,326.882,35
R004922,G002453,2,1093.118,1163.118,70.0,7
R004923,G002454,1,952.151,1032.151,80.0,8
R004923,G002455,2,1049.669,1384.492,334.823,35
R004925,G002456,1,1012.151,1092.151,80.0,8
R004925,G002457,2,1109.669,1444.492,334.823,35
R004929,G002458,1,982.151,1062.151,80.0,8
R004929,G002459,2,1079.669,1444.492,364.823,38
R004935,G002460,1,982.151,1062.151,80.0,8
R004935,G002461,2,1079.669,1444.492,364.823,38
R004943,G002462,1,725.2,1579.751,854.551,87
R004943,G002463,2,1593.983,1925.212,331.229,34
R004953,G002464,1,746.237,1068.457,322.22,34
R004953,G002465,2,1078.457,1940.694,862.237,88
R004957,G002466,1,746.237,1068.457,322.22,34
R004957,G002467,2,1078.457,1940.694,862.237,88
R004962,G002468,1,725.2,1579.751,854.551,87
R004962,G002469,2,1593.983,1925.212,331.229,34
R004978,G002470,1,720.494,1100.315,379.821,39
R004978,G002471,2,1120.315,1200.315,80.0,8
R004978,G002472,3,1210.315,1220.315,10.0,1
R004978,G002473,4,1240.315,1250.315,10.0,1
R004978,G002474,5,1260.315,1327.942,67.627,7
R004978,G002475,6,1337.942,1673.523,335.581,35
R004980,G002476,1,720.494,1100.315,379.821,39
R004980,G002477,2,1120.315,1200.315,80.0,8
R004980,G002478,3,1210.315,1220.315,10.0,1
R004980,G002479,4,1240.315,1250.315,10.0,1
R004980,G002480,5,1260.315,1327.942,67.627,7
R004980,G002481,6,1337.942,1673.523,335.581,35
R004986,G002482,1,720.494,1100.315,379.821,39
R004986,G002483,2,1120.315,1200.315,80.0,8
R004986,G002484,3,1210.315,1220.315,10.0,1
R004986,G002485,4,1240.315,1250.315,10.0,1
R004986,G002486,5,1260.315,1327.942,67.627,7
R004986,G002487,6,1337.942,1673.523,335.581,35
R004991,G002488,1,746.237,1072.084,325.847,34
R004991,G002489,2,1082.084,1132.084,50.0,5
R004991,G002490,3,1162.084,1172.084,10.0,1
R004991,G002491,4,1192.084,1202.084,10.0,1
R004991,G002492,5,1212.084,1292.084,80.0,8
R004991,G002493,6,1302.084,1694.636,392.552,40
R005001,G002494,1,746.237,1072.084,325.847,34
R005001,G002495,2,1082.084,1132.084,50.0,5
R005001,G002496,3,1162.084,1172.084,10.0,1
R005001,G002497,4,1192.084,1202.084,10.0,1
R005001,G002498,5,1212.084,1292.084,80.0,8
R005001,G002499,6,1302.084,1694.636,392.552,40
R005034,G002500,1,746.237,1072.269,326.032,34
R005034,G002501,2,1528.231,2142.984,614.752,64
R005051,G002502,1,778.033,1306.264,528.231,54
R005051,G002503,2,1536.239,1869.488,333.249,34
R005064,G002504,1,746.237,1072.269,326.032,34
R005064,G002505,2,1283.473,1813.527,530.054,54
R005074,G002506,1,746.237,1072.269,326.032,34
R005074,G002507,2,1283.473,1813.527,530.054,54
R005135,G002508,1,758.091,1115.735,357.644,37
R005135,G002509,2,1126.356,1176.356,50.0,5
R005138,G002510,1,1063.907,1111.673,47.766,5
R005138,G002511,2,1121.673,1482.909,361.236,37
R005158,G002512,1,1146.401,1356.401,210.0,21
R005158,G002513,2,1485.931,2048.71,562.78,57
R005170,G002514,1,1146.401,1356.401,210.0,21
R005170,G002515,2,1485.931,2048.71,562.78,57
R005189,G002516,1,1317.477,1774.796,457.319,48
R005190,G002517,1,685.176,1135.67,450.493,47
R005191,G002518,1,1317.477,1774.796,457.319,48
R005192,G002519,1,685.176,1135.67,450.493,47
R005194,G002520,1,685.176,1135.67,450.493,47
R005195,G002521,1,1317.477,1774.796,457.319,48
R005196,G002522,1,685.176,1135.67,450.493,47
R005197,G002523,1,1317.477,1774.796,457.319,48
R005198,G002524,1,685.176,1135.67,450.493,47
R005199,G002525,1,1317.477,1774.796,457.319,48
R005200,G002526,1,685.176,1135.67,450.493,47
R005206,G002527,1,685.176,1135.67,450.493,47
R005208,G002528,1,685.176,1135.67,450.493,47
R005209,G002529,1,1317.477,1774.796,457.319,48
R005210,G002530,1,685.176,1135.67,450.493,47
R005213,G002531,1,1377.477,1834.796,457.319,48
R005215,G002532,1,685.176,1135.67,450.493,47
R005216,G002533,1,1317.477,1774.796,457.319,48
R005217,G002534,1,685.176,1135.67,450.493,47
R005221,G002535,1,685.176,1135.67,450.493,47
R005226,G002536,1,1377.477,1834.796,457.319,48
R005227,G002537,1,715.176,1165.67,450.493,47
R005228,G002538,1,1377.477,1834.796,457.319,48
R005229,G002539,1,715.176,1165.67,450.493,47
R005230,G002540,1,1377.477,1834.796,457.319,48
R005231,G002541,1,715.176,1165.67,450.493,47
R005232,G002542,1,1377.477,1834.796,457.319,48
R005233,G002543,1,715.176,1165.67,450.493,47
R005234,G002544,1,1377.477,1834.796,457.319,48
R005235,G002545,1,715.176,1165.67,450.493,47
R005236,G002546,1,1377.477,1834.796,457.319,48
R005237,G002547,1,715.176,1165.67,450.493,47
R005238,G002548,1,1371.528,1719.495,347.967,36
R005240,G002549,1,1371.528,1719.495,347.967,36
R005241,G002550,1,732.646,1082.03,349.384,36
R005242,G002551,1,1371.528,1719.495,347.967,36
R005244,G002552,1,1371.528,1719.495,347.967,36
R005245,G002553,1,732.646,1082.03,349.384,36
R005246,G002554,1,1371.528,1719.495,347.967,36
R005247,G002555,1,732.646,1082.03,349.384,36
R005248,G002556,1,1371.528,1719.495,347.967,36
R005254,G002557,1,1371.528,1719.495,347.967,36
R005256,G002558,1,1371.528,1719.495,347.967,36
R005257,G002559,1,732.646,1082.03,349.384,36
R005258,G002560,1,1371.528,1719.495,347.967,36
R005262,G002561,1,1431.528,1779.495,347.967,36
R005263,G002562,1,762.646,1112.03,349.384,36
R005264,G002563,1,1371.528,1719.495,347.967,36
R005265,G002564,1,732.646,1082.03,349.384,36
R005266,G002565,1,1371.528,1719.495,347.967,36
R005267,G002566,1,732.646,1082.03,349.384,36
R005270,G002567,1,1371.528,1719.495,347.967,36
R005276,G002568,1,1431.528,1779.495,347.967,36
R005277,G002569,1,762.646,1112.03,349.384,36
R005278,G002570,1,1431.528,1779.495,347.967,36
R005279,G002571,1,762.646,1112.03,349.384,36
R005280,G002572,1,1431.528,1779.495,347.967,36
R005281,G002573,1,762.646,1112.03,349.384,36
R005282,G002574,1,1431.528,1779.495,347.967,36
R005283,G002575,1,762.646,1112.03,349.384,36
R005284,G002576,1,1431.528,1779.495,347.967,36
R005285,G002577,1,762.646,1112.03,349.384,36
R005286,G002578,1,1431.528,1779.495,347.967,36
R005287,G002579,1,762.646,1112.03,349.384,36
R005338,G002580,1,1382.237,2084.878,702.642,72
R005339,G002581,1,1382.237,2084.878,702.642,72
R005340,G002582,1,1382.237,2084.878,702.642,72
R005341,G002583,1,1382.237,2084.878,702.642,72
R005342,G002584,1,725.2,1423.68,698.479,72
R005343,G002585,1,1442.237,2144.878,702.642,72
R005344,G002586,1,1442.237,2144.878,702.642,72
R005345,G002587,1,1348.511,1679.654,331.144,34
R005346,G002588,1,720.494,1046.89,326.396,34
R005347,G002589,1,1348.511,1679.654,331.144,34
R005348,G002590,1,720.494,1046.89,326.396,34
R005350,G002591,1,720.494,1046.89,326.396,34
R005352,G002592,1,720.494,1046.89,326.396,34
R005353,G002593,1,1348.511,1679.654,331.144,34
R005354,G002594,1,720.494,1046.89,326.396,34
R005356,G002595,1,720.494,1046.89,326.396,34
R005362,G002596,1,720.494,1046.89,326.396,34
R005364,G002597,1,720.494,1046.89,326.396,34
R005366,G002598,1,720.494,1046.89,326.396,34
R005369,G002599,1,1408.511,1739.654,331.144,34
R005370,G002600,1,750.494,1076.89,326.396,34
R005371,G002601,1,1348.511,1679.654,331.144,34
R005372,G002602,1,720.494,1046.89,326.396,34
R005373,G002603,1,1348.511,1679.654,331.144,34
R005374,G002604,1,720.494,1046.89,326.396,34
R005378,G002605,1,720.494,1046.89,326.396,34
R005383,G002606,1,1408.511,1739.654,331.144,34
R005384,G002607,1,750.494,1076.89,326.396,34
R005385,G002608,1,1408.511,1739.654,331.144,34
R005386,G002609,1,750.494,1076.89,326.396,34
R005387,G002610,1,1408.511,1739.654,331.144,34
R005388,G002611,1,750.494,1076.89,326.396,34
R005389,G002612,1,1408.511,1739.654,331.144,34
R005390,G002613,1,750.494,1076.89,326.396,34
R005391,G002614,1,1408.511,1739.654,331.144,34
R005392,G002615,1,750.494,1076.89,326.396,34
R005393,G002616,1,1408.511,1739.654,331.144,34
R005394,G002617,1,750.494,1076.89,326.396,34
R005396,G002618,1,784.749,1337.076,552.327,57
R005397,G002619,1,1429.341,1984.11,554.769,58
R005398,G002620,1,784.749,1337.076,552.327,57
R005399,G002621,1,1429.341,1984.11,554.769,58
R005400,G002622,1,784.749,1337.076,552.327,57
R005401,G002623,1,1429.341,1984.11,554.769,58
R005402,G002624,1,784.749,1337.076,552.327,57
R005403,G002625,1,1429.341,1984.11,554.769,58
R005404,G002626,1,784.749,1337.076,552.327,57
R005406,G002627,1,784.749,1337.076,552.327,57
R005411,G002628,1,1429.341,1984.11,554.769,58
R005412,G002629,1,784.749,1337.076,552.327,57
R005413,G002630,1,1429.341,1984.11,554.769,58
R005415,G002631,1,784.749,1337.076,552.327,57
R005417,G002632,1,1489.341,2044.11,554.769,58
R005419,G002633,1,784.749,1337.076,552.327,57
R005420,G002634,1,1429.341,1984.11,554.769,58
R005421,G002635,1,784.749,1337.076,552.327,57
R005424,G002636,1,784.749,1337.076,552.327,57
R005429,G002637,1,1489.341,2044.11,554.769,58
R005430,G002638,1,814.749,1367.076,552.327,57
R005431,G002639,1,1489.341,2044.11,554.769,58
R005432,G002640,1,814.749,1367.076,552.327,57
R005433,G002641,1,1489.341,2044.11,554.769,58
R005434,G002642,1,1489.341,2044.11,554.769,58
R005435,G002643,1,814.749,1367.076,552.327,57
R005436,G002644,1,1489.341,2044.11,554.769,58
R005437,G002645,1,1489.341,2044.11,554.769,58
R005441,G002646,1,778.033,1317.147,539.113,55
R005454,G002647,1,1164.207,1700.865,536.658,56
R005458,G002648,1,1164.207,1700.865,536.658,56
R005464,G002649,1,1164.207,1700.865,536.658,56
R005466,G002650,1,1164.207,1700.865,536.658,56
R005525,G002651,1,685.176,1121.436,436.26,45
R005525,G002652,2,1461.436,1864.091,402.655,42
R005527,G002653,1,685.176,1121.436,436.26,45
R005527,G002654,2,1461.436,1864.091,402.655,42
R005531,G002655,1,685.176,1121.436,436.26,45
R005531,G002656,2,1461.436,1864.091,402.655,42
R005533,G002657,1,685.176,1121.436,436.26,45
R005533,G002658,2,1461.436,1864.091,402.655,42
R005570,G002659,1,732.646,1093.272,360.627,37
R005570,G002660,2,1553.272,1905.594,352.321,37
R005576,G002661,1,732.646,1093.272,360.627,37
R005576,G002662,2,1553.272,1905.594,352.321,37
R005608,G002663,1,1032.694,1392.092,359.399,37
R005609,G002664,1,758.091,1125.96,367.869,39
R005610,G002665,1,1032.694,1392.092,359.399,37
R005611,G002666,1,758.091,1125.96,367.869,39
R005612,G002667,1,1032.694,1392.092,359.399,37
R005614,G002668,1,1032.694,1392.092,359.399,37
R005615,G002669,1,758.091,1125.96,367.869,39
R005616,G002670,1,1032.694,1392.092,359.399,37
R005617,G002671,1,758.091,1125.96,367.869,39
R005618,G002672,1,1032.694,1392.092,359.399,37
R005620,G002673,1,1092.694,1452.092,359.399,37
R005622,G002674,1,1092.694,1452.092,359.399,37
R005623,G002675,1,758.091,1125.96,367.869,39
R005625,G002676,1,758.091,1125.96,367.869,39
R005626,G002677,1,1032.694,1392.092,359.399,37
R005627,G002678,1,758.091,1125.96,367.869,39
R005628,G002679,1,1032.694,1392.092,359.399,37
R005630,G002680,1,1092.694,1452.092,359.399,37
R005634,G002681,1,1032.694,1392.092,359.399,37
R005635,G002682,1,758.091,1125.96,367.869,39
R005636,G002683,1,1032.694,1392.092,359.399,37
R005639,G002684,1,758.091,1125.96,367.869,39
R005640,G002685,1,1032.694,1392.092,359.399,37
R005646,G002686,1,1062.694,1452.092,389.399,40
R005652,G002687,1,1062.694,1452.092,389.399,40
R005704,G002688,1,758.091,1113.187,355.096,37
R005704,G002689,2,1663.187,2210.279,547.092,57
R005713,G002690,1,758.091,1599.567,841.476,88
R005714,G002691,1,778.033,1622.516,844.483,87
R005720,G002692,1,778.033,1622.516,844.483,87
R005727,G002693,1,758.091,1599.567,841.476,88
R005729,G002694,1,758.091,1599.567,841.476,88
R005731,G002695,1,758.091,1599.567,841.476,88
R005737,G002696,1,758.091,1599.567,841.476,88
R005739,G002697,1,758.091,1599.567,841.476,88
R005740,G002698,1,778.033,1622.516,844.483,87
R005743,G002699,1,758.091,1599.567,841.476,88
R005744,G002700,1,778.033,1622.516,844.483,87
R005745,G002701,1,788.091,1659.567,871.476,91
R005746,G002702,1,808.033,1682.516,874.483,90
R005747,G002703,1,788.091,1659.567,871.476,91
R005748,G002704,1,808.033,1682.516,874.483,90
R005749,G002705,1,788.091,1659.567,871.476,91
R005759,G002706,1,788.091,1659.567,871.476,91
R005763,G002707,1,685.176,1890.494,1205.318,124
R005765,G002708,1,685.176,1890.494,1205.318,124
R005768,G002709,1,685.176,1890.494,1205.318,124
R005770,G002710,1,685.176,1890.494,1205.318,124
R005774,G002711,1,731.736,1961.486,1229.749,127
R005776,G002712,1,731.736,1961.486,1229.749,127
R005778,G002713,1,731.736,1961.486,1229.749,127
R005790,G002714,1,731.736,1400.51,668.773,69
R005791,G002715,1,1103.941,1751.298,647.358,66
R005792,G002716,1,731.736,1400.51,668.773,69
R005793,G002717,1,1103.941,1751.298,647.358,66
R005794,G002718,1,731.736,1400.51,668.773,69
R005795,G002719,1,1103.941,1751.298,647.358,66
R005796,G002720,1,731.736,1400.51,668.773,69
R005797,G002721,1,1103.941,1751.298,647.358,66
R005798,G002722,1,731.736,1400.51,668.773,69
R005799,G002723,1,1103.941,1751.298,647.358,66
R005800,G002724,1,731.736,1400.51,668.773,69
R005801,G002725,1,1103.941,1751.298,647.358,66
R005802,G002726,1,761.736,1430.51,668.773,69
R005803,G002727,1,1163.941,1811.298,647.358,66
R005804,G002728,1,1163.941,1811.298,647.358,66
R005805,G002729,1,731.736,1400.51,668.773,69
R005806,G002730,1,1103.941,1751.298,647.358,66
R005807,G002731,1,1103.941,1751.298,647.358,66
R005808,G002732,1,731.736,1400.51,668.773,69
R005809,G002733,1,1103.941,1751.298,647.358,66
R005810,G002734,1,761.736,1430.51,668.773,69
R005811,G002735,1,1163.941,1811.298,647.358,66
R005813,G002736,1,1133.941,1811.298,677.358,69
R005814,G002737,1,731.736,1400.51,668.773,69
R005815,G002738,1,1103.941,1751.298,647.358,66
R005816,G002739,1,731.736,1400.51,668.773,69
R005817,G002740,1,1103.941,1751.298,647.358,66
R005818,G002741,1,1163.941,1811.298,647.358,66
R005819,G002742,1,731.736,1400.51,668.773,69
R005820,G002743,1,1103.941,1751.298,647.358,66
R005821,G002744,1,761.736,1430.51,668.773,69
R005822,G002745,1,1163.941,1811.298,647.358,66
R005823,G002746,1,761.736,1430.51,668.773,69
R005824,G002747,1,1163.941,1811.298,647.358,66
R005825,G002748,1,761.736,1460.51,698.773,72
R005826,G002749,1,1133.941,1811.298,677.358,69
R005832,G002750,1,1133.941,1811.298,677.358,69
R005834,G002751,1,1133.941,1811.298,677.358,69
R005836,G002752,1,1133.941,1811.298,677.358,69
R005841,G002753,1,778.033,1396.877,618.844,63
R005841,G002754,2,1539.447,2099.271,559.823,57
R005843,G002755,1,778.033,1396.877,618.844,63
R005843,G002756,2,1539.447,2099.271,559.823,57
R005846,G002757,1,778.033,1396.877,618.844,63
R005846,G002758,2,1539.447,2099.271,559.823,57
R005853,G002759,1,731.736,1303.171,571.435,59
R005853,G002760,2,1429.688,2059.072,629.384,65
R005855,G002761,1,731.736,1303.171,571.435,59
R005855,G002762,2,1429.688,2059.072,629.384,65
R005872,G002763,1,732.646,1138.608,405.963,42
R005872,G002764,2,1198.608,1218.608,20.0,2
R005872,G002765,3,1308.608,1765.962,457.354,48
R005879,G002766,1,685.176,1136.298,451.122,47
R005879,G002767,2,1216.298,1246.298,30.0,3
R005879,G002768,3,1306.298,1711.948,405.65,42
R005889,G002769,1,685.176,1136.298,451.122,47
R005889,G002770,2,1216.298,1246.298,30.0,3
R005889,G002771,3,1306.298,1711.948,405.65,42
R005892,G002772,1,732.646,1138.608,405.963,42
R005892,G002773,2,1198.608,1218.608,20.0,2
R005892,G002774,3,1308.608,1765.962,457.354,48
R005896,G002775,1,732.646,1138.608,405.963,42
R005896,G002776,2,1198.608,1218.608,20.0,2
R005896,G002777,3,1308.608,1765.962,457.354,48
R005914,G002778,1,1001.524,1495.329,493.805,51
R005916,G002779,1,1001.524,1495.329,493.805,51
R005918,G002780,1,1061.524,1555.329,493.805,51
R005920,G002781,1,1061.524,1555.329,493.805,51
R005956,G002782,1,725.2,1780.172,1054.972,109
R005963,G002783,1,685.176,1740.425,1055.249,109
R005973,G002784,1,685.176,1740.425,1055.249,109
R005980,G002785,1,725.2,1780.172,1054.972,109
R006005,G002786,1,685.176,1538.057,852.881,88
R006015,G002787,1,685.176,1538.057,852.881,88
R006040,G002788,1,784.749,1419.113,634.364,65
R006040,G002789,2,1619.113,2091.494,472.381,49
R006042,G002790,1,784.749,1419.113,634.364,65
R006042,G002791,2,1619.113,2091.494,472.381,49
R006046,G002792,1,685.176,1139.57,454.394,47
R006046,G002793,2,1339.57,1972.791,633.221,66
R006052,G002794,1,685.176,1139.57,454.394,47
R006052,G002795,2,1339.57,1972.791,633.221,66
R006063,G002796,1,715.176,1199.57,484.394,50
R006063,G002797,2,1399.57,2032.791,633.221,66
R006073,G002798,1,778.033,1294.169,516.136,53
R006073,G002799,2,1587.684,2049.691,462.007,48
R006075,G002800,1,778.033,1294.169,516.136,53
R006075,G002801,2,1587.684,2049.691,462.007,48
R006078,G002802,1,685.176,1129.422,444.245,46
R006078,G002803,2,1419.422,1938.501,519.079,54
R006080,G002804,1,778.033,1294.169,516.136,53
R006080,G002805,2,1587.684,2049.691,462.007,48
R006082,G002806,1,685.176,1129.422,444.245,46
R006082,G002807,2,1419.422,1938.501,519.079,54
R006099,G002808,1,1221.983,1585.229,363.246,38
R006101,G002809,1,1221.983,1585.229,363.246,38
R006103,G002810,1,1281.983,1645.229,363.246,38
R006105,G002811,1,1281.983,1645.229,363.246,38
R006110,G002812,1,732.646,1093.303,360.658,37
R006156,G002813,1,732.646,1841.629,1108.984,114
R006178,G002814,1,732.646,1464.645,731.999,77
R006180,G002815,1,732.646,1464.645,731.999,77
R006181,G002816,1,720.494,1444.747,724.253,76
R006182,G002817,1,732.646,1464.645,731.999,77
R006183,G002818,1,720.494,1444.747,724.253,76
R006188,G002819,1,732.646,1464.645,731.999,77
R006189,G002820,1,720.494,1444.747,724.253,76
R006192,G002821,1,732.646,1464.645,731.999,77
R006193,G002822,1,720.494,1444.747,724.253,76
R006198,G002823,1,732.646,1464.645,731.999,77
R006199,G002824,1,720.494,1444.747,724.253,76
R006200,G002825,1,732.646,1464.645,731.999,77
R006201,G002826,1,720.494,1444.747,724.253,76
R006204,G002827,1,732.646,1464.645,731.999,77
R006205,G002828,1,720.494,1444.747,724.253,76
R006214,G002829,1,762.646,1524.645,761.999,80
R006215,G002830,1,750.494,1504.747,754.253,79
R006218,G002831,1,762.646,1524.645,761.999,80
R006220,G002832,1,732.646,1608.976,876.33,91
R006221,G002833,1,784.749,1673.665,888.916,92
R006224,G002834,1,732.646,1608.976,876.33,91
R006225,G002835,1,784.749,1673.665,888.916,92
R006230,G002836,1,732.646,1608.976,876.33,91
R006231,G002837,1,784.749,1673.665,888.916,92
R006232,G002838,1,732.646,1608.976,876.33,91
R006233,G002839,1,784.749,1673.665,888.916,92
R006234,G002840,1,732.646,1608.976,876.33,91
R006240,G002841,1,732.646,1608.976,876.33,91
R006241,G002842,1,784.749,1673.665,888.916,92
R006242,G002843,1,732.646,1608.976,876.33,91
R006243,G002844,1,784.749,1673.665,888.916,92
R006246,G002845,1,732.646,1608.976,876.33,91
R006247,G002846,1,784.749,1673.665,888.916,92
R006248,G002847,1,762.646,1668.976,906.33,94
R006249,G002848,1,814.749,1733.665,918.916,95
R006250,G002849,1,762.646,1668.976,906.33,94
R006251,G002850,1,814.749,1733.665,918.916,95
R006256,G002851,1,762.646,1668.976,906.33,94
R006265,G002852,1,732.646,1163.731,431.086,44
R006265,G002853,2,1593.731,2106.224,512.493,53
R006272,G002854,1,725.2,1388.714,663.513,68
R006272,G002855,2,1428.714,1448.714,20.0,2
R006272,G002856,3,1458.714,1508.714,50.0,5
R006274,G002857,1,725.2,1388.714,663.513,68
R006274,G002858,2,1428.714,1448.714,20.0,2
R006274,G002859,3,1458.714,1508.714,50.0,5
R006279,G002860,1,1076.452,1126.452,50.0,5
R006279,G002861,2,1146.452,1156.452,10.0,1
R006279,G002862,3,1196.452,1867.039,670.587,68
R006283,G002863,1,725.2,1388.714,663.513,68
R006283,G002864,2,1428.714,1448.714,20.0,2
R006283,G002865,3,1458.714,1508.714,50.0,5
R006286,G002866,1,1076.452,1126.452,50.0,5
R006286,G002867,2,1146.452,1156.452,10.0,1
R006286,G002868,3,1196.452,1867.039,670.587,68
R006289,G002869,1,725.2,1388.714,663.513,68
R006289,G002870,2,1428.714,1448.714,20.0,2
R006289,G002871,3,1458.714,1508.714,50.0,5
R006293,G002872,1,725.2,1388.714,663.513,68
R006293,G002873,2,1428.714,1448.714,20.0,2
R006293,G002874,3,1458.714,1508.714,50.0,5
R006298,G002875,1,1136.452,1186.452,50.0,5
R006298,G002876,2,1206.452,1216.452,10.0,1
R006298,G002877,3,1256.452,1927.039,670.587,68
R006299,G002878,1,755.2,1418.714,663.513,68
R006299,G002879,2,1458.714,1478.714,20.0,2
R006299,G002880,3,1488.714,1538.714,50.0,5
R006300,G002881,1,1136.452,1186.452,50.0,5
R006300,G002882,2,1206.452,1216.452,10.0,1
R006300,G002883,3,1256.452,1927.039,670.587,68
R006303,G002884,1,1136.452,1186.452,50.0,5
R006303,G002885,2,1206.452,1216.452,10.0,1
R006303,G002886,3,1256.452,1927.039,670.587,68
R006316,G002887,1,1152.422,1497.225,344.803,36
R006326,G002888,1,1152.422,1497.225,344.803,36
R006338,G002889,1,1212.422,1557.225,344.803,36
R006344,G002890,1,1212.422,1557.225,344.803,36
R006353,G002891,1,784.749,1351.044,566.295,58
R006358,G002892,1,1322.491,1894.708,572.217,59
R006361,G002893,1,784.749,1351.044,566.295,58
R006363,G002894,1,784.749,1351.044,566.295,58
R006367,G002895,1,1322.491,1894.708,572.217,59
R006370,G002896,1,784.749,1351.044,566.295,58
R006374,G002897,1,784.749,1351.044,566.295,58
R006379,G002898,1,1382.491,1954.708,572.217,59
R006385,G002899,1,1382.491,1954.708,572.217,59
R006389,G002900,1,1032.545,1571.455,538.91,56
R006390,G002901,1,778.033,1316.303,538.27,55
R006391,G002902,1,1032.545,1571.455,538.91,56
R006392,G002903,1,778.033,1316.303,538.27,55
R006393,G002904,1,1032.545,1571.455,538.91,56
R006394,G002905,1,778.033,1316.303,538.27,55
R006399,G002906,1,1032.545,1571.455,538.91,56
R006400,G002907,1,778.033,1316.303,538.27,55
R006401,G002908,1,1032.545,1571.455,538.91,56
R006402,G002909,1,778.033,1316.303,538.27,55
R006403,G002910,1,1032.545,1571.455,538.91,56
R006404,G002911,1,778.033,1316.303,538.27,55
R006409,G002912,1,1032.545,1571.455,538.91,56
R006410,G002913,1,778.033,1316.303,538.27,55
R006411,G002914,1,1032.545,1571.455,538.91,56
R006412,G002915,1,778.033,1316.303,538.27,55
R006415,G002916,1,1032.545,1571.455,538.91,56
R006416,G002917,1,778.033,1316.303,538.27,55
R006417,G002918,1,1062.545,1631.455,568.91,59
R006418,G002919,1,808.033,1376.303,568.27,58
R006419,G002920,1,1062.545,1631.455,568.91,59
R006421,G002921,1,1092.545,1631.455,538.91,56
R006425,G002922,1,1092.545,1631.455,538.91,56
R006427,G002923,1,1092.545,1631.455,538.91,56
R006431,G002924,1,725.2,1724.759,999.559,104
R006432,G002925,1,720.494,1719.129,998.635,103
R006433,G002926,1,725.2,1724.759,999.559,104
R006434,G002927,1,720.494,1719.129,998.635,103
R006435,G002928,1,725.2,1724.759,999.559,104
R006436,G002929,1,720.494,1719.129,998.635,103
R006441,G002930,1,725.2,1724.759,999.559,104
R006442,G002931,1,720.494,1719.129,998.635,103
R006443,G002932,1,725.2,1724.759,999.559,104
R006445,G002933,1,725.2,1724.759,999.559,104
R006446,G002934,1,720.494,1719.129,998.635,103
R006451,G002935,1,725.2,1724.759,999.559,104
R006452,G002936,1,720.494,1719.129,998.635,103
R006453,G002937,1,725.2,1724.759,999.559,104
R006457,G002938,1,725.2,1724.759,999.559,104
R006458,G002939,1,720.494,1719.129,998.635,103
R006475,G002940,1,784.749,1471.917,687.168,71
R006475,G002941,2,1521.917,2142.107,620.19,64
R006498,G002942,1,784.749,1412.609,627.86,65
R006498,G002943,2,1441.761,1760.212,318.451,33
R006500,G002944,1,784.749,1412.609,627.86,65
R006500,G002945,2,1441.761,1760.212,318.451,33
R006505,G002946,1,720.494,1032.733,312.239,32
R006505,G002947,2,1053.253,1675.625,622.372,64
R006540,G002948,1,778.033,1283.317,505.284,52
R006540,G002949,2,1749.196,2076.251,327.056,34
R006541,G002950,1,720.494,1032.733,312.239,32
R006541,G002951,2,1498.757,1999.177,500.42,52
R006553,G002952,1,992.996,1761.324,768.328,79
R006555,G002953,1,992.996,1761.324,768.328,79
R006559,G002954,1,1022.996,1827.324,804.328,83
R006563,G002955,1,992.996,1761.324,768.328,79
R006564,G002956,1,702.502,1464.811,762.31,78
R006575,G002957,1,1022.996,1827.324,804.328,83
R006576,G002958,1,732.502,1530.811,798.31,82
R006587,G002959,1,1052.996,1893.324,840.328,86
R006588,G002960,1,762.502,1596.811,834.31,85
R006598,G002961,1,1082.996,1959.324,876.328,90
R006599,G002962,1,792.502,1662.811,870.31,89
R006602,G002963,1,992.996,1761.324,768.328,79
R006686,G002964,1,792.502,1626.811,834.31,85
R006693,G002965,1,1148.996,2025.324,876.328,90
R006763,G002966,1,732.502,1530.811,798.31,82
R006775,G002967,1,762.502,1596.811,834.31,85
R006786,G002968,1,792.502,1662.811,870.31,89
R006790,G002969,1,702.502,1464.811,762.31,78
R006962,G002970,1,1214.996,2091.324,876.328,90
R007123,G002971,1,1214.996,2091.324,876.328,90
R007245,G002972,1,792.502,1590.811,798.31,82
R007505,G002973,1,762.502,1560.811,798.31,82
R008347,G002974,1,822.502,1620.811,798.31,82
R008665,G002975,1,992.996,1761.324,768.328,79
R008666,G002976,1,702.502,1464.811,762.31,78
R008667,G002977,1,992.996,1761.324,768.328,79
R008668,G002978,1,702.502,1464.811,762.31,78
R008671,G002979,1,1022.996,1827.324,804.328,83
R008672,G002980,1,732.502,1530.811,798.31,82
R008675,G002981,1,992.996,1761.324,768.328,79
R008676,G002982,1,702.502,1464.811,762.31,78
R008687,G002983,1,1022.996,1827.324,804.328,83
R008688,G002984,1,732.502,1530.811,798.31,82
R008699,G002985,1,1052.996,1893.324,840.328,86
R008700,G002986,1,762.502,1596.811,834.31,85
R008711,G002987,1,1082.996,1959.324,876.328,90
R008712,G002988,1,792.502,1662.811,870.31,89
R008717,G002989,1,992.996,1761.324,768.328,79
R008718,G002990,1,702.502,1464.811,762.31,78
R008778,G002991,1,732.502,1494.811,762.31,78
R008812,G002992,1,822.502,1692.811,870.31,89
R008870,G002993,1,762.502,1524.811,762.31,78
R008901,G002994,1,1214.996,2091.324,876.328,90
R008955,G002995,1,732.502,1494.811,762.31,78
R008979,G002996,1,792.502,1626.811,834.31,85
R008988,G002997,1,822.502,1692.811,870.31,89
R009046,G002998,1,762.502,1524.811,762.31,78
R009075,G002999,1,1214.996,2091.324,876.328,90
R009140,G003000,1,822.502,1620.811,798.31,82
R009149,G003001,1,852.502,1686.811,834.31,85
R009221,G003002,1,822.502,1656.811,834.31,85
R009226,G003003,1,1214.996,2091.324,876.328,90
R009360,G003004,1,1316.996,2157.324,840.328,86
R009411,G003005,1,822.502,1620.811,798.31,82
R009524,G003006,1,1352.996,2157.324,804.328,83
R009576,G003007,1,792.502,1626.811,834.31,85
R009657,G003008,1,822.502,1656.811,834.31,85
R009896,G003009,1,852.502,1650.811,798.31,82
R009998,G003010,1,852.502,1650.811,798.31,82
R010126,G003011,1,1418.996,2223.324,804.328,83
R010141,G003012,1,792.502,1590.811,798.31,82
R010608,G003013,1,1058.996,1827.324,768.328,79
R010610,G003014,1,1058.996,1827.324,768.328,79
R010614,G003015,1,1088.996,1893.324,804.328,83
R010618,G003016,1,1058.996,1827.324,768.328,79
R010630,G003017,1,1088.996,1893.324,804.328,83
R010642,G003018,1,1118.996,1959.324,840.328,86
R010653,G003019,1,1148.996,2025.324,876.328,90
R010654,G003020,1,822.502,1692.811,870.31,89
R010657,G003021,1,1058.996,1827.324,768.328,79
R010835,G003022,1,1280.996,2157.324,876.328,90
R011000,G003023,1,1280.996,2157.324,876.328,90
R011127,G003024,1,822.502,1620.811,798.31,82
R011142,G003025,1,1280.996,2157.324,876.328,90
R011202,G003026,1,852.502,1650.811,798.31,82
R011265,G003027,1,882.502,1680.811,798.31,82
R011268,G003028,1,1382.996,2223.324,840.328,86
R011288,G003029,1,1412.996,2289.324,876.328,90
R011311,G003030,1,852.502,1650.811,798.31,82
R011317,G003031,1,1316.996,2157.324,840.328,86
R011371,G003032,1,1382.996,2223.324,840.328,86
R011401,G003033,1,1418.996,2223.324,804.328,83
R011402,G003034,1,912.502,1710.811,798.31,82
R011404,G003035,1,882.502,1644.811,762.31,78
R011407,G003036,1,1418.996,2223.324,804.328,83
R011419,G003037,1,1448.996,2289.324,840.328,86
R011574,G003038,1,852.502,1650.811,798.31,82
R011594,G003039,1,1316.996,2157.324,840.328,86
R011631,G003040,1,822.502,1620.811,798.31,82
R011717,G003041,1,1316.996,2157.324,840.328,86
R011762,G003042,1,1352.996,2157.324,804.328,83
R011807,G003043,1,1316.996,2157.324,840.328,86
R011874,G003044,1,1418.996,2223.324,804.328,83
R011878,G003045,1,1418.996,2223.324,804.328,83
R011888,G003046,1,1448.996,2289.324,840.328,86
R011929,G003047,1,1418.996,2223.324,804.328,83
R011933,G003048,1,1418.996,2223.324,804.328,83
R011945,G003049,1,1454.996,2223.324,768.328,79
R012144,G003050,1,1418.996,2223.324,804.328,83
R012195,G003051,1,1454.996,2223.324,768.328,79
R012198,G003052,1,1484.996,2289.324,804.328,83
R012202,G003053,1,1418.996,2223.324,804.328,83
R012214,G003054,1,1454.996,2223.324,768.328,79
R012218,G003055,1,1520.996,2289.324,768.328,79
R012352,G003056,1,833.642,1768.343,934.701,96
R012353,G003057,1,1341.676,2317.497,975.821,98
R012354,G003058,1,863.642,1834.343,970.701,99
R012356,G003059,1,803.642,1702.343,898.701,92
R012363,G003060,1,1341.676,2317.497,975.821,98
R012364,G003061,1,863.642,1834.343,970.701,99
R012376,G003062,1,1341.676,2317.497,975.821,98
R012377,G003063,1,863.642,1834.343,970.701,99
R012442,G003064,1,803.642,1702.343,898.701,92
R012452,G003065,1,833.642,1768.343,934.701,96
R012454,G003066,1,803.642,1702.343,898.701,92
R012646,G003067,1,1575.676,2515.497,939.821,95
R012846,G003068,1,1347.676,2251.497,903.821,91
R012849,G003069,1,1347.676,2251.497,903.821,91
R013067,G003070,1,1443.676,2383.497,939.821,95
R013140,G003071,1,1443.676,2383.497,939.821,95
R013191,G003072,1,1443.676,2383.497,939.821,95
R013270,G003073,1,1641.676,2581.497,939.821,95
R013413,G003074,1,1611.676,2515.497,903.821,91
R013432,G003075,1,1677.676,2581.497,903.821,91
R013433,G003076,1,1677.676,2581.497,903.821,91
R013549,G003077,1,1347.676,2251.497,903.821,91
R013591,G003078,1,1443.676,2383.497,939.821,95
R013626,G003079,1,1509.676,2449.497,939.821,95
R013659,G003080,1,1443.676,2383.497,939.821,95
R013760,G003081,1,1641.676,2581.497,939.821,95
R013761,G003082,1,1611.676,2515.497,903.821,91
R013767,G003083,1,1671.676,2647.497,975.821,98
R013787,G003084,1,1641.676,2581.497,939.821,95
R013788,G003085,1,1611.676,2515.497,903.821,91
R013794,G003086,1,1671.676,2647.497,975.821,98
R013796,G003087,1,1677.676,2581.497,903.821,91
R013797,G003088,1,1677.676,2581.497,903.821,91
R013798,G003089,1,1707.676,2647.497,939.821,95
R013799,G003090,1,1707.676,2647.497,939.821,95
R013800,G003091,1,1677.676,2581.497,903.821,91
R013803,G003092,1,1707.676,2647.497,939.821,95
R013890,G003093,1,1641.676,2581.497,939.821,95
R013891,G003094,1,1611.676,2515.497,903.821,91
R013912,G003095,1,1641.676,2581.497,939.821,95
R013913,G003096,1,1611.676,2515.497,903.821,91
R013917,G003097,1,1677.676,2581.497,903.821,91
R013918,G003098,1,1677.676,2581.497,903.821,91
R013921,G003099,1,1707.676,2647.497,939.821,95
R013925,G003100,1,1611.676,2515.497,903.821,91
R013929,G003101,1,1677.676,2581.497,903.821,91
R013930,G003102,1,1677.676,2581.497,903.821,91
R013931,G003103,1,1677.676,2581.497,903.821,91
R013934,G003104,1,1743.676,2647.497,903.821,91
R013935,G003105,1,1743.676,2647.497,903.821,91
R013961,G003106,1,1611.676,2515.497,903.821,91
R013978,G003107,1,1677.676,2581.497,903.821,91
R013979,G003108,1,1677.676,2581.497,903.821,91
R013980,G003109,1,1677.676,2581.497,903.821,91
R013987,G003110,1,1677.676,2581.497,903.821,91
R013988,G003111,1,1677.676,2581.497,903.821,91
R013989,G003112,1,1743.676,2647.497,903.821,91
R013990,G003113,1,1677.676,2581.497,903.821,91
R013991,G003114,1,1677.676,2581.497,903.821,91
R014001,G003115,1,1677.676,2581.497,903.821,91
R014004,G003116,1,1677.676,2581.497,903.821,91
R014006,G003117,1,1142.809,1856.85,714.041,73
R014007,G003118,1,818.216,1527.753,709.537,73
R014009,G003119,1,818.216,1527.753,709.537,73
R014010,G003120,1,1172.809,1922.85,750.041,77
R014011,G003121,1,848.216,1593.753,745.537,77
R014013,G003122,1,818.216,1527.753,709.537,73
R014014,G003123,1,1172.809,1922.85,750.041,77
R014021,G003124,1,848.216,1593.753,745.537,77
R014027,G003125,1,908.216,1725.753,817.537,84
R014036,G003126,1,818.216,1527.753,709.537,73
R014059,G003127,1,1232.809,2054.85,822.041,84
R014060,G003128,1,908.216,1725.753,817.537,84
R014061,G003129,1,1262.809,2120.85,858.041,87
R014062,G003130,1,938.216,1791.753,853.537,87
R014063,G003131,1,1262.809,2120.85,858.041,87
R014064,G003132,1,938.216,1791.753,853.537,87
R014068,G003133,1,848.216,1557.753,709.537,73
R014072,G003134,1,848.216,1557.753,709.537,73
R014080,G003135,1,878.216,1623.753,745.537,77
R014087,G003136,1,1268.809,2054.85,786.041,80
R014088,G003137,1,908.216,1689.753,781.537,80
R014093,G003138,1,848.216,1557.753,709.537,73
R014127,G003139,1,818.216,1527.753,709.537,73
R014135,G003140,1,848.216,1593.753,745.537,77
R014143,G003141,1,878.216,1659.753,781.537,80
R014193,G003142,1,878.216,1623.753,745.537,77
R014201,G003143,1,908.216,1689.753,781.537,80
R014302,G003144,1,908.216,1689.753,781.537,80
R014521,G003145,1,1142.809,1856.85,714.041,73
R014523,G003146,1,1142.809,1856.85,714.041,73
R014527,G003147,1,1142.809,1856.85,714.041,73
R014544,G003148,1,878.216,1659.753,781.537,80
R014623,G003149,1,878.216,1587.753,709.537,73
R014688,G003150,1,848.216,1557.753,709.537,73
R015016,G003151,1,908.216,1617.753,709.537,73
R015031,G003152,1,878.216,1587.753,709.537,73
R015061,G003153,1,908.216,1617.753,709.537,73
R015338,G003154,1,1142.809,1856.85,714.041,73
R015340,G003155,1,1142.809,1856.85,714.041,73
R015344,G003156,1,1142.809,1856.85,714.041,73
R015352,G003157,1,1172.809,1922.85,750.041,77
R015353,G003158,1,848.216,1593.753,745.537,77
R015360,G003159,1,1202.809,1988.85,786.041,80
R015361,G003160,1,878.216,1659.753,781.537,80
R015368,G003161,1,1142.809,1856.85,714.041,73
R015421,G003162,1,908.216,1689.753,781.537,80
R015457,G003163,1,878.216,1587.753,709.537,73
R015509,G003164,1,848.216,1557.753,709.537,73
R015765,G003165,1,1466.809,2252.85,786.041,80
R015831,G003166,1,938.216,1647.753,709.537,73
R015841,G003167,1,1466.809,2252.85,786.041,80
R015859,G003168,1,968.216,1677.753,709.537,73
R015888,G003169,1,848.216,1557.753,709.537,73
R015939,G003170,1,878.216,1587.753,709.537,73
R015983,G003171,1,908.216,1617.753,709.537,73
R016021,G003172,1,878.216,1587.753,709.537,73
R016063,G003173,1,908.216,1617.753,709.537,73
R016099,G003174,1,938.216,1647.753,709.537,73
R016202,G003175,1,938.216,1647.753,709.537,73
R016242,G003176,1,1538.809,2252.85,714.041,73
R016287,G003177,1,908.216,1617.753,709.537,73
R016453,G003178,1,1604.809,2318.85,714.041,73
R016526,G003179,1,1538.809,2252.85,714.041,73
R016544,G003180,1,1604.809,2318.85,714.041,73
R016550,G003181,1,1604.809,2318.85,714.041,73
R016604,G003182,1,1268.809,2054.85,786.041,80
R016611,G003183,1,1208.809,1922.85,714.041,73
R016664,G003184,1,938.216,1719.753,781.537,80
R016697,G003185,1,908.216,1617.753,709.537,73
R016748,G003186,1,878.216,1587.753,709.537,73
R016768,G003187,1,938.216,1719.753,781.537,80
R016802,G003188,1,908.216,1617.753,709.537,73
R016865,G003189,1,1466.809,2252.85,786.041,80
R016867,G003190,1,938.216,1647.753,709.537,73
R016911,G003191,1,908.216,1617.753,709.537,73
R016951,G003192,1,1466.809,2252.85,786.041,80
R016987,G003193,1,1532.809,2318.85,786.041,80
R017003,G003194,1,938.216,1647.753,709.537,73
R017019,G003195,1,1466.809,2252.85,786.041,80
R017039,G003196,1,968.216,1677.753,709.537,73
R017049,G003197,1,1502.809,2252.85,750.041,77
R017069,G003198,1,998.216,1707.753,709.537,73
R017071,G003199,1,998.216,1707.753,709.537,73
R017073,G003200,1,1538.809,2252.85,714.041,73
R017076,G003201,1,1568.809,2318.85,750.041,77
R017084,G003202,1,1598.809,2384.85,786.041,80
R017100,G003203,1,908.216,1653.753,745.537,77
R017147,G003204,1,938.216,1683.753,745.537,77
R017191,G003205,1,1466.809,2252.85,786.041,80
R017193,G003206,1,938.216,1647.753,709.537,73
R017224,G003207,1,938.216,1683.753,745.537,77
R017230,G003208,1,908.216,1617.753,709.537,73
R017265,G003209,1,1466.809,2252.85,786.041,80
R017283,G003210,1,968.216,1677.753,709.537,73
R017291,G003211,1,1502.809,2252.85,750.041,77
R017345,G003212,1,1502.809,2252.85,750.041,77
R017365,G003213,1,1568.809,2318.85,750.041,77
R017371,G003214,1,1598.809,2384.85,786.041,80
R017398,G003215,1,1568.809,2318.85,750.041,77
R017406,G003216,1,1604.809,2318.85,714.041,73
R017407,G003217,1,1604.809,2318.85,714.041,73
R017408,G003218,1,1604.809,2318.85,714.041,73
R017531,G003219,1,1538.809,2252.85,714.041,73
R017567,G003220,1,1604.809,2318.85,714.041,73
R017568,G003221,1,1604.809,2318.85,714.041,73
R017569,G003222,1,1604.809,2318.85,714.041,73
R017584,G003223,1,1604.809,2318.85,714.041,73
R017585,G003224,1,1604.809,2318.85,714.041,73
R017586,G003225,1,1604.809,2318.85,714.041,73
R017590,G003226,1,1670.809,2384.85,714.041,73
R017652,G003227,1,1604.809,2318.85,714.041,73
R017653,G003228,1,1604.809,2318.85,714.041,73
R017654,G003229,1,1604.809,2318.85,714.041,73
R017660,G003230,1,1538.809,2252.85,714.041,73
R017664,G003231,1,1604.809,2318.85,714.041,73
R017665,G003232,1,1604.809,2318.85,714.041,73
R017666,G003233,1,1604.809,2318.85,714.041,73
R017668,G003234,1,1670.809,2384.85,714.041,73
R017669,G003235,1,1604.809,2318.85,714.041,73
R017670,G003236,1,1604.809,2318.85,714.041,73
R017686,G003237,1,1604.809,2318.85,714.041,73
R017687,G003238,1,1604.809,2318.85,714.041,73
R017692,G003239,1,1604.809,2318.85,714.041,73
R017696,G003240,1,1025.753,1510.58,484.827,51
R017697,G003241,1,759.484,1233.113,473.628,49
R017698,G003242,1,1055.753,1576.58,520.827,55
R017699,G003243,1,789.484,1299.113,509.628,53
R017704,G003244,1,1055.753,1576.58,520.827,55
R017705,G003245,1,789.484,1299.113,509.628,53
R017706,G003246,1,1085.753,1642.58,556.827,58
R017707,G003247,1,819.484,1365.113,545.628,56
R017708,G003248,1,1055.753,1576.58,520.827,55
R017709,G003249,1,789.484,1299.113,509.628,53
R017710,G003250,1,1085.753,1642.58,556.827,58
R017711,G003251,1,819.484,1365.113,545.628,56
R017712,G003252,1,1085.753,1642.58,556.827,58
R017713,G003253,1,819.484,1365.113,545.628,56
R017714,G003254,1,1115.753,1708.58,592.827,62
R017717,G003255,1,819.484,1365.113,545.628,56
R017749,G003256,1,849.484,1431.113,581.628,60
R017750,G003257,1,1145.753,1774.58,628.827,65
R017751,G003258,1,879.484,1497.113,617.628,63
R017752,G003259,1,1145.753,1774.58,628.827,65
R017753,G003260,1,879.484,1497.113,617.628,63
R017754,G003261,1,1175.753,1840.58,664.827,69
R017755,G003262,1,909.484,1563.113,653.628,67
R017778,G003263,1,1151.753,1708.58,556.827,58
R019336,G003264,1,1157.753,1642.58,484.827,51
R019338,G003265,1,1157.753,1642.58,484.827,51
R019342,G003266,1,1157.753,1642.58,484.827,51
R023112,G003267,1,1421.753,1906.58,484.827,51
R023113,G003268,1,939.484,1413.113,473.628,49
R023141,G003269,1,1355.753,1840.58,484.827,51
R023142,G003270,1,909.484,1383.113,473.628,49
R023151,G003271,1,1385.753,1906.58,520.827,55
R023152,G003272,1,939.484,1449.113,509.628,53
R023167,G003273,1,939.484,1413.113,473.628,49
R023172,G003274,1,1451.753,1972.58,520.827,55
R023173,G003275,1,969.484,1479.113,509.628,53
R023174,G003276,1,1487.753,1972.58,484.827,51
R023175,G003277,1,1421.753,1906.58,484.827,51
R028682,G003278,1,783.709,1209.971,426.262,45
R028697,G003279,1,1344.968,1829.006,484.037,50
R028711,G003280,1,1350.968,1763.006,412.037,43
R028757,G003281,1,1284.968,1697.006,412.037,43
R028758,G003282,1,783.709,1209.971,426.262,45
R028766,G003283,1,813.709,1275.971,462.262,49
R028811,G003284,1,1380.968,1829.006,448.037,47
R029157,G003285,1,1284.968,1697.006,412.037,43
R030524,G003286,1,1446.968,1895.006,448.037,47
R030700,G003287,1,1548.968,1961.006,412.037,43
R030708,G003288,1,1578.968,2027.006,448.037,47
R030750,G003289,1,1512.968,1961.006,448.037,47
R030796,G003290,1,1578.968,2027.006,448.037,47
R030864,G003291,1,1350.968,1763.006,412.037,43
R031094,G003292,1,1548.968,1961.006,412.037,43
R031230,G003293,1,1644.968,2093.006,448.037,47
R031326,G003294,1,1680.968,2093.006,412.037,43
R031684,G003295,1,1746.968,2159.006,412.037,43
R031816,G003296,1,1680.968,2093.006,412.037,43
R031819,G003297,1,1680.968,2093.006,412.037,43
R031843,G003298,1,1746.968,2159.006,412.037,43
R031849,G003299,1,1746.968,2159.006,412.037,43
R032164,G003300,1,1482.968,1895.006,412.037,43
R032270,G003301,1,1644.968,2093.006,448.037,47
R032342,G003302,1,1614.968,2027.006,412.037,43
R032354,G003303,1,1644.968,2093.006,448.037,47
R032394,G003304,1,1710.968,2159.006,448.037,47
R032774,G003305,1,1710.968,2159.006,448.037,47
R032802,G003306,1,1644.968,2093.006,448.037,47
R032838,G003307,1,1710.968,2159.006,448.037,47
R032854,G003308,1,1746.968,2159.006,412.037,43
R032856,G003309,1,1746.968,2159.006,412.037,43
R032858,G003310,1,1746.968,2159.006,412.037,43
R032860,G003311,1,1746.968,2159.006,412.037,43
R032968,G003312,1,1644.968,2093.006,448.037,47
R033070,G003313,1,1680.968,2093.006,412.037,43
R033123,G003314,1,1680.968,2093.006,412.037,43
R033139,G003315,1,1746.968,2159.006,412.037,43
R033141,G003316,1,1746.968,2159.006,412.037,43
R033143,G003317,1,1746.968,2159.006,412.037,43
R033144,G003318,1,1746.968,2159.006,412.037,43
R033151,G003319,1,1680.968,2093.006,412.037,43
R033155,G003320,1,1680.968,2093.006,412.037,43
R033169,G003321,1,1746.968,2159.006,412.037,43
R033171,G003322,1,1746.968,2159.006,412.037,43
R033173,G003323,1,1746.968,2159.006,412.037,43
R033174,G003324,1,1746.968,2159.006,412.037,43
R033178,G003325,1,1812.968,2225.006,412.037,43
R033291,G003326,1,1746.968,2159.006,412.037,43
R033292,G003327,1,1746.968,2159.006,412.037,43
R033293,G003328,1,1746.968,2159.006,412.037,43
R033306,G003329,1,1746.968,2159.006,412.037,43
R033307,G003330,1,1746.968,2159.006,412.037,43
R033308,G003331,1,1746.968,2159.006,412.037,43
R033310,G003332,1,1812.968,2225.006,412.037,43
R033311,G003333,1,1746.968,2159.006,412.037,43
R033312,G003334,1,1746.968,2159.006,412.037,43
R033313,G003335,1,1746.968,2159.006,412.037,43
R033333,G003336,1,1746.968,2159.006,412.037,43
R033334,G003337,1,1746.968,2159.006,412.037,43
R033348,G003338,1,748.084,1494.074,745.99,77
R033348,G003339,2,1524.074,1594.074,70.0,7
R033364,G003340,1,748.084,1494.074,745.99,77
R033364,G003341,2,1524.074,1594.074,70.0,7
R033443,G003342,1,778.084,1560.074,781.99,81
R033443,G003343,2,1590.074,1660.074,70.0,7
R033451,G003344,1,748.084,1494.074,745.99,77
R033451,G003345,2,1524.074,1594.074,70.0,7
R034142,G003346,1,1208.013,1278.013,70.0,7
R034142,G003347,2,1308.013,2031.638,723.625,74
R034143,G003348,1,1208.013,1278.013,70.0,7
R034143,G003349,2,1308.013,2031.638,723.625,74
R034220,G003350,1,1274.013,1344.013,70.0,7
R034220,G003351,2,1374.013,2097.638,723.625,74
R034222,G003352,1,1274.013,1344.013,70.0,7
R034222,G003353,2,1374.013,2097.638,723.625,74
R034245,G003354,1,1076.013,1146.013,70.0,7
R034245,G003355,2,1176.013,1899.638,723.625,74
R034247,G003356,1,1076.013,1146.013,70.0,7
R034247,G003357,2,1176.013,1899.638,723.625,74
R034251,G003358,1,1076.013,1146.013,70.0,7
R034251,G003359,2,1176.013,1899.638,723.625,74
R034267,G003360,1,1076.013,1146.013,70.0,7
R034267,G003361,2,1176.013,1899.638,723.625,74
R034881,G003362,1,1472.013,1542.013,70.0,7
R034881,G003363,2,1572.013,2295.638,723.625,74
R034998,G003364,1,1472.013,1542.013,70.0,7
R034998,G003365,2,1572.013,2295.638,723.625,74
R035016,G003366,1,1538.013,1608.013,70.0,7
R035016,G003367,2,1638.013,2361.638,723.625,74
R035017,G003368,1,1538.013,1608.013,70.0,7
R035017,G003369,2,1638.013,2361.638,723.625,74
R035076,G003370,1,1538.013,1608.013,70.0,7
R035076,G003371,2,1638.013,2361.638,723.625,74
R035440,G003372,1,1472.013,1542.013,70.0,7
R035440,G003373,2,1572.013,2295.638,723.625,74
R035443,G003374,1,1472.013,1542.013,70.0,7
R035443,G003375,2,1572.013,2295.638,723.625,74
R035628,G003376,1,1472.013,1542.013,70.0,7
R035628,G003377,2,1572.013,2295.638,723.625,74
R035651,G003378,1,1472.013,1542.013,70.0,7
R035651,G003379,2,1572.013,2295.638,723.625,74
R035658,G003380,1,1538.013,1608.013,70.0,7
R035658,G003381,2,1638.013,2361.638,723.625,74
R035659,G003382,1,1538.013,1608.013,70.0,7
R035659,G003383,2,1638.013,2361.638,723.625,74
R035660,G003384,1,1538.013,1608.013,70.0,7
R035660,G003385,2,1638.013,2361.638,723.625,74
R035661,G003386,1,1538.013,1608.013,70.0,7
R035661,G003387,2,1638.013,2361.638,723.625,74
R035662,G003388,1,1568.013,1638.013,70.0,7
R035662,G003389,2,1668.013,2427.638,759.625,78
R035663,G003390,1,1568.013,1638.013,70.0,7
R035663,G003391,2,1668.013,2427.638,759.625,78
R035762,G003392,1,1538.013,1608.013,70.0,7
R035762,G003393,2,1638.013,2361.638,723.625,74
R035763,G003394,1,1538.013,1608.013,70.0,7
R035763,G003395,2,1638.013,2361.638,723.625,74
R035764,G003396,1,1538.013,1608.013,70.0,7
R035764,G003397,2,1638.013,2361.638,723.625,74
R035765,G003398,1,1568.013,1638.013,70.0,7
R035765,G003399,2,1668.013,2427.638,759.625,78
R035773,G003400,1,1538.013,1608.013,70.0,7
R035773,G003401,2,1638.013,2361.638,723.625,74
R035774,G003402,1,1538.013,1608.013,70.0,7
R035774,G003403,2,1638.013,2361.638,723.625,74
R035776,G003404,1,1568.013,1638.013,70.0,7
R035776,G003405,2,1668.013,2427.638,759.625,78
R035777,G003406,1,1568.013,1638.013,70.0,7
R035777,G003407,2,1668.013,2427.638,759.625,78
R035778,G003408,1,1604.013,1674.013,70.0,7
R035778,G003409,2,1704.013,2427.638,723.625,74
R035821,G003410,1,1538.013,1608.013,70.0,7
R035821,G003411,2,1638.013,2361.638,723.625,74
R035822,G003412,1,1538.013,1608.013,70.0,7
R035822,G003413,2,1638.013,2361.638,723.625,74
R035828,G003414,1,1538.013,1608.013,70.0,7
R035828,G003415,2,1638.013,2361.638,723.625,74
R035829,G003416,1,1538.013,1608.013,70.0,7
R035829,G003417,2,1638.013,2361.638,723.625,74
R035830,G003418,1,1538.013,1608.013,70.0,7
R035830,G003419,2,1638.013,2361.638,723.625,74
R035840,G003420,1,986.59,1496.782,510.193,53
R035842,G003421,1,986.59,1496.782,510.193,53
R035846,G003422,1,986.59,1496.782,510.193,53
R035847,G003423,1,696.212,1200.629,504.418,53
R035863,G003424,1,756.212,1296.629,540.418,57
R035865,G003425,1,756.212,1296.629,540.418,57
R035866,G003426,1,1112.59,1694.782,582.193,60
R035867,G003427,1,786.212,1362.629,576.418,60
R035868,G003428,1,986.59,1496.782,510.193,53
R035869,G003429,1,696.212,1200.629,504.418,53
R035870,G003430,1,986.59,1496.782,510.193,53
R035871,G003431,1,696.212,1200.629,504.418,53
R035872,G003432,1,1016.59,1562.782,546.193,57
R035873,G003433,1,726.212,1266.629,540.418,57
R035874,G003434,1,986.59,1496.782,510.193,53
R035875,G003435,1,696.212,1200.629,504.418,53
R035891,G003436,1,756.212,1296.629,540.418,57
R035994,G003437,1,986.59,1496.782,510.193,53
R035996,G003438,1,986.59,1496.782,510.193,53
R036000,G003439,1,986.59,1496.782,510.193,53
R036162,G003440,1,1052.59,1562.782,510.193,53
R036168,G003441,1,1052.59,1562.782,510.193,53
R036353,G003442,1,846.212,1386.629,540.418,57
R036374,G003443,1,1244.59,1826.782,582.193,60
R036397,G003444,1,876.212,1416.629,540.418,57
R036433,G003445,1,1184.59,1694.782,510.193,53
R036435,G003446,1,1184.59,1694.782,510.193,53
R036482,G003447,1,986.59,1496.782,510.193,53
R036483,G003448,1,696.212,1200.629,504.418,53
R036484,G003449,1,986.59,1496.782,510.193,53
R036485,G003450,1,696.212,1200.629,504.418,53
R036488,G003451,1,986.59,1496.782,510.193,53
R036489,G003452,1,696.212,1200.629,504.418,53
R036490,G003453,1,1016.59,1562.782,546.193,57
R036492,G003454,1,1016.59,1562.782,546.193,57
R036502,G003455,1,1052.59,1562.782,510.193,53
R037098,G003456,1,1052.59,1562.782,510.193,53
R037100,G003457,1,1052.59,1562.782,510.193,53
R037104,G003458,1,1052.59,1562.782,510.193,53
R037701,G003459,1,813.175,1267.547,454.372,48
R037703,G003460,1,813.175,1267.547,454.372,48
R037704,G003461,1,1277.73,1776.261,498.531,51
R037705,G003462,1,843.175,1333.547,490.372,51
R037706,G003463,1,1151.73,1578.261,426.531,44
R037707,G003464,1,753.175,1171.547,418.372,44
R037708,G003465,1,1151.73,1578.261,426.531,44
R037709,G003466,1,753.175,1171.547,418.372,44
R037710,G003467,1,1181.73,1644.261,462.531,48
R037711,G003468,1,783.175,1237.547,454.372,48
R037712,G003469,1,1151.73,1578.261,426.531,44
R037713,G003470,1,753.175,1171.547,418.372,44
R037714,G003471,1,1181.73,1644.261,462.531,48
R037715,G003472,1,783.175,1237.547,454.372,48
R037725,G003473,1,813.175,1267.547,454.372,48
R038000,G003474,1,1217.73,1644.261,426.531,44
R038092,G003475,1,1379.73,1842.261,462.531,48
R038110,G003476,1,1475.73,1974.261,498.531,51
R038271,G003477,1,1349.73,1776.261,426.531,44
R038315,G003478,1,1415.73,1842.261,426.531,44
R038934,G003479,1,1217.73,1644.261,426.531,44
R041360,G003480,1,1123.538,1883.939,760.401,78
R041362,G003481,1,1123.538,1883.939,760.401,78
R041365,G003482,1,774.24,1558.54,784.3,81
R041367,G003483,1,744.24,1492.54,748.3,77
R041370,G003484,1,1153.538,1949.939,796.401,82
R041371,G003485,1,774.24,1558.54,784.3,81
R041372,G003486,1,1183.538,2015.939,832.401,85
R041373,G003487,1,804.24,1624.54,820.3,84
R041381,G003488,1,774.24,1522.54,748.3,77
R041388,G003489,1,1123.538,1883.939,760.401,78
R041389,G003490,1,744.24,1492.54,748.3,77
R041391,G003491,1,744.24,1492.54,748.3,77
R041392,G003492,1,1153.538,1949.939,796.401,82
R041393,G003493,1,774.24,1558.54,784.3,81
R041395,G003494,1,744.24,1492.54,748.3,77
R041396,G003495,1,1153.538,1949.939,796.401,82
R041397,G003496,1,774.24,1558.54,784.3,81
R041400,G003497,1,1183.538,2015.939,832.401,85
R041401,G003498,1,804.24,1624.54,820.3,84
R041419,G003499,1,804.24,1552.54,748.3,77
R041423,G003500,1,804.24,1552.54,748.3,77
R041433,G003501,1,774.24,1522.54,748.3,77
R041437,G003502,1,774.24,1522.54,748.3,77
R041445,G003503,1,804.24,1552.54,748.3,77
R041459,G003504,1,834.24,1582.54,748.3,77
R041513,G003505,1,1123.538,1883.939,760.401,78
R041864,G003506,1,1387.538,2147.939,760.401,78
R041867,G003507,1,1123.538,1883.939,760.401,78
R041869,G003508,1,1123.538,1883.939,760.401,78
R041873,G003509,1,1123.538,1883.939,760.401,78
R042076,G003510,1,804.24,1552.54,748.3,77
R042104,G003511,1,864.24,1612.54,748.3,77
R042117,G003512,1,834.24,1582.54,748.3,77
R042131,G003513,1,864.24,1612.54,748.3,77
R042143,G003514,1,894.24,1642.54,748.3,77
R042180,G003515,1,804.24,1552.54,748.3,77
R042263,G003516,1,1519.538,2279.939,760.401,78
R042279,G003517,1,1585.538,2345.939,760.401,78
R042356,G003518,1,1189.538,1949.939,760.401,78
R042504,G003519,1,924.24,1672.54,748.3,77
R042506,G003520,1,924.24,1672.54,748.3,77
R042587,G003521,1,894.24,1642.54,748.3,77
R042590,G003522,1,894.24,1642.54,748.3,77
R042599,G003523,1,864.24,1612.54,748.3,77
R042612,G003524,1,894.24,1642.54,748.3,77
R042646,G003525,1,1585.538,2345.939,760.401,78
R042647,G003526,1,1585.538,2345.939,760.401,78
R042650,G003527,1,1615.538,2411.939,796.401,82
R042654,G003528,1,834.24,1582.54,748.3,77
R042668,G003529,1,864.24,1612.54,748.3,77
R042682,G003530,1,894.24,1642.54,748.3,77
R042689,G003531,1,864.24,1612.54,748.3,77
R042701,G003532,1,894.24,1642.54,748.3,77
R042716,G003533,1,894.24,1642.54,748.3,77
R042726,G003534,1,1585.538,2345.939,760.401,78
R042727,G003535,1,1585.538,2345.939,760.401,78
R042728,G003536,1,1585.538,2345.939,760.401,78
R042730,G003537,1,1615.538,2411.939,796.401,82
R042732,G003538,1,1519.538,2279.939,760.401,78
R042737,G003539,1,1585.538,2345.939,760.401,78
R042738,G003540,1,1585.538,2345.939,760.401,78
R042741,G003541,1,1651.538,2411.939,760.401,78
R042746,G003542,1,864.24,1612.54,748.3,77
R042773,G003543,1,1585.538,2345.939,760.401,78
R042774,G003544,1,1585.538,2345.939,760.401,78
R042780,G003545,1,1585.538,2345.939,760.401,78
R042781,G003546,1,1585.538,2345.939,760.401,78
R042782,G003547,1,1651.538,2411.939,760.401,78
R042783,G003548,1,1585.538,2345.939,760.401,78
R042784,G003549,1,1585.538,2345.939,760.401,78
R042793,G003550,1,1585.538,2345.939,760.401,78
R042796,G003551,1,1585.538,2345.939,760.401,78
R042798,G003552,1,1080.642,1471.916,391.273,41
R042800,G003553,1,1080.642,1471.916,391.273,41
R042801,G003554,1,738.593,1132.245,393.652,42
R042804,G003555,1,1080.642,1471.916,391.273,41
R042821,G003556,1,798.593,1228.245,429.652,46
R042823,G003557,1,798.593,1228.245,429.652,46
R042824,G003558,1,1206.642,1669.916,463.273,48
R042825,G003559,1,828.593,1294.245,465.652,49
R042826,G003560,1,1080.642,1471.916,391.273,41
R042827,G003561,1,738.593,1132.245,393.652,42
R042828,G003562,1,1080.642,1471.916,391.273,41
R042829,G003563,1,738.593,1132.245,393.652,42
R042830,G003564,1,1110.642,1537.916,427.273,45
R042831,G003565,1,768.593,1198.245,429.652,46
R042832,G003566,1,1080.642,1471.916,391.273,41
R042833,G003567,1,738.593,1132.245,393.652,42
R042834,G003568,1,1110.642,1537.916,427.273,45
R042849,G003569,1,798.593,1228.245,429.652,46
R042952,G003570,1,1080.642,1471.916,391.273,41
R042953,G003571,1,738.593,1132.245,393.652,42
R042954,G003572,1,1080.642,1471.916,391.273,41
R042955,G003573,1,738.593,1132.245,393.652,42
R042958,G003574,1,1080.642,1471.916,391.273,41
R042959,G003575,1,738.593,1132.245,393.652,42
R043237,G003576,1,918.593,1348.245,429.652,46
R043266,G003577,1,1440.642,1867.916,427.273,45
R043289,G003578,1,828.593,1258.245,429.652,46
R043444,G003579,1,1080.642,1471.916,391.273,41
R043445,G003580,1,738.593,1132.245,393.652,42
R043446,G003581,1,1080.642,1471.916,391.273,41
R043447,G003582,1,738.593,1132.245,393.652,42
R043450,G003583,1,1080.642,1471.916,391.273,41
R043451,G003584,1,738.593,1132.245,393.652,42
R044060,G003585,1,1146.642,1537.916,391.273,41
R044062,G003586,1,1146.642,1537.916,391.273,41
R044066,G003587,1,1146.642,1537.916,391.273,41
R044647,G003588,1,815.699,1482.52,666.821,69
R044667,G003589,1,875.699,1578.52,702.821,73
R044669,G003590,1,875.699,1578.52,702.821,73
R044670,G003591,1,1395.318,2130.795,735.477,75
R044671,G003592,1,905.699,1644.52,738.821,76
R044672,G003593,1,1269.318,1932.795,663.477,68
R044673,G003594,1,815.699,1482.52,666.821,69
R044674,G003595,1,1269.318,1932.795,663.477,68
R044675,G003596,1,815.699,1482.52,666.821,69
R044676,G003597,1,1299.318,1998.795,699.477,72
R044677,G003598,1,845.699,1548.52,702.821,73
R044678,G003599,1,1269.318,1932.795,663.477,68
R044679,G003600,1,815.699,1482.52,666.821,69
R044680,G003601,1,1299.318,1998.795,699.477,72
R044681,G003602,1,845.699,1548.52,702.821,73
R044915,G003603,1,965.699,1668.52,702.821,73
R044936,G003604,1,1527.318,2262.795,735.477,75
R044950,G003605,1,1593.318,2328.795,735.477,75
R045207,G003606,1,1533.318,2196.795,663.477,68
R046267,G003607,1,1374.224,1936.839,562.615,58
R046276,G003608,1,867.64,1468.689,601.049,62
R046278,G003609,1,867.64,1468.689,601.049,62
R046279,G003610,1,1434.224,2068.839,634.615,65
R046280,G003611,1,897.64,1534.689,637.049,65
R046281,G003612,1,1308.224,1870.839,562.615,58
R046282,G003613,1,807.64,1372.689,565.049,58
R046283,G003614,1,1308.224,1870.839,562.615,58
R046284,G003615,1,807.64,1372.689,565.049,58
R046285,G003616,1,1338.224,1936.839,598.615,62
R046286,G003617,1,837.64,1438.689,601.049,62
R046287,G003618,1,1308.224,1870.839,562.615,58
R046288,G003619,1,807.64,1372.689,565.049,58
R046289,G003620,1,1338.224,1936.839,598.615,62
R046290,G003621,1,837.64,1438.689,601.049,62
R046309,G003622,1,1440.224,2002.839,562.615,58
R046371,G003623,1,1440.224,2002.839,562.615,58
R046407,G003624,1,1308.224,1870.839,562.615,58
R046409,G003625,1,1308.224,1870.839,562.615,58
R046413,G003626,1,1308.224,1870.839,562.615,58
R046421,G003627,1,1374.224,1936.839,562.615,58
R046423,G003628,1,1374.224,1936.839,562.615,58
R046437,G003629,1,1440.224,2002.839,562.615,58
R046451,G003630,1,1374.224,1936.839,562.615,58
R046493,G003631,1,1440.224,2002.839,562.615,58
R046569,G003632,1,1374.224,1936.839,562.615,58
R046573,G003633,1,1374.224,1936.839,562.615,58
R046650,G003634,1,1536.224,2134.839,598.615,62
R046671,G003635,1,1668.224,2266.839,598.615,62
R046690,G003636,1,1734.224,2332.839,598.615,62
R046760,G003637,1,1506.224,2068.839,562.615,58
R046761,G003638,1,1506.224,2068.839,562.615,58
R046783,G003639,1,1572.224,2134.839,562.615,58
R046784,G003640,1,1572.224,2134.839,562.615,58
R046792,G003641,1,1308.224,1870.839,562.615,58
R046870,G003642,1,1440.224,2002.839,562.615,58
R046876,G003643,1,1440.224,2002.839,562.615,58
R046960,G003644,1,1374.224,1936.839,562.615,58
R046974,G003645,1,1440.224,2002.839,562.615,58
R046996,G003646,1,1440.224,2002.839,562.615,58
R047002,G003647,1,1440.224,2002.839,562.615,58
R047103,G003648,1,1704.224,2266.839,562.615,58
R047109,G003649,1,1440.224,2002.839,562.615,58
R047115,G003650,1,1440.224,2002.839,562.615,58
R047204,G003651,1,1704.224,2266.839,562.615,58
R047216,G003652,1,1704.224,2266.839,562.615,58
R047220,G003653,1,1770.224,2332.839,562.615,58
R047263,G003654,1,1704.224,2266.839,562.615,58
R047275,G003655,1,1704.224,2266.839,562.615,58
R047298,G003656,1,1374.224,1936.839,562.615,58
R047312,G003657,1,1440.224,2002.839,562.615,58
R047340,G003658,1,1440.224,2002.839,562.615,58
R047605,G003659,1,1770.224,2332.839,562.615,58
R047606,G003660,1,1770.224,2332.839,562.615,58
R047607,G003661,1,1770.224,2332.839,562.615,58
R047695,G003662,1,1770.224,2332.839,562.615,58
R047696,G003663,1,1770.224,2332.839,562.615,58
R047706,G003664,1,1770.224,2332.839,562.615,58
R047707,G003665,1,1770.224,2332.839,562.615,58
R047710,G003666,1,1836.224,2398.839,562.615,58
R047730,G003667,1,1704.224,2266.839,562.615,58
R047745,G003668,1,1770.224,2332.839,562.615,58
R047746,G003669,1,1770.224,2332.839,562.615,58
R047752,G003670,1,1770.224,2332.839,562.615,58
R047753,G003671,1,1770.224,2332.839,562.615,58
R047754,G003672,1,1836.224,2398.839,562.615,58
R047755,G003673,1,1770.224,2332.839,562.615,58
R047756,G003674,1,1770.224,2332.839,562.615,58
R047765,G003675,1,1770.224,2332.839,562.615,58
R047768,G003676,1,1770.224,2332.839,562.615,58
R047821,G003677,1,818.216,2026.307,1208.091,124
R047950,G003678,1,702.502,1900.972,1198.47,123
R047952,G003679,1,702.502,1900.972,1198.47,123
R047967,G003680,1,702.502,1900.972,1198.47,123
R048089,G003681,1,732.502,1966.972,1234.47,127
R048138,G003682,1,702.502,1900.972,1198.47,123
R048162,G003683,1,702.502,1900.972,1198.47,123
R048521,G003684,1,789.484,1210.657,421.173,44
R048521,G003685,2,1245.377,2042.417,797.04,82
R048534,G003686,1,759.484,1144.657,385.173,40
R048534,G003687,2,1179.377,1976.417,797.04,82
R048585,G003688,1,819.484,1276.657,457.173,47
R048585,G003689,2,1311.377,2108.417,797.04,82
R048754,G003690,1,702.502,1483.833,781.331,80
R048754,G003691,2,1525.442,1919.905,394.464,41
R048760,G003692,1,702.502,1483.833,781.331,80
R048760,G003693,2,1525.442,1919.905,394.464,41
R048778,G003694,1,702.502,1483.833,781.331,80
R048778,G003695,2,1525.442,1919.905,394.464,41
R048994,G003696,1,732.502,1549.833,817.331,84
R048994,G003697,2,1591.442,1985.905,394.464,41
R049099,G003698,1,762.502,1615.833,853.331,87
R049099,G003699,2,1657.442,2051.905,394.464,41
R049103,G003700,1,762.502,1615.833,853.331,87
R049103,G003701,2,1657.442,2051.905,394.464,41
R049129,G003702,1,792.502,1681.833,889.331,91
R049129,G003703,2,1723.442,2117.905,394.464,41
R049130,G003704,1,702.502,1483.833,781.331,80
R049130,G003705,2,1525.442,1919.905,394.464,41
R049749,G003706,1,702.502,1428.833,726.331,74
R049751,G003707,1,702.502,1428.833,726.331,74
R049753,G003708,1,1456.876,2199.374,742.498,76
R049754,G003709,1,1390.876,2133.374,742.498,76
R049755,G003710,1,1456.876,2199.374,742.498,76
R049756,G003711,1,1456.876,2199.374,742.498,76
R049757,G003712,1,702.502,1428.833,726.331,74
R049759,G003713,1,732.502,1458.833,726.331,74
R049760,G003714,1,1456.876,2199.374,742.498,76
R049761,G003715,1,1456.876,2199.374,742.498,76
R049762,G003716,1,1522.876,2265.374,742.498,76
R049763,G003717,1,1456.876,2199.374,742.498,76
R049764,G003718,1,1522.876,2265.374,742.498,76
R049765,G003719,1,702.502,1428.833,726.331,74
R049766,G003720,1,1390.876,2133.374,742.498,76
R049767,G003721,1,702.502,1428.833,726.331,74
R049768,G003722,1,1390.876,2133.374,742.498,76
R049769,G003723,1,1456.876,2199.374,742.498,76
R049770,G003724,1,1390.876,2133.374,742.498,76
R049771,G003725,1,702.502,1428.833,726.331,74
R049772,G003726,1,1390.876,2133.374,742.498,76
R049773,G003727,1,1456.876,2199.374,742.498,76
R049774,G003728,1,1456.876,2199.374,742.498,76
R049775,G003729,1,1522.876,2265.374,742.498,76
R049776,G003730,1,1456.876,2199.374,742.498,76
R049779,G003731,1,732.502,1494.833,762.331,78
R049780,G003732,1,702.502,1428.833,726.331,74
R049781,G003733,1,1390.876,2133.374,742.498,76
R049782,G003734,1,702.502,1428.833,726.331,74
R049784,G003735,1,702.502,1428.833,726.331,74
R049788,G003736,1,1456.876,2199.374,742.498,76
R049789,G003737,1,1456.876,2199.374,742.498,76
R049790,G003738,1,1522.876,2265.374,742.498,76
R049792,G003739,1,702.502,1428.833,726.331,74
R049793,G003740,1,1390.876,2133.374,742.498,76
R049794,G003741,1,732.502,1458.833,726.331,74
R049796,G003742,1,732.502,1458.833,726.331,74
R049798,G003743,1,1522.876,2265.374,742.498,76
R049800,G003744,1,1522.876,2265.374,742.498,76
R049801,G003745,1,1522.876,2265.374,742.498,76
R049812,G003746,1,1552.876,2331.374,778.498,80
R049822,G003747,1,732.502,1494.833,762.331,78
R049832,G003748,1,702.502,1758.255,1055.753,109
R049833,G003749,1,696.212,1756.219,1060.008,110
R049846,G003750,1,702.502,1758.255,1055.753,109
R049847,G003751,1,696.212,1756.219,1060.008,110
R049874,G003752,1,732.502,1824.255,1091.753,113
R049875,G003753,1,726.212,1822.219,1096.008,114
R049902,G003754,1,702.502,1758.255,1055.753,109
R049903,G003755,1,696.212,1756.219,1060.008,110
R049982,G003756,1,732.502,1824.255,1091.753,113
R049986,G003757,1,732.502,1824.255,1091.753,113
R049987,G003758,1,726.212,1822.219,1096.008,114
R050065,G003759,1,762.502,1890.255,1127.753,116
R050066,G003760,1,756.212,1888.219,1132.008,117
R050108,G003761,1,792.502,1956.255,1163.753,120
R050110,G003762,1,786.212,1954.219,1168.008,121
R050111,G003763,1,792.502,1956.255,1163.753,120
R050112,G003764,1,786.212,1954.219,1168.008,121
R050113,G003765,1,822.502,2022.255,1199.753,124
R050125,G003766,1,702.502,1758.255,1055.753,109
R050126,G003767,1,696.212,1756.219,1060.008,110
R050413,G003768,1,753.175,1215.857,462.682,48
R050413,G003769,2,1275.857,1335.857,60.0,6
R050413,G003770,3,1395.857,1415.857,20.0,2
R050413,G003771,4,1425.857,2139.683,713.827,73
R050423,G003772,1,753.175,1215.857,462.682,48
R050423,G003773,2,1275.857,1335.857,60.0,6
R050423,G003774,3,1395.857,1415.857,20.0,2
R050423,G003775,4,1425.857,2139.683,713.827,73
R050519,G003776,1,732.502,1493.855,761.353,78
R050519,G003777,2,1543.855,1613.855,70.0,7
R050519,G003778,3,1673.855,2139.464,465.609,49
R050529,G003779,1,702.502,1427.855,725.353,74
R050529,G003780,2,1477.855,1547.855,70.0,7
R050529,G003781,3,1607.855,2073.464,465.609,49
R050651,G003782,1,1062.38,1082.38,20.0,2
R050651,G003783,2,1112.38,1881.31,768.93,79
R050653,G003784,1,1128.38,1148.38,20.0,2
R050653,G003785,2,1178.38,1947.31,768.93,79
R050655,G003786,1,1062.38,1082.38,20.0,2
R050655,G003787,2,1112.38,1881.31,768.93,79
R050659,G003788,1,1128.38,1148.38,20.0,2
R050659,G003789,2,1178.38,1947.31,768.93,79
R050665,G003790,1,1062.38,1082.38,20.0,2
R050665,G003791,2,1112.38,1881.31,768.93,79
R050669,G003792,1,1062.38,1082.38,20.0,2
R050669,G003793,2,1112.38,1881.31,768.93,79
R050679,G003794,1,1092.38,1112.38,20.0,2
R050679,G003795,2,1142.38,1947.31,804.93,83
R050683,G003796,1,1092.38,1112.38,20.0,2
R050683,G003797,2,1142.38,1947.31,804.93,83
R050693,G003798,1,1092.38,1112.38,20.0,2
R050693,G003799,2,1142.38,1947.31,804.93,83
R050695,G003800,1,1158.38,1178.38,20.0,2
R050695,G003801,2,1208.38,2013.31,804.93,83
R050697,G003802,1,1092.38,1112.38,20.0,2
R050697,G003803,2,1142.38,1947.31,804.93,83
R050699,G003804,1,1158.38,1178.38,20.0,2
R050699,G003805,2,1208.38,2013.31,804.93,83
R050701,G003806,1,1158.38,1178.38,20.0,2
R050701,G003807,2,1208.38,2013.31,804.93,83
R050707,G003808,1,1122.38,1142.38,20.0,2
R050707,G003809,2,1172.38,2013.31,840.93,86
R050709,G003810,1,1188.38,1208.38,20.0,2
R050709,G003811,2,1238.38,2079.31,840.93,86
R050711,G003812,1,1122.38,1142.38,20.0,2
R050711,G003813,2,1172.38,2013.31,840.93,86
R050871,G003814,1,762.502,1587.828,825.326,84
R050871,G003815,2,1627.828,1647.828,20.0,2
R050873,G003816,1,762.502,1587.828,825.326,84
R050873,G003817,2,1627.828,1647.828,20.0,2
R050876,G003818,1,762.502,1587.828,825.326,84
R050876,G003819,2,1627.828,1647.828,20.0,2
R050902,G003820,1,792.502,1653.828,861.326,88
R050902,G003821,2,1693.828,1713.828,20.0,2
R050910,G003822,1,702.502,1455.828,753.326,77
R050910,G003823,2,1495.828,1515.828,20.0,2
R051161,G003824,1,744.24,2092.492,1348.252,139
R051175,G003825,1,744.24,2092.492,1348.252,139
R051220,G003826,1,702.502,2042.774,1340.272,138
R051438,G003827,1,738.593,1916.183,1177.59,122
R051630,G003828,1,702.502,1873.507,1171.005,121
R051710,G003829,1,822.502,2137.507,1315.005,136
R051711,G003830,1,858.593,2180.183,1321.59,137
R051712,G003831,1,852.502,2203.507,1351.005,139
R051713,G003832,1,888.593,2246.183,1357.59,140
R051769,G003833,1,792.502,2071.507,1279.005,132
R051770,G003834,1,828.593,2114.183,1285.59,133
R051771,G003835,1,792.502,2071.507,1279.005,132
R051806,G003836,1,828.593,2114.183,1285.59,133
R051807,G003837,1,792.502,2071.507,1279.005,132
R051808,G003838,1,828.593,2114.183,1285.59,133
R051809,G003839,1,822.502,2137.507,1315.005,136
R051810,G003840,1,858.593,2180.183,1321.59,137
R051811,G003841,1,822.502,2137.507,1315.005,136
R051812,G003842,1,858.593,2180.183,1321.59,137
R051820,G003843,1,858.593,2180.183,1321.59,137
R051824,G003844,1,822.502,2137.507,1315.005,135
R051825,G003845,1,858.593,2180.183,1321.59,136
R051830,G003846,1,792.502,2071.507,1279.005,132
R051871,G003847,1,759.484,1144.657,385.173,40
R051871,G003848,2,1360.213,2310.407,950.195,97
R052096,G003849,1,1300.102,2197.926,897.824,92
R052302,G003850,1,1300.102,2197.926,897.824,92
R052307,G003851,1,1168.102,2065.926,897.824,92
R052551,G003852,1,833.642,1750.91,917.268,94
R052591,G003853,1,1462.102,2395.926,933.824,96
R052593,G003854,1,1462.102,2395.926,933.824,96
R052735,G003855,1,863.642,1816.91,953.268,97
R052737,G003856,1,863.642,1816.91,953.268,97
R052745,G003857,1,1360.102,2329.926,969.824,99
R052747,G003858,1,1360.102,2329.926,969.824,99
R052754,G003859,1,923.642,1876.91,953.268,97
R052755,G003860,1,1360.102,2329.926,969.824,99
R052758,G003861,1,1360.102,2329.926,969.824,99
R052759,G003862,1,1360.102,2329.926,969.824,99
R052760,G003863,1,1426.102,2395.926,969.824,99
R052761,G003864,1,1360.102,2329.926,969.824,99
R052806,G003865,1,893.642,1882.91,989.268,101
R052807,G003866,1,1258.102,2263.926,1005.824,103
R052808,G003867,1,1258.102,2263.926,1005.824,103
R052809,G003868,1,893.642,1882.91,989.268,101
R052810,G003869,1,1258.102,2263.926,1005.824,103
R052811,G003870,1,1324.102,2329.926,1005.824,103
R052814,G003871,1,803.642,1684.91,881.268,90
R052827,G003872,1,1234.102,2131.926,897.824,92
R052841,G003873,1,1168.102,2065.926,897.824,92
R053586,G003874,1,923.642,1948.91,1025.268,104
R053589,G003875,1,783.709,1892.19,1108.48,115
R053591,G003876,1,783.709,1892.19,1108.48,115
R053610,G003877,1,803.642,1908.921,1105.28,115
R053611,G003878,1,783.709,1892.19,1108.48,115
R053635,G003879,1,783.709,1892.19,1108.48,115
R053637,G003880,1,783.709,1892.19,1108.48,115
R053641,G003881,1,783.709,1892.19,1108.48,115
R053656,G003882,1,803.642,1908.921,1105.28,115
R053657,G003883,1,783.709,1892.19,1108.48,115
R053727,G003884,1,813.709,1958.19,1144.48,119
R053729,G003885,1,813.709,1958.19,1144.48,119
R053748,G003886,1,833.642,1974.921,1141.28,119
R053749,G003887,1,813.709,1958.19,1144.48,119
R053817,G003888,1,803.642,1908.921,1105.28,115
R053818,G003889,1,783.709,1892.19,1108.48,115
R053820,G003890,1,783.709,1892.19,1108.48,115
R053824,G003891,1,783.709,1892.19,1108.48,115
R053839,G003892,1,803.642,1908.921,1105.28,115
R053840,G003893,1,783.709,1892.19,1108.48,115
R054073,G003894,1,833.642,1974.921,1141.28,119
R054074,G003895,1,813.709,1958.19,1144.48,119
R054075,G003896,1,833.642,1974.921,1141.28,119
R054076,G003897,1,813.709,1958.19,1144.48,119
R054094,G003898,1,833.642,1974.921,1141.28,119
R054095,G003899,1,813.709,1958.19,1144.48,119
R054271,G003900,1,843.709,2024.19,1180.48,122
R054273,G003901,1,843.709,2024.19,1180.48,122
R054285,G003902,1,863.642,2040.921,1177.28,122
R054286,G003903,1,843.709,2024.19,1180.48,122
R054371,G003904,1,893.642,2106.921,1213.28,126
R054372,G003905,1,873.709,2090.19,1216.48,126
R054373,G003906,1,893.642,2106.921,1213.28,126
R054374,G003907,1,873.709,2090.19,1216.48,126
R054377,G003908,1,893.642,2106.921,1213.28,126
R054378,G003909,1,873.709,2090.19,1216.48,126
R054393,G003910,1,803.642,1908.921,1105.28,115
R054394,G003911,1,783.709,1892.19,1108.48,115
R054395,G003912,1,803.642,1908.921,1105.28,115
R054396,G003913,1,783.709,1892.19,1108.48,115
R054415,G003914,1,803.642,1908.921,1105.28,115
R054416,G003915,1,783.709,1892.19,1108.48,115
R054418,G003916,1,813.709,1958.19,1144.48,119
R054461,G003917,1,833.642,1974.921,1141.28,119
R054462,G003918,1,813.709,1958.19,1144.48,119
R054508,G003919,1,813.709,1958.19,1144.48,119
R054600,G003920,1,843.709,2024.19,1180.48,122
R054689,G003921,1,813.709,1958.19,1144.48,119
R054934,G003922,1,843.709,2024.19,1180.48,122
R055104,G003923,1,873.709,2090.19,1216.48,126
R055170,G003924,1,903.709,2156.19,1252.48,129
R055175,G003925,1,803.642,1674.134,870.492,89
R055177,G003926,1,803.642,1674.134,870.492,89
R055178,G003927,1,1111.834,1992.203,880.369,89
R055179,G003928,1,833.642,1704.134,870.492,89
R055180,G003929,1,1177.834,2058.203,880.369,89
R055181,G003930,1,803.642,1674.134,870.492,89
R055182,G003931,1,1111.834,1992.203,880.369,89
R055183,G003932,1,833.642,1704.134,870.492,89
R055185,G003933,1,833.642,1704.134,870.492,89
R055186,G003934,1,1177.834,2058.203,880.369,89
R055187,G003935,1,863.642,1734.134,870.492,89
R055189,G003936,1,803.642,1674.134,870.492,89
R055191,G003937,1,803.642,1674.134,870.492,89
R055192,G003938,1,1111.834,1992.203,880.369,89
R055193,G003939,1,833.642,1704.134,870.492,89
R055195,G003940,1,803.642,1674.134,870.492,89
R055196,G003941,1,1111.834,1992.203,880.369,89
R055197,G003942,1,833.642,1704.134,870.492,89
R055199,G003943,1,833.642,1704.134,870.492,89
R055201,G003944,1,863.642,1734.134,870.492,89
R055206,G003945,1,1141.834,2058.203,916.369,93
R055210,G003946,1,1141.834,2058.203,916.369,93
R055217,G003947,1,833.642,1740.134,906.492,93
R055219,G003948,1,833.642,1740.134,906.492,93
R055220,G003949,1,1141.834,2058.203,916.369,93
R055221,G003950,1,863.642,1770.134,906.492,93
R055222,G003951,1,1207.834,2124.203,916.369,93
R055223,G003952,1,833.642,1740.134,906.492,93
R055224,G003953,1,1141.834,2058.203,916.369,93
R055225,G003954,1,863.642,1770.134,906.492,93
R055226,G003955,1,1207.834,2124.203,916.369,93
R055227,G003956,1,863.642,1770.134,906.492,93
R055228,G003957,1,1207.834,2124.203,916.369,93
R055229,G003958,1,893.642,1800.134,906.492,93
R055234,G003959,1,1171.834,2124.203,952.369,96
R055238,G003960,1,1171.834,2124.203,952.369,96
R055242,G003961,1,1237.834,2190.203,952.369,96
R055245,G003962,1,803.642,1674.134,870.492,89
R055247,G003963,1,803.642,1674.134,870.492,89
R055249,G003964,1,833.642,1704.134,870.492,89
R055251,G003965,1,803.642,1674.134,870.492,89
R055253,G003966,1,833.642,1704.134,870.492,89
R055255,G003967,1,833.642,1704.134,870.492,89
R055257,G003968,1,863.642,1734.134,870.492,89
R055328,G003969,1,833.642,1740.134,906.492,93
R055330,G003970,1,833.642,1740.134,906.492,93
R055332,G003971,1,863.642,1770.134,906.492,93
R055334,G003972,1,833.642,1740.134,906.492,93
R055336,G003973,1,863.642,1770.134,906.492,93
R055338,G003974,1,863.642,1770.134,906.492,93
R055340,G003975,1,893.642,1800.134,906.492,93
R055402,G003976,1,863.642,1806.134,942.492,96
R055403,G003977,1,1171.834,2124.203,952.369,96
R055404,G003978,1,863.642,1806.134,942.492,96
R055405,G003979,1,1171.834,2124.203,952.369,96
R055407,G003980,1,863.642,1806.134,942.492,96
R055409,G003981,1,893.642,1836.134,942.492,96
R055411,G003982,1,893.642,1836.134,942.492,96
R055438,G003983,1,1201.834,2190.203,988.369,100
R055439,G003984,1,893.642,1872.134,978.492,100
R055440,G003985,1,1201.834,2190.203,988.369,100
R055441,G003986,1,803.642,1674.134,870.492,89
R055443,G003987,1,803.642,1674.134,870.492,89
R055445,G003988,1,833.642,1704.134,870.492,89
R055447,G003989,1,803.642,1674.134,870.492,89
R055449,G003990,1,833.642,1704.134,870.492,89
R055451,G003991,1,833.642,1704.134,870.492,89
R055453,G003992,1,863.642,1734.134,870.492,89
R055704,G003993,1,807.64,1993.234,1185.594,122
R055773,G003994,1,803.642,1981.034,1177.392,121
R055916,G003995,1,863.642,2113.034,1249.392,128
R055918,G003996,1,863.642,2113.034,1249.392,128
R055940,G003997,1,803.642,1981.034,1177.392,121
R056118,G003998,1,897.64,2191.234,1293.594,133
R056119,G003999,1,893.642,2179.034,1285.392,132
R056120,G004000,1,897.64,2191.234,1293.594,133
R056121,G004001,1,927.64,2257.234,1329.594,137
R056122,G004002,1,893.642,2179.034,1285.392,132
R056123,G004003,1,897.64,2191.234,1293.594,133
R056124,G004004,1,923.642,2245.034,1321.392,136
R056131,G004005,1,897.64,2191.234,1293.594,133
R056132,G004006,1,927.64,2257.234,1329.594,137
R056133,G004007,1,893.642,2179.034,1285.392,132
R056134,G004008,1,897.64,2191.234,1293.594,133
R056135,G004009,1,923.642,2245.034,1321.392,136
R056136,G004010,1,927.64,2257.234,1329.594,137
R056137,G004011,1,923.642,2245.034,1321.392,136
R056138,G004012,1,927.64,2257.234,1329.594,137
R056139,G004013,1,923.642,2245.034,1321.392,135
R056140,G004014,1,927.64,2257.234,1329.594,136
R056141,G004015,1,923.642,2245.034,1321.392,135
R056142,G004016,1,927.64,2257.234,1329.594,136
R056143,G004017,1,923.642,2245.034,1321.392,135
R056144,G004018,1,927.64,2257.234,1329.594,136
R056146,G004019,1,957.64,2323.234,1365.594,140
R056149,G004020,1,923.642,2245.034,1321.392,135
R056150,G004021,1,927.64,2257.234,1329.594,136
R056151,G004022,1,953.642,2311.034,1357.392,139
R056152,G004023,1,957.64,2323.234,1365.594,140
R056153,G004024,1,953.642,2311.034,1357.392,139
R056154,G004025,1,957.64,2323.234,1365.594,140
R056155,G004026,1,893.642,2179.034,1285.392,132
R056169,G004027,1,759.484,1142.98,383.496,40
R056169,G004028,2,1162.98,1850.143,687.163,70
R056183,G004029,1,789.484,1208.98,419.496,44
R056183,G004030,2,1228.98,1916.143,687.163,70
R056196,G004031,1,818.216,1510.565,692.349,71
R056196,G004032,2,1524.999,1918.966,393.968,41
R056197,G004033,1,759.484,1142.98,383.496,40
R056197,G004034,2,1162.98,1850.143,687.163,70
R056226,G004035,1,759.484,1142.98,383.496,40
R056226,G004036,2,1162.98,1850.143,687.163,70
R056240,G004037,1,789.484,1208.98,419.496,44
R056240,G004038,2,1228.98,1916.143,687.163,70
R056252,G004039,1,818.216,1510.565,692.349,71
R056252,G004040,2,1524.999,1918.966,393.968,41
R056253,G004041,1,759.484,1142.98,383.496,40
R056253,G004042,2,1162.98,1850.143,687.163,70
R056334,G004043,1,818.216,1510.565,692.349,71
R056334,G004044,2,1524.999,1918.966,393.968,41
R056336,G004045,1,818.216,1510.565,692.349,71
R056336,G004046,2,1524.999,1918.966,393.968,41
R056340,G004047,1,818.216,1510.565,692.349,71
R056340,G004048,2,1524.999,1918.966,393.968,41
R056361,G004049,1,818.216,1510.565,692.349,71
R056361,G004050,2,1524.999,1918.966,393.968,41
R056362,G004051,1,759.484,1142.98,383.496,40
R056362,G004052,2,1162.98,1850.143,687.163,70
R056517,G004053,1,848.216,1576.565,728.349,75
R056517,G004054,2,1590.999,1984.966,393.968,41
R056519,G004055,1,848.216,1576.565,728.349,75
R056519,G004056,2,1590.999,1984.966,393.968,41
R056535,G004057,1,848.216,1576.565,728.349,75
R056535,G004058,2,1590.999,1984.966,393.968,41
R056536,G004059,1,789.484,1172.98,383.496,40
R056536,G004060,2,1192.98,1916.143,723.163,74
R056647,G004061,1,878.216,1642.565,764.349,78
R056647,G004062,2,1656.999,2050.966,393.968,41
R056648,G004063,1,819.484,1202.98,383.496,40
R056648,G004064,2,1222.98,1982.143,759.163,77
R056689,G004065,1,759.484,1142.98,383.496,40
R056689,G004066,2,1162.98,1850.143,687.163,70
R056691,G004067,1,759.484,1142.98,383.496,40
R056691,G004068,2,1162.98,1850.143,687.163,70
R056717,G004069,1,818.216,1510.565,692.349,71
R056717,G004070,2,1524.999,1918.966,393.968,41
R056718,G004071,1,759.484,1142.98,383.496,40
R056718,G004072,2,1162.98,1850.143,687.163,70
R057327,G004073,1,783.709,1203.701,419.991,44
R057327,G004074,2,1231.595,1371.595,140.0,14
R057327,G004075,3,1725.459,2331.903,606.444,62
R057337,G004076,1,783.709,1203.701,419.991,44
R057337,G004077,2,1231.595,1371.595,140.0,14
R057337,G004078,3,1725.459,2331.903,606.444,62
R057371,G004079,1,818.216,2077.573,1259.357,130
R057375,G004080,1,848.216,2143.573,1295.357,134
R057376,G004081,1,778.084,2095.162,1317.078,136
R057377,G004082,1,878.216,2209.573,1331.357,137
R057378,G004083,1,808.084,2161.162,1353.078,139
R057380,G004084,1,778.084,2095.162,1317.078,136
R057381,G004085,1,818.216,2077.573,1259.357,130
R057382,G004086,1,748.084,2029.162,1281.078,132
R057385,G004087,1,848.216,2143.573,1295.357,134
R057386,G004088,1,778.084,2095.162,1317.078,136
R057387,G004089,1,878.216,2209.573,1331.357,137
R057388,G004090,1,808.084,2161.162,1353.078,139
R057391,G004091,1,878.216,2209.573,1331.357,137
R057392,G004092,1,808.084,2161.162,1353.078,139
R057395,G004093,1,838.084,2227.162,1389.078,143
R057397,G004094,1,818.216,2077.573,1259.357,130
R057398,G004095,1,748.084,2029.162,1281.078,132
R057401,G004096,1,848.216,2143.573,1295.357,134
R057402,G004097,1,778.084,2095.162,1317.078,136
R057405,G004098,1,848.216,2143.573,1295.357,134
R057406,G004099,1,778.084,2095.162,1317.078,136
R057407,G004100,1,848.216,2143.573,1295.357,134
R057408,G004101,1,778.084,2095.162,1317.078,136
R057409,G004102,1,808.084,2161.162,1353.078,139
R057410,G004103,1,778.084,2095.162,1317.078,136
R057419,G004104,1,848.216,2143.573,1295.357,134
R057420,G004105,1,778.084,2095.162,1317.078,136
R057421,G004106,1,878.216,2209.573,1331.357,137
R057422,G004107,1,808.084,2161.162,1353.078,139
R057423,G004108,1,878.216,2209.573,1331.357,137
R057424,G004109,1,808.084,2161.162,1353.078,139
R057500,G004110,1,848.216,2143.573,1295.357,134
R057501,G004111,1,848.216,2143.573,1295.357,134
R057502,G004112,1,848.216,2143.573,1295.357,134
R057506,G004113,1,818.216,2077.573,1259.357,130
R057516,G004114,1,848.216,2143.573,1295.357,134
R057517,G004115,1,778.084,2095.162,1317.078,136
R057518,G004116,1,878.216,2209.573,1331.357,137
R057519,G004117,1,808.084,2161.162,1353.078,139
R057751,G004118,1,848.216,1998.702,1150.487,118
R057752,G004119,1,726.212,1871.332,1145.12,118
R057753,G004120,1,848.216,1998.702,1150.487,118
R057798,G004121,1,878.216,2064.702,1186.487,121
R057800,G004122,1,878.216,2064.702,1186.487,121
R057802,G004123,1,878.216,2064.702,1186.487,121
R057813,G004124,1,818.216,1932.702,1114.487,114
R057815,G004125,1,818.216,1932.702,1114.487,114
R057819,G004126,1,818.216,1932.702,1114.487,114
R057978,G004127,1,1032.121,1052.121,20.0,2
R057978,G004128,2,1112.121,1823.995,711.874,73
R057980,G004129,1,1098.121,1118.121,20.0,2
R057980,G004130,2,1178.121,1889.995,711.874,73
R057982,G004131,1,1032.121,1052.121,20.0,2
R057982,G004132,2,1112.121,1823.995,711.874,73
R057984,G004133,1,1098.121,1118.121,20.0,2
R057984,G004134,2,1178.121,1889.995,711.874,73
R057986,G004135,1,1098.121,1118.121,20.0,2
R057986,G004136,2,1178.121,1889.995,711.874,73
R057992,G004137,1,1032.121,1052.121,20.0,2
R057992,G004138,2,1112.121,1823.995,711.874,73
R057994,G004139,1,1098.121,1118.121,20.0,2
R057994,G004140,2,1178.121,1889.995,711.874,73
R057996,G004141,1,1032.121,1052.121,20.0,2
R057996,G004142,2,1112.121,1823.995,711.874,73
R057998,G004143,1,1098.121,1118.121,20.0,2
R057998,G004144,2,1178.121,1889.995,711.874,73
R058000,G004145,1,1098.121,1118.121,20.0,2
R058000,G004146,2,1178.121,1889.995,711.874,73
R058006,G004147,1,1062.121,1082.121,20.0,2
R058006,G004148,2,1142.121,1889.995,747.874,77
R058008,G004149,1,1128.121,1148.121,20.0,2
R058008,G004150,2,1208.121,1955.995,747.874,77
R058010,G004151,1,1062.121,1082.121,20.0,2
R058010,G004152,2,1142.121,1889.995,747.874,77
R058014,G004153,1,1128.121,1148.121,20.0,2
R058014,G004154,2,1208.121,1955.995,747.874,77
R058023,G004155,1,818.216,1528.698,710.482,73
R058023,G004156,2,1588.698,1608.698,20.0,2
R058123,G004157,1,878.216,1660.698,782.482,80
R058123,G004158,2,1720.698,1740.698,20.0,2
R058125,G004159,1,878.216,1660.698,782.482,80
R058125,G004160,2,1720.698,1740.698,20.0,2
R058128,G004161,1,878.216,1660.698,782.482,80
R058128,G004162,2,1720.698,1740.698,20.0,2
R058154,G004163,1,818.216,1528.698,710.482,73
R058154,G004164,2,1588.698,1608.698,20.0,2
R058441,G004165,1,828.593,2187.847,1359.254,140
R058442,G004166,1,828.593,2187.847,1359.254,140
R058458,G004167,1,878.216,2204.506,1326.29,136
R058459,G004168,1,798.593,2121.847,1323.254,136
R058460,G004169,1,878.216,2204.506,1326.29,136
R058461,G004170,1,798.593,2121.847,1323.254,136
R058462,G004171,1,908.216,2270.506,1362.29,140
R058466,G004172,1,807.64,1380.263,572.624,59
R058466,G004173,2,1410.263,1420.263,10.0,1
R058466,G004174,3,1756.867,2362.318,605.451,62
R058468,G004175,1,807.64,1380.263,572.624,59
R058468,G004176,2,1410.263,1420.263,10.0,1
R058468,G004177,3,1756.867,2362.318,605.451,62
R058473,G004178,1,807.64,1380.263,572.624,59
R058473,G004179,2,1410.263,1420.263,10.0,1
R058473,G004180,3,1756.867,2362.318,605.451,62
R058477,G004181,1,818.216,1405.562,587.346,60
R058477,G004182,2,1730.742,1740.742,10.0,1
R058477,G004183,3,1770.742,2350.641,579.898,59
R058497,G004184,1,789.484,1174.657,385.173,40
R058497,G004185,2,1233.35,1243.35,10.0,1
R058499,G004186,1,759.484,1144.657,385.173,40
R058499,G004187,2,1203.35,1213.35,10.0,1
R058519,G004188,1,849.484,1234.657,385.173,40
R058519,G004189,2,1293.35,1303.35,10.0,1
R058521,G004190,1,1573.85,1583.85,10.0,1
R058521,G004191,2,1662.117,2051.547,389.431,41
R058522,G004192,1,759.484,1144.657,385.173,40
R058522,G004193,2,1203.35,1213.35,10.0,1
R058524,G004194,1,789.484,1174.657,385.173,40
R058524,G004195,2,1233.35,1243.35,10.0,1
R058530,G004196,1,789.484,1174.657,385.173,40
R058530,G004197,2,1233.35,1243.35,10.0,1
R058532,G004198,1,819.484,1204.657,385.173,40
R058532,G004199,2,1263.35,1273.35,10.0,1
R058538,G004200,1,819.484,1204.657,385.173,40
R058538,G004201,2,1263.35,1273.35,10.0,1
R058544,G004202,1,879.484,1264.657,385.173,40
R058544,G004203,2,1323.35,1333.35,10.0,1
R058545,G004204,1,1573.85,1583.85,10.0,1
R058545,G004205,2,1662.117,2051.547,389.431,41
R058548,G004206,1,879.484,1264.657,385.173,40
R058548,G004207,2,1323.35,1333.35,10.0,1
R058549,G004208,1,1573.85,1583.85,10.0,1
R058549,G004209,2,1662.117,2051.547,389.431,41
R058550,G004210,1,879.484,1264.657,385.173,40
R058550,G004211,2,1323.35,1333.35,10.0,1
R058551,G004212,1,1573.85,1583.85,10.0,1
R058551,G004213,2,1662.117,2051.547,389.431,41
R058552,G004214,1,1639.85,1649.85,10.0,1
R058552,G004215,2,1728.117,2117.547,389.431,41
R058553,G004216,1,759.484,1144.657,385.173,40
R058553,G004217,2,1203.35,1213.35,10.0,1
R058555,G004218,1,759.484,1144.657,385.173,40
R058555,G004219,2,1203.35,1213.35,10.0,1
R058557,G004220,1,789.484,1174.657,385.173,40
R058557,G004221,2,1233.35,1243.35,10.0,1
R058559,G004222,1,759.484,1144.657,385.173,40
R058559,G004223,2,1203.35,1213.35,10.0,1
R058561,G004224,1,789.484,1174.657,385.173,40
R058561,G004225,2,1233.35,1243.35,10.0,1
R058563,G004226,1,789.484,1174.657,385.173,40
R058563,G004227,2,1233.35,1243.35,10.0,1
R058565,G004228,1,819.484,1204.657,385.173,40
R058565,G004229,2,1263.35,1273.35,10.0,1
R058569,G004230,1,819.484,1204.657,385.173,40
R058569,G004231,2,1263.35,1273.35,10.0,1
R058581,G004232,1,1573.85,1583.85,10.0,1
R058581,G004233,2,1662.117,2051.547,389.431,41
R058604,G004234,1,879.484,1264.657,385.173,40
R058604,G004235,2,1323.35,1333.35,10.0,1
R058605,G004236,1,1573.85,1583.85,10.0,1
R058605,G004237,2,1662.117,2051.547,389.431,41
R058608,G004238,1,879.484,1264.657,385.173,40
R058608,G004239,2,1323.35,1333.35,10.0,1
R058609,G004240,1,1573.85,1583.85,10.0,1
R058609,G004241,2,1662.117,2051.547,389.431,41
R058610,G004242,1,879.484,1264.657,385.173,40
R058610,G004243,2,1323.35,1333.35,10.0,1
R058611,G004244,1,1573.85,1583.85,10.0,1
R058611,G004245,2,1662.117,2051.547,389.431,41
R058612,G004246,1,1639.85,1649.85,10.0,1
R058612,G004247,2,1728.117,2117.547,389.431,41
R058672,G004248,1,759.484,1144.657,385.173,40
R058672,G004249,2,1203.35,1213.35,10.0,1
R058674,G004250,1,789.484,1174.657,385.173,40
R058674,G004251,2,1233.35,1243.35,10.0,1
R058682,G004252,1,819.484,1204.657,385.173,40
R058682,G004253,2,1263.35,1273.35,10.0,1
R058684,G004254,1,789.484,1174.657,385.173,40
R058684,G004255,2,1233.35,1243.35,10.0,1
R058692,G004256,1,819.484,1204.657,385.173,40
R058692,G004257,2,1263.35,1273.35,10.0,1
R058694,G004258,1,849.484,1234.657,385.173,40
R058694,G004259,2,1293.35,1303.35,10.0,1
R058697,G004260,1,1573.85,1583.85,10.0,1
R058697,G004261,2,1662.117,2051.547,389.431,41
R058710,G004262,1,819.484,1204.657,385.173,40
R058710,G004263,2,1263.35,1273.35,10.0,1
R058712,G004264,1,849.484,1234.657,385.173,40
R058712,G004265,2,1293.35,1303.35,10.0,1
R058716,G004266,1,849.484,1234.657,385.173,40
R058716,G004267,2,1293.35,1303.35,10.0,1
R058720,G004268,1,879.484,1264.657,385.173,40
R058720,G004269,2,1323.35,1333.35,10.0,1
R058721,G004270,1,1573.85,1583.85,10.0,1
R058721,G004271,2,1662.117,2051.547,389.431,41
R058724,G004272,1,1573.85,1583.85,10.0,1
R058724,G004273,2,1662.117,2051.547,389.431,41
R058725,G004274,1,1573.85,1583.85,10.0,1
R058725,G004275,2,1662.117,2051.547,389.431,41
R058726,G004276,1,1639.85,1649.85,10.0,1
R058726,G004277,2,1728.117,2117.547,389.431,41
R058889,G004278,1,819.484,1240.657,421.173,44
R058889,G004279,2,1299.35,1309.35,10.0,1
R058893,G004280,1,819.484,1240.657,421.173,44
R058893,G004281,2,1299.35,1309.35,10.0,1
R058895,G004282,1,819.484,1240.657,421.173,44
R058895,G004283,2,1299.35,1309.35,10.0,1
R058897,G004284,1,849.484,1270.657,421.173,44
R058897,G004285,2,1329.35,1339.35,10.0,1
R058915,G004286,1,849.484,1270.657,421.173,44
R058915,G004287,2,1329.35,1339.35,10.0,1
R058917,G004288,1,819.484,1240.657,421.173,44
R058917,G004289,2,1299.35,1309.35,10.0,1
R058919,G004290,1,849.484,1270.657,421.173,44
R058919,G004291,2,1329.35,1339.35,10.0,1
R058921,G004292,1,849.484,1270.657,421.173,44
R058921,G004293,2,1329.35,1339.35,10.0,1
R058923,G004294,1,879.484,1300.657,421.173,44
R058923,G004295,2,1359.35,1369.35,10.0,1
R058924,G004296,1,1537.85,1547.85,10.0,1
R058924,G004297,2,1626.117,2051.547,425.431,45
R058927,G004298,1,879.484,1300.657,421.173,44
R058927,G004299,2,1359.35,1369.35,10.0,1
R058928,G004300,1,1537.85,1547.85,10.0,1
R058928,G004301,2,1626.117,2051.547,425.431,45
R058929,G004302,1,879.484,1300.657,421.173,44
R058929,G004303,2,1359.35,1369.35,10.0,1
R058931,G004304,1,1603.85,1613.85,10.0,1
R058931,G004305,2,1692.117,2117.547,425.431,45
R058932,G004306,1,1537.85,1547.85,10.0,1
R058932,G004307,2,1626.117,2051.547,425.431,45
R058933,G004308,1,1603.85,1613.85,10.0,1
R058933,G004309,2,1692.117,2117.547,425.431,45
R059054,G004310,1,819.484,1276.657,457.173,47
R059054,G004311,2,1335.35,1345.35,10.0,1
R059056,G004312,1,819.484,1276.657,457.173,47
R059056,G004313,2,1335.35,1345.35,10.0,1
R059058,G004314,1,849.484,1306.657,457.173,47
R059058,G004315,2,1365.35,1375.35,10.0,1
R059062,G004316,1,849.484,1306.657,457.173,47
R059062,G004317,2,1365.35,1375.35,10.0,1
R059066,G004318,1,879.484,1336.657,457.173,47
R059066,G004319,2,1395.35,1405.35,10.0,1
R059067,G004320,1,1501.85,1511.85,10.0,1
R059067,G004321,2,1590.117,2051.547,461.431,48
R059068,G004322,1,849.484,1306.657,457.173,47
R059068,G004323,2,1365.35,1375.35,10.0,1
R059071,G004324,1,1501.85,1511.85,10.0,1
R059071,G004325,2,1590.117,2051.547,461.431,48
R059072,G004326,1,819.484,1276.657,457.173,47
R059072,G004327,2,1335.35,1345.35,10.0,1
R059078,G004328,1,879.484,1336.657,457.173,47
R059078,G004329,2,1395.35,1405.35,10.0,1
R059080,G004330,1,849.484,1306.657,457.173,47
R059080,G004331,2,1365.35,1375.35,10.0,1
R059082,G004332,1,879.484,1336.657,457.173,47
R059082,G004333,2,1395.35,1405.35,10.0,1
R059084,G004334,1,879.484,1336.657,457.173,47
R059084,G004335,2,1395.35,1405.35,10.0,1
R059086,G004336,1,1567.85,1577.85,10.0,1
R059086,G004337,2,1656.117,2117.547,461.431,48
R059088,G004338,1,1567.85,1577.85,10.0,1
R059088,G004339,2,1656.117,2117.547,461.431,48
R059165,G004340,1,1309.85,1319.85,10.0,1
R059165,G004341,2,1398.117,1787.547,389.431,41
R059170,G004342,1,819.484,1204.657,385.173,40
R059170,G004343,2,1263.35,1273.35,10.0,1
R059172,G004344,1,789.484,1174.657,385.173,40
R059172,G004345,2,1233.35,1243.35,10.0,1
R059181,G004346,1,1441.85,1451.85,10.0,1
R059181,G004347,2,1530.117,1919.547,389.431,41
R059182,G004348,1,849.484,1234.657,385.173,40
R059182,G004349,2,1293.35,1303.35,10.0,1
R059184,G004350,1,849.484,1234.657,385.173,40
R059184,G004351,2,1293.35,1303.35,10.0,1
R059186,G004352,1,1573.85,1583.85,10.0,1
R059186,G004353,2,1662.117,2051.547,389.431,41
R059187,G004354,1,759.484,1144.657,385.173,40
R059187,G004355,2,1203.35,1213.35,10.0,1
R059189,G004356,1,789.484,1174.657,385.173,40
R059189,G004357,2,1233.35,1243.35,10.0,1
R059193,G004358,1,819.484,1204.657,385.173,40
R059193,G004359,2,1263.35,1273.35,10.0,1
R059195,G004360,1,789.484,1174.657,385.173,40
R059195,G004361,2,1233.35,1243.35,10.0,1
R059209,G004362,1,879.484,1264.657,385.173,40
R059209,G004363,2,1323.35,1333.35,10.0,1
R059210,G004364,1,1573.85,1583.85,10.0,1
R059210,G004365,2,1662.117,2051.547,389.431,41
R059213,G004366,1,879.484,1264.657,385.173,40
R059213,G004367,2,1323.35,1333.35,10.0,1
R059214,G004368,1,1573.85,1583.85,10.0,1
R059214,G004369,2,1662.117,2051.547,389.431,41
R059215,G004370,1,879.484,1264.657,385.173,40
R059215,G004371,2,1323.35,1333.35,10.0,1
R059216,G004372,1,1573.85,1583.85,10.0,1
R059216,G004373,2,1662.117,2051.547,389.431,41
R059217,G004374,1,1639.85,1649.85,10.0,1
R059217,G004375,2,1728.117,2117.547,389.431,41
R059863,G004376,1,813.709,1437.16,623.45,65
R059863,G004377,2,1649.892,2039.53,389.638,41
R059909,G004378,1,813.709,1437.16,623.45,65
R059909,G004379,2,1649.892,2039.53,389.638,41
R059917,G004380,1,783.709,1371.16,587.45,61
R059917,G004381,2,1583.892,1973.53,389.638,41
R059988,G004382,1,759.484,1144.657,385.173,40
R059988,G004383,2,1333.516,1921.962,588.445,61
R060168,G004384,1,789.484,1210.657,421.173,44
R060168,G004385,2,1399.516,1987.962,588.445,61
R060170,G004386,1,789.484,1210.657,421.173,44
R060170,G004387,2,1399.516,1987.962,588.445,61
R060324,G004388,1,819.484,1276.657,457.173,47
R060324,G004389,2,1465.516,2053.962,588.445,61
R060326,G004390,1,819.484,1276.657,457.173,47
R060326,G004391,2,1465.516,2053.962,588.445,61
R061013,G004392,1,778.084,1560.074,781.99,81
R061013,G004393,2,1583.259,1977.717,394.458,41
R061059,G004394,1,778.084,1560.074,781.99,81
R061059,G004395,2,1583.259,1977.717,394.458,41
R061149,G004396,1,778.084,1560.074,781.99,81
R061149,G004397,2,1583.259,1977.717,394.458,41
R061379,G004398,1,819.484,1275.372,455.888,47
R061379,G004399,2,1305.372,2023.304,717.932,74
R061413,G004400,1,759.484,1143.372,383.888,40
R061413,G004401,2,1173.372,1891.304,717.932,74
R061434,G004402,1,748.084,1494.074,745.99,77
R061434,G004403,2,1517.259,1911.717,394.458,41
R061835,G004404,1,696.212,1285.137,588.926,62
R061835,G004405,2,1295.137,1687.983,392.846,41
R061839,G004406,1,696.212,1285.137,588.926,62
R061839,G004407,2,1295.137,1687.983,392.846,41
R061849,G004408,1,696.212,1285.137,588.926,62
R061849,G004409,2,1295.137,1687.983,392.846,41
R061853,G004410,1,696.212,1285.137,588.926,62
R061853,G004411,2,1295.137,1687.983,392.846,41
R061874,G004412,1,759.484,1142.083,382.598,40
R061874,G004413,2,1152.083,1746.53,594.448,61
R062039,G004414,1,759.484,1142.083,382.598,40
R062039,G004415,2,1152.083,1746.53,594.448,61
R062258,G004416,1,753.175,1195.576,442.402,46
R062258,G004417,2,1589.965,1984.106,394.141,41
R062272,G004418,1,753.175,1195.576,442.402,46
R062272,G004419,2,1589.965,1984.106,394.141,41
R062276,G004420,1,753.175,1195.576,442.402,46
R062276,G004421,2,1589.965,1984.106,394.141,41
R062300,G004422,1,753.175,1195.576,442.402,46
R062300,G004423,2,1589.965,1984.106,394.141,41
R062419,G004424,1,759.484,1144.657,385.173,40
R062419,G004425,2,1523.119,1974.398,451.28,47
R062422,G004426,1,753.175,1195.576,442.402,46
R062422,G004427,2,1589.965,1984.106,394.141,41
R062588,G004428,1,1016.685,1096.685,80.0,8
R062588,G004429,2,1114.202,1509.041,394.839,41
R062590,G004430,1,1082.685,1162.685,80.0,8
R062590,G004431,2,1180.202,1575.041,394.839,41
R062591,G004432,1,759.484,1145.677,386.193,41
R062591,G004433,2,1165.677,1235.677,70.0,7
R062592,G004434,1,1016.685,1096.685,80.0,8
R062592,G004435,2,1114.202,1509.041,394.839,41
R062594,G004436,1,1082.685,1162.685,80.0,8
R062594,G004437,2,1180.202,1575.041,394.839,41
R062596,G004438,1,1082.685,1162.685,80.0,8
R062596,G004439,2,1180.202,1575.041,394.839,41
R062602,G004440,1,1016.685,1096.685,80.0,8
R062602,G004441,2,1114.202,1509.041,394.839,41
R062604,G004442,1,1082.685,1162.685,80.0,8
R062604,G004443,2,1180.202,1575.041,394.839,41
R062605,G004444,1,759.484,1145.677,386.193,41
R062605,G004445,2,1165.677,1235.677,70.0,7
R062606,G004446,1,1016.685,1096.685,80.0,8
R062606,G004447,2,1114.202,1509.041,394.839,41
R062608,G004448,1,1082.685,1162.685,80.0,8
R062608,G004449,2,1180.202,1575.041,394.839,41
R062610,G004450,1,1082.685,1162.685,80.0,8
R062610,G004451,2,1180.202,1575.041,394.839,41
R062616,G004452,1,1046.685,1126.685,80.0,8
R062616,G004453,2,1144.202,1575.041,430.839,45
R062620,G004454,1,1046.685,1126.685,80.0,8
R062620,G004455,2,1144.202,1575.041,430.839,45
R062624,G004456,1,1112.685,1192.685,80.0,8
R062624,G004457,2,1210.202,1641.041,430.839,45
R062627,G004458,1,759.484,1145.677,386.193,41
R062627,G004459,2,1165.677,1235.677,70.0,7
R062689,G004460,1,789.484,1211.677,422.193,45
R062689,G004461,2,1231.677,1301.677,70.0,7
R062690,G004462,1,1046.685,1126.685,80.0,8
R062690,G004463,2,1144.202,1575.041,430.839,45
R062745,G004464,1,819.484,1277.677,458.193,48
R062745,G004465,2,1297.677,1367.677,70.0,7
R062746,G004466,1,1076.685,1156.685,80.0,8
R062746,G004467,2,1174.202,1641.041,466.839,48
R062794,G004468,1,1016.685,1096.685,80.0,8
R062794,G004469,2,1114.202,1509.041,394.839,41
R062799,G004470,1,759.484,1145.677,386.193,41
R062799,G004471,2,1165.677,1235.677,70.0,7
R062800,G004472,1,1016.685,1096.685,80.0,8
R062800,G004473,2,1114.202,1509.041,394.839,41
R063016,G004474,1,744.24,1653.725,909.485,93
R063016,G004475,2,1667.957,2060.803,392.846,41
R063020,G004476,1,744.24,1653.725,909.485,93
R063020,G004477,2,1667.957,2060.803,392.846,41
R063055,G004478,1,759.484,1142.083,382.598,40
R063055,G004479,2,1152.083,2067.596,915.514,94
R063058,G004480,1,744.24,1653.725,909.485,93
R063058,G004481,2,1667.957,2060.803,392.846,41
R063110,G004482,1,744.24,1653.725,909.485,93
R063110,G004483,2,1667.957,2060.803,392.846,41
R063242,G004484,1,759.484,1144.657,385.173,40
R063242,G004485,2,1156.435,1206.435,50.0,5
R063242,G004486,3,1236.435,1246.435,10.0,1
R063242,G004487,4,1266.435,1276.435,10.0,1
R063242,G004488,5,1286.435,1366.435,80.0,8
R063242,G004489,6,1376.435,1810.427,433.992,45
R063249,G004490,1,738.593,1160.678,422.085,44
R063249,G004491,2,1180.678,1260.678,80.0,8
R063249,G004492,3,1270.678,1280.678,10.0,1
R063249,G004493,4,1300.678,1310.678,10.0,1
R063249,G004494,5,1320.678,1388.305,67.627,7
R063249,G004495,6,1408.305,1796.592,388.287,40
R063298,G004496,1,789.484,1210.657,421.173,44
R063298,G004497,2,1222.435,1272.435,50.0,5
R063298,G004498,3,1302.435,1312.435,10.0,1
R063298,G004499,4,1332.435,1342.435,10.0,1
R063298,G004500,5,1352.435,1432.435,80.0,8
R063298,G004501,6,1442.435,1876.427,433.992,45
R063589,G004502,1,815.699,1513.655,697.956,73
R063589,G004503,2,2007.336,2399.845,392.508,41
R063592,G004504,1,815.699,1513.655,697.956,73
R063592,G004505,2,2007.336,2399.845,392.508,41
R063601,G004506,1,815.699,1513.655,697.956,73
R063601,G004507,2,2007.336,2399.845,392.508,41
R063604,G004508,1,815.699,1513.655,697.956,73
R063604,G004509,2,2007.336,2399.845,392.508,41
R063618,G004510,1,759.484,1144.657,385.173,40
R063618,G004511,2,1617.812,2309.817,692.004,71
R063621,G004512,1,815.699,1513.655,697.956,73
R063621,G004513,2,2007.336,2399.845,392.508,41
R063623,G004514,1,815.699,1513.655,697.956,73
R063623,G004515,2,2007.336,2399.845,392.508,41
R063642,G004516,1,815.699,1513.655,697.956,73
R063642,G004517,2,2007.336,2399.845,392.508,41
R063645,G004518,1,815.699,1513.655,697.956,73
R063645,G004519,2,2007.336,2399.845,392.508,41
R063702,G004520,1,807.64,1391.208,583.569,60
R063702,G004521,2,1651.184,2041.555,390.371,41
R063716,G004522,1,807.64,1391.208,583.569,60
R063716,G004523,2,1651.184,2041.555,390.371,41
R063737,G004524,1,759.484,1144.657,385.173,40
R063737,G004525,2,1374.103,1961.054,586.952,60
R063744,G004526,1,807.64,1391.208,583.569,60
R063744,G004527,2,1651.184,2041.555,390.371,41
R063793,G004528,1,789.484,1210.657,421.173,44
R063793,G004529,2,1440.103,2027.054,586.952,60
R063847,G004530,1,819.484,1276.657,457.173,47
R063847,G004531,2,1506.103,2093.054,586.952,60
R063886,G004532,1,807.64,1391.208,583.569,60
R063886,G004533,2,1651.184,2041.555,390.371,41
R064212,G004534,1,1139.301,1187.067,47.766,5
R064212,G004535,2,1207.067,1629.387,422.32,44
R064214,G004536,1,1139.301,1187.067,47.766,5
R064214,G004537,2,1207.067,1629.387,422.32,44
R064396,G004538,1,1205.301,1253.067,47.766,5
R064396,G004539,2,1273.067,1695.387,422.32,44
R064398,G004540,1,1205.301,1253.067,47.766,5
R064398,G004541,2,1273.067,1695.387,422.32,44
R064700,G004542,1,1139.301,1187.067,47.766,5
R064700,G004543,2,1207.067,1629.387,422.32,44
R065384,G004544,1,1220.293,1430.293,210.0,21
R065384,G004545,2,1559.823,2195.098,635.275,65
R065385,G004546,1,1220.293,1430.293,210.0,21
R065385,G004547,2,1559.823,2195.098,635.275,65
R065387,G004548,1,1220.293,1430.293,210.0,21
R065387,G004549,2,1559.823,2195.098,635.275,65
R065476,G004550,1,696.212,1199.766,503.554,53
R065490,G004551,1,696.212,1199.766,503.554,53
R065504,G004552,1,726.212,1229.766,503.554,53
R065508,G004553,1,726.212,1229.766,503.554,53
R065516,G004554,1,696.212,1199.766,503.554,53
R065532,G004555,1,726.212,1229.766,503.554,53
R065544,G004556,1,726.212,1229.766,503.554,53
R065572,G004557,1,726.212,1229.766,503.554,53
R065574,G004558,1,726.212,1229.766,503.554,53
R065588,G004559,1,756.212,1259.766,503.554,53
R065598,G004560,1,756.212,1259.766,503.554,53
R065600,G004561,1,756.212,1259.766,503.554,53
R065612,G004562,1,786.212,1289.766,503.554,53
R065619,G004563,1,1511.585,2025.226,513.641,54
R065637,G004564,1,1643.585,2157.226,513.641,54
R065638,G004565,1,1643.585,2157.226,513.641,54
R065639,G004566,1,1643.585,2157.226,513.641,54
R065643,G004567,1,696.212,1199.766,503.554,53
R065659,G004568,1,726.212,1229.766,503.554,53
R065685,G004569,1,756.212,1259.766,503.554,53
R065691,G004570,1,756.212,1259.766,503.554,53
R065705,G004571,1,726.212,1229.766,503.554,53
R065713,G004572,1,756.212,1259.766,503.554,53
R065733,G004573,1,756.212,1259.766,503.554,53
R065741,G004574,1,786.212,1289.766,503.554,53
R065743,G004575,1,786.212,1289.766,503.554,53
R065747,G004576,1,786.212,1289.766,503.554,53
R065760,G004577,1,756.212,1259.766,503.554,53
R065767,G004578,1,786.212,1289.766,503.554,53
R065768,G004579,1,1577.585,2091.226,513.641,54
R065771,G004580,1,786.212,1289.766,503.554,53
R065777,G004581,1,786.212,1289.766,503.554,53
R065781,G004582,1,786.212,1289.766,503.554,53
R065785,G004583,1,1643.585,2157.226,513.641,54
R065786,G004584,1,1643.585,2157.226,513.641,54
R065788,G004585,1,1643.585,2157.226,513.641,54
R065799,G004586,1,1643.585,2157.226,513.641,54
R065800,G004587,1,1643.585,2157.226,513.641,54
R065802,G004588,1,1643.585,2157.226,513.641,54
R065805,G004589,1,1643.585,2157.226,513.641,54
R065806,G004590,1,1643.585,2157.226,513.641,54
R065807,G004591,1,1643.585,2157.226,513.641,54
R065810,G004592,1,1709.585,2223.226,513.641,54
R065811,G004593,1,1709.585,2223.226,513.641,54
R065812,G004594,1,1709.585,2223.226,513.641,54
R065814,G004595,1,1739.585,2289.226,549.641,58
R065815,G004596,1,1436.446,1834.177,397.732,42
R065817,G004597,1,1436.446,1834.177,397.732,42
R065829,G004598,1,1436.446,1834.177,397.732,42
R065831,G004599,1,1436.446,1834.177,397.732,42
R065835,G004600,1,1436.446,1834.177,397.732,42
R065843,G004601,1,1502.446,1900.177,397.732,42
R065845,G004602,1,1502.446,1900.177,397.732,42
R065849,G004603,1,1502.446,1900.177,397.732,42
R065857,G004604,1,1436.446,1834.177,397.732,42
R065859,G004605,1,1436.446,1834.177,397.732,42
R065871,G004606,1,1502.446,1900.177,397.732,42
R065877,G004607,1,1502.446,1900.177,397.732,42
R065885,G004608,1,1502.446,1900.177,397.732,42
R065891,G004609,1,1502.446,1900.177,397.732,42
R065913,G004610,1,1502.446,1900.177,397.732,42
R065915,G004611,1,1502.446,1900.177,397.732,42
R065919,G004612,1,1502.446,1900.177,397.732,42
R065955,G004613,1,1634.446,2032.177,397.732,42
R065957,G004614,1,1634.446,2032.177,397.732,42
R065966,G004615,1,1568.446,1966.177,397.732,42
R065977,G004616,1,1634.446,2032.177,397.732,42
R065991,G004617,1,1700.446,2098.177,397.732,42
R065992,G004618,1,1700.446,2098.177,397.732,42
R065994,G004619,1,1700.446,2098.177,397.732,42
R066101,G004620,1,1634.446,2032.177,397.732,42
R066125,G004621,1,1634.446,2032.177,397.732,42
R066148,G004622,1,1700.446,2098.177,397.732,42
R066149,G004623,1,873.175,1272.404,399.23,42
R066150,G004624,1,1700.446,2098.177,397.732,42
R066152,G004625,1,1700.446,2098.177,397.732,42
R066153,G004626,1,873.175,1272.404,399.23,42
R066159,G004627,1,1634.446,2032.177,397.732,42
R066161,G004628,1,1634.446,2032.177,397.732,42
R066166,G004629,1,1700.446,2098.177,397.732,42
R066167,G004630,1,1700.446,2098.177,397.732,42
R066169,G004631,1,1700.446,2098.177,397.732,42
R066173,G004632,1,1700.446,2098.177,397.732,42
R066174,G004633,1,1700.446,2098.177,397.732,42
R066176,G004634,1,1700.446,2098.177,397.732,42
R066180,G004635,1,1766.446,2164.177,397.732,42
R066181,G004636,1,1766.446,2164.177,397.732,42
R066182,G004637,1,1766.446,2164.177,397.732,42
R066614,G004638,1,738.593,1108.569,369.976,39
R066620,G004639,1,738.593,1108.569,369.976,39
R066628,G004640,1,738.593,1108.569,369.976,39
R066630,G004641,1,738.593,1108.569,369.976,39
R066634,G004642,1,738.593,1108.569,369.976,39
R066648,G004643,1,768.593,1138.569,369.976,39
R066672,G004644,1,768.593,1138.569,369.976,39
R066686,G004645,1,768.593,1138.569,369.976,39
R066714,G004646,1,768.593,1138.569,369.976,39
R066742,G004647,1,798.593,1168.569,369.976,39
R066756,G004648,1,828.593,1198.569,369.976,39
R066764,G004649,1,1542.825,1917.381,374.556,39
R066765,G004650,1,798.593,1168.569,369.976,39
R066767,G004651,1,798.593,1168.569,369.976,39
R066779,G004652,1,828.593,1198.569,369.976,39
R066790,G004653,1,1674.825,2049.381,374.556,39
R066791,G004654,1,1674.825,2049.381,374.556,39
R066793,G004655,1,1674.825,2049.381,374.556,39
R066796,G004656,1,1410.825,1785.381,374.556,39
R066797,G004657,1,738.593,1108.569,369.976,39
R066811,G004658,1,768.593,1138.569,369.976,39
R066827,G004659,1,768.593,1138.569,369.976,39
R066839,G004660,1,798.593,1168.569,369.976,39
R066841,G004661,1,798.593,1168.569,369.976,39
R066887,G004662,1,798.593,1168.569,369.976,39
R066895,G004663,1,828.593,1198.569,369.976,39
R066897,G004664,1,828.593,1198.569,369.976,39
R066915,G004665,1,798.593,1168.569,369.976,39
R066925,G004666,1,828.593,1198.569,369.976,39
R066929,G004667,1,828.593,1198.569,369.976,39
R066937,G004668,1,828.593,1198.569,369.976,39
R066943,G004669,1,828.593,1198.569,369.976,39
R066949,G004670,1,1674.825,2049.381,374.556,39
R066950,G004671,1,858.593,1228.569,369.976,39
R066951,G004672,1,1674.825,2049.381,374.556,39
R066953,G004673,1,1674.825,2049.381,374.556,39
R066954,G004674,1,858.593,1228.569,369.976,39
R066963,G004675,1,828.593,1198.569,369.976,39
R066967,G004676,1,1674.825,2049.381,374.556,39
R066968,G004677,1,1674.825,2049.381,374.556,39
R066970,G004678,1,1674.825,2049.381,374.556,39
R066974,G004679,1,1674.825,2049.381,374.556,39
R066975,G004680,1,1674.825,2049.381,374.556,39
R066977,G004681,1,1674.825,2049.381,374.556,39
R066981,G004682,1,1740.825,2115.381,374.556,39
R066982,G004683,1,1740.825,2115.381,374.556,39
R066983,G004684,1,1740.825,2115.381,374.556,39
R066989,G004685,1,815.699,1445.165,629.466,66
R066993,G004686,1,815.699,1445.165,629.466,66
R067003,G004687,1,815.699,1445.165,629.466,66
R067007,G004688,1,815.699,1445.165,629.466,66
R067031,G004689,1,815.699,1445.165,629.466,66
R067045,G004690,1,845.699,1475.165,629.466,66
R067059,G004691,1,845.699,1475.165,629.466,66
R067108,G004692,1,1703.821,2336.22,632.398,65
R067109,G004693,1,1703.821,2336.22,632.398,65
R067118,G004694,1,1703.821,2336.22,632.398,65
R067123,G004695,1,1703.821,2336.22,632.398,65
R067126,G004696,1,1769.821,2402.22,632.398,65
R067127,G004697,1,1769.821,2402.22,632.398,65
R067136,G004698,1,815.699,1445.165,629.466,66
R067144,G004699,1,845.699,1475.165,629.466,66
R067158,G004700,1,845.699,1475.165,629.466,66
R067164,G004701,1,845.699,1475.165,629.466,66
R067172,G004702,1,875.699,1505.165,629.466,66
R067174,G004703,1,875.699,1505.165,629.466,66
R067200,G004704,1,875.699,1505.165,629.466,66
R067202,G004705,1,875.699,1505.165,629.466,66
R067206,G004706,1,875.699,1505.165,629.466,66
R067214,G004707,1,875.699,1505.165,629.466,66
R067216,G004708,1,875.699,1505.165,629.466,66
R067219,G004709,1,875.699,1505.165,629.466,66
R067225,G004710,1,1703.821,2336.22,632.398,65
R067226,G004711,1,905.699,1535.165,629.466,66
R067227,G004712,1,1703.821,2336.22,632.398,65
R067230,G004713,1,905.699,1535.165,629.466,66
R067235,G004714,1,875.699,1505.165,629.466,66
R067239,G004715,1,875.699,1505.165,629.466,66
R067255,G004716,1,1769.821,2402.22,632.398,65
R067256,G004717,1,1769.821,2402.22,632.398,65
R067257,G004718,1,1769.821,2402.22,632.398,65
R067260,G004719,1,1703.821,2336.22,632.398,65
R067261,G004720,1,1703.821,2336.22,632.398,65
R067262,G004721,1,1703.821,2336.22,632.398,65
R067265,G004722,1,1769.821,2402.22,632.398,65
R067266,G004723,1,1769.821,2402.22,632.398,65
R067267,G004724,1,1769.821,2402.22,632.398,65
R067269,G004725,1,1769.821,2402.22,632.398,65
R067270,G004726,1,1769.821,2402.22,632.398,65
R067271,G004727,1,1769.821,2402.22,632.398,65
R067273,G004728,1,1835.821,2468.22,632.398,65
R067274,G004729,1,1835.821,2468.22,632.398,65
R067278,G004730,1,807.64,1404.267,596.627,62
R067292,G004731,1,807.64,1404.267,596.627,62
R067788,G004732,1,813.709,1269.701,455.991,48
R067788,G004733,2,1342.996,1612.996,270.0,27
R067788,G004734,3,1758.43,2388.153,629.723,65
R067926,G004735,1,696.212,1190.686,494.474,52
R067926,G004736,2,1530.686,1992.226,461.54,48
R067930,G004737,1,696.212,1190.686,494.474,52
R067930,G004738,2,1530.686,1992.226,461.54,48
R067940,G004739,1,696.212,1190.686,494.474,52
R067940,G004740,2,1530.686,1992.226,461.54,48
R067944,G004741,1,696.212,1190.686,494.474,52
R067944,G004742,2,1530.686,1992.226,461.54,48
R067965,G004743,1,783.709,1251.649,467.94,49
R067965,G004744,2,1591.649,2102.342,510.693,53
R067967,G004745,1,783.709,1251.649,467.94,49
R067967,G004746,2,1591.649,2102.342,510.693,53
R067971,G004747,1,783.709,1251.649,467.94,49
R067971,G004748,2,1591.649,2102.342,510.693,53
R068020,G004749,1,813.709,1317.649,503.94,53
R068020,G004750,2,1657.649,2168.342,510.693,53
R068199,G004751,1,753.175,1163.895,410.72,43
R068199,G004752,2,1623.895,2031.96,408.065,43
R068213,G004753,1,753.175,1163.895,410.72,43
R068213,G004754,2,1623.895,2031.96,408.065,43
R068281,G004755,1,813.709,1265.08,451.371,48
R068281,G004756,2,1735.08,2139.82,404.74,43
R068417,G004757,1,1103.336,1518.7,415.364,43
R068419,G004758,1,1169.336,1584.7,415.364,43
R068421,G004759,1,1103.336,1518.7,415.364,43
R068423,G004760,1,1169.336,1584.7,415.364,43
R068425,G004761,1,1169.336,1584.7,415.364,43
R068431,G004762,1,1103.336,1518.7,415.364,43
R068433,G004763,1,1169.336,1584.7,415.364,43
R068435,G004764,1,1103.336,1518.7,415.364,43
R068437,G004765,1,1169.336,1584.7,415.364,43
R068439,G004766,1,1169.336,1584.7,415.364,43
R068445,G004767,1,1133.336,1584.7,451.364,47
R068447,G004768,1,1199.336,1650.7,451.364,47
R068449,G004769,1,1133.336,1584.7,451.364,47
R068453,G004770,1,1199.336,1650.7,451.364,47
R068512,G004771,1,813.709,1275.971,462.262,49
R068568,G004772,1,783.709,1209.971,426.262,45
R068570,G004773,1,783.709,1209.971,426.262,45
R068574,G004774,1,783.709,1209.971,426.262,45
R068739,G004775,1,738.593,1093.916,355.323,38
R068739,G004776,2,1553.916,1963.449,409.533,43
R068753,G004777,1,738.593,1093.916,355.323,38
R068753,G004778,2,1553.916,1963.449,409.533,43
R068778,G004779,1,783.709,1197.316,413.607,44
R068778,G004780,2,1667.316,2028.853,361.537,38
R068993,G004781,1,815.699,1444.842,629.143,66
R068993,G004782,2,1989.677,2417.244,427.567,44
R069009,G004783,1,807.64,1762.087,954.448,99
R069023,G004784,1,807.64,1762.087,954.448,99
R069294,G004785,1,903.709,1997.155,1093.446,114
R069298,G004786,1,933.709,2063.155,1129.446,117
R069309,G004787,1,927.64,2026.087,1098.448,114
R069310,G004788,1,903.709,1997.155,1093.446,114
R069311,G004789,1,927.64,2026.087,1098.448,114
R069312,G004790,1,933.709,2063.155,1129.446,117
R069313,G004791,1,957.64,2092.087,1134.448,117
R069314,G004792,1,903.709,1997.155,1093.446,113
R069315,G004793,1,927.64,2026.087,1098.448,113
R069326,G004794,1,963.709,2129.155,1165.446,120
R069344,G004795,1,696.212,2009.0,1312.788,136
R069363,G004796,1,748.084,2087.959,1339.876,138
R069365,G004797,1,748.084,2087.959,1339.876,138
R069368,G004798,1,748.084,2087.959,1339.876,138
R069453,G004799,1,1172.832,1877.192,704.36,73
R069454,G004800,1,748.084,1472.526,724.442,75
R069455,G004801,1,1172.832,1877.192,704.36,73
R069457,G004802,1,1238.832,1943.192,704.36,73
R069458,G004803,1,748.084,1472.526,724.442,75
R069459,G004804,1,1172.832,1877.192,704.36,73
R069461,G004805,1,1238.832,1943.192,704.36,73
R069463,G004806,1,1238.832,1943.192,704.36,73
R069465,G004807,1,1304.832,2009.192,704.36,73
R069467,G004808,1,1172.832,1877.192,704.36,73
R069469,G004809,1,1172.832,1877.192,704.36,73
R069471,G004810,1,1238.832,1943.192,704.36,73
R069472,G004811,1,748.084,1472.526,724.442,75
R069473,G004812,1,1172.832,1877.192,704.36,73
R069475,G004813,1,1238.832,1943.192,704.36,73
R069477,G004814,1,1238.832,1943.192,704.36,73
R069479,G004815,1,1304.832,2009.192,704.36,73
R069483,G004816,1,1202.832,1943.192,740.36,77
R069487,G004817,1,1202.832,1943.192,740.36,77
R069489,G004818,1,1268.832,2009.192,740.36,77
R069491,G004819,1,1268.832,2009.192,740.36,77
R069494,G004820,1,748.084,1472.526,724.442,75
R069495,G004821,1,1172.832,1877.192,704.36,73
R069496,G004822,1,748.084,1472.526,724.442,75
R069497,G004823,1,1172.832,1877.192,704.36,73
R069499,G004824,1,1238.832,1943.192,704.36,73
R069500,G004825,1,748.084,1472.526,724.442,75
R069501,G004826,1,1172.832,1877.192,704.36,73
R069503,G004827,1,1238.832,1943.192,704.36,73
R069505,G004828,1,1238.832,1943.192,704.36,73
R069506,G004829,1,808.084,1532.526,724.442,75
R069507,G004830,1,1304.832,2009.192,704.36,73
R069551,G004831,1,1202.832,1943.192,740.36,77
R069552,G004832,1,778.084,1538.526,760.442,79
R069553,G004833,1,1202.832,1943.192,740.36,77
R069555,G004834,1,1268.832,2009.192,740.36,77
R069556,G004835,1,778.084,1538.526,760.442,79
R069557,G004836,1,1202.832,1943.192,740.36,77
R069559,G004837,1,1268.832,2009.192,740.36,77
R069561,G004838,1,1268.832,2009.192,740.36,77
R069562,G004839,1,838.084,1598.526,760.442,79
R069563,G004840,1,1334.832,2075.192,740.36,77
R069575,G004841,1,1364.832,2141.192,776.36,80
R069587,G004842,1,1364.832,2141.192,776.36,80
R069598,G004843,1,748.084,1472.526,724.442,75
R069599,G004844,1,1172.832,1877.192,704.36,73
R069600,G004845,1,748.084,1472.526,724.442,75
R069601,G004846,1,1172.832,1877.192,704.36,73
R069603,G004847,1,1238.832,1943.192,704.36,73
R069604,G004848,1,748.084,1472.526,724.442,75
R069605,G004849,1,1172.832,1877.192,704.36,73
R069607,G004850,1,1238.832,1943.192,704.36,73
R069609,G004851,1,1238.832,1943.192,704.36,73
R069611,G004852,1,1304.832,2009.192,704.36,73
R069619,G004853,1,1202.832,1943.192,740.36,77
R069633,G004854,1,1202.832,1943.192,740.36,77
R069661,G004855,1,1202.832,1943.192,740.36,77
R069716,G004856,1,1232.832,2009.192,776.36,80
R069721,G004857,1,1364.832,2141.192,776.36,80
R069733,G004858,1,1394.832,2207.192,812.36,84
R069734,G004859,1,838.084,1670.526,832.442,86
R069829,G004860,1,778.084,1451.719,673.635,70
R069829,G004861,2,1587.54,2283.005,695.466,71
R069835,G004862,1,748.084,1385.719,637.635,66
R069835,G004863,2,1521.54,2217.005,695.466,71
R069929,G004864,1,753.175,1212.298,459.123,48
R069929,G004865,2,1272.298,1292.298,20.0,2
R069929,G004866,3,1382.298,1905.163,522.865,54
R069936,G004867,1,696.212,1206.52,510.309,54
R069936,G004868,2,1286.52,1316.52,30.0,3
R069936,G004869,3,1376.52,1836.909,460.388,48
R069964,G004870,1,696.212,1206.52,510.309,54
R069964,G004871,2,1286.52,1316.52,30.0,3
R069964,G004872,3,1376.52,1836.909,460.388,48
R070023,G004873,1,1063.933,1606.519,542.587,56
R070025,G004874,1,1129.933,1672.519,542.587,56
R070027,G004875,1,1063.933,1606.519,542.587,56
R070029,G004876,1,1129.933,1672.519,542.587,56
R070031,G004877,1,1129.933,1672.519,542.587,56
R070033,G004878,1,1195.933,1738.519,542.587,56
R070062,G004879,1,696.212,1239.605,543.393,57
R070132,G004880,1,696.212,1855.523,1159.312,121
R070135,G004881,1,744.24,1907.277,1163.037,120
R070160,G004882,1,696.212,1855.523,1159.312,121
R070210,G004883,1,786.212,2053.523,1267.312,132
R070211,G004884,1,834.24,2105.277,1271.037,131
R070212,G004885,1,786.212,2053.523,1267.312,132
R070213,G004886,1,834.24,2105.277,1271.037,131
R070214,G004887,1,816.212,2119.523,1303.312,135
R070215,G004888,1,864.24,2171.277,1307.037,134
R070230,G004889,1,696.212,1642.127,945.916,99
R070258,G004890,1,696.212,1642.127,945.916,99
R070313,G004891,1,858.593,1950.839,1092.246,113
R070328,G004892,1,696.212,1214.447,518.235,54
R070328,G004893,2,1414.447,2119.908,705.461,73
R070356,G004894,1,696.212,1214.447,518.235,54
R070356,G004895,2,1414.447,2119.908,705.461,73
R070423,G004896,1,696.212,1206.268,510.057,54
R070423,G004897,2,1496.268,2068.617,572.348,59
R070447,G004898,1,696.212,1206.268,510.057,54
R070447,G004899,2,1496.268,2068.617,572.348,59
R070499,G004900,1,1292.483,1705.876,413.393,44
R070501,G004901,1,1358.483,1771.876,413.393,44
R070503,G004902,1,1292.483,1705.876,413.393,44
R070505,G004903,1,1358.483,1771.876,413.393,44
R070507,G004904,1,1358.483,1771.876,413.393,44
R070509,G004905,1,1424.483,1837.876,413.393,44
R070512,G004906,1,753.175,1163.932,410.758,43
R070600,G004907,1,753.175,1978.907,1225.733,126
R070635,G004908,1,834.24,2160.407,1326.166,137
R070636,G004909,1,753.175,1978.907,1225.733,126
R070638,G004910,1,753.175,1978.907,1225.733,126
R070639,G004911,1,744.24,1962.407,1218.166,126
R070694,G004912,1,753.175,1594.145,840.97,88
R070695,G004913,1,738.593,1570.602,832.009,88
R070698,G004914,1,753.175,1594.145,840.97,88
R070699,G004915,1,738.593,1570.602,832.009,88
R070706,G004916,1,753.175,1594.145,840.97,88
R070707,G004917,1,738.593,1570.602,832.009,88
R070712,G004918,1,753.175,1594.145,840.97,88
R070713,G004919,1,738.593,1570.602,832.009,88
R070734,G004920,1,753.175,1594.145,840.97,88
R070735,G004921,1,738.593,1570.602,832.009,88
R070736,G004922,1,753.175,1594.145,840.97,88
R070737,G004923,1,738.593,1570.602,832.009,88
R070740,G004924,1,753.175,1594.145,840.97,88
R070741,G004925,1,738.593,1570.602,832.009,88
R070754,G004926,1,783.175,1660.145,876.97,92
R070755,G004927,1,768.593,1636.602,868.009,92
R070768,G004928,1,783.175,1660.145,876.97,92
R070790,G004929,1,753.175,1757.026,1003.851,104
R070791,G004930,1,815.699,1837.346,1021.647,107
R070796,G004931,1,753.175,1757.026,1003.851,104
R070804,G004932,1,753.175,1757.026,1003.851,104
R070805,G004933,1,815.699,1837.346,1021.647,107
R070806,G004934,1,753.175,1757.026,1003.851,104
R070807,G004935,1,815.699,1837.346,1021.647,107
R070810,G004936,1,753.175,1757.026,1003.851,104
R070811,G004937,1,815.699,1837.346,1021.647,107
R070832,G004938,1,753.175,1757.026,1003.851,104
R070833,G004939,1,815.699,1837.346,1021.647,107
R070834,G004940,1,753.175,1757.026,1003.851,104
R070835,G004941,1,815.699,1837.346,1021.647,107
R070838,G004942,1,753.175,1757.026,1003.851,104
R070839,G004943,1,815.699,1837.346,1021.647,107
R070840,G004944,1,783.175,1823.026,1039.851,108
R070841,G004945,1,845.699,1903.346,1057.647,111
R070842,G004946,1,783.175,1823.026,1039.851,108
R070843,G004947,1,845.699,1903.346,1057.647,111
R070852,G004948,1,783.175,1823.026,1039.851,108
R070905,G004949,1,1145.846,1195.846,50.0,5
R070905,G004950,2,1215.846,1225.846,10.0,1
R070905,G004951,3,1265.846,1995.398,729.552,75
R070912,G004952,1,744.24,1466.48,722.24,74
R070912,G004953,2,1506.48,1526.48,20.0,2
R070912,G004954,3,1536.48,1586.48,50.0,5
R070919,G004955,1,1211.846,1261.846,50.0,5
R070919,G004956,2,1281.846,1291.846,10.0,1
R070919,G004957,3,1331.846,2061.398,729.552,75
R070933,G004958,1,1145.846,1195.846,50.0,5
R070933,G004959,2,1215.846,1225.846,10.0,1
R070933,G004960,3,1265.846,1995.398,729.552,75
R070936,G004961,1,744.24,1466.48,722.24,74
R070936,G004962,2,1506.48,1526.48,20.0,2
R070936,G004963,3,1536.48,1586.48,50.0,5
R070940,G004964,1,744.24,1466.48,722.24,74
R070940,G004965,2,1506.48,1526.48,20.0,2
R070940,G004966,3,1536.48,1586.48,50.0,5
R070947,G004967,1,1211.846,1261.846,50.0,5
R070947,G004968,2,1281.846,1291.846,10.0,1
R070947,G004969,3,1331.846,2061.398,729.552,75
R070961,G004970,1,1211.846,1261.846,50.0,5
R070961,G004971,2,1281.846,1291.846,10.0,1
R070961,G004972,3,1331.846,2061.398,729.552,75
R070975,G004973,1,1277.846,1327.846,50.0,5
R070975,G004974,2,1347.846,1357.846,10.0,1
R070975,G004975,3,1397.846,2127.398,729.552,75
R071001,G004976,1,1219.01,1605.645,386.635,40
R071015,G004977,1,1285.01,1671.645,386.635,40
R071029,G004978,1,1219.01,1605.645,386.635,40
R071043,G004979,1,1285.01,1671.645,386.635,40
R071057,G004980,1,1285.01,1671.645,386.635,40
R071071,G004981,1,1351.01,1737.645,386.635,40
R071099,G004982,1,1405.092,2056.129,651.037,67
R071113,G004983,1,1471.092,2122.129,651.037,67
R071127,G004984,1,1405.092,2056.129,651.037,67
R071141,G004985,1,1471.092,2122.129,651.037,67
R071155,G004986,1,1471.092,2122.129,651.037,67
R071169,G004987,1,1537.092,2188.129,651.037,67
R071183,G004988,1,1113.158,1705.977,592.82,61
R071184,G004989,1,807.64,1399.255,591.616,61
R071185,G004990,1,1113.158,1705.977,592.82,61
R071189,G004991,1,1113.158,1705.977,592.82,61
R071190,G004992,1,807.64,1399.255,591.616,61
R071197,G004993,1,1113.158,1705.977,592.82,61
R071199,G004994,1,1113.158,1705.977,592.82,61
R071200,G004995,1,807.64,1399.255,591.616,61
R071203,G004996,1,1113.158,1705.977,592.82,61
R071204,G004997,1,807.64,1399.255,591.616,61
R071211,G004998,1,1179.158,1771.977,592.82,61
R071225,G004999,1,1113.158,1705.977,592.82,61
R071226,G005000,1,807.64,1399.255,591.616,61
R071227,G005001,1,1113.158,1705.977,592.82,61
R071228,G005002,1,807.64,1399.255,591.616,61
R071231,G005003,1,1113.158,1705.977,592.82,61
R071232,G005004,1,807.64,1399.255,591.616,61
R071233,G005005,1,1143.158,1771.977,628.82,65
R071235,G005006,1,1143.158,1771.977,628.82,65
R071239,G005007,1,1179.158,1771.977,592.82,61
R071245,G005008,1,1179.158,1771.977,592.82,61
R071253,G005009,1,1179.158,1771.977,592.82,61
R071267,G005010,1,1245.158,1837.977,592.82,61
R071281,G005011,1,744.24,1851.246,1107.006,115
R071284,G005012,1,738.593,1844.204,1105.611,115
R071287,G005013,1,744.24,1851.246,1107.006,115
R071288,G005014,1,738.593,1844.204,1105.611,115
R071295,G005015,1,744.24,1851.246,1107.006,115
R071296,G005016,1,738.593,1844.204,1105.611,115
R071297,G005017,1,744.24,1851.246,1107.006,115
R071298,G005018,1,738.593,1844.204,1105.611,115
R071301,G005019,1,744.24,1851.246,1107.006,115
R071302,G005020,1,738.593,1844.204,1105.611,115
R071323,G005021,1,744.24,1851.246,1107.006,115
R071324,G005022,1,738.593,1844.204,1105.611,115
R071329,G005023,1,744.24,1851.246,1107.006,115
R071330,G005024,1,738.593,1844.204,1105.611,115
R071344,G005025,1,768.593,1910.204,1141.611,119
R071392,G005026,1,744.24,1410.775,666.534,69
R071392,G005027,2,1460.775,2218.382,757.607,78
R071412,G005028,1,744.24,1410.775,666.534,69
R071412,G005029,2,1460.775,2218.382,757.607,78
R071457,G005030,1,815.699,1515.804,700.105,73
R071457,G005031,2,1544.956,1920.729,375.773,39
R071555,G005032,1,807.64,1365.671,558.032,58
R071555,G005033,2,1841.55,2220.578,379.028,39
R071561,G005034,1,738.593,1101.58,362.988,38
R071561,G005035,2,1572.809,2126.243,553.434,57
R071563,G005036,1,738.593,1101.58,362.988,38
R071563,G005037,2,1572.809,2126.243,553.434,57
R071568,G005038,1,738.593,1101.58,362.988,38
R071568,G005039,2,1572.809,2126.243,553.434,57
R071570,G005040,1,738.593,1101.58,362.988,38
R071570,G005041,2,1572.809,2126.243,553.434,57
R071573,G005042,1,738.593,1101.58,362.988,38
R071573,G005043,2,1572.809,2126.243,553.434,57
