flight_id,uav_id,time,phase,x,y,z,distance_3d_m,terrain_blocked,terrain_intrusion_m,fspl_db,terrain_loss_db,path_loss_db,uplink_limit_db,downlink_limit_db,bidirectional_limit_db,link_margin_db,direct
1,U01,0.0,setup,109.2308517,23.0085095,127.7,19.999999999999986,0,0.0,66.07482474751174,0.0,66.07482474751174,122.0,129.0,122.0,55.92517525248826,1
1,U01,10.0,setup,109.2308517,23.0085095,127.7,19.999999999999986,0,0.0,66.07482474751174,0.0,66.07482474751174,122.0,129.0,122.0,55.92517525248826,1
1,U01,20.0,setup,109.2308517,23.0085095,127.7,19.999999999999986,0,0.0,66.07482474751174,0.0,66.07482474751174,122.0,129.0,122.0,55.92517525248826,1
1,U01,30.0,setup,109.2308517,23.0085095,127.7,19.999999999999986,0,0.0,66.07482474751174,0.0,66.07482474751174,122.0,129.0,122.0,55.92517525248826,1
1,U01,40.0,setup,109.2308517,23.0085095,127.7,19.999999999999986,0,0.0,66.07482474751174,0.0,66.07482474751174,122.0,129.0,122.0,55.92517525248826,1
1,U01,50.0,setup,109.2308517,23.0085095,127.7,19.999999999999986,0,0.0,66.07482474751174,0.0,66.07482474751174,122.0,129.0,122.0,55.92517525248826,1
1,U01,60.0,setup,109.2308517,23.0085095,127.7,19.999999999999986,0,0.0,66.07482474751174,0.0,66.07482474751174,122.0,129.0,122.0,55.92517525248826,1
1,U01,70.0,setup,109.2308517,23.0085095,127.7,19.999999999999986,0,0.0,66.07482474751174,0.0,66.07482474751174,122.0,129.0,122.0,55.92517525248826,1
1,U01,80.0,setup,109.2308517,23.0085095,127.7,19.999999999999986,0,0.0,66.07482474751174,0.0,66.07482474751174,122.0,129.0,122.0,55.92517525248826,1
1,U01,90.0,setup,109.2308517,23.0085095,127.7,19.999999999999986,0,0.0,66.07482474751174,0.0,66.07482474751174,122.0,129.0,122.0,55.92517525248826,1
1,U01,100.0,setup,109.2308517,23.0085095,127.7,19.999999999999986,0,0.0,66.07482474751174,0.0,66.07482474751174,122.0,129.0,122.0,55.92517525248826,1
1,U01,110.0,setup,109.2308517,23.0085095,127.7,19.999999999999986,0,0.0,66.07482474751174,0.0,66.07482474751174,122.0,129.0,122.0,55.92517525248826,1
1,U01,120.0,setup,109.2308517,23.0085095,127.7,19.999999999999986,0,0.0,66.07482474751174,0.0,66.07482474751174,122.0,129.0,122.0,55.92517525248826,1
1,U01,130.0,setup,109.2308517,23.0085095,127.7,19.999999999999986,0,0.0,66.07482474751174,0.0,66.07482474751174,122.0,129.0,122.0,55.92517525248826,1
1,U01,140.0,setup,109.2308517,23.0085095,127.7,19.999999999999986,0,0.0,66.07482474751174,0.0,66.07482474751174,122.0,129.0,122.0,55.92517525248826,1
1,U01,150.0,setup,109.2308517,23.0085095,127.7,19.999999999999986,0,0.0,66.07482474751174,0.0,66.07482474751174,122.0,129.0,122.0,55.92517525248826,1
1,U01,160.0,setup,109.2308517,23.0085095,127.7,19.999999999999986,0,0.0,66.07482474751174,0.0,66.07482474751174,122.0,129.0,122.0,55.92517525248826,1
1,U01,170.0,setup,109.2308517,23.0085095,127.7,19.999999999999986,0,0.0,66.07482474751174,0.0,66.07482474751174,122.0,129.0,122.0,55.92517525248826,1
1,U01,180.0,setup,109.2308517,23.0085095,127.7,19.999999999999986,0,0.0,66.07482474751174,0.0,66.07482474751174,122.0,129.0,122.0,55.92517525248826,1
1,U01,190.0,setup,109.2308517,23.0085095,127.7,19.999999999999986,0,0.0,66.07482474751174,0.0,66.07482474751174,122.0,129.0,122.0,55.92517525248826,1
1,U01,200.0,setup,109.2308517,23.0085095,127.7,19.999999999999986,0,0.0,66.07482474751174,0.0,66.07482474751174,122.0,129.0,122.0,55.92517525248826,1
1,U01,210.0,setup,109.2308517,23.0085095,127.7,19.999999999999986,0,0.0,66.07482474751174,0.0,66.07482474751174,122.0,129.0,122.0,55.92517525248826,1
1,U01,220.0,setup,109.2308517,23.0085095,127.7,19.999999999999986,0,0.0,66.07482474751174,0.0,66.07482474751174,122.0,129.0,122.0,55.92517525248826,1
1,U01,230.0,setup,109.2308517,23.0085095,127.7,19.999999999999986,0,0.0,66.07482474751174,0.0,66.07482474751174,122.0,129.0,122.0,55.92517525248826,1
1,U01,240.0,setup,109.2308517,23.0085095,127.7,19.999999999999986,0,0.0,66.07482474751174,0.0,66.07482474751174,122.0,129.0,122.0,55.92517525248826,1
1,U01,250.0,setup,109.2308517,23.0085095,127.7,19.999999999999986,0,0.0,66.07482474751174,0.0,66.07482474751174,122.0,129.0,122.0,55.92517525248826,1
1,U01,260.0,setup,109.2308517,23.0085095,127.7,19.999999999999986,0,0.0,66.07482474751174,0.0,66.07482474751174,122.0,129.0,122.0,55.92517525248826,1
1,U01,270.0,setup,109.2308517,23.0085095,127.7,19.999999999999986,0,0.0,66.07482474751174,0.0,66.07482474751174,122.0,129.0,122.0,55.92517525248826,1
1,U01,280.0,setup,109.2308517,23.0085095,127.7,19.999999999999986,0,0.0,66.07482474751174,0.0,66.07482474751174,122.0,129.0,122.0,55.92517525248826,1
1,U01,290.0,setup,109.2308517,23.0085095,127.7,19.999999999999986,0,0.0,66.07482474751174,0.0,66.07482474751174,122.0,129.0,122.0,55.92517525248826,1
1,U01,300.0,setup,109.2308517,23.0085095,127.7,19.999999999999986,0,0.0,66.07482474751174,0.0,66.07482474751174,122.0,129.0,122.0,55.92517525248826,1
1,U01,310.0,setup,109.2308517,23.0085095,127.7,19.999999999999986,0,0.0,66.07482474751174,0.0,66.07482474751174,122.0,129.0,122.0,55.92517525248826,1
1,U01,320.0,setup,109.2308517,23.0085095,127.7,19.999999999999986,0,0.0,66.07482474751174,0.0,66.07482474751174,122.0,129.0,122.0,55.92517525248826,1
1,U01,330.0,climb,109.2308517,23.0085095,127.7,19.999999999999986,0,0.0,66.07482474751174,0.0,66.07482474751174,122.0,129.0,122.0,55.92517525248826,1
1,U01,340.0,climb,109.2308517,23.0085095,157.7,10.0,0,0.0,60.054224834232116,0.0,60.054224834232116,122.0,129.0,122.0,61.945775165767884,1
1,U01,350.0,climb,109.2308517,23.0085095,187.7,40.0,0,0.0,72.09542466079137,0.0,72.09542466079137,122.0,129.0,122.0,49.904575339208634,1
1,U01,360.0,climb,109.2308517,23.0085095,217.70000000000002,70.00000000000003,0,0.0,76.95618563451725,0.0,76.95618563451725,122.0,129.0,122.0,45.043814365482746,1
1,U01,370.0,climb,109.2308517,23.0085095,247.7,100.0,0,0.0,80.05422483423212,0.0,80.05422483423212,122.0,129.0,122.0,41.945775165767884,1
1,U01,380.0,climb,109.2308517,23.0085095,277.7,130.0,0,0.0,82.33309188036885,0.0,82.33309188036885,122.0,129.0,122.0,39.666908119631145,1
1,U01,381.3276306152344,cruise,109.2308517,23.0085095,281.6828918457031,133.98289184570314,0,0.0,82.59521177893872,0.0,82.59521177893872,122.0,129.0,122.0,39.40478822106128,1
1,U01,391.3276306152344,cruise,109.2313366580725,23.009492060889468,281.6828918457031,179.86621563541206,0,-31.782239447699652,85.15321677918787,0.0,85.15321677918787,122.0,129.0,122.0,36.84678322081213,1
1,U01,401.3276306152344,cruise,109.23182161614497,23.010474621778936,281.6828918457031,274.8692496793007,0,-24.776598044002753,88.83674797292903,0.0,88.83674797292903,122.0,129.0,122.0,33.16325202707097,1
1,U01,411.3276306152344,cruise,109.23230657421746,23.011457182668405,281.6828918457031,384.1289553398328,0,-22.25456713867186,91.74376573777239,0.0,91.74376573777239,122.0,129.0,122.0,30.256234262227608,1
1,U01,421.3276306152344,cruise,109.23279153228995,23.012439743557874,281.6828918457031,498.35489121735185,0,-20.955339096531702,94.00499933622777,0.0,94.00499933622777,122.0,129.0,122.0,27.99500066377223,1
1,U01,431.3276306152344,cruise,109.23327649036244,23.013422304447342,281.6828918457031,614.7850246739863,0,-20.16312687571454,95.82869043691956,0.0,95.82869043691956,122.0,129.0,122.0,26.17130956308044,1
1,U01,441.3276306152344,cruise,109.23376144843492,23.01440486533681,281.6828918457031,732.3687824772146,0,-19.62959619638869,97.34882131507135,0.0,97.34882131507135,122.0,129.0,122.0,24.651178684928652,1
1,U01,451.3276306152344,cruise,109.23424640650741,23.01538742622628,281.6828918457031,850.6278333534983,0,-19.245828514768363,98.6490166170302,0.0,98.6490166170302,122.0,129.0,122.0,23.3509833829698,1
1,U01,461.3276306152344,cruise,109.2347313645799,23.01636998711575,281.6828918457031,969.3149905293316,0,-18.9565267240084,99.78352341795437,0.0,99.78352341795437,122.0,129.0,122.0,22.21647658204563,1
1,U01,471.3276306152344,cruise,109.23521632265238,23.017352548005217,281.6828918457031,1088.2901478118415,0,-18.730633544921858,100.78911878549167,0.0,100.78911878549167,122.0,129.0,122.0,21.210881214508333,1
1,U01,481.3276306152344,cruise,109.23570128072487,23.018335108894686,281.6828918457031,1207.4681312819096,0,-18.284375678168402,101.69173837895892,0.0,101.69173837895892,122.0,129.0,122.0,20.308261621041083,1
1,U01,491.3276306152344,cruise,109.23618623879736,23.019317669784154,281.6828918457031,1326.7942454933132,0,-16.94621945499034,102.51029641924976,0.0,102.51029641924976,122.0,129.0,122.0,19.489703580750245,1
1,U01,501.3276306152344,cruise,109.23667119686984,23.020300230673623,281.6828918457031,1446.2317876309091,0,-12.78093525994683,103.25898289287576,0.0,103.25898289287576,122.0,129.0,122.0,18.741017107124236,1
1,U01,511.3276306152344,cruise,109.23715615494233,23.02128279156309,281.6828918457031,1565.7552239708323,0,-7.413726632254452,103.94870222126691,0.0,103.94870222126691,122.0,129.0,122.0,18.051297778733087,1
1,U01,521.3276306152344,cruise,109.23764111301482,23.02226535245256,281.6828918457031,1685.3462480059486,0,-2.8064767483061246,104.58800760485347,0.0,104.58800760485347,122.0,129.0,122.0,17.411992395146527,1
1,U01,531.3276306152344,cruise,109.23812607108731,23.02324791334203,281.6828918457031,1804.9913957293961,1,1.1915500104919943,105.18372755412216,10.0,115.18372755412216,122.0,129.0,122.0,6.816272445877843,1
1,U01,541.3276306152344,cruise,109.23861102915978,23.024230474231498,281.6828918457031,1924.6805456043328,1,0.1798261302386095,105.7413979652079,10.0,115.7413979652079,122.0,129.0,122.0,6.258602034792105,1
1,U01,551.3276306152344,cruise,109.23909598723228,23.025213035120967,281.6828918457031,2044.4059430182035,1,3.15166416585879,106.26556752951711,10.0,116.26556752951711,122.0,129.0,122.0,5.734432470482886,1
1,U01,561.3276306152344,cruise,109.23958094530477,23.026195596010435,281.6828918457031,2164.1615472450835,1,5.795575245824352,106.76001835902694,10.0,116.76001835902694,122.0,129.0,122.0,5.239981640973056,1
1,U01,571.3276306152344,cruise,109.24006590337724,23.027178156899904,281.6828918457031,2283.942583134297,1,8.162998892590906,107.22792847070504,10.0,117.22792847070504,122.0,129.0,122.0,4.772071529294962,1
1,U01,581.3276306152344,cruise,109.24055086144973,23.028160717789373,281.6828918457031,2403.745226421181,1,10.295150624150835,107.67199352993977,10.0,117.67199352993977,122.0,129.0,122.0,4.328006470060231,1
1,U01,591.3276306152344,cruise,109.24103581952222,23.02914327867884,281.6828918457031,2523.5663784169074,1,12.225441836746484,108.09451948720174,10.0,118.09451948720174,122.0,129.0,122.0,3.9054805127982632,1
1,U01,601.3276306152344,cruise,109.2415207775947,23.03012583956831,281.6828918457031,2643.403501829903,1,16.502057315804848,108.49749405405778,10.0,118.49749405405778,122.0,129.0,122.0,3.502505945942218,1
1,U01,611.3276306152344,cruise,109.24200573566719,23.03110840045778,281.6828918457031,2763.2544992108224,1,18.3024076719542,108.8826425507519,10.0,118.8826425507519,122.0,129.0,122.0,3.1173574492481038,1
1,U01,621.3276306152344,cruise,109.24249069373968,23.03209096134725,281.6828918457031,2883.1176216493313,1,19.953506185106676,109.25147204475205,10.0,119.25147204475205,122.0,129.0,122.0,2.748527955247951,1
1,U01,631.3276306152344,cruise,109.24297565181217,23.03307352223672,281.6828918457031,3002.991399299759,1,21.473173970844016,109.60530660147512,10.0,119.60530660147512,122.0,129.0,122.0,2.394693398524879,1
1,U01,636.6115551928008,descend,109.2432319,23.0335927,281.6828918457031,3066.335670565073,1,22.188529782178932,109.7866187375844,10.0,119.7866187375844,122.0,129.0,122.0,2.213381262415595,1
1,U01,646.6115551928008,descend,109.2432319,23.0335927,256.6828918457031,3065.345053984538,1,28.895846855349646,109.78381220320874,10.0,119.78381220320874,122.0,129.0,122.0,2.21618779679126,1
1,U01,656.6115551928008,descend,109.2432319,23.0335927,231.68289184570312,3064.5580685304667,1,35.60316392852039,109.78158193343064,10.0,119.78158193343064,122.0,129.0,122.0,2.218418066569356,1
1,U01,666.6115551928008,descend,109.2432319,23.0335927,206.68289184570312,3063.974871111527,1,42.31048100169113,109.77992881726621,10.0,119.77992881726621,122.0,129.0,122.0,2.22007118273379,1
1,U01,675.684711931082,handover,109.2432319,23.0335927,184.0,3063.62215674068,1,52.51417108303164,109.77892886962331,10.0,119.77892886962331,122.0,129.0,122.0,2.2210711303766857,1
1,U01,685.684711931082,handover,109.2432319,23.0335927,184.0,3063.62215674068,1,52.51417108303164,109.77892886962331,10.0,119.77892886962331,122.0,129.0,122.0,2.2210711303766857,1
1,U01,695.684711931082,handover,109.2432319,23.0335927,184.0,3063.62215674068,1,52.51417108303164,109.77892886962331,10.0,119.77892886962331,122.0,129.0,122.0,2.2210711303766857,1
1,U01,705.684711931082,handover,109.2432319,23.0335927,184.0,3063.62215674068,1,52.51417108303164,109.77892886962331,10.0,119.77892886962331,122.0,129.0,122.0,2.2210711303766857,1
1,U01,715.684711931082,handover,109.2432319,23.0335927,184.0,3063.62215674068,1,52.51417108303164,109.77892886962331,10.0,119.77892886962331,122.0,129.0,122.0,2.2210711303766857,1
1,U01,725.684711931082,handover,109.2432319,23.0335927,184.0,3063.62215674068,1,52.51417108303164,109.77892886962331,10.0,119.77892886962331,122.0,129.0,122.0,2.2210711303766857,1
1,U01,735.684711931082,handover,109.2432319,23.0335927,184.0,3063.62215674068,1,52.51417108303164,109.77892886962331,10.0,119.77892886962331,122.0,129.0,122.0,2.2210711303766857,1
1,U01,745.684711931082,handover,109.2432319,23.0335927,184.0,3063.62215674068,1,52.51417108303164,109.77892886962331,10.0,119.77892886962331,122.0,129.0,122.0,2.2210711303766857,1
1,U01,755.684711931082,handover,109.2432319,23.0335927,184.0,3063.62215674068,1,52.51417108303164,109.77892886962331,10.0,119.77892886962331,122.0,129.0,122.0,2.2210711303766857,1
1,U01,765.684711931082,handover,109.2432319,23.0335927,184.0,3063.62215674068,1,52.51417108303164,109.77892886962331,10.0,119.77892886962331,122.0,129.0,122.0,2.2210711303766857,1
1,U01,775.684711931082,handover,109.2432319,23.0335927,184.0,3063.62215674068,1,52.51417108303164,109.77892886962331,10.0,119.77892886962331,122.0,129.0,122.0,2.2210711303766857,1
1,U01,785.684711931082,handover,109.2432319,23.0335927,184.0,3063.62215674068,1,52.51417108303164,109.77892886962331,10.0,119.77892886962331,122.0,129.0,122.0,2.2210711303766857,1
1,U01,795.684711931082,handover,109.2432319,23.0335927,184.0,3063.62215674068,1,52.51417108303164,109.77892886962331,10.0,119.77892886962331,122.0,129.0,122.0,2.2210711303766857,1
1,U01,805.684711931082,handover,109.2432319,23.0335927,184.0,3063.62215674068,1,52.51417108303164,109.77892886962331,10.0,119.77892886962331,122.0,129.0,122.0,2.2210711303766857,1
1,U01,815.684711931082,handover,109.2432319,23.0335927,184.0,3063.62215674068,1,52.51417108303164,109.77892886962331,10.0,119.77892886962331,122.0,129.0,122.0,2.2210711303766857,1
1,U01,825.684711931082,handover,109.2432319,23.0335927,184.0,3063.62215674068,1,52.51417108303164,109.77892886962331,10.0,119.77892886962331,122.0,129.0,122.0,2.2210711303766857,1
1,U01,835.684711931082,handover,109.2432319,23.0335927,184.0,3063.62215674068,1,52.51417108303164,109.77892886962331,10.0,119.77892886962331,122.0,129.0,122.0,2.2210711303766857,1
1,U01,845.684711931082,handover,109.2432319,23.0335927,184.0,3063.62215674068,1,52.51417108303164,109.77892886962331,10.0,119.77892886962331,122.0,129.0,122.0,2.2210711303766857,1
1,U01,855.684711931082,climb,109.2432319,23.0335927,184.0,3063.62215674068,1,52.51417108303164,109.77892886962331,10.0,119.77892886962331,122.0,129.0,122.0,2.2210711303766857,1
1,U01,865.684711931082,climb,109.2432319,23.0335927,214.0,3064.124462105353,1,40.34735442370905,109.7803528739901,10.0,119.7803528739901,122.0,129.0,122.0,2.219647126009903,1
1,U01,875.684711931082,climb,109.2432319,23.0335927,244.0,3064.9203446863703,1,32.29857393590416,109.78260867355442,10.0,119.78260867355442,122.0,129.0,122.0,2.217391326445579,1
1,U01,876.6032859463814,cruise,109.2432319,23.0335927,246.75572204589844,3065.008167255424,1,31.55923387480948,109.78285755643816,10.0,119.78285755643816,122.0,129.0,122.0,2.2171424435618405,1
1,U01,886.6032859463814,cruise,109.2427469419275,23.03261013911053,246.75572204589844,2945.075239087808,1,30.480008476760815,109.43615272164027,10.0,119.43615272164027,122.0,129.0,122.0,2.563847278359731,1
1,U01,896.6032859463814,cruise,109.24226198385503,23.031627578221062,246.75572204589844,2825.147701737442,1,29.30942008205193,109.07504799679398,10.0,119.07504799679398,122.0,129.0,122.0,2.924952003206016,1
1,U01,906.6032859463814,cruise,109.24177702578254,23.030645017331594,246.75572204589844,2705.226292078744,1,28.035354260186466,108.69829682781979,10.0,118.69829682781979,122.0,129.0,122.0,3.3017031721802113,1
1,U01,916.6032859463814,cruise,109.24129206771005,23.029662456442125,246.75572204589844,2585.3118836683793,1,26.643455761154257,108.30448368368828,10.0,118.30448368368828,122.0,129.0,122.0,3.695516316311725,1
1,U01,926.6032859463814,cruise,109.24080710963756,23.028679895552656,246.75572204589844,2465.405519961172,1,25.11658528645833,107.89199211458293,10.0,117.89199211458293,122.0,129.0,122.0,4.1080078854170665,1
1,U01,936.6032859463814,cruise,109.24032215156508,23.027697334663188,246.75572204589844,2345.508457707937,1,23.43411017739851,107.45896490054596,10.0,117.45896490054596,122.0,129.0,122.0,4.541035099454035,1
1,U01,946.6032859463814,cruise,109.23983719349259,23.02671477377372,246.75572204589844,2225.622224360408,1,21.570966600251666,107.00325382217446,10.0,117.00325382217446,122.0,129.0,122.0,4.996746177825543,1
1,U01,956.6032859463814,cruise,109.2393522354201,23.02573221288425,246.75572204589844,2105.748695067175,1,19.49640247534353,106.522355638858,10.0,116.522355638858,122.0,129.0,122.0,5.477644361141998,1
1,U01,966.6032859463814,cruise,109.23886727734762,23.02474965199478,246.75572204589844,1985.8901975091765,1,14.578339104903364,106.01332947639048,10.0,116.01332947639048,122.0,129.0,122.0,5.986670523609519,1
1,U01,976.6032859463814,cruise,109.23838231927513,23.023767091105313,246.75572204589844,1866.049657073666,1,12.24270944824218,105.47268876398661,10.0,115.47268876398661,122.0,129.0,122.0,6.527311236013389,1
1,U01,986.6032859463814,cruise,109.23789736120264,23.022784530215844,246.75572204589844,1746.2308017051566,1,9.587677445370929,104.89625772337014,10.0,114.89625772337014,122.0,129.0,122.0,7.103742276629859,1
1,U01,996.6032859463814,cruise,109.23741240313016,23.021801969326376,246.75572204589844,1626.4384571128,1,6.542915974188304,104.27897752698942,10.0,114.27897752698942,122.0,129.0,122.0,7.721022473010578,1
1,U01,1006.6032859463814,cruise,109.23692744505767,23.020819408436907,246.75572204589844,1506.6789824789903,1,3.0158160521252455,103.6146394360772,10.0,113.6146394360772,122.0,129.0,122.0,8.385360563922802,1
1,U01,1016.6032859463814,cruise,109.23644248698518,23.019836847547438,246.75572204589844,1386.9609312993678,1,3.342798146893898,102.89550939008757,10.0,112.89550939008757,122.0,129.0,122.0,9.104490609912432,1
1,U01,1026.6032859463814,cruise,109.23595752891269,23.01885428665797,246.75572204589844,1267.2960856141026,0,-1.769755249023433,102.11178670294737,0.0,102.11178670294737,122.0,129.0,122.0,19.88821329705263,1
1,U01,1036.6032859463814,cruise,109.23547257084022,23.0178717257685,246.75572204589844,1147.7011348522599,0,-7.944657402533977,101.25080105570439,0.0,101.25080105570439,122.0,129.0,122.0,20.749198944295614,1
1,U01,1046.6032859463814,cruise,109.23498761276772,23.016889164879032,246.75572204589844,1028.2005211226526,0,-15.551420924974536,100.29578122712114,0.0,100.29578122712114,122.0,129.0,122.0,21.70421877287886,1
1,U01,1056.6032859463814,cruise,109.23450265469523,23.015906603989563,246.75572204589844,908.8315170589347,0,-18.012166357822082,99.22389242180522,0.0,99.22389242180522,122.0,129.0,122.0,22.776107578194782,1
1,U01,1066.6032859463814,cruise,109.23401769662276,23.014924043100095,246.75572204589844,789.6538779254003,0,-18.76422735250219,98.00296028418684,0.0,98.00296028418684,122.0,129.0,122.0,23.99703971581316,1
1,U01,1076.6032859463814,cruise,109.23353273855027,23.013941482210626,246.75572204589844,670.769692882894,0,-19.096489732530358,96.5856934707226,0.0,96.5856934707226,122.0,129.0,122.0,25.414306529277397,1
1,U01,1086.6032859463814,cruise,109.23304778047778,23.012958921321157,246.75572204589844,552.3685689682756,0,-19.572433141759916,94.89880399948932,0.0,94.89880399948932,122.0,129.0,122.0,27.101196000510683,1
1,U01,1096.6032859463814,cruise,109.2325628224053,23.01197636043169,246.75572204589844,434.8453976753015,0,-20.310966018150566,92.82092239305405,0.0,92.82092239305405,122.0,129.0,122.0,29.179077606945953,1
1,U01,1106.6032859463814,cruise,109.23207786433281,23.01099379954222,246.75572204589844,319.1716469924958,0,-21.61219060988651,90.13471092755447,0.0,90.13471092755447,122.0,129.0,122.0,31.865289072445535,1
1,U01,1116.6032859463814,cruise,109.23159290626032,23.010011238652748,246.75572204589844,208.44952564384045,0,-24.514922391451307,86.43424305753966,0.0,86.43424305753966,122.0,129.0,122.0,35.56575694246034,1
1,U01,1126.6032859463814,cruise,109.23110794818783,23.00902867776328,246.75572204589844,117.61216360813133,0,-36.70639587402343,81.46326962187734,0.0,81.46326962187734,122.0,129.0,122.0,40.536730378122655,1
1,U01,1131.887210523948,descend,109.2308517,23.0085095,246.75572204589844,99.05572204589845,0,0.0,79.97181619470815,0.0,79.97181619470815,122.0,129.0,122.0,42.028183805291846,1
1,U01,1141.887210523948,descend,109.2308517,23.0085095,221.75572204589844,74.05572204589845,0,0.0,77.44539724787914,0.0,77.44539724787914,122.0,129.0,122.0,44.55460275212086,1
1,U01,1151.887210523948,descend,109.2308517,23.0085095,196.75572204589844,49.05572204589845,0,0.0,73.86801828283086,0.0,73.86801828283086,122.0,129.0,122.0,48.13198171716914,1
1,U01,1161.887210523948,descend,109.2308517,23.0085095,171.75572204589844,24.05572204589845,0,0.0,67.67859277473288,0.0,67.67859277473288,122.0,129.0,122.0,54.32140722526712,1
1,U01,1171.887210523948,descend,109.2308517,23.0085095,146.75572204589844,0.9442779541015511,0,0.0,39.556221842319204,0.0,39.556221842319204,122.0,129.0,122.0,82.4437781576808,1
1,U01,1179.5094993423072,descend,109.2308517,23.0085095,127.7,19.999999999999986,0,0.0,66.07482474751174,0.0,66.07482474751174,122.0,129.0,122.0,55.92517525248826,1
2,U02,0.0,setup,109.2308517,23.0085095,127.7,19.999999999999986,0,0.0,66.07482474751174,0.0,66.07482474751174,122.0,129.0,122.0,55.92517525248826,1
2,U02,10.0,setup,109.2308517,23.0085095,127.7,19.999999999999986,0,0.0,66.07482474751174,0.0,66.07482474751174,122.0,129.0,122.0,55.92517525248826,1
2,U02,20.0,setup,109.2308517,23.0085095,127.7,19.999999999999986,0,0.0,66.07482474751174,0.0,66.07482474751174,122.0,129.0,122.0,55.92517525248826,1
2,U02,30.0,setup,109.2308517,23.0085095,127.7,19.999999999999986,0,0.0,66.07482474751174,0.0,66.07482474751174,122.0,129.0,122.0,55.92517525248826,1
2,U02,40.0,setup,109.2308517,23.0085095,127.7,19.999999999999986,0,0.0,66.07482474751174,0.0,66.07482474751174,122.0,129.0,122.0,55.92517525248826,1
2,U02,50.0,setup,109.2308517,23.0085095,127.7,19.999999999999986,0,0.0,66.07482474751174,0.0,66.07482474751174,122.0,129.0,122.0,55.92517525248826,1
2,U02,60.0,setup,109.2308517,23.0085095,127.7,19.999999999999986,0,0.0,66.07482474751174,0.0,66.07482474751174,122.0,129.0,122.0,55.92517525248826,1
2,U02,70.0,setup,109.2308517,23.0085095,127.7,19.999999999999986,0,0.0,66.07482474751174,0.0,66.07482474751174,122.0,129.0,122.0,55.92517525248826,1
2,U02,80.0,setup,109.2308517,23.0085095,127.7,19.999999999999986,0,0.0,66.07482474751174,0.0,66.07482474751174,122.0,129.0,122.0,55.92517525248826,1
2,U02,90.0,setup,109.2308517,23.0085095,127.7,19.999999999999986,0,0.0,66.07482474751174,0.0,66.07482474751174,122.0,129.0,122.0,55.92517525248826,1
2,U02,100.0,setup,109.2308517,23.0085095,127.7,19.999999999999986,0,0.0,66.07482474751174,0.0,66.07482474751174,122.0,129.0,122.0,55.92517525248826,1
2,U02,110.0,setup,109.2308517,23.0085095,127.7,19.999999999999986,0,0.0,66.07482474751174,0.0,66.07482474751174,122.0,129.0,122.0,55.92517525248826,1
2,U02,120.0,setup,109.2308517,23.0085095,127.7,19.999999999999986,0,0.0,66.07482474751174,0.0,66.07482474751174,122.0,129.0,122.0,55.92517525248826,1
2,U02,130.0,setup,109.2308517,23.0085095,127.7,19.999999999999986,0,0.0,66.07482474751174,0.0,66.07482474751174,122.0,129.0,122.0,55.92517525248826,1
2,U02,140.0,setup,109.2308517,23.0085095,127.7,19.999999999999986,0,0.0,66.07482474751174,0.0,66.07482474751174,122.0,129.0,122.0,55.92517525248826,1
2,U02,150.0,setup,109.2308517,23.0085095,127.7,19.999999999999986,0,0.0,66.07482474751174,0.0,66.07482474751174,122.0,129.0,122.0,55.92517525248826,1
2,U02,160.0,setup,109.2308517,23.0085095,127.7,19.999999999999986,0,0.0,66.07482474751174,0.0,66.07482474751174,122.0,129.0,122.0,55.92517525248826,1
2,U02,170.0,setup,109.2308517,23.0085095,127.7,19.999999999999986,0,0.0,66.07482474751174,0.0,66.07482474751174,122.0,129.0,122.0,55.92517525248826,1
2,U02,180.0,setup,109.2308517,23.0085095,127.7,19.999999999999986,0,0.0,66.07482474751174,0.0,66.07482474751174,122.0,129.0,122.0,55.92517525248826,1
2,U02,190.0,setup,109.2308517,23.0085095,127.7,19.999999999999986,0,0.0,66.07482474751174,0.0,66.07482474751174,122.0,129.0,122.0,55.92517525248826,1
2,U02,200.0,setup,109.2308517,23.0085095,127.7,19.999999999999986,0,0.0,66.07482474751174,0.0,66.07482474751174,122.0,129.0,122.0,55.92517525248826,1
2,U02,210.0,setup,109.2308517,23.0085095,127.7,19.999999999999986,0,0.0,66.07482474751174,0.0,66.07482474751174,122.0,129.0,122.0,55.92517525248826,1
2,U02,220.0,setup,109.2308517,23.0085095,127.7,19.999999999999986,0,0.0,66.07482474751174,0.0,66.07482474751174,122.0,129.0,122.0,55.92517525248826,1
2,U02,230.0,setup,109.2308517,23.0085095,127.7,19.999999999999986,0,0.0,66.07482474751174,0.0,66.07482474751174,122.0,129.0,122.0,55.92517525248826,1
2,U02,240.0,setup,109.2308517,23.0085095,127.7,19.999999999999986,0,0.0,66.07482474751174,0.0,66.07482474751174,122.0,129.0,122.0,55.92517525248826,1
2,U02,250.0,setup,109.2308517,23.0085095,127.7,19.999999999999986,0,0.0,66.07482474751174,0.0,66.07482474751174,122.0,129.0,122.0,55.92517525248826,1
2,U02,260.0,setup,109.2308517,23.0085095,127.7,19.999999999999986,0,0.0,66.07482474751174,0.0,66.07482474751174,122.0,129.0,122.0,55.92517525248826,1
2,U02,270.0,setup,109.2308517,23.0085095,127.7,19.999999999999986,0,0.0,66.07482474751174,0.0,66.07482474751174,122.0,129.0,122.0,55.92517525248826,1
2,U02,280.0,setup,109.2308517,23.0085095,127.7,19.999999999999986,0,0.0,66.07482474751174,0.0,66.07482474751174,122.0,129.0,122.0,55.92517525248826,1
2,U02,290.0,setup,109.2308517,23.0085095,127.7,19.999999999999986,0,0.0,66.07482474751174,0.0,66.07482474751174,122.0,129.0,122.0,55.92517525248826,1
2,U02,300.0,setup,109.2308517,23.0085095,127.7,19.999999999999986,0,0.0,66.07482474751174,0.0,66.07482474751174,122.0,129.0,122.0,55.92517525248826,1
2,U02,310.0,setup,109.2308517,23.0085095,127.7,19.999999999999986,0,0.0,66.07482474751174,0.0,66.07482474751174,122.0,129.0,122.0,55.92517525248826,1
2,U02,320.0,setup,109.2308517,23.0085095,127.7,19.999999999999986,0,0.0,66.07482474751174,0.0,66.07482474751174,122.0,129.0,122.0,55.92517525248826,1
2,U02,330.0,climb,109.2308517,23.0085095,127.7,19.999999999999986,0,0.0,66.07482474751174,0.0,66.07482474751174,122.0,129.0,122.0,55.92517525248826,1
2,U02,340.0,climb,109.2308517,23.0085095,157.7,10.0,0,0.0,60.054224834232116,0.0,60.054224834232116,122.0,129.0,122.0,61.945775165767884,1
2,U02,350.0,climb,109.2308517,23.0085095,187.7,40.0,0,0.0,72.09542466079137,0.0,72.09542466079137,122.0,129.0,122.0,49.904575339208634,1
2,U02,360.0,climb,109.2308517,23.0085095,217.70000000000002,70.00000000000003,0,0.0,76.95618563451725,0.0,76.95618563451725,122.0,129.0,122.0,45.043814365482746,1
2,U02,370.0,climb,109.2308517,23.0085095,247.7,100.0,0,0.0,80.05422483423212,0.0,80.05422483423212,122.0,129.0,122.0,41.945775165767884,1
2,U02,380.0,climb,109.2308517,23.0085095,277.7,130.0,0,0.0,82.33309188036885,0.0,82.33309188036885,122.0,129.0,122.0,39.666908119631145,1
2,U02,381.3276306152344,cruise,109.2308517,23.0085095,281.6828918457031,133.98289184570314,0,0.0,82.59521177893872,0.0,82.59521177893872,122.0,129.0,122.0,39.40478822106128,1
2,U02,391.3276306152344,cruise,109.2313366580725,23.009492060889468,281.6828918457031,179.86621563541206,0,-31.782239447699652,85.15321677918787,0.0,85.15321677918787,122.0,129.0,122.0,36.84678322081213,1
2,U02,401.3276306152344,cruise,109.23182161614497,23.010474621778936,281.6828918457031,274.8692496793007,0,-24.776598044002753,88.83674797292903,0.0,88.83674797292903,122.0,129.0,122.0,33.16325202707097,1
2,U02,411.3276306152344,cruise,109.23230657421746,23.011457182668405,281.6828918457031,384.1289553398328,0,-22.25456713867186,91.74376573777239,0.0,91.74376573777239,122.0,129.0,122.0,30.256234262227608,1
2,U02,421.3276306152344,cruise,109.23279153228995,23.012439743557874,281.6828918457031,498.35489121735185,0,-20.955339096531702,94.00499933622777,0.0,94.00499933622777,122.0,129.0,122.0,27.99500066377223,1
2,U02,431.3276306152344,cruise,109.23327649036244,23.013422304447342,281.6828918457031,614.7850246739863,0,-20.16312687571454,95.82869043691956,0.0,95.82869043691956,122.0,129.0,122.0,26.17130956308044,1
2,U02,441.3276306152344,cruise,109.23376144843492,23.01440486533681,281.6828918457031,732.3687824772146,0,-19.62959619638869,97.34882131507135,0.0,97.34882131507135,122.0,129.0,122.0,24.651178684928652,1
2,U02,451.3276306152344,cruise,109.23424640650741,23.01538742622628,281.6828918457031,850.6278333534983,0,-19.245828514768363,98.6490166170302,0.0,98.6490166170302,122.0,129.0,122.0,23.3509833829698,1
2,U02,461.3276306152344,cruise,109.2347313645799,23.01636998711575,281.6828918457031,969.3149905293316,0,-18.9565267240084,99.78352341795437,0.0,99.78352341795437,122.0,129.0,122.0,22.21647658204563,1
2,U02,471.3276306152344,cruise,109.23521632265238,23.017352548005217,281.6828918457031,1088.2901478118415,0,-18.730633544921858,100.78911878549167,0.0,100.78911878549167,122.0,129.0,122.0,21.210881214508333,1
2,U02,481.3276306152344,cruise,109.23570128072487,23.018335108894686,281.6828918457031,1207.4681312819096,0,-18.284375678168402,101.69173837895892,0.0,101.69173837895892,122.0,129.0,122.0,20.308261621041083,1
2,U02,491.3276306152344,cruise,109.23618623879736,23.019317669784154,281.6828918457031,1326.7942454933132,0,-16.94621945499034,102.51029641924976,0.0,102.51029641924976,122.0,129.0,122.0,19.489703580750245,1
2,U02,501.3276306152344,cruise,109.23667119686984,23.020300230673623,281.6828918457031,1446.2317876309091,0,-12.78093525994683,103.25898289287576,0.0,103.25898289287576,122.0,129.0,122.0,18.741017107124236,1
2,U02,511.3276306152344,cruise,109.23715615494233,23.02128279156309,281.6828918457031,1565.7552239708323,0,-7.413726632254452,103.94870222126691,0.0,103.94870222126691,122.0,129.0,122.0,18.051297778733087,1
2,U02,521.3276306152344,cruise,109.23764111301482,23.02226535245256,281.6828918457031,1685.3462480059486,0,-2.8064767483061246,104.58800760485347,0.0,104.58800760485347,122.0,129.0,122.0,17.411992395146527,1
2,U02,531.3276306152344,cruise,109.23812607108731,23.02324791334203,281.6828918457031,1804.9913957293961,1,1.1915500104919943,105.18372755412216,10.0,115.18372755412216,122.0,129.0,122.0,6.816272445877843,1
2,U02,541.3276306152344,cruise,109.23861102915978,23.024230474231498,281.6828918457031,1924.6805456043328,1,0.1798261302386095,105.7413979652079,10.0,115.7413979652079,122.0,129.0,122.0,6.258602034792105,1
2,U02,551.3276306152344,cruise,109.23909598723228,23.025213035120967,281.6828918457031,2044.4059430182035,1,3.15166416585879,106.26556752951711,10.0,116.26556752951711,122.0,129.0,122.0,5.734432470482886,1
2,U02,561.3276306152344,cruise,109.23958094530477,23.026195596010435,281.6828918457031,2164.1615472450835,1,5.795575245824352,106.76001835902694,10.0,116.76001835902694,122.0,129.0,122.0,5.239981640973056,1
2,U02,571.3276306152344,cruise,109.24006590337724,23.027178156899904,281.6828918457031,2283.942583134297,1,8.162998892590906,107.22792847070504,10.0,117.22792847070504,122.0,129.0,122.0,4.772071529294962,1
2,U02,581.3276306152344,cruise,109.24055086144973,23.028160717789373,281.6828918457031,2403.745226421181,1,10.295150624150835,107.67199352993977,10.0,117.67199352993977,122.0,129.0,122.0,4.328006470060231,1
2,U02,591.3276306152344,cruise,109.24103581952222,23.02914327867884,281.6828918457031,2523.5663784169074,1,12.225441836746484,108.09451948720174,10.0,118.09451948720174,122.0,129.0,122.0,3.9054805127982632,1
2,U02,601.3276306152344,cruise,109.2415207775947,23.03012583956831,281.6828918457031,2643.403501829903,1,16.502057315804848,108.49749405405778,10.0,118.49749405405778,122.0,129.0,122.0,3.502505945942218,1
2,U02,611.3276306152344,cruise,109.24200573566719,23.03110840045778,281.6828918457031,2763.2544992108224,1,18.3024076719542,108.8826425507519,10.0,118.8826425507519,122.0,129.0,122.0,3.1173574492481038,1
2,U02,621.3276306152344,cruise,109.24249069373968,23.03209096134725,281.6828918457031,2883.1176216493313,1,19.953506185106676,109.25147204475205,10.0,119.25147204475205,122.0,129.0,122.0,2.748527955247951,1
2,U02,631.3276306152344,cruise,109.24297565181217,23.03307352223672,281.6828918457031,3002.991399299759,1,21.473173970844016,109.60530660147512,10.0,119.60530660147512,122.0,129.0,122.0,2.394693398524879,1
2,U02,636.6115551928008,descend,109.2432319,23.0335927,281.6828918457031,3066.335670565073,1,22.188529782178932,109.7866187375844,10.0,119.7866187375844,122.0,129.0,122.0,2.213381262415595,1
2,U02,646.6115551928008,descend,109.2432319,23.0335927,256.6828918457031,3065.345053984538,1,28.895846855349646,109.78381220320874,10.0,119.78381220320874,122.0,129.0,122.0,2.21618779679126,1
2,U02,656.6115551928008,descend,109.2432319,23.0335927,231.68289184570312,3064.5580685304667,1,35.60316392852039,109.78158193343064,10.0,119.78158193343064,122.0,129.0,122.0,2.218418066569356,1
2,U02,666.6115551928008,descend,109.2432319,23.0335927,206.68289184570312,3063.974871111527,1,42.31048100169113,109.77992881726621,10.0,119.77992881726621,122.0,129.0,122.0,2.22007118273379,1
2,U02,675.684711931082,handover,109.2432319,23.0335927,184.0,3063.62215674068,1,52.51417108303164,109.77892886962331,10.0,119.77892886962331,122.0,129.0,122.0,2.2210711303766857,1
2,U02,685.684711931082,handover,109.2432319,23.0335927,184.0,3063.62215674068,1,52.51417108303164,109.77892886962331,10.0,119.77892886962331,122.0,129.0,122.0,2.2210711303766857,1
2,U02,695.684711931082,handover,109.2432319,23.0335927,184.0,3063.62215674068,1,52.51417108303164,109.77892886962331,10.0,119.77892886962331,122.0,129.0,122.0,2.2210711303766857,1
2,U02,705.684711931082,handover,109.2432319,23.0335927,184.0,3063.62215674068,1,52.51417108303164,109.77892886962331,10.0,119.77892886962331,122.0,129.0,122.0,2.2210711303766857,1
2,U02,715.684711931082,handover,109.2432319,23.0335927,184.0,3063.62215674068,1,52.51417108303164,109.77892886962331,10.0,119.77892886962331,122.0,129.0,122.0,2.2210711303766857,1
2,U02,725.684711931082,handover,109.2432319,23.0335927,184.0,3063.62215674068,1,52.51417108303164,109.77892886962331,10.0,119.77892886962331,122.0,129.0,122.0,2.2210711303766857,1
2,U02,735.684711931082,handover,109.2432319,23.0335927,184.0,3063.62215674068,1,52.51417108303164,109.77892886962331,10.0,119.77892886962331,122.0,129.0,122.0,2.2210711303766857,1
2,U02,745.684711931082,handover,109.2432319,23.0335927,184.0,3063.62215674068,1,52.51417108303164,109.77892886962331,10.0,119.77892886962331,122.0,129.0,122.0,2.2210711303766857,1
2,U02,755.684711931082,handover,109.2432319,23.0335927,184.0,3063.62215674068,1,52.51417108303164,109.77892886962331,10.0,119.77892886962331,122.0,129.0,122.0,2.2210711303766857,1
2,U02,765.684711931082,handover,109.2432319,23.0335927,184.0,3063.62215674068,1,52.51417108303164,109.77892886962331,10.0,119.77892886962331,122.0,129.0,122.0,2.2210711303766857,1
2,U02,775.684711931082,handover,109.2432319,23.0335927,184.0,3063.62215674068,1,52.51417108303164,109.77892886962331,10.0,119.77892886962331,122.0,129.0,122.0,2.2210711303766857,1
2,U02,785.684711931082,handover,109.2432319,23.0335927,184.0,3063.62215674068,1,52.51417108303164,109.77892886962331,10.0,119.77892886962331,122.0,129.0,122.0,2.2210711303766857,1
2,U02,795.684711931082,handover,109.2432319,23.0335927,184.0,3063.62215674068,1,52.51417108303164,109.77892886962331,10.0,119.77892886962331,122.0,129.0,122.0,2.2210711303766857,1
2,U02,805.684711931082,handover,109.2432319,23.0335927,184.0,3063.62215674068,1,52.51417108303164,109.77892886962331,10.0,119.77892886962331,122.0,129.0,122.0,2.2210711303766857,1
2,U02,815.684711931082,handover,109.2432319,23.0335927,184.0,3063.62215674068,1,52.51417108303164,109.77892886962331,10.0,119.77892886962331,122.0,129.0,122.0,2.2210711303766857,1
2,U02,825.684711931082,handover,109.2432319,23.0335927,184.0,3063.62215674068,1,52.51417108303164,109.77892886962331,10.0,119.77892886962331,122.0,129.0,122.0,2.2210711303766857,1
2,U02,835.684711931082,handover,109.2432319,23.0335927,184.0,3063.62215674068,1,52.51417108303164,109.77892886962331,10.0,119.77892886962331,122.0,129.0,122.0,2.2210711303766857,1
2,U02,845.684711931082,handover,109.2432319,23.0335927,184.0,3063.62215674068,1,52.51417108303164,109.77892886962331,10.0,119.77892886962331,122.0,129.0,122.0,2.2210711303766857,1
2,U02,855.684711931082,climb,109.2432319,23.0335927,184.0,3063.62215674068,1,52.51417108303164,109.77892886962331,10.0,119.77892886962331,122.0,129.0,122.0,2.2210711303766857,1
2,U02,865.684711931082,climb,109.2432319,23.0335927,214.0,3064.124462105353,1,40.34735442370905,109.7803528739901,10.0,119.7803528739901,122.0,129.0,122.0,2.219647126009903,1
2,U02,875.684711931082,climb,109.2432319,23.0335927,244.0,3064.9203446863703,1,32.29857393590416,109.78260867355442,10.0,119.78260867355442,122.0,129.0,122.0,2.217391326445579,1
2,U02,876.6032859463814,cruise,109.2432319,23.0335927,246.75572204589844,3065.008167255424,1,31.55923387480948,109.78285755643816,10.0,119.78285755643816,122.0,129.0,122.0,2.2171424435618405,1
2,U02,886.6032859463814,cruise,109.2427469419275,23.03261013911053,246.75572204589844,2945.075239087808,1,30.480008476760815,109.43615272164027,10.0,119.43615272164027,122.0,129.0,122.0,2.563847278359731,1
2,U02,896.6032859463814,cruise,109.24226198385503,23.031627578221062,246.75572204589844,2825.147701737442,1,29.30942008205193,109.07504799679398,10.0,119.07504799679398,122.0,129.0,122.0,2.924952003206016,1
2,U02,906.6032859463814,cruise,109.24177702578254,23.030645017331594,246.75572204589844,2705.226292078744,1,28.035354260186466,108.69829682781979,10.0,118.69829682781979,122.0,129.0,122.0,3.3017031721802113,1
2,U02,916.6032859463814,cruise,109.24129206771005,23.029662456442125,246.75572204589844,2585.3118836683793,1,26.643455761154257,108.30448368368828,10.0,118.30448368368828,122.0,129.0,122.0,3.695516316311725,1
2,U02,926.6032859463814,cruise,109.24080710963756,23.028679895552656,246.75572204589844,2465.405519961172,1,25.11658528645833,107.89199211458293,10.0,117.89199211458293,122.0,129.0,122.0,4.1080078854170665,1
2,U02,936.6032859463814,cruise,109.24032215156508,23.027697334663188,246.75572204589844,2345.508457707937,1,23.43411017739851,107.45896490054596,10.0,117.45896490054596,122.0,129.0,122.0,4.541035099454035,1
2,U02,946.6032859463814,cruise,109.23983719349259,23.02671477377372,246.75572204589844,2225.622224360408,1,21.570966600251666,107.00325382217446,10.0,117.00325382217446,122.0,129.0,122.0,4.996746177825543,1
2,U02,956.6032859463814,cruise,109.2393522354201,23.02573221288425,246.75572204589844,2105.748695067175,1,19.49640247534353,106.522355638858,10.0,116.522355638858,122.0,129.0,122.0,5.477644361141998,1
2,U02,966.6032859463814,cruise,109.23886727734762,23.02474965199478,246.75572204589844,1985.8901975091765,1,14.578339104903364,106.01332947639048,10.0,116.01332947639048,122.0,129.0,122.0,5.986670523609519,1
2,U02,976.6032859463814,cruise,109.23838231927513,23.023767091105313,246.75572204589844,1866.049657073666,1,12.24270944824218,105.47268876398661,10.0,115.47268876398661,122.0,129.0,122.0,6.527311236013389,1
2,U02,986.6032859463814,cruise,109.23789736120264,23.022784530215844,246.75572204589844,1746.2308017051566,1,9.587677445370929,104.89625772337014,10.0,114.89625772337014,122.0,129.0,122.0,7.103742276629859,1
2,U02,996.6032859463814,cruise,109.23741240313016,23.021801969326376,246.75572204589844,1626.4384571128,1,6.542915974188304,104.27897752698942,10.0,114.27897752698942,122.0,129.0,122.0,7.721022473010578,1
2,U02,1006.6032859463814,cruise,109.23692744505767,23.020819408436907,246.75572204589844,1506.6789824789903,1,3.0158160521252455,103.6146394360772,10.0,113.6146394360772,122.0,129.0,122.0,8.385360563922802,1
2,U02,1016.6032859463814,cruise,109.23644248698518,23.019836847547438,246.75572204589844,1386.9609312993678,1,3.342798146893898,102.89550939008757,10.0,112.89550939008757,122.0,129.0,122.0,9.104490609912432,1
2,U02,1026.6032859463814,cruise,109.23595752891269,23.01885428665797,246.75572204589844,1267.2960856141026,0,-1.769755249023433,102.11178670294737,0.0,102.11178670294737,122.0,129.0,122.0,19.88821329705263,1
2,U02,1036.6032859463814,cruise,109.23547257084022,23.0178717257685,246.75572204589844,1147.7011348522599,0,-7.944657402533977,101.25080105570439,0.0,101.25080105570439,122.0,129.0,122.0,20.749198944295614,1
2,U02,1046.6032859463814,cruise,109.23498761276772,23.016889164879032,246.75572204589844,1028.2005211226526,0,-15.551420924974536,100.29578122712114,0.0,100.29578122712114,122.0,129.0,122.0,21.70421877287886,1
2,U02,1056.6032859463814,cruise,109.23450265469523,23.015906603989563,246.75572204589844,908.8315170589347,0,-18.012166357822082,99.22389242180522,0.0,99.22389242180522,122.0,129.0,122.0,22.776107578194782,1
2,U02,1066.6032859463814,cruise,109.23401769662276,23.014924043100095,246.75572204589844,789.6538779254003,0,-18.76422735250219,98.00296028418684,0.0,98.00296028418684,122.0,129.0,122.0,23.99703971581316,1
2,U02,1076.6032859463814,cruise,109.23353273855027,23.013941482210626,246.75572204589844,670.769692882894,0,-19.096489732530358,96.5856934707226,0.0,96.5856934707226,122.0,129.0,122.0,25.414306529277397,1
2,U02,1086.6032859463814,cruise,109.23304778047778,23.012958921321157,246.75572204589844,552.3685689682756,0,-19.572433141759916,94.89880399948932,0.0,94.89880399948932,122.0,129.0,122.0,27.101196000510683,1
2,U02,1096.6032859463814,cruise,109.2325628224053,23.01197636043169,246.75572204589844,434.8453976753015,0,-20.310966018150566,92.82092239305405,0.0,92.82092239305405,122.0,129.0,122.0,29.179077606945953,1
2,U02,1106.6032859463814,cruise,109.23207786433281,23.01099379954222,246.75572204589844,319.1716469924958,0,-21.61219060988651,90.13471092755447,0.0,90.13471092755447,122.0,129.0,122.0,31.865289072445535,1
2,U02,1116.6032859463814,cruise,109.23159290626032,23.010011238652748,246.75572204589844,208.44952564384045,0,-24.514922391451307,86.43424305753966,0.0,86.43424305753966,122.0,129.0,122.0,35.56575694246034,1
2,U02,1126.6032859463814,cruise,109.23110794818783,23.00902867776328,246.75572204589844,117.61216360813133,0,-36.70639587402343,81.46326962187734,0.0,81.46326962187734,122.0,129.0,122.0,40.536730378122655,1
2,U02,1131.887210523948,descend,109.2308517,23.0085095,246.75572204589844,99.05572204589845,0,0.0,79.97181619470815,0.0,79.97181619470815,122.0,129.0,122.0,42.028183805291846,1
2,U02,1141.887210523948,descend,109.2308517,23.0085095,221.75572204589844,74.05572204589845,0,0.0,77.44539724787914,0.0,77.44539724787914,122.0,129.0,122.0,44.55460275212086,1
2,U02,1151.887210523948,descend,109.2308517,23.0085095,196.75572204589844,49.05572204589845,0,0.0,73.86801828283086,0.0,73.86801828283086,122.0,129.0,122.0,48.13198171716914,1
2,U02,1161.887210523948,descend,109.2308517,23.0085095,171.75572204589844,24.05572204589845,0,0.0,67.67859277473288,0.0,67.67859277473288,122.0,129.0,122.0,54.32140722526712,1
2,U02,1171.887210523948,descend,109.2308517,23.0085095,146.75572204589844,0.9442779541015511,0,0.0,39.556221842319204,0.0,39.556221842319204,122.0,129.0,122.0,82.4437781576808,1
2,U02,1179.5094993423072,descend,109.2308517,23.0085095,127.7,19.999999999999986,0,0.0,66.07482474751174,0.0,66.07482474751174,122.0,129.0,122.0,55.92517525248826,1
3,U03,0.0,setup,109.2308517,23.0085095,127.7,19.999999999999986,0,0.0,66.07482474751174,0.0,66.07482474751174,122.0,129.0,122.0,55.92517525248826,1
3,U03,10.0,setup,109.2308517,23.0085095,127.7,19.999999999999986,0,0.0,66.07482474751174,0.0,66.07482474751174,122.0,129.0,122.0,55.92517525248826,1
3,U03,20.0,setup,109.2308517,23.0085095,127.7,19.999999999999986,0,0.0,66.07482474751174,0.0,66.07482474751174,122.0,129.0,122.0,55.92517525248826,1
3,U03,30.0,setup,109.2308517,23.0085095,127.7,19.999999999999986,0,0.0,66.07482474751174,0.0,66.07482474751174,122.0,129.0,122.0,55.92517525248826,1
3,U03,40.0,setup,109.2308517,23.0085095,127.7,19.999999999999986,0,0.0,66.07482474751174,0.0,66.07482474751174,122.0,129.0,122.0,55.92517525248826,1
3,U03,50.0,setup,109.2308517,23.0085095,127.7,19.999999999999986,0,0.0,66.07482474751174,0.0,66.07482474751174,122.0,129.0,122.0,55.92517525248826,1
3,U03,60.0,setup,109.2308517,23.0085095,127.7,19.999999999999986,0,0.0,66.07482474751174,0.0,66.07482474751174,122.0,129.0,122.0,55.92517525248826,1
3,U03,70.0,setup,109.2308517,23.0085095,127.7,19.999999999999986,0,0.0,66.07482474751174,0.0,66.07482474751174,122.0,129.0,122.0,55.92517525248826,1
3,U03,80.0,setup,109.2308517,23.0085095,127.7,19.999999999999986,0,0.0,66.07482474751174,0.0,66.07482474751174,122.0,129.0,122.0,55.92517525248826,1
3,U03,90.0,setup,109.2308517,23.0085095,127.7,19.999999999999986,0,0.0,66.07482474751174,0.0,66.07482474751174,122.0,129.0,122.0,55.92517525248826,1
3,U03,100.0,setup,109.2308517,23.0085095,127.7,19.999999999999986,0,0.0,66.07482474751174,0.0,66.07482474751174,122.0,129.0,122.0,55.92517525248826,1
3,U03,110.0,setup,109.2308517,23.0085095,127.7,19.999999999999986,0,0.0,66.07482474751174,0.0,66.07482474751174,122.0,129.0,122.0,55.92517525248826,1
3,U03,120.0,setup,109.2308517,23.0085095,127.7,19.999999999999986,0,0.0,66.07482474751174,0.0,66.07482474751174,122.0,129.0,122.0,55.92517525248826,1
3,U03,130.0,setup,109.2308517,23.0085095,127.7,19.999999999999986,0,0.0,66.07482474751174,0.0,66.07482474751174,122.0,129.0,122.0,55.92517525248826,1
3,U03,140.0,setup,109.2308517,23.0085095,127.7,19.999999999999986,0,0.0,66.07482474751174,0.0,66.07482474751174,122.0,129.0,122.0,55.92517525248826,1
3,U03,150.0,setup,109.2308517,23.0085095,127.7,19.999999999999986,0,0.0,66.07482474751174,0.0,66.07482474751174,122.0,129.0,122.0,55.92517525248826,1
3,U03,160.0,setup,109.2308517,23.0085095,127.7,19.999999999999986,0,0.0,66.07482474751174,0.0,66.07482474751174,122.0,129.0,122.0,55.92517525248826,1
3,U03,170.0,setup,109.2308517,23.0085095,127.7,19.999999999999986,0,0.0,66.07482474751174,0.0,66.07482474751174,122.0,129.0,122.0,55.92517525248826,1
3,U03,180.0,setup,109.2308517,23.0085095,127.7,19.999999999999986,0,0.0,66.07482474751174,0.0,66.07482474751174,122.0,129.0,122.0,55.92517525248826,1
3,U03,190.0,setup,109.2308517,23.0085095,127.7,19.999999999999986,0,0.0,66.07482474751174,0.0,66.07482474751174,122.0,129.0,122.0,55.92517525248826,1
3,U03,200.0,setup,109.2308517,23.0085095,127.7,19.999999999999986,0,0.0,66.07482474751174,0.0,66.07482474751174,122.0,129.0,122.0,55.92517525248826,1
3,U03,210.0,setup,109.2308517,23.0085095,127.7,19.999999999999986,0,0.0,66.07482474751174,0.0,66.07482474751174,122.0,129.0,122.0,55.92517525248826,1
3,U03,220.0,setup,109.2308517,23.0085095,127.7,19.999999999999986,0,0.0,66.07482474751174,0.0,66.07482474751174,122.0,129.0,122.0,55.92517525248826,1
3,U03,230.0,setup,109.2308517,23.0085095,127.7,19.999999999999986,0,0.0,66.07482474751174,0.0,66.07482474751174,122.0,129.0,122.0,55.92517525248826,1
3,U03,240.0,setup,109.2308517,23.0085095,127.7,19.999999999999986,0,0.0,66.07482474751174,0.0,66.07482474751174,122.0,129.0,122.0,55.92517525248826,1
3,U03,250.0,setup,109.2308517,23.0085095,127.7,19.999999999999986,0,0.0,66.07482474751174,0.0,66.07482474751174,122.0,129.0,122.0,55.92517525248826,1
3,U03,260.0,setup,109.2308517,23.0085095,127.7,19.999999999999986,0,0.0,66.07482474751174,0.0,66.07482474751174,122.0,129.0,122.0,55.92517525248826,1
3,U03,270.0,setup,109.2308517,23.0085095,127.7,19.999999999999986,0,0.0,66.07482474751174,0.0,66.07482474751174,122.0,129.0,122.0,55.92517525248826,1
3,U03,280.0,setup,109.2308517,23.0085095,127.7,19.999999999999986,0,0.0,66.07482474751174,0.0,66.07482474751174,122.0,129.0,122.0,55.92517525248826,1
3,U03,290.0,setup,109.2308517,23.0085095,127.7,19.999999999999986,0,0.0,66.07482474751174,0.0,66.07482474751174,122.0,129.0,122.0,55.92517525248826,1
3,U03,300.0,setup,109.2308517,23.0085095,127.7,19.999999999999986,0,0.0,66.07482474751174,0.0,66.07482474751174,122.0,129.0,122.0,55.92517525248826,1
3,U03,310.0,setup,109.2308517,23.0085095,127.7,19.999999999999986,0,0.0,66.07482474751174,0.0,66.07482474751174,122.0,129.0,122.0,55.92517525248826,1
3,U03,320.0,setup,109.2308517,23.0085095,127.7,19.999999999999986,0,0.0,66.07482474751174,0.0,66.07482474751174,122.0,129.0,122.0,55.92517525248826,1
3,U03,330.0,climb,109.2308517,23.0085095,127.7,19.999999999999986,0,0.0,66.07482474751174,0.0,66.07482474751174,122.0,129.0,122.0,55.92517525248826,1
3,U03,340.0,climb,109.2308517,23.0085095,157.7,10.0,0,0.0,60.054224834232116,0.0,60.054224834232116,122.0,129.0,122.0,61.945775165767884,1
3,U03,350.0,climb,109.2308517,23.0085095,187.7,40.0,0,0.0,72.09542466079137,0.0,72.09542466079137,122.0,129.0,122.0,49.904575339208634,1
3,U03,360.0,climb,109.2308517,23.0085095,217.70000000000002,70.00000000000003,0,0.0,76.95618563451725,0.0,76.95618563451725,122.0,129.0,122.0,45.043814365482746,1
3,U03,370.0,climb,109.2308517,23.0085095,247.7,100.0,0,0.0,80.05422483423212,0.0,80.05422483423212,122.0,129.0,122.0,41.945775165767884,1
3,U03,380.0,climb,109.2308517,23.0085095,277.7,130.0,0,0.0,82.33309188036885,0.0,82.33309188036885,122.0,129.0,122.0,39.666908119631145,1
3,U03,381.3276306152344,cruise,109.2308517,23.0085095,281.6828918457031,133.98289184570314,0,0.0,82.59521177893872,0.0,82.59521177893872,122.0,129.0,122.0,39.40478822106128,1
3,U03,391.3276306152344,cruise,109.2313366580725,23.009492060889468,281.6828918457031,179.86621563541206,0,-31.782239447699652,85.15321677918787,0.0,85.15321677918787,122.0,129.0,122.0,36.84678322081213,1
3,U03,401.3276306152344,cruise,109.23182161614497,23.010474621778936,281.6828918457031,274.8692496793007,0,-24.776598044002753,88.83674797292903,0.0,88.83674797292903,122.0,129.0,122.0,33.16325202707097,1
3,U03,411.3276306152344,cruise,109.23230657421746,23.011457182668405,281.6828918457031,384.1289553398328,0,-22.25456713867186,91.74376573777239,0.0,91.74376573777239,122.0,129.0,122.0,30.256234262227608,1
3,U03,421.3276306152344,cruise,109.23279153228995,23.012439743557874,281.6828918457031,498.35489121735185,0,-20.955339096531702,94.00499933622777,0.0,94.00499933622777,122.0,129.0,122.0,27.99500066377223,1
3,U03,431.3276306152344,cruise,109.23327649036244,23.013422304447342,281.6828918457031,614.7850246739863,0,-20.16312687571454,95.82869043691956,0.0,95.82869043691956,122.0,129.0,122.0,26.17130956308044,1
3,U03,441.3276306152344,cruise,109.23376144843492,23.01440486533681,281.6828918457031,732.3687824772146,0,-19.62959619638869,97.34882131507135,0.0,97.34882131507135,122.0,129.0,122.0,24.651178684928652,1
3,U03,451.3276306152344,cruise,109.23424640650741,23.01538742622628,281.6828918457031,850.6278333534983,0,-19.245828514768363,98.6490166170302,0.0,98.6490166170302,122.0,129.0,122.0,23.3509833829698,1
3,U03,461.3276306152344,cruise,109.2347313645799,23.01636998711575,281.6828918457031,969.3149905293316,0,-18.9565267240084,99.78352341795437,0.0,99.78352341795437,122.0,129.0,122.0,22.21647658204563,1
3,U03,471.3276306152344,cruise,109.23521632265238,23.017352548005217,281.6828918457031,1088.2901478118415,0,-18.730633544921858,100.78911878549167,0.0,100.78911878549167,122.0,129.0,122.0,21.210881214508333,1
3,U03,481.3276306152344,cruise,109.23570128072487,23.018335108894686,281.6828918457031,1207.4681312819096,0,-18.284375678168402,101.69173837895892,0.0,101.69173837895892,122.0,129.0,122.0,20.308261621041083,1
3,U03,491.3276306152344,cruise,109.23618623879736,23.019317669784154,281.6828918457031,1326.7942454933132,0,-16.94621945499034,102.51029641924976,0.0,102.51029641924976,122.0,129.0,122.0,19.489703580750245,1
3,U03,501.3276306152344,cruise,109.23667119686984,23.020300230673623,281.6828918457031,1446.2317876309091,0,-12.78093525994683,103.25898289287576,0.0,103.25898289287576,122.0,129.0,122.0,18.741017107124236,1
3,U03,511.3276306152344,cruise,109.23715615494233,23.02128279156309,281.6828918457031,1565.7552239708323,0,-7.413726632254452,103.94870222126691,0.0,103.94870222126691,122.0,129.0,122.0,18.051297778733087,1
3,U03,521.3276306152344,cruise,109.23764111301482,23.02226535245256,281.6828918457031,1685.3462480059486,0,-2.8064767483061246,104.58800760485347,0.0,104.58800760485347,122.0,129.0,122.0,17.411992395146527,1
3,U03,531.3276306152344,cruise,109.23812607108731,23.02324791334203,281.6828918457031,1804.9913957293961,1,1.1915500104919943,105.18372755412216,10.0,115.18372755412216,122.0,129.0,122.0,6.816272445877843,1
3,U03,541.3276306152344,cruise,109.23861102915978,23.024230474231498,281.6828918457031,1924.6805456043328,1,0.1798261302386095,105.7413979652079,10.0,115.7413979652079,122.0,129.0,122.0,6.258602034792105,1
3,U03,551.3276306152344,cruise,109.23909598723228,23.025213035120967,281.6828918457031,2044.4059430182035,1,3.15166416585879,106.26556752951711,10.0,116.26556752951711,122.0,129.0,122.0,5.734432470482886,1
3,U03,561.3276306152344,cruise,109.23958094530477,23.026195596010435,281.6828918457031,2164.1615472450835,1,5.795575245824352,106.76001835902694,10.0,116.76001835902694,122.0,129.0,122.0,5.239981640973056,1
3,U03,571.3276306152344,cruise,109.24006590337724,23.027178156899904,281.6828918457031,2283.942583134297,1,8.162998892590906,107.22792847070504,10.0,117.22792847070504,122.0,129.0,122.0,4.772071529294962,1
3,U03,581.3276306152344,cruise,109.24055086144973,23.028160717789373,281.6828918457031,2403.745226421181,1,10.295150624150835,107.67199352993977,10.0,117.67199352993977,122.0,129.0,122.0,4.328006470060231,1
3,U03,591.3276306152344,cruise,109.24103581952222,23.02914327867884,281.6828918457031,2523.5663784169074,1,12.225441836746484,108.09451948720174,10.0,118.09451948720174,122.0,129.0,122.0,3.9054805127982632,1
3,U03,601.3276306152344,cruise,109.2415207775947,23.03012583956831,281.6828918457031,2643.403501829903,1,16.502057315804848,108.49749405405778,10.0,118.49749405405778,122.0,129.0,122.0,3.502505945942218,1
3,U03,611.3276306152344,cruise,109.24200573566719,23.03110840045778,281.6828918457031,2763.2544992108224,1,18.3024076719542,108.8826425507519,10.0,118.8826425507519,122.0,129.0,122.0,3.1173574492481038,1
3,U03,621.3276306152344,cruise,109.24249069373968,23.03209096134725,281.6828918457031,2883.1176216493313,1,19.953506185106676,109.25147204475205,10.0,119.25147204475205,122.0,129.0,122.0,2.748527955247951,1
3,U03,631.3276306152344,cruise,109.24297565181217,23.03307352223672,281.6828918457031,3002.991399299759,1,21.473173970844016,109.60530660147512,10.0,119.60530660147512,122.0,129.0,122.0,2.394693398524879,1
3,U03,636.6115551928008,descend,109.2432319,23.0335927,281.6828918457031,3066.335670565073,1,22.188529782178932,109.7866187375844,10.0,119.7866187375844,122.0,129.0,122.0,2.213381262415595,1
3,U03,646.6115551928008,descend,109.2432319,23.0335927,256.6828918457031,3065.345053984538,1,28.895846855349646,109.78381220320874,10.0,119.78381220320874,122.0,129.0,122.0,2.21618779679126,1
3,U03,656.6115551928008,descend,109.2432319,23.0335927,231.68289184570312,3064.5580685304667,1,35.60316392852039,109.78158193343064,10.0,119.78158193343064,122.0,129.0,122.0,2.218418066569356,1
3,U03,666.6115551928008,descend,109.2432319,23.0335927,206.68289184570312,3063.974871111527,1,42.31048100169113,109.77992881726621,10.0,119.77992881726621,122.0,129.0,122.0,2.22007118273379,1
3,U03,675.684711931082,handover,109.2432319,23.0335927,184.0,3063.62215674068,1,52.51417108303164,109.77892886962331,10.0,119.77892886962331,122.0,129.0,122.0,2.2210711303766857,1
3,U03,685.684711931082,handover,109.2432319,23.0335927,184.0,3063.62215674068,1,52.51417108303164,109.77892886962331,10.0,119.77892886962331,122.0,129.0,122.0,2.2210711303766857,1
3,U03,695.684711931082,handover,109.2432319,23.0335927,184.0,3063.62215674068,1,52.51417108303164,109.77892886962331,10.0,119.77892886962331,122.0,129.0,122.0,2.2210711303766857,1
3,U03,705.684711931082,handover,109.2432319,23.0335927,184.0,3063.62215674068,1,52.51417108303164,109.77892886962331,10.0,119.77892886962331,122.0,129.0,122.0,2.2210711303766857,1
3,U03,715.684711931082,handover,109.2432319,23.0335927,184.0,3063.62215674068,1,52.51417108303164,109.77892886962331,10.0,119.77892886962331,122.0,129.0,122.0,2.2210711303766857,1
3,U03,725.684711931082,handover,109.2432319,23.0335927,184.0,3063.62215674068,1,52.51417108303164,109.77892886962331,10.0,119.77892886962331,122.0,129.0,122.0,2.2210711303766857,1
3,U03,735.684711931082,handover,109.2432319,23.0335927,184.0,3063.62215674068,1,52.51417108303164,109.77892886962331,10.0,119.77892886962331,122.0,129.0,122.0,2.2210711303766857,1
3,U03,745.684711931082,handover,109.2432319,23.0335927,184.0,3063.62215674068,1,52.51417108303164,109.77892886962331,10.0,119.77892886962331,122.0,129.0,122.0,2.2210711303766857,1
3,U03,755.684711931082,handover,109.2432319,23.0335927,184.0,3063.62215674068,1,52.51417108303164,109.77892886962331,10.0,119.77892886962331,122.0,129.0,122.0,2.2210711303766857,1
3,U03,765.684711931082,handover,109.2432319,23.0335927,184.0,3063.62215674068,1,52.51417108303164,109.77892886962331,10.0,119.77892886962331,122.0,129.0,122.0,2.2210711303766857,1
3,U03,775.684711931082,handover,109.2432319,23.0335927,184.0,3063.62215674068,1,52.51417108303164,109.77892886962331,10.0,119.77892886962331,122.0,129.0,122.0,2.2210711303766857,1
3,U03,785.684711931082,handover,109.2432319,23.0335927,184.0,3063.62215674068,1,52.51417108303164,109.77892886962331,10.0,119.77892886962331,122.0,129.0,122.0,2.2210711303766857,1
3,U03,795.684711931082,handover,109.2432319,23.0335927,184.0,3063.62215674068,1,52.51417108303164,109.77892886962331,10.0,119.77892886962331,122.0,129.0,122.0,2.2210711303766857,1
3,U03,805.684711931082,handover,109.2432319,23.0335927,184.0,3063.62215674068,1,52.51417108303164,109.77892886962331,10.0,119.77892886962331,122.0,129.0,122.0,2.2210711303766857,1
3,U03,815.684711931082,handover,109.2432319,23.0335927,184.0,3063.62215674068,1,52.51417108303164,109.77892886962331,10.0,119.77892886962331,122.0,129.0,122.0,2.2210711303766857,1
3,U03,825.684711931082,handover,109.2432319,23.0335927,184.0,3063.62215674068,1,52.51417108303164,109.77892886962331,10.0,119.77892886962331,122.0,129.0,122.0,2.2210711303766857,1
3,U03,835.684711931082,handover,109.2432319,23.0335927,184.0,3063.62215674068,1,52.51417108303164,109.77892886962331,10.0,119.77892886962331,122.0,129.0,122.0,2.2210711303766857,1
3,U03,845.684711931082,handover,109.2432319,23.0335927,184.0,3063.62215674068,1,52.51417108303164,109.77892886962331,10.0,119.77892886962331,122.0,129.0,122.0,2.2210711303766857,1
3,U03,855.684711931082,climb,109.2432319,23.0335927,184.0,3063.62215674068,1,52.51417108303164,109.77892886962331,10.0,119.77892886962331,122.0,129.0,122.0,2.2210711303766857,1
3,U03,865.684711931082,climb,109.2432319,23.0335927,214.0,3064.124462105353,1,40.34735442370905,109.7803528739901,10.0,119.7803528739901,122.0,129.0,122.0,2.219647126009903,1
3,U03,875.684711931082,climb,109.2432319,23.0335927,244.0,3064.9203446863703,1,32.29857393590416,109.78260867355442,10.0,119.78260867355442,122.0,129.0,122.0,2.217391326445579,1
3,U03,876.6032859463814,cruise,109.2432319,23.0335927,246.75572204589844,3065.008167255424,1,31.55923387480948,109.78285755643816,10.0,119.78285755643816,122.0,129.0,122.0,2.2171424435618405,1
3,U03,886.6032859463814,cruise,109.2427469419275,23.03261013911053,246.75572204589844,2945.075239087808,1,30.480008476760815,109.43615272164027,10.0,119.43615272164027,122.0,129.0,122.0,2.563847278359731,1
3,U03,896.6032859463814,cruise,109.24226198385503,23.031627578221062,246.75572204589844,2825.147701737442,1,29.30942008205193,109.07504799679398,10.0,119.07504799679398,122.0,129.0,122.0,2.924952003206016,1
3,U03,906.6032859463814,cruise,109.24177702578254,23.030645017331594,246.75572204589844,2705.226292078744,1,28.035354260186466,108.69829682781979,10.0,118.69829682781979,122.0,129.0,122.0,3.3017031721802113,1
3,U03,916.6032859463814,cruise,109.24129206771005,23.029662456442125,246.75572204589844,2585.3118836683793,1,26.643455761154257,108.30448368368828,10.0,118.30448368368828,122.0,129.0,122.0,3.695516316311725,1
3,U03,926.6032859463814,cruise,109.24080710963756,23.028679895552656,246.75572204589844,2465.405519961172,1,25.11658528645833,107.89199211458293,10.0,117.89199211458293,122.0,129.0,122.0,4.1080078854170665,1
3,U03,936.6032859463814,cruise,109.24032215156508,23.027697334663188,246.75572204589844,2345.508457707937,1,23.43411017739851,107.45896490054596,10.0,117.45896490054596,122.0,129.0,122.0,4.541035099454035,1
3,U03,946.6032859463814,cruise,109.23983719349259,23.02671477377372,246.75572204589844,2225.622224360408,1,21.570966600251666,107.00325382217446,10.0,117.00325382217446,122.0,129.0,122.0,4.996746177825543,1
3,U03,956.6032859463814,cruise,109.2393522354201,23.02573221288425,246.75572204589844,2105.748695067175,1,19.49640247534353,106.522355638858,10.0,116.522355638858,122.0,129.0,122.0,5.477644361141998,1
3,U03,966.6032859463814,cruise,109.23886727734762,23.02474965199478,246.75572204589844,1985.8901975091765,1,14.578339104903364,106.01332947639048,10.0,116.01332947639048,122.0,129.0,122.0,5.986670523609519,1
3,U03,976.6032859463814,cruise,109.23838231927513,23.023767091105313,246.75572204589844,1866.049657073666,1,12.24270944824218,105.47268876398661,10.0,115.47268876398661,122.0,129.0,122.0,6.527311236013389,1
3,U03,986.6032859463814,cruise,109.23789736120264,23.022784530215844,246.75572204589844,1746.2308017051566,1,9.587677445370929,104.89625772337014,10.0,114.89625772337014,122.0,129.0,122.0,7.103742276629859,1
3,U03,996.6032859463814,cruise,109.23741240313016,23.021801969326376,246.75572204589844,1626.4384571128,1,6.542915974188304,104.27897752698942,10.0,114.27897752698942,122.0,129.0,122.0,7.721022473010578,1
3,U03,1006.6032859463814,cruise,109.23692744505767,23.020819408436907,246.75572204589844,1506.6789824789903,1,3.0158160521252455,103.6146394360772,10.0,113.6146394360772,122.0,129.0,122.0,8.385360563922802,1
3,U03,1016.6032859463814,cruise,109.23644248698518,23.019836847547438,246.75572204589844,1386.9609312993678,1,3.342798146893898,102.89550939008757,10.0,112.89550939008757,122.0,129.0,122.0,9.104490609912432,1
3,U03,1026.6032859463814,cruise,109.23595752891269,23.01885428665797,246.75572204589844,1267.2960856141026,0,-1.769755249023433,102.11178670294737,0.0,102.11178670294737,122.0,129.0,122.0,19.88821329705263,1
3,U03,1036.6032859463814,cruise,109.23547257084022,23.0178717257685,246.75572204589844,1147.7011348522599,0,-7.944657402533977,101.25080105570439,0.0,101.25080105570439,122.0,129.0,122.0,20.749198944295614,1
3,U03,1046.6032859463814,cruise,109.23498761276772,23.016889164879032,246.75572204589844,1028.2005211226526,0,-15.551420924974536,100.29578122712114,0.0,100.29578122712114,122.0,129.0,122.0,21.70421877287886,1
3,U03,1056.6032859463814,cruise,109.23450265469523,23.015906603989563,246.75572204589844,908.8315170589347,0,-18.012166357822082,99.22389242180522,0.0,99.22389242180522,122.0,129.0,122.0,22.776107578194782,1
3,U03,1066.6032859463814,cruise,109.23401769662276,23.014924043100095,246.75572204589844,789.6538779254003,0,-18.76422735250219,98.00296028418684,0.0,98.00296028418684,122.0,129.0,122.0,23.99703971581316,1
3,U03,1076.6032859463814,cruise,109.23353273855027,23.013941482210626,246.75572204589844,670.769692882894,0,-19.096489732530358,96.5856934707226,0.0,96.5856934707226,122.0,129.0,122.0,25.414306529277397,1
3,U03,1086.6032859463814,cruise,109.23304778047778,23.012958921321157,246.75572204589844,552.3685689682756,0,-19.572433141759916,94.89880399948932,0.0,94.89880399948932,122.0,129.0,122.0,27.101196000510683,1
3,U03,1096.6032859463814,cruise,109.2325628224053,23.01197636043169,246.75572204589844,434.8453976753015,0,-20.310966018150566,92.82092239305405,0.0,92.82092239305405,122.0,129.0,122.0,29.179077606945953,1
3,U03,1106.6032859463814,cruise,109.23207786433281,23.01099379954222,246.75572204589844,319.1716469924958,0,-21.61219060988651,90.13471092755447,0.0,90.13471092755447,122.0,129.0,122.0,31.865289072445535,1
3,U03,1116.6032859463814,cruise,109.23159290626032,23.010011238652748,246.75572204589844,208.44952564384045,0,-24.514922391451307,86.43424305753966,0.0,86.43424305753966,122.0,129.0,122.0,35.56575694246034,1
3,U03,1126.6032859463814,cruise,109.23110794818783,23.00902867776328,246.75572204589844,117.61216360813133,0,-36.70639587402343,81.46326962187734,0.0,81.46326962187734,122.0,129.0,122.0,40.536730378122655,1
3,U03,1131.887210523948,descend,109.2308517,23.0085095,246.75572204589844,99.05572204589845,0,0.0,79.97181619470815,0.0,79.97181619470815,122.0,129.0,122.0,42.028183805291846,1
3,U03,1141.887210523948,descend,109.2308517,23.0085095,221.75572204589844,74.05572204589845,0,0.0,77.44539724787914,0.0,77.44539724787914,122.0,129.0,122.0,44.55460275212086,1
3,U03,1151.887210523948,descend,109.2308517,23.0085095,196.75572204589844,49.05572204589845,0,0.0,73.86801828283086,0.0,73.86801828283086,122.0,129.0,122.0,48.13198171716914,1
3,U03,1161.887210523948,descend,109.2308517,23.0085095,171.75572204589844,24.05572204589845,0,0.0,67.67859277473288,0.0,67.67859277473288,122.0,129.0,122.0,54.32140722526712,1
3,U03,1171.887210523948,descend,109.2308517,23.0085095,146.75572204589844,0.9442779541015511,0,0.0,39.556221842319204,0.0,39.556221842319204,122.0,129.0,122.0,82.4437781576808,1
3,U03,1179.5094993423072,descend,109.2308517,23.0085095,127.7,19.999999999999986,0,0.0,66.07482474751174,0.0,66.07482474751174,122.0,129.0,122.0,55.92517525248826,1
4,U05,0.0,setup,109.2308517,23.0085095,127.7,19.999999999999986,0,0.0,66.07482474751174,0.0,66.07482474751174,122.0,129.0,122.0,55.92517525248826,1
4,U05,10.0,setup,109.2308517,23.0085095,127.7,19.999999999999986,0,0.0,66.07482474751174,0.0,66.07482474751174,122.0,129.0,122.0,55.92517525248826,1
4,U05,20.0,setup,109.2308517,23.0085095,127.7,19.999999999999986,0,0.0,66.07482474751174,0.0,66.07482474751174,122.0,129.0,122.0,55.92517525248826,1
4,U05,30.0,setup,109.2308517,23.0085095,127.7,19.999999999999986,0,0.0,66.07482474751174,0.0,66.07482474751174,122.0,129.0,122.0,55.92517525248826,1
4,U05,40.0,setup,109.2308517,23.0085095,127.7,19.999999999999986,0,0.0,66.07482474751174,0.0,66.07482474751174,122.0,129.0,122.0,55.92517525248826,1
4,U05,50.0,setup,109.2308517,23.0085095,127.7,19.999999999999986,0,0.0,66.07482474751174,0.0,66.07482474751174,122.0,129.0,122.0,55.92517525248826,1
4,U05,60.0,setup,109.2308517,23.0085095,127.7,19.999999999999986,0,0.0,66.07482474751174,0.0,66.07482474751174,122.0,129.0,122.0,55.92517525248826,1
4,U05,70.0,setup,109.2308517,23.0085095,127.7,19.999999999999986,0,0.0,66.07482474751174,0.0,66.07482474751174,122.0,129.0,122.0,55.92517525248826,1
4,U05,80.0,setup,109.2308517,23.0085095,127.7,19.999999999999986,0,0.0,66.07482474751174,0.0,66.07482474751174,122.0,129.0,122.0,55.92517525248826,1
4,U05,90.0,setup,109.2308517,23.0085095,127.7,19.999999999999986,0,0.0,66.07482474751174,0.0,66.07482474751174,122.0,129.0,122.0,55.92517525248826,1
4,U05,100.0,setup,109.2308517,23.0085095,127.7,19.999999999999986,0,0.0,66.07482474751174,0.0,66.07482474751174,122.0,129.0,122.0,55.92517525248826,1
4,U05,110.0,setup,109.2308517,23.0085095,127.7,19.999999999999986,0,0.0,66.07482474751174,0.0,66.07482474751174,122.0,129.0,122.0,55.92517525248826,1
4,U05,120.0,setup,109.2308517,23.0085095,127.7,19.999999999999986,0,0.0,66.07482474751174,0.0,66.07482474751174,122.0,129.0,122.0,55.92517525248826,1
4,U05,130.0,setup,109.2308517,23.0085095,127.7,19.999999999999986,0,0.0,66.07482474751174,0.0,66.07482474751174,122.0,129.0,122.0,55.92517525248826,1
4,U05,140.0,setup,109.2308517,23.0085095,127.7,19.999999999999986,0,0.0,66.07482474751174,0.0,66.07482474751174,122.0,129.0,122.0,55.92517525248826,1
4,U05,150.0,setup,109.2308517,23.0085095,127.7,19.999999999999986,0,0.0,66.07482474751174,0.0,66.07482474751174,122.0,129.0,122.0,55.92517525248826,1
4,U05,160.0,setup,109.2308517,23.0085095,127.7,19.999999999999986,0,0.0,66.07482474751174,0.0,66.07482474751174,122.0,129.0,122.0,55.92517525248826,1
4,U05,170.0,setup,109.2308517,23.0085095,127.7,19.999999999999986,0,0.0,66.07482474751174,0.0,66.07482474751174,122.0,129.0,122.0,55.92517525248826,1
4,U05,180.0,setup,109.2308517,23.0085095,127.7,19.999999999999986,0,0.0,66.07482474751174,0.0,66.07482474751174,122.0,129.0,122.0,55.92517525248826,1
4,U05,190.0,setup,109.2308517,23.0085095,127.7,19.999999999999986,0,0.0,66.07482474751174,0.0,66.07482474751174,122.0,129.0,122.0,55.92517525248826,1
4,U05,200.0,setup,109.2308517,23.0085095,127.7,19.999999999999986,0,0.0,66.07482474751174,0.0,66.07482474751174,122.0,129.0,122.0,55.92517525248826,1
4,U05,210.0,setup,109.2308517,23.0085095,127.7,19.999999999999986,0,0.0,66.07482474751174,0.0,66.07482474751174,122.0,129.0,122.0,55.92517525248826,1
4,U05,220.0,setup,109.2308517,23.0085095,127.7,19.999999999999986,0,0.0,66.07482474751174,0.0,66.07482474751174,122.0,129.0,122.0,55.92517525248826,1
4,U05,230.0,setup,109.2308517,23.0085095,127.7,19.999999999999986,0,0.0,66.07482474751174,0.0,66.07482474751174,122.0,129.0,122.0,55.92517525248826,1
4,U05,240.0,setup,109.2308517,23.0085095,127.7,19.999999999999986,0,0.0,66.07482474751174,0.0,66.07482474751174,122.0,129.0,122.0,55.92517525248826,1
4,U05,250.0,setup,109.2308517,23.0085095,127.7,19.999999999999986,0,0.0,66.07482474751174,0.0,66.07482474751174,122.0,129.0,122.0,55.92517525248826,1
4,U05,260.0,setup,109.2308517,23.0085095,127.7,19.999999999999986,0,0.0,66.07482474751174,0.0,66.07482474751174,122.0,129.0,122.0,55.92517525248826,1
4,U05,270.0,setup,109.2308517,23.0085095,127.7,19.999999999999986,0,0.0,66.07482474751174,0.0,66.07482474751174,122.0,129.0,122.0,55.92517525248826,1
4,U05,280.0,setup,109.2308517,23.0085095,127.7,19.999999999999986,0,0.0,66.07482474751174,0.0,66.07482474751174,122.0,129.0,122.0,55.92517525248826,1
4,U05,290.0,setup,109.2308517,23.0085095,127.7,19.999999999999986,0,0.0,66.07482474751174,0.0,66.07482474751174,122.0,129.0,122.0,55.92517525248826,1
4,U05,300.0,setup,109.2308517,23.0085095,127.7,19.999999999999986,0,0.0,66.07482474751174,0.0,66.07482474751174,122.0,129.0,122.0,55.92517525248826,1
4,U05,310.0,setup,109.2308517,23.0085095,127.7,19.999999999999986,0,0.0,66.07482474751174,0.0,66.07482474751174,122.0,129.0,122.0,55.92517525248826,1
4,U05,320.0,setup,109.2308517,23.0085095,127.7,19.999999999999986,0,0.0,66.07482474751174,0.0,66.07482474751174,122.0,129.0,122.0,55.92517525248826,1
4,U05,330.0,setup,109.2308517,23.0085095,127.7,19.999999999999986,0,0.0,66.07482474751174,0.0,66.07482474751174,122.0,129.0,122.0,55.92517525248826,1
4,U05,340.0,setup,109.2308517,23.0085095,127.7,19.999999999999986,0,0.0,66.07482474751174,0.0,66.07482474751174,122.0,129.0,122.0,55.92517525248826,1
4,U05,350.0,setup,109.2308517,23.0085095,127.7,19.999999999999986,0,0.0,66.07482474751174,0.0,66.07482474751174,122.0,129.0,122.0,55.92517525248826,1
4,U05,360.0,setup,109.2308517,23.0085095,127.7,19.999999999999986,0,0.0,66.07482474751174,0.0,66.07482474751174,122.0,129.0,122.0,55.92517525248826,1
4,U05,370.0,setup,109.2308517,23.0085095,127.7,19.999999999999986,0,0.0,66.07482474751174,0.0,66.07482474751174,122.0,129.0,122.0,55.92517525248826,1
4,U05,380.0,setup,109.2308517,23.0085095,127.7,19.999999999999986,0,0.0,66.07482474751174,0.0,66.07482474751174,122.0,129.0,122.0,55.92517525248826,1
4,U05,390.0,climb,109.2308517,23.0085095,127.7,19.999999999999986,0,0.0,66.07482474751174,0.0,66.07482474751174,122.0,129.0,122.0,55.92517525248826,1
4,U05,400.0,climb,109.2308517,23.0085095,157.70000000000002,10.000000000000028,0,0.0,60.05422483423214,0.0,60.05422483423214,122.0,129.0,122.0,61.94577516576786,1
4,U05,410.0,climb,109.2308517,23.0085095,187.70000000000002,40.00000000000003,0,0.0,72.09542466079137,0.0,72.09542466079137,122.0,129.0,122.0,49.904575339208634,1
4,U05,420.0,climb,109.2308517,23.0085095,217.7,70.0,0,0.0,76.95618563451725,0.0,76.95618563451725,122.0,129.0,122.0,45.043814365482746,1
4,U05,430.0,climb,109.2308517,23.0085095,247.70000000000002,100.00000000000003,0,0.0,80.05422483423212,0.0,80.05422483423212,122.0,129.0,122.0,41.945775165767884,1
4,U05,440.0,climb,109.2308517,23.0085095,277.7,130.0,0,0.0,82.33309188036885,0.0,82.33309188036885,122.0,129.0,122.0,39.666908119631145,1
4,U05,450.0,climb,109.2308517,23.0085095,307.7,160.0,0,0.0,84.13662448735062,0.0,84.13662448735062,122.0,129.0,122.0,37.863375512649384,1
4,U05,460.0,climb,109.2308517,23.0085095,337.70000000000005,190.00000000000006,0,0.0,85.6292968532887,0.0,85.6292968532887,122.0,129.0,122.0,36.37070314671131,1
4,U05,463.0587198893229,cruise,109.2308517,23.0085095,346.87615966796875,199.17615966796876,0,0.0,86.0389719231879,0.0,86.0389719231879,122.0,129.0,122.0,35.9610280768121,1
4,U05,473.0587198893229,cruise,109.23141052718165,23.009756615731447,346.87615966796875,249.34436512551494,0,-35.00217507102272,87.99021599716681,0.0,87.99021599716681,122.0,129.0,122.0,34.009784002833186,1
4,U05,483.0587198893229,cruise,109.2319693543633,23.011003731462893,346.87615966796875,360.1067910842086,0,-26.379830496651778,91.1828510663003,0.0,91.1828510663003,122.0,129.0,122.0,30.8171489336997,1
4,U05,493.0587198893229,cruise,109.23252818154495,23.01225084719434,346.87615966796875,492.12176017261277,0,-23.320288873487897,93.89567620782393,0.0,93.89567620782393,122.0,129.0,122.0,28.104323792176075,1
4,U05,503.0587198893229,cruise,109.2330870087266,23.01349796292579,346.87615966796875,632.2129455477676,0,-21.75320657869665,96.07149252328463,0.0,96.07149252328463,122.0,129.0,122.0,25.928507476715367,1
4,U05,513.0587198893229,cruise,109.23364583590825,23.01474507865724,346.87615966796875,776.0185980812687,0,-20.800666360294116,97.85166742814023,0.0,97.85166742814023,122.0,129.0,122.0,24.14833257185977,1
4,U05,523.0587198893229,cruise,109.23420466308988,23.015992194388684,346.87615966796875,921.8018298449384,0,-20.16043441022029,99.34697615215383,0.0,99.34697615215383,122.0,129.0,122.0,22.65302384784617,1
4,U05,533.0587198893229,cruise,109.23476349027153,23.017239310120132,346.87615966796875,1068.75360763983,0,-19.700549488336264,100.63177670873075,0.0,100.63177670873075,122.0,129.0,122.0,21.368223291269246,1
4,U05,543.0587198893229,cruise,109.23532231745318,23.01848642585158,346.87615966796875,1216.4504363421095,0,-19.354216399016195,101.75611320459745,0.0,101.75611320459745,122.0,129.0,122.0,20.243886795402545,1
4,U05,553.0587198893229,cruise,109.23588114463483,23.01973354158303,346.87615966796875,1364.6503591368455,0,-19.084000472184044,102.75465271087474,0.0,102.75465271087474,122.0,129.0,122.0,19.245347289125263,1
4,U05,563.0587198893229,cruise,109.23643997181648,23.020980657314475,346.87615966796875,1513.2055075761987,0,-18.867292649675107,103.65218310051881,0.0,103.65218310051881,122.0,129.0,122.0,18.347816899481188,1
4,U05,573.0587198893229,cruise,109.23699879899813,23.022227773045923,346.87615966796875,1662.0205771707886,0,-18.68963128167229,104.4669527622602,0.0,104.4669527622602,122.0,129.0,122.0,17.533047237739794,1
4,U05,583.0587198893229,cruise,109.23755762617978,23.023474888777372,346.87615966796875,1811.031444641199,0,-18.541335429041823,105.21274465349619,0.0,105.21274465349619,122.0,129.0,122.0,16.787255346503812,1
4,U05,593.0587198893229,cruise,109.23811645336143,23.02472200450882,346.87615966796875,1960.1934114300705,0,-17.672200815914238,105.90020333659308,0.0,105.90020333659308,122.0,129.0,122.0,16.09979666340692,1
4,U05,603.0587198893229,cruise,109.23867528054308,23.025969120240266,346.87615966796875,2109.4743818221596,0,-16.59388258913728,106.53770994481832,0.0,106.53770994481832,122.0,129.0,122.0,15.462290055181683,1
4,U05,613.0587198893229,cruise,109.23923410772473,23.027216235971714,346.87615966796875,2258.8507219251865,0,-14.879818260748664,107.13197545718734,0.0,107.13197545718734,122.0,129.0,122.0,14.868024542812663,1
4,U05,623.0587198893229,cruise,109.23979293490638,23.028463351703163,346.87615966796875,2408.304648034313,0,-10.78339771720934,107.68845331145886,0.0,107.68845331145886,122.0,129.0,122.0,14.311546688541142,1
4,U05,633.0587198893229,cruise,109.24035176208803,23.02971046743461,346.87615966796875,2557.8225246005513,0,-7.1660906875342505,108.2116329845392,0.0,108.2116329845392,122.0,129.0,122.0,13.788367015460807,1
4,U05,643.0587198893229,cruise,109.24091058926966,23.030957583166057,346.87615966796875,2707.3937229631415,0,-3.9484860920774167,108.70525318773937,0.0,108.70525318773937,122.0,129.0,122.0,13.294746812260627,1
4,U05,653.0587198893229,cruise,109.24146941645131,23.032204698897505,346.87615966796875,2857.009836782421,0,-1.067803443788847,109.17245954775306,0.0,109.17245954775306,122.0,129.0,122.0,12.827540452246936,1
4,U05,663.0587198893229,cruise,109.24202824363296,23.033451814628954,346.87615966796875,3006.6641306754896,1,1.5262441151177768,109.61592316450849,10.0,119.61592316450849,122.0,129.0,122.0,2.3840768354915127,1
4,U05,673.0587198893229,cruise,109.24258707081461,23.034698930360403,346.87615966796875,3156.3511450936953,1,3.874410388819996,110.03793108678818,10.0,120.03793108678818,122.0,129.0,122.0,1.962068913211823,1
4,U05,683.0587198893229,cruise,109.24314589799626,23.035946046091848,346.87615966796875,3306.066408153147,1,6.010072927345533,110.440456292049,10.0,120.440456292049,122.0,129.0,122.0,1.5595437079509935,1
4,U05,693.0587198893229,cruise,109.2437047251779,23.037193161823296,346.87615966796875,3455.806222136836,1,7.960829618379677,110.82521247902602,10.0,120.82521247902602,122.0,129.0,122.0,1.1747875209739789,1
4,U05,703.0587198893229,cruise,109.24426355235956,23.038440277554745,346.87615966796875,3605.5675030364578,1,9.749697787336288,111.19369744995944,10.0,121.19369744995944,122.0,129.0,122.0,0.8063025500405558,1
4,U05,713.0587198893229,cruise,109.2448223795412,23.039687393286194,346.87615966796875,3755.347658390909,1,11.396026659961706,111.54722781087145,10.0,121.54722781087145,122.0,129.0,122.0,0.4527721891285523,1
4,U05,723.0587198893229,cruise,109.24538120672285,23.04093450901764,346.87615966796875,3905.1444931676997,1,12.916200063420462,111.8869669886365,10.0,121.8869669886365,122.0,129.0,122.0,0.1130330113634983,1
4,U05,733.0587198893229,cruise,109.2459400339045,23.042181624749087,346.87615966796875,4054.956136461296,1,14.324183547804722,112.21394804810608,10.0,122.21394804810608,122.0,129.0,122.0,-0.21394804810607582,0
4,U05,743.0587198893229,cruise,109.24649886108615,23.043428740480536,346.87615966796875,4204.780983826419,1,9.707360590055742,112.52909242315187,10.0,122.52909242315187,122.0,129.0,122.0,-0.5290924231518659,0
4,U05,753.0587198893229,cruise,109.2470576882678,23.044675856211985,346.87615966796875,4354.617651496198,1,10.827819352297439,112.83322540739702,10.0,122.83322540739702,122.0,129.0,122.0,-0.8332254073970233,0
4,U05,763.0587198893229,cruise,109.24761651544944,23.04592297194343,346.87615966796875,4504.464939719422,1,11.873829027347,113.12708905339508,10.0,123.12708905339508,122.0,129.0,122.0,-1.127089053395082,0
4,U05,773.0587198893229,cruise,109.24817534263109,23.04717008767488,346.87615966796875,4654.3218031729775,1,12.852571199177959,113.41135298269502,10.0,123.41135298269502,122.0,129.0,122.0,-1.4113529826950213,0
4,U05,783.0587198893229,cruise,109.24873416981274,23.048417203406327,346.87615966796875,4804.187326895311,1,13.770332550334047,113.68662349931914,10.0,123.68662349931914,122.0,129.0,122.0,-1.6866234993191398,0
4,U05,793.0587198893229,cruise,109.24929299699438,23.049664319137776,346.87615966796875,4954.060706590106,1,14.632640043414284,113.95345131594856,10.0,123.95345131594856,122.0,129.0,122.0,-1.9534513159485556,0
4,U05,803.0587198893229,cruise,109.24985182417603,23.05091143486922,346.87615966796875,5103.941232389886,1,15.444372316958976,114.2123381383229,10.0,124.2123381383229,122.0,129.0,122.0,-2.212338138322906,0
4,U05,813.0587198893229,cruise,109.25041065135768,23.05215855060067,346.87615966796875,5253.828275400678,1,16.209852039304565,114.463742304243,10.0,124.463742304243,122.0,129.0,122.0,-2.4637423042429987,0
4,U05,823.0587198893229,cruise,109.25096947853933,23.053405666332118,346.87615966796875,5403.721276477385,1,16.93292291276674,114.70808363527483,10.0,124.70808363527483,122.0,129.0,122.0,-2.708083635274832,0
4,U05,833.0587198893229,cruise,109.25152830572098,23.054652782063567,346.87615966796875,5553.619736819276,1,17.617014224317188,114.94574762931987,10.0,124.94574762931987,122.0,129.0,122.0,-2.945747629319868,0
4,U05,843.0587198893229,cruise,109.25208713290263,23.055899897795012,346.87615966796875,5703.523210044907,1,18.265195230799407,115.17708909852328,10.0,125.17708909852328,122.0,129.0,122.0,-3.1770890985232825,0
4,U05,853.0587198893229,cruise,109.25264596008428,23.05714701352646,346.87615966796875,5853.431295485466,1,18.880221198586867,115.40243533820899,10.0,125.40243533820899,122.0,129.0,122.0,-3.4024353382089885,0
4,U05,863.0587198893229,cruise,109.25320478726593,23.05839412925791,346.87615966796875,6003.343632478941,1,19.464572554514604,115.62208889747862,10.0,125.62208889747862,122.0,129.0,122.0,-3.622088897478619,0
4,U05,873.0587198893229,cruise,109.25376361444758,23.059641244989358,346.87615966796875,6153.2598955006115,1,20.020488321346107,115.83633001003163,10.0,125.83633001003163,122.0,129.0,122.0,-3.836330010031631,0
4,U05,883.0587198893229,cruise,109.25432244162921,23.060888360720803,346.87615966796875,6303.179789985543,1,20.549994788090572,116.04541873395533,10.0,126.04541873395533,122.0,129.0,122.0,-4.04541873395533,0
4,U05,893.0587198893229,cruise,109.25488126881086,23.06213547645225,346.87615966796875,6453.103048737502,1,21.054930189092886,116.24959684128933,10.0,126.24959684128933,122.0,129.0,122.0,-4.249596841289332,0
4,U05,903.0587198893229,cruise,109.25544009599251,23.0633825921837,346.87615966796875,6603.029428818403,1,21.53696602542385,116.44908949162617,10.0,126.44908949162617,122.0,129.0,122.0,-4.449089491626168,0
4,U05,913.0587198893229,cruise,109.25599892317416,23.06462970791515,346.87615966796875,6752.9587088602475,1,21.997625549722414,116.64410671870249,10.0,126.64410671870249,122.0,129.0,122.0,-4.6441067187024885,0
4,U05,923.0587198893229,cruise,109.25655775035581,23.065876823646594,346.87615966796875,6902.890686721259,1,22.438299845201072,116.83484475446919,10.0,126.83484475446919,122.0,129.0,122.0,-4.834844754469188,0
4,U05,933.0587198893229,cruise,109.25711657753746,23.067123939378043,346.87615966796875,7052.825177446267,1,22.8602618563707,117.02148721150304,10.0,127.02148721150304,122.0,129.0,122.0,-5.021487211503043,0
4,U05,943.0587198893229,cruise,109.25767540471911,23.06837105510949,346.87615966796875,7202.762011475532,1,23.264678669570657,117.20420614153755,10.0,127.20420614153755,122.0,129.0,122.0,-5.204206141537554,0
4,U05,953.0587198893229,cruise,109.25823423190076,23.06961817084094,346.87615966796875,7352.701033077113,1,23.652622292823565,117.38316298536952,10.0,127.38316298536952,122.0,129.0,122.0,-5.383162985369523,0
4,U05,958.7432697765962,descend,109.2585519,23.0703271,346.87615966796875,7437.935537962792,1,23.840728021437116,117.48327303738986,10.0,127.48327303738986,122.0,129.0,122.0,-5.483273037389864,0
4,U05,968.7432697765962,descend,109.2585519,23.0703271,321.87615966796875,7437.308065349079,1,26.159276408533913,117.48254025505403,10.0,127.48254025505403,122.0,129.0,122.0,-5.482540255054033,0
4,U05,978.7432697765962,descend,109.2585519,23.0703271,296.87615966796875,7436.764582190501,1,28.47782479563068,117.48190550829038,10.0,127.48190550829038,122.0,129.0,122.0,-5.481905508290382,0
4,U05,988.7432697765962,descend,109.2585519,23.0703271,271.87615966796875,7436.305106902194,1,30.79637318272745,117.48136884010682,10.0,127.48136884010682,122.0,129.0,122.0,-5.481368840106825,0
4,U05,998.7432697765962,descend,109.2585519,23.0703271,246.87615966796875,7435.92965505701,1,33.11492156982422,117.48093028687734,10.0,127.48093028687734,122.0,129.0,122.0,-5.480930286877339,0
4,U05,1008.7432697765962,descend,109.2585519,23.0703271,221.87615966796875,7435.638239382874,1,52.65175404702464,117.48058987833363,10.0,127.48058987833363,122.0,129.0,122.0,-5.480589878333632,0
4,U05,1009.6937336437837,handover,109.2585519,23.0703271,219.5,7435.614915009368,1,54.601546355216726,117.48056263208451,10.0,127.48056263208451,122.0,129.0,122.0,-5.4805626320845136,0
4,U05,1019.6937336437837,handover,109.2585519,23.0703271,219.5,7435.614915009368,1,54.601546355216726,117.48056263208451,10.0,127.48056263208451,122.0,129.0,122.0,-5.4805626320845136,0
4,U05,1029.6937336437836,handover,109.2585519,23.0703271,219.5,7435.614915009368,1,54.601546355216726,117.48056263208451,10.0,127.48056263208451,122.0,129.0,122.0,-5.4805626320845136,0
4,U05,1039.6937336437836,handover,109.2585519,23.0703271,219.5,7435.614915009368,1,54.601546355216726,117.48056263208451,10.0,127.48056263208451,122.0,129.0,122.0,-5.4805626320845136,0
4,U05,1049.6937336437836,handover,109.2585519,23.0703271,219.5,7435.614915009368,1,54.601546355216726,117.48056263208451,10.0,127.48056263208451,122.0,129.0,122.0,-5.4805626320845136,0
4,U05,1059.6937336437836,handover,109.2585519,23.0703271,219.5,7435.614915009368,1,54.601546355216726,117.48056263208451,10.0,127.48056263208451,122.0,129.0,122.0,-5.4805626320845136,0
4,U05,1069.6937336437836,handover,109.2585519,23.0703271,219.5,7435.614915009368,1,54.601546355216726,117.48056263208451,10.0,127.48056263208451,122.0,129.0,122.0,-5.4805626320845136,0
4,U05,1079.6937336437836,handover,109.2585519,23.0703271,219.5,7435.614915009368,1,54.601546355216726,117.48056263208451,10.0,127.48056263208451,122.0,129.0,122.0,-5.4805626320845136,0
4,U05,1089.6937336437836,handover,109.2585519,23.0703271,219.5,7435.614915009368,1,54.601546355216726,117.48056263208451,10.0,127.48056263208451,122.0,129.0,122.0,-5.4805626320845136,0
4,U05,1099.6937336437836,handover,109.2585519,23.0703271,219.5,7435.614915009368,1,54.601546355216726,117.48056263208451,10.0,127.48056263208451,122.0,129.0,122.0,-5.4805626320845136,0
4,U05,1109.6937336437836,handover,109.2585519,23.0703271,219.5,7435.614915009368,1,54.601546355216726,117.48056263208451,10.0,127.48056263208451,122.0,129.0,122.0,-5.4805626320845136,0
4,U05,1119.6937336437836,handover,109.2585519,23.0703271,219.5,7435.614915009368,1,54.601546355216726,117.48056263208451,10.0,127.48056263208451,122.0,129.0,122.0,-5.4805626320845136,0
4,U05,1129.6937336437836,handover,109.2585519,23.0703271,219.5,7435.614915009368,1,54.601546355216726,117.48056263208451,10.0,127.48056263208451,122.0,129.0,122.0,-5.4805626320845136,0
4,U05,1139.6937336437836,handover,109.2585519,23.0703271,219.5,7435.614915009368,1,54.601546355216726,117.48056263208451,10.0,127.48056263208451,122.0,129.0,122.0,-5.4805626320845136,0
4,U05,1149.6937336437836,handover,109.2585519,23.0703271,219.5,7435.614915009368,1,54.601546355216726,117.48056263208451,10.0,127.48056263208451,122.0,129.0,122.0,-5.4805626320845136,0
4,U05,1159.6937336437836,handover,109.2585519,23.0703271,219.5,7435.614915009368,1,54.601546355216726,117.48056263208451,10.0,127.48056263208451,122.0,129.0,122.0,-5.4805626320845136,0
4,U05,1169.6937336437836,handover,109.2585519,23.0703271,219.5,7435.614915009368,1,54.601546355216726,117.48056263208451,10.0,127.48056263208451,122.0,129.0,122.0,-5.4805626320845136,0
4,U05,1179.6937336437836,handover,109.2585519,23.0703271,219.5,7435.614915009368,1,54.601546355216726,117.48056263208451,10.0,127.48056263208451,122.0,129.0,122.0,-5.4805626320845136,0
4,U05,1189.6937336437836,handover,109.2585519,23.0703271,219.5,7435.614915009368,1,54.601546355216726,117.48056263208451,10.0,127.48056263208451,122.0,129.0,122.0,-5.4805626320845136,0
4,U05,1199.6937336437836,handover,109.2585519,23.0703271,219.5,7435.614915009368,1,54.601546355216726,117.48056263208451,10.0,127.48056263208451,122.0,129.0,122.0,-5.4805626320845136,0
4,U05,1209.6937336437836,handover,109.2585519,23.0703271,219.5,7435.614915009368,1,54.601546355216726,117.48056263208451,10.0,127.48056263208451,122.0,129.0,122.0,-5.4805626320845136,0
4,U05,1219.6937336437836,handover,109.2585519,23.0703271,219.5,7435.614915009368,1,54.601546355216726,117.48056263208451,10.0,127.48056263208451,122.0,129.0,122.0,-5.4805626320845136,0
4,U05,1229.6937336437836,handover,109.2585519,23.0703271,219.5,7435.614915009368,1,54.601546355216726,117.48056263208451,10.0,127.48056263208451,122.0,129.0,122.0,-5.4805626320845136,0
4,U05,1239.6937336437836,handover,109.2585519,23.0703271,219.5,7435.614915009368,1,54.601546355216726,117.48056263208451,10.0,127.48056263208451,122.0,129.0,122.0,-5.4805626320845136,0
4,U05,1249.6937336437836,climb,109.2585519,23.0703271,219.5,7435.614915009368,1,54.601546355216726,117.48056263208451,10.0,127.48056263208451,122.0,129.0,122.0,-5.4805626320845136,0
4,U05,1259.6937336437836,climb,109.2585519,23.0703271,249.5,7435.965113171912,1,32.87158153903101,117.48097170530822,10.0,127.48097170530822,122.0,129.0,122.0,-5.480971705308221,0
4,U05,1269.6937336437836,climb,109.2585519,23.0703271,279.5,7436.436321539355,1,30.089323474514856,117.48152210248455,10.0,127.48152210248455,122.0,129.0,122.0,-5.481522102484547,0
4,U05,1279.6937336437836,climb,109.2585519,23.0703271,309.5,7437.028517110161,1,27.307065409998756,117.48221376988428,10.0,127.48221376988428,122.0,129.0,122.0,-5.482213769884282,0
4,U05,1289.6937336437836,climb,109.2585519,23.0703271,339.5,7437.741670985204,1,24.52480734548263,117.48304664001,10.0,127.48304664001,122.0,129.0,122.0,-5.483046640010002,0
4,U05,1299.6937336437836,climb,109.2585519,23.0703271,369.5,7438.575748374804,1,21.74254928096647,117.48402063161814,10.0,127.48402063161814,122.0,129.0,122.0,-5.484020631618137,0
4,U05,1309.6937336437836,climb,109.2585519,23.0703271,399.5,7439.530708607215,1,18.960291216450344,117.48513564974533,10.0,127.48513564974533,122.0,129.0,122.0,-5.485135649745331,0
4,U05,1311.8096597505544,cruise,109.2585519,23.0703271,405.8477783203125,7439.748261854125,1,18.371585969002012,117.48538964639354,10.0,127.48538964639354,122.0,129.0,122.0,-5.485389646393543,0
4,U05,1321.8096597505544,cruise,109.25799307281835,23.06907998426855,405.8477783203125,7289.845346200974,1,17.878970236444673,117.30859113171925,10.0,127.30859113171925,122.0,129.0,122.0,-5.308591131719254,0
4,U05,1331.8096597505544,cruise,109.2574342456367,23.067832868537106,405.8477783203125,7139.94610045127,1,17.365656363863906,117.1281235001059,10.0,127.1281235001059,122.0,129.0,122.0,-5.1281235001059,0
4,U05,1341.8096597505544,cruise,109.25687541845505,23.066585752805658,405.8477783203125,6990.050773723907,1,16.830311852974972,116.94383144118589,10.0,126.94383144118589,122.0,129.0,122.0,-4.943831441185893,0
4,U05,1351.8096597505544,cruise,109.2563165912734,23.06533863707421,405.8477783203125,6840.159636968216,1,16.271487319678613,116.75554958397183,10.0,126.75554958397183,122.0,129.0,122.0,-4.755549583971828,0
4,U05,1361.8096597505544,cruise,109.25575776409175,23.06409152134276,405.8477783203125,6690.272985406454,1,15.687603390270311,116.5631016100277,10.0,126.5631016100277,122.0,129.0,122.0,-4.563101610027701,0
4,U05,1371.8096597505544,cruise,109.25519893691012,23.062844405611315,405.8477783203125,6540.3911413144915,1,15.076935794375373,116.36629926687942,10.0,126.36629926687942,122.0,129.0,122.0,-4.366299266879423,0
4,U05,1381.8096597505544,cruise,109.25464010972847,23.061597289879867,405.8477783203125,6390.514457188496,1,14.437598358297578,116.16494126789978,10.0,126.16494126789978,122.0,129.0,122.0,-4.164941267899778,0
4,U05,1391.8096597505544,cruise,109.25408128254682,23.060350174148418,405.8477783203125,6240.643319376708,1,13.767523545485261,115.9588120626703,10.0,125.9588120626703,122.0,129.0,122.0,-3.9588120626703045,0
4,U05,1401.8096597505544,cruise,109.25352245536517,23.05910305841697,405.8477783203125,6090.778152237218,1,13.064440121204399,115.74768045908624,10.0,125.74768045908624,122.0,129.0,122.0,-3.74768045908624,0
4,U05,1411.8096597505544,cruise,109.25296362818352,23.057855942685524,405.8477783203125,5940.9194229295,1,12.325847433070948,115.53129807528748,10.0,125.53129807528748,122.0,129.0,122.0,-3.5312980752874807,0
4,U05,1421.8096597505544,cruise,109.25240480100187,23.056608826954076,405.8477783203125,5791.067646946274,1,11.54898569373887,115.30939759559652,10.0,125.30939759559652,122.0,129.0,122.0,-3.309397595596522,0
4,U05,1431.8096597505544,cruise,109.25184597382022,23.055361711222627,405.8477783203125,5641.223394528957,1,10.730801521463604,115.08169079998692,10.0,125.08169079998692,122.0,129.0,122.0,-3.081690799986916,0
4,U05,1441.8096597505544,cruise,109.25128714663857,23.05411459549118,405.8477783203125,5491.3872981301,1,9.867907831577668,114.84786633092607,10.0,124.84786633092607,122.0,129.0,122.0,-2.847866330926067,0
4,U05,1451.8096597505544,cruise,109.25072831945693,23.052867479759733,405.8477783203125,5341.560061128552,1,8.956536968102625,114.60758715454291,10.0,124.60758715454291,122.0,129.0,122.0,-2.6075871545429123,0
4,U05,1461.8096597505544,cruise,109.25016949227528,23.051620364028285,405.8477783203125,5191.7424680528175,1,7.992485707894929,114.36048766463342,10.0,124.36048766463342,122.0,129.0,122.0,-2.3604876646334247,0
4,U05,1471.8096597505544,cruise,109.24961066509363,23.050373248296836,405.8477783203125,5041.9353966256285,1,6.97105044410344,114.1061703676303,10.0,124.1061703676303,122.0,129.0,122.0,-2.1061703676302983,0
4,U05,1481.8096597505544,cruise,109.24905183791198,23.049126132565387,405.8477783203125,4892.139832014289,1,5.8869504402020425,113.8442020738159,10.0,123.8442020738159,122.0,129.0,122.0,-1.844202073815893,0
4,U05,1491.8096597505544,cruise,109.24849301073034,23.047879016833942,405.8477783203125,4742.35688377934,1,4.734236512003065,113.57410950410609,10.0,123.57410950410609,122.0,129.0,122.0,-1.5741095041060902,0
4,U05,1501.8096597505544,cruise,109.2479341835487,23.046631901102494,405.8477783203125,4592.587806128184,1,3.5061818041832566,113.29537420173637,10.0,123.29537420173637,122.0,129.0,122.0,-1.2953742017363652,0
4,U05,1511.8096597505544,cruise,109.24737535636704,23.045384785371045,405.8477783203125,4442.834022265872,1,2.1951504269162,113.00742661306936,10.0,123.00742661306936,122.0,129.0,122.0,-1.0074266130693559,0
4,U05,1521.8096597505544,cruise,109.2468165291854,23.044137669639596,405.8477783203125,4293.09715382079,1,0.7924385337562967,112.70963916981594,10.0,122.70963916981594,122.0,129.0,122.0,-0.7096391698159437,0
4,U05,1531.8096597505544,cruise,109.24625770200375,23.04289055390815,405.8477783203125,4143.379056640586,0,-0.7119191487630019,112.40131816433934,0.0,112.40131816433934,122.0,129.0,122.0,9.598681835660656,1
4,U05,1541.8096597505544,cruise,109.2456988748221,23.041643438176703,405.8477783203125,3993.681864615776,0,-2.329386431471761,112.08169415737052,0.0,112.08169415737052,122.0,129.0,122.0,9.91830584262948,1
4,U05,1551.8096597505544,cruise,109.24514004764045,23.040396322445254,405.8477783203125,3844.008043717335,0,-4.07321834564209,111.74991058970024,0.0,111.74991058970024,122.0,129.0,122.0,10.250089410299765,1
4,U05,1561.8096597505544,cruise,109.2445812204588,23.039149206713805,405.8477783203125,3694.3604591279627,0,-5.958825212183996,111.4050101808044,0.0,111.4050101808044,122.0,129.0,122.0,10.594989819195604,1
4,U05,1571.8096597505544,cruise,109.24402239327715,23.03790209098236,405.8477783203125,3544.742459320455,0,-8.004229270805752,111.04591858055724,0.0,111.04591858055724,122.0,129.0,122.0,10.954081419442758,1
4,U05,1581.8096597505544,cruise,109.2434635660955,23.03665497525091,405.8477783203125,3395.157982289537,0,-10.230642538155053,110.67142458470846,0.0,110.67142458470846,122.0,129.0,122.0,11.328575415291539,1
4,U05,1591.8096597505544,cruise,109.24290473891385,23.035407859519463,405.8477783203125,3245.611691047743,0,-12.6632051821108,110.28015601573686,0.0,110.28015601573686,122.0,129.0,122.0,11.719843984263136,1
4,U05,1601.8096597505544,cruise,109.2423459117322,23.034160743788014,405.8477783203125,3096.109148219883,0,-14.999359367889099,109.87055008655547,0.0,109.87055008655547,122.0,129.0,122.0,12.129449913444532,1
4,U05,1611.8096597505544,cruise,109.24178708455057,23.03291362805657,405.8477783203125,2946.6570435443527,0,-15.63871883470182,109.44081667397538,0.0,109.44081667397538,122.0,129.0,122.0,12.559183326024623,1
4,U05,1621.8096597505544,cruise,109.24122825736892,23.03166651232512,405.8477783203125,2797.263493928236,0,-16.346826631279384,108.98889238525372,0.0,108.98889238525372,122.0,129.0,122.0,13.01110761474628,1
4,U05,1631.8096597505544,cruise,109.24066943018727,23.030419396593672,405.8477783203125,2647.9384445145834,0,-17.135401222922553,108.51238253479403,0.0,108.51238253479403,122.0,129.0,122.0,13.487617465205972,1
4,U05,1641.8096597505544,cruise,109.24011060300562,23.029172280862223,405.8477783203125,2498.6942126520835,0,-18.018984801510726,108.00848705253088,0.0,108.00848705253088,122.0,129.0,122.0,13.991512947469118,1
4,U05,1651.8096597505544,cruise,109.23955177582397,23.027925165130778,405.8477783203125,2349.5462377463664,0,-18.55004491561499,107.47390475650846,0.0,107.47390475650846,122.0,129.0,122.0,14.52609524349154,1
4,U05,1661.8096597505544,cruise,109.23899294864232,23.02667804939933,405.8477783203125,2200.5141336648558,0,-18.66338693279107,106.90470808092253,0.0,106.90470808092253,122.0,129.0,122.0,15.095291919077468,1
4,U05,1671.8096597505544,cruise,109.23843412146067,23.02543093366788,405.8477783203125,2051.6231957655455,0,-18.79339689366958,106.29617684581117,0.0,106.29617684581117,122.0,129.0,122.0,15.703823154188825,1
4,U05,1681.8096597505544,cruise,109.23787529427902,23.024183817936432,405.8477783203125,1902.9066082552665,0,-18.94404335627479,105.64257432025968,0.0,105.64257432025968,122.0,129.0,122.0,16.357425679740317,1
4,U05,1691.8096597505544,cruise,109.23731646709737,23.022936702204987,405.8477783203125,1754.4087611096713,0,-19.120663346915393,104.93684058304422,0.0,104.93684058304422,122.0,129.0,122.0,17.063159416955784,1
4,U05,1701.8096597505544,cruise,109.23675763991572,23.02168958647354,405.8477783203125,1606.190381904859,0,-19.330607864091974,104.17016525346394,0.0,104.17016525346394,122.0,129.0,122.0,17.829834746536065,1
4,U05,1711.8096597505544,cruise,109.23619881273407,23.02044247074209,405.8477783203125,1458.3367467421924,0,-19.584290822346986,103.33138121737667,0.0,103.33138121737667,122.0,129.0,122.0,18.668618782623327,1
4,U05,1721.8096597505544,cruise,109.23563998555242,23.01919535501064,405.8477783203125,1310.9713400873973,0,-19.896969817405505,102.4060887827867,0.0,102.4060887827867,122.0,129.0,122.0,19.593911217213304,1
4,U05,1731.8096597505544,cruise,109.23508115837079,23.017948239279196,405.8477783203125,1164.2796431083095,0,-20.291932758532084,101.37537091598567,0.0,101.37537091598567,122.0,129.0,122.0,20.62462908401433,1
4,U05,1741.8096597505544,cruise,109.23452233118914,23.016701123547747,405.8477783203125,1018.5528689735969,0,-20.806581439393938,100.21389636217498,0.0,100.21389636217498,122.0,129.0,122.0,21.786103637825022,1
4,U05,1751.8096597505544,cruise,109.23396350400749,23.0154540078163,405.8477783203125,874.273764135997,0,-21.505033220563604,98.88717375320839,0.0,98.88717375320839,122.0,129.0,122.0,23.112826246791613,1
4,U05,1761.8096597505544,cruise,109.23340467682584,23.01420689208485,405.8477783203125,732.2986222439399,0,-22.507159689198346,97.34798917523987,0.0,97.34798917523987,122.0,129.0,122.0,24.652010824760126,1
4,U05,1771.8096597505544,cruise,109.23284584964419,23.012959776353405,405.8477783203125,594.2811631131906,0,-24.066023084852418,95.53406412774736,0.0,95.53406412774736,122.0,129.0,122.0,26.465935872252643,1
4,U05,1781.8096597505544,cruise,109.23228702246254,23.011712660621956,405.8477783203125,463.76856534325566,0,-26.824012169471132,93.38025100269394,0.0,93.38025100269394,122.0,129.0,122.0,28.61974899730606,1
4,U05,1791.8096597505544,cruise,109.2317281952809,23.010465544890508,405.8477783203125,349.2778230989358,0,-33.02948760986328,90.91764506622269,0.0,90.91764506622269,122.0,129.0,122.0,31.08235493377731,1
4,U05,1801.8096597505544,cruise,109.23116936809924,23.00921842915906,405.8477783203125,271.8665643354982,0,-59.919881184895814,88.7413408125737,0.0,88.7413408125737,122.0,129.0,122.0,33.258659187426304,1
4,U05,1807.4942096378277,descend,109.2308517,23.0085095,405.8477783203125,258.1477783203125,0,0.0,88.2915926694367,0.0,88.2915926694367,122.0,129.0,122.0,33.708407330563304,1
4,U05,1817.4942096378277,descend,109.2308517,23.0085095,380.8477783203125,233.1477783203125,0,0.0,87.40685046205382,0.0,87.40685046205382,122.0,129.0,122.0,34.593149537946175,1
4,U05,1827.4942096378277,descend,109.2308517,23.0085095,355.8477783203125,208.1477783203125,0,0.0,86.42166042973987,0.0,86.42166042973987,122.0,129.0,122.0,35.57833957026013,1
4,U05,1837.4942096378277,descend,109.2308517,23.0085095,330.8477783203125,183.1477783203125,0,0.0,85.31025793043439,0.0,85.31025793043439,122.0,129.0,122.0,36.68974206956561,1
4,U05,1847.4942096378277,descend,109.2308517,23.0085095,305.8477783203125,158.1477783203125,0,0.0,84.03548673966453,0.0,84.03548673966453,122.0,129.0,122.0,37.964513260335465,1
4,U05,1857.4942096378277,descend,109.2308517,23.0085095,280.8477783203125,133.1477783203125,0,0.0,82.54090331976082,0.0,82.54090331976082,122.0,129.0,122.0,39.459096680239185,1
4,U05,1867.4942096378277,descend,109.2308517,23.0085095,255.8477783203125,108.14777832031251,0,0.0,80.73457687734609,0.0,80.73457687734609,122.0,129.0,122.0,41.265423122653914,1
4,U05,1877.4942096378277,descend,109.2308517,23.0085095,230.84777832031247,83.14777832031248,0,0.0,78.45123782449642,0.0,78.45123782449642,122.0,129.0,122.0,43.54876217550358,1
4,U05,1887.4942096378277,descend,109.2308517,23.0085095,205.8477783203125,58.14777832031251,0,0.0,75.34488735596477,0.0,75.34488735596477,122.0,129.0,122.0,46.65511264403523,1
4,U05,1897.4942096378277,descend,109.2308517,23.0085095,180.8477783203125,33.14777832031251,0,0.0,70.46331334994548,0.0,70.46331334994548,122.0,129.0,122.0,51.53668665005452,1
4,U05,1907.4942096378277,descend,109.2308517,23.0085095,155.8477783203125,8.147778320312511,0,0.0,58.27500892372371,0.0,58.27500892372371,122.0,129.0,122.0,63.72499107627629,1
4,U05,1917.4942096378277,descend,109.2308517,23.0085095,130.8477783203125,16.85222167968749,0,0.0,64.58736810113963,0.0,64.58736810113963,122.0,129.0,122.0,57.41263189886037,1
4,U05,1918.7533209659528,descend,109.2308517,23.0085095,127.69999999999999,20.0,0,0.0,66.07482474751174,0.0,66.07482474751174,122.0,129.0,122.0,55.92517525248826,1
5,U05,1918.8,setup,109.2308517,23.0085095,127.7,19.999999999999986,0,0.0,66.07482474751174,0.0,66.07482474751174,122.0,129.0,122.0,55.92517525248826,1
5,U05,1928.8,setup,109.2308517,23.0085095,127.7,19.999999999999986,0,0.0,66.07482474751174,0.0,66.07482474751174,122.0,129.0,122.0,55.92517525248826,1
5,U05,1938.8,setup,109.2308517,23.0085095,127.7,19.999999999999986,0,0.0,66.07482474751174,0.0,66.07482474751174,122.0,129.0,122.0,55.92517525248826,1
5,U05,1948.8,setup,109.2308517,23.0085095,127.7,19.999999999999986,0,0.0,66.07482474751174,0.0,66.07482474751174,122.0,129.0,122.0,55.92517525248826,1
5,U05,1958.8,setup,109.2308517,23.0085095,127.7,19.999999999999986,0,0.0,66.07482474751174,0.0,66.07482474751174,122.0,129.0,122.0,55.92517525248826,1
5,U05,1968.8,setup,109.2308517,23.0085095,127.7,19.999999999999986,0,0.0,66.07482474751174,0.0,66.07482474751174,122.0,129.0,122.0,55.92517525248826,1
5,U05,1978.8,setup,109.2308517,23.0085095,127.7,19.999999999999986,0,0.0,66.07482474751174,0.0,66.07482474751174,122.0,129.0,122.0,55.92517525248826,1
5,U05,1988.8,setup,109.2308517,23.0085095,127.7,19.999999999999986,0,0.0,66.07482474751174,0.0,66.07482474751174,122.0,129.0,122.0,55.92517525248826,1
5,U05,1998.8,setup,109.2308517,23.0085095,127.7,19.999999999999986,0,0.0,66.07482474751174,0.0,66.07482474751174,122.0,129.0,122.0,55.92517525248826,1
5,U05,2008.8,setup,109.2308517,23.0085095,127.7,19.999999999999986,0,0.0,66.07482474751174,0.0,66.07482474751174,122.0,129.0,122.0,55.92517525248826,1
5,U05,2018.8,setup,109.2308517,23.0085095,127.7,19.999999999999986,0,0.0,66.07482474751174,0.0,66.07482474751174,122.0,129.0,122.0,55.92517525248826,1
5,U05,2028.8,setup,109.2308517,23.0085095,127.7,19.999999999999986,0,0.0,66.07482474751174,0.0,66.07482474751174,122.0,129.0,122.0,55.92517525248826,1
5,U05,2038.8,setup,109.2308517,23.0085095,127.7,19.999999999999986,0,0.0,66.07482474751174,0.0,66.07482474751174,122.0,129.0,122.0,55.92517525248826,1
5,U05,2048.8,setup,109.2308517,23.0085095,127.7,19.999999999999986,0,0.0,66.07482474751174,0.0,66.07482474751174,122.0,129.0,122.0,55.92517525248826,1
5,U05,2058.8,setup,109.2308517,23.0085095,127.7,19.999999999999986,0,0.0,66.07482474751174,0.0,66.07482474751174,122.0,129.0,122.0,55.92517525248826,1
5,U05,2068.8,setup,109.2308517,23.0085095,127.7,19.999999999999986,0,0.0,66.07482474751174,0.0,66.07482474751174,122.0,129.0,122.0,55.92517525248826,1
5,U05,2078.8,setup,109.2308517,23.0085095,127.7,19.999999999999986,0,0.0,66.07482474751174,0.0,66.07482474751174,122.0,129.0,122.0,55.92517525248826,1
5,U05,2088.8,setup,109.2308517,23.0085095,127.7,19.999999999999986,0,0.0,66.07482474751174,0.0,66.07482474751174,122.0,129.0,122.0,55.92517525248826,1
5,U05,2098.8,setup,109.2308517,23.0085095,127.7,19.999999999999986,0,0.0,66.07482474751174,0.0,66.07482474751174,122.0,129.0,122.0,55.92517525248826,1
5,U05,2108.8,setup,109.2308517,23.0085095,127.7,19.999999999999986,0,0.0,66.07482474751174,0.0,66.07482474751174,122.0,129.0,122.0,55.92517525248826,1
5,U05,2118.8,setup,109.2308517,23.0085095,127.7,19.999999999999986,0,0.0,66.07482474751174,0.0,66.07482474751174,122.0,129.0,122.0,55.92517525248826,1
5,U05,2128.8,setup,109.2308517,23.0085095,127.7,19.999999999999986,0,0.0,66.07482474751174,0.0,66.07482474751174,122.0,129.0,122.0,55.92517525248826,1
5,U05,2138.8,setup,109.2308517,23.0085095,127.7,19.999999999999986,0,0.0,66.07482474751174,0.0,66.07482474751174,122.0,129.0,122.0,55.92517525248826,1
5,U05,2148.8,setup,109.2308517,23.0085095,127.7,19.999999999999986,0,0.0,66.07482474751174,0.0,66.07482474751174,122.0,129.0,122.0,55.92517525248826,1
5,U05,2158.8,setup,109.2308517,23.0085095,127.7,19.999999999999986,0,0.0,66.07482474751174,0.0,66.07482474751174,122.0,129.0,122.0,55.92517525248826,1
5,U05,2168.8,setup,109.2308517,23.0085095,127.7,19.999999999999986,0,0.0,66.07482474751174,0.0,66.07482474751174,122.0,129.0,122.0,55.92517525248826,1
5,U05,2178.8,setup,109.2308517,23.0085095,127.7,19.999999999999986,0,0.0,66.07482474751174,0.0,66.07482474751174,122.0,129.0,122.0,55.92517525248826,1
5,U05,2188.8,setup,109.2308517,23.0085095,127.7,19.999999999999986,0,0.0,66.07482474751174,0.0,66.07482474751174,122.0,129.0,122.0,55.92517525248826,1
5,U05,2198.8,setup,109.2308517,23.0085095,127.7,19.999999999999986,0,0.0,66.07482474751174,0.0,66.07482474751174,122.0,129.0,122.0,55.92517525248826,1
5,U05,2208.8,setup,109.2308517,23.0085095,127.7,19.999999999999986,0,0.0,66.07482474751174,0.0,66.07482474751174,122.0,129.0,122.0,55.92517525248826,1
5,U05,2218.8,setup,109.2308517,23.0085095,127.7,19.999999999999986,0,0.0,66.07482474751174,0.0,66.07482474751174,122.0,129.0,122.0,55.92517525248826,1
5,U05,2228.8,setup,109.2308517,23.0085095,127.7,19.999999999999986,0,0.0,66.07482474751174,0.0,66.07482474751174,122.0,129.0,122.0,55.92517525248826,1
5,U05,2238.8,setup,109.2308517,23.0085095,127.7,19.999999999999986,0,0.0,66.07482474751174,0.0,66.07482474751174,122.0,129.0,122.0,55.92517525248826,1
5,U05,2248.8,setup,109.2308517,23.0085095,127.7,19.999999999999986,0,0.0,66.07482474751174,0.0,66.07482474751174,122.0,129.0,122.0,55.92517525248826,1
5,U05,2258.8,setup,109.2308517,23.0085095,127.7,19.999999999999986,0,0.0,66.07482474751174,0.0,66.07482474751174,122.0,129.0,122.0,55.92517525248826,1
5,U05,2268.8,setup,109.2308517,23.0085095,127.7,19.999999999999986,0,0.0,66.07482474751174,0.0,66.07482474751174,122.0,129.0,122.0,55.92517525248826,1
5,U05,2278.8,setup,109.2308517,23.0085095,127.7,19.999999999999986,0,0.0,66.07482474751174,0.0,66.07482474751174,122.0,129.0,122.0,55.92517525248826,1
5,U05,2288.8,setup,109.2308517,23.0085095,127.7,19.999999999999986,0,0.0,66.07482474751174,0.0,66.07482474751174,122.0,129.0,122.0,55.92517525248826,1
5,U05,2298.8,setup,109.2308517,23.0085095,127.7,19.999999999999986,0,0.0,66.07482474751174,0.0,66.07482474751174,122.0,129.0,122.0,55.92517525248826,1
5,U05,2308.8,climb,109.2308517,23.0085095,127.7,19.999999999999986,0,0.0,66.07482474751174,0.0,66.07482474751174,122.0,129.0,122.0,55.92517525248826,1
5,U05,2318.8,climb,109.2308517,23.0085095,157.7,10.0,0,0.0,60.054224834232116,0.0,60.054224834232116,122.0,129.0,122.0,61.945775165767884,1
5,U05,2328.8,climb,109.2308517,23.0085095,187.7,40.0,0,0.0,72.09542466079137,0.0,72.09542466079137,122.0,129.0,122.0,49.904575339208634,1
5,U05,2338.8,climb,109.2308517,23.0085095,217.7,70.0,0,0.0,76.95618563451725,0.0,76.95618563451725,122.0,129.0,122.0,45.043814365482746,1
5,U05,2348.8,climb,109.2308517,23.0085095,247.7,100.0,0,0.0,80.05422483423212,0.0,80.05422483423212,122.0,129.0,122.0,41.945775165767884,1
5,U05,2358.8,climb,109.2308517,23.0085095,277.7,130.0,0,0.0,82.33309188036885,0.0,82.33309188036885,122.0,129.0,122.0,39.666908119631145,1
5,U05,2368.8,climb,109.2308517,23.0085095,307.7,160.0,0,0.0,84.13662448735062,0.0,84.13662448735062,122.0,129.0,122.0,37.863375512649384,1
5,U05,2378.8,climb,109.2308517,23.0085095,337.7,190.0,0,0.0,85.6292968532887,0.0,85.6292968532887,122.0,129.0,122.0,36.37070314671131,1
5,U05,2388.8,climb,109.2308517,23.0085095,367.7,220.0,0,0.0,86.90267845067623,0.0,86.90267845067623,122.0,129.0,122.0,35.097321549323766,1
5,U05,2390.136022949219,cruise,109.2308517,23.0085095,371.70806884765625,224.00806884765626,0,0.0,87.0594980752814,0.0,87.0594980752814,122.0,129.0,122.0,34.9405019247186,1
5,U05,2400.136022949219,cruise,109.23210560921703,23.009207997491828,371.70806884765625,269.5965258993975,0,-39.33882973410866,88.66851066327501,0.0,88.66851066327501,122.0,129.0,122.0,33.331489336724985,1
5,U05,2410.136022949219,cruise,109.23335951843404,23.009906494983657,371.70806884765625,374.4194991023652,0,-29.64151073637464,91.52139399303462,0.0,91.52139399303462,122.0,129.0,122.0,30.47860600696538,1
5,U05,2420.136022949219,cruise,109.23461342765107,23.01060499247549,371.70806884765625,502.6948645825776,0,-26.200526575888347,94.08031380615623,0.0,94.08031380615623,122.0,129.0,122.0,27.919686193843773,1
5,U05,2430.136022949219,cruise,109.23586733686808,23.011303489967318,371.70806884765625,640.4828427336753,0,-24.438071274175883,96.1843748411892,0.0,96.1843748411892,122.0,129.0,122.0,25.815625158810803,1
5,U05,2440.136022949219,cruise,109.23712124608511,23.012001987459147,371.70806884765625,782.7757562144141,0,-23.366774914311435,97.92697216257307,0.0,97.92697216257307,122.0,129.0,122.0,24.073027837426935,1
5,U05,2450.136022949219,cruise,109.23837515530212,23.012700484950976,371.70806884765625,927.5022658866147,0,-22.646723262599238,99.40052441961478,0.0,99.40052441961478,122.0,129.0,122.0,22.599475580385217,1
5,U05,2460.136022949219,cruise,109.23962906451915,23.01339898244281,371.70806884765625,1073.678474335145,0,-22.12950306207361,100.67170975893497,0.0,100.67170975893497,122.0,129.0,122.0,21.328290241065034,1
5,U05,2470.136022949219,cruise,109.24088297373616,23.014097479934637,371.70806884765625,1220.7835237475394,0,-21.739991553035793,101.7869980185024,0.0,101.7869980185024,122.0,129.0,122.0,20.213001981497598,1
5,U05,2480.136022949219,cruise,109.24213688295319,23.014795977426466,371.70806884765625,1368.5177303497546,0,-21.436086969061193,102.77923340321676,0.0,102.77923340321676,122.0,129.0,122.0,19.220766596783236,1
5,U05,2490.136022949219,cruise,109.2433907921702,23.015494474918295,371.70806884765625,1516.6970870115495,0,-20.784055109307303,103.67220188733842,0.0,103.67220188733842,122.0,129.0,122.0,18.327798112661583,1
5,U05,2500.136022949219,cruise,109.24464470138723,23.016192972410128,371.70806884765625,1665.2026082321818,0,-18.985756456529742,104.48356648337867,0.0,104.48356648337867,122.0,129.0,122.0,17.516433516621333,1
5,U05,2510.136022949219,cruise,109.24589861060424,23.016891469901957,371.70806884765625,1813.9540469895585,0,-17.484697250492303,105.22675045131952,0.0,105.22675045131952,122.0,129.0,122.0,16.773249548680482,1
5,U05,2520.136022949219,cruise,109.24715251982127,23.017589967393786,371.70806884765625,1962.8953655997805,0,-16.212807388888052,105.91216782721254,0.0,105.91216782721254,122.0,129.0,122.0,16.087832172787458,1
5,U05,2530.136022949219,cruise,109.24840642903828,23.018288464885615,371.70806884765625,2111.9862711903,0,-13.960127312409952,106.54804664967145,0.0,106.54804664967145,122.0,129.0,122.0,15.451953350328552,1
5,U05,2540.136022949219,cruise,109.24966033825531,23.018986962377443,371.70806884765625,2261.1970619386543,0,-10.90896297227468,107.14099308408662,0.0,107.14099308408662,122.0,129.0,122.0,14.859006915913383,1
5,U05,2550.136022949219,cruise,109.25091424747234,23.019685459869276,371.70806884765625,2410.505369014882,0,-8.236825258243158,107.69638689706308,0.0,107.69638689706308,122.0,129.0,122.0,14.303613102936922,1
5,U05,2560.136022949219,cruise,109.25216815668935,23.020383957361105,371.70806884765625,2559.8940292796806,0,-5.877218270998952,108.21866458225308,0.0,108.21866458225308,122.0,129.0,122.0,13.781335417746917,1
5,U05,2570.136022949219,cruise,109.25342206590638,23.021082454852934,371.70806884765625,2709.3496566990066,0,-3.778341337593872,108.71152596978449,0.0,108.71152596978449,122.0,129.0,122.0,13.28847403021551,1
5,U05,2580.136022949219,cruise,109.25467597512339,23.021780952344763,371.70806884765625,2858.8616590172396,0,-1.8992420935505834,109.17808763933473,0.0,109.17808763933473,122.0,129.0,122.0,12.821912360665266,1
5,U05,2590.136022949219,cruise,109.25592988434042,23.022479449836595,371.70806884765625,3008.4215460251753,0,-0.2071178986658424,109.62099864207619,0.0,109.62099864207619,122.0,129.0,122.0,12.379001357923812,1
5,U05,2600.136022949219,cruise,109.25718379355743,23.023177947328424,371.70806884765625,3158.0224333886435,1,1.3246153772724938,110.04252904914877,10.0,120.04252904914877,122.0,129.0,122.0,1.9574709508512314,1
5,U05,2610.136022949219,cruise,109.25843770277446,23.023876444820253,371.70806884765625,3307.6586805420447,1,2.7177302571982977,110.44463859546363,10.0,120.44463859546363,122.0,129.0,122.0,1.5553614045363702,1
5,U05,2620.136022949219,cruise,109.25969161199147,23.024574942312082,371.70806884765625,3457.325622217586,1,3.9902291302041135,110.82903052905807,10.0,120.82903052905807,122.0,129.0,122.0,1.1709694709419267,1
5,U05,2630.136022949219,cruise,109.2609455212085,23.02527343980391,371.70806884765625,3607.019366588933,1,6.267644655852905,111.19719431647478,10.0,121.19719431647478,122.0,129.0,122.0,0.8028056835252215,1
5,U05,2640.136022949219,cruise,109.26219943042551,23.025971937295743,371.70806884765625,3756.7366414956077,1,9.415333709108864,111.55043984993075,10.0,121.55043984993075,122.0,129.0,122.0,0.4495601500692459,1
5,U05,2650.136022949219,cruise,109.26345333964254,23.026670434787572,371.70806884765625,3906.4746759387203,1,12.321820536061722,111.88992510029277,10.0,121.88992510029277,122.0,129.0,122.0,0.11007489970722872,1
5,U05,2660.136022949219,cruise,109.26470724885955,23.0273689322794,371.70806884765625,4056.231107735651,1,15.013806490176734,112.21667866189628,10.0,122.21667866189628,122.0,129.0,122.0,-0.2166786618962817,0
5,U05,2670.136022949219,cruise,109.26596115807658,23.02806742977123,371.70806884765625,4206.003910867495,1,17.514192020511302,112.53161827764036,10.0,122.53161827764036,122.0,129.0,122.0,-0.5316182776403622,0
5,U05,2680.136022949219,cruise,109.26721506729359,23.028765927263063,371.70806884765625,4355.791337764741,1,19.842729748073737,112.83556617221588,10.0,122.83556617221588,122.0,129.0,122.0,-0.8355661722158771,0
5,U05,2690.136022949219,cruise,109.26846897651062,23.02946442475489,371.70806884765625,4505.591873095263,1,22.016547360847966,113.12926182970192,10.0,123.12926182970192,122.0,129.0,122.0,-1.1292618297019175,0
5,U05,2700.136022949219,cruise,109.26972288572765,23.03016292224672,371.70806884765625,4655.404196441962,1,24.05056962874926,113.41337270884425,10.0,123.41337270884425,122.0,129.0,122.0,-1.4133727088442498,0
5,U05,2710.136022949219,cruise,109.27097679494466,23.03086141973855,371.70806884765625,4805.227151957854,1,25.95786153727974,113.6885032820658,10.0,123.6885032820658,122.0,129.0,122.0,-1.6885032820657955,0
5,U05,2713.3827097892045,descend,109.2713839,23.0310882,371.70806884765625,4853.872087245348,1,26.50709096649547,113.77599138030834,10.0,123.77599138030834,122.0,129.0,122.0,-1.7759913803083407,0
5,U05,2721.385937328267,handover,109.2713839,23.0310882,351.7,4852.989864447551,1,33.58643007631656,113.7744125199275,10.0,123.7744125199275,122.0,129.0,122.0,-1.7744125199274947,0
5,U05,2731.385937328267,handover,109.2713839,23.0310882,351.7,4852.989864447551,1,33.58643007631656,113.7744125199275,10.0,123.7744125199275,122.0,129.0,122.0,-1.7744125199274947,0
5,U05,2741.385937328267,handover,109.2713839,23.0310882,351.7,4852.989864447551,1,33.58643007631656,113.7744125199275,10.0,123.7744125199275,122.0,129.0,122.0,-1.7744125199274947,0
5,U05,2751.385937328267,handover,109.2713839,23.0310882,351.7,4852.989864447551,1,33.58643007631656,113.7744125199275,10.0,123.7744125199275,122.0,129.0,122.0,-1.7744125199274947,0
5,U05,2761.385937328267,handover,109.2713839,23.0310882,351.7,4852.989864447551,1,33.58643007631656,113.7744125199275,10.0,123.7744125199275,122.0,129.0,122.0,-1.7744125199274947,0
5,U05,2771.385937328267,handover,109.2713839,23.0310882,351.7,4852.989864447551,1,33.58643007631656,113.7744125199275,10.0,123.7744125199275,122.0,129.0,122.0,-1.7744125199274947,0
5,U05,2781.385937328267,handover,109.2713839,23.0310882,351.7,4852.989864447551,1,33.58643007631656,113.7744125199275,10.0,123.7744125199275,122.0,129.0,122.0,-1.7744125199274947,0
5,U05,2791.385937328267,handover,109.2713839,23.0310882,351.7,4852.989864447551,1,33.58643007631656,113.7744125199275,10.0,123.7744125199275,122.0,129.0,122.0,-1.7744125199274947,0
5,U05,2801.385937328267,handover,109.2713839,23.0310882,351.7,4852.989864447551,1,33.58643007631656,113.7744125199275,10.0,123.7744125199275,122.0,129.0,122.0,-1.7744125199274947,0
5,U05,2811.385937328267,handover,109.2713839,23.0310882,351.7,4852.989864447551,1,33.58643007631656,113.7744125199275,10.0,123.7744125199275,122.0,129.0,122.0,-1.7744125199274947,0
5,U05,2821.385937328267,handover,109.2713839,23.0310882,351.7,4852.989864447551,1,33.58643007631656,113.7744125199275,10.0,123.7744125199275,122.0,129.0,122.0,-1.7744125199274947,0
5,U05,2831.385937328267,handover,109.2713839,23.0310882,351.7,4852.989864447551,1,33.58643007631656,113.7744125199275,10.0,123.7744125199275,122.0,129.0,122.0,-1.7744125199274947,0
5,U05,2841.385937328267,handover,109.2713839,23.0310882,351.7,4852.989864447551,1,33.58643007631656,113.7744125199275,10.0,123.7744125199275,122.0,129.0,122.0,-1.7744125199274947,0
5,U05,2851.385937328267,handover,109.2713839,23.0310882,351.7,4852.989864447551,1,33.58643007631656,113.7744125199275,10.0,123.7744125199275,122.0,129.0,122.0,-1.7744125199274947,0
5,U05,2861.385937328267,handover,109.2713839,23.0310882,351.7,4852.989864447551,1,33.58643007631656,113.7744125199275,10.0,123.7744125199275,122.0,129.0,122.0,-1.7744125199274947,0
5,U05,2871.385937328267,handover,109.2713839,23.0310882,351.7,4852.989864447551,1,33.58643007631656,113.7744125199275,10.0,123.7744125199275,122.0,129.0,122.0,-1.7744125199274947,0
5,U05,2881.385937328267,handover,109.2713839,23.0310882,351.7,4852.989864447551,1,33.58643007631656,113.7744125199275,10.0,123.7744125199275,122.0,129.0,122.0,-1.7744125199274947,0
5,U05,2891.385937328267,handover,109.2713839,23.0310882,351.7,4852.989864447551,1,33.58643007631656,113.7744125199275,10.0,123.7744125199275,122.0,129.0,122.0,-1.7744125199274947,0
5,U05,2901.385937328267,handover,109.2713839,23.0310882,351.7,4852.989864447551,1,33.58643007631656,113.7744125199275,10.0,123.7744125199275,122.0,129.0,122.0,-1.7744125199274947,0
5,U05,2911.385937328267,handover,109.2713839,23.0310882,351.7,4852.989864447551,1,33.58643007631656,113.7744125199275,10.0,123.7744125199275,122.0,129.0,122.0,-1.7744125199274947,0
5,U05,2921.385937328267,handover,109.2713839,23.0310882,351.7,4852.989864447551,1,33.58643007631656,113.7744125199275,10.0,123.7744125199275,122.0,129.0,122.0,-1.7744125199274947,0
5,U05,2931.385937328267,handover,109.2713839,23.0310882,351.7,4852.989864447551,1,33.58643007631656,113.7744125199275,10.0,123.7744125199275,122.0,129.0,122.0,-1.7744125199274947,0
5,U05,2941.385937328267,handover,109.2713839,23.0310882,351.7,4852.989864447551,1,33.58643007631656,113.7744125199275,10.0,123.7744125199275,122.0,129.0,122.0,-1.7744125199274947,0
5,U05,2951.385937328267,handover,109.2713839,23.0310882,351.7,4852.989864447551,1,33.58643007631656,113.7744125199275,10.0,123.7744125199275,122.0,129.0,122.0,-1.7744125199274947,0
5,U05,2961.385937328267,climb,109.2713839,23.0310882,351.7,4852.989864447551,1,33.58643007631656,113.7744125199275,10.0,123.7744125199275,122.0,129.0,122.0,-1.7744125199274947,0
5,U05,2971.385937328267,climb,109.2713839,23.0310882,381.7,4854.343480269052,1,23.885751003689222,113.7768348860494,10.0,123.7768348860494,122.0,129.0,122.0,-1.7768348860494,0
5,U05,2981.385937328267,climb,109.2713839,23.0310882,411.7,4855.882064510078,1,16.01538063331887,113.7795874427159,10.0,123.7795874427159,122.0,129.0,122.0,-1.7795874427158935,0
5,U05,2985.053777904439,cruise,109.2713839,23.0310882,422.7035217285156,4856.492722263026,1,13.128654253924338,113.78067967936701,10.0,123.78067967936701,122.0,129.0,122.0,-1.7806796793670117,0
5,U05,2995.053777904439,cruise,109.27012999078298,23.03038970250817,422.7035217285156,4706.749960775634,1,10.831011399190118,113.5086473874059,10.0,123.5086473874059,122.0,129.0,122.0,-1.508647387405901,0
5,U05,3005.053777904439,cruise,109.26887608156596,23.02969120501634,422.7035217285156,4557.022964957267,1,8.382207830328724,113.22784917822732,10.0,123.22784917822732,122.0,129.0,122.0,-1.2278491782273164,0
5,U05,3015.053777904439,cruise,109.26762217234894,23.02899270752451,422.7035217285156,4407.313399713892,1,5.766818984673961,112.93770351144667,10.0,122.93770351144667,122.0,129.0,122.0,-0.9377035114466707,0
5,U05,3025.053777904439,cruise,109.26636826313192,23.02829421003268,422.7035217285156,4257.623163924683,1,4.031108695016798,112.6375692347543,10.0,122.6375692347543,122.0,129.0,122.0,-0.6375692347542952,0
5,U05,3035.053777904439,cruise,109.2651143539149,23.02759571254085,422.7035217285156,4107.954432977669,1,3.00624206988482,112.3267371860178,10.0,122.3267371860178,122.0,129.0,122.0,-0.32673718601779456,0
5,U05,3045.053777904439,cruise,109.26386044469788,23.026897215049022,422.7035217285156,3958.3097109525957,1,1.903734033757985,112.00442027032324,10.0,122.00442027032324,122.0,129.0,122.0,-0.004420270323237219,0
5,U05,3055.053777904439,cruise,109.26260653548086,23.02619871755719,422.7035217285156,3808.691895041061,1,0.7144143412432413,111.66974166893912,10.0,121.66974166893912,122.0,129.0,122.0,0.3302583310608753,1
5,U05,3065.053777904439,cruise,109.26135262626384,23.02550022006536,422.7035217285156,3659.1043557396906,0,-0.5723905719694358,111.32172074451977,0.0,111.32172074451977,122.0,129.0,122.0,10.678279255480234,1
5,U05,3075.053777904439,cruise,109.26009871704682,23.02480172257353,422.7035217285156,3509.551037449679,0,-1.9691788110977484,110.9592560841795,0.0,110.9592560841795,122.0,129.0,122.0,11.0407439158205,1
5,U05,3085.053777904439,cruise,109.2588448078298,23.024103225081703,422.7035217285156,3360.0365858575633,0,-3.49068028586251,110.58110495910967,0.0,110.58110495910967,122.0,129.0,122.0,11.418895040890334,1
5,U05,3095.053777904439,cruise,109.25759089861278,23.02340472758987,422.7035217285156,3210.566510723606,0,-5.154378160137981,110.18585825973435,0.0,110.18585825973435,122.0,129.0,122.0,11.814141740265654,1
5,U05,3105.053777904439,cruise,109.25633698939576,23.02270623009804,422.7035217285156,3061.1473961557695,0,-6.981183669146361,109.77190966724996,0.0,109.77190966724996,122.0,129.0,122.0,12.228090332750043,1
5,U05,3115.053777904439,cruise,109.25508308017874,23.022007732606212,422.7035217285156,2911.7871752532187,0,-8.996319643000959,109.3374174119498,0.0,109.3374174119498,122.0,129.0,122.0,12.6625825880502,1
5,U05,3125.053777904439,cruise,109.25382917096172,23.021309235114384,422.7035217285156,2762.4954933460067,0,-11.230492135752797,108.88025639820182,0.0,108.88025639820182,122.0,129.0,122.0,13.119743601798177,1
5,U05,3135.053777904439,cruise,109.2525752617447,23.020610737622555,422.7035217285156,2613.284194906197,0,-13.721466064453097,108.39795767147363,0.0,108.39795767147363,122.0,129.0,122.0,13.602042328526366,1
5,U05,3145.053777904439,cruise,109.25132135252767,23.019912240130722,422.7035217285156,2464.167986102129,0,-15.914596743699974,107.88763105465124,0.0,107.88763105465124,122.0,129.0,122.0,14.112368945348763,1
5,U05,3155.053777904439,cruise,109.25006744331066,23.019213742638893,422.7035217285156,2315.165351303982,0,-16.894574450207983,107.34586511793724,0.0,107.34586511793724,122.0,129.0,122.0,14.654134882062763,1
5,U05,3165.053777904439,cruise,109.24881353409363,23.018515245147064,422.7035217285156,2166.2998443701226,0,-18.01066017150879,106.76859620451332,0.0,106.76859620451332,122.0,129.0,122.0,15.231403795486685,1
5,U05,3175.053777904439,cruise,109.24755962487662,23.017816747655235,422.7035217285156,2017.6019456718716,0,-19.29332585121267,106.15093459504291,0.0,106.15093459504291,122.0,129.0,122.0,15.849065404957088,1
5,U05,3185.053777904439,cruise,109.24630571565959,23.017118250163403,422.7035217285156,1869.1117949834309,0,-20.78287309215915,105.48693039623775,0.0,105.48693039623775,122.0,129.0,122.0,16.513069603762247,1
5,U05,3195.053777904439,cruise,109.24505180644258,23.016419752671574,422.7035217285156,1720.8833198409618,0,-21.386771432976957,104.76925333587832,0.0,104.76925333587832,122.0,129.0,122.0,17.230746664121682,1
5,U05,3205.053777904439,cruise,109.24379789722555,23.015721255179745,422.7035217285156,1572.9906605264034,0,-21.61872447087211,103.98874771525617,0.0,103.98874771525617,122.0,129.0,122.0,18.011252284743833,1
5,U05,3215.053777904439,cruise,109.24254398800853,23.015022757687916,422.7035217285156,1425.5385181657675,0,-21.90002921895774,103.13380396375123,0.0,103.13380396375123,122.0,129.0,122.0,18.866196036248766,1
5,U05,3225.053777904439,cruise,109.24129007879151,23.014324260196087,422.7035217285156,1278.6794978887658,0,-22.24831128801617,102.18945887093226,0.0,102.18945887093226,122.0,129.0,122.0,19.810541129067744,1
5,U05,3235.053777904439,cruise,109.2400361695745,23.013625762704255,422.7035217285156,1132.6445623127286,0,-22.690723646009246,101.13609772091823,0.0,101.13609772091823,122.0,129.0,122.0,20.86390227908177,1
5,U05,3245.053777904439,cruise,109.23878226035747,23.012927265212426,422.7035217285156,987.7995328912527,0,-23.27138986587522,99.94760116337686,0.0,99.94760116337686,122.0,129.0,122.0,22.05239883662314,1
5,U05,3255.053777904439,cruise,109.23752835114045,23.012228767720597,422.7035217285156,844.7570112167707,0,-24.067117648654516,98.58886093361457,0.0,98.58886093361457,122.0,129.0,122.0,23.41113906638543,1
5,U05,3265.053777904439,cruise,109.23627444192343,23.011530270228768,422.7035217285156,704.6159866989042,0,-25.22453987815163,97.01327468341462,0.0,97.01327468341462,122.0,129.0,122.0,24.986725316585378,1
5,U05,3275.053777904439,cruise,109.23502053270641,23.010831772736935,422.7035217285156,569.5228450357598,0,-27.06279871323528,95.16444782304296,0.0,95.16444782304296,122.0,129.0,122.0,26.835552176957037,1
5,U05,3285.053777904439,cruise,109.23376662348939,23.010133275245106,422.7035217285156,444.10884543321293,0,-30.43293991088865,93.00401329858732,0.0,93.00401329858732,122.0,129.0,122.0,28.995986701412676,1
5,U05,3295.053777904439,cruise,109.23251271427236,23.009434777753278,422.7035217285156,339.28363811262267,0,-38.61756853376113,90.6654831618979,0.0,90.6654831618979,122.0,129.0,122.0,31.334516838102104,1
5,U05,3305.053777904439,cruise,109.23125880505535,23.00873628026145,422.7035217285156,279.2829105892211,0,-87.72534027099607,88.9751120721428,0.0,88.9751120721428,122.0,129.0,122.0,33.02488792785719,1
5,U05,3308.3004647444245,descend,109.2308517,23.0085095,422.7035217285156,275.00352172851564,0,0.0,88.84098994410775,0.0,88.84098994410775,122.0,129.0,122.0,33.15901005589225,1
5,U05,3318.3004647444245,descend,109.2308517,23.0085095,397.7035217285156,250.00352172851564,0,0.0,88.01314736419195,0.0,88.01314736419195,122.0,129.0,122.0,33.98685263580805,1
5,U05,3328.3004647444245,descend,109.2308517,23.0085095,372.7035217285156,225.00352172851564,0,0.0,87.09801114804083,0.0,87.09801114804083,122.0,129.0,122.0,34.901988851959175,1
5,U05,3338.3004647444245,descend,109.2308517,23.0085095,347.7035217285156,200.00352172851564,0,0.0,86.07497769289128,0.0,86.07497769289128,122.0,129.0,122.0,35.92502230710872,1
5,U05,3348.3004647444245,descend,109.2308517,23.0085095,322.7035217285156,175.00352172851564,0,0.0,84.91516060245763,0.0,84.91516060245763,122.0,129.0,122.0,37.08483939754237,1
5,U05,3358.3004647444245,descend,109.2308517,23.0085095,297.7035217285156,150.00352172851564,0,0.0,83.57625394191999,0.0,83.57625394191999,122.0,129.0,122.0,38.42374605808001,1
5,U05,3368.3004647444245,descend,109.2308517,23.0085095,272.7035217285156,125.00352172851564,0,0.0,81.9926698057078,0.0,81.9926698057078,122.0,129.0,122.0,40.007330194292194,1
5,U05,3378.3004647444245,descend,109.2308517,23.0085095,247.70352172851562,100.00352172851564,0,0.0,80.0545307222981,0.0,80.0545307222981,122.0,129.0,122.0,41.9454692777019,1
5,U05,3388.3004647444245,descend,109.2308517,23.0085095,222.70352172851562,75.00352172851564,0,0.0,77.55585795042694,0.0,77.55585795042694,122.0,129.0,122.0,44.44414204957306,1
5,U05,3398.3004647444245,descend,109.2308517,23.0085095,197.70352172851562,50.003521728515636,0,0.0,74.03423668631247,0.0,74.03423668631247,122.0,129.0,122.0,47.96576331368753,1
5,U05,3408.3004647444245,descend,109.2308517,23.0085095,172.70352172851565,25.003521728515665,0,0.0,68.01424849530795,0.0,68.01424849530795,122.0,129.0,122.0,53.98575150469205,1
5,U05,3418.3004647444245,descend,109.2308517,23.0085095,147.70352172851562,0.0035217285156363687,0,0.0,-9.01065768853995,0.0,-9.01065768853995,122.0,129.0,122.0,131.01065768853994,1
5,U05,3426.3018734358307,descend,109.2308517,23.0085095,127.69999999999999,20.0,0,0.0,66.07482474751174,0.0,66.07482474751174,122.0,129.0,122.0,55.92517525248826,1
6,U05,3426.3,setup,109.2308517,23.0085095,127.7,19.999999999999986,0,0.0,66.07482474751174,0.0,66.07482474751174,122.0,129.0,122.0,55.92517525248826,1
6,U05,3436.3,setup,109.2308517,23.0085095,127.7,19.999999999999986,0,0.0,66.07482474751174,0.0,66.07482474751174,122.0,129.0,122.0,55.92517525248826,1
6,U05,3446.3,setup,109.2308517,23.0085095,127.7,19.999999999999986,0,0.0,66.07482474751174,0.0,66.07482474751174,122.0,129.0,122.0,55.92517525248826,1
6,U05,3456.3,setup,109.2308517,23.0085095,127.7,19.999999999999986,0,0.0,66.07482474751174,0.0,66.07482474751174,122.0,129.0,122.0,55.92517525248826,1
6,U05,3466.3,setup,109.2308517,23.0085095,127.7,19.999999999999986,0,0.0,66.07482474751174,0.0,66.07482474751174,122.0,129.0,122.0,55.92517525248826,1
6,U05,3476.3,setup,109.2308517,23.0085095,127.7,19.999999999999986,0,0.0,66.07482474751174,0.0,66.07482474751174,122.0,129.0,122.0,55.92517525248826,1
6,U05,3486.3,setup,109.2308517,23.0085095,127.7,19.999999999999986,0,0.0,66.07482474751174,0.0,66.07482474751174,122.0,129.0,122.0,55.92517525248826,1
6,U05,3496.3,setup,109.2308517,23.0085095,127.7,19.999999999999986,0,0.0,66.07482474751174,0.0,66.07482474751174,122.0,129.0,122.0,55.92517525248826,1
6,U05,3506.3,setup,109.2308517,23.0085095,127.7,19.999999999999986,0,0.0,66.07482474751174,0.0,66.07482474751174,122.0,129.0,122.0,55.92517525248826,1
6,U05,3516.3,setup,109.2308517,23.0085095,127.7,19.999999999999986,0,0.0,66.07482474751174,0.0,66.07482474751174,122.0,129.0,122.0,55.92517525248826,1
6,U05,3526.3,setup,109.2308517,23.0085095,127.7,19.999999999999986,0,0.0,66.07482474751174,0.0,66.07482474751174,122.0,129.0,122.0,55.92517525248826,1
6,U05,3536.3,setup,109.2308517,23.0085095,127.7,19.999999999999986,0,0.0,66.07482474751174,0.0,66.07482474751174,122.0,129.0,122.0,55.92517525248826,1
6,U05,3546.3,setup,109.2308517,23.0085095,127.7,19.999999999999986,0,0.0,66.07482474751174,0.0,66.07482474751174,122.0,129.0,122.0,55.92517525248826,1
6,U05,3556.3,setup,109.2308517,23.0085095,127.7,19.999999999999986,0,0.0,66.07482474751174,0.0,66.07482474751174,122.0,129.0,122.0,55.92517525248826,1
6,U05,3566.3,setup,109.2308517,23.0085095,127.7,19.999999999999986,0,0.0,66.07482474751174,0.0,66.07482474751174,122.0,129.0,122.0,55.92517525248826,1
6,U05,3576.3,setup,109.2308517,23.0085095,127.7,19.999999999999986,0,0.0,66.07482474751174,0.0,66.07482474751174,122.0,129.0,122.0,55.92517525248826,1
6,U05,3586.3,setup,109.2308517,23.0085095,127.7,19.999999999999986,0,0.0,66.07482474751174,0.0,66.07482474751174,122.0,129.0,122.0,55.92517525248826,1
6,U05,3596.3,setup,109.2308517,23.0085095,127.7,19.999999999999986,0,0.0,66.07482474751174,0.0,66.07482474751174,122.0,129.0,122.0,55.92517525248826,1
6,U05,3606.3,setup,109.2308517,23.0085095,127.7,19.999999999999986,0,0.0,66.07482474751174,0.0,66.07482474751174,122.0,129.0,122.0,55.92517525248826,1
6,U05,3616.3,setup,109.2308517,23.0085095,127.7,19.999999999999986,0,0.0,66.07482474751174,0.0,66.07482474751174,122.0,129.0,122.0,55.92517525248826,1
6,U05,3626.3,setup,109.2308517,23.0085095,127.7,19.999999999999986,0,0.0,66.07482474751174,0.0,66.07482474751174,122.0,129.0,122.0,55.92517525248826,1
6,U05,3636.3,setup,109.2308517,23.0085095,127.7,19.999999999999986,0,0.0,66.07482474751174,0.0,66.07482474751174,122.0,129.0,122.0,55.92517525248826,1
6,U05,3646.3,setup,109.2308517,23.0085095,127.7,19.999999999999986,0,0.0,66.07482474751174,0.0,66.07482474751174,122.0,129.0,122.0,55.92517525248826,1
6,U05,3656.3,setup,109.2308517,23.0085095,127.7,19.999999999999986,0,0.0,66.07482474751174,0.0,66.07482474751174,122.0,129.0,122.0,55.92517525248826,1
6,U05,3666.3,setup,109.2308517,23.0085095,127.7,19.999999999999986,0,0.0,66.07482474751174,0.0,66.07482474751174,122.0,129.0,122.0,55.92517525248826,1
6,U05,3676.3,setup,109.2308517,23.0085095,127.7,19.999999999999986,0,0.0,66.07482474751174,0.0,66.07482474751174,122.0,129.0,122.0,55.92517525248826,1
6,U05,3686.3,setup,109.2308517,23.0085095,127.7,19.999999999999986,0,0.0,66.07482474751174,0.0,66.07482474751174,122.0,129.0,122.0,55.92517525248826,1
6,U05,3696.3,setup,109.2308517,23.0085095,127.7,19.999999999999986,0,0.0,66.07482474751174,0.0,66.07482474751174,122.0,129.0,122.0,55.92517525248826,1
6,U05,3706.3,setup,109.2308517,23.0085095,127.7,19.999999999999986,0,0.0,66.07482474751174,0.0,66.07482474751174,122.0,129.0,122.0,55.92517525248826,1
6,U05,3716.3,setup,109.2308517,23.0085095,127.7,19.999999999999986,0,0.0,66.07482474751174,0.0,66.07482474751174,122.0,129.0,122.0,55.92517525248826,1
6,U05,3726.3,setup,109.2308517,23.0085095,127.7,19.999999999999986,0,0.0,66.07482474751174,0.0,66.07482474751174,122.0,129.0,122.0,55.92517525248826,1
6,U05,3736.3,setup,109.2308517,23.0085095,127.7,19.999999999999986,0,0.0,66.07482474751174,0.0,66.07482474751174,122.0,129.0,122.0,55.92517525248826,1
6,U05,3746.3,setup,109.2308517,23.0085095,127.7,19.999999999999986,0,0.0,66.07482474751174,0.0,66.07482474751174,122.0,129.0,122.0,55.92517525248826,1
6,U05,3756.3,setup,109.2308517,23.0085095,127.7,19.999999999999986,0,0.0,66.07482474751174,0.0,66.07482474751174,122.0,129.0,122.0,55.92517525248826,1
6,U05,3766.3,setup,109.2308517,23.0085095,127.7,19.999999999999986,0,0.0,66.07482474751174,0.0,66.07482474751174,122.0,129.0,122.0,55.92517525248826,1
6,U05,3776.3,setup,109.2308517,23.0085095,127.7,19.999999999999986,0,0.0,66.07482474751174,0.0,66.07482474751174,122.0,129.0,122.0,55.92517525248826,1
6,U05,3786.3,setup,109.2308517,23.0085095,127.7,19.999999999999986,0,0.0,66.07482474751174,0.0,66.07482474751174,122.0,129.0,122.0,55.92517525248826,1
6,U05,3796.3,setup,109.2308517,23.0085095,127.7,19.999999999999986,0,0.0,66.07482474751174,0.0,66.07482474751174,122.0,129.0,122.0,55.92517525248826,1
6,U05,3806.3,setup,109.2308517,23.0085095,127.7,19.999999999999986,0,0.0,66.07482474751174,0.0,66.07482474751174,122.0,129.0,122.0,55.92517525248826,1
6,U05,3816.3,climb,109.2308517,23.0085095,127.7,19.999999999999986,0,0.0,66.07482474751174,0.0,66.07482474751174,122.0,129.0,122.0,55.92517525248826,1
6,U05,3826.3,climb,109.2308517,23.0085095,157.70000000000002,10.000000000000028,0,0.0,60.05422483423214,0.0,60.05422483423214,122.0,129.0,122.0,61.94577516576786,1
6,U05,3836.3,climb,109.2308517,23.0085095,187.70000000000002,40.00000000000003,0,0.0,72.09542466079137,0.0,72.09542466079137,122.0,129.0,122.0,49.904575339208634,1
6,U05,3846.3,climb,109.2308517,23.0085095,217.7,70.0,0,0.0,76.95618563451725,0.0,76.95618563451725,122.0,129.0,122.0,45.043814365482746,1
6,U05,3856.3,climb,109.2308517,23.0085095,247.70000000000002,100.00000000000003,0,0.0,80.05422483423212,0.0,80.05422483423212,122.0,129.0,122.0,41.945775165767884,1
6,U05,3866.3,climb,109.2308517,23.0085095,277.7,130.0,0,0.0,82.33309188036885,0.0,82.33309188036885,122.0,129.0,122.0,39.666908119631145,1
6,U05,3876.3,climb,109.2308517,23.0085095,307.7,160.0,0,0.0,84.13662448735062,0.0,84.13662448735062,122.0,129.0,122.0,37.863375512649384,1
6,U05,3886.3,climb,109.2308517,23.0085095,337.7,190.0,0,0.0,85.6292968532887,0.0,85.6292968532887,122.0,129.0,122.0,36.37070314671131,1
6,U05,3896.3,climb,109.2308517,23.0085095,367.70000000000005,220.00000000000006,0,0.0,86.90267845067625,0.0,86.90267845067625,122.0,129.0,122.0,35.09732154932375,1
6,U05,3897.5938883463546,cruise,109.2308517,23.0085095,371.5816650390625,223.8816650390625,0,0.0,87.05459539733475,0.0,87.05459539733475,122.0,129.0,122.0,34.94540460266525,1
6,U05,3907.5938883463546,cruise,109.23226947954672,23.008851392393794,371.5816650390625,269.489604110088,0,-39.32733847878197,88.66506516237145,0.0,88.66506516237145,122.0,129.0,122.0,33.33493483762855,1
6,U05,3917.5938883463546,cruise,109.23368725909343,23.009193284787592,371.5816650390625,374.3385815581564,0,-29.635491507393965,91.5195166420459,0.0,91.5195166420459,122.0,129.0,122.0,30.4804833579541,1
6,U05,3927.5938883463546,cruise,109.23510503864013,23.009535177181387,371.5816650390625,502.6299439422945,0,-26.196449033675634,94.07919199256378,0.0,94.07919199256378,122.0,129.0,122.0,27.92080800743622,1
6,U05,3937.5938883463546,cruise,109.23652281818684,23.009877069575182,371.5816650390625,640.4270350933294,0,-24.434988254454083,96.18361797450606,0.0,96.18361797450606,122.0,129.0,122.0,25.816382025493937,1
6,U05,3947.5938883463546,cruise,109.23794059773356,23.01021896196898,371.5816650390625,782.7252606533269,0,-23.36429640826057,97.92641183221717,0.0,97.92641183221717,122.0,129.0,122.0,24.07358816778283,1
6,U05,3957.5938883463546,cruise,109.23935837728027,23.010560854362776,371.5816650390625,927.4549474373246,0,-22.644651069015737,99.4000812796593,0.0,99.4000812796593,122.0,129.0,122.0,22.599918720340696,1
6,U05,3967.5938883463546,cruise,109.24077615682697,23.01090274675657,371.5816650390625,1073.6330866122455,0,-22.127722726741297,100.671342571649,0.0,100.671342571649,122.0,129.0,122.0,21.328657428350994,1
6,U05,3977.5938883463546,cruise,109.24219393637368,23.01124463915037,371.5816650390625,1220.7393206162117,0,-15.54143269856769,101.78668350699061,0.0,101.78668350699061,122.0,129.0,122.0,20.213316493009387,1
6,U05,3987.5938883463546,cruise,109.2436117159204,23.011586531544165,371.5816650390625,1368.4742642819447,0,-4.607041243668448,102.77895752263782,0.0,102.77895752263782,122.0,129.0,122.0,19.221042477362175,1
6,U05,3997.5938883463546,cruise,109.24502949546711,23.01192842393796,371.5816650390625,1516.6540982569745,1,4.4874028574122065,103.67195569390078,10.0,113.67195569390078,122.0,129.0,122.0,8.328044306099216,1
6,U05,4007.5938883463546,cruise,109.24644727501382,23.012270316331758,371.5816650390625,1665.1599604667226,1,12.47533132192251,104.48334402484662,10.0,114.48334402484662,122.0,129.0,122.0,7.516655975153384,1
6,U05,4017.5938883463546,cruise,109.24786505456052,23.012612208725553,371.5816650390625,1813.9116881209918,1,19.14294103196829,105.22654761886405,10.0,115.22654761886405,122.0,129.0,122.0,6.773452381135954,1
6,U05,4027.5938883463546,cruise,109.24928283410723,23.01295410111935,371.5816650390625,1962.8533028734666,1,24.792595061091077,105.91198169599043,10.0,115.91198169599043,122.0,129.0,122.0,6.088018304009566,1
6,U05,4037.5938883463546,cruise,109.25070061365395,23.013295993513147,371.5816650390625,2111.944554805907,1,29.640879724380824,106.54787508251002,10.0,116.54787508251002,122.0,129.0,122.0,5.452124917489982,1
6,U05,4047.5938883463546,cruise,109.25211839320066,23.01363788590694,371.5816650390625,2261.15577392438,1,33.847007478625585,107.14083448384095,10.0,117.14083448384095,122.0,129.0,122.0,4.859165516159052,1
6,U05,4057.5938883463546,cruise,109.25353617274737,23.01397977830074,371.5816650390625,2410.4646154742986,1,37.53063489072812,107.6962400466338,10.0,117.6962400466338,122.0,129.0,122.0,4.303759953366196,1
6,U05,4067.5938883463546,cruise,109.25495395229407,23.014321670694535,371.5816650390625,2559.8539348530976,1,40.78342868738008,108.21852853814823,10.0,118.21852853814823,122.0,129.0,122.0,3.7814714618517655,1
6,U05,4077.5938883463546,cruise,109.25637173184079,23.01466356308833,371.5816650390625,2709.3103605260726,1,43.67679775512022,108.7113999894793,10.0,118.7113999894793,122.0,129.0,122.0,3.288600010520696,1
6,U05,4087.5938883463546,cruise,109.2577895113875,23.01500545548213,371.5816650390625,2858.823311740498,1,50.5282392731512,109.1779711305675,10.0,119.1779711305675,122.0,129.0,122.0,2.8220288694325006,1
6,U05,4097.593888346355,cruise,109.25920729093421,23.015347347875924,371.5816650390625,3008.3843075234468,1,57.7174904894473,109.62089112671865,10.0,119.62089112671865,122.0,129.0,122.0,2.3791088732813535,1
6,U05,4107.593888346355,cruise,109.26062507048091,23.01568924026972,371.5816650390625,3157.9864710481747,1,64.81075734504589,110.04243013702715,10.0,120.04243013702715,122.0,129.0,122.0,1.9575698629728464,1
6,U05,4117.593888346355,cruise,109.26204285002763,23.016031132663517,371.5816650390625,3307.6241679095465,1,70.47609509774463,110.44454796504802,10.0,120.44454796504802,122.0,129.0,122.0,1.5554520349519834,1
6,U05,4127.593888346355,cruise,109.26346062957434,23.016373025057312,371.5816650390625,3457.2927379443004,1,75.65092741730928,110.82894791302529,10.0,120.82894791302529,122.0,129.0,122.0,1.1710520869747114,1
6,U05,4137.593888346355,cruise,109.26487840912105,23.016714917451107,371.5816650390625,3606.988293587021,1,80.39631307134982,111.19711949075291,10.0,121.19711949075291,122.0,129.0,122.0,0.802880509247089,1
6,U05,4147.593888346355,cruise,109.26629618866777,23.017056809844906,371.5816650390625,3756.707566269294,1,84.76358034658242,111.55037262531313,10.0,121.55037262531313,122.0,129.0,122.0,0.44962737468686953,1
6,U05,4157.593888346355,cruise,109.26771396821447,23.0173987022387,371.5816650390625,3906.4477880325453,1,88.79619112562858,111.8898653159069,10.0,121.8898653159069,122.0,129.0,122.0,0.11013468409309723,1
6,U05,4167.593888346355,cruise,109.26913174776118,23.017740594632496,371.5816650390625,4056.206599297558,1,92.53119225308467,112.21662618011554,10.0,122.21662618011554,122.0,129.0,122.0,-0.21662618011554002,0
6,U05,4177.593888346355,cruise,109.27054952730789,23.018082487026295,371.5816650390625,4205.981976273575,1,96.00035700136235,112.53157298002228,10.0,122.53157298002228,122.0,129.0,122.0,-0.5315729800222755,0
6,U05,4187.593888346355,cruise,109.2719673068546,23.01842437942009,371.5816650390625,4355.772173320499,1,99.23109118274806,112.83552795628657,10.0,122.83552795628657,122.0,129.0,122.0,-0.835527956286569,0
6,U05,4197.593888346355,cruise,109.2733850864013,23.018766271813885,371.5816650390625,4505.575676776407,1,102.24715864111815,113.1292306063477,10.0,123.1292306063477,122.0,129.0,122.0,-1.1292306063477042,0
6,U05,4207.593888346355,cruise,109.27480286594802,23.019108164207683,371.5816650390625,4655.391167688596,1,105.06926677740657,113.4133484002198,10.0,123.4133484002198,122.0,129.0,122.0,-1.4133484002198031,0
6,U05,4216.156108437539,descend,109.2760168,23.0194009,371.5816650390625,4783.675136917355,1,107.25443721759282,113.64945840837643,10.0,123.64945840837643,122.0,129.0,122.0,-1.6494584083764323,0
6,U05,4224.148774453164,handover,109.2760168,23.0194009,351.6,4782.781620105669,1,115.14688171578052,113.64783586648119,10.0,123.64783586648119,122.0,129.0,122.0,-1.6478358664811878,0
6,U05,4234.148774453164,handover,109.2760168,23.0194009,351.6,4782.781620105669,1,115.14688171578052,113.64783586648119,10.0,123.64783586648119,122.0,129.0,122.0,-1.6478358664811878,0
6,U05,4244.148774453164,handover,109.2760168,23.0194009,351.6,4782.781620105669,1,115.14688171578052,113.64783586648119,10.0,123.64783586648119,122.0,129.0,122.0,-1.6478358664811878,0
6,U05,4254.148774453164,handover,109.2760168,23.0194009,351.6,4782.781620105669,1,115.14688171578052,113.64783586648119,10.0,123.64783586648119,122.0,129.0,122.0,-1.6478358664811878,0
6,U05,4264.148774453164,handover,109.2760168,23.0194009,351.6,4782.781620105669,1,115.14688171578052,113.64783586648119,10.0,123.64783586648119,122.0,129.0,122.0,-1.6478358664811878,0
6,U05,4274.148774453164,handover,109.2760168,23.0194009,351.6,4782.781620105669,1,115.14688171578052,113.64783586648119,10.0,123.64783586648119,122.0,129.0,122.0,-1.6478358664811878,0
6,U05,4284.148774453164,handover,109.2760168,23.0194009,351.6,4782.781620105669,1,115.14688171578052,113.64783586648119,10.0,123.64783586648119,122.0,129.0,122.0,-1.6478358664811878,0
6,U05,4294.148774453164,handover,109.2760168,23.0194009,351.6,4782.781620105669,1,115.14688171578052,113.64783586648119,10.0,123.64783586648119,122.0,129.0,122.0,-1.6478358664811878,0
6,U05,4304.148774453164,handover,109.2760168,23.0194009,351.6,4782.781620105669,1,115.14688171578052,113.64783586648119,10.0,123.64783586648119,122.0,129.0,122.0,-1.6478358664811878,0
6,U05,4314.148774453164,handover,109.2760168,23.0194009,351.6,4782.781620105669,1,115.14688171578052,113.64783586648119,10.0,123.64783586648119,122.0,129.0,122.0,-1.6478358664811878,0
6,U05,4324.148774453164,handover,109.2760168,23.0194009,351.6,4782.781620105669,1,115.14688171578052,113.64783586648119,10.0,123.64783586648119,122.0,129.0,122.0,-1.6478358664811878,0
6,U05,4334.148774453164,handover,109.2760168,23.0194009,351.6,4782.781620105669,1,115.14688171578052,113.64783586648119,10.0,123.64783586648119,122.0,129.0,122.0,-1.6478358664811878,0
6,U05,4344.148774453164,handover,109.2760168,23.0194009,351.6,4782.781620105669,1,115.14688171578052,113.64783586648119,10.0,123.64783586648119,122.0,129.0,122.0,-1.6478358664811878,0
6,U05,4354.148774453164,handover,109.2760168,23.0194009,351.6,4782.781620105669,1,115.14688171578052,113.64783586648119,10.0,123.64783586648119,122.0,129.0,122.0,-1.6478358664811878,0
6,U05,4364.148774453164,handover,109.2760168,23.0194009,351.6,4782.781620105669,1,115.14688171578052,113.64783586648119,10.0,123.64783586648119,122.0,129.0,122.0,-1.6478358664811878,0
6,U05,4374.148774453164,handover,109.2760168,23.0194009,351.6,4782.781620105669,1,115.14688171578052,113.64783586648119,10.0,123.64783586648119,122.0,129.0,122.0,-1.6478358664811878,0
6,U05,4384.148774453164,handover,109.2760168,23.0194009,351.6,4782.781620105669,1,115.14688171578052,113.64783586648119,10.0,123.64783586648119,122.0,129.0,122.0,-1.6478358664811878,0
6,U05,4394.148774453164,handover,109.2760168,23.0194009,351.6,4782.781620105669,1,115.14688171578052,113.64783586648119,10.0,123.64783586648119,122.0,129.0,122.0,-1.6478358664811878,0
6,U05,4404.148774453164,handover,109.2760168,23.0194009,351.6,4782.781620105669,1,115.14688171578052,113.64783586648119,10.0,123.64783586648119,122.0,129.0,122.0,-1.6478358664811878,0
6,U05,4414.148774453164,handover,109.2760168,23.0194009,351.6,4782.781620105669,1,115.14688171578052,113.64783586648119,10.0,123.64783586648119,122.0,129.0,122.0,-1.6478358664811878,0
6,U05,4424.148774453164,handover,109.2760168,23.0194009,351.6,4782.781620105669,1,115.14688171578052,113.64783586648119,10.0,123.64783586648119,122.0,129.0,122.0,-1.6478358664811878,0
6,U05,4434.148774453164,handover,109.2760168,23.0194009,351.6,4782.781620105669,1,115.14688171578052,113.64783586648119,10.0,123.64783586648119,122.0,129.0,122.0,-1.6478358664811878,0
6,U05,4444.148774453164,handover,109.2760168,23.0194009,351.6,4782.781620105669,1,115.14688171578052,113.64783586648119,10.0,123.64783586648119,122.0,129.0,122.0,-1.6478358664811878,0
6,U05,4454.148774453164,handover,109.2760168,23.0194009,351.6,4782.781620105669,1,115.14688171578052,113.64783586648119,10.0,123.64783586648119,122.0,129.0,122.0,-1.6478358664811878,0
6,U05,4464.148774453164,climb,109.2760168,23.0194009,351.6,4782.781620105669,1,115.14688171578052,113.64783586648119,10.0,123.64783586648119,122.0,129.0,122.0,-1.6478358664811878,0
6,U05,4474.148774453164,climb,109.2760168,23.0194009,381.6,4784.154473427944,1,103.49371854489124,113.65032871317982,10.0,123.65032871317982,122.0,129.0,122.0,-1.6503287131798174,0
6,U05,4484.148774453164,climb,109.2760168,23.0194009,411.6,4785.7149962801395,1,92.39653986150566,113.65316146433382,10.0,123.65316146433382,122.0,129.0,122.0,-1.6531614643338202,0
6,U05,4494.148774453164,climb,109.2760168,23.0194009,441.6,4787.463005143812,1,81.29936117812008,113.65633345429217,10.0,123.65633345429217,122.0,129.0,122.0,-1.6563334542921666,0
6,U05,4499.865156289102,cruise,109.2760168,23.0194009,458.7491455078125,4788.546375106098,1,74.95579011253426,113.65829878903571,10.0,123.65829878903571,122.0,129.0,122.0,-1.6582987890357117,0
6,U05,4509.865156289102,cruise,109.27459902045328,23.019059007606206,458.7491455078125,4638.878875482111,1,71.2322000941798,113.38248549264138,10.0,123.38248549264138,122.0,129.0,122.0,-1.3824854926413792,0
6,U05,4519.865156289102,cruise,109.27318124090657,23.018717115212407,458.7491455078125,4489.232849119585,1,67.25954050938026,113.09766747674996,10.0,123.09766747674996,122.0,129.0,122.0,-1.0976674767499617,0
6,U05,4529.865156289102,cruise,109.27176346135987,23.018375222818612,458.7491455078125,4339.610554376225,1,63.011956385840165,112.80323996976159,10.0,122.80323996976159,122.0,129.0,122.0,-0.8032399697615915,0
6,U05,4539.865156289102,cruise,109.27034568181315,23.018033330424817,458.7491455078125,4190.014571802056,1,58.45988594520054,112.49853550091944,10.0,122.49853550091944,122.0,129.0,122.0,-0.498535500919445,0
6,U05,4549.865156289102,cruise,109.26892790226644,23.01769143803102,458.7491455078125,4040.4478636438175,1,53.569371605628476,112.18281497767597,10.0,122.18281497767597,122.0,129.0,122.0,-0.18281497767597443,0
6,U05,4559.865156289102,cruise,109.26751012271973,23.017349545637224,458.7491455078125,3890.913847002213,1,48.30121137110882,111.85525712861194,10.0,121.85525712861194,122.0,129.0,122.0,0.1447428713880612,1
6,U05,4569.865156289102,cruise,109.26609234317303,23.01700765324343,458.7491455078125,3741.4164844654733,1,43.1856745953541,111.5149459419942,10.0,121.5149459419942,122.0,129.0,122.0,0.4850540580058009,1
6,U05,4579.865156289102,cruise,109.26467456362631,23.01666576084963,458.7491455078125,3591.9603972620307,1,41.094974418863615,111.16085562940815,10.0,121.16085562940815,122.0,129.0,122.0,0.8391443705918533,1
6,U05,4589.865156289102,cruise,109.2632567840796,23.016323868455835,458.7491455078125,3442.551007754284,1,38.82168034049624,110.79183251126946,10.0,120.79183251126946,122.0,129.0,122.0,1.2081674887305383,1
6,U05,4599.865156289102,cruise,109.26183900453289,23.01598197606204,458.7491455078125,3293.1947204911557,1,36.34077949698113,110.40657304418637,10.0,120.40657304418637,122.0,129.0,122.0,1.5934269558136265,1
6,U05,4609.865156289102,cruise,109.26042122498617,23.01564008366824,458.7491455078125,3143.8991545688086,1,33.62247187418231,110.00359697269462,10.0,120.00359697269462,122.0,129.0,122.0,1.9964030273053766,1
6,U05,4619.865156289102,cruise,109.25900344543948,23.015298191274447,458.7491455078125,2994.6734450404556,1,30.630967505373576,109.5812142652386,10.0,119.5812142652386,122.0,129.0,122.0,2.4187857347614,1
6,U05,4629.865156289102,cruise,109.25758566589276,23.014956298880648,458.7491455078125,2845.5286384759033,1,27.322901827696143,109.13748405163571,10.0,119.13748405163571,122.0,129.0,122.0,2.8625159483642904,1
6,U05,4639.865156289102,cruise,109.25616788634605,23.014614406486853,458.7491455078125,2696.47821877065,1,23.645219873183294,108.6701631653516,10.0,118.6701631653516,122.0,129.0,122.0,3.329836834648404,1
6,U05,4649.865156289102,cruise,109.25475010679934,23.014272514093058,458.7491455078125,2547.538815897038,1,19.532309285000252,108.17664103246453,10.0,118.17664103246453,122.0,129.0,122.0,3.8233589675354693,1
6,U05,4659.865156289102,cruise,109.25333232725262,23.01393062169926,458.7491455078125,2398.731176119346,1,14.90205145302059,107.6538564274387,10.0,117.6538564274387,122.0,129.0,122.0,4.346143572561303,1
6,U05,4669.865156289102,cruise,109.25191454770592,23.013588729305464,458.7491455078125,2250.0815129600032,1,9.650282502654449,107.09818986301494,10.0,117.09818986301494,122.0,129.0,122.0,4.901810136985063,1
6,U05,4679.865156289102,cruise,109.25049676815921,23.01324683691167,458.7491455078125,2101.6234243577933,1,3.6541114422915086,106.50532284186546,10.0,116.50532284186546,122.0,129.0,122.0,5.494677158134536,1
6,U05,4689.865156289102,cruise,109.2490789886125,23.01290494451787,458.7491455078125,1953.4006716766019,0,-2.8428831588390437,105.87005148853,0.0,105.87005148853,122.0,129.0,122.0,16.129948511470005,1
6,U05,4699.865156289102,cruise,109.24766120906578,23.012563052124076,458.7491455078125,1805.4713052621921,0,-10.137371621011681,105.18603664390254,0.0,105.18603664390254,122.0,129.0,122.0,16.81396335609746,1
6,U05,4709.865156289102,cruise,109.24624342951908,23.01222115973028,458.7491455078125,1657.9139567926156,0,-18.770298333124288,104.44546458578104,0.0,104.44546458578104,122.0,129.0,122.0,17.55453541421896,1
6,U05,4719.865156289102,cruise,109.24482564997237,23.011879267336482,458.7491455078125,1510.837736606093,0,-22.116370399552125,103.63858130988511,0.0,103.63858130988511,122.0,129.0,122.0,18.36141869011489,1
6,U05,4729.865156289102,cruise,109.24340787042566,23.011537374942687,458.7491455078125,1364.3983615664208,0,-22.469394058056082,102.75304861852169,0.0,102.75304861852169,122.0,129.0,122.0,19.24695138147831,1
6,U05,4739.865156289102,cruise,109.24199009087894,23.011195482548892,458.7491455078125,1218.8255315804788,0,-22.911790794662238,101.77305569648178,0.0,101.77305569648178,122.0,129.0,122.0,20.226944303518223,1
6,U05,4749.865156289102,cruise,109.24057231133223,23.010853590155094,458.7491455078125,1074.4716602746919,0,-23.482418469415165,100.6781241391363,0.0,100.6781241391363,122.0,129.0,122.0,21.3218758608637,1
6,U05,4759.865156289102,cruise,109.23915453178553,23.0105116977613,458.7491455078125,931.9035498160813,0,-24.246479254253813,99.44164415534111,0.0,99.44164415534111,122.0,129.0,122.0,22.55835584465889,1
6,U05,4769.865156289102,cruise,109.23773675223882,23.010169805367504,458.7491455078125,792.0862509252198,0,-25.322401583924602,98.02967433120823,0.0,98.02967433120823,122.0,129.0,122.0,23.970325668791773,1
6,U05,4779.865156289102,cruise,109.2363189726921,23.009827912973705,458.7491455078125,656.7791692494525,0,-26.950078954452124,96.40261223462424,0.0,96.40261223462424,122.0,129.0,122.0,25.597387765375757,1
6,U05,4789.865156289102,cruise,109.23490119314539,23.00948602057991,458.7491455078125,529.4518779876877,0,-29.70029244258484,94.53075469631693,0.0,94.53075469631693,122.0,129.0,122.0,27.469245303683067,1
6,U05,4799.865156289102,cruise,109.23348341359869,23.009144128186115,458.7491455078125,417.4711857224391,0,-35.345467497173104,92.46675494254812,0.0,92.46675494254812,122.0,129.0,122.0,29.53324505745188,1
6,U05,4809.865156289102,cruise,109.23206563405198,23.008802235792317,458.7491455078125,336.5232484219943,0,-53.53547600640189,90.59452628344792,0.0,90.59452628344792,122.0,129.0,122.0,31.40547371655208,1
6,U05,4818.427376380287,descend,109.2308517,23.0085095,458.7491455078125,311.0491455078125,0,0.0,89.91080508657768,0.0,89.91080508657768,122.0,129.0,122.0,32.08919491342232,1
6,U05,4828.427376380287,descend,109.2308517,23.0085095,433.7491455078125,286.0491455078125,0,0.0,89.18303792962742,0.0,89.18303792962742,122.0,129.0,122.0,32.81696207037258,1
6,U05,4838.427376380287,descend,109.2308517,23.0085095,408.7491455078125,261.0491455078125,0,0.0,88.38867035369013,0.0,88.38867035369013,122.0,129.0,122.0,33.61132964630987,1
6,U05,4848.427376380287,descend,109.2308517,23.0085095,383.7491455078125,236.0491455078125,0,0.0,87.51427348692447,0.0,87.51427348692447,122.0,129.0,122.0,34.485726513075534,1
6,U05,4858.427376380287,descend,109.2308517,23.0085095,358.7491455078125,211.0491455078125,0,0.0,86.54189679682975,0.0,86.54189679682975,122.0,129.0,122.0,35.45810320317025,1
6,U05,4868.427376380287,descend,109.2308517,23.0085095,333.7491455078125,186.0491455078125,0,0.0,85.44677842865605,0.0,85.44677842865605,122.0,129.0,122.0,36.553221571343954,1
6,U05,4878.427376380287,descend,109.2308517,23.0085095,308.7491455078125,161.0491455078125,0,0.0,84.1933933320031,0.0,84.1933933320031,122.0,129.0,122.0,37.8066066679969,1
6,U05,4888.427376380287,descend,109.2308517,23.0085095,283.7491455078125,136.0491455078125,0,0.0,82.72814120272078,0.0,82.72814120272078,122.0,129.0,122.0,39.27185879727922,1
6,U05,4898.427376380287,descend,109.2308517,23.0085095,258.7491455078125,111.04914550781251,0,0.0,80.96452925668206,0.0,80.96452925668206,122.0,129.0,122.0,41.035470743317944,1
6,U05,4908.427376380287,descend,109.2308517,23.0085095,233.7491455078125,86.04914550781251,0,0.0,78.74915607460784,0.0,78.74915607460784,122.0,129.0,122.0,43.25084392539216,1
6,U05,4918.427376380287,descend,109.2308517,23.0085095,208.7491455078125,61.04914550781251,0,0.0,75.76781662611093,0.0,75.76781662611093,122.0,129.0,122.0,46.23218337388907,1
6,U05,4928.427376380287,descend,109.2308517,23.0085095,183.74914550781256,36.04914550781257,0,0.0,71.19212433149086,0.0,71.19212433149086,122.0,129.0,122.0,50.80787566850914,1
6,U05,4938.427376380287,descend,109.2308517,23.0085095,158.7491455078125,11.049145507812511,0,0.0,60.92079869222728,0.0,60.92079869222728,122.0,129.0,122.0,61.07920130777272,1
6,U05,4948.427376380287,descend,109.2308517,23.0085095,133.7491455078125,13.950854492187489,0,0.0,62.946241014921384,0.0,62.946241014921384,122.0,129.0,122.0,59.053758985078616,1
6,U05,4950.847034583412,descend,109.2308517,23.0085095,127.69999999999999,20.0,0,0.0,66.07482474751174,0.0,66.07482474751174,122.0,129.0,122.0,55.92517525248826,1
7,U05,4950.8,setup,109.2308517,23.0085095,127.7,19.999999999999986,0,0.0,66.07482474751174,0.0,66.07482474751174,122.0,129.0,122.0,55.92517525248826,1
7,U05,4960.8,setup,109.2308517,23.0085095,127.7,19.999999999999986,0,0.0,66.07482474751174,0.0,66.07482474751174,122.0,129.0,122.0,55.92517525248826,1
7,U05,4970.8,setup,109.2308517,23.0085095,127.7,19.999999999999986,0,0.0,66.07482474751174,0.0,66.07482474751174,122.0,129.0,122.0,55.92517525248826,1
7,U05,4980.8,setup,109.2308517,23.0085095,127.7,19.999999999999986,0,0.0,66.07482474751174,0.0,66.07482474751174,122.0,129.0,122.0,55.92517525248826,1
7,U05,4990.8,setup,109.2308517,23.0085095,127.7,19.999999999999986,0,0.0,66.07482474751174,0.0,66.07482474751174,122.0,129.0,122.0,55.92517525248826,1
7,U05,5000.8,setup,109.2308517,23.0085095,127.7,19.999999999999986,0,0.0,66.07482474751174,0.0,66.07482474751174,122.0,129.0,122.0,55.92517525248826,1
7,U05,5010.8,setup,109.2308517,23.0085095,127.7,19.999999999999986,0,0.0,66.07482474751174,0.0,66.07482474751174,122.0,129.0,122.0,55.92517525248826,1
7,U05,5020.8,setup,109.2308517,23.0085095,127.7,19.999999999999986,0,0.0,66.07482474751174,0.0,66.07482474751174,122.0,129.0,122.0,55.92517525248826,1
7,U05,5030.8,setup,109.2308517,23.0085095,127.7,19.999999999999986,0,0.0,66.07482474751174,0.0,66.07482474751174,122.0,129.0,122.0,55.92517525248826,1
7,U05,5040.8,setup,109.2308517,23.0085095,127.7,19.999999999999986,0,0.0,66.07482474751174,0.0,66.07482474751174,122.0,129.0,122.0,55.92517525248826,1
7,U05,5050.8,setup,109.2308517,23.0085095,127.7,19.999999999999986,0,0.0,66.07482474751174,0.0,66.07482474751174,122.0,129.0,122.0,55.92517525248826,1
7,U05,5060.8,setup,109.2308517,23.0085095,127.7,19.999999999999986,0,0.0,66.07482474751174,0.0,66.07482474751174,122.0,129.0,122.0,55.92517525248826,1
7,U05,5070.8,setup,109.2308517,23.0085095,127.7,19.999999999999986,0,0.0,66.07482474751174,0.0,66.07482474751174,122.0,129.0,122.0,55.92517525248826,1
7,U05,5080.8,setup,109.2308517,23.0085095,127.7,19.999999999999986,0,0.0,66.07482474751174,0.0,66.07482474751174,122.0,129.0,122.0,55.92517525248826,1
7,U05,5090.8,setup,109.2308517,23.0085095,127.7,19.999999999999986,0,0.0,66.07482474751174,0.0,66.07482474751174,122.0,129.0,122.0,55.92517525248826,1
7,U05,5100.8,setup,109.2308517,23.0085095,127.7,19.999999999999986,0,0.0,66.07482474751174,0.0,66.07482474751174,122.0,129.0,122.0,55.92517525248826,1
7,U05,5110.8,setup,109.2308517,23.0085095,127.7,19.999999999999986,0,0.0,66.07482474751174,0.0,66.07482474751174,122.0,129.0,122.0,55.92517525248826,1
7,U05,5120.8,setup,109.2308517,23.0085095,127.7,19.999999999999986,0,0.0,66.07482474751174,0.0,66.07482474751174,122.0,129.0,122.0,55.92517525248826,1
7,U05,5130.8,setup,109.2308517,23.0085095,127.7,19.999999999999986,0,0.0,66.07482474751174,0.0,66.07482474751174,122.0,129.0,122.0,55.92517525248826,1
7,U05,5140.8,setup,109.2308517,23.0085095,127.7,19.999999999999986,0,0.0,66.07482474751174,0.0,66.07482474751174,122.0,129.0,122.0,55.92517525248826,1
7,U05,5150.8,setup,109.2308517,23.0085095,127.7,19.999999999999986,0,0.0,66.07482474751174,0.0,66.07482474751174,122.0,129.0,122.0,55.92517525248826,1
7,U05,5160.8,setup,109.2308517,23.0085095,127.7,19.999999999999986,0,0.0,66.07482474751174,0.0,66.07482474751174,122.0,129.0,122.0,55.92517525248826,1
7,U05,5170.8,setup,109.2308517,23.0085095,127.7,19.999999999999986,0,0.0,66.07482474751174,0.0,66.07482474751174,122.0,129.0,122.0,55.92517525248826,1
7,U05,5180.8,setup,109.2308517,23.0085095,127.7,19.999999999999986,0,0.0,66.07482474751174,0.0,66.07482474751174,122.0,129.0,122.0,55.92517525248826,1
7,U05,5190.8,setup,109.2308517,23.0085095,127.7,19.999999999999986,0,0.0,66.07482474751174,0.0,66.07482474751174,122.0,129.0,122.0,55.92517525248826,1
7,U05,5200.8,setup,109.2308517,23.0085095,127.7,19.999999999999986,0,0.0,66.07482474751174,0.0,66.07482474751174,122.0,129.0,122.0,55.92517525248826,1
7,U05,5210.8,setup,109.2308517,23.0085095,127.7,19.999999999999986,0,0.0,66.07482474751174,0.0,66.07482474751174,122.0,129.0,122.0,55.92517525248826,1
7,U05,5220.8,setup,109.2308517,23.0085095,127.7,19.999999999999986,0,0.0,66.07482474751174,0.0,66.07482474751174,122.0,129.0,122.0,55.92517525248826,1
7,U05,5230.8,setup,109.2308517,23.0085095,127.7,19.999999999999986,0,0.0,66.07482474751174,0.0,66.07482474751174,122.0,129.0,122.0,55.92517525248826,1
7,U05,5240.8,setup,109.2308517,23.0085095,127.7,19.999999999999986,0,0.0,66.07482474751174,0.0,66.07482474751174,122.0,129.0,122.0,55.92517525248826,1
7,U05,5250.8,setup,109.2308517,23.0085095,127.7,19.999999999999986,0,0.0,66.07482474751174,0.0,66.07482474751174,122.0,129.0,122.0,55.92517525248826,1
7,U05,5260.8,setup,109.2308517,23.0085095,127.7,19.999999999999986,0,0.0,66.07482474751174,0.0,66.07482474751174,122.0,129.0,122.0,55.92517525248826,1
7,U05,5270.8,setup,109.2308517,23.0085095,127.7,19.999999999999986,0,0.0,66.07482474751174,0.0,66.07482474751174,122.0,129.0,122.0,55.92517525248826,1
7,U05,5280.8,setup,109.2308517,23.0085095,127.7,19.999999999999986,0,0.0,66.07482474751174,0.0,66.07482474751174,122.0,129.0,122.0,55.92517525248826,1
7,U05,5290.8,setup,109.2308517,23.0085095,127.7,19.999999999999986,0,0.0,66.07482474751174,0.0,66.07482474751174,122.0,129.0,122.0,55.92517525248826,1
7,U05,5300.8,setup,109.2308517,23.0085095,127.7,19.999999999999986,0,0.0,66.07482474751174,0.0,66.07482474751174,122.0,129.0,122.0,55.92517525248826,1
7,U05,5310.8,setup,109.2308517,23.0085095,127.7,19.999999999999986,0,0.0,66.07482474751174,0.0,66.07482474751174,122.0,129.0,122.0,55.92517525248826,1
7,U05,5320.8,setup,109.2308517,23.0085095,127.7,19.999999999999986,0,0.0,66.07482474751174,0.0,66.07482474751174,122.0,129.0,122.0,55.92517525248826,1
7,U05,5330.8,setup,109.2308517,23.0085095,127.7,19.999999999999986,0,0.0,66.07482474751174,0.0,66.07482474751174,122.0,129.0,122.0,55.92517525248826,1
7,U05,5340.8,climb,109.2308517,23.0085095,127.7,19.999999999999986,0,0.0,66.07482474751174,0.0,66.07482474751174,122.0,129.0,122.0,55.92517525248826,1
7,U05,5350.8,climb,109.2308517,23.0085095,157.7,10.0,0,0.0,60.054224834232116,0.0,60.054224834232116,122.0,129.0,122.0,61.945775165767884,1
7,U05,5360.8,climb,109.2308517,23.0085095,187.7,40.0,0,0.0,72.09542466079137,0.0,72.09542466079137,122.0,129.0,122.0,49.904575339208634,1
7,U05,5370.8,climb,109.2308517,23.0085095,217.7,70.0,0,0.0,76.95618563451725,0.0,76.95618563451725,122.0,129.0,122.0,45.043814365482746,1
7,U05,5380.8,climb,109.2308517,23.0085095,247.7,100.0,0,0.0,80.05422483423212,0.0,80.05422483423212,122.0,129.0,122.0,41.945775165767884,1
7,U05,5390.8,climb,109.2308517,23.0085095,277.7,130.0,0,0.0,82.33309188036885,0.0,82.33309188036885,122.0,129.0,122.0,39.666908119631145,1
7,U05,5400.8,climb,109.2308517,23.0085095,307.7,160.0,0,0.0,84.13662448735062,0.0,84.13662448735062,122.0,129.0,122.0,37.863375512649384,1
7,U05,5410.420619710287,cruise,109.2308517,23.0085095,336.5618591308594,188.8618591308594,0,0.0,85.57711004439066,0.0,85.57711004439066,122.0,129.0,122.0,36.422889955609335,1
7,U05,5420.420619710287,cruise,109.23146218487518,23.00973592174855,336.5618591308594,241.18482763542454,0,-34.06451138583097,87.70122451209637,0.0,87.70122451209637,122.0,129.0,122.0,34.298775487903626,1
7,U05,5430.420619710287,cruise,109.23207266975037,23.0109623434971,336.5618591308594,354.5052000589146,0,-25.888673328218005,91.04667703450544,0.0,91.04667703450544,122.0,129.0,122.0,30.953322965494564,1
7,U05,5440.420619710287,cruise,109.23268315462556,23.01218876524565,336.5618591308594,488.03692099592223,0,-22.987569501323065,93.8232784045427,0.0,93.8232784045427,122.0,129.0,122.0,28.176721595457295,1
7,U05,5450.420619710287,cruise,109.23329363950074,23.0134151869942,336.5618591308594,629.0375237482428,0,-21.501638272913482,96.0277558948301,0.0,96.0277558948301,122.0,129.0,122.0,25.972244105169906,1
7,U05,5460.420619710287,cruise,109.23390412437593,23.01464160874275,336.5618591308594,773.4327598323451,0,-20.598425173291957,97.82267609983677,0.0,97.82267609983677,122.0,129.0,122.0,24.17732390016323,1
7,U05,5470.420619710287,cruise,109.23451460925111,23.0158680304913,336.5618591308594,919.6248726341553,0,-19.9913475161693,99.32643901226838,0.0,99.32643901226838,122.0,129.0,122.0,22.67356098773162,1
7,U05,5480.420619710287,cruise,109.23512509412629,23.017094452239853,336.5618591308594,1066.8753490635295,0,-19.55527764978541,100.6164984452846,0.0,100.6164984452846,122.0,129.0,122.0,21.383501554715394,1
7,U05,5490.420619710287,cruise,109.23573557900149,23.0183208739884,336.5618591308594,1214.7992974909855,0,-19.22687935534819,101.74431547617549,0.0,101.74431547617549,122.0,129.0,122.0,20.255684523824513,1
7,U05,5500.420619710287,cruise,109.23634606387667,23.019547295736952,336.5618591308594,1363.1774138288317,0,-18.970656510237802,102.7452724693811,0.0,102.7452724693811,122.0,129.0,122.0,19.254727530618894,1
7,U05,5510.420619710287,cruise,109.23695654875185,23.0207737174855,336.5618591308594,1511.8759150675978,0,-18.76517086217899,103.6445478055145,0.0,103.6445478055145,122.0,129.0,122.0,18.355452194485494,1
7,U05,5520.420619710287,cruise,109.23756703362703,23.022000139234052,336.5618591308594,1660.8086834714795,0,-18.59670965521184,104.46061697154313,0.0,104.46061697154313,122.0,129.0,122.0,17.539383028456868,1
7,U05,5530.420619710287,cruise,109.23817751850221,23.023226560982604,336.5618591308594,1809.9178296537846,0,-17.444963994302014,105.20740200080917,0.0,105.20740200080917,122.0,129.0,122.0,16.792597999190832,1
7,U05,5540.420619710287,cruise,109.23878800337741,23.02445298273115,336.5618591308594,1959.1630280529146,0,-15.86269466021588,105.89563636411009,0.0,105.89563636411009,122.0,129.0,122.0,16.10436363588991,1
7,U05,5550.420619710287,cruise,109.23939848825259,23.025679404479703,336.5618591308594,2108.5153381381338,0,-10.648058302859027,106.53376012592632,0.0,106.53376012592632,122.0,129.0,122.0,15.466239874073679,1
7,U05,5560.420619710287,cruise,109.24000897312777,23.026905826228255,336.5618591308594,2257.9534581136495,0,-10.213746168123976,107.12852455064585,0.0,107.12852455064585,122.0,129.0,122.0,14.87147544935415,1
7,U05,5570.420619710287,cruise,109.24061945800295,23.028132247976803,336.5618591308594,2407.4613643606244,0,-6.382867109405311,107.68541135760178,0.0,107.68541135760178,122.0,129.0,122.0,14.31458864239822,1
7,U05,5580.420619710287,cruise,109.24122994287814,23.029358669725355,336.5618591308594,2557.026774139811,0,-2.6098831087525127,108.20893034352926,0.0,108.20893034352926,122.0,129.0,122.0,13.79106965647074,1
7,U05,5590.420619710287,cruise,109.24184042775333,23.030585091473906,336.5618591308594,2706.640115380478,1,0.746196582435914,108.70283511924141,10.0,118.70283511924141,122.0,129.0,122.0,3.2971648807585865,1
7,U05,5600.420619710287,cruise,109.24245091262851,23.031811513222454,336.5618591308594,2856.2938187912205,1,3.750854316431827,109.17028243494481,10.0,119.17028243494481,122.0,129.0,122.0,2.8297175650551907,1
7,U05,5610.420619710287,cruise,109.2430613975037,23.033037934971006,336.5618591308594,3005.9818205906226,1,10.683116005665056,109.61395182936933,10.0,119.61395182936933,122.0,129.0,122.0,2.386048170630673,1
7,U05,5620.420619710287,cruise,109.24367188237888,23.034264356719557,336.5618591308594,3155.699206254039,1,12.909682923809612,110.03613684608446,10.0,120.03613684608446,122.0,129.0,122.0,1.9638631539155398,1
7,U05,5630.420619710287,cruise,109.24428236725406,23.035490778468105,336.5618591308594,3305.4419507744565,1,14.934750573343848,110.43881552640322,10.0,120.43881552640322,122.0,129.0,122.0,1.5611844735967821,1
7,U05,5640.420619710287,cruise,109.24489285212925,23.036717200216657,336.5618591308594,3455.2067262698897,1,16.784487690450845,110.82370556390643,10.0,120.82370556390643,122.0,129.0,122.0,1.1762944360935705,1
7,U05,5650.420619710287,cruise,109.24550333700444,23.03794362196521,336.5618591308594,3604.9907574167314,1,18.480719652611185,111.19230794622564,10.0,121.19230794622564,122.0,129.0,122.0,0.8076920537743604,1
7,U05,5660.420619710287,cruise,109.24611382187962,23.039170043713757,336.5618591308594,3754.7917114108573,1,20.041793689499826,111.54594184429097,10.0,121.54594184429097,122.0,129.0,122.0,0.45405815570903485,1
7,U05,5670.420619710287,cruise,109.2467243067548,23.040396465462308,336.5618591308594,3904.607613198815,1,21.48324519482611,111.88577276887064,10.0,121.88577276887064,122.0,129.0,122.0,0.1142272311293624,1
7,U05,5680.420619710287,cruise,109.24733479162998,23.041622887210856,336.5618591308594,4054.436779464614,1,22.818316515257436,112.212835491936,10.0,122.212835491936,122.0,129.0,122.0,-0.21283549193600493,0
7,U05,5690.420619710287,cruise,109.24794527650518,23.042849308959408,336.5618591308594,4204.277766711865,1,24.058364965907202,112.52805285654735,10.0,122.52805285654735,122.0,129.0,122.0,-0.5280528565473475,0
7,U05,5700.420619710287,cruise,109.24855576138036,23.04407573070796,336.5618591308594,4354.129330037709,1,25.213186718917825,112.83225132781709,10.0,122.83225132781709,122.0,129.0,122.0,-0.8322513278170902,0
7,U05,5710.420619710287,cruise,109.24916624625554,23.045302152456507,336.5618591308594,4503.990390134757,1,26.291276129535674,113.12617393861169,10.0,123.12617393861169,122.0,129.0,122.0,-1.1261739386116858,0
7,U05,5720.420619710287,cruise,109.24977673113072,23.04652857420506,336.5618591308594,4653.860006652748,1,27.300035031432145,113.41049113583918,10.0,123.41049113583918,122.0,129.0,122.0,-1.4104911358391803,0
7,U05,5730.420619710287,cruise,109.2503872160059,23.04775499595361,336.5618591308594,4803.737356540015,1,28.245942911403574,113.68580992240672,10.0,123.68580992240672,122.0,129.0,122.0,-1.685809922406719,0
7,U05,5740.420619710287,cruise,109.2509977008811,23.04898141770216,336.5618591308594,4953.621716314458,1,29.134696236693998,113.9526816059546,10.0,123.9526816059546,122.0,129.0,122.0,-1.952681605954595,0
7,U05,5750.420619710287,cruise,109.25160818575628,23.05020783945071,336.5618591308594,5103.512447452161,1,29.971323267245936,114.21160840125694,10.0,124.21160840125694,122.0,129.0,122.0,-2.211608401256939,0
7,U05,5760.420619710287,cruise,109.25221867063146,23.05143426119926,336.5618591308594,5253.408984277495,1,30.760279241925986,114.46304908368766,10.0,124.46304908368766,122.0,129.0,122.0,-2.4630490836876646,0
7,U05,5770.420619710287,cruise,109.25282915550665,23.05266068294781,336.5618591308594,5403.310823863936,1,31.505525744324586,114.70742385263134,10.0,124.70742385263134,122.0,129.0,122.0,-2.7074238526313366,0
7,U05,5780.420619710287,cruise,109.25343964038183,23.05388710469636,336.5618591308594,5553.217517571771,1,32.2105972331168,114.9451185335808,10.0,124.9451185335808,122.0,129.0,122.0,-2.9451185335807963,0
7,U05,5790.420619710287,cruise,109.25405012525702,23.055113526444913,336.5618591308594,5703.128663916502,1,32.878657095200765,115.17648822384635,10.0,125.17648822384635,122.0,129.0,122.0,-3.1764882238463485,0
7,U05,5791.932118958471,descend,109.2541424,23.0552989,336.5618591308594,5725.788086806795,1,32.943539348822014,115.21093024642255,10.0,125.21093024642255,122.0,129.0,122.0,-3.2109302464225493,0
7,U05,5801.932118958471,descend,109.2541424,23.0552989,311.5618591308594,5725.018001898516,1,36.21579065772252,115.20976196665542,10.0,125.20976196665542,122.0,129.0,122.0,-3.209761966655421,0
7,U05,5811.932118958471,descend,109.2541424,23.0552989,286.5618591308594,5724.356997000234,1,39.48804196662303,115.20875904455642,10.0,125.20875904455642,122.0,129.0,122.0,-3.208759044556416,0
7,U05,5821.932118958471,descend,109.2541424,23.0552989,261.5618591308594,5723.805109902764,1,42.760293275523566,115.20792159477536,10.0,125.20792159477536,122.0,129.0,122.0,-3.2079215947753568,0
7,U05,5831.932118958471,descend,109.2541424,23.0552989,236.56185913085938,5723.362372171838,1,46.0325445844241,115.20724971309329,10.0,125.20724971309329,122.0,129.0,122.0,-3.20724971309329,0
7,U05,5834.556862610814,handover,109.2541424,23.0552989,230.0,5723.264252433593,1,47.77964675663654,115.20710080333225,10.0,125.20710080333225,122.0,129.0,122.0,-3.207100803332253,0
7,U05,5844.556862610814,handover,109.2541424,23.0552989,230.0,5723.264252433593,1,47.77964675663654,115.20710080333225,10.0,125.20710080333225,122.0,129.0,122.0,-3.207100803332253,0
7,U05,5854.556862610814,handover,109.2541424,23.0552989,230.0,5723.264252433593,1,47.77964675663654,115.20710080333225,10.0,125.20710080333225,122.0,129.0,122.0,-3.207100803332253,0
7,U05,5864.556862610814,handover,109.2541424,23.0552989,230.0,5723.264252433593,1,47.77964675663654,115.20710080333225,10.0,125.20710080333225,122.0,129.0,122.0,-3.207100803332253,0
7,U05,5874.556862610814,handover,109.2541424,23.0552989,230.0,5723.264252433593,1,47.77964675663654,115.20710080333225,10.0,125.20710080333225,122.0,129.0,122.0,-3.207100803332253,0
7,U05,5884.556862610814,handover,109.2541424,23.0552989,230.0,5723.264252433593,1,47.77964675663654,115.20710080333225,10.0,125.20710080333225,122.0,129.0,122.0,-3.207100803332253,0
7,U05,5894.556862610814,handover,109.2541424,23.0552989,230.0,5723.264252433593,1,47.77964675663654,115.20710080333225,10.0,125.20710080333225,122.0,129.0,122.0,-3.207100803332253,0
7,U05,5904.556862610814,handover,109.2541424,23.0552989,230.0,5723.264252433593,1,47.77964675663654,115.20710080333225,10.0,125.20710080333225,122.0,129.0,122.0,-3.207100803332253,0
7,U05,5914.556862610814,handover,109.2541424,23.0552989,230.0,5723.264252433593,1,47.77964675663654,115.20710080333225,10.0,125.20710080333225,122.0,129.0,122.0,-3.207100803332253,0
7,U05,5924.556862610814,handover,109.2541424,23.0552989,230.0,5723.264252433593,1,47.77964675663654,115.20710080333225,10.0,125.20710080333225,122.0,129.0,122.0,-3.207100803332253,0
7,U05,5934.556862610814,handover,109.2541424,23.0552989,230.0,5723.264252433593,1,47.77964675663654,115.20710080333225,10.0,125.20710080333225,122.0,129.0,122.0,-3.207100803332253,0
7,U05,5944.556862610814,handover,109.2541424,23.0552989,230.0,5723.264252433593,1,47.77964675663654,115.20710080333225,10.0,125.20710080333225,122.0,129.0,122.0,-3.207100803332253,0
7,U05,5954.556862610814,handover,109.2541424,23.0552989,230.0,5723.264252433593,1,47.77964675663654,115.20710080333225,10.0,125.20710080333225,122.0,129.0,122.0,-3.207100803332253,0
7,U05,5964.556862610814,handover,109.2541424,23.0552989,230.0,5723.264252433593,1,47.77964675663654,115.20710080333225,10.0,125.20710080333225,122.0,129.0,122.0,-3.207100803332253,0
7,U05,5974.556862610814,handover,109.2541424,23.0552989,230.0,5723.264252433593,1,47.77964675663654,115.20710080333225,10.0,125.20710080333225,122.0,129.0,122.0,-3.207100803332253,0
7,U05,5984.556862610814,handover,109.2541424,23.0552989,230.0,5723.264252433593,1,47.77964675663654,115.20710080333225,10.0,125.20710080333225,122.0,129.0,122.0,-3.207100803332253,0
7,U05,5994.556862610814,handover,109.2541424,23.0552989,230.0,5723.264252433593,1,47.77964675663654,115.20710080333225,10.0,125.20710080333225,122.0,129.0,122.0,-3.207100803332253,0
7,U05,6004.556862610814,handover,109.2541424,23.0552989,230.0,5723.264252433593,1,47.77964675663654,115.20710080333225,10.0,125.20710080333225,122.0,129.0,122.0,-3.207100803332253,0
7,U05,6014.556862610814,handover,109.2541424,23.0552989,230.0,5723.264252433593,1,47.77964675663654,115.20710080333225,10.0,125.20710080333225,122.0,129.0,122.0,-3.207100803332253,0
7,U05,6024.556862610814,handover,109.2541424,23.0552989,230.0,5723.264252433593,1,47.77964675663654,115.20710080333225,10.0,125.20710080333225,122.0,129.0,122.0,-3.207100803332253,0
7,U05,6034.556862610814,handover,109.2541424,23.0552989,230.0,5723.264252433593,1,47.77964675663654,115.20710080333225,10.0,125.20710080333225,122.0,129.0,122.0,-3.207100803332253,0
7,U05,6044.556862610814,handover,109.2541424,23.0552989,230.0,5723.264252433593,1,47.77964675663654,115.20710080333225,10.0,125.20710080333225,122.0,129.0,122.0,-3.207100803332253,0
7,U05,6054.556862610814,handover,109.2541424,23.0552989,230.0,5723.264252433593,1,47.77964675663654,115.20710080333225,10.0,125.20710080333225,122.0,129.0,122.0,-3.207100803332253,0
7,U05,6064.556862610814,handover,109.2541424,23.0552989,230.0,5723.264252433593,1,47.77964675663654,115.20710080333225,10.0,125.20710080333225,122.0,129.0,122.0,-3.207100803332253,0
7,U05,6074.556862610814,climb,109.2541424,23.0552989,230.0,5723.264252433593,1,47.77964675663654,115.20710080333225,10.0,125.20710080333225,122.0,129.0,122.0,-3.207100803332253,0
7,U05,6084.556862610814,climb,109.2541424,23.0552989,260.0,5723.77425333881,1,42.96472509893448,115.20787476973041,10.0,125.20787476973041,122.0,129.0,122.0,-3.2078747697304095,0
7,U05,6094.556862610814,climb,109.2541424,23.0552989,290.0,5724.441431544588,1,39.03802352825386,115.20888716090653,10.0,125.20888716090653,122.0,129.0,122.0,-3.208887160906528,0
7,U05,6104.556862610814,climb,109.2541424,23.0552989,320.0,5725.265732102245,1,35.11132195757324,115.21013781012968,10.0,125.21013781012968,122.0,129.0,122.0,-3.2101378101296802,0
7,U05,6113.279559550919,cruise,109.2541424,23.0552989,346.1680908203125,5726.1129919220175,1,31.68617918004543,115.21142310607179,10.0,125.21142310607179,122.0,129.0,122.0,-3.2114231060717913,0
7,U05,6123.279559550919,cruise,109.25353191512482,23.05407247825145,346.1680908203125,5576.209939665427,1,30.98785931987149,114.98100715870643,10.0,124.98100715870643,122.0,129.0,122.0,-2.981007158706433,0
7,U05,6133.279559550919,cruise,109.25292143024964,23.0528460565029,346.1680908203125,5426.311765413119,1,30.250958251953136,114.74431967954015,10.0,124.74431967954015,122.0,129.0,122.0,-2.7443196795401548,0
7,U05,6143.279559550919,cruise,109.25231094537445,23.05161963475435,346.1680908203125,5276.418905129343,1,29.472187805175793,114.5010101887168,10.0,124.5010101887168,122.0,129.0,122.0,-2.501010188716805,0
7,U05,6153.279559550919,cruise,109.25170046049926,23.050393213005798,346.1680908203125,5126.53184575223,1,28.647875227007944,114.25069802489836,10.0,124.25069802489836,122.0,129.0,122.0,-2.2506980248983552,0
7,U05,6163.279559550919,cruise,109.25108997562408,23.04916679125725,346.1680908203125,4976.651132859774,1,27.77390526461315,113.99296878279023,10.0,123.99296878279023,122.0,129.0,122.0,-1.9929687827902285,0
7,U05,6173.279559550919,cruise,109.2504794907489,23.047940369508698,346.1680908203125,4826.777379769483,1,26.845651453622395,113.72737020995447,10.0,123.72737020995447,122.0,129.0,122.0,-1.727370209954472,0
7,U05,6183.279559550919,cruise,109.24986900587372,23.046713947760146,346.1680908203125,4676.9112783851815,1,25.857894193209148,113.4534074615097,10.0,123.4534074615097,122.0,129.0,122.0,-1.4534074615096984,0
7,U05,6193.279559550919,cruise,109.24925852099852,23.0454875260116,346.1680908203125,4527.053612192576,1,24.80472254468907,113.17053758846907,10.0,123.17053758846907,122.0,129.0,122.0,-1.1705375884690739,0
7,U05,6203.279559550919,cruise,109.24864803612334,23.044261104263047,346.1680908203125,4377.205271924147,1,23.67941585174978,112.878163106561,10.0,122.878163106561,122.0,129.0,122.0,-0.8781631065610043,0
7,U05,6213.279559550919,cruise,109.24803755124816,23.0430346825145,346.1680908203125,4227.367274547979,1,22.474300173495692,112.57562445549384,10.0,122.57562445549384,122.0,129.0,122.0,-0.5756244554938377,0
7,U05,6223.279559550919,cruise,109.24742706637298,23.041808260765947,346.1680908203125,4077.5407864386084,1,21.180573048311118,112.26219111130675,10.0,122.26219111130675,122.0,129.0,122.0,-0.2621911113067483,0
7,U05,6233.279559550919,cruise,109.2468165814978,23.040581839017396,346.1680908203125,3927.727151844503,1,19.78808812731097,111.93705105316965,10.0,121.93705105316965,122.0,129.0,122.0,0.06294894683034613,1
7,U05,6243.279559550919,cruise,109.2462060966226,23.039355417268848,346.1680908203125,3777.927928113599,1,18.28508853004095,111.59929820599541,10.0,121.59929820599541,122.0,129.0,122.0,0.40070179400458983,1
7,U05,6253.279559550919,cruise,109.24559561174742,23.038128995520296,346.1680908203125,3628.144929632502,1,16.657874090021323,111.24791737488468,10.0,121.24791737488468,122.0,129.0,122.0,0.752082625115321,1
7,U05,6263.279559550919,cruise,109.24498512687224,23.036902573771744,346.1680908203125,3478.3802830919135,1,14.890382543103442,110.88176604725578,10.0,120.88176604725578,122.0,129.0,122.0,1.1182339527442196,1
7,U05,6273.279559550919,cruise,109.24437464199706,23.035676152023196,346.1680908203125,3328.6364976429113,1,12.963657523490298,110.49955225020756,10.0,120.49955225020756,122.0,129.0,122.0,1.5004477497924427,1
7,U05,6283.279559550919,cruise,109.24376415712187,23.034449730274645,346.1680908203125,3178.9165548297083,1,10.855165992592873,110.09980739471295,10.0,120.09980739471295,122.0,129.0,122.0,1.900192605287046,1
7,U05,6293.279559550919,cruise,109.24315367224668,23.033223308526093,346.1680908203125,3029.2240251302105,1,8.537912923982844,109.6808526863639,10.0,119.6808526863639,122.0,129.0,122.0,2.319147313636094,1
7,U05,6303.279559550919,cruise,109.2425431873715,23.031996886777545,346.1680908203125,2879.5632207394638,1,5.9792793273925895,109.24075719213674,10.0,119.24075719213674,122.0,129.0,122.0,2.7592428078632594,1
7,U05,6313.279559550919,cruise,109.24193270249631,23.030770465028993,346.1680908203125,2729.939398447314,1,3.1394772037045016,108.77728496030696,10.0,118.77728496030696,122.0,129.0,122.0,3.2227150396930426,1
7,U05,6323.279559550919,cruise,109.24132221762113,23.029544043280442,346.1680908203125,2580.359032866552,0,-0.030534469249630547,108.28782759802725,0.0,108.28782759802725,122.0,129.0,122.0,13.712172401972751,1
7,U05,6333.279559550919,cruise,109.24071173274595,23.028317621531894,346.1680908203125,2430.8301901440022,0,-3.5919056080005873,107.76931726441639,0.0,107.76931726441639,122.0,129.0,122.0,14.230682735583613,1
7,U05,6343.279559550919,cruise,109.24010124787075,23.027091199783342,346.1680908203125,2281.363048006218,0,-7.621878212376629,107.21811289136176,0.0,107.21811289136176,122.0,129.0,122.0,14.781887108638244,1
7,U05,6353.279559550919,cruise,109.23949076299557,23.02586477803479,346.1680908203125,2131.9706335050014,0,-12.219452592016921,106.62984919972274,0.0,106.62984919972274,122.0,129.0,122.0,15.370150800277258,1
7,U05,6363.279559550919,cruise,109.23888027812039,23.024638356286243,346.1680908203125,1982.6698924440727,0,-16.929302978515636,105.999233068675,0.0,105.999233068675,122.0,129.0,122.0,16.000766931325003,1
7,U05,6373.279559550919,cruise,109.23826979324521,23.02341193453769,346.1680908203125,1833.483278012757,0,-18.038476362384728,105.31976390227632,0.0,105.31976390227632,122.0,129.0,122.0,16.68023609772368,1
7,U05,6383.279559550919,cruise,109.23765930837003,23.022185512789143,346.1680908203125,1684.4411774466184,0,-18.667287990025102,104.58334182497511,0.0,104.58334182497511,122.0,129.0,122.0,17.416658175024892,1
7,U05,6393.279559550919,cruise,109.23704882349483,23.02095909104059,346.1680908203125,1535.5857397308166,0,-18.841017061121306,103.77970624170455,0.0,103.77970624170455,122.0,129.0,122.0,18.220293758295455,1
7,U05,6403.279559550919,cruise,109.23643833861965,23.01973266929204,346.1680908203125,1386.977142995577,0,-19.052513321586275,102.89561091578884,0.0,102.89561091578884,122.0,129.0,122.0,19.104389084211164,1
7,U05,6413.279559550919,cruise,109.23582785374447,23.018506247543492,346.1680908203125,1238.7043177121507,0,-19.315594035823153,101.91357786230078,0.0,101.91357786230078,122.0,129.0,122.0,20.086422137699216,1
7,U05,6423.279559550919,cruise,109.23521736886929,23.01727982579494,346.1680908203125,1090.9042816341826,0,-19.651752726236964,100.80995776017387,0.0,100.80995776017387,122.0,129.0,122.0,21.190042239826127,1
7,U05,6433.279559550919,cruise,109.2346068839941,23.01605340404639,346.1680908203125,943.7992917622793,0,-20.09634970388103,99.55181777638282,0.0,99.55181777638282,122.0,129.0,122.0,22.44818222361718,1
7,U05,6443.279559550919,cruise,109.23399639911891,23.01482698229784,346.1680908203125,797.7740620402018,0,-20.71194551908053,98.09182307471293,0.0,98.09182307471293,122.0,129.0,122.0,23.908176925287066,1
7,U05,6453.279559550919,cruise,109.23338591424373,23.01360056054929,346.1680908203125,653.5529186607753,0,-21.620682198660717,96.35984000391436,0.0,96.35984000391436,122.0,129.0,122.0,25.640159996085643,1
7,U05,6463.279559550919,cruise,109.23277542936854,23.012374138800737,346.1680908203125,512.660907808975,0,-23.09737930297851,94.25082887876357,0.0,94.25082887876357,122.0,129.0,122.0,27.74917112123643,1
7,U05,6473.279559550919,cruise,109.23216494449336,23.01114771705219,346.1680908203125,378.83114147834135,0,-25.916528320312494,91.62313828606797,0.0,91.62313828606797,122.0,129.0,122.0,30.37686171393203,1
7,U05,6483.279559550919,cruise,109.23155445961818,23.009921295303638,346.1680908203125,263.07244728930044,0,-33.43425903320312,88.4557321329419,0.0,88.4557321329419,122.0,129.0,122.0,33.544267867058096,1
7,U05,6493.279559550919,cruise,109.23094397474298,23.008694873555086,346.1680908203125,199.75899390726482,0,-118.20850524902343,86.0643516744396,0.0,86.0643516744396,122.0,129.0,122.0,35.93564832556039,1
7,U05,6494.791058799103,descend,109.2308517,23.0085095,346.1680908203125,198.4680908203125,0,0.0,86.00803867388476,0.0,86.00803867388476,122.0,129.0,122.0,35.991961326115245,1
7,U05,6504.791058799103,descend,109.2308517,23.0085095,321.1680908203125,173.4680908203125,0,0.0,84.83861680810611,0.0,84.83861680810611,122.0,129.0,122.0,37.16138319189389,1
7,U05,6514.791058799103,descend,109.2308517,23.0085095,296.1680908203125,148.4680908203125,0,0.0,83.48688731204398,0.0,83.48688731204398,122.0,129.0,122.0,38.513112687956024,1
7,U05,6524.791058799103,descend,109.2308517,23.0085095,271.1680908203125,123.46809082031251,0,0.0,81.88531948877913,0.0,81.88531948877913,122.0,129.0,122.0,40.11468051122087,1
7,U05,6534.791058799103,descend,109.2308517,23.0085095,246.1680908203125,98.46809082031251,0,0.0,79.92013518513886,0.0,79.92013518513886,122.0,129.0,122.0,42.07986481486114,1
7,U05,6544.791058799103,descend,109.2308517,23.0085095,221.1680908203125,73.46809082031251,0,0.0,77.37619991804588,0.0,77.37619991804588,122.0,129.0,122.0,44.623800081954116,1
7,U05,6554.791058799103,descend,109.2308517,23.0085095,196.1680908203125,48.46809082031251,0,0.0,73.7633430943637,0.0,73.7633430943637,122.0,129.0,122.0,48.236656905636295,1
7,U05,6564.791058799103,descend,109.2308517,23.0085095,171.1680908203125,23.46809082031251,0,0.0,67.46378003913219,0.0,67.46378003913219,122.0,129.0,122.0,54.53621996086781,1
7,U05,6574.791058799103,descend,109.2308517,23.0085095,146.1680908203125,1.5319091796874886,0,0.0,43.75888520635519,0.0,43.75888520635519,122.0,129.0,122.0,78.24111479364481,1
7,U05,6582.178295127228,descend,109.2308517,23.0085095,127.69999999999999,20.0,0,0.0,66.07482474751174,0.0,66.07482474751174,122.0,129.0,122.0,55.92517525248826,1
8,U06,3682.9,setup,109.2308517,23.0085095,127.7,19.999999999999986,0,0.0,66.07482474751174,0.0,66.07482474751174,122.0,129.0,122.0,55.92517525248826,1
8,U06,3692.9,setup,109.2308517,23.0085095,127.7,19.999999999999986,0,0.0,66.07482474751174,0.0,66.07482474751174,122.0,129.0,122.0,55.92517525248826,1
8,U06,3702.9,setup,109.2308517,23.0085095,127.7,19.999999999999986,0,0.0,66.07482474751174,0.0,66.07482474751174,122.0,129.0,122.0,55.92517525248826,1
8,U06,3712.9,setup,109.2308517,23.0085095,127.7,19.999999999999986,0,0.0,66.07482474751174,0.0,66.07482474751174,122.0,129.0,122.0,55.92517525248826,1
8,U06,3722.9,setup,109.2308517,23.0085095,127.7,19.999999999999986,0,0.0,66.07482474751174,0.0,66.07482474751174,122.0,129.0,122.0,55.92517525248826,1
8,U06,3732.9,setup,109.2308517,23.0085095,127.7,19.999999999999986,0,0.0,66.07482474751174,0.0,66.07482474751174,122.0,129.0,122.0,55.92517525248826,1
8,U06,3742.9,setup,109.2308517,23.0085095,127.7,19.999999999999986,0,0.0,66.07482474751174,0.0,66.07482474751174,122.0,129.0,122.0,55.92517525248826,1
8,U06,3752.9,setup,109.2308517,23.0085095,127.7,19.999999999999986,0,0.0,66.07482474751174,0.0,66.07482474751174,122.0,129.0,122.0,55.92517525248826,1
8,U06,3762.9,setup,109.2308517,23.0085095,127.7,19.999999999999986,0,0.0,66.07482474751174,0.0,66.07482474751174,122.0,129.0,122.0,55.92517525248826,1
8,U06,3772.9,setup,109.2308517,23.0085095,127.7,19.999999999999986,0,0.0,66.07482474751174,0.0,66.07482474751174,122.0,129.0,122.0,55.92517525248826,1
8,U06,3782.9,setup,109.2308517,23.0085095,127.7,19.999999999999986,0,0.0,66.07482474751174,0.0,66.07482474751174,122.0,129.0,122.0,55.92517525248826,1
8,U06,3792.9,setup,109.2308517,23.0085095,127.7,19.999999999999986,0,0.0,66.07482474751174,0.0,66.07482474751174,122.0,129.0,122.0,55.92517525248826,1
8,U06,3802.9,setup,109.2308517,23.0085095,127.7,19.999999999999986,0,0.0,66.07482474751174,0.0,66.07482474751174,122.0,129.0,122.0,55.92517525248826,1
8,U06,3812.9,setup,109.2308517,23.0085095,127.7,19.999999999999986,0,0.0,66.07482474751174,0.0,66.07482474751174,122.0,129.0,122.0,55.92517525248826,1
8,U06,3822.9,setup,109.2308517,23.0085095,127.7,19.999999999999986,0,0.0,66.07482474751174,0.0,66.07482474751174,122.0,129.0,122.0,55.92517525248826,1
8,U06,3832.9,setup,109.2308517,23.0085095,127.7,19.999999999999986,0,0.0,66.07482474751174,0.0,66.07482474751174,122.0,129.0,122.0,55.92517525248826,1
8,U06,3842.9,setup,109.2308517,23.0085095,127.7,19.999999999999986,0,0.0,66.07482474751174,0.0,66.07482474751174,122.0,129.0,122.0,55.92517525248826,1
8,U06,3852.9,setup,109.2308517,23.0085095,127.7,19.999999999999986,0,0.0,66.07482474751174,0.0,66.07482474751174,122.0,129.0,122.0,55.92517525248826,1
8,U06,3862.9,setup,109.2308517,23.0085095,127.7,19.999999999999986,0,0.0,66.07482474751174,0.0,66.07482474751174,122.0,129.0,122.0,55.92517525248826,1
8,U06,3872.9,setup,109.2308517,23.0085095,127.7,19.999999999999986,0,0.0,66.07482474751174,0.0,66.07482474751174,122.0,129.0,122.0,55.92517525248826,1
8,U06,3882.9,setup,109.2308517,23.0085095,127.7,19.999999999999986,0,0.0,66.07482474751174,0.0,66.07482474751174,122.0,129.0,122.0,55.92517525248826,1
8,U06,3892.9,setup,109.2308517,23.0085095,127.7,19.999999999999986,0,0.0,66.07482474751174,0.0,66.07482474751174,122.0,129.0,122.0,55.92517525248826,1
8,U06,3902.9,setup,109.2308517,23.0085095,127.7,19.999999999999986,0,0.0,66.07482474751174,0.0,66.07482474751174,122.0,129.0,122.0,55.92517525248826,1
8,U06,3912.9,setup,109.2308517,23.0085095,127.7,19.999999999999986,0,0.0,66.07482474751174,0.0,66.07482474751174,122.0,129.0,122.0,55.92517525248826,1
8,U06,3922.9,setup,109.2308517,23.0085095,127.7,19.999999999999986,0,0.0,66.07482474751174,0.0,66.07482474751174,122.0,129.0,122.0,55.92517525248826,1
8,U06,3932.9,setup,109.2308517,23.0085095,127.7,19.999999999999986,0,0.0,66.07482474751174,0.0,66.07482474751174,122.0,129.0,122.0,55.92517525248826,1
8,U06,3942.9,setup,109.2308517,23.0085095,127.7,19.999999999999986,0,0.0,66.07482474751174,0.0,66.07482474751174,122.0,129.0,122.0,55.92517525248826,1
8,U06,3952.9,setup,109.2308517,23.0085095,127.7,19.999999999999986,0,0.0,66.07482474751174,0.0,66.07482474751174,122.0,129.0,122.0,55.92517525248826,1
8,U06,3962.9,setup,109.2308517,23.0085095,127.7,19.999999999999986,0,0.0,66.07482474751174,0.0,66.07482474751174,122.0,129.0,122.0,55.92517525248826,1
8,U06,3972.9,setup,109.2308517,23.0085095,127.7,19.999999999999986,0,0.0,66.07482474751174,0.0,66.07482474751174,122.0,129.0,122.0,55.92517525248826,1
8,U06,3982.9,setup,109.2308517,23.0085095,127.7,19.999999999999986,0,0.0,66.07482474751174,0.0,66.07482474751174,122.0,129.0,122.0,55.92517525248826,1
8,U06,3992.9,setup,109.2308517,23.0085095,127.7,19.999999999999986,0,0.0,66.07482474751174,0.0,66.07482474751174,122.0,129.0,122.0,55.92517525248826,1
8,U06,4002.9,setup,109.2308517,23.0085095,127.7,19.999999999999986,0,0.0,66.07482474751174,0.0,66.07482474751174,122.0,129.0,122.0,55.92517525248826,1
8,U06,4012.9,setup,109.2308517,23.0085095,127.7,19.999999999999986,0,0.0,66.07482474751174,0.0,66.07482474751174,122.0,129.0,122.0,55.92517525248826,1
8,U06,4022.9,setup,109.2308517,23.0085095,127.7,19.999999999999986,0,0.0,66.07482474751174,0.0,66.07482474751174,122.0,129.0,122.0,55.92517525248826,1
8,U06,4032.9,setup,109.2308517,23.0085095,127.7,19.999999999999986,0,0.0,66.07482474751174,0.0,66.07482474751174,122.0,129.0,122.0,55.92517525248826,1
8,U06,4042.9,setup,109.2308517,23.0085095,127.7,19.999999999999986,0,0.0,66.07482474751174,0.0,66.07482474751174,122.0,129.0,122.0,55.92517525248826,1
8,U06,4052.9,setup,109.2308517,23.0085095,127.7,19.999999999999986,0,0.0,66.07482474751174,0.0,66.07482474751174,122.0,129.0,122.0,55.92517525248826,1
8,U06,4062.9,setup,109.2308517,23.0085095,127.7,19.999999999999986,0,0.0,66.07482474751174,0.0,66.07482474751174,122.0,129.0,122.0,55.92517525248826,1
8,U06,4072.9,climb,109.2308517,23.0085095,127.7,19.999999999999986,0,0.0,66.07482474751174,0.0,66.07482474751174,122.0,129.0,122.0,55.92517525248826,1
8,U06,4082.9,climb,109.2308517,23.0085095,157.7,10.0,0,0.0,60.054224834232116,0.0,60.054224834232116,122.0,129.0,122.0,61.945775165767884,1
8,U06,4092.9,climb,109.2308517,23.0085095,187.7,40.0,0,0.0,72.09542466079137,0.0,72.09542466079137,122.0,129.0,122.0,49.904575339208634,1
8,U06,4102.9,climb,109.2308517,23.0085095,217.70000000000002,70.00000000000003,0,0.0,76.95618563451725,0.0,76.95618563451725,122.0,129.0,122.0,45.043814365482746,1
8,U06,4112.9,climb,109.2308517,23.0085095,247.7,100.0,0,0.0,80.05422483423212,0.0,80.05422483423212,122.0,129.0,122.0,41.945775165767884,1
8,U06,4122.9,climb,109.2308517,23.0085095,277.7,130.0,0,0.0,82.33309188036885,0.0,82.33309188036885,122.0,129.0,122.0,39.666908119631145,1
8,U06,4132.9,climb,109.2308517,23.0085095,307.70000000000005,160.00000000000006,0,0.0,84.13662448735062,0.0,84.13662448735062,122.0,129.0,122.0,37.863375512649384,1
8,U06,4142.9,climb,109.2308517,23.0085095,337.70000000000005,190.00000000000006,0,0.0,85.6292968532887,0.0,85.6292968532887,122.0,129.0,122.0,36.37070314671131,1
8,U06,4152.9,climb,109.2308517,23.0085095,367.7,220.0,0,0.0,86.90267845067623,0.0,86.90267845067623,122.0,129.0,122.0,35.097321549323766,1
8,U06,4156.207987467448,cruise,109.2308517,23.0085095,377.62396240234375,229.92396240234376,0,0.0,87.28590953989635,0.0,87.28590953989635,122.0,129.0,122.0,34.71409046010365,1
8,U06,4166.207987467448,cruise,109.23191173437176,23.009441206631795,377.62396240234375,274.53407607258254,0,-39.87663823908025,88.82614999806333,0.0,88.82614999806333,122.0,129.0,122.0,33.17385000193667,1
8,U06,4176.207987467448,cruise,109.23297176874351,23.01037291326359,377.62396240234375,377.9952712634668,0,-29.92321995326452,91.60395217081638,0.0,91.60395217081638,122.0,129.0,122.0,30.396047829183615,1
8,U06,4186.207987467448,cruise,109.23403180311527,23.011304619895387,377.62396240234375,505.3701012855462,0,-26.391361851846,94.12641572636115,0.0,94.12641572636115,122.0,129.0,122.0,27.873584273638855,1
8,U06,4196.207987467448,cruise,109.23509183748702,23.012236326527184,377.62396240234375,642.5916383620757,0,-24.582361360875552,96.21292623529789,0.0,96.21292623529789,122.0,129.0,122.0,25.787073764702114,1
8,U06,4206.207987467448,cruise,109.23615187185878,23.01316803315898,377.62396240234375,784.5095031763753,0,-23.482772827148438,97.9461890100797,0.0,97.9461890100797,122.0,129.0,122.0,24.053810989920294,1
8,U06,4216.207987467448,cruise,109.23721190623053,23.014099739790773,377.62396240234375,928.973569109112,0,-22.743705124151518,99.4142919891672,0.0,99.4142919891672,122.0,129.0,122.0,22.585708010832803,1
8,U06,4226.207987467448,cruise,109.23827194060229,23.01503144642257,377.62396240234375,1074.9575435565025,0,-22.212825506505823,100.68205106878548,0.0,100.68205106878548,122.0,129.0,122.0,21.317948931214517,1
8,U06,4236.207987467448,cruise,109.23933197497404,23.015963153054365,377.62396240234375,1221.9165919747386,0,-21.813027275933166,101.79505607378013,0.0,101.79505607378013,122.0,129.0,122.0,20.20494392621987,1
8,U06,4246.207987467448,cruise,109.2403920093458,23.01689485968616,377.62396240234375,1369.5366793562573,0,-21.50109678834346,102.78569819733809,0.0,102.78569819733809,122.0,129.0,122.0,19.214301802661907,1
8,U06,4256.207987467448,cruise,109.24145204371756,23.017826566317957,377.62396240234375,1517.624758498945,0,-21.250934714137912,103.67751289442415,0.0,103.67751289442415,122.0,129.0,122.0,18.322487105575846,1
8,U06,4266.207987467448,cruise,109.2425120780893,23.018758272949754,377.62396240234375,1666.0558947163674,0,-19.63602558857687,104.48801618452724,0.0,104.48801618452724,122.0,129.0,122.0,17.51198381547276,1
8,U06,4276.207987467448,cruise,109.24357211246107,23.01968997958155,377.62396240234375,1814.7457778631674,0,-18.26651349028279,105.23054072741414,0.0,105.23054072741414,122.0,129.0,122.0,16.769459272585863,1
8,U06,4286.207987467448,cruise,109.24463214683281,23.020621686213346,377.62396240234375,1963.6355062657585,0,-17.106087208522183,105.91544236161823,0.0,105.91544236161823,122.0,129.0,122.0,16.084557638381767,1
8,U06,4296.207987467448,cruise,109.24569218120457,23.021553392845142,377.62396240234375,2112.682713020065,0,-16.110260399351716,106.5509104086784,0.0,106.5509104086784,122.0,129.0,122.0,15.449089591321595,1
8,U06,4306.207987467448,cruise,109.24675221557632,23.02248509947694,377.62396240234375,2261.8561588876455,0,-15.24633118079987,107.14352449069217,0.0,107.14352449069217,122.0,129.0,122.0,14.856475509307828,1
8,U06,4316.207987467448,cruise,109.24781224994808,23.023416806108735,377.62396240234375,2411.132312050793,0,-14.489722362068107,107.69864569725097,0.0,107.69864569725097,122.0,129.0,122.0,14.301354302749033,1
8,U06,4326.207987467448,cruise,109.24887228431984,23.024348512740527,377.62396240234375,2560.4931138246957,0,-13.821605802837155,108.22069707789069,0.0,108.22069707789069,122.0,129.0,122.0,13.77930292210931,1
8,U06,4336.207987467448,cruise,109.24993231869159,23.025280219372323,377.62396240234375,2709.924477647972,0,-3.1137358776113615,108.71336858974402,0.0,108.71336858974402,122.0,129.0,122.0,13.286631410255978,1
8,U06,4346.207987467448,cruise,109.25099235306335,23.02621192600412,377.62396240234375,2859.415255591788,1,7.498196331243889,109.17976943223752,10.0,119.17976943223752,122.0,129.0,122.0,2.8202305677624793,1
8,U06,4356.207987467448,cruise,109.2520523874351,23.027143632635916,377.62396240234375,3008.956511121766,1,17.08060730891441,109.62254305153736,10.0,119.62254305153736,122.0,129.0,122.0,2.377456948462637,1
8,U06,4366.207987467448,cruise,109.25311242180686,23.028075339267712,377.62396240234375,3158.5409973750025,1,25.75473288585789,110.04395520107941,10.0,120.04395520107941,122.0,129.0,122.0,1.956044798920587,1
8,U06,4376.207987467448,cruise,109.25417245617861,23.029007045899508,377.62396240234375,3308.1627763003826,1,33.64386972280647,110.4459622467021,10.0,120.4459622467021,122.0,129.0,122.0,1.554037753297905,1
8,U06,4386.207987467448,cruise,109.25523249055037,23.029938752531304,377.62396240234375,3457.8169362742506,1,40.84996440936993,110.83026477683964,10.0,120.83026477683964,122.0,129.0,122.0,1.1697352231603588,1
8,U06,4396.207987467448,cruise,109.25629252492212,23.0308704591631,377.62396240234375,3607.4993797168186,1,47.45804293937209,111.19835013606757,10.0,121.19835013606757,122.0,129.0,122.0,0.8016498639324254,1
8,U06,4406.207987467448,cruise,109.25735255929388,23.031802165794897,377.62396240234375,3757.206661314436,1,53.539581347461706,111.55152650712654,10.0,121.55152650712654,122.0,129.0,122.0,0.44847349287346105,1
8,U06,4416.207987467448,cruise,109.25841259366564,23.032733872426693,377.62396240234375,3906.9358633012907,1,59.155101486732235,111.8909504713566,10.0,121.8909504713566,122.0,129.0,122.0,0.10904952864339634,1
8,U06,4426.207987467448,cruise,109.25947262803739,23.03366557905849,377.62396240234375,4056.68449828949,1,64.35619209542926,112.21764948434999,10.0,122.21764948434999,122.0,129.0,122.0,-0.21764948434999098,0
8,U06,4436.207987467448,cruise,109.26053266240915,23.034597285690285,377.62396240234375,4206.450432798936,1,69.18709831916567,112.53254034867045,10.0,122.53254034867045,122.0,129.0,122.0,-0.5325403486704516,0
8,U06,4446.207987467448,cruise,109.2615926967809,23.035528992322078,377.62396240234375,4356.231826511902,1,73.68598349659715,112.83644450703565,10.0,122.83644450703565,122.0,129.0,122.0,-0.836444507035651,0
8,U06,4456.207987467448,cruise,109.26265273115266,23.036460698953874,377.62396240234375,4506.027083630263,1,77.88593942635873,113.13010078898269,10.0,123.13010078898269,122.0,129.0,122.0,-1.1301007889826877,0
8,U06,4466.207987467448,cruise,109.2637127655244,23.03739240558567,377.62396240234375,4655.83481358528,1,81.8158017271968,113.41417610203,10.0,123.41417610203,122.0,129.0,122.0,-1.414176102029998,0
8,U06,4476.207987467448,cruise,109.26477279989616,23.038324112217467,377.62396240234375,4805.653799099209,1,85.50081279433778,113.68927445174431,10.0,123.68927445174431,122.0,129.0,122.0,-1.6892744517443106,0
8,U06,4486.207987467448,cruise,109.26583283426791,23.039255818849263,377.62396240234375,4955.4829700122,1,88.96316458249743,113.95594459386498,10.0,123.95594459386498,122.0,129.0,122.0,-1.9559445938649844,0
8,U06,4496.207987467448,cruise,109.26689286863967,23.04018752548106,377.62396240234375,5105.321381727713,1,92.222445884548,114.2146865596259,10.0,124.2146865596259,122.0,129.0,122.0,-2.2146865596259033,0
8,U06,4506.207987467448,cruise,109.26795290301143,23.041119232112855,377.62396240234375,5255.1681973229,1,95.29601315229365,114.46595724722701,10.0,124.46595724722701,122.0,129.0,122.0,-2.46595724722701,0
8,U06,4516.207987467448,cruise,109.26901293738318,23.04205093874465,377.62396240234375,5405.022672640581,1,98.1992996849842,114.71017523510488,10.0,124.71017523510488,122.0,129.0,122.0,-2.7101752351048845,0
8,U06,4526.207987467448,cruise,109.27007297175494,23.042982645376448,377.62396240234375,5554.884143791138,1,100.9460748142952,114.94772494320132,10.0,124.94772494320132,122.0,129.0,122.0,-2.9477249432013224,0
8,U06,4536.207987467448,cruise,109.27113300612669,23.043914352008244,377.62396240234375,5704.752016611654,1,103.54866227277623,115.17896024522241,10.0,125.17896024522241,122.0,129.0,122.0,-3.178960245222413,0
8,U06,4546.207987467448,cruise,109.27219304049845,23.04484605864004,377.62396240234375,5854.625757756855,1,106.01812505307404,115.40420761647086,10.0,125.40420761647086,122.0,129.0,122.0,-3.404207616470856,0
8,U06,4556.207987467448,cruise,109.2732530748702,23.045777765271833,377.62396240234375,6004.504887105704,1,108.36442260742189,115.62376888695297,10.0,125.62376888695297,122.0,129.0,122.0,-3.6237688869529734,0
8,U06,4566.207987467448,cruise,109.27431310924196,23.04670947190363,377.62396240234375,6154.388971295358,1,110.59654509829781,115.83792365766975,10.0,125.83792365766975,122.0,129.0,122.0,-3.837923657669748,0
8,U06,4576.207987467448,cruise,109.2753731436137,23.047641178535425,377.62396240234375,6304.2776181563695,1,112.72262851597293,116.046931428236,10.0,126.046931428236,122.0,129.0,122.0,-4.046931428235993,0
8,U06,4586.207987467448,cruise,109.27643317798547,23.04857288516722,377.62396240234375,6454.17047194148,1,114.75005377041492,116.25103347624606,10.0,126.25103347624606,122.0,129.0,122.0,-4.251033476246064,0
8,U06,4596.207987467448,cruise,109.27749321235723,23.049504591799018,377.62396240234375,6604.0672091876395,1,116.68553230129945,116.45045452226407,10.0,126.45045452226407,122.0,129.0,122.0,-4.450454522264067,0
8,U06,4606.207987467448,cruise,109.27855324672898,23.050436298430814,377.62396240234375,6753.967535138278,1,118.53518029866356,116.64540420912672,10.0,126.64540420912672,122.0,129.0,122.0,-4.645404209126724,0
8,U06,4616.207987467448,cruise,109.27961328110074,23.05136800506261,377.62396240234375,6903.871180631696,1,120.30458326360409,116.83607841982722,10.0,126.83607841982722,122.0,129.0,122.0,-4.836078419827217,0
8,U06,4626.207987467448,cruise,109.28067331547248,23.052299711694406,377.62396240234375,7053.777899375758,1,121.99885234468303,117.02266045462937,10.0,127.02266045462937,122.0,129.0,122.0,-5.022660454629374,0
8,U06,4636.207987467448,cruise,109.28173334984425,23.053231418326202,377.62396240234375,7203.687465577729,1,123.62267364692292,117.20532208509057,10.0,127.20532208509057,122.0,129.0,122.0,-5.205322085090572,0
8,U06,4646.207987467448,cruise,109.28279338421599,23.054163124958,377.62396240234375,7353.599671846783,1,125.18035151526303,117.38422450006912,10.0,127.38422450006912,122.0,129.0,122.0,-5.384224500069124,0
8,U06,4649.437276942635,descend,109.2831357,23.054464,377.62396240234375,7402.01119477874,1,123.25007109236623,117.44121958593642,10.0,127.44121958593642,122.0,129.0,122.0,-5.441219585936423,0
8,U06,4659.437276942635,descend,109.2831357,23.054464,352.62396240234375,7401.276817516669,1,131.19541522192088,117.44035778822621,10.0,127.44035778822621,122.0,129.0,122.0,-5.440357788226208,0
8,U06,4669.437276942635,descend,109.2831357,23.054464,327.62396240234375,7400.626820167975,1,139.14075935147554,117.439594939693,10.0,127.439594939693,122.0,129.0,122.0,-5.439594939692995,0
8,U06,4679.437276942635,descend,109.2831357,23.054464,302.62396240234375,7400.0612249676315,1,147.0861034810302,117.43893109251542,10.0,127.43893109251542,122.0,129.0,122.0,-5.438931092515418,0
8,U06,4688.566861903573,handover,109.2831357,23.054464,279.8,7399.618578625725,1,154.3398729084957,117.43841151677775,10.0,127.43841151677775,122.0,129.0,122.0,-5.438411516777748,0
8,U06,4698.566861903573,handover,109.2831357,23.054464,279.8,7399.618578625725,1,154.3398729084957,117.43841151677775,10.0,127.43841151677775,122.0,129.0,122.0,-5.438411516777748,0
8,U06,4708.566861903573,handover,109.2831357,23.054464,279.8,7399.618578625725,1,154.3398729084957,117.43841151677775,10.0,127.43841151677775,122.0,129.0,122.0,-5.438411516777748,0
8,U06,4718.566861903573,handover,109.2831357,23.054464,279.8,7399.618578625725,1,154.3398729084957,117.43841151677775,10.0,127.43841151677775,122.0,129.0,122.0,-5.438411516777748,0
8,U06,4728.566861903573,handover,109.2831357,23.054464,279.8,7399.618578625725,1,154.3398729084957,117.43841151677775,10.0,127.43841151677775,122.0,129.0,122.0,-5.438411516777748,0
8,U06,4738.566861903573,handover,109.2831357,23.054464,279.8,7399.618578625725,1,154.3398729084957,117.43841151677775,10.0,127.43841151677775,122.0,129.0,122.0,-5.438411516777748,0
8,U06,4748.566861903573,handover,109.2831357,23.054464,279.8,7399.618578625725,1,154.3398729084957,117.43841151677775,10.0,127.43841151677775,122.0,129.0,122.0,-5.438411516777748,0
8,U06,4758.566861903573,handover,109.2831357,23.054464,279.8,7399.618578625725,1,154.3398729084957,117.43841151677775,10.0,127.43841151677775,122.0,129.0,122.0,-5.438411516777748,0
8,U06,4768.566861903573,handover,109.2831357,23.054464,279.8,7399.618578625725,1,154.3398729084957,117.43841151677775,10.0,127.43841151677775,122.0,129.0,122.0,-5.438411516777748,0
8,U06,4778.566861903573,handover,109.2831357,23.054464,279.8,7399.618578625725,1,154.3398729084957,117.43841151677775,10.0,127.43841151677775,122.0,129.0,122.0,-5.438411516777748,0
8,U06,4788.566861903573,handover,109.2831357,23.054464,279.8,7399.618578625725,1,154.3398729084957,117.43841151677775,10.0,127.43841151677775,122.0,129.0,122.0,-5.438411516777748,0
8,U06,4798.566861903573,handover,109.2831357,23.054464,279.8,7399.618578625725,1,154.3398729084957,117.43841151677775,10.0,127.43841151677775,122.0,129.0,122.0,-5.438411516777748,0
8,U06,4808.566861903573,handover,109.2831357,23.054464,279.8,7399.618578625725,1,154.3398729084957,117.43841151677775,10.0,127.43841151677775,122.0,129.0,122.0,-5.438411516777748,0
8,U06,4818.566861903573,handover,109.2831357,23.054464,279.8,7399.618578625725,1,154.3398729084957,117.43841151677775,10.0,127.43841151677775,122.0,129.0,122.0,-5.438411516777748,0
8,U06,4828.566861903573,handover,109.2831357,23.054464,279.8,7399.618578625725,1,154.3398729084957,117.43841151677775,10.0,127.43841151677775,122.0,129.0,122.0,-5.438411516777748,0
8,U06,4838.566861903573,handover,109.2831357,23.054464,279.8,7399.618578625725,1,154.3398729084957,117.43841151677775,10.0,127.43841151677775,122.0,129.0,122.0,-5.438411516777748,0
8,U06,4848.566861903573,handover,109.2831357,23.054464,279.8,7399.618578625725,1,154.3398729084957,117.43841151677775,10.0,127.43841151677775,122.0,129.0,122.0,-5.438411516777748,0
8,U06,4858.566861903573,handover,109.2831357,23.054464,279.8,7399.618578625725,1,154.3398729084957,117.43841151677775,10.0,127.43841151677775,122.0,129.0,122.0,-5.438411516777748,0
8,U06,4868.566861903573,handover,109.2831357,23.054464,279.8,7399.618578625725,1,154.3398729084957,117.43841151677775,10.0,127.43841151677775,122.0,129.0,122.0,-5.438411516777748,0
8,U06,4878.566861903573,handover,109.2831357,23.054464,279.8,7399.618578625725,1,154.3398729084957,117.43841151677775,10.0,127.43841151677775,122.0,129.0,122.0,-5.438411516777748,0
8,U06,4888.566861903573,handover,109.2831357,23.054464,279.8,7399.618578625725,1,154.3398729084957,117.43841151677775,10.0,127.43841151677775,122.0,129.0,122.0,-5.438411516777748,0
8,U06,4898.566861903573,handover,109.2831357,23.054464,279.8,7399.618578625725,1,154.3398729084957,117.43841151677775,10.0,127.43841151677775,122.0,129.0,122.0,-5.438411516777748,0
8,U06,4908.566861903573,handover,109.2831357,23.054464,279.8,7399.618578625725,1,154.3398729084957,117.43841151677775,10.0,127.43841151677775,122.0,129.0,122.0,-5.438411516777748,0
8,U06,4918.566861903573,handover,109.2831357,23.054464,279.8,7399.618578625725,1,154.3398729084957,117.43841151677775,10.0,127.43841151677775,122.0,129.0,122.0,-5.438411516777748,0
8,U06,4928.566861903573,climb,109.2831357,23.054464,279.8,7399.618578625725,1,154.3398729084957,117.43841151677775,10.0,127.43841151677775,122.0,129.0,122.0,-5.438411516777748,0
8,U06,4938.566861903573,climb,109.2831357,23.054464,309.8,7400.214936685487,1,144.80545995303012,117.43911151117827,10.0,127.43911151117827,122.0,129.0,122.0,-5.439111511178268,0
8,U06,4948.566861903573,climb,109.2831357,23.054464,339.8,7400.932853981517,1,135.27104699756453,117.43995411480546,10.0,127.43995411480546,122.0,129.0,122.0,-5.4399541148054595,0
8,U06,4958.566861903573,climb,109.2831357,23.054464,369.8,7401.772295142765,1,125.73663404209896,117.44093924464741,10.0,127.44093924464741,122.0,129.0,122.0,-5.44093924464741,0
8,U06,4968.566861903573,climb,109.2831357,23.054464,399.8,7402.733218828232,1,116.20222108663336,117.44206680369847,10.0,127.44206680369847,122.0,129.0,122.0,-5.4420668036984665,0
8,U06,4978.566861903573,climb,109.2831357,23.054464,429.8,7403.81557773713,1,106.66780813116779,117.44333668099092,10.0,127.44333668099092,122.0,129.0,122.0,-5.4433366809909245,0
8,U06,4982.296268641854,cruise,109.2831357,23.054464,440.98822021484375,7404.250311764168,1,103.11203773900084,117.44384668031292,10.0,127.44384668031292,122.0,129.0,122.0,-5.443846680312916,0
8,U06,4992.296268641854,cruise,109.28207566562824,23.053532293368203,440.98822021484375,7254.383566315781,1,101.18618993837973,117.266235126643,10.0,127.266235126643,122.0,129.0,122.0,-5.2662351266429965,0
8,U06,5002.296268641854,cruise,109.2810156312565,23.052600586736407,440.98822021484375,7104.521349211783,1,99.17908273688855,117.08492130737385,10.0,127.08492130737385,122.0,129.0,122.0,-5.084921307373847,0
8,U06,5012.296268641854,cruise,109.27995559688473,23.05166888010461,440.98822021484375,6954.6639883385415,1,97.08546229395375,116.89974787583125,10.0,126.89974787583125,122.0,129.0,122.0,-4.8997478758312525,0
8,U06,5022.296268641854,cruise,109.27889556251299,23.050737173472815,440.98822021484375,6804.811840458136,1,94.89961187555926,116.71054725520138,10.0,126.71054725520138,122.0,129.0,122.0,-4.7105472552013765,0
8,U06,5032.296268641854,cruise,109.27783552814122,23.04980546684102,440.98822021484375,6654.965294447928,1,92.61529972660648,116.51714073376964,10.0,126.51714073376964,122.0,129.0,122.0,-4.5171407337696365,0
8,U06,5042.296268641854,cruise,109.27677549376948,23.048873760209226,440.98822021484375,6505.124775005235,1,90.22571973668815,116.3193374581075,10.0,126.3193374581075,122.0,129.0,122.0,-4.319337458107498,0
8,U06,5052.296268641854,cruise,109.27571545939772,23.04794205357743,440.98822021484375,6355.290746857392,1,87.72342370950952,116.11693331005755,10.0,126.11693331005755,122.0,129.0,122.0,-4.116933310057547,0
8,U06,5062.296268641854,cruise,109.27465542502597,23.047010346945633,440.98822021484375,6205.463719598899,1,85.10024381628358,115.90970965113026,10.0,125.90970965113026,122.0,129.0,122.0,-3.9097096511302567,0
8,U06,5072.296268641854,cruise,109.27359539065421,23.046078640313837,440.98822021484375,6055.6442532275105,1,82.34720353230392,115.69743191506888,10.0,125.69743191506888,122.0,129.0,122.0,-3.6974319150688757,0
8,U06,5082.296268641854,cruise,109.27253535628245,23.04514693368204,440.98822021484375,5905.832964538677,1,79.45441501055876,115.47984802611236,10.0,125.47984802611236,122.0,129.0,122.0,-3.4798480261123643,0
8,U06,5092.296268641854,cruise,109.2714753219107,23.044215227050245,440.98822021484375,5756.03053450525,1,76.41096041997275,115.25668661642396,10.0,125.25668661642396,122.0,129.0,122.0,-3.2566866164239627,0
8,U06,5102.296268641854,cruise,109.27041528753894,23.04328352041845,440.98822021484375,5606.2377168387675,1,74.6337606338256,115.02765501139572,10.0,125.02765501139572,122.0,129.0,122.0,-3.027655011395723,0
8,U06,5112.296268641854,cruise,109.26935525316719,23.042351813786652,440.98822021484375,5456.455347969329,1,71.18675798688616,114.79243694571501,10.0,124.79243694571501,122.0,129.0,122.0,-2.7924369457150107,0
8,U06,5122.296268641854,cruise,109.26829521879543,23.041420107154856,440.98822021484375,5306.684358695046,1,67.54500942769022,114.55068996592775,10.0,124.55068996592775,122.0,129.0,122.0,-2.550689965927745,0
8,U06,5132.296268641854,cruise,109.26723518442368,23.04048840052306,440.98822021484375,5156.925787876834,1,63.69153130109919,114.3020424666422,10.0,124.3020424666422,122.0,129.0,122.0,-2.302042466642206,0
8,U06,5142.296268641854,cruise,109.26617515005192,23.039556693891264,440.98822021484375,5007.180798564457,1,59.607305981299135,114.04609029672706,10.0,124.04609029672706,122.0,129.0,122.0,-2.0460902967270584,0
8,U06,5152.296268641854,cruise,109.26511511568016,23.03862498725947,440.98822021484375,4857.450697118743,1,55.2709679874373,113.7823928587712,10.0,123.7823928587712,122.0,129.0,122.0,-1.7823928587712032,0
8,U06,5162.296268641854,cruise,109.26405508130841,23.037693280627675,440.98822021484375,4707.736955959308,1,50.65843012135497,113.51046860854008,10.0,123.51046860854008,122.0,129.0,122.0,-1.51046860854008,0
8,U06,5172.296268641854,cruise,109.26299504693665,23.03676157399588,440.98822021484375,4558.041240787134,1,45.74243581671465,113.22978984069913,10.0,123.22978984069913,122.0,129.0,122.0,-1.2297898406991266,0
8,U06,5182.296268641854,cruise,109.2619350125649,23.035829867364082,440.98822021484375,4408.365443346433,1,40.492020130806225,112.93977662120776,10.0,122.93977662120776,122.0,129.0,122.0,-0.9397766212077556,0
8,U06,5192.296268641854,cruise,109.26087497819314,23.034898160732286,440.98822021484375,4258.711721058656,1,34.87185686138315,112.6397896939799,10.0,122.6397896939799,122.0,129.0,122.0,-0.6397896939799068,0
8,U06,5202.296268641854,cruise,109.2598149438214,23.03396645410049,440.98822021484375,4109.0825453079715,1,28.84146269638171,112.32912214772304,10.0,122.32912214772304,122.0,129.0,122.0,-0.3291221477230408,0
8,U06,5212.296268641854,cruise,109.25875490944964,23.033034747468694,440.98822021484375,3959.480760618513,1,22.354220488577198,112.00698957504771,10.0,122.00698957504771,122.0,129.0,122.0,-0.0069895750477115826,0
8,U06,5222.296268641854,cruise,109.25769487507789,23.032103040836898,440.98822021484375,3809.9096577422306,1,15.356171807717146,111.67251838654131,10.0,121.67251838654131,122.0,129.0,122.0,0.3274816134586871,1
8,U06,5232.296268641854,cruise,109.25663484070613,23.0311713342051,440.98822021484375,3660.3730645730666,1,7.784512579245643,111.32473185156665,10.0,121.32473185156665,122.0,129.0,122.0,0.6752681484333465,1
8,U06,5242.296268641854,cruise,109.25557480633437,23.030239627573305,440.98822021484375,3510.875460215217,0,-0.4342970106337134,110.96253331815265,0.0,110.96253331815265,122.0,129.0,122.0,11.037466681847349,1
8,U06,5252.296268641854,cruise,109.25451477196262,23.02930792094151,440.98822021484375,3361.4221193340254,0,-9.240547343662797,110.5846859053193,0.0,110.5846859053193,122.0,129.0,122.0,11.415314094680696,1
8,U06,5262.296268641854,cruise,109.25345473759086,23.028376214309713,440.98822021484375,3212.0192966024842,0,-14.028974814726894,110.1897877480761,0.0,110.1897877480761,122.0,129.0,122.0,11.8102122519239,1
8,U06,5272.296268641854,cruise,109.25239470321911,23.02744450767792,440.98822021484375,3062.6744648453437,0,-14.566428031173416,109.77624158633036,0.0,109.77624158633036,122.0,129.0,122.0,12.223758413669643,1
8,U06,5282.296268641854,cruise,109.25133466884735,23.026512801046124,440.98822021484375,2913.3966259635417,0,-15.159288795707141,109.34221709281157,0.0,109.34221709281157,122.0,129.0,122.0,12.657782907188434,1
8,U06,5292.296268641854,cruise,109.2502746344756,23.025581094414328,440.98822021484375,2764.196721952028,0,-15.816590947690202,108.88560378640877,0.0,108.88560378640877,122.0,129.0,122.0,13.114396213591235,1
8,U06,5302.296268641854,cruise,109.24921460010384,23.02464938778253,440.98822021484375,2615.088185552254,0,-16.54944507116562,108.40395160730733,0.0,108.40395160730733,122.0,129.0,122.0,13.596048392692666,1
8,U06,5312.296268641854,cruise,109.2481545657321,23.023717681150735,440.98822021484375,2466.087689040683,0,-17.37167164872335,107.89439513741023,0.0,107.89439513741023,122.0,129.0,122.0,14.105604862589772,1
8,U06,5322.296268641854,cruise,109.24709453136033,23.02278597451894,440.98822021484375,2317.2161792204884,0,-18.300680898691155,107.35355587742924,0.0,107.35355587742924,122.0,129.0,122.0,14.646444122570756,1
8,U06,5332.296268641854,cruise,109.24603449698857,23.021854267887143,440.98822021484375,2168.5003343177555,0,-19.358719211154494,106.77741470303168,0.0,106.77741470303168,122.0,129.0,122.0,15.222585296968319,1
8,U06,5342.296268641854,cruise,109.24497446261682,23.020922561255347,440.98822021484375,2019.9746568230437,0,-20.574673689657175,106.16114324820468,0.0,106.16114324820468,122.0,129.0,122.0,15.83885675179532,1
8,U06,5352.296268641854,cruise,109.24391442824506,23.01999085462355,440.98822021484375,1871.684549303089,0,-21.339687421244946,105.49887793978361,0.0,105.49887793978361,122.0,129.0,122.0,16.50112206021639,1
8,U06,5362.296268641854,cruise,109.24285439387332,23.019059147991754,440.98822021484375,1723.6909530567648,0,-21.547163524962286,104.78341287823403,0.0,104.78341287823403,122.0,129.0,122.0,17.21658712176597,1
8,U06,5372.296268641854,cruise,109.24179435950155,23.018127441359958,440.98822021484375,1576.0775522956797,0,-21.79453887939451,104.00577650473201,0.0,104.00577650473201,122.0,129.0,122.0,17.99422349526799,1
8,U06,5382.296268641854,cruise,109.24073432512981,23.017195734728165,440.98822021484375,1428.9623464900583,0,-22.094547287961234,103.15464053773466,0.0,103.15464053773466,122.0,129.0,122.0,18.845359462265336,1
8,U06,5392.296268641854,cruise,109.23967429075805,23.01626402809637,440.98822021484375,1282.5169784836355,0,-22.46598626999628,102.21548729802531,0.0,102.21548729802531,122.0,129.0,122.0,19.78451270197469,1
8,U06,5402.296268641854,cruise,109.2386142563863,23.015332321464573,440.98822021484375,1137.0005171578503,0,-22.937814166094768,101.1694380787124,0.0,101.1694380787124,122.0,129.0,122.0,20.830561921287597,1
8,U06,5412.296268641854,cruise,109.23755422201454,23.014400614832777,440.98822021484375,992.8217379438611,0,-23.5570882797241,99.99165038466029,0.0,99.99165038466029,122.0,129.0,122.0,22.00834961533971,1
8,U06,5422.296268641854,cruise,109.23649418764278,23.01346890820098,440.98822021484375,850.6613720643462,0,-24.405723176179094,98.64935907913498,0.0,98.64935907913498,122.0,129.0,122.0,23.35064092086502,1
8,U06,5432.296268641854,cruise,109.23543415327103,23.012537201569184,440.98822021484375,711.7302604421548,0,-25.64010120738635,97.10053345423185,0.0,97.10053345423185,122.0,129.0,122.0,24.89946654576815,1
8,U06,5442.296268641854,cruise,109.23437411889927,23.01160549493739,440.98822021484375,578.3606766279746,0,-27.600583962833184,95.29819997694499,0.0,95.29819997694499,122.0,129.0,122.0,26.701800023055014,1
8,U06,5452.296268641854,cruise,109.23331408452752,23.010673788305592,440.98822021484375,455.46523867228285,0,-31.194802347819007,93.22332957440199,0.0,93.22332957440199,122.0,129.0,122.0,28.776670425598013,1
8,U06,5462.296268641854,cruise,109.23225405015576,23.009742081673796,440.98822021484375,354.1228395654211,0,-39.923618425641735,91.03730359404007,0.0,91.03730359404007,122.0,129.0,122.0,30.96269640595993,1
8,U06,5472.296268641854,cruise,109.23119401578401,23.008810375042,440.98822021484375,297.2621159853213,0,-92.2965148925781,89.51701613189414,0.0,89.51701613189414,122.0,129.0,122.0,32.48298386810586,1
8,U06,5475.525558117041,descend,109.2308517,23.0085095,440.98822021484375,293.28822021484376,0,0.0,89.40011723612554,0.0,89.40011723612554,122.0,129.0,122.0,32.59988276387446,1
8,U06,5485.525558117041,descend,109.2308517,23.0085095,415.98822021484375,268.28822021484376,0,0.0,88.62625692292978,0.0,88.62625692292978,122.0,129.0,122.0,33.373743077070216,1
8,U06,5495.525558117041,descend,109.2308517,23.0085095,390.98822021484375,243.28822021484376,0,0.0,87.77664646048163,0.0,87.77664646048163,122.0,129.0,122.0,34.22335353951837,1
8,U06,5505.525558117041,descend,109.2308517,23.0085095,365.98822021484375,218.28822021484376,0,0.0,86.83483083254437,0.0,86.83483083254437,122.0,129.0,122.0,35.16516916745563,1
8,U06,5515.525558117041,descend,109.2308517,23.0085095,340.98822021484375,193.28822021484376,0,0.0,85.77833257682282,0.0,85.77833257682282,122.0,129.0,122.0,36.22166742317718,1
8,U06,5525.525558117041,descend,109.2308517,23.0085095,315.98822021484375,168.28822021484376,0,0.0,84.57529918289445,0.0,84.57529918289445,122.0,129.0,122.0,37.424700817105546,1
8,U06,5535.525558117041,descend,109.2308517,23.0085095,290.98822021484375,143.28822021484376,0,0.0,83.17843460087047,0.0,83.17843460087047,122.0,129.0,122.0,38.821565399129526,1
8,U06,5545.525558117041,descend,109.2308517,23.0085095,265.98822021484375,118.28822021484376,0,0.0,81.51305478166523,0.0,81.51305478166523,122.0,129.0,122.0,40.48694521833477,1
8,U06,5555.525558117041,descend,109.2308517,23.0085095,240.98822021484375,93.28822021484376,0,0.0,79.45076098490111,0.0,79.45076098490111,122.0,129.0,122.0,42.54923901509889,1
8,U06,5565.525558117041,descend,109.2308517,23.0085095,215.98822021484375,68.28822021484376,0,0.0,76.74114071257301,0.0,76.74114071257301,122.0,129.0,122.0,45.258859287426986,1
8,U06,5575.525558117041,descend,109.2308517,23.0085095,190.98822021484378,43.28822021484379,0,0.0,72.78161943949412,0.0,72.78161943949412,122.0,129.0,122.0,49.21838056050588,1
8,U06,5585.525558117041,descend,109.2308517,23.0085095,165.9882202148438,18.288220214843818,0,0.0,65.29765368571523,0.0,65.29765368571523,122.0,129.0,122.0,56.70234631428477,1
8,U06,5595.525558117041,descend,109.2308517,23.0085095,140.98822021484375,6.711779785156239,0,0.0,56.590978809535294,0.0,56.590978809535294,122.0,129.0,122.0,65.4090211904647,1
8,U06,5600.840846202979,descend,109.2308517,23.0085095,127.69999999999999,20.0,0,0.0,66.07482474751174,0.0,66.07482474751174,122.0,129.0,122.0,55.92517525248826,1
9,U06,5600.8,setup,109.2308517,23.0085095,127.7,19.999999999999986,0,0.0,66.07482474751174,0.0,66.07482474751174,122.0,129.0,122.0,55.92517525248826,1
9,U06,5610.8,setup,109.2308517,23.0085095,127.7,19.999999999999986,0,0.0,66.07482474751174,0.0,66.07482474751174,122.0,129.0,122.0,55.92517525248826,1
9,U06,5620.8,setup,109.2308517,23.0085095,127.7,19.999999999999986,0,0.0,66.07482474751174,0.0,66.07482474751174,122.0,129.0,122.0,55.92517525248826,1
9,U06,5630.8,setup,109.2308517,23.0085095,127.7,19.999999999999986,0,0.0,66.07482474751174,0.0,66.07482474751174,122.0,129.0,122.0,55.92517525248826,1
9,U06,5640.8,setup,109.2308517,23.0085095,127.7,19.999999999999986,0,0.0,66.07482474751174,0.0,66.07482474751174,122.0,129.0,122.0,55.92517525248826,1
9,U06,5650.8,setup,109.2308517,23.0085095,127.7,19.999999999999986,0,0.0,66.07482474751174,0.0,66.07482474751174,122.0,129.0,122.0,55.92517525248826,1
9,U06,5660.8,setup,109.2308517,23.0085095,127.7,19.999999999999986,0,0.0,66.07482474751174,0.0,66.07482474751174,122.0,129.0,122.0,55.92517525248826,1
9,U06,5670.8,setup,109.2308517,23.0085095,127.7,19.999999999999986,0,0.0,66.07482474751174,0.0,66.07482474751174,122.0,129.0,122.0,55.92517525248826,1
9,U06,5680.8,setup,109.2308517,23.0085095,127.7,19.999999999999986,0,0.0,66.07482474751174,0.0,66.07482474751174,122.0,129.0,122.0,55.92517525248826,1
9,U06,5690.8,setup,109.2308517,23.0085095,127.7,19.999999999999986,0,0.0,66.07482474751174,0.0,66.07482474751174,122.0,129.0,122.0,55.92517525248826,1
9,U06,5700.8,setup,109.2308517,23.0085095,127.7,19.999999999999986,0,0.0,66.07482474751174,0.0,66.07482474751174,122.0,129.0,122.0,55.92517525248826,1
9,U06,5710.8,setup,109.2308517,23.0085095,127.7,19.999999999999986,0,0.0,66.07482474751174,0.0,66.07482474751174,122.0,129.0,122.0,55.92517525248826,1
9,U06,5720.8,setup,109.2308517,23.0085095,127.7,19.999999999999986,0,0.0,66.07482474751174,0.0,66.07482474751174,122.0,129.0,122.0,55.92517525248826,1
9,U06,5730.8,setup,109.2308517,23.0085095,127.7,19.999999999999986,0,0.0,66.07482474751174,0.0,66.07482474751174,122.0,129.0,122.0,55.92517525248826,1
9,U06,5740.8,setup,109.2308517,23.0085095,127.7,19.999999999999986,0,0.0,66.07482474751174,0.0,66.07482474751174,122.0,129.0,122.0,55.92517525248826,1
9,U06,5750.8,setup,109.2308517,23.0085095,127.7,19.999999999999986,0,0.0,66.07482474751174,0.0,66.07482474751174,122.0,129.0,122.0,55.92517525248826,1
9,U06,5760.8,setup,109.2308517,23.0085095,127.7,19.999999999999986,0,0.0,66.07482474751174,0.0,66.07482474751174,122.0,129.0,122.0,55.92517525248826,1
9,U06,5770.8,setup,109.2308517,23.0085095,127.7,19.999999999999986,0,0.0,66.07482474751174,0.0,66.07482474751174,122.0,129.0,122.0,55.92517525248826,1
9,U06,5780.8,setup,109.2308517,23.0085095,127.7,19.999999999999986,0,0.0,66.07482474751174,0.0,66.07482474751174,122.0,129.0,122.0,55.92517525248826,1
9,U06,5790.8,setup,109.2308517,23.0085095,127.7,19.999999999999986,0,0.0,66.07482474751174,0.0,66.07482474751174,122.0,129.0,122.0,55.92517525248826,1
9,U06,5800.8,setup,109.2308517,23.0085095,127.7,19.999999999999986,0,0.0,66.07482474751174,0.0,66.07482474751174,122.0,129.0,122.0,55.92517525248826,1
9,U06,5810.8,setup,109.2308517,23.0085095,127.7,19.999999999999986,0,0.0,66.07482474751174,0.0,66.07482474751174,122.0,129.0,122.0,55.92517525248826,1
9,U06,5820.8,setup,109.2308517,23.0085095,127.7,19.999999999999986,0,0.0,66.07482474751174,0.0,66.07482474751174,122.0,129.0,122.0,55.92517525248826,1
9,U06,5830.8,setup,109.2308517,23.0085095,127.7,19.999999999999986,0,0.0,66.07482474751174,0.0,66.07482474751174,122.0,129.0,122.0,55.92517525248826,1
9,U06,5840.8,setup,109.2308517,23.0085095,127.7,19.999999999999986,0,0.0,66.07482474751174,0.0,66.07482474751174,122.0,129.0,122.0,55.92517525248826,1
9,U06,5850.8,setup,109.2308517,23.0085095,127.7,19.999999999999986,0,0.0,66.07482474751174,0.0,66.07482474751174,122.0,129.0,122.0,55.92517525248826,1
9,U06,5860.8,setup,109.2308517,23.0085095,127.7,19.999999999999986,0,0.0,66.07482474751174,0.0,66.07482474751174,122.0,129.0,122.0,55.92517525248826,1
9,U06,5870.8,setup,109.2308517,23.0085095,127.7,19.999999999999986,0,0.0,66.07482474751174,0.0,66.07482474751174,122.0,129.0,122.0,55.92517525248826,1
9,U06,5880.8,setup,109.2308517,23.0085095,127.7,19.999999999999986,0,0.0,66.07482474751174,0.0,66.07482474751174,122.0,129.0,122.0,55.92517525248826,1
9,U06,5890.8,setup,109.2308517,23.0085095,127.7,19.999999999999986,0,0.0,66.07482474751174,0.0,66.07482474751174,122.0,129.0,122.0,55.92517525248826,1
9,U06,5900.8,setup,109.2308517,23.0085095,127.7,19.999999999999986,0,0.0,66.07482474751174,0.0,66.07482474751174,122.0,129.0,122.0,55.92517525248826,1
9,U06,5910.8,setup,109.2308517,23.0085095,127.7,19.999999999999986,0,0.0,66.07482474751174,0.0,66.07482474751174,122.0,129.0,122.0,55.92517525248826,1
9,U06,5920.8,setup,109.2308517,23.0085095,127.7,19.999999999999986,0,0.0,66.07482474751174,0.0,66.07482474751174,122.0,129.0,122.0,55.92517525248826,1
9,U06,5930.8,setup,109.2308517,23.0085095,127.7,19.999999999999986,0,0.0,66.07482474751174,0.0,66.07482474751174,122.0,129.0,122.0,55.92517525248826,1
9,U06,5940.8,setup,109.2308517,23.0085095,127.7,19.999999999999986,0,0.0,66.07482474751174,0.0,66.07482474751174,122.0,129.0,122.0,55.92517525248826,1
9,U06,5950.8,setup,109.2308517,23.0085095,127.7,19.999999999999986,0,0.0,66.07482474751174,0.0,66.07482474751174,122.0,129.0,122.0,55.92517525248826,1
9,U06,5960.8,setup,109.2308517,23.0085095,127.7,19.999999999999986,0,0.0,66.07482474751174,0.0,66.07482474751174,122.0,129.0,122.0,55.92517525248826,1
9,U06,5970.8,setup,109.2308517,23.0085095,127.7,19.999999999999986,0,0.0,66.07482474751174,0.0,66.07482474751174,122.0,129.0,122.0,55.92517525248826,1
9,U06,5980.8,setup,109.2308517,23.0085095,127.7,19.999999999999986,0,0.0,66.07482474751174,0.0,66.07482474751174,122.0,129.0,122.0,55.92517525248826,1
9,U06,5990.8,climb,109.2308517,23.0085095,127.7,19.999999999999986,0,0.0,66.07482474751174,0.0,66.07482474751174,122.0,129.0,122.0,55.92517525248826,1
9,U06,6000.8,climb,109.2308517,23.0085095,157.7,10.0,0,0.0,60.054224834232116,0.0,60.054224834232116,122.0,129.0,122.0,61.945775165767884,1
9,U06,6010.8,climb,109.2308517,23.0085095,187.7,40.0,0,0.0,72.09542466079137,0.0,72.09542466079137,122.0,129.0,122.0,49.904575339208634,1
9,U06,6020.8,climb,109.2308517,23.0085095,217.7,70.0,0,0.0,76.95618563451725,0.0,76.95618563451725,122.0,129.0,122.0,45.043814365482746,1
9,U06,6030.8,climb,109.2308517,23.0085095,247.7,100.0,0,0.0,80.05422483423212,0.0,80.05422483423212,122.0,129.0,122.0,41.945775165767884,1
9,U06,6040.8,climb,109.2308517,23.0085095,277.7,130.0,0,0.0,82.33309188036885,0.0,82.33309188036885,122.0,129.0,122.0,39.666908119631145,1
9,U06,6050.8,climb,109.2308517,23.0085095,307.7,160.0,0,0.0,84.13662448735062,0.0,84.13662448735062,122.0,129.0,122.0,37.863375512649384,1
9,U06,6060.8,climb,109.2308517,23.0085095,337.7,190.0,0,0.0,85.6292968532887,0.0,85.6292968532887,122.0,129.0,122.0,36.37070314671131,1
9,U06,6070.8,climb,109.2308517,23.0085095,367.7,220.0,0,0.0,86.90267845067623,0.0,86.90267845067623,122.0,129.0,122.0,35.097321549323766,1
9,U06,6071.894171142579,cruise,109.2308517,23.0085095,370.9825134277344,223.2825134277344,0,0.0,87.03131907898262,0.0,87.03131907898262,122.0,129.0,122.0,34.96868092101738,1
9,U06,6081.894171142579,cruise,109.23231388206455,23.008418023698468,370.9825134277344,268.9880081391858,0,-41.3027111816406,88.64888321382915,0.0,88.64888321382915,122.0,129.0,122.0,33.35111678617085,1
9,U06,6091.894171142579,cruise,109.2337760641291,23.008326547396937,370.9825134277344,373.96926667512554,0,-30.138585510253904,91.51094308883856,0.0,91.51094308883856,122.0,129.0,122.0,30.48905691116144,1
9,U06,6101.894171142579,cruise,109.23523824619365,23.008235071095406,370.9825134277344,502.34506425633884,0,-26.417210286458328,94.07426762417964,0.0,94.07426762417964,122.0,129.0,122.0,27.92573237582036,1
9,U06,6111.894171142579,cruise,109.2367004282582,23.008143594793875,370.9825134277344,640.1931685923958,0,-24.55652267456054,96.18044554503183,0.0,96.18044554503183,122.0,129.0,122.0,25.81955445496817,1
9,U06,6121.894171142579,cruise,109.23816261032275,23.008052118492348,370.9825134277344,782.5236687094607,0,-23.440110107421873,97.92417448152722,0.0,97.92417448152722,122.0,129.0,122.0,24.075825518472783,1
9,U06,6131.894171142579,cruise,109.2396247923873,23.007960642190817,370.9825134277344,927.274852243534,0,-22.695835062662752,99.39839447117346,0.0,99.39839447117346,122.0,129.0,122.0,22.60160552882654,1
9,U06,6141.894171142579,cruise,109.24108697445185,23.007869165889286,370.9825134277344,1073.4679607342994,0,-22.164210030691947,100.67000657010699,0.0,100.67000657010699,122.0,129.0,122.0,21.32999342989301,1
9,U06,6151.894171142579,cruise,109.2425491565164,23.007777689587755,370.9825134277344,1220.5850304373978,0,-21.765491256713858,101.78558562135602,0.0,101.78558562135602,122.0,129.0,122.0,20.21441437864398,1
9,U06,6161.894171142579,cruise,109.24401133858095,23.007686213286224,370.9825134277344,1368.3281054186675,0,-17.080883449978273,102.77802978319174,0.0,102.77802978319174,122.0,129.0,122.0,19.22197021680826,1
9,U06,6171.894171142579,cruise,109.2454735206455,23.007594736984693,370.9825134277344,1516.5142651637557,0,-7.157216186523442,103.67115483178515,0.0,103.67115483178515,122.0,129.0,122.0,18.328845168214855,1
9,U06,6181.894171142579,cruise,109.24693570271005,23.007503260683162,370.9825134277344,1665.0252384504006,1,0.9621479381214613,104.4826412527806,10.0,114.4826412527806,122.0,129.0,122.0,7.517358747219404,1
9,U06,6191.894171142579,cruise,109.2483978847746,23.00741178438163,370.9825134277344,1813.7812657085751,1,9.301189371744783,105.22592307059303,10.0,115.22592307059303,122.0,129.0,122.0,6.774076929406974,1
9,U06,6201.894171142579,cruise,109.24986006683915,23.007320308080104,370.9825134277344,1962.7266526336737,1,22.55780278132511,105.9114212335781,10.0,115.9114212335781,122.0,129.0,122.0,6.088578766421904,1
9,U06,6211.894171142579,cruise,109.2513222489037,23.007228831778573,370.9825134277344,2111.8213549209795,1,34.94875544956756,106.54736837800647,10.0,116.54736837800647,122.0,129.0,122.0,5.4526316219935325,1
9,U06,6221.894171142579,cruise,109.25278443096825,23.00713735547704,370.9825134277344,2261.035854931669,1,45.687581095377595,107.14037382086073,10.0,117.14037382086073,122.0,129.0,122.0,4.859626179139269,1
9,U06,6231.894171142579,cruise,109.2542466130328,23.00704587917551,370.9825134277344,2410.3479231354254,1,55.08405353546141,107.6958195462434,10.0,117.6958195462434,122.0,129.0,122.0,4.304180453756601,1
9,U06,6241.894171142579,cruise,109.25570879509735,23.00695440287398,370.9825134277344,2559.74050363405,1,63.37505862965304,108.21814364396877,10.0,118.21814364396877,122.0,129.0,122.0,3.781856356031227,1
9,U06,6251.894171142579,cruise,109.2571709771619,23.00686292657245,370.9825134277344,2709.200294269249,1,70.74484093560113,108.71104711636687,10.0,118.71104711636687,122.0,129.0,122.0,3.2889528836331294,1
9,U06,6261.894171142579,cruise,109.25863315922645,23.006771450270918,370.9825134277344,2858.7167693106567,1,77.33885668302838,109.17764741939997,10.0,119.17764741939997,122.0,129.0,122.0,2.8223525806000254,1
9,U06,6271.894171142579,cruise,109.26009534129099,23.006679973969387,370.9825134277344,3008.281491977372,1,83.2734708557129,109.62059426978288,10.0,119.62059426978288,122.0,129.0,122.0,2.3794057302171154,1
9,U06,6281.894171142579,cruise,109.26155752335555,23.006588497667856,370.9825134277344,3157.887621336947,1,88.64288367861795,110.04215825140372,10.0,120.04215825140372,122.0,129.0,122.0,1.9578417485962802,1
9,U06,6291.894171142579,cruise,109.26301970542009,23.00649702136633,370.9825134277344,3307.5295524276203,1,93.52416806307707,110.4442994992772,10.0,120.4442994992772,122.0,129.0,122.0,1.555700500722807,1
9,U06,6301.894171142579,cruise,109.26448188748465,23.006405545064798,370.9825134277344,3457.202649478079,1,97.98099293584409,110.82872157735466,10.0,120.82872157735466,122.0,129.0,122.0,1.1712784226453437,1
9,U06,6311.894171142579,cruise,109.26594406954919,23.006314068763267,370.9825134277344,3606.9030452862694,1,102.06641573588055,111.19691420423072,10.0,121.19691420423072,122.0,129.0,122.0,0.8030857957692774,1
9,U06,6321.894171142579,cruise,109.26740625161375,23.006222592461736,370.9825134277344,3756.627488426663,1,105.82500471191406,111.55018747523037,10.0,121.55018747523037,122.0,129.0,122.0,0.4498125247696265,1
9,U06,6331.894171142579,cruise,109.26886843367829,23.006131116160205,370.9825134277344,3906.37322546671,1,109.29447145902196,111.88969952631135,10.0,121.88969952631135,122.0,129.0,122.0,0.11030047368865326,1
9,U06,6341.894171142579,cruise,109.27033061574285,23.006039639858674,370.9825134277344,4056.1379092207526,1,112.506940669307,112.21647908714489,10.0,122.21647908714489,122.0,129.0,122.0,-0.21647908714489006,0
9,U06,6351.894171142579,cruise,109.2717927978074,23.005948163557143,370.9825134277344,4205.919526533682,1,115.48994779314313,112.53144401238077,10.0,122.53144401238077,122.0,129.0,122.0,-0.5314440123807742,0
9,U06,6361.894171142579,cruise,109.27325497987195,23.005856687255612,370.9825134277344,4355.716340949602,1,118.26723028774919,112.83541661967377,10.0,122.83541661967377,122.0,129.0,122.0,-0.8354166196737651,0
9,U06,6371.894171142579,cruise,109.2747171619365,23.00576521095408,370.9825134277344,4505.5268467706355,1,120.85936061604818,113.12913647090977,10.0,123.12913647090977,122.0,129.0,122.0,-1.1291364709097707,0
9,U06,6381.894171142579,cruise,109.27617934400105,23.005673734652554,370.9825134277344,4655.349731988885,1,128.77357067477317,113.41327109038622,10.0,123.41327109038622,122.0,129.0,122.0,-1.4132710903862176,0
9,U06,6391.894171142579,cruise,109.2776415260656,23.005582258351023,370.9825134277344,4805.183848118388,1,158.74785694122312,113.68842500604399,10.0,123.68842500604399,122.0,129.0,122.0,-1.6884250060439854,0
9,U06,6401.894171142579,cruise,109.27910370813015,23.005490782049492,370.9825134277344,4955.0281855115845,1,165.38712864731298,113.95514741843736,10.0,123.95514741843736,122.0,129.0,122.0,-1.9551474184373632,0
9,U06,6411.894171142579,cruise,109.2805658901947,23.00539930574796,370.9825134277344,5104.8818529946875,1,171.63585495892693,114.2139387394342,10.0,124.2139387394342,122.0,129.0,122.0,-2.213938739434198,0
9,U06,6421.894171142579,cruise,109.28202807225925,23.00530782944643,370.9825134277344,5254.744061003109,1,177.5275111955915,114.46525619451094,10.0,124.46525619451094,122.0,129.0,122.0,-2.4652561945109426,0
9,U06,6431.894171142579,cruise,109.2834902543238,23.0052163531449,370.9825134277344,5404.614107497235,1,183.09185319688584,114.70951864472744,10.0,124.70951864472744,122.0,129.0,122.0,-2.7095186447274386,0
9,U06,6432.621479176091,descend,109.2835966,23.0052097,370.9825134277344,5415.514564845285,1,183.63133233828557,114.72701939807837,10.0,124.72701939807837,122.0,129.0,122.0,-2.727019398078369,0
9,U06,6440.614484547185,handover,109.2835966,23.0052097,351.0,5414.727491873327,1,201.01224429481908,114.72575692786806,10.0,124.72575692786806,122.0,129.0,122.0,-2.725756927868062,0
9,U06,6450.614484547185,handover,109.2835966,23.0052097,351.0,5414.727491873327,1,201.01224429481908,114.72575692786806,10.0,124.72575692786806,122.0,129.0,122.0,-2.725756927868062,0
9,U06,6460.614484547185,handover,109.2835966,23.0052097,351.0,5414.727491873327,1,201.01224429481908,114.72575692786806,10.0,124.72575692786806,122.0,129.0,122.0,-2.725756927868062,0
9,U06,6470.614484547185,handover,109.2835966,23.0052097,351.0,5414.727491873327,1,201.01224429481908,114.72575692786806,10.0,124.72575692786806,122.0,129.0,122.0,-2.725756927868062,0
9,U06,6480.614484547185,handover,109.2835966,23.0052097,351.0,5414.727491873327,1,201.01224429481908,114.72575692786806,10.0,124.72575692786806,122.0,129.0,122.0,-2.725756927868062,0
9,U06,6490.614484547185,handover,109.2835966,23.0052097,351.0,5414.727491873327,1,201.01224429481908,114.72575692786806,10.0,124.72575692786806,122.0,129.0,122.0,-2.725756927868062,0
9,U06,6500.614484547185,handover,109.2835966,23.0052097,351.0,5414.727491873327,1,201.01224429481908,114.72575692786806,10.0,124.72575692786806,122.0,129.0,122.0,-2.725756927868062,0
9,U06,6510.614484547185,handover,109.2835966,23.0052097,351.0,5414.727491873327,1,201.01224429481908,114.72575692786806,10.0,124.72575692786806,122.0,129.0,122.0,-2.725756927868062,0
9,U06,6520.614484547185,handover,109.2835966,23.0052097,351.0,5414.727491873327,1,201.01224429481908,114.72575692786806,10.0,124.72575692786806,122.0,129.0,122.0,-2.725756927868062,0
9,U06,6530.614484547185,handover,109.2835966,23.0052097,351.0,5414.727491873327,1,201.01224429481908,114.72575692786806,10.0,124.72575692786806,122.0,129.0,122.0,-2.725756927868062,0
9,U06,6540.614484547185,handover,109.2835966,23.0052097,351.0,5414.727491873327,1,201.01224429481908,114.72575692786806,10.0,124.72575692786806,122.0,129.0,122.0,-2.725756927868062,0
9,U06,6550.614484547185,handover,109.2835966,23.0052097,351.0,5414.727491873327,1,201.01224429481908,114.72575692786806,10.0,124.72575692786806,122.0,129.0,122.0,-2.725756927868062,0
9,U06,6560.614484547185,handover,109.2835966,23.0052097,351.0,5414.727491873327,1,201.01224429481908,114.72575692786806,10.0,124.72575692786806,122.0,129.0,122.0,-2.725756927868062,0
9,U06,6570.614484547185,handover,109.2835966,23.0052097,351.0,5414.727491873327,1,201.01224429481908,114.72575692786806,10.0,124.72575692786806,122.0,129.0,122.0,-2.725756927868062,0
9,U06,6580.614484547185,handover,109.2835966,23.0052097,351.0,5414.727491873327,1,201.01224429481908,114.72575692786806,10.0,124.72575692786806,122.0,129.0,122.0,-2.725756927868062,0
9,U06,6590.614484547185,handover,109.2835966,23.0052097,351.0,5414.727491873327,1,201.01224429481908,114.72575692786806,10.0,124.72575692786806,122.0,129.0,122.0,-2.725756927868062,0
9,U06,6600.614484547185,handover,109.2835966,23.0052097,351.0,5414.727491873327,1,201.01224429481908,114.72575692786806,10.0,124.72575692786806,122.0,129.0,122.0,-2.725756927868062,0
9,U06,6610.614484547185,handover,109.2835966,23.0052097,351.0,5414.727491873327,1,201.01224429481908,114.72575692786806,10.0,124.72575692786806,122.0,129.0,122.0,-2.725756927868062,0
9,U06,6620.614484547185,handover,109.2835966,23.0052097,351.0,5414.727491873327,1,201.01224429481908,114.72575692786806,10.0,124.72575692786806,122.0,129.0,122.0,-2.725756927868062,0
9,U06,6630.614484547185,handover,109.2835966,23.0052097,351.0,5414.727491873327,1,201.01224429481908,114.72575692786806,10.0,124.72575692786806,122.0,129.0,122.0,-2.725756927868062,0
9,U06,6640.614484547185,handover,109.2835966,23.0052097,351.0,5414.727491873327,1,201.01224429481908,114.72575692786806,10.0,124.72575692786806,122.0,129.0,122.0,-2.725756927868062,0
9,U06,6650.614484547185,handover,109.2835966,23.0052097,351.0,5414.727491873327,1,201.01224429481908,114.72575692786806,10.0,124.72575692786806,122.0,129.0,122.0,-2.725756927868062,0
9,U06,6660.614484547185,handover,109.2835966,23.0052097,351.0,5414.727491873327,1,201.01224429481908,114.72575692786806,10.0,124.72575692786806,122.0,129.0,122.0,-2.725756927868062,0
9,U06,6670.614484547185,handover,109.2835966,23.0052097,351.0,5414.727491873327,1,201.01224429481908,114.72575692786806,10.0,124.72575692786806,122.0,129.0,122.0,-2.725756927868062,0
9,U06,6680.614484547185,climb,109.2835966,23.0052097,351.0,5414.727491873327,1,201.01224429481908,114.72575692786806,10.0,124.72575692786806,122.0,129.0,122.0,-2.725756927868062,0
9,U06,6690.614484547185,climb,109.2835966,23.0052097,381.0,5415.9368359729615,1,174.9180614693343,114.72769664811227,10.0,124.72769664811227,122.0,129.0,122.0,-2.7276966481122713,0
9,U06,6700.614484547185,climb,109.2835966,23.0052097,411.0,5417.312046693342,1,148.82387864384953,114.72990188289269,10.0,124.72990188289269,122.0,129.0,122.0,-2.7299018828926904,0
9,U06,6703.457644540675,cruise,109.2835966,23.0052097,419.52947998046875,5417.733307153026,1,141.40488497662744,114.7305772878853,10.0,124.7305772878853,122.0,129.0,122.0,-2.7305772878852963,0
9,U06,6713.457644540675,cruise,109.28213441793545,23.005301176301533,419.52947998046875,5267.925838635854,1,134.66873288928952,114.48701788175093,10.0,124.48701788175093,122.0,129.0,122.0,-2.48701788175093,0
9,U06,6723.457644540675,cruise,109.2806722358709,23.005392652603064,419.52947998046875,5118.129853043059,1,127.5374985680902,114.23645083940416,10.0,124.23645083940416,122.0,129.0,122.0,-2.2364508394041565,0
9,U06,6733.457644540675,cruise,109.27921005380635,23.005484128904595,419.52947998046875,4968.34637985925,1,119.9753739555797,113.97846215577317,10.0,123.97846215577317,122.0,129.0,122.0,-1.9784621557731725,0
9,U06,6743.457644540675,cruise,109.2777478717418,23.005575605206126,419.52947998046875,4818.576576474487,1,111.94208893107475,113.71260013726429,10.0,123.71260013726429,122.0,129.0,122.0,-1.712600137264289,0
9,U06,6753.457644540675,cruise,109.27628568967725,23.005667081507653,419.52947998046875,4668.821748681255,1,107.75211287618069,113.43837069990373,10.0,123.43837069990373,122.0,129.0,122.0,-1.4383706999037287,0
9,U06,6763.457644540675,cruise,109.2748235076127,23.005758557809184,419.52947998046875,4519.083375211718,1,104.81925482765783,113.15523191339145,10.0,123.15523191339145,122.0,129.0,122.0,-1.1552319133914466,0
9,U06,6773.457644540675,cruise,109.27336132554815,23.005850034110715,419.52947998046875,4369.363137333479,1,101.68482577923649,112.86258764184235,10.0,122.86258764184235,122.0,129.0,122.0,-0.862587641842353,0
9,U06,6783.457644540675,cruise,109.2718991434836,23.005941510412246,419.52947998046875,4219.662954703369,1,98.32730569534033,112.55978009631751,10.0,122.55978009631751,122.0,129.0,122.0,-0.5597800963175104,0
9,U06,6793.457644540675,cruise,109.27043696141905,23.006032986713777,419.52947998046875,4069.9850291367916,1,94.72199815137802,112.24608106898104,10.0,122.24608106898104,122.0,129.0,122.0,-0.24608106898104154,0
9,U06,6803.457644540675,cruise,109.2689747793545,23.006124463015308,419.52947998046875,3920.3318983474805,1,90.84042183010058,111.92068155994289,10.0,121.92068155994289,122.0,129.0,122.0,0.07931844005710786,1
9,U06,6813.457644540675,cruise,109.26751259728995,23.00621593931684,419.52947998046875,3770.7065024680533,1,86.64955655892061,111.5826794318586,10.0,121.5826794318586,122.0,129.0,122.0,0.41732056814140606,1
9,U06,6823.457644540675,cruise,109.2660504152254,23.00630741561837,419.52947998046875,3621.1122669780607,1,82.11090163867999,111.23106462730391,10.0,121.23106462730391,122.0,129.0,122.0,0.7689353726960917,1
9,U06,6833.457644540675,cruise,109.26458823316085,23.006398891919897,419.52947998046875,3471.553207017165,1,77.17928958248785,110.86470135203415,10.0,120.86470135203415,122.0,129.0,122.0,1.135298647965854,1
9,U06,6843.457644540675,cruise,109.2631260510963,23.006490368221428,419.52947998046875,3322.0340597323666,1,71.80137779270365,110.48230645059137,10.0,120.48230645059137,122.0,129.0,122.0,1.5176935494086337,1
9,U06,6853.457644540675,cruise,109.26166386903175,23.00658184452296,419.52947998046875,3172.560453907536,1,65.91371133090195,110.08242296287385,10.0,120.08242296287385,122.0,129.0,122.0,1.9175770371261507,1
9,U06,6863.457644540675,cruise,109.26020168696719,23.00667332082449,419.52947998046875,3023.1391296402808,1,59.440207410214555,109.6633875253547,10.0,119.6633875253547,122.0,129.0,122.0,2.3366124746453067,1
9,U06,6873.457644540675,cruise,109.25873950490265,23.00676479712602,419.52947998046875,2873.7782262083538,1,52.288849675842584,109.22328983288074,10.0,119.22328983288074,122.0,129.0,122.0,2.776710167119262,1
9,U06,6883.457644540675,cruise,109.25727732283809,23.00685627342755,419.52947998046875,2724.487664034094,1,44.3472866669544,108.75992175105485,10.0,118.75992175105485,122.0,129.0,122.0,3.240078248945153,1
9,U06,6893.457644540675,cruise,109.25581514077355,23.006947749729083,419.52947998046875,2575.279658658359,1,35.476885879248925,108.27071278424104,10.0,118.27071278424104,122.0,129.0,122.0,3.7292872157589585,1
9,U06,6903.457644540675,cruise,109.254352958709,23.007039226030614,419.52947998046875,2426.1694229545387,1,25.504571950213517,107.75264733438256,10.0,117.75264733438256,122.0,129.0,122.0,4.247352665617441,1
9,U06,6913.457644540675,cruise,109.25289077664445,23.007130702332145,419.52947998046875,2277.176142986074,1,14.624518832781462,107.202157339097,10.0,117.202157339097,122.0,129.0,122.0,4.797842660903001,1
9,U06,6923.457644540675,cruise,109.2514285945799,23.007222178633672,419.52947998046875,2128.3243599605307,1,5.041043090820324,106.61498115073586,10.0,116.61498115073586,122.0,129.0,122.0,5.385018849264142,1
9,U06,6933.457644540675,cruise,109.24996641251535,23.007313654935203,419.52947998046875,1979.6459690771521,0,-0.8455787483972301,105.98597543316272,0.0,105.98597543316272,122.0,129.0,122.0,16.01402456683728,1
9,U06,6943.457644540675,cruise,109.2485042304508,23.007405131236734,419.52947998046875,1831.1831804069498,0,-7.705195932940001,105.30886064719928,0.0,105.30886064719928,122.0,129.0,122.0,16.691139352800718,1
9,U06,6953.457644540675,cruise,109.24704204838625,23.007496607538265,419.52947998046875,1682.9930249747472,0,-15.800780177760743,104.5758711558727,0.0,104.5758711558727,122.0,129.0,122.0,17.424128844127296,1
9,U06,6963.457644540675,cruise,109.2455798663217,23.007588083839796,419.52947998046875,1535.1544279228403,0,-21.665840828772787,103.77726622621397,0.0,103.77726622621397,122.0,129.0,122.0,18.222733773786032,1
9,U06,6973.457644540675,cruise,109.24411768425715,23.007679560141327,419.52947998046875,1387.7797143336843,0,-21.961596981509672,102.90063553352819,0.0,102.90063553352819,122.0,129.0,122.0,19.099364466471812,1
9,U06,6983.457644540675,cruise,109.2426555021926,23.007771036442858,419.52947998046875,1241.0341191521807,0,-22.330379344798928,101.92989926446181,0.0,101.92989926446181,122.0,129.0,122.0,20.07010073553819,1
9,U06,6993.457644540675,cruise,109.24119332012805,23.00786251274439,419.52947998046875,1095.170523093396,0,-22.803044063944185,100.84385975606853,0.0,100.84385975606853,122.0,129.0,122.0,21.156140243931475,1
9,U06,7003.457644540675,cruise,109.2397311380635,23.00795398904592,419.52947998046875,950.5949787970266,0,-23.430680822153533,99.61413515319434,0.0,99.61413515319434,122.0,129.0,122.0,22.38586484680566,1
9,U06,7013.457644540675,cruise,109.23826895599895,23.008045465347447,419.52947998046875,807.99914047389,0,-24.304449642405814,98.20244280993064,0.0,98.20244280993064,122.0,129.0,122.0,23.797557190069355,1
9,U06,7023.457644540675,cruise,109.2368067739344,23.008136941648978,419.52947998046875,668.6507125980104,0,-25.60444715546396,96.55821106985863,0.0,96.55821106985863,122.0,129.0,122.0,25.44178893014137,1
9,U06,7033.457644540675,cruise,109.23534459186985,23.00822841795051,419.52947998046875,535.0927171829507,0,-27.74315274146295,94.62280563623334,0.0,94.62280563623334,122.0,129.0,122.0,27.377194363766662,1
9,U06,7043.457644540675,cruise,109.2338824098053,23.00831989425204,419.52947998046875,412.98164789267565,0,-31.918720790318105,92.37283989176545,0.0,92.37283989176545,122.0,129.0,122.0,29.62716010823455,1
9,U06,7053.457644540675,cruise,109.23242022774075,23.00841137055357,419.52947998046875,315.8837775286223,0,-43.68623074618253,90.04477129277774,0.0,90.04477129277774,122.0,129.0,122.0,31.95522870722226,1
9,U06,7063.457644540675,cruise,109.2309580456762,23.0085028468551,419.52947998046875,272.0483102609751,0,0.0,88.74714548967795,0.0,88.74714548967795,122.0,129.0,122.0,33.25285451032205,1
9,U06,7064.184952574187,descend,109.2308517,23.0085095,419.52947998046875,271.82947998046876,0,0.0,88.7401559203202,0.0,88.7401559203202,122.0,129.0,122.0,33.259844079679795,1
9,U06,7074.184952574187,descend,109.2308517,23.0085095,394.52947998046875,246.82947998046876,0,0.0,87.90216539917529,0.0,87.90216539917529,122.0,129.0,122.0,34.09783460082471,1
9,U06,7084.184952574187,descend,109.2308517,23.0085095,369.52947998046875,221.82947998046876,0,0.0,86.97461005661586,0.0,86.97461005661586,122.0,129.0,122.0,35.02538994338414,1
9,U06,7094.184952574187,descend,109.2308517,23.0085095,344.52947998046875,196.82947998046876,0,0.0,85.93602773585577,0.0,85.93602773585577,122.0,129.0,122.0,36.063972264144226,1
9,U06,7104.184952574187,descend,109.2308517,23.0085095,319.52947998046875,171.82947998046876,0,0.0,84.75617834945749,0.0,84.75617834945749,122.0,129.0,122.0,37.243821650542515,1
9,U06,7114.184952574187,descend,109.2308517,23.0085095,294.52947998046875,146.82947998046876,0,0.0,83.39049004767034,0.0,83.39049004767034,122.0,129.0,122.0,38.60950995232966,1
9,U06,7124.184952574187,descend,109.2308517,23.0085095,269.52947998046875,121.82947998046876,0,0.0,81.76927264347003,0.0,81.76927264347003,122.0,129.0,122.0,40.23072735652997,1
9,U06,7134.184952574187,descend,109.2308517,23.0085095,244.52947998046878,96.82947998046879,0,0.0,79.77437682413854,0.0,79.77437682413854,122.0,129.0,122.0,42.22562317586146,1
9,U06,7144.184952574187,descend,109.2308517,23.0085095,219.52947998046878,71.82947998046879,0,0.0,77.18027928041712,0.0,77.18027928041712,122.0,129.0,122.0,44.819720719582875,1
9,U06,7154.184952574187,descend,109.2308517,23.0085095,194.52947998046875,46.82947998046876,0,0.0,73.46461153765641,0.0,73.46461153765641,122.0,129.0,122.0,48.53538846234359,1
9,U06,7164.184952574187,descend,109.2308517,23.0085095,169.52947998046875,21.82947998046876,0,0.0,66.83509263654787,0.0,66.83509263654787,122.0,129.0,122.0,55.16490736345213,1
9,U06,7174.184952574187,descend,109.2308517,23.0085095,144.52947998046875,3.1705200195312386,0,0.0,50.07683482994956,0.0,50.07683482994956,122.0,129.0,122.0,71.92316517005044,1
9,U06,7180.916744566375,descend,109.2308517,23.0085095,127.69999999999999,20.0,0,0.0,66.07482474751174,0.0,66.07482474751174,122.0,129.0,122.0,55.92517525248826,1
10,U06,7180.9,setup,109.2308517,23.0085095,127.7,19.999999999999986,0,0.0,66.07482474751174,0.0,66.07482474751174,122.0,129.0,122.0,55.92517525248826,1
10,U06,7190.9,setup,109.2308517,23.0085095,127.7,19.999999999999986,0,0.0,66.07482474751174,0.0,66.07482474751174,122.0,129.0,122.0,55.92517525248826,1
10,U06,7200.9,setup,109.2308517,23.0085095,127.7,19.999999999999986,0,0.0,66.07482474751174,0.0,66.07482474751174,122.0,129.0,122.0,55.92517525248826,1
10,U06,7210.9,setup,109.2308517,23.0085095,127.7,19.999999999999986,0,0.0,66.07482474751174,0.0,66.07482474751174,122.0,129.0,122.0,55.92517525248826,1
10,U06,7220.9,setup,109.2308517,23.0085095,127.7,19.999999999999986,0,0.0,66.07482474751174,0.0,66.07482474751174,122.0,129.0,122.0,55.92517525248826,1
10,U06,7230.9,setup,109.2308517,23.0085095,127.7,19.999999999999986,0,0.0,66.07482474751174,0.0,66.07482474751174,122.0,129.0,122.0,55.92517525248826,1
10,U06,7240.9,setup,109.2308517,23.0085095,127.7,19.999999999999986,0,0.0,66.07482474751174,0.0,66.07482474751174,122.0,129.0,122.0,55.92517525248826,1
10,U06,7250.9,setup,109.2308517,23.0085095,127.7,19.999999999999986,0,0.0,66.07482474751174,0.0,66.07482474751174,122.0,129.0,122.0,55.92517525248826,1
10,U06,7260.9,setup,109.2308517,23.0085095,127.7,19.999999999999986,0,0.0,66.07482474751174,0.0,66.07482474751174,122.0,129.0,122.0,55.92517525248826,1
10,U06,7270.9,setup,109.2308517,23.0085095,127.7,19.999999999999986,0,0.0,66.07482474751174,0.0,66.07482474751174,122.0,129.0,122.0,55.92517525248826,1
10,U06,7280.9,setup,109.2308517,23.0085095,127.7,19.999999999999986,0,0.0,66.07482474751174,0.0,66.07482474751174,122.0,129.0,122.0,55.92517525248826,1
10,U06,7290.9,setup,109.2308517,23.0085095,127.7,19.999999999999986,0,0.0,66.07482474751174,0.0,66.07482474751174,122.0,129.0,122.0,55.92517525248826,1
10,U06,7300.9,setup,109.2308517,23.0085095,127.7,19.999999999999986,0,0.0,66.07482474751174,0.0,66.07482474751174,122.0,129.0,122.0,55.92517525248826,1
10,U06,7310.9,setup,109.2308517,23.0085095,127.7,19.999999999999986,0,0.0,66.07482474751174,0.0,66.07482474751174,122.0,129.0,122.0,55.92517525248826,1
10,U06,7320.9,setup,109.2308517,23.0085095,127.7,19.999999999999986,0,0.0,66.07482474751174,0.0,66.07482474751174,122.0,129.0,122.0,55.92517525248826,1
10,U06,7330.9,setup,109.2308517,23.0085095,127.7,19.999999999999986,0,0.0,66.07482474751174,0.0,66.07482474751174,122.0,129.0,122.0,55.92517525248826,1
10,U06,7340.9,setup,109.2308517,23.0085095,127.7,19.999999999999986,0,0.0,66.07482474751174,0.0,66.07482474751174,122.0,129.0,122.0,55.92517525248826,1
10,U06,7350.9,setup,109.2308517,23.0085095,127.7,19.999999999999986,0,0.0,66.07482474751174,0.0,66.07482474751174,122.0,129.0,122.0,55.92517525248826,1
10,U06,7360.9,setup,109.2308517,23.0085095,127.7,19.999999999999986,0,0.0,66.07482474751174,0.0,66.07482474751174,122.0,129.0,122.0,55.92517525248826,1
10,U06,7370.9,setup,109.2308517,23.0085095,127.7,19.999999999999986,0,0.0,66.07482474751174,0.0,66.07482474751174,122.0,129.0,122.0,55.92517525248826,1
10,U06,7380.9,setup,109.2308517,23.0085095,127.7,19.999999999999986,0,0.0,66.07482474751174,0.0,66.07482474751174,122.0,129.0,122.0,55.92517525248826,1
10,U06,7390.9,setup,109.2308517,23.0085095,127.7,19.999999999999986,0,0.0,66.07482474751174,0.0,66.07482474751174,122.0,129.0,122.0,55.92517525248826,1
10,U06,7400.9,setup,109.2308517,23.0085095,127.7,19.999999999999986,0,0.0,66.07482474751174,0.0,66.07482474751174,122.0,129.0,122.0,55.92517525248826,1
10,U06,7410.9,setup,109.2308517,23.0085095,127.7,19.999999999999986,0,0.0,66.07482474751174,0.0,66.07482474751174,122.0,129.0,122.0,55.92517525248826,1
10,U06,7420.9,setup,109.2308517,23.0085095,127.7,19.999999999999986,0,0.0,66.07482474751174,0.0,66.07482474751174,122.0,129.0,122.0,55.92517525248826,1
10,U06,7430.9,setup,109.2308517,23.0085095,127.7,19.999999999999986,0,0.0,66.07482474751174,0.0,66.07482474751174,122.0,129.0,122.0,55.92517525248826,1
10,U06,7440.9,setup,109.2308517,23.0085095,127.7,19.999999999999986,0,0.0,66.07482474751174,0.0,66.07482474751174,122.0,129.0,122.0,55.92517525248826,1
10,U06,7450.9,setup,109.2308517,23.0085095,127.7,19.999999999999986,0,0.0,66.07482474751174,0.0,66.07482474751174,122.0,129.0,122.0,55.92517525248826,1
10,U06,7460.9,setup,109.2308517,23.0085095,127.7,19.999999999999986,0,0.0,66.07482474751174,0.0,66.07482474751174,122.0,129.0,122.0,55.92517525248826,1
10,U06,7470.9,setup,109.2308517,23.0085095,127.7,19.999999999999986,0,0.0,66.07482474751174,0.0,66.07482474751174,122.0,129.0,122.0,55.92517525248826,1
10,U06,7480.9,setup,109.2308517,23.0085095,127.7,19.999999999999986,0,0.0,66.07482474751174,0.0,66.07482474751174,122.0,129.0,122.0,55.92517525248826,1
10,U06,7490.9,setup,109.2308517,23.0085095,127.7,19.999999999999986,0,0.0,66.07482474751174,0.0,66.07482474751174,122.0,129.0,122.0,55.92517525248826,1
10,U06,7500.9,setup,109.2308517,23.0085095,127.7,19.999999999999986,0,0.0,66.07482474751174,0.0,66.07482474751174,122.0,129.0,122.0,55.92517525248826,1
10,U06,7510.9,setup,109.2308517,23.0085095,127.7,19.999999999999986,0,0.0,66.07482474751174,0.0,66.07482474751174,122.0,129.0,122.0,55.92517525248826,1
10,U06,7520.9,setup,109.2308517,23.0085095,127.7,19.999999999999986,0,0.0,66.07482474751174,0.0,66.07482474751174,122.0,129.0,122.0,55.92517525248826,1
10,U06,7530.9,setup,109.2308517,23.0085095,127.7,19.999999999999986,0,0.0,66.07482474751174,0.0,66.07482474751174,122.0,129.0,122.0,55.92517525248826,1
10,U06,7540.9,setup,109.2308517,23.0085095,127.7,19.999999999999986,0,0.0,66.07482474751174,0.0,66.07482474751174,122.0,129.0,122.0,55.92517525248826,1
10,U06,7550.9,setup,109.2308517,23.0085095,127.7,19.999999999999986,0,0.0,66.07482474751174,0.0,66.07482474751174,122.0,129.0,122.0,55.92517525248826,1
10,U06,7560.9,setup,109.2308517,23.0085095,127.7,19.999999999999986,0,0.0,66.07482474751174,0.0,66.07482474751174,122.0,129.0,122.0,55.92517525248826,1
10,U06,7570.9,climb,109.2308517,23.0085095,127.7,19.999999999999986,0,0.0,66.07482474751174,0.0,66.07482474751174,122.0,129.0,122.0,55.92517525248826,1
10,U06,7580.9,climb,109.2308517,23.0085095,157.7,10.0,0,0.0,60.054224834232116,0.0,60.054224834232116,122.0,129.0,122.0,61.945775165767884,1
10,U06,7590.9,climb,109.2308517,23.0085095,187.7,40.0,0,0.0,72.09542466079137,0.0,72.09542466079137,122.0,129.0,122.0,49.904575339208634,1
10,U06,7600.9,climb,109.2308517,23.0085095,217.7,70.0,0,0.0,76.95618563451725,0.0,76.95618563451725,122.0,129.0,122.0,45.043814365482746,1
10,U06,7610.9,climb,109.2308517,23.0085095,247.7,100.0,0,0.0,80.05422483423212,0.0,80.05422483423212,122.0,129.0,122.0,41.945775165767884,1
10,U06,7620.9,climb,109.2308517,23.0085095,277.70000000000005,130.00000000000006,0,0.0,82.33309188036885,0.0,82.33309188036885,122.0,129.0,122.0,39.666908119631145,1
10,U06,7630.9,climb,109.2308517,23.0085095,307.7,160.0,0,0.0,84.13662448735062,0.0,84.13662448735062,122.0,129.0,122.0,37.863375512649384,1
10,U06,7640.9,climb,109.2308517,23.0085095,337.70000000000005,190.00000000000006,0,0.0,85.6292968532887,0.0,85.6292968532887,122.0,129.0,122.0,36.37070314671131,1
10,U06,7647.836893717447,cruise,109.2308517,23.0085095,358.51068115234375,210.81068115234376,0,0.0,86.53207706447351,0.0,86.53207706447351,122.0,129.0,122.0,35.46792293552649,1
10,U06,7657.836893717447,cruise,109.22957102226097,23.009165641302282,358.51068115234375,258.73752380888465,0,-39.90280775590375,88.31141318447156,0.0,88.31141318447156,122.0,129.0,122.0,33.68858681552844,1
10,U06,7667.836893717447,cruise,109.22829034452192,23.009821782604565,358.51068115234375,366.6833249939722,0,-30.776804242815302,91.34004804965558,0.0,91.34004804965558,122.0,129.0,122.0,30.65995195034442,1
10,U06,7677.836893717447,cruise,109.22700966678289,23.010477923906848,358.51068115234375,496.966101212138,0,-27.538544931719372,93.98076015181196,0.0,93.98076015181196,122.0,129.0,122.0,28.019239848188036,1
10,U06,7687.836893717447,cruise,109.22572898904384,23.01113406520913,358.51068115234375,636.0035688934838,0,-25.879924308962927,96.12341588765315,0.0,96.12341588765315,122.0,129.0,122.0,25.876584112346848,1
10,U06,7697.836893717447,cruise,109.22444831130481,23.01179020651141,358.51068115234375,779.122494297078,0,-24.871743146110987,97.8863396979556,0.0,97.8863396979556,122.0,129.0,122.0,24.113660302044394,1
10,U06,7707.836893717447,cruise,109.22316763356577,23.012446347813693,358.51068115234375,924.4288878983762,0,-24.194113184194094,99.37169500392679,0.0,99.37169500392679,122.0,129.0,122.0,22.62830499607321,1
10,U06,7717.836893717447,cruise,109.22188695582673,23.013102489115976,358.51068115234375,1071.0325677602377,0,-23.707364901690397,100.65027837381065,0.0,100.65027837381065,122.0,129.0,122.0,21.34972162618935,1
10,U06,7727.836893717447,cruise,109.22060627808769,23.01375863041826,358.51068115234375,1218.4651562310962,0,-23.32806882505062,101.77048712265389,0.0,101.77048712265389,122.0,129.0,122.0,20.22951287734611,1
10,U06,7737.836893717447,cruise,109.21932560034865,23.014414771720542,358.51068115234375,1366.458193488495,0,-22.756068604857063,102.76615181583759,0.0,102.76615181583759,122.0,129.0,122.0,19.23384818416241,1
10,U06,7747.836893717447,cruise,109.21804492260962,23.015070913022825,358.51068115234375,1514.8472637627422,0,-19.774691289014157,103.66160177022049,0.0,103.66160177022049,122.0,129.0,122.0,18.338398229779514,1
10,U06,7757.836893717447,cruise,109.21676424487057,23.015727054325108,358.51068115234375,1663.52623946332,0,-16.766065030484583,104.47481794541345,0.0,104.47481794541345,122.0,129.0,122.0,17.52518205458655,1
10,U06,7767.836893717447,cruise,109.21548356713154,23.01638319562739,358.51068115234375,1812.423637999834,0,-14.254732368406167,105.21941918826326,0.0,105.21941918826326,122.0,129.0,122.0,16.78058081173674,1
10,U06,7777.836893717447,cruise,109.2142028893925,23.01703933692967,358.51068115234375,1961.4895904857685,0,-11.745916631567553,105.90594498814086,0.0,105.90594498814086,122.0,129.0,122.0,16.09405501185914,1
10,U06,7787.836893717447,cruise,109.21292221165346,23.017695478231953,358.51068115234375,2110.688266376633,0,-9.577434718355192,106.54270675107591,0.0,106.54270675107591,122.0,129.0,122.0,15.457293248924088,1
10,U06,7797.836893717447,cruise,109.21164153391442,23.018351619534236,358.51068115234375,2259.9932687316837,0,-6.7813331856632715,107.13636774676385,0.0,107.13636774676385,122.0,129.0,122.0,14.863632253236148,1
10,U06,7807.836893717447,cruise,109.21036085617538,23.01900776083652,358.51068115234375,2409.384726987787,0,-0.07008439531978183,107.69234789494783,0.0,107.69234789494783,122.0,129.0,122.0,14.30765210505217,1
10,U06,7817.836893717447,cruise,109.20908017843634,23.019663902138802,358.51068115234375,2558.847400685184,1,10.707399602521946,108.21511257607543,10.0,118.21511257607543,122.0,129.0,122.0,3.784887423924573,1
10,U06,7827.836893717447,cruise,109.2077995006973,23.020320043441085,358.51068115234375,2708.369407061462,1,16.90551015948722,108.7083828240576,10.0,118.7083828240576,122.0,129.0,122.0,3.291617175942406,1
10,U06,7837.836893717447,cruise,109.20651882295827,23.02097618474337,358.51068115234375,2857.9413458496156,1,22.454603904204845,109.17529106276258,10.0,119.17529106276258,122.0,129.0,122.0,2.8247089372374177,1
10,U06,7847.836893717447,cruise,109.20523814521923,23.02163232604565,358.51068115234375,3007.5556839305477,1,27.451549017607277,109.61849837242417,10.0,119.61849837242417,122.0,129.0,122.0,2.3815016275758296,1
10,U06,7857.836893717447,cruise,109.2039574674802,23.022288467347934,358.51068115234375,3157.206314174141,1,44.824694795292146,110.04028408803921,10.0,120.04028408803921,122.0,129.0,122.0,1.9597159119607852,1
10,U06,7867.836893717447,cruise,109.20267678974115,23.022944608650214,358.51068115234375,3306.8882336045917,1,124.34818813962636,110.44261517127818,10.0,120.44261517127818,122.0,129.0,122.0,1.5573848287218226,1
10,U06,7877.836893717447,cruise,109.20139611200212,23.023600749952497,358.51068115234375,3456.5973048725946,1,152.04333139394782,110.82720057400356,10.0,120.82720057400356,122.0,129.0,122.0,1.1727994259964447,1
10,U06,7887.836893717447,cruise,109.20011543426307,23.02425689125478,358.51068115234375,3606.330076962738,1,160.41199021715346,111.19553431270347,10.0,121.19553431270347,122.0,129.0,122.0,0.8044656872965277,1
10,U06,7897.836893717447,cruise,109.19883475652404,23.024913032557063,358.51068115234375,3756.0836486425587,1,168.1138236361196,111.54892994455534,10.0,121.54892994455534,122.0,129.0,122.0,0.45107005544466006,1
10,U06,7907.836893717447,cruise,109.19755407878499,23.025569173859346,358.51068115234375,3905.855563258907,1,175.22547824903467,111.88854841900638,10.0,121.88854841900638,122.0,129.0,122.0,0.11145158099361652,1
10,U06,7917.836893717447,cruise,109.19627340104596,23.02622531516163,358.51068115234375,4055.6437267683486,1,181.81228750306303,112.21542077111998,10.0,122.21542077111998,122.0,129.0,122.0,-0.21542077111998026,0
10,U06,7927.836893717447,cruise,109.19499272330692,23.02688145646391,358.51068115234375,4205.446343262106,1,188.68050065770268,112.53046675904442,10.0,122.53046675904442,122.0,129.0,122.0,-0.5304667590444154,0
10,U06,7937.836893717447,cruise,109.19371204556788,23.027537597766194,358.51068115234375,4355.261863759845,1,194.35223634070957,112.8345102831811,10.0,122.8345102831811,122.0,129.0,122.0,-0.8345102831811033,0
10,U06,7947.836893717447,cruise,109.19243136782885,23.028193739068474,358.51068115234375,4505.088945198566,1,199.6471125098954,113.12829223011245,10.0,123.12829223011245,122.0,129.0,122.0,-1.12829223011245,0
10,U06,7957.836893717447,cruise,109.1911506900898,23.028849880370757,358.51068115234375,4654.926417340082,1,204.6014821730243,113.41248123963094,10.0,123.41248123963094,122.0,129.0,122.0,-1.4124812396309352,0
10,U06,7967.836893717447,cruise,109.18987001235077,23.02950602167304,358.51068115234375,4804.77325584266,1,209.24716836804544,113.68768278437602,10.0,123.68768278437602,122.0,129.0,122.0,-1.6876827843760225,0
10,U06,7977.836893717447,cruise,109.18858933461172,23.030162162975323,358.51068115234375,4954.628560230199,1,213.61214844856374,113.95444686922932,10.0,123.95444686922932,122.0,129.0,122.0,-1.954446869229315,0
10,U06,7987.836893717447,cruise,109.18730865687269,23.030818304277606,358.51068115234375,5104.4915357170785,1,217.7211179671749,114.21327459430606,10.0,124.21327459430606,122.0,129.0,122.0,-2.213274594306057,0
10,U06,7997.836893717447,cruise,109.18602797913364,23.03147444557989,358.51068115234375,5254.361478159279,1,221.59595816848628,114.46462377677605,10.0,124.46462377677605,122.0,129.0,122.0,-2.464623776776051,0
10,U06,8007.836893717447,cruise,109.18474730139461,23.03213058688217,358.51068115234375,5404.237761486328,1,234.46432872148762,114.70891378864145,10.0,124.70891378864145,122.0,129.0,122.0,-2.7089137886414534,0
10,U06,8017.836893717447,cruise,109.18346662365558,23.032786728184455,358.51068115234375,5554.119827183027,1,237.95866320833682,114.9465297379904,10.0,124.9465297379904,122.0,129.0,122.0,-2.946529737990403,0
10,U06,8027.836893717447,cruise,109.18218594591653,23.033442869486734,358.51068115234375,5704.00717541761,1,241.26956806333044,115.17782609762412,10.0,125.17782609762412,122.0,129.0,122.0,-3.17782609762412,0
10,U06,8037.836893717447,cruise,109.1809052681775,23.034099010789017,358.51068115234375,5853.899357530313,1,244.41111717126557,115.4031298663449,10.0,125.4031298663449,122.0,129.0,122.0,-3.403129866344898,0
10,U06,8047.836893717447,cruise,109.17962459043845,23.0347551520913,358.51068115234375,6003.7959696564485,1,247.39598053815655,115.62274333324518,10.0,125.62274333324518,122.0,129.0,122.0,-3.6227433332451824,0
10,U06,8057.836893717447,cruise,109.17834391269942,23.035411293393583,358.51068115234375,6153.696647265902,1,250.23559507940809,115.83694650325171,10.0,125.83694650325171,122.0,129.0,122.0,-3.83694650325171,0
10,U06,8067.836893717447,cruise,109.17706323496037,23.036067434695866,358.51068115234375,6303.601060497763,1,252.940311067631,116.04599923253332,10.0,126.04599923253332,122.0,129.0,122.0,-4.045999232533319,0
10,U06,8077.836893717447,cruise,109.17578255722134,23.03672357599815,358.51068115234375,6453.508910125797,1,255.5195181932914,116.25014311435301,10.0,126.25014311435301,122.0,129.0,122.0,-4.250143114353008,0
10,U06,8087.836893717447,cruise,109.17450187948229,23.037379717300432,358.51068115234375,6603.419924093448,1,257.98175447425064,116.44960314957822,10.0,126.44960314957822,122.0,129.0,122.0,-4.449603149578223,0
10,U06,8097.836893717447,cruise,109.17322120174326,23.038035858602715,358.51068115234375,6753.333854489602,1,260.3348006762317,116.64458923061615,10.0,126.64458923061615,122.0,129.0,122.0,-4.644589230616148,0
10,U06,8107.836893717447,cruise,109.17194052400423,23.038691999904998,358.51068115234375,6903.250474935801,1,262.58576244428724,116.83529746325851,10.0,126.83529746325851,122.0,129.0,122.0,-4.835297463258513,0
10,U06,8117.836893717447,cruise,109.17065984626518,23.039348141207277,358.51068115234375,7053.169578296168,1,264.741141971661,117.02191134717386,10.0,127.02191134717386,122.0,129.0,122.0,-5.021911347173855,0
10,U06,8127.836893717447,cruise,109.16937916852615,23.04000428250956,358.51068115234375,7203.090974672103,1,266.8069007286659,117.20460283280238,10.0,127.20460283280238,122.0,129.0,122.0,-5.2046028328023795,0
10,U06,8131.907929781038,descend,109.1688578,23.0402714,358.51068115234375,7264.125131997277,1,267.6093521715931,117.27789116912886,10.0,127.27789116912886,122.0,129.0,122.0,-5.277891169128864,0
10,U06,8139.912202241975,handover,109.1688578,23.0402714,338.5,7263.571947053773,1,276.76888045163497,117.27722968736133,10.0,127.27722968736133,122.0,129.0,122.0,-5.277229687361327,0
10,U06,8149.912202241975,handover,109.1688578,23.0402714,338.5,7263.571947053773,1,276.76888045163497,117.27722968736133,10.0,127.27722968736133,122.0,129.0,122.0,-5.277229687361327,0
10,U06,8159.912202241975,handover,109.1688578,23.0402714,338.5,7263.571947053773,1,276.76888045163497,117.27722968736133,10.0,127.27722968736133,122.0,129.0,122.0,-5.277229687361327,0
10,U06,8169.912202241975,handover,109.1688578,23.0402714,338.5,7263.571947053773,1,276.76888045163497,117.27722968736133,10.0,127.27722968736133,122.0,129.0,122.0,-5.277229687361327,0
10,U06,8179.912202241975,handover,109.1688578,23.0402714,338.5,7263.571947053773,1,276.76888045163497,117.27722968736133,10.0,127.27722968736133,122.0,129.0,122.0,-5.277229687361327,0
10,U06,8189.912202241975,handover,109.1688578,23.0402714,338.5,7263.571947053773,1,276.76888045163497,117.27722968736133,10.0,127.27722968736133,122.0,129.0,122.0,-5.277229687361327,0
10,U06,8199.912202241976,handover,109.1688578,23.0402714,338.5,7263.571947053773,1,276.76888045163497,117.27722968736133,10.0,127.27722968736133,122.0,129.0,122.0,-5.277229687361327,0
10,U06,8209.912202241976,handover,109.1688578,23.0402714,338.5,7263.571947053773,1,276.76888045163497,117.27722968736133,10.0,127.27722968736133,122.0,129.0,122.0,-5.277229687361327,0
10,U06,8219.912202241976,handover,109.1688578,23.0402714,338.5,7263.571947053773,1,276.76888045163497,117.27722968736133,10.0,127.27722968736133,122.0,129.0,122.0,-5.277229687361327,0
10,U06,8229.912202241976,handover,109.1688578,23.0402714,338.5,7263.571947053773,1,276.76888045163497,117.27722968736133,10.0,127.27722968736133,122.0,129.0,122.0,-5.277229687361327,0
10,U06,8239.912202241976,handover,109.1688578,23.0402714,338.5,7263.571947053773,1,276.76888045163497,117.27722968736133,10.0,127.27722968736133,122.0,129.0,122.0,-5.277229687361327,0
10,U06,8249.912202241976,handover,109.1688578,23.0402714,338.5,7263.571947053773,1,276.76888045163497,117.27722968736133,10.0,127.27722968736133,122.0,129.0,122.0,-5.277229687361327,0
10,U06,8259.912202241976,handover,109.1688578,23.0402714,338.5,7263.571947053773,1,276.76888045163497,117.27722968736133,10.0,127.27722968736133,122.0,129.0,122.0,-5.277229687361327,0
10,U06,8269.912202241976,handover,109.1688578,23.0402714,338.5,7263.571947053773,1,276.76888045163497,117.27722968736133,10.0,127.27722968736133,122.0,129.0,122.0,-5.277229687361327,0
10,U06,8279.912202241976,handover,109.1688578,23.0402714,338.5,7263.571947053773,1,276.76888045163497,117.27722968736133,10.0,127.27722968736133,122.0,129.0,122.0,-5.277229687361327,0
10,U06,8289.912202241976,handover,109.1688578,23.0402714,338.5,7263.571947053773,1,276.76888045163497,117.27722968736133,10.0,127.27722968736133,122.0,129.0,122.0,-5.277229687361327,0
10,U06,8299.912202241976,handover,109.1688578,23.0402714,338.5,7263.571947053773,1,276.76888045163497,117.27722968736133,10.0,127.27722968736133,122.0,129.0,122.0,-5.277229687361327,0
10,U06,8309.912202241976,handover,109.1688578,23.0402714,338.5,7263.571947053773,1,276.76888045163497,117.27722968736133,10.0,127.27722968736133,122.0,129.0,122.0,-5.277229687361327,0
10,U06,8319.912202241976,handover,109.1688578,23.0402714,338.5,7263.571947053773,1,276.76888045163497,117.27722968736133,10.0,127.27722968736133,122.0,129.0,122.0,-5.277229687361327,0
10,U06,8329.912202241976,handover,109.1688578,23.0402714,338.5,7263.571947053773,1,276.76888045163497,117.27722968736133,10.0,127.27722968736133,122.0,129.0,122.0,-5.277229687361327,0
10,U06,8339.912202241976,handover,109.1688578,23.0402714,338.5,7263.571947053773,1,276.76888045163497,117.27722968736133,10.0,127.27722968736133,122.0,129.0,122.0,-5.277229687361327,0
10,U06,8349.912202241976,handover,109.1688578,23.0402714,338.5,7263.571947053773,1,276.76888045163497,117.27722968736133,10.0,127.27722968736133,122.0,129.0,122.0,-5.277229687361327,0
10,U06,8359.912202241976,handover,109.1688578,23.0402714,338.5,7263.571947053773,1,276.76888045163497,117.27722968736133,10.0,127.27722968736133,122.0,129.0,122.0,-5.277229687361327,0
10,U06,8369.912202241976,handover,109.1688578,23.0402714,338.5,7263.571947053773,1,276.76888045163497,117.27722968736133,10.0,127.27722968736133,122.0,129.0,122.0,-5.277229687361327,0
10,U06,8379.912202241976,climb,109.1688578,23.0402714,338.5,7263.571947053773,1,276.76888045163497,117.27722968736133,10.0,127.27722968736133,122.0,129.0,122.0,-5.277229687361327,0
10,U06,8389.912202241976,climb,109.1688578,23.0402714,368.5,7264.421892348114,1,263.0369216887484,117.27824600539051,10.0,127.27824600539051,122.0,129.0,122.0,-5.278246005390514,0
10,U06,8399.912202241976,climb,109.1688578,23.0402714,398.5,7265.395614144253,1,249.3049629258618,117.27941018244482,10.0,127.27941018244482,122.0,129.0,122.0,-5.2794101824448205,0
10,U06,8409.912202241976,climb,109.1688578,23.0402714,428.5,7266.493062683439,1,235.57300416297517,117.28072209958441,10.0,127.28072209958441,122.0,129.0,122.0,-5.280722099584409,0
10,U06,8419.912202241976,climb,109.1688578,23.0402714,458.5,7267.714181916247,1,221.8410454000886,117.28218162286457,10.0,127.28218162286457,122.0,129.0,122.0,-5.28218162286457,0
10,U06,8429.912202241976,climb,109.1688578,23.0402714,488.5,7269.058909516867,1,208.10908663720198,117.2837886033811,10.0,127.2837886033811,122.0,129.0,122.0,-5.2837886033810975,0
10,U06,8439.912202241976,climb,109.1688578,23.0402714,518.5,7270.527176898972,1,194.37712787431542,117.2855428773209,10.0,127.2855428773209,122.0,129.0,122.0,-5.285542877320907,0
10,U06,8449.912202241976,climb,109.1688578,23.0402714,548.5,7272.118909233164,1,180.6451691114288,117.2874442660175,10.0,127.2874442660175,122.0,129.0,122.0,-5.287444266017502,0
10,U06,8459.912202241976,climb,109.1688578,23.0402714,578.5,7273.834025465975,1,166.91321034854218,117.28949257601143,10.0,127.28949257601143,122.0,129.0,122.0,-5.289492576011426,0
10,U06,8463.515290620882,cruise,109.1688578,23.0402714,589.3092651367188,7274.482217524567,1,161.96546424472456,117.29026656588006,10.0,127.29026656588006,122.0,129.0,122.0,-5.29026656588006,0
10,U06,8473.515290620882,cruise,109.17013847773903,23.03961525869772,589.3092651367188,7124.777879486489,1,157.70991321443262,117.1096514226725,10.0,127.1096514226725,122.0,129.0,122.0,-5.109651422672499,0
10,U06,8483.515290620882,cruise,109.17141915547808,23.038959117395436,589.3092651367188,6975.085120281284,1,153.2713277312248,116.92521507183412,10.0,126.92521507183412,122.0,129.0,122.0,-4.925215071834117,0
10,U06,8493.515290620882,cruise,109.17269983321711,23.038302976093153,589.3092651367188,6825.404738537223,1,148.63763958941445,116.73679302688089,10.0,126.73679302688089,122.0,129.0,122.0,-4.736793026880889,0
10,U06,8503.515290620882,cruise,109.17398051095616,23.03764683479087,589.3092651367188,6675.737604435134,1,143.7956958007813,116.54420999477937,10.0,126.54420999477937,122.0,129.0,122.0,-4.544209994779365,0
10,U06,8513.515290620882,cruise,109.17526118869519,23.03699069348859,589.3092651367188,6526.084667908291,1,138.73113390692345,116.34727891271709,10.0,126.34727891271709,122.0,129.0,122.0,-4.347278912717087,0
10,U06,8523.515290620882,cruise,109.17654186643423,23.036334552186307,589.3092651367188,6376.446967970673,1,133.4282396886489,116.14579987564335,10.0,126.14579987564335,122.0,129.0,122.0,-4.145799875643348,0
10,U06,8533.515290620882,cruise,109.17782254417327,23.035678410884024,589.3092651367188,6226.825643407724,1,127.86978430322853,115.93955893951915,10.0,125.93955893951915,122.0,129.0,122.0,-3.939558939519145,0
10,U06,8543.515290620882,cruise,109.17910322191231,23.03502226958174,589.3092651367188,6077.221945018933,1,122.03683729383681,115.72832678262611,10.0,125.72832678262611,122.0,129.0,122.0,-3.7283267826261124,0
10,U06,8553.515290620882,cruise,109.18038389965135,23.03436612827946,589.3092651367188,5927.637249730234,1,115.90855119536195,115.51185720443749,10.0,125.51185720443749,122.0,129.0,122.0,-3.51185720443749,0
10,U06,8563.515290620882,cruise,109.18166457739038,23.033709986977176,589.3092651367188,5778.073076867668,1,109.461912572291,115.28988543790793,10.0,125.28988543790793,122.0,129.0,122.0,-3.2898854379079268,0
10,U06,8573.515290620882,cruise,109.18294525512943,23.033053845674893,589.3092651367188,5628.531107030992,1,102.67145322265628,115.06212624690686,10.0,125.06212624690686,122.0,129.0,122.0,-3.062126246906857,0
10,U06,8583.515290620882,cruise,109.18422593286846,23.03239770437261,589.3092651367188,5479.013204044162,1,95.50891390865797,114.82827177534686,10.0,124.82827177534686,122.0,129.0,122.0,-2.828271775346863,0
10,U06,8593.515290620882,cruise,109.1855066106075,23.03174156307033,589.3092651367188,5329.521440569395,1,87.94285125302599,114.58798910838118,10.0,124.58798910838118,122.0,129.0,122.0,-2.58798910838118,0
10,U06,8603.515290620882,cruise,109.18678728834654,23.031085421768047,589.3092651367188,5180.058128156714,1,79.93817626953125,114.34091749861963,10.0,124.34091749861963,122.0,129.0,122.0,-2.340917498619632,0
10,U06,8613.515290620882,cruise,109.18806796608558,23.030429280465764,589.3092651367188,5030.625852603069,1,71.45561024224583,114.0866652010521,10.0,124.0866652010521,122.0,129.0,122.0,-2.0866652010520994,0
10,U06,8623.515290620882,cruise,109.18934864382462,23.02977313916348,589.3092651367188,4881.227515790322,1,54.79250647911658,113.82480584927399,10.0,123.82480584927399,122.0,129.0,122.0,-1.8248058492739858,0
10,U06,8633.515290620882,cruise,109.19062932156366,23.0291169978612,589.3092651367188,4731.866385384692,1,45.302490525018584,113.55487429168726,10.0,123.55487429168726,122.0,129.0,122.0,-1.5548742916872555,0
10,U06,8643.515290620882,cruise,109.1919099993027,23.028460856558915,589.3092651367188,4582.546154219032,1,35.19017844278301,113.27636178939052,10.0,123.27636178939052,122.0,129.0,122.0,-1.2763617893905206,0
10,U06,8653.515290620882,cruise,109.19319067704173,23.027804715256632,589.3092651367188,4433.271011576284,1,24.39228588039589,112.98871045608841,10.0,122.98871045608841,122.0,129.0,122.0,-0.9887104560884126,0
10,U06,8663.515290620882,cruise,109.19447135478077,23.02714857395435,589.3092651367188,4284.045729290417,1,12.836646471525455,112.69130679392003,10.0,122.69130679392003,122.0,129.0,122.0,-0.6913067939200346,0
10,U06,8673.515290620882,cruise,109.1957520325198,23.026492432652066,589.3092651367188,4134.875766354271,1,0.44059692382813864,112.38347414563181,10.0,122.38347414563181,122.0,129.0,122.0,-0.3834741456318085,0
10,U06,8683.515290620882,cruise,109.19703271025885,23.025836291349787,589.3092651367188,3985.767396818614,0,-12.8328727405476,112.06446384131212,0.0,112.06446384131212,122.0,129.0,122.0,9.935536158687881,1
10,U06,8693.515290620882,cruise,109.19831338799789,23.025180150047504,589.3092651367188,3836.7278672856655,0,-14.07454141055831,111.73344476436763,0.0,111.73344476436763,122.0,129.0,122.0,10.266555235632367,1
10,U06,8703.515290620882,cruise,109.19959406573693,23.02452400874522,589.3092651367188,3687.765592225641,0,-15.218728562958404,111.38949099271915,0.0,111.38949099271915,122.0,129.0,122.0,10.610509007280854,1
10,U06,8713.515290620882,cruise,109.20087474347596,23.023867867442938,589.3092651367188,3538.8903981576773,0,-16.445953615878466,111.03156708323891,0.0,111.03156708323891,122.0,129.0,122.0,10.968432916761088,1
10,U06,8723.515290620882,cruise,109.20215542121501,23.023211726140655,589.3092651367188,3390.1138314658665,0,-17.78226534016926,110.65851045344131,0.0,110.65851045344131,122.0,129.0,122.0,11.341489546558691,1
10,U06,8733.515290620882,cruise,109.20343609895404,23.022555584838372,589.3092651367188,3241.4495500276657,0,-19.24288513183592,110.26901016673816,0.0,110.26901016673816,122.0,129.0,122.0,11.730989833261845,1
10,U06,8743.515290620882,cruise,109.20471677669308,23.02189944353609,589.3092651367188,3092.9138263387854,0,-20.846004415372477,109.8615812345097,0.0,109.8615812345097,122.0,129.0,122.0,12.1384187654903,1
10,U06,8753.515290620882,cruise,109.20599745443212,23.021243302233806,589.3092651367188,2944.5262008303403,0,-22.61354618952828,109.43453329602247,0.0,109.43453329602247,122.0,129.0,122.0,12.565466703977535,1
10,U06,8763.515290620882,cruise,109.20727813217115,23.020587160931527,589.3092651367188,2796.310340031599,0,-22.897021038983326,108.98593220634837,0.0,108.98593220634837,122.0,129.0,122.0,13.014067793651634,1
10,U06,8773.515290620882,cruise,109.2085588099102,23.019931019629244,589.3092651367188,2648.2951780366384,0,-23.169829851423003,108.5135526297061,0.0,108.5135526297061,122.0,129.0,122.0,13.486447370293902,1
10,U06,8783.515290620882,cruise,109.20983948764923,23.01927487832696,589.3092651367188,2500.5164558148745,0,-23.41462016712535,108.01481917364214,0.0,108.01481917364214,122.0,129.0,122.0,13.985180826357862,1
10,U06,8793.515290620882,cruise,109.21112016538828,23.018618737024678,589.3092651367188,2353.0188283946773,0,-23.58729241155811,107.48673288081413,0.0,107.48673288081413,122.0,129.0,122.0,14.513267119185869,1
10,U06,8803.515290620882,cruise,109.21240084312731,23.017962595722395,589.3092651367188,2205.8587975199293,0,-23.783781517291914,106.9257790088213,0.0,106.9257790088213,122.0,129.0,122.0,15.074220991178706,1
10,U06,8813.515290620882,cruise,109.21368152086636,23.017306454420112,589.3092651367188,2059.108868140051,0,-24.009380120171443,106.327811014602,0.0,106.327811014602,122.0,129.0,122.0,15.672188985397995,1
10,U06,8823.515290620882,cruise,109.21496219860539,23.01665031311783,589.3092651367188,1912.863559472416,0,-24.271074499511712,105.68790471066441,0.0,105.68790471066441,122.0,129.0,122.0,16.312095289335588,1
10,U06,8833.515290620882,cruise,109.21624287634442,23.015994171815546,589.3092651367188,1767.2482946879354,0,-24.5782809448242,105.00017625942506,0.0,105.00017625942506,122.0,129.0,122.0,16.99982374057494,1
10,U06,8843.515290620882,cruise,109.21752355408347,23.015338030513266,589.3092651367188,1622.432878784921,0,-24.944002903529565,104.25755960961177,0.0,104.25755960961177,122.0,129.0,122.0,17.742440390388225,1
10,U06,8853.515290620882,cruise,109.2188042318225,23.014681889210983,589.3092651367188,1478.6525054769843,0,-25.386718958804465,103.45154730422371,0.0,103.45154730422371,122.0,129.0,122.0,18.54845269577629,1
10,U06,8863.515290620882,cruise,109.22008490956155,23.0140257479087,589.3092651367188,1336.241517823465,0,-25.93360349767346,102.57192406256648,0.0,102.57192406256648,122.0,129.0,122.0,19.42807593743352,1
10,U06,8873.515290620882,cruise,109.22136558730058,23.013369606606418,589.3092651367188,1195.6895222697467,0,-26.626323913574197,101.60659330570996,0.0,101.60659330570996,122.0,129.0,122.0,20.393406694290036,1
10,U06,8883.515290620882,cruise,109.22264626503963,23.012713465304135,589.3092651367188,1057.738083152215,0,-27.532189072829,100.54178765657456,0.0,100.54178765657456,122.0,129.0,122.0,21.458212343425444,1
10,U06,8893.515290620882,cruise,109.22392694277866,23.01205732400185,589.3092651367188,923.553545856886,0,-28.767459744540133,99.36346643551867,0.0,99.36346643551867,122.0,129.0,122.0,22.636533564481326,1
10,U06,8903.515290620882,cruise,109.22520762051771,23.01140118269957,589.3092651367188,795.0458059970006,0,-30.551739603678413,98.06206785311386,0.0,98.06206785311386,122.0,129.0,122.0,23.93793214688614,1
10,U06,8913.515290620882,cruise,109.22648829825674,23.010745041397286,589.3092651367188,675.4630994136407,0,-33.35560795375278,96.64625740372412,0.0,96.64625740372412,122.0,129.0,122.0,25.35374259627588,1
10,U06,8923.515290620882,cruise,109.22776897599577,23.010088900095003,589.3092651367188,570.4466220067877,0,-38.40257098388673,95.1785250888099,0.0,95.1785250888099,122.0,129.0,122.0,26.821474911190094,1
10,U06,8933.515290620882,cruise,109.22904965373482,23.009432758792723,589.3092651367188,489.4641811909598,0,-50.17881805419921,93.8486431500576,0.0,93.8486431500576,122.0,129.0,122.0,28.151356849942403,1
10,U06,8943.515290620882,cruise,109.23033033147385,23.00877661749044,589.3092651367188,445.81207739121,0,-109.06005340576166,93.03726142771812,0.0,93.03726142771812,122.0,129.0,122.0,28.96273857228188,1
10,U06,8947.586326684472,descend,109.2308517,23.0085095,589.3092651367188,441.60926513671876,0,0.0,92.95498836396024,0.0,92.95498836396024,122.0,129.0,122.0,29.04501163603976,1
10,U06,8957.586326684472,descend,109.2308517,23.0085095,564.3092651367188,416.60926513671876,0,0.0,92.44880331751837,0.0,92.44880331751837,122.0,129.0,122.0,29.55119668248163,1
10,U06,8967.586326684472,descend,109.2308517,23.0085095,539.3092651367188,391.60926513671876,0,0.0,91.91128399992618,0.0,91.91128399992618,122.0,129.0,122.0,30.088716000073816,1
10,U06,8977.586326684472,descend,109.2308517,23.0085095,514.3092651367188,366.60926513671876,0,0.0,91.33829356377215,0.0,91.33829356377215,122.0,129.0,122.0,30.661706436227846,1
10,U06,8987.586326684472,descend,109.2308517,23.0085095,489.30926513671875,341.60926513671876,0,0.0,90.72481765672508,0.0,90.72481765672508,122.0,129.0,122.0,31.27518234327492,1
10,U06,8997.586326684472,descend,109.2308517,23.0085095,464.30926513671875,316.60926513671876,0,0.0,90.06469722914767,0.0,90.06469722914767,122.0,129.0,122.0,31.93530277085233,1
10,U06,9007.586326684472,descend,109.2308517,23.0085095,439.30926513671875,291.60926513671876,0,0.0,89.35025120340788,0.0,89.35025120340788,122.0,129.0,122.0,32.64974879659212,1
10,U06,9017.586326684472,descend,109.2308517,23.0085095,414.30926513671875,266.60926513671876,0,0.0,88.57172959084018,0.0,88.57172959084018,122.0,129.0,122.0,33.42827040915982,1
10,U06,9027.586326684472,descend,109.2308517,23.0085095,389.30926513671875,241.60926513671876,0,0.0,87.71649652266753,0.0,87.71649652266753,122.0,129.0,122.0,34.283503477332474,1
10,U06,9037.586326684472,descend,109.2308517,23.0085095,364.30926513671875,216.60926513671876,0,0.0,86.76776541387723,0.0,86.76776541387723,122.0,129.0,122.0,35.23223458612277,1
10,U06,9047.586326684472,descend,109.2308517,23.0085095,339.30926513671875,191.60926513671876,0,0.0,85.70255493956962,0.0,85.70255493956962,122.0,129.0,122.0,36.29744506043038,1
10,U06,9057.586326684472,descend,109.2308517,23.0085095,314.30926513671875,166.60926513671876,0,0.0,84.48820781116578,0.0,84.48820781116578,122.0,129.0,122.0,37.51179218883422,1
10,U06,9067.586326684472,descend,109.2308517,23.0085095,289.30926513671875,141.60926513671876,0,0.0,83.0760582157301,0.0,83.0760582157301,122.0,129.0,122.0,38.9239417842699,1
10,U06,9077.586326684472,descend,109.2308517,23.0085095,264.30926513671875,116.60926513671876,0,0.0,81.38888600356549,0.0,81.38888600356549,122.0,129.0,122.0,40.61111399643451,1
10,U06,9087.586326684472,descend,109.2308517,23.0085095,239.30926513671875,91.60926513671876,0,0.0,79.29301282162092,0.0,79.29301282162092,122.0,129.0,122.0,42.70698717837908,1
10,U06,9097.586326684472,descend,109.2308517,23.0085095,214.30926513671875,66.60926513671876,0,0.0,76.52491768126856,0.0,76.52491768126856,122.0,129.0,122.0,45.47508231873144,1
10,U06,9107.586326684472,descend,109.2308517,23.0085095,189.3092651367187,41.609265136718705,0,0.0,72.43802574952089,0.0,72.43802574952089,122.0,129.0,122.0,49.56197425047911,1
10,U06,9117.586326684472,descend,109.2308517,23.0085095,164.30926513671875,16.60926513671876,0,0.0,64.46123319171505,0.0,64.46123319171505,122.0,129.0,122.0,57.53876680828495,1
10,U06,9127.586326684472,descend,109.2308517,23.0085095,139.3092651367187,8.390734863281295,0,0.0,58.53022479715203,0.0,58.53022479715203,122.0,129.0,122.0,63.46977520284797,1
10,U06,9132.230032739159,descend,109.2308517,23.0085095,127.69999999999999,20.0,0,0.0,66.07482474751174,0.0,66.07482474751174,122.0,129.0,122.0,55.92517525248826,1
11,U06,9132.2,setup,109.2308517,23.0085095,127.7,19.999999999999986,0,0.0,66.07482474751174,0.0,66.07482474751174,122.0,129.0,122.0,55.92517525248826,1
11,U06,9142.2,setup,109.2308517,23.0085095,127.7,19.999999999999986,0,0.0,66.07482474751174,0.0,66.07482474751174,122.0,129.0,122.0,55.92517525248826,1
11,U06,9152.2,setup,109.2308517,23.0085095,127.7,19.999999999999986,0,0.0,66.07482474751174,0.0,66.07482474751174,122.0,129.0,122.0,55.92517525248826,1
11,U06,9162.2,setup,109.2308517,23.0085095,127.7,19.999999999999986,0,0.0,66.07482474751174,0.0,66.07482474751174,122.0,129.0,122.0,55.92517525248826,1
11,U06,9172.2,setup,109.2308517,23.0085095,127.7,19.999999999999986,0,0.0,66.07482474751174,0.0,66.07482474751174,122.0,129.0,122.0,55.92517525248826,1
11,U06,9182.2,setup,109.2308517,23.0085095,127.7,19.999999999999986,0,0.0,66.07482474751174,0.0,66.07482474751174,122.0,129.0,122.0,55.92517525248826,1
11,U06,9192.2,setup,109.2308517,23.0085095,127.7,19.999999999999986,0,0.0,66.07482474751174,0.0,66.07482474751174,122.0,129.0,122.0,55.92517525248826,1
11,U06,9202.2,setup,109.2308517,23.0085095,127.7,19.999999999999986,0,0.0,66.07482474751174,0.0,66.07482474751174,122.0,129.0,122.0,55.92517525248826,1
11,U06,9212.2,setup,109.2308517,23.0085095,127.7,19.999999999999986,0,0.0,66.07482474751174,0.0,66.07482474751174,122.0,129.0,122.0,55.92517525248826,1
11,U06,9222.2,setup,109.2308517,23.0085095,127.7,19.999999999999986,0,0.0,66.07482474751174,0.0,66.07482474751174,122.0,129.0,122.0,55.92517525248826,1
11,U06,9232.2,setup,109.2308517,23.0085095,127.7,19.999999999999986,0,0.0,66.07482474751174,0.0,66.07482474751174,122.0,129.0,122.0,55.92517525248826,1
11,U06,9242.2,setup,109.2308517,23.0085095,127.7,19.999999999999986,0,0.0,66.07482474751174,0.0,66.07482474751174,122.0,129.0,122.0,55.92517525248826,1
11,U06,9252.2,setup,109.2308517,23.0085095,127.7,19.999999999999986,0,0.0,66.07482474751174,0.0,66.07482474751174,122.0,129.0,122.0,55.92517525248826,1
11,U06,9262.2,setup,109.2308517,23.0085095,127.7,19.999999999999986,0,0.0,66.07482474751174,0.0,66.07482474751174,122.0,129.0,122.0,55.92517525248826,1
11,U06,9272.2,setup,109.2308517,23.0085095,127.7,19.999999999999986,0,0.0,66.07482474751174,0.0,66.07482474751174,122.0,129.0,122.0,55.92517525248826,1
11,U06,9282.2,setup,109.2308517,23.0085095,127.7,19.999999999999986,0,0.0,66.07482474751174,0.0,66.07482474751174,122.0,129.0,122.0,55.92517525248826,1
11,U06,9292.2,setup,109.2308517,23.0085095,127.7,19.999999999999986,0,0.0,66.07482474751174,0.0,66.07482474751174,122.0,129.0,122.0,55.92517525248826,1
11,U06,9302.2,setup,109.2308517,23.0085095,127.7,19.999999999999986,0,0.0,66.07482474751174,0.0,66.07482474751174,122.0,129.0,122.0,55.92517525248826,1
11,U06,9312.2,setup,109.2308517,23.0085095,127.7,19.999999999999986,0,0.0,66.07482474751174,0.0,66.07482474751174,122.0,129.0,122.0,55.92517525248826,1
11,U06,9322.2,setup,109.2308517,23.0085095,127.7,19.999999999999986,0,0.0,66.07482474751174,0.0,66.07482474751174,122.0,129.0,122.0,55.92517525248826,1
11,U06,9332.2,setup,109.2308517,23.0085095,127.7,19.999999999999986,0,0.0,66.07482474751174,0.0,66.07482474751174,122.0,129.0,122.0,55.92517525248826,1
11,U06,9342.2,setup,109.2308517,23.0085095,127.7,19.999999999999986,0,0.0,66.07482474751174,0.0,66.07482474751174,122.0,129.0,122.0,55.92517525248826,1
11,U06,9352.2,setup,109.2308517,23.0085095,127.7,19.999999999999986,0,0.0,66.07482474751174,0.0,66.07482474751174,122.0,129.0,122.0,55.92517525248826,1
11,U06,9362.2,setup,109.2308517,23.0085095,127.7,19.999999999999986,0,0.0,66.07482474751174,0.0,66.07482474751174,122.0,129.0,122.0,55.92517525248826,1
11,U06,9372.2,setup,109.2308517,23.0085095,127.7,19.999999999999986,0,0.0,66.07482474751174,0.0,66.07482474751174,122.0,129.0,122.0,55.92517525248826,1
11,U06,9382.2,setup,109.2308517,23.0085095,127.7,19.999999999999986,0,0.0,66.07482474751174,0.0,66.07482474751174,122.0,129.0,122.0,55.92517525248826,1
11,U06,9392.2,setup,109.2308517,23.0085095,127.7,19.999999999999986,0,0.0,66.07482474751174,0.0,66.07482474751174,122.0,129.0,122.0,55.92517525248826,1
11,U06,9402.2,setup,109.2308517,23.0085095,127.7,19.999999999999986,0,0.0,66.07482474751174,0.0,66.07482474751174,122.0,129.0,122.0,55.92517525248826,1
11,U06,9412.2,setup,109.2308517,23.0085095,127.7,19.999999999999986,0,0.0,66.07482474751174,0.0,66.07482474751174,122.0,129.0,122.0,55.92517525248826,1
11,U06,9422.2,setup,109.2308517,23.0085095,127.7,19.999999999999986,0,0.0,66.07482474751174,0.0,66.07482474751174,122.0,129.0,122.0,55.92517525248826,1
11,U06,9432.2,setup,109.2308517,23.0085095,127.7,19.999999999999986,0,0.0,66.07482474751174,0.0,66.07482474751174,122.0,129.0,122.0,55.92517525248826,1
11,U06,9442.2,setup,109.2308517,23.0085095,127.7,19.999999999999986,0,0.0,66.07482474751174,0.0,66.07482474751174,122.0,129.0,122.0,55.92517525248826,1
11,U06,9452.2,setup,109.2308517,23.0085095,127.7,19.999999999999986,0,0.0,66.07482474751174,0.0,66.07482474751174,122.0,129.0,122.0,55.92517525248826,1
11,U06,9462.2,setup,109.2308517,23.0085095,127.7,19.999999999999986,0,0.0,66.07482474751174,0.0,66.07482474751174,122.0,129.0,122.0,55.92517525248826,1
11,U06,9472.2,setup,109.2308517,23.0085095,127.7,19.999999999999986,0,0.0,66.07482474751174,0.0,66.07482474751174,122.0,129.0,122.0,55.92517525248826,1
11,U06,9482.2,setup,109.2308517,23.0085095,127.7,19.999999999999986,0,0.0,66.07482474751174,0.0,66.07482474751174,122.0,129.0,122.0,55.92517525248826,1
11,U06,9492.2,setup,109.2308517,23.0085095,127.7,19.999999999999986,0,0.0,66.07482474751174,0.0,66.07482474751174,122.0,129.0,122.0,55.92517525248826,1
11,U06,9502.2,setup,109.2308517,23.0085095,127.7,19.999999999999986,0,0.0,66.07482474751174,0.0,66.07482474751174,122.0,129.0,122.0,55.92517525248826,1
11,U06,9512.2,setup,109.2308517,23.0085095,127.7,19.999999999999986,0,0.0,66.07482474751174,0.0,66.07482474751174,122.0,129.0,122.0,55.92517525248826,1
11,U06,9522.2,climb,109.2308517,23.0085095,127.7,19.999999999999986,0,0.0,66.07482474751174,0.0,66.07482474751174,122.0,129.0,122.0,55.92517525248826,1
11,U06,9532.2,climb,109.2308517,23.0085095,157.70000000000002,10.000000000000028,0,0.0,60.05422483423214,0.0,60.05422483423214,122.0,129.0,122.0,61.94577516576786,1
11,U06,9542.2,climb,109.2308517,23.0085095,187.70000000000002,40.00000000000003,0,0.0,72.09542466079137,0.0,72.09542466079137,122.0,129.0,122.0,49.904575339208634,1
11,U06,9552.2,climb,109.2308517,23.0085095,217.7,70.0,0,0.0,76.95618563451725,0.0,76.95618563451725,122.0,129.0,122.0,45.043814365482746,1
11,U06,9562.2,climb,109.2308517,23.0085095,247.70000000000002,100.00000000000003,0,0.0,80.05422483423212,0.0,80.05422483423212,122.0,129.0,122.0,41.945775165767884,1
11,U06,9564.753572591146,cruise,109.2308517,23.0085095,255.3607177734375,107.66071777343751,0,0.0,80.69537025279894,0.0,80.69537025279894,122.0,129.0,122.0,41.30462974720106,1
11,U06,9574.753572591146,cruise,109.23029176665855,23.009756165140423,255.3607177734375,184.63848437759202,0,-27.91020480069247,85.38066936509344,0.0,85.38066936509344,122.0,129.0,122.0,36.61933063490656,1
11,U06,9584.753572591146,cruise,109.22973183331712,23.01100283028085,255.3607177734375,318.73636097719606,0,-23.24956766764322,90.12285703379716,0.0,90.12285703379716,122.0,129.0,122.0,31.87714296620284,1
11,U06,9594.753572591146,cruise,109.22917189997567,23.012249495421276,255.3607177734375,462.7041622301091,0,-21.595793201077356,93.36029295802899,0.0,93.36029295802899,122.0,129.0,122.0,28.639707041971008,1
11,U06,9604.753572591146,cruise,109.22861196663423,23.0134961605617,255.3607177734375,609.5883936027566,0,-20.74873798649486,95.75495862546066,0.0,95.75495862546066,122.0,129.0,122.0,26.24504137453934,1
11,U06,9614.753572591146,cruise,109.22805203329278,23.014742825702125,255.3607177734375,757.6947203865968,0,-20.233861287434877,97.64411005619162,0.0,97.64411005619162,122.0,129.0,122.0,24.35588994380838,1
11,U06,9624.753572591146,cruise,109.22749209995133,23.015989490842554,255.3607177734375,906.4241825291415,0,-16.664697615826697,99.20085450564757,0.0,99.20085450564757,122.0,129.0,122.0,22.79914549435243,1
11,U06,9634.753572591146,cruise,109.2269321666099,23.017236155982978,255.3607177734375,1055.513313788591,0,-8.210894216618044,100.52349914785316,0.0,100.52349914785316,122.0,129.0,122.0,21.47650085214684,1
11,U06,9644.753572591146,cruise,109.22637223326845,23.018482821123403,255.3607177734375,1204.828526339838,0,-2.9691969506534406,101.67272966683136,0.0,101.67272966683136,122.0,129.0,122.0,20.32727033316864,1
11,U06,9654.753572591146,cruise,109.225812299927,23.01972948626383,255.3607177734375,1354.2949765086353,1,1.1204789381760918,102.68849018499068,10.0,112.68849018499068,122.0,129.0,122.0,9.311509815009316,1
11,U06,9664.753572591146,cruise,109.22525236658556,23.020976151404255,255.3607177734375,1503.8675107679078,1,4.400318017336417,103.59841637481115,10.0,113.59841637481115,122.0,129.0,122.0,8.401583625188849,1
11,U06,9674.753572591146,cruise,109.22469243324412,23.02222281654468,255.3607177734375,1653.517286070086,1,7.089195100251629,104.42239962304404,10.0,114.42239962304404,122.0,129.0,122.0,7.577600376955957,1
11,U06,9684.753572591146,cruise,109.22413249990268,23.023469481685108,255.3607177734375,1803.2250212759952,1,9.333629690123018,105.17522333319181,10.0,115.17522333319181,122.0,129.0,122.0,6.824776666808191,1
11,U06,9694.753572591146,cruise,109.22357256656123,23.024716146825533,255.3607177734375,1952.9773408297349,1,11.235402510548369,105.8681689236482,10.0,115.8681689236482,122.0,129.0,122.0,6.131831076351801,1
11,U06,9704.753572591146,cruise,109.22301263321978,23.025962811965957,255.3607177734375,2102.764675948921,1,12.867420320984337,106.51003828933452,10.0,116.51003828933452,122.0,129.0,122.0,5.489961710665483,1
11,U06,9714.753572591146,cruise,109.22245269987835,23.027209477106382,255.3607177734375,2252.580001016778,1,14.283276832024796,107.10782931456293,10.0,117.10782931456293,122.0,129.0,122.0,4.8921706854370655,1
11,U06,9724.753572591146,cruise,109.2218927665369,23.02845614224681,255.3607177734375,2402.418041730215,1,15.523250546662723,107.66719644777467,10.0,117.66719644777467,122.0,129.0,122.0,4.332803552225329,1
11,U06,9734.753572591146,cruise,109.22133283319545,23.029702807387235,255.3607177734375,2552.2747616380275,1,16.618198095845912,108.19277335308284,10.0,118.19277335308284,122.0,129.0,122.0,3.807226646917158,1
11,U06,9744.753572591146,cruise,109.22077289985401,23.03094947252766,255.3607177734375,2702.147019258666,1,17.592156965561344,108.68840432540435,10.0,118.68840432540435,122.0,129.0,122.0,3.311595674595651,1
11,U06,9752.56342818723,descend,109.2203356,23.0319231,255.3607177734375,2819.2042757543495,1,18.21227865016209,109.05675574236092,10.0,119.05675574236092,122.0,129.0,122.0,2.94324425763908,1
11,U06,9762.56342818723,descend,109.2203356,23.0319231,230.3607177734375,2818.36028792327,1,33.90747836498505,109.05415505011923,10.0,119.05415505011923,122.0,129.0,122.0,2.9458449498807653,1
11,U06,9769.867715296605,handover,109.2203356,23.0319231,212.1,2817.8838298056426,1,47.99154260513632,109.05268653223736,10.0,119.05268653223736,122.0,129.0,122.0,2.9473134677626405,1
11,U06,9779.867715296605,handover,109.2203356,23.0319231,212.1,2817.8838298056426,1,47.99154260513632,109.05268653223736,10.0,119.05268653223736,122.0,129.0,122.0,2.9473134677626405,1
11,U06,9789.867715296605,handover,109.2203356,23.0319231,212.1,2817.8838298056426,1,47.99154260513632,109.05268653223736,10.0,119.05268653223736,122.0,129.0,122.0,2.9473134677626405,1
11,U06,9799.867715296605,handover,109.2203356,23.0319231,212.1,2817.8838298056426,1,47.99154260513632,109.05268653223736,10.0,119.05268653223736,122.0,129.0,122.0,2.9473134677626405,1
11,U06,9809.867715296605,handover,109.2203356,23.0319231,212.1,2817.8838298056426,1,47.99154260513632,109.05268653223736,10.0,119.05268653223736,122.0,129.0,122.0,2.9473134677626405,1
11,U06,9819.867715296605,handover,109.2203356,23.0319231,212.1,2817.8838298056426,1,47.99154260513632,109.05268653223736,10.0,119.05268653223736,122.0,129.0,122.0,2.9473134677626405,1
11,U06,9829.867715296605,handover,109.2203356,23.0319231,212.1,2817.8838298056426,1,47.99154260513632,109.05268653223736,10.0,119.05268653223736,122.0,129.0,122.0,2.9473134677626405,1
11,U06,9839.867715296605,handover,109.2203356,23.0319231,212.1,2817.8838298056426,1,47.99154260513632,109.05268653223736,10.0,119.05268653223736,122.0,129.0,122.0,2.9473134677626405,1
11,U06,9849.867715296605,handover,109.2203356,23.0319231,212.1,2817.8838298056426,1,47.99154260513632,109.05268653223736,10.0,119.05268653223736,122.0,129.0,122.0,2.9473134677626405,1
11,U06,9859.867715296605,handover,109.2203356,23.0319231,212.1,2817.8838298056426,1,47.99154260513632,109.05268653223736,10.0,119.05268653223736,122.0,129.0,122.0,2.9473134677626405,1
11,U06,9869.867715296605,handover,109.2203356,23.0319231,212.1,2817.8838298056426,1,47.99154260513632,109.05268653223736,10.0,119.05268653223736,122.0,129.0,122.0,2.9473134677626405,1
11,U06,9879.867715296605,handover,109.2203356,23.0319231,212.1,2817.8838298056426,1,47.99154260513632,109.05268653223736,10.0,119.05268653223736,122.0,129.0,122.0,2.9473134677626405,1
11,U06,9889.867715296605,handover,109.2203356,23.0319231,212.1,2817.8838298056426,1,47.99154260513632,109.05268653223736,10.0,119.05268653223736,122.0,129.0,122.0,2.9473134677626405,1
11,U06,9899.867715296605,handover,109.2203356,23.0319231,212.1,2817.8838298056426,1,47.99154260513632,109.05268653223736,10.0,119.05268653223736,122.0,129.0,122.0,2.9473134677626405,1
11,U06,9909.867715296605,handover,109.2203356,23.0319231,212.1,2817.8838298056426,1,47.99154260513632,109.05268653223736,10.0,119.05268653223736,122.0,129.0,122.0,2.9473134677626405,1
11,U06,9919.867715296605,handover,109.2203356,23.0319231,212.1,2817.8838298056426,1,47.99154260513632,109.05268653223736,10.0,119.05268653223736,122.0,129.0,122.0,2.9473134677626405,1
11,U06,9929.867715296605,handover,109.2203356,23.0319231,212.1,2817.8838298056426,1,47.99154260513632,109.05268653223736,10.0,119.05268653223736,122.0,129.0,122.0,2.9473134677626405,1
11,U06,9939.867715296605,handover,109.2203356,23.0319231,212.1,2817.8838298056426,1,47.99154260513632,109.05268653223736,10.0,119.05268653223736,122.0,129.0,122.0,2.9473134677626405,1
11,U06,9949.867715296605,handover,109.2203356,23.0319231,212.1,2817.8838298056426,1,47.99154260513632,109.05268653223736,10.0,119.05268653223736,122.0,129.0,122.0,2.9473134677626405,1
11,U06,9959.867715296605,handover,109.2203356,23.0319231,212.1,2817.8838298056426,1,47.99154260513632,109.05268653223736,10.0,119.05268653223736,122.0,129.0,122.0,2.9473134677626405,1
11,U06,9969.867715296605,handover,109.2203356,23.0319231,212.1,2817.8838298056426,1,47.99154260513632,109.05268653223736,10.0,119.05268653223736,122.0,129.0,122.0,2.9473134677626405,1
11,U06,9979.867715296605,handover,109.2203356,23.0319231,212.1,2817.8838298056426,1,47.99154260513632,109.05268653223736,10.0,119.05268653223736,122.0,129.0,122.0,2.9473134677626405,1
11,U06,9989.867715296605,handover,109.2203356,23.0319231,212.1,2817.8838298056426,1,47.99154260513632,109.05268653223736,10.0,119.05268653223736,122.0,129.0,122.0,2.9473134677626405,1
11,U06,9999.867715296605,handover,109.2203356,23.0319231,212.1,2817.8838298056426,1,47.99154260513632,109.05268653223736,10.0,119.05268653223736,122.0,129.0,122.0,2.9473134677626405,1
11,U06,10009.867715296605,climb,109.2203356,23.0319231,212.1,2817.8838298056426,1,47.99154260513632,109.05268653223736,10.0,119.05268653223736,122.0,129.0,122.0,2.9473134677626405,1
11,U06,10019.867715296605,climb,109.2203356,23.0319231,242.1,2818.7290182421075,1,24.853244732795872,109.05529136380392,10.0,119.05529136380392,122.0,129.0,122.0,2.944708636196083,1
11,U06,10025.053223516006,cruise,109.2203356,23.0319231,257.6565246582031,2819.2928821949354,1,17.870349965196965,109.05702873203978,10.0,119.05702873203978,122.0,129.0,122.0,2.9429712679602176,1
11,U06,10035.053223516006,cruise,109.22089553334145,23.030676434859576,257.6565246582031,2669.415217922872,1,16.950321668989204,108.58254747391908,10.0,118.58254747391908,122.0,129.0,122.0,3.417452526080922,1
11,U06,10045.053223516006,cruise,109.22145546668288,23.029429769719147,257.6565246582031,2519.5516975303394,1,15.920766194661468,108.08069031169805,10.0,118.08069031169805,122.0,129.0,122.0,3.9193096883019507,1
11,U06,10055.053223516006,cruise,109.22201540002433,23.028183104578723,257.6565246582031,2369.7050429185038,1,14.760887242570732,107.54811068941518,10.0,117.54811068941518,122.0,129.0,122.0,4.451889310584818,1
11,U06,10065.053223516006,cruise,109.22257533336577,23.0269364394383,257.6565246582031,2219.878710577863,1,13.444267891548805,106.98080975778764,10.0,116.98080975778764,122.0,129.0,122.0,5.01919024221236,1
11,U06,10075.053223516006,cruise,109.22313526670722,23.025689774297874,257.6565246582031,2070.0771571416203,1,11.936834141828001,106.37395549502608,10.0,116.37395549502608,122.0,129.0,122.0,5.626044504973919,1
11,U06,10085.053223516006,cruise,109.22369520004867,23.024443109157446,257.6565246582031,1920.306229020934,1,10.193863868713379,105.72163464756623,10.0,115.72163464756623,122.0,129.0,122.0,6.278365352433767,1
11,U06,10095.053223516006,cruise,109.2242551333901,23.02319644401702,257.6565246582031,1770.5737493857212,1,8.15547490524034,105.01650525542796,10.0,115.01650525542796,122.0,129.0,122.0,6.983494744572042,1
11,U06,10105.053223516006,cruise,109.22481506673155,23.021949778876596,257.6565246582031,1620.8904297127497,1,5.739606504087078,104.24929799512014,10.0,114.24929799512014,122.0,129.0,122.0,7.750702004879855,1
11,U06,10115.053223516006,cruise,109.225375000073,23.020703113736168,257.6565246582031,1471.2713362244315,1,2.8307037353515625,103.40808031404659,10.0,113.40808031404659,122.0,129.0,122.0,8.591919685953414,1
11,U06,10125.053223516006,cruise,109.22593493341444,23.019456448595744,257.6565246582031,1321.7383489955478,0,-0.739313299005687,102.47713465077803,0.0,102.47713465077803,122.0,129.0,122.0,19.522865349221973,1
11,U06,10135.053223516006,cruise,109.22649486675589,23.01820978345532,257.6565246582031,1172.3244954145716,0,-5.224719316531434,101.43518162524822,0.0,101.43518162524822,122.0,129.0,122.0,20.56481837475178,1
11,U06,10145.053223516006,cruise,109.22705480009732,23.01696311831489,257.6565246582031,1023.0820617173725,0,-11.029362398035374,100.25243423421699,0.0,100.25243423421699,122.0,129.0,122.0,21.74756576578301,1
11,U06,10155.053223516006,cruise,109.22761473343877,23.015716453174466,257.6565246582031,874.0989604998911,0,-18.835606542126868,98.88543690948482,0.0,98.88543690948482,122.0,129.0,122.0,23.114563090515176,1
11,U06,10165.053223516006,cruise,109.22817466678022,23.01446978803404,257.6565246582031,725.5350907574243,0,-20.413627751668287,97.2673932759449,0.0,97.2673932759449,122.0,129.0,122.0,24.732606724055103,1
11,U06,10175.053223516006,cruise,109.22873460012165,23.013223122893617,257.6565246582031,577.7141271161762,0,-21.016459575452302,95.2884845878156,0.0,95.2884845878156,122.0,129.0,122.0,26.711515412184397,1
11,U06,10185.053223516006,cruise,109.2292945334631,23.01197645775319,257.6565246582031,431.4006364405879,0,-22.049885559082014,92.75184046376901,0.0,92.75184046376901,122.0,129.0,122.0,29.248159536230986,1
11,U06,10195.053223516006,cruise,109.22985446680455,23.010729792612764,257.6565246582031,288.89451256971796,0,-24.23156263563368,89.26901068784677,0.0,89.26901068784677,122.0,129.0,122.0,32.73098931215323,1
11,U06,10205.053223516006,cruise,109.23041440014599,23.00948312747234,257.6565246582031,160.6685581790548,0,-31.867432403564436,84.1728427621126,0.0,84.1728427621126,122.0,129.0,122.0,37.827157237887405,1
11,U06,10212.86307911209,descend,109.2308517,23.0085095,257.6565246582031,109.95652465820314,0,0.0,80.87864493135716,0.0,80.87864493135716,122.0,129.0,122.0,41.12135506864284,1
11,U06,10222.86307911209,descend,109.2308517,23.0085095,232.65652465820312,84.95652465820314,0,0.0,78.63815959997909,0.0,78.63815959997909,122.0,129.0,122.0,43.36184040002091,1
11,U06,10232.86307911209,descend,109.2308517,23.0085095,207.65652465820312,59.956524658203136,0,0.0,75.61095386028273,0.0,75.61095386028273,122.0,129.0,122.0,46.389046139717266,1
11,U06,10242.86307911209,descend,109.2308517,23.0085095,182.65652465820312,34.956524658203136,0,0.0,70.9247898141715,0.0,70.9247898141715,122.0,129.0,122.0,51.075210185828496,1
11,U06,10252.86307911209,descend,109.2308517,23.0085095,157.65652465820312,9.956524658203136,0,0.0,60.01638030722392,0.0,60.01638030722392,122.0,129.0,122.0,61.98361969277608,1
11,U06,10262.86307911209,descend,109.2308517,23.0085095,132.65652465820312,15.043475341796864,0,0.0,63.60118840430471,0.0,63.60118840430471,122.0,129.0,122.0,58.39881159569529,1
11,U06,10264.845688975372,descend,109.2308517,23.0085095,127.69999999999999,20.0,0,0.0,66.07482474751174,0.0,66.07482474751174,122.0,129.0,122.0,55.92517525248826,1
12,U07,0.0,setup,109.2308517,23.0085095,127.7,19.999999999999986,0,0.0,66.07482474751174,0.0,66.07482474751174,122.0,129.0,122.0,55.92517525248826,1
12,U07,10.0,setup,109.2308517,23.0085095,127.7,19.999999999999986,0,0.0,66.07482474751174,0.0,66.07482474751174,122.0,129.0,122.0,55.92517525248826,1
12,U07,20.0,setup,109.2308517,23.0085095,127.7,19.999999999999986,0,0.0,66.07482474751174,0.0,66.07482474751174,122.0,129.0,122.0,55.92517525248826,1
12,U07,30.0,setup,109.2308517,23.0085095,127.7,19.999999999999986,0,0.0,66.07482474751174,0.0,66.07482474751174,122.0,129.0,122.0,55.92517525248826,1
12,U07,40.0,setup,109.2308517,23.0085095,127.7,19.999999999999986,0,0.0,66.07482474751174,0.0,66.07482474751174,122.0,129.0,122.0,55.92517525248826,1
12,U07,50.0,setup,109.2308517,23.0085095,127.7,19.999999999999986,0,0.0,66.07482474751174,0.0,66.07482474751174,122.0,129.0,122.0,55.92517525248826,1
12,U07,60.0,setup,109.2308517,23.0085095,127.7,19.999999999999986,0,0.0,66.07482474751174,0.0,66.07482474751174,122.0,129.0,122.0,55.92517525248826,1
12,U07,70.0,setup,109.2308517,23.0085095,127.7,19.999999999999986,0,0.0,66.07482474751174,0.0,66.07482474751174,122.0,129.0,122.0,55.92517525248826,1
12,U07,80.0,setup,109.2308517,23.0085095,127.7,19.999999999999986,0,0.0,66.07482474751174,0.0,66.07482474751174,122.0,129.0,122.0,55.92517525248826,1
12,U07,90.0,setup,109.2308517,23.0085095,127.7,19.999999999999986,0,0.0,66.07482474751174,0.0,66.07482474751174,122.0,129.0,122.0,55.92517525248826,1
12,U07,100.0,setup,109.2308517,23.0085095,127.7,19.999999999999986,0,0.0,66.07482474751174,0.0,66.07482474751174,122.0,129.0,122.0,55.92517525248826,1
12,U07,110.0,setup,109.2308517,23.0085095,127.7,19.999999999999986,0,0.0,66.07482474751174,0.0,66.07482474751174,122.0,129.0,122.0,55.92517525248826,1
12,U07,120.0,setup,109.2308517,23.0085095,127.7,19.999999999999986,0,0.0,66.07482474751174,0.0,66.07482474751174,122.0,129.0,122.0,55.92517525248826,1
12,U07,130.0,setup,109.2308517,23.0085095,127.7,19.999999999999986,0,0.0,66.07482474751174,0.0,66.07482474751174,122.0,129.0,122.0,55.92517525248826,1
12,U07,140.0,setup,109.2308517,23.0085095,127.7,19.999999999999986,0,0.0,66.07482474751174,0.0,66.07482474751174,122.0,129.0,122.0,55.92517525248826,1
12,U07,150.0,setup,109.2308517,23.0085095,127.7,19.999999999999986,0,0.0,66.07482474751174,0.0,66.07482474751174,122.0,129.0,122.0,55.92517525248826,1
12,U07,160.0,setup,109.2308517,23.0085095,127.7,19.999999999999986,0,0.0,66.07482474751174,0.0,66.07482474751174,122.0,129.0,122.0,55.92517525248826,1
12,U07,170.0,setup,109.2308517,23.0085095,127.7,19.999999999999986,0,0.0,66.07482474751174,0.0,66.07482474751174,122.0,129.0,122.0,55.92517525248826,1
12,U07,180.0,setup,109.2308517,23.0085095,127.7,19.999999999999986,0,0.0,66.07482474751174,0.0,66.07482474751174,122.0,129.0,122.0,55.92517525248826,1
12,U07,190.0,setup,109.2308517,23.0085095,127.7,19.999999999999986,0,0.0,66.07482474751174,0.0,66.07482474751174,122.0,129.0,122.0,55.92517525248826,1
12,U07,200.0,setup,109.2308517,23.0085095,127.7,19.999999999999986,0,0.0,66.07482474751174,0.0,66.07482474751174,122.0,129.0,122.0,55.92517525248826,1
12,U07,210.0,setup,109.2308517,23.0085095,127.7,19.999999999999986,0,0.0,66.07482474751174,0.0,66.07482474751174,122.0,129.0,122.0,55.92517525248826,1
12,U07,220.0,setup,109.2308517,23.0085095,127.7,19.999999999999986,0,0.0,66.07482474751174,0.0,66.07482474751174,122.0,129.0,122.0,55.92517525248826,1
12,U07,230.0,setup,109.2308517,23.0085095,127.7,19.999999999999986,0,0.0,66.07482474751174,0.0,66.07482474751174,122.0,129.0,122.0,55.92517525248826,1
12,U07,240.0,setup,109.2308517,23.0085095,127.7,19.999999999999986,0,0.0,66.07482474751174,0.0,66.07482474751174,122.0,129.0,122.0,55.92517525248826,1
12,U07,250.0,setup,109.2308517,23.0085095,127.7,19.999999999999986,0,0.0,66.07482474751174,0.0,66.07482474751174,122.0,129.0,122.0,55.92517525248826,1
12,U07,260.0,setup,109.2308517,23.0085095,127.7,19.999999999999986,0,0.0,66.07482474751174,0.0,66.07482474751174,122.0,129.0,122.0,55.92517525248826,1
12,U07,270.0,setup,109.2308517,23.0085095,127.7,19.999999999999986,0,0.0,66.07482474751174,0.0,66.07482474751174,122.0,129.0,122.0,55.92517525248826,1
12,U07,280.0,setup,109.2308517,23.0085095,127.7,19.999999999999986,0,0.0,66.07482474751174,0.0,66.07482474751174,122.0,129.0,122.0,55.92517525248826,1
12,U07,290.0,setup,109.2308517,23.0085095,127.7,19.999999999999986,0,0.0,66.07482474751174,0.0,66.07482474751174,122.0,129.0,122.0,55.92517525248826,1
12,U07,300.0,setup,109.2308517,23.0085095,127.7,19.999999999999986,0,0.0,66.07482474751174,0.0,66.07482474751174,122.0,129.0,122.0,55.92517525248826,1
12,U07,310.0,setup,109.2308517,23.0085095,127.7,19.999999999999986,0,0.0,66.07482474751174,0.0,66.07482474751174,122.0,129.0,122.0,55.92517525248826,1
12,U07,320.0,setup,109.2308517,23.0085095,127.7,19.999999999999986,0,0.0,66.07482474751174,0.0,66.07482474751174,122.0,129.0,122.0,55.92517525248826,1
12,U07,330.0,setup,109.2308517,23.0085095,127.7,19.999999999999986,0,0.0,66.07482474751174,0.0,66.07482474751174,122.0,129.0,122.0,55.92517525248826,1
12,U07,340.0,setup,109.2308517,23.0085095,127.7,19.999999999999986,0,0.0,66.07482474751174,0.0,66.07482474751174,122.0,129.0,122.0,55.92517525248826,1
12,U07,350.0,setup,109.2308517,23.0085095,127.7,19.999999999999986,0,0.0,66.07482474751174,0.0,66.07482474751174,122.0,129.0,122.0,55.92517525248826,1
12,U07,360.0,setup,109.2308517,23.0085095,127.7,19.999999999999986,0,0.0,66.07482474751174,0.0,66.07482474751174,122.0,129.0,122.0,55.92517525248826,1
12,U07,370.0,setup,109.2308517,23.0085095,127.7,19.999999999999986,0,0.0,66.07482474751174,0.0,66.07482474751174,122.0,129.0,122.0,55.92517525248826,1
12,U07,380.0,setup,109.2308517,23.0085095,127.7,19.999999999999986,0,0.0,66.07482474751174,0.0,66.07482474751174,122.0,129.0,122.0,55.92517525248826,1
12,U07,390.0,setup,109.2308517,23.0085095,127.7,19.999999999999986,0,0.0,66.07482474751174,0.0,66.07482474751174,122.0,129.0,122.0,55.92517525248826,1
12,U07,400.0,setup,109.2308517,23.0085095,127.7,19.999999999999986,0,0.0,66.07482474751174,0.0,66.07482474751174,122.0,129.0,122.0,55.92517525248826,1
12,U07,410.0,setup,109.2308517,23.0085095,127.7,19.999999999999986,0,0.0,66.07482474751174,0.0,66.07482474751174,122.0,129.0,122.0,55.92517525248826,1
12,U07,420.0,setup,109.2308517,23.0085095,127.7,19.999999999999986,0,0.0,66.07482474751174,0.0,66.07482474751174,122.0,129.0,122.0,55.92517525248826,1
12,U07,430.0,setup,109.2308517,23.0085095,127.7,19.999999999999986,0,0.0,66.07482474751174,0.0,66.07482474751174,122.0,129.0,122.0,55.92517525248826,1
12,U07,440.0,setup,109.2308517,23.0085095,127.7,19.999999999999986,0,0.0,66.07482474751174,0.0,66.07482474751174,122.0,129.0,122.0,55.92517525248826,1
12,U07,450.0,setup,109.2308517,23.0085095,127.7,19.999999999999986,0,0.0,66.07482474751174,0.0,66.07482474751174,122.0,129.0,122.0,55.92517525248826,1
12,U07,460.0,setup,109.2308517,23.0085095,127.7,19.999999999999986,0,0.0,66.07482474751174,0.0,66.07482474751174,122.0,129.0,122.0,55.92517525248826,1
12,U07,470.0,setup,109.2308517,23.0085095,127.7,19.999999999999986,0,0.0,66.07482474751174,0.0,66.07482474751174,122.0,129.0,122.0,55.92517525248826,1
12,U07,480.0,setup,109.2308517,23.0085095,127.7,19.999999999999986,0,0.0,66.07482474751174,0.0,66.07482474751174,122.0,129.0,122.0,55.92517525248826,1
12,U07,490.0,setup,109.2308517,23.0085095,127.7,19.999999999999986,0,0.0,66.07482474751174,0.0,66.07482474751174,122.0,129.0,122.0,55.92517525248826,1
12,U07,500.0,setup,109.2308517,23.0085095,127.7,19.999999999999986,0,0.0,66.07482474751174,0.0,66.07482474751174,122.0,129.0,122.0,55.92517525248826,1
12,U07,510.0,climb,109.2308517,23.0085095,127.7,19.999999999999986,0,0.0,66.07482474751174,0.0,66.07482474751174,122.0,129.0,122.0,55.92517525248826,1
12,U07,520.0,climb,109.2308517,23.0085095,152.70000000000002,5.000000000000028,0,0.0,54.03362492095255,0.0,54.03362492095255,122.0,129.0,122.0,67.96637507904745,1
12,U07,530.0,climb,109.2308517,23.0085095,177.70000000000002,30.00000000000003,0,0.0,69.59664992862537,0.0,69.59664992862537,122.0,129.0,122.0,52.40335007137463,1
12,U07,540.0,climb,109.2308517,23.0085095,202.7,55.0,0,0.0,74.861478624117,0.0,74.861478624117,122.0,129.0,122.0,47.138521375883,1
12,U07,550.0,climb,109.2308517,23.0085095,227.70000000000002,80.00000000000003,0,0.0,78.11602457407099,0.0,78.11602457407099,122.0,129.0,122.0,43.88397542592901,1
12,U07,560.0,climb,109.2308517,23.0085095,252.7,105.0,0,0.0,80.47801081563088,0.0,80.47801081563088,122.0,129.0,122.0,41.52198918436912,1
12,U07,570.0,climb,109.2308517,23.0085095,277.7,130.0,0,0.0,82.33309188036885,0.0,82.33309188036885,122.0,129.0,122.0,39.666908119631145,1
12,U07,571.5931567382812,cruise,109.2308517,23.0085095,281.6828918457031,133.98289184570314,0,0.0,82.59521177893872,0.0,82.59521177893872,122.0,129.0,122.0,39.40478822106128,1
12,U07,581.5931567382812,cruise,109.23145789759062,23.009737701111835,281.6828918457031,201.12706466839157,0,-29.075514359907658,86.1236351417672,0.0,86.1236351417672,122.0,129.0,122.0,35.876364858232805,1
12,U07,591.5931567382812,cruise,109.23206409518122,23.01096590222367,281.6828918457031,328.563537958835,0,-23.275389171781995,90.38661216095451,0.0,90.38661216095451,122.0,129.0,122.0,31.613387839045487,1
12,U07,601.5931567382812,cruise,109.23267029277183,23.012194103335506,281.6828918457031,469.5283932239321,0,-21.217280234059956,93.4874620334794,0.0,93.4874620334794,122.0,129.0,122.0,28.512537966520597,1
12,U07,611.5931567382812,cruise,109.23327649036244,23.013422304447342,281.6828918457031,614.7850246739863,0,-20.16312687571454,95.82869043691956,0.0,95.82869043691956,122.0,129.0,122.0,26.17130956308044,1
12,U07,621.5931567382812,cruise,109.23388268795304,23.014650505559178,281.6828918457031,761.8824920819044,0,-19.522366991230086,97.69198470785581,0.0,97.69198470785581,122.0,129.0,122.0,24.30801529214419,1
12,U07,631.5931567382812,cruise,109.23448888554366,23.015878706671014,281.6828918457031,909.9283583164173,0,-19.091692314773297,99.2343688386175,0.0,99.2343688386175,122.0,129.0,122.0,22.7656311613825,1
12,U07,641.5931567382812,cruise,109.23509508313425,23.01710690778285,281.6828918457031,1058.52466802616,0,-18.782334448586028,100.54824450104425,0.0,100.54824450104425,122.0,129.0,122.0,21.451755498955748,1
12,U07,651.5931567382812,cruise,109.23570128072487,23.018335108894686,281.6828918457031,1207.4681312819096,0,-18.284375678168402,101.69173837895892,0.0,101.69173837895892,122.0,129.0,122.0,20.308261621041083,1
12,U07,661.5931567382812,cruise,109.23630747831548,23.01956331000652,281.6828918457031,1356.6443353508364,0,-16.64844293279961,102.70354494969375,0.0,102.70354494969375,122.0,129.0,122.0,19.29645505030625,1
12,U07,671.5931567382812,cruise,109.23691367590608,23.020791511118357,281.6828918457031,1505.9840491138216,0,-9.991049587136445,103.61063227393565,0.0,103.61063227393565,122.0,129.0,122.0,18.38936772606435,1
12,U07,681.5931567382812,cruise,109.2375198734967,23.022019712230193,281.6828918457031,1655.442958341826,0,-3.8960290857263544,104.43250925113516,0.0,104.43250925113516,122.0,129.0,122.0,17.56749074886484,1
12,U07,691.5931567382812,cruise,109.23812607108731,23.02324791334203,281.6828918457031,1804.9913957293961,1,1.1915500104919943,105.18372755412216,10.0,115.18372755412216,122.0,129.0,122.0,6.816272445877843,1
12,U07,701.5931567382812,cruise,109.23873226867791,23.024476114453865,281.6828918457031,1954.6087579803655,1,0.9568143189408715,105.87542164171457,10.0,115.87542164171457,122.0,129.0,122.0,6.124578358285433,1
12,U07,711.5931567382812,cruise,109.23933846626852,23.0257043155657,281.6828918457031,2104.2802931777865,1,4.51112199066381,106.51629659398759,10.0,116.51629659398759,122.0,129.0,122.0,5.48370340601241,1
12,U07,721.5931567382812,cruise,109.23994466385912,23.026932516677537,281.6828918457031,2253.9951629633383,1,7.59466043434395,107.11328442867713,10.0,117.11328442867713,122.0,129.0,122.0,4.886715571322867,1
12,U07,731.5931567382812,cruise,109.24055086144973,23.028160717789373,281.6828918457031,2403.745226421181,1,10.295150624150835,107.67199352993977,10.0,117.67199352993977,122.0,129.0,122.0,4.328006470060231,1
12,U07,741.5931567382812,cruise,109.24115705904035,23.02938891890121,281.6828918457031,2553.524250605863,1,12.679794008132319,108.19702456762114,10.0,118.19702456762114,122.0,129.0,122.0,3.802975432378858,1
12,U07,751.5931567382812,cruise,109.24176325663095,23.030617120013044,281.6828918457031,2703.327382846166,1,17.42212586798064,108.69219770495039,10.0,118.69219770495039,122.0,129.0,122.0,3.307802295049612,1
12,U07,761.5931567382812,cruise,109.24236945422156,23.03184532112488,281.6828918457031,2853.150788916253,1,19.55369829906843,109.16071932845841,10.0,119.16071932845841,122.0,129.0,122.0,2.8392806715415873,1
12,U07,771.5931567382812,cruise,109.24297565181217,23.03307352223672,281.6828918457031,3002.991399299759,1,21.473173970844016,109.60530660147512,10.0,119.60530660147512,122.0,129.0,122.0,2.394693398524879,1
12,U07,775.8202964003343,descend,109.2432319,23.0335927,281.6828918457031,3066.335670565073,1,22.188529782178932,109.7866187375844,10.0,119.7866187375844,122.0,129.0,122.0,2.213381262415595,1
12,U07,785.8202964003343,descend,109.2432319,23.0335927,261.6828918457031,3065.5268925432583,1,27.554383440715526,109.78432744138928,10.0,119.78432744138928,122.0,129.0,122.0,2.21567255861072,1
12,U07,795.8202964003343,descend,109.2432319,23.0335927,241.68289184570312,3064.84841602845,1,32.92023709925212,109.78240482756645,10.0,119.78240482756645,122.0,129.0,122.0,2.2175951724335476,1
12,U07,805.8202964003343,descend,109.2432319,23.0335927,221.68289184570312,3064.300327572066,1,38.286090757788685,109.78085138644244,10.0,119.78085138644244,122.0,129.0,122.0,2.2191486135575644,1
12,U07,815.8202964003343,descend,109.2432319,23.0335927,201.68289184570312,3063.8826971482513,1,43.65194441632528,109.77966751456337,10.0,119.77966751456337,122.0,129.0,122.0,2.2203324854366286,1
12,U07,824.6617423231859,handover,109.2432319,23.0335927,184.0,3063.62215674068,1,52.51417108303164,109.77892886962331,10.0,119.77892886962331,122.0,129.0,122.0,2.2210711303766857,1
12,U07,834.6617423231859,handover,109.2432319,23.0335927,184.0,3063.62215674068,1,52.51417108303164,109.77892886962331,10.0,119.77892886962331,122.0,129.0,122.0,2.2210711303766857,1
12,U07,844.6617423231859,handover,109.2432319,23.0335927,184.0,3063.62215674068,1,52.51417108303164,109.77892886962331,10.0,119.77892886962331,122.0,129.0,122.0,2.2210711303766857,1
12,U07,854.6617423231859,handover,109.2432319,23.0335927,184.0,3063.62215674068,1,52.51417108303164,109.77892886962331,10.0,119.77892886962331,122.0,129.0,122.0,2.2210711303766857,1
12,U07,864.6617423231859,handover,109.2432319,23.0335927,184.0,3063.62215674068,1,52.51417108303164,109.77892886962331,10.0,119.77892886962331,122.0,129.0,122.0,2.2210711303766857,1
12,U07,874.6617423231859,handover,109.2432319,23.0335927,184.0,3063.62215674068,1,52.51417108303164,109.77892886962331,10.0,119.77892886962331,122.0,129.0,122.0,2.2210711303766857,1
12,U07,884.6617423231859,handover,109.2432319,23.0335927,184.0,3063.62215674068,1,52.51417108303164,109.77892886962331,10.0,119.77892886962331,122.0,129.0,122.0,2.2210711303766857,1
12,U07,894.6617423231859,handover,109.2432319,23.0335927,184.0,3063.62215674068,1,52.51417108303164,109.77892886962331,10.0,119.77892886962331,122.0,129.0,122.0,2.2210711303766857,1
12,U07,904.6617423231859,handover,109.2432319,23.0335927,184.0,3063.62215674068,1,52.51417108303164,109.77892886962331,10.0,119.77892886962331,122.0,129.0,122.0,2.2210711303766857,1
12,U07,914.6617423231859,handover,109.2432319,23.0335927,184.0,3063.62215674068,1,52.51417108303164,109.77892886962331,10.0,119.77892886962331,122.0,129.0,122.0,2.2210711303766857,1
12,U07,924.6617423231859,handover,109.2432319,23.0335927,184.0,3063.62215674068,1,52.51417108303164,109.77892886962331,10.0,119.77892886962331,122.0,129.0,122.0,2.2210711303766857,1
12,U07,934.6617423231859,handover,109.2432319,23.0335927,184.0,3063.62215674068,1,52.51417108303164,109.77892886962331,10.0,119.77892886962331,122.0,129.0,122.0,2.2210711303766857,1
12,U07,944.6617423231859,handover,109.2432319,23.0335927,184.0,3063.62215674068,1,52.51417108303164,109.77892886962331,10.0,119.77892886962331,122.0,129.0,122.0,2.2210711303766857,1
12,U07,954.6617423231859,handover,109.2432319,23.0335927,184.0,3063.62215674068,1,52.51417108303164,109.77892886962331,10.0,119.77892886962331,122.0,129.0,122.0,2.2210711303766857,1
12,U07,964.6617423231859,handover,109.2432319,23.0335927,184.0,3063.62215674068,1,52.51417108303164,109.77892886962331,10.0,119.77892886962331,122.0,129.0,122.0,2.2210711303766857,1
12,U07,974.6617423231859,handover,109.2432319,23.0335927,184.0,3063.62215674068,1,52.51417108303164,109.77892886962331,10.0,119.77892886962331,122.0,129.0,122.0,2.2210711303766857,1
12,U07,984.6617423231859,handover,109.2432319,23.0335927,184.0,3063.62215674068,1,52.51417108303164,109.77892886962331,10.0,119.77892886962331,122.0,129.0,122.0,2.2210711303766857,1
12,U07,994.6617423231859,handover,109.2432319,23.0335927,184.0,3063.62215674068,1,52.51417108303164,109.77892886962331,10.0,119.77892886962331,122.0,129.0,122.0,2.2210711303766857,1
12,U07,1004.6617423231859,handover,109.2432319,23.0335927,184.0,3063.62215674068,1,52.51417108303164,109.77892886962331,10.0,119.77892886962331,122.0,129.0,122.0,2.2210711303766857,1
12,U07,1014.6617423231859,handover,109.2432319,23.0335927,184.0,3063.62215674068,1,52.51417108303164,109.77892886962331,10.0,119.77892886962331,122.0,129.0,122.0,2.2210711303766857,1
12,U07,1024.661742323186,handover,109.2432319,23.0335927,184.0,3063.62215674068,1,52.51417108303164,109.77892886962331,10.0,119.77892886962331,122.0,129.0,122.0,2.2210711303766857,1
12,U07,1034.661742323186,handover,109.2432319,23.0335927,184.0,3063.62215674068,1,52.51417108303164,109.77892886962331,10.0,119.77892886962331,122.0,129.0,122.0,2.2210711303766857,1
12,U07,1044.661742323186,handover,109.2432319,23.0335927,184.0,3063.62215674068,1,52.51417108303164,109.77892886962331,10.0,119.77892886962331,122.0,129.0,122.0,2.2210711303766857,1
12,U07,1054.661742323186,handover,109.2432319,23.0335927,184.0,3063.62215674068,1,52.51417108303164,109.77892886962331,10.0,119.77892886962331,122.0,129.0,122.0,2.2210711303766857,1
12,U07,1064.661742323186,handover,109.2432319,23.0335927,184.0,3063.62215674068,1,52.51417108303164,109.77892886962331,10.0,119.77892886962331,122.0,129.0,122.0,2.2210711303766857,1
12,U07,1074.661742323186,handover,109.2432319,23.0335927,184.0,3063.62215674068,1,52.51417108303164,109.77892886962331,10.0,119.77892886962331,122.0,129.0,122.0,2.2210711303766857,1
12,U07,1076.661742323186,climb,109.2432319,23.0335927,184.0,3063.62215674068,1,52.51417108303164,109.77892886962331,10.0,119.77892886962331,122.0,129.0,122.0,2.2210711303766857,1
12,U07,1086.661742323186,climb,109.2432319,23.0335927,209.0,3064.020352294093,1,41.6888178383432,109.78005774834986,10.0,119.78005774834986,122.0,129.0,122.0,2.2199422516501386,1
12,U07,1096.661742323186,climb,109.2432319,23.0335927,234.0,3064.6224431848727,1,34.981500765172456,109.78176438886416,10.0,119.78176438886416,122.0,129.0,122.0,2.218235611135839,1
12,U07,1106.661742323186,climb,109.2432319,23.0335927,259.0,3065.4283092697533,1,28.274183692001714,109.78404811022287,10.0,119.78404811022287,122.0,129.0,122.0,2.2159518897771306,1
12,U07,1116.661742323186,climb,109.2432319,23.0335927,284.0,3066.4377898911334,1,21.566866618831,109.78690800220566,10.0,119.78690800220566,122.0,129.0,122.0,2.2130919977943364,1
12,U07,1116.792211073186,cruise,109.2432319,23.0335927,284.326171875,3066.452305207703,1,21.47935709139196,109.78694911771102,10.0,119.78694911771102,122.0,129.0,122.0,2.2130508822889823,1
12,U07,1126.792211073186,cruise,109.24375714376505,23.03485213306547,284.326171875,3216.0559528549165,1,19.934494714071604,110.20069675394913,10.0,120.20069675394913,122.0,129.0,122.0,1.7993032460508687,1
12,U07,1136.792211073186,cruise,109.2442823875301,23.036111566130945,284.326171875,3365.694874282384,1,21.318408393012163,110.59571966107467,10.0,120.59571966107467,122.0,129.0,122.0,1.4042803389253322,1
12,U07,1146.792211073186,cruise,109.24480763129516,23.037370999196416,284.326171875,3515.3645419252225,1,22.584542184383338,110.97363219140574,10.0,120.97363219140574,122.0,129.0,122.0,1.0263678085942587,1
12,U07,1156.792211073186,cruise,109.24533287506021,23.038630432261886,284.326171875,3665.061166929124,1,23.747318115234407,111.33584937551106,10.0,121.33584937551106,122.0,129.0,122.0,0.6641506244889399,1
12,U07,1166.792211073186,cruise,109.24585811882527,23.03988986532736,284.326171875,3814.7815545264384,1,24.818895933861825,111.6836183150175,10.0,121.6836183150175,122.0,129.0,122.0,0.3163816849825025,1
12,U07,1176.792211073186,cruise,109.24638336259032,23.04114929839283,284.326171875,3964.522992080898,1,25.80959995485705,112.0180436515701,10.0,122.0180436515701,122.0,129.0,122.0,-0.01804365157009613,0
12,U07,1186.792211073186,cruise,109.24690860635538,23.042408731458302,284.326171875,4114.283161515174,1,26.728252774325284,112.34010839983887,10.0,122.34010839983887,122.0,129.0,122.0,-0.34010839983886854,0
12,U07,1196.792211073186,cruise,109.24743385012044,23.043668164523776,284.326171875,4264.060070139265,1,27.582438729269484,112.65069111832781,10.0,122.65069111832781,122.0,129.0,122.0,-0.6506911183278135,0
12,U07,1206.792211073186,cruise,109.2479590938855,23.044927597589247,284.326171875,4413.851995527946,1,28.378713772014038,112.95058016197652,10.0,122.95058016197652,122.0,129.0,122.0,-0.950580161976518,0
12,U07,1216.792211073186,cruise,109.24848433765055,23.04618703065472,284.326171875,4563.65744123648,1,29.122774057857328,113.2404855905047,10.0,123.2404855905047,122.0,129.0,122.0,-1.2404855905047043,0
12,U07,1226.792211073186,cruise,109.2490095814156,23.047446463720192,284.326171875,4713.475100934099,1,29.819592420789945,113.52104917924379,10.0,123.52104917924379,122.0,129.0,122.0,-1.5210491792437892,0
12,U07,1236.792211073186,cruise,109.24953482518066,23.048705896785663,284.326171875,4863.303829160768,1,30.47352965369592,113.7928528832396,10.0,123.7928528832396,122.0,129.0,122.0,-1.792852883239604,0
12,U07,1246.792211073186,cruise,109.25006006894571,23.049965329851137,284.326171875,5013.1426173150485,1,31.08842585777171,114.05642603214615,10.0,124.05642603214615,122.0,129.0,122.0,-2.056426032146149,0
12,U07,1256.792211073186,cruise,109.25058531271077,23.051224762916608,284.326171875,5162.990573815874,1,31.667675905089453,114.31225147717352,10.0,124.31225147717352,122.0,129.0,122.0,-2.3122514771735183,0
12,U07,1266.792211073186,cruise,109.25111055647582,23.05248419598208,284.326171875,5312.846907618913,1,32.21429214692452,114.56077086771296,10.0,124.56077086771296,122.0,129.0,122.0,-2.560770867712961,0
12,U07,1276.792211073186,cruise,109.25163580024088,23.053743629047553,284.326171875,5462.710914439353,1,32.73095681386451,114.80238920115667,10.0,124.80238920115667,122.0,129.0,122.0,-2.8023892011566716,0
12,U07,1286.792211073186,cruise,109.25216104400593,23.055003062113023,284.326171875,5612.581965178616,1,33.22006603190104,115.03747876261954,10.0,125.03747876261954,122.0,129.0,122.0,-3.0374787626195427,0
12,U07,1296.792211073186,cruise,109.25268628777098,23.056262495178494,284.326171875,5762.459496157452,1,33.68376697887072,115.26638255001393,10.0,125.26638255001393,122.0,129.0,122.0,-3.2663825500139296,0
12,U07,1306.792211073186,cruise,109.25321153153604,23.05752192824397,284.326171875,5912.343000830025,1,34.12398939687995,115.48941726296438,10.0,125.48941726296438,122.0,129.0,122.0,-3.4894172629643805,0
12,U07,1316.792211073186,cruise,109.25373677530109,23.05878136130944,284.326171875,6062.232022725583,1,34.542472436222056,115.70687592046312,10.0,125.70687592046312,122.0,129.0,122.0,-3.706875920463119,0
12,U07,1326.792211073186,cruise,109.25426201906615,23.06004079437491,284.326171875,6212.126149413575,1,34.94078761824642,115.91903016118977,10.0,125.91903016118977,122.0,129.0,122.0,-3.9190301611897667,0
12,U07,1336.792211073186,cruise,109.2547872628312,23.061300227440384,284.326171875,6362.025007318328,1,35.320358556410866,116.1261322714981,10.0,126.1261322714981,122.0,129.0,122.0,-4.1261322714980935,0
12,U07,1346.792211073186,cruise,109.25531250659625,23.062559660505855,284.326171875,6511.928257249011,1,35.36839480345276,116.32841697881906,10.0,126.32841697881906,122.0,129.0,122.0,-4.328416978819064,0
12,U07,1356.792211073186,cruise,109.25583775036132,23.06381909357133,284.326171875,6661.835590536217,1,28.189555725783464,116.52610304227204,10.0,126.52610304227204,122.0,129.0,122.0,-4.526103042272041,0
12,U07,1366.792211073186,cruise,109.25636299412638,23.0650785266368,284.326171875,6811.746725670875,1,28.499954733376995,116.71939466734682,10.0,126.71939466734682,122.0,129.0,122.0,-4.719394667346819,0
12,U07,1376.792211073186,cruise,109.25688823789143,23.06633795970227,284.326171875,6961.661405386925,1,28.797003246020267,116.9084827674979,10.0,126.9084827674979,122.0,129.0,122.0,-4.908482767497901,0
12,U07,1386.792211073186,cruise,109.25741348165649,23.067597392767745,284.326171875,7111.579394104515,1,29.08154445286803,117.0935460920659,10.0,127.0935460920659,122.0,129.0,122.0,-5.093546092065907,0
12,U07,1396.792211073186,cruise,109.25793872542154,23.068856825833215,284.326171875,7261.500475692064,1,29.354352001701443,117.27475223716561,10.0,127.27475223716561,122.0,129.0,122.0,-5.274752237165615,0
12,U07,1406.792211073186,cruise,109.2584639691866,23.070116258898686,284.326171875,7411.424451502062,1,29.61613702330925,117.45225855380197,10.0,127.45225855380197,122.0,129.0,122.0,-5.452258553801968,0
12,U07,1408.4663064030058,descend,109.2585519,23.0703271,284.326171875,7436.523423963041,1,29.64173495384955,117.48162383906589,10.0,127.48162383906589,122.0,129.0,122.0,-5.48162383906589,0
12,U07,1418.4663064030058,descend,109.2585519,23.0703271,264.326171875,7436.1828640960675,1,31.496573663526988,117.48122605464616,10.0,127.48122605464616,122.0,129.0,122.0,-5.481226054646157,0
12,U07,1428.4663064030058,descend,109.2585519,23.0703271,244.326171875,7435.896081939351,1,34.230070643271176,117.48089107011941,10.0,127.48089107011941,122.0,129.0,122.0,-5.480891070119412,0
12,U07,1438.4663064030058,descend,109.2585519,23.0703271,224.326171875,7435.663083715264,1,50.64136096585182,117.48061890002106,10.0,127.48061890002106,122.0,129.0,122.0,-5.480618900021057,0
12,U07,1440.8793923405058,handover,109.2585519,23.0703271,219.5,7435.614915009368,1,54.601546355216726,117.48056263208451,10.0,127.48056263208451,122.0,129.0,122.0,-5.4805626320845136,0
12,U07,1450.8793923405058,handover,109.2585519,23.0703271,219.5,7435.614915009368,1,54.601546355216726,117.48056263208451,10.0,127.48056263208451,122.0,129.0,122.0,-5.4805626320845136,0
12,U07,1460.8793923405058,handover,109.2585519,23.0703271,219.5,7435.614915009368,1,54.601546355216726,117.48056263208451,10.0,127.48056263208451,122.0,129.0,122.0,-5.4805626320845136,0
12,U07,1470.8793923405058,handover,109.2585519,23.0703271,219.5,7435.614915009368,1,54.601546355216726,117.48056263208451,10.0,127.48056263208451,122.0,129.0,122.0,-5.4805626320845136,0
12,U07,1480.8793923405058,handover,109.2585519,23.0703271,219.5,7435.614915009368,1,54.601546355216726,117.48056263208451,10.0,127.48056263208451,122.0,129.0,122.0,-5.4805626320845136,0
12,U07,1490.8793923405058,handover,109.2585519,23.0703271,219.5,7435.614915009368,1,54.601546355216726,117.48056263208451,10.0,127.48056263208451,122.0,129.0,122.0,-5.4805626320845136,0
12,U07,1500.8793923405058,handover,109.2585519,23.0703271,219.5,7435.614915009368,1,54.601546355216726,117.48056263208451,10.0,127.48056263208451,122.0,129.0,122.0,-5.4805626320845136,0
12,U07,1510.8793923405058,handover,109.2585519,23.0703271,219.5,7435.614915009368,1,54.601546355216726,117.48056263208451,10.0,127.48056263208451,122.0,129.0,122.0,-5.4805626320845136,0
12,U07,1520.8793923405058,handover,109.2585519,23.0703271,219.5,7435.614915009368,1,54.601546355216726,117.48056263208451,10.0,127.48056263208451,122.0,129.0,122.0,-5.4805626320845136,0
12,U07,1530.8793923405058,handover,109.2585519,23.0703271,219.5,7435.614915009368,1,54.601546355216726,117.48056263208451,10.0,127.48056263208451,122.0,129.0,122.0,-5.4805626320845136,0
12,U07,1540.8793923405058,handover,109.2585519,23.0703271,219.5,7435.614915009368,1,54.601546355216726,117.48056263208451,10.0,127.48056263208451,122.0,129.0,122.0,-5.4805626320845136,0
12,U07,1550.8793923405058,handover,109.2585519,23.0703271,219.5,7435.614915009368,1,54.601546355216726,117.48056263208451,10.0,127.48056263208451,122.0,129.0,122.0,-5.4805626320845136,0
12,U07,1560.8793923405058,handover,109.2585519,23.0703271,219.5,7435.614915009368,1,54.601546355216726,117.48056263208451,10.0,127.48056263208451,122.0,129.0,122.0,-5.4805626320845136,0
12,U07,1570.8793923405058,handover,109.2585519,23.0703271,219.5,7435.614915009368,1,54.601546355216726,117.48056263208451,10.0,127.48056263208451,122.0,129.0,122.0,-5.4805626320845136,0
12,U07,1580.8793923405058,handover,109.2585519,23.0703271,219.5,7435.614915009368,1,54.601546355216726,117.48056263208451,10.0,127.48056263208451,122.0,129.0,122.0,-5.4805626320845136,0
12,U07,1590.8793923405058,handover,109.2585519,23.0703271,219.5,7435.614915009368,1,54.601546355216726,117.48056263208451,10.0,127.48056263208451,122.0,129.0,122.0,-5.4805626320845136,0
12,U07,1600.8793923405058,handover,109.2585519,23.0703271,219.5,7435.614915009368,1,54.601546355216726,117.48056263208451,10.0,127.48056263208451,122.0,129.0,122.0,-5.4805626320845136,0
12,U07,1610.8793923405058,handover,109.2585519,23.0703271,219.5,7435.614915009368,1,54.601546355216726,117.48056263208451,10.0,127.48056263208451,122.0,129.0,122.0,-5.4805626320845136,0
12,U07,1620.8793923405058,handover,109.2585519,23.0703271,219.5,7435.614915009368,1,54.601546355216726,117.48056263208451,10.0,127.48056263208451,122.0,129.0,122.0,-5.4805626320845136,0
12,U07,1630.8793923405058,handover,109.2585519,23.0703271,219.5,7435.614915009368,1,54.601546355216726,117.48056263208451,10.0,127.48056263208451,122.0,129.0,122.0,-5.4805626320845136,0
12,U07,1640.8793923405058,handover,109.2585519,23.0703271,219.5,7435.614915009368,1,54.601546355216726,117.48056263208451,10.0,127.48056263208451,122.0,129.0,122.0,-5.4805626320845136,0
12,U07,1650.8793923405058,handover,109.2585519,23.0703271,219.5,7435.614915009368,1,54.601546355216726,117.48056263208451,10.0,127.48056263208451,122.0,129.0,122.0,-5.4805626320845136,0
12,U07,1660.8793923405058,handover,109.2585519,23.0703271,219.5,7435.614915009368,1,54.601546355216726,117.48056263208451,10.0,127.48056263208451,122.0,129.0,122.0,-5.4805626320845136,0
12,U07,1670.8793923405058,handover,109.2585519,23.0703271,219.5,7435.614915009368,1,54.601546355216726,117.48056263208451,10.0,127.48056263208451,122.0,129.0,122.0,-5.4805626320845136,0
12,U07,1680.8793923405058,handover,109.2585519,23.0703271,219.5,7435.614915009368,1,54.601546355216726,117.48056263208451,10.0,127.48056263208451,122.0,129.0,122.0,-5.4805626320845136,0
12,U07,1690.8793923405058,handover,109.2585519,23.0703271,219.5,7435.614915009368,1,54.601546355216726,117.48056263208451,10.0,127.48056263208451,122.0,129.0,122.0,-5.4805626320845136,0
12,U07,1700.8793923405058,handover,109.2585519,23.0703271,219.5,7435.614915009368,1,54.601546355216726,117.48056263208451,10.0,127.48056263208451,122.0,129.0,122.0,-5.4805626320845136,0
12,U07,1710.8793923405058,handover,109.2585519,23.0703271,219.5,7435.614915009368,1,54.601546355216726,117.48056263208451,10.0,127.48056263208451,122.0,129.0,122.0,-5.4805626320845136,0
12,U07,1720.8793923405058,handover,109.2585519,23.0703271,219.5,7435.614915009368,1,54.601546355216726,117.48056263208451,10.0,127.48056263208451,122.0,129.0,122.0,-5.4805626320845136,0
12,U07,1730.8793923405058,handover,109.2585519,23.0703271,219.5,7435.614915009368,1,54.601546355216726,117.48056263208451,10.0,127.48056263208451,122.0,129.0,122.0,-5.4805626320845136,0
12,U07,1740.8793923405058,handover,109.2585519,23.0703271,219.5,7435.614915009368,1,54.601546355216726,117.48056263208451,10.0,127.48056263208451,122.0,129.0,122.0,-5.4805626320845136,0
12,U07,1750.8793923405058,handover,109.2585519,23.0703271,219.5,7435.614915009368,1,54.601546355216726,117.48056263208451,10.0,127.48056263208451,122.0,129.0,122.0,-5.4805626320845136,0
12,U07,1760.8793923405058,handover,109.2585519,23.0703271,219.5,7435.614915009368,1,54.601546355216726,117.48056263208451,10.0,127.48056263208451,122.0,129.0,122.0,-5.4805626320845136,0
12,U07,1770.8793923405058,handover,109.2585519,23.0703271,219.5,7435.614915009368,1,54.601546355216726,117.48056263208451,10.0,127.48056263208451,122.0,129.0,122.0,-5.4805626320845136,0
12,U07,1780.8793923405058,handover,109.2585519,23.0703271,219.5,7435.614915009368,1,54.601546355216726,117.48056263208451,10.0,127.48056263208451,122.0,129.0,122.0,-5.4805626320845136,0
12,U07,1790.8793923405058,handover,109.2585519,23.0703271,219.5,7435.614915009368,1,54.601546355216726,117.48056263208451,10.0,127.48056263208451,122.0,129.0,122.0,-5.4805626320845136,0
12,U07,1800.8793923405058,climb,109.2585519,23.0703271,219.5,7435.614915009368,1,54.601546355216726,117.48056263208451,10.0,127.48056263208451,122.0,129.0,122.0,-5.4805626320845136,0
12,U07,1810.8793923405058,climb,109.2585519,23.0703271,244.5,7435.898342790182,1,34.08743345199093,117.48089371102478,10.0,127.48089371102478,122.0,129.0,122.0,-5.480893711024777,0
12,U07,1820.8793923405058,climb,109.2585519,23.0703271,269.5,7436.265807803657,1,31.016742829353575,117.48132293713084,10.0,127.48132293713084,122.0,129.0,122.0,-5.481322937130841,0
12,U07,1830.8793923405058,climb,109.2585519,23.0703271,294.5,7436.717297592384,1,28.698194442256806,117.48185028130263,10.0,127.48185028130263,122.0,129.0,122.0,-5.481850281302627,0
12,U07,1840.8793923405058,climb,109.2585519,23.0703271,319.5,7437.252796853807,1,26.379646055160038,117.48247570779716,10.0,127.48247570779716,122.0,129.0,122.0,-5.482475707797164,0
12,U07,1850.8793923405058,climb,109.2585519,23.0703271,344.5,7437.872287442812,1,24.06109766806327,117.48319917423667,10.0,127.48319917423667,122.0,129.0,122.0,-5.483199174236674,0
12,U07,1860.8793923405058,climb,109.2585519,23.0703271,369.5,7438.575748374804,1,21.74254928096647,117.48402063161814,10.0,127.48402063161814,122.0,129.0,122.0,-5.484020631618137,0
12,U07,1870.8793923405058,climb,109.2585519,23.0703271,394.5,7439.363155829252,1,19.424000893869703,117.48494002432435,10.0,127.48494002432435,122.0,129.0,122.0,-5.484940024324345,0
12,U07,1875.4185036686308,cruise,109.2585519,23.0703271,405.8477783203125,7439.748261854125,1,18.371585969002012,117.48538964639354,10.0,127.48538964639354,122.0,129.0,122.0,-5.485389646393543,0
12,U07,1885.4185036686308,cruise,109.25799307281835,23.06907998426855,405.8477783203125,7289.845346200974,1,17.878970236444673,117.30859113171925,10.0,127.30859113171925,122.0,129.0,122.0,-5.308591131719254,0
12,U07,1895.4185036686308,cruise,109.2574342456367,23.067832868537106,405.8477783203125,7139.94610045127,1,17.365656363863906,117.1281235001059,10.0,127.1281235001059,122.0,129.0,122.0,-5.1281235001059,0
12,U07,1905.4185036686308,cruise,109.25687541845505,23.066585752805658,405.8477783203125,6990.050773723907,1,16.830311852974972,116.94383144118589,10.0,126.94383144118589,122.0,129.0,122.0,-4.943831441185893,0
12,U07,1915.4185036686308,cruise,109.2563165912734,23.06533863707421,405.8477783203125,6840.159636968216,1,16.271487319678613,116.75554958397183,10.0,126.75554958397183,122.0,129.0,122.0,-4.755549583971828,0
12,U07,1925.4185036686308,cruise,109.25575776409175,23.06409152134276,405.8477783203125,6690.272985406454,1,15.687603390270311,116.5631016100277,10.0,126.5631016100277,122.0,129.0,122.0,-4.563101610027701,0
12,U07,1935.4185036686308,cruise,109.25519893691012,23.062844405611315,405.8477783203125,6540.3911413144915,1,15.076935794375373,116.36629926687942,10.0,126.36629926687942,122.0,129.0,122.0,-4.366299266879423,0
12,U07,1945.4185036686308,cruise,109.25464010972847,23.061597289879867,405.8477783203125,6390.514457188496,1,14.437598358297578,116.16494126789978,10.0,126.16494126789978,122.0,129.0,122.0,-4.164941267899778,0
12,U07,1955.4185036686308,cruise,109.25408128254682,23.060350174148418,405.8477783203125,6240.643319376708,1,13.767523545485261,115.9588120626703,10.0,125.9588120626703,122.0,129.0,122.0,-3.9588120626703045,0
12,U07,1965.4185036686308,cruise,109.25352245536517,23.05910305841697,405.8477783203125,6090.778152237218,1,13.064440121204399,115.74768045908624,10.0,125.74768045908624,122.0,129.0,122.0,-3.74768045908624,0
12,U07,1975.4185036686308,cruise,109.25296362818352,23.057855942685524,405.8477783203125,5940.9194229295,1,12.325847433070948,115.53129807528748,10.0,125.53129807528748,122.0,129.0,122.0,-3.5312980752874807,0
12,U07,1985.4185036686308,cruise,109.25240480100187,23.056608826954076,405.8477783203125,5791.067646946274,1,11.54898569373887,115.30939759559652,10.0,125.30939759559652,122.0,129.0,122.0,-3.309397595596522,0
12,U07,1995.4185036686308,cruise,109.25184597382022,23.055361711222627,405.8477783203125,5641.223394528957,1,10.730801521463604,115.08169079998692,10.0,125.08169079998692,122.0,129.0,122.0,-3.081690799986916,0
12,U07,2005.4185036686308,cruise,109.25128714663857,23.05411459549118,405.8477783203125,5491.3872981301,1,9.867907831577668,114.84786633092607,10.0,124.84786633092607,122.0,129.0,122.0,-2.847866330926067,0
12,U07,2015.4185036686308,cruise,109.25072831945693,23.052867479759733,405.8477783203125,5341.560061128552,1,8.956536968102625,114.60758715454291,10.0,124.60758715454291,122.0,129.0,122.0,-2.6075871545429123,0
12,U07,2025.4185036686308,cruise,109.25016949227528,23.051620364028285,405.8477783203125,5191.7424680528175,1,7.992485707894929,114.36048766463342,10.0,124.36048766463342,122.0,129.0,122.0,-2.3604876646334247,0
12,U07,2035.4185036686308,cruise,109.24961066509363,23.050373248296836,405.8477783203125,5041.9353966256285,1,6.97105044410344,114.1061703676303,10.0,124.1061703676303,122.0,129.0,122.0,-2.1061703676302983,0
12,U07,2045.4185036686308,cruise,109.24905183791198,23.049126132565387,405.8477783203125,4892.139832014289,1,5.8869504402020425,113.8442020738159,10.0,123.8442020738159,122.0,129.0,122.0,-1.844202073815893,0
12,U07,2055.418503668631,cruise,109.24849301073034,23.047879016833942,405.8477783203125,4742.35688377934,1,4.734236512003065,113.57410950410609,10.0,123.57410950410609,122.0,129.0,122.0,-1.5741095041060902,0
12,U07,2065.418503668631,cruise,109.2479341835487,23.046631901102494,405.8477783203125,4592.587806128184,1,3.5061818041832566,113.29537420173637,10.0,123.29537420173637,122.0,129.0,122.0,-1.2953742017363652,0
12,U07,2075.418503668631,cruise,109.24737535636704,23.045384785371045,405.8477783203125,4442.834022265872,1,2.1951504269162,113.00742661306936,10.0,123.00742661306936,122.0,129.0,122.0,-1.0074266130693559,0
12,U07,2085.418503668631,cruise,109.2468165291854,23.044137669639596,405.8477783203125,4293.09715382079,1,0.7924385337562967,112.70963916981594,10.0,122.70963916981594,122.0,129.0,122.0,-0.7096391698159437,0
12,U07,2095.418503668631,cruise,109.24625770200375,23.04289055390815,405.8477783203125,4143.379056640586,0,-0.7119191487630019,112.40131816433934,0.0,112.40131816433934,122.0,129.0,122.0,9.598681835660656,1
12,U07,2105.418503668631,cruise,109.2456988748221,23.041643438176703,405.8477783203125,3993.681864615776,0,-2.329386431471761,112.08169415737052,0.0,112.08169415737052,122.0,129.0,122.0,9.91830584262948,1
12,U07,2115.418503668631,cruise,109.24514004764045,23.040396322445254,405.8477783203125,3844.008043717335,0,-4.07321834564209,111.74991058970024,0.0,111.74991058970024,122.0,129.0,122.0,10.250089410299765,1
12,U07,2125.418503668631,cruise,109.2445812204588,23.039149206713805,405.8477783203125,3694.3604591279627,0,-5.958825212183996,111.4050101808044,0.0,111.4050101808044,122.0,129.0,122.0,10.594989819195604,1
12,U07,2135.418503668631,cruise,109.24402239327715,23.03790209098236,405.8477783203125,3544.742459320455,0,-8.004229270805752,111.04591858055724,0.0,111.04591858055724,122.0,129.0,122.0,10.954081419442758,1
12,U07,2145.418503668631,cruise,109.2434635660955,23.03665497525091,405.8477783203125,3395.157982289537,0,-10.230642538155053,110.67142458470846,0.0,110.67142458470846,122.0,129.0,122.0,11.328575415291539,1
12,U07,2155.418503668631,cruise,109.24290473891385,23.035407859519463,405.8477783203125,3245.611691047743,0,-12.6632051821108,110.28015601573686,0.0,110.28015601573686,122.0,129.0,122.0,11.719843984263136,1
12,U07,2165.418503668631,cruise,109.2423459117322,23.034160743788014,405.8477783203125,3096.109148219883,0,-14.999359367889099,109.87055008655547,0.0,109.87055008655547,122.0,129.0,122.0,12.129449913444532,1
12,U07,2175.418503668631,cruise,109.24178708455057,23.03291362805657,405.8477783203125,2946.6570435443527,0,-15.63871883470182,109.44081667397538,0.0,109.44081667397538,122.0,129.0,122.0,12.559183326024623,1
12,U07,2185.418503668631,cruise,109.24122825736892,23.03166651232512,405.8477783203125,2797.263493928236,0,-16.346826631279384,108.98889238525372,0.0,108.98889238525372,122.0,129.0,122.0,13.01110761474628,1
12,U07,2195.418503668631,cruise,109.24066943018727,23.030419396593672,405.8477783203125,2647.9384445145834,0,-17.135401222922553,108.51238253479403,0.0,108.51238253479403,122.0,129.0,122.0,13.487617465205972,1
12,U07,2205.418503668631,cruise,109.24011060300562,23.029172280862223,405.8477783203125,2498.6942126520835,0,-18.018984801510726,108.00848705253088,0.0,108.00848705253088,122.0,129.0,122.0,13.991512947469118,1
12,U07,2215.418503668631,cruise,109.23955177582397,23.027925165130778,405.8477783203125,2349.5462377463664,0,-18.55004491561499,107.47390475650846,0.0,107.47390475650846,122.0,129.0,122.0,14.52609524349154,1
12,U07,2225.418503668631,cruise,109.23899294864232,23.02667804939933,405.8477783203125,2200.5141336648558,0,-18.66338693279107,106.90470808092253,0.0,106.90470808092253,122.0,129.0,122.0,15.095291919077468,1
12,U07,2235.418503668631,cruise,109.23843412146067,23.02543093366788,405.8477783203125,2051.6231957655455,0,-18.79339689366958,106.29617684581117,0.0,106.29617684581117,122.0,129.0,122.0,15.703823154188825,1
12,U07,2245.418503668631,cruise,109.23787529427902,23.024183817936432,405.8477783203125,1902.9066082552665,0,-18.94404335627479,105.64257432025968,0.0,105.64257432025968,122.0,129.0,122.0,16.357425679740317,1
12,U07,2255.418503668631,cruise,109.23731646709737,23.022936702204987,405.8477783203125,1754.4087611096713,0,-19.120663346915393,104.93684058304422,0.0,104.93684058304422,122.0,129.0,122.0,17.063159416955784,1
12,U07,2265.418503668631,cruise,109.23675763991572,23.02168958647354,405.8477783203125,1606.190381904859,0,-19.330607864091974,104.17016525346394,0.0,104.17016525346394,122.0,129.0,122.0,17.829834746536065,1
12,U07,2275.418503668631,cruise,109.23619881273407,23.02044247074209,405.8477783203125,1458.3367467421924,0,-19.584290822346986,103.33138121737667,0.0,103.33138121737667,122.0,129.0,122.0,18.668618782623327,1
12,U07,2285.418503668631,cruise,109.23563998555242,23.01919535501064,405.8477783203125,1310.9713400873973,0,-19.896969817405505,102.4060887827867,0.0,102.4060887827867,122.0,129.0,122.0,19.593911217213304,1
12,U07,2295.418503668631,cruise,109.23508115837079,23.017948239279196,405.8477783203125,1164.2796431083095,0,-20.291932758532084,101.37537091598567,0.0,101.37537091598567,122.0,129.0,122.0,20.62462908401433,1
12,U07,2305.418503668631,cruise,109.23452233118914,23.016701123547747,405.8477783203125,1018.5528689735969,0,-20.806581439393938,100.21389636217498,0.0,100.21389636217498,122.0,129.0,122.0,21.786103637825022,1
12,U07,2315.418503668631,cruise,109.23396350400749,23.0154540078163,405.8477783203125,874.273764135997,0,-21.505033220563604,98.88717375320839,0.0,98.88717375320839,122.0,129.0,122.0,23.112826246791613,1
12,U07,2325.418503668631,cruise,109.23340467682584,23.01420689208485,405.8477783203125,732.2986222439399,0,-22.507159689198346,97.34798917523987,0.0,97.34798917523987,122.0,129.0,122.0,24.652010824760126,1
12,U07,2335.418503668631,cruise,109.23284584964419,23.012959776353405,405.8477783203125,594.2811631131906,0,-24.066023084852418,95.53406412774736,0.0,95.53406412774736,122.0,129.0,122.0,26.465935872252643,1
12,U07,2345.418503668631,cruise,109.23228702246254,23.011712660621956,405.8477783203125,463.76856534325566,0,-26.824012169471132,93.38025100269394,0.0,93.38025100269394,122.0,129.0,122.0,28.61974899730606,1
12,U07,2355.418503668631,cruise,109.2317281952809,23.010465544890508,405.8477783203125,349.2778230989358,0,-33.02948760986328,90.91764506622269,0.0,90.91764506622269,122.0,129.0,122.0,31.08235493377731,1
12,U07,2365.418503668631,cruise,109.23116936809924,23.00921842915906,405.8477783203125,271.8665643354982,0,-59.919881184895814,88.7413408125737,0.0,88.7413408125737,122.0,129.0,122.0,33.258659187426304,1
12,U07,2371.1030535559044,descend,109.2308517,23.0085095,405.8477783203125,258.1477783203125,0,0.0,88.2915926694367,0.0,88.2915926694367,122.0,129.0,122.0,33.708407330563304,1
12,U07,2381.1030535559044,descend,109.2308517,23.0085095,385.8477783203125,238.1477783203125,0,0.0,87.59115552093199,0.0,87.59115552093199,122.0,129.0,122.0,34.40884447906801,1
12,U07,2391.1030535559044,descend,109.2308517,23.0085095,365.8477783203125,218.1477783203125,0,0.0,86.82924072154225,0.0,86.82924072154225,122.0,129.0,122.0,35.17075927845775,1
12,U07,2401.1030535559044,descend,109.2308517,23.0085095,345.8477783203125,198.1477783203125,0,0.0,85.99400897993627,0.0,85.99400897993627,122.0,129.0,122.0,36.00599102006373,1
12,U07,2411.1030535559044,descend,109.2308517,23.0085095,325.8477783203125,178.1477783203125,0,0.0,85.0698330469798,0.0,85.0698330469798,122.0,129.0,122.0,36.930166953020205,1
12,U07,2421.1030535559044,descend,109.2308517,23.0085095,305.8477783203125,158.1477783203125,0,0.0,84.03548673966453,0.0,84.03548673966453,122.0,129.0,122.0,37.964513260335465,1
12,U07,2431.1030535559044,descend,109.2308517,23.0085095,285.8477783203125,138.1477783203125,0,0.0,82.8611029347388,0.0,82.8611029347388,122.0,129.0,122.0,39.138897065261204,1
12,U07,2441.1030535559044,descend,109.2308517,23.0085095,265.8477783203125,118.14777832031251,0,0.0,81.50273602354477,0.0,81.50273602354477,122.0,129.0,122.0,40.49726397645523,1
12,U07,2451.1030535559044,descend,109.2308517,23.0085095,245.8477783203125,98.14777832031251,0,0.0,79.89183430079794,0.0,79.89183430079794,122.0,129.0,122.0,42.10816569920206,1
12,U07,2461.1030535559044,descend,109.2308517,23.0085095,225.8477783203125,78.14777832031251,0,0.0,77.91255755185604,0.0,77.91255755185604,122.0,129.0,122.0,44.08744244814396,1
12,U07,2471.1030535559044,descend,109.2308517,23.0085095,205.8477783203125,58.14777832031251,0,0.0,75.34488735596477,0.0,75.34488735596477,122.0,129.0,122.0,46.65511264403523,1
12,U07,2481.1030535559044,descend,109.2308517,23.0085095,185.8477783203125,38.14777832031251,0,0.0,71.68360983925088,0.0,71.68360983925088,122.0,129.0,122.0,50.31639016074912,1
12,U07,2491.1030535559044,descend,109.2308517,23.0085095,165.8477783203125,18.14777832031251,0,0.0,65.23069414642795,0.0,65.23069414642795,122.0,129.0,122.0,56.76930585357205,1
12,U07,2501.1030535559044,descend,109.2308517,23.0085095,145.8477783203125,1.8522216796874886,0,0.0,45.4080840978199,0.0,45.4080840978199,122.0,129.0,122.0,76.59191590218009,1
12,U07,2510.1769427160607,descend,109.2308517,23.0085095,127.69999999999999,20.0,0,0.0,66.07482474751174,0.0,66.07482474751174,122.0,129.0,122.0,55.92517525248826,1
13,U07,2510.2,setup,109.2308517,23.0085095,127.7,19.999999999999986,0,0.0,66.07482474751174,0.0,66.07482474751174,122.0,129.0,122.0,55.92517525248826,1
13,U07,2520.2,setup,109.2308517,23.0085095,127.7,19.999999999999986,0,0.0,66.07482474751174,0.0,66.07482474751174,122.0,129.0,122.0,55.92517525248826,1
13,U07,2530.2,setup,109.2308517,23.0085095,127.7,19.999999999999986,0,0.0,66.07482474751174,0.0,66.07482474751174,122.0,129.0,122.0,55.92517525248826,1
13,U07,2540.2,setup,109.2308517,23.0085095,127.7,19.999999999999986,0,0.0,66.07482474751174,0.0,66.07482474751174,122.0,129.0,122.0,55.92517525248826,1
13,U07,2550.2,setup,109.2308517,23.0085095,127.7,19.999999999999986,0,0.0,66.07482474751174,0.0,66.07482474751174,122.0,129.0,122.0,55.92517525248826,1
13,U07,2560.2,setup,109.2308517,23.0085095,127.7,19.999999999999986,0,0.0,66.07482474751174,0.0,66.07482474751174,122.0,129.0,122.0,55.92517525248826,1
13,U07,2570.2,setup,109.2308517,23.0085095,127.7,19.999999999999986,0,0.0,66.07482474751174,0.0,66.07482474751174,122.0,129.0,122.0,55.92517525248826,1
13,U07,2580.2,setup,109.2308517,23.0085095,127.7,19.999999999999986,0,0.0,66.07482474751174,0.0,66.07482474751174,122.0,129.0,122.0,55.92517525248826,1
13,U07,2590.2,setup,109.2308517,23.0085095,127.7,19.999999999999986,0,0.0,66.07482474751174,0.0,66.07482474751174,122.0,129.0,122.0,55.92517525248826,1
13,U07,2600.2,setup,109.2308517,23.0085095,127.7,19.999999999999986,0,0.0,66.07482474751174,0.0,66.07482474751174,122.0,129.0,122.0,55.92517525248826,1
13,U07,2610.2,setup,109.2308517,23.0085095,127.7,19.999999999999986,0,0.0,66.07482474751174,0.0,66.07482474751174,122.0,129.0,122.0,55.92517525248826,1
13,U07,2620.2,setup,109.2308517,23.0085095,127.7,19.999999999999986,0,0.0,66.07482474751174,0.0,66.07482474751174,122.0,129.0,122.0,55.92517525248826,1
13,U07,2630.2,setup,109.2308517,23.0085095,127.7,19.999999999999986,0,0.0,66.07482474751174,0.0,66.07482474751174,122.0,129.0,122.0,55.92517525248826,1
13,U07,2640.2,setup,109.2308517,23.0085095,127.7,19.999999999999986,0,0.0,66.07482474751174,0.0,66.07482474751174,122.0,129.0,122.0,55.92517525248826,1
13,U07,2650.2,setup,109.2308517,23.0085095,127.7,19.999999999999986,0,0.0,66.07482474751174,0.0,66.07482474751174,122.0,129.0,122.0,55.92517525248826,1
13,U07,2660.2,setup,109.2308517,23.0085095,127.7,19.999999999999986,0,0.0,66.07482474751174,0.0,66.07482474751174,122.0,129.0,122.0,55.92517525248826,1
13,U07,2670.2,setup,109.2308517,23.0085095,127.7,19.999999999999986,0,0.0,66.07482474751174,0.0,66.07482474751174,122.0,129.0,122.0,55.92517525248826,1
13,U07,2680.2,setup,109.2308517,23.0085095,127.7,19.999999999999986,0,0.0,66.07482474751174,0.0,66.07482474751174,122.0,129.0,122.0,55.92517525248826,1
13,U07,2690.2,setup,109.2308517,23.0085095,127.7,19.999999999999986,0,0.0,66.07482474751174,0.0,66.07482474751174,122.0,129.0,122.0,55.92517525248826,1
13,U07,2700.2,setup,109.2308517,23.0085095,127.7,19.999999999999986,0,0.0,66.07482474751174,0.0,66.07482474751174,122.0,129.0,122.0,55.92517525248826,1
13,U07,2710.2,setup,109.2308517,23.0085095,127.7,19.999999999999986,0,0.0,66.07482474751174,0.0,66.07482474751174,122.0,129.0,122.0,55.92517525248826,1
13,U07,2720.2,setup,109.2308517,23.0085095,127.7,19.999999999999986,0,0.0,66.07482474751174,0.0,66.07482474751174,122.0,129.0,122.0,55.92517525248826,1
13,U07,2730.2,setup,109.2308517,23.0085095,127.7,19.999999999999986,0,0.0,66.07482474751174,0.0,66.07482474751174,122.0,129.0,122.0,55.92517525248826,1
13,U07,2740.2,setup,109.2308517,23.0085095,127.7,19.999999999999986,0,0.0,66.07482474751174,0.0,66.07482474751174,122.0,129.0,122.0,55.92517525248826,1
13,U07,2750.2,setup,109.2308517,23.0085095,127.7,19.999999999999986,0,0.0,66.07482474751174,0.0,66.07482474751174,122.0,129.0,122.0,55.92517525248826,1
13,U07,2760.2,setup,109.2308517,23.0085095,127.7,19.999999999999986,0,0.0,66.07482474751174,0.0,66.07482474751174,122.0,129.0,122.0,55.92517525248826,1
13,U07,2770.2,setup,109.2308517,23.0085095,127.7,19.999999999999986,0,0.0,66.07482474751174,0.0,66.07482474751174,122.0,129.0,122.0,55.92517525248826,1
13,U07,2780.2,setup,109.2308517,23.0085095,127.7,19.999999999999986,0,0.0,66.07482474751174,0.0,66.07482474751174,122.0,129.0,122.0,55.92517525248826,1
13,U07,2790.2,setup,109.2308517,23.0085095,127.7,19.999999999999986,0,0.0,66.07482474751174,0.0,66.07482474751174,122.0,129.0,122.0,55.92517525248826,1
13,U07,2800.2,setup,109.2308517,23.0085095,127.7,19.999999999999986,0,0.0,66.07482474751174,0.0,66.07482474751174,122.0,129.0,122.0,55.92517525248826,1
13,U07,2810.2,setup,109.2308517,23.0085095,127.7,19.999999999999986,0,0.0,66.07482474751174,0.0,66.07482474751174,122.0,129.0,122.0,55.92517525248826,1
13,U07,2820.2,setup,109.2308517,23.0085095,127.7,19.999999999999986,0,0.0,66.07482474751174,0.0,66.07482474751174,122.0,129.0,122.0,55.92517525248826,1
13,U07,2830.2,setup,109.2308517,23.0085095,127.7,19.999999999999986,0,0.0,66.07482474751174,0.0,66.07482474751174,122.0,129.0,122.0,55.92517525248826,1
13,U07,2840.2,setup,109.2308517,23.0085095,127.7,19.999999999999986,0,0.0,66.07482474751174,0.0,66.07482474751174,122.0,129.0,122.0,55.92517525248826,1
13,U07,2850.2,setup,109.2308517,23.0085095,127.7,19.999999999999986,0,0.0,66.07482474751174,0.0,66.07482474751174,122.0,129.0,122.0,55.92517525248826,1
13,U07,2860.2,setup,109.2308517,23.0085095,127.7,19.999999999999986,0,0.0,66.07482474751174,0.0,66.07482474751174,122.0,129.0,122.0,55.92517525248826,1
13,U07,2870.2,setup,109.2308517,23.0085095,127.7,19.999999999999986,0,0.0,66.07482474751174,0.0,66.07482474751174,122.0,129.0,122.0,55.92517525248826,1
13,U07,2880.2,setup,109.2308517,23.0085095,127.7,19.999999999999986,0,0.0,66.07482474751174,0.0,66.07482474751174,122.0,129.0,122.0,55.92517525248826,1
13,U07,2890.2,setup,109.2308517,23.0085095,127.7,19.999999999999986,0,0.0,66.07482474751174,0.0,66.07482474751174,122.0,129.0,122.0,55.92517525248826,1
13,U07,2900.2,setup,109.2308517,23.0085095,127.7,19.999999999999986,0,0.0,66.07482474751174,0.0,66.07482474751174,122.0,129.0,122.0,55.92517525248826,1
13,U07,2910.2,setup,109.2308517,23.0085095,127.7,19.999999999999986,0,0.0,66.07482474751174,0.0,66.07482474751174,122.0,129.0,122.0,55.92517525248826,1
13,U07,2920.2,setup,109.2308517,23.0085095,127.7,19.999999999999986,0,0.0,66.07482474751174,0.0,66.07482474751174,122.0,129.0,122.0,55.92517525248826,1
13,U07,2930.2,setup,109.2308517,23.0085095,127.7,19.999999999999986,0,0.0,66.07482474751174,0.0,66.07482474751174,122.0,129.0,122.0,55.92517525248826,1
13,U07,2940.2,setup,109.2308517,23.0085095,127.7,19.999999999999986,0,0.0,66.07482474751174,0.0,66.07482474751174,122.0,129.0,122.0,55.92517525248826,1
13,U07,2950.2,setup,109.2308517,23.0085095,127.7,19.999999999999986,0,0.0,66.07482474751174,0.0,66.07482474751174,122.0,129.0,122.0,55.92517525248826,1
13,U07,2960.2,climb,109.2308517,23.0085095,127.7,19.999999999999986,0,0.0,66.07482474751174,0.0,66.07482474751174,122.0,129.0,122.0,55.92517525248826,1
13,U07,2970.2,climb,109.2308517,23.0085095,152.70000000000002,5.000000000000028,0,0.0,54.03362492095255,0.0,54.03362492095255,122.0,129.0,122.0,67.96637507904745,1
13,U07,2980.2,climb,109.2308517,23.0085095,177.70000000000002,30.00000000000003,0,0.0,69.59664992862537,0.0,69.59664992862537,122.0,129.0,122.0,52.40335007137463,1
13,U07,2990.2,climb,109.2308517,23.0085095,202.7,55.0,0,0.0,74.861478624117,0.0,74.861478624117,122.0,129.0,122.0,47.138521375883,1
13,U07,3000.2,climb,109.2308517,23.0085095,227.70000000000002,80.00000000000003,0,0.0,78.11602457407099,0.0,78.11602457407099,122.0,129.0,122.0,43.88397542592901,1
13,U07,3010.2,climb,109.2308517,23.0085095,252.7,105.0,0,0.0,80.47801081563088,0.0,80.47801081563088,122.0,129.0,122.0,41.52198918436912,1
13,U07,3020.2,climb,109.2308517,23.0085095,277.7,130.0,0,0.0,82.33309188036885,0.0,82.33309188036885,122.0,129.0,122.0,39.666908119631145,1
13,U07,3021.793156738281,cruise,109.2308517,23.0085095,281.6828918457031,133.98289184570314,0,0.0,82.59521177893872,0.0,82.59521177893872,122.0,129.0,122.0,39.40478822106128,1
13,U07,3031.793156738281,cruise,109.23145789759062,23.009737701111835,281.6828918457031,201.12706466839157,0,-29.075514359907658,86.1236351417672,0.0,86.1236351417672,122.0,129.0,122.0,35.876364858232805,1
13,U07,3041.793156738281,cruise,109.23206409518122,23.01096590222367,281.6828918457031,328.563537958835,0,-23.275389171781995,90.38661216095451,0.0,90.38661216095451,122.0,129.0,122.0,31.613387839045487,1
13,U07,3051.793156738281,cruise,109.23267029277183,23.012194103335506,281.6828918457031,469.5283932239321,0,-21.217280234059956,93.4874620334794,0.0,93.4874620334794,122.0,129.0,122.0,28.512537966520597,1
13,U07,3061.793156738281,cruise,109.23327649036244,23.013422304447342,281.6828918457031,614.7850246739863,0,-20.16312687571454,95.82869043691956,0.0,95.82869043691956,122.0,129.0,122.0,26.17130956308044,1
13,U07,3071.793156738281,cruise,109.23388268795304,23.014650505559178,281.6828918457031,761.8824920819044,0,-19.522366991230086,97.69198470785581,0.0,97.69198470785581,122.0,129.0,122.0,24.30801529214419,1
13,U07,3081.793156738281,cruise,109.23448888554366,23.015878706671014,281.6828918457031,909.9283583164173,0,-19.091692314773297,99.2343688386175,0.0,99.2343688386175,122.0,129.0,122.0,22.7656311613825,1
13,U07,3091.793156738281,cruise,109.23509508313425,23.01710690778285,281.6828918457031,1058.52466802616,0,-18.782334448586028,100.54824450104425,0.0,100.54824450104425,122.0,129.0,122.0,21.451755498955748,1
13,U07,3101.793156738281,cruise,109.23570128072487,23.018335108894686,281.6828918457031,1207.4681312819096,0,-18.284375678168402,101.69173837895892,0.0,101.69173837895892,122.0,129.0,122.0,20.308261621041083,1
13,U07,3111.793156738281,cruise,109.23630747831548,23.01956331000652,281.6828918457031,1356.6443353508364,0,-16.64844293279961,102.70354494969375,0.0,102.70354494969375,122.0,129.0,122.0,19.29645505030625,1
13,U07,3121.793156738281,cruise,109.23691367590608,23.020791511118357,281.6828918457031,1505.9840491138216,0,-9.991049587136445,103.61063227393565,0.0,103.61063227393565,122.0,129.0,122.0,18.38936772606435,1
13,U07,3131.793156738281,cruise,109.2375198734967,23.022019712230193,281.6828918457031,1655.442958341826,0,-3.8960290857263544,104.43250925113516,0.0,104.43250925113516,122.0,129.0,122.0,17.56749074886484,1
13,U07,3141.793156738281,cruise,109.23812607108731,23.02324791334203,281.6828918457031,1804.9913957293961,1,1.1915500104919943,105.18372755412216,10.0,115.18372755412216,122.0,129.0,122.0,6.816272445877843,1
13,U07,3151.793156738281,cruise,109.23873226867791,23.024476114453865,281.6828918457031,1954.6087579803655,1,0.9568143189408715,105.87542164171457,10.0,115.87542164171457,122.0,129.0,122.0,6.124578358285433,1
13,U07,3161.793156738281,cruise,109.23933846626852,23.0257043155657,281.6828918457031,2104.2802931777865,1,4.51112199066381,106.51629659398759,10.0,116.51629659398759,122.0,129.0,122.0,5.48370340601241,1
13,U07,3171.793156738281,cruise,109.23994466385912,23.026932516677537,281.6828918457031,2253.9951629633383,1,7.59466043434395,107.11328442867713,10.0,117.11328442867713,122.0,129.0,122.0,4.886715571322867,1
13,U07,3181.793156738281,cruise,109.24055086144973,23.028160717789373,281.6828918457031,2403.745226421181,1,10.295150624150835,107.67199352993977,10.0,117.67199352993977,122.0,129.0,122.0,4.328006470060231,1
13,U07,3191.793156738281,cruise,109.24115705904035,23.02938891890121,281.6828918457031,2553.524250605863,1,12.679794008132319,108.19702456762114,10.0,118.19702456762114,122.0,129.0,122.0,3.802975432378858,1
13,U07,3201.793156738281,cruise,109.24176325663095,23.030617120013044,281.6828918457031,2703.327382846166,1,17.42212586798064,108.69219770495039,10.0,118.69219770495039,122.0,129.0,122.0,3.307802295049612,1
13,U07,3211.793156738281,cruise,109.24236945422156,23.03184532112488,281.6828918457031,2853.150788916253,1,19.55369829906843,109.16071932845841,10.0,119.16071932845841,122.0,129.0,122.0,2.8392806715415873,1
13,U07,3221.793156738281,cruise,109.24297565181217,23.03307352223672,281.6828918457031,3002.991399299759,1,21.473173970844016,109.60530660147512,10.0,119.60530660147512,122.0,129.0,122.0,2.394693398524879,1
13,U07,3226.0202964003342,descend,109.2432319,23.0335927,281.6828918457031,3066.335670565073,1,22.188529782178932,109.7866187375844,10.0,119.7866187375844,122.0,129.0,122.0,2.213381262415595,1
13,U07,3236.0202964003342,descend,109.2432319,23.0335927,261.6828918457031,3065.5268925432583,1,27.554383440715526,109.78432744138928,10.0,119.78432744138928,122.0,129.0,122.0,2.21567255861072,1
13,U07,3246.0202964003342,descend,109.2432319,23.0335927,241.68289184570312,3064.84841602845,1,32.92023709925212,109.78240482756645,10.0,119.78240482756645,122.0,129.0,122.0,2.2175951724335476,1
13,U07,3256.0202964003342,descend,109.2432319,23.0335927,221.68289184570312,3064.300327572066,1,38.286090757788685,109.78085138644244,10.0,119.78085138644244,122.0,129.0,122.0,2.2191486135575644,1
13,U07,3266.0202964003342,descend,109.2432319,23.0335927,201.68289184570312,3063.8826971482513,1,43.65194441632528,109.77966751456337,10.0,119.77966751456337,122.0,129.0,122.0,2.2203324854366286,1
13,U07,3274.861742323186,handover,109.2432319,23.0335927,184.0,3063.62215674068,1,52.51417108303164,109.77892886962331,10.0,119.77892886962331,122.0,129.0,122.0,2.2210711303766857,1
13,U07,3284.861742323186,handover,109.2432319,23.0335927,184.0,3063.62215674068,1,52.51417108303164,109.77892886962331,10.0,119.77892886962331,122.0,129.0,122.0,2.2210711303766857,1
13,U07,3294.861742323186,handover,109.2432319,23.0335927,184.0,3063.62215674068,1,52.51417108303164,109.77892886962331,10.0,119.77892886962331,122.0,129.0,122.0,2.2210711303766857,1
13,U07,3304.861742323186,handover,109.2432319,23.0335927,184.0,3063.62215674068,1,52.51417108303164,109.77892886962331,10.0,119.77892886962331,122.0,129.0,122.0,2.2210711303766857,1
13,U07,3314.861742323186,handover,109.2432319,23.0335927,184.0,3063.62215674068,1,52.51417108303164,109.77892886962331,10.0,119.77892886962331,122.0,129.0,122.0,2.2210711303766857,1
13,U07,3324.861742323186,handover,109.2432319,23.0335927,184.0,3063.62215674068,1,52.51417108303164,109.77892886962331,10.0,119.77892886962331,122.0,129.0,122.0,2.2210711303766857,1
13,U07,3334.861742323186,handover,109.2432319,23.0335927,184.0,3063.62215674068,1,52.51417108303164,109.77892886962331,10.0,119.77892886962331,122.0,129.0,122.0,2.2210711303766857,1
13,U07,3344.861742323186,handover,109.2432319,23.0335927,184.0,3063.62215674068,1,52.51417108303164,109.77892886962331,10.0,119.77892886962331,122.0,129.0,122.0,2.2210711303766857,1
13,U07,3354.861742323186,handover,109.2432319,23.0335927,184.0,3063.62215674068,1,52.51417108303164,109.77892886962331,10.0,119.77892886962331,122.0,129.0,122.0,2.2210711303766857,1
13,U07,3364.861742323186,handover,109.2432319,23.0335927,184.0,3063.62215674068,1,52.51417108303164,109.77892886962331,10.0,119.77892886962331,122.0,129.0,122.0,2.2210711303766857,1
13,U07,3374.861742323186,handover,109.2432319,23.0335927,184.0,3063.62215674068,1,52.51417108303164,109.77892886962331,10.0,119.77892886962331,122.0,129.0,122.0,2.2210711303766857,1
13,U07,3384.861742323186,handover,109.2432319,23.0335927,184.0,3063.62215674068,1,52.51417108303164,109.77892886962331,10.0,119.77892886962331,122.0,129.0,122.0,2.2210711303766857,1
13,U07,3394.861742323186,handover,109.2432319,23.0335927,184.0,3063.62215674068,1,52.51417108303164,109.77892886962331,10.0,119.77892886962331,122.0,129.0,122.0,2.2210711303766857,1
13,U07,3404.861742323186,handover,109.2432319,23.0335927,184.0,3063.62215674068,1,52.51417108303164,109.77892886962331,10.0,119.77892886962331,122.0,129.0,122.0,2.2210711303766857,1
13,U07,3414.861742323186,handover,109.2432319,23.0335927,184.0,3063.62215674068,1,52.51417108303164,109.77892886962331,10.0,119.77892886962331,122.0,129.0,122.0,2.2210711303766857,1
13,U07,3424.861742323186,handover,109.2432319,23.0335927,184.0,3063.62215674068,1,52.51417108303164,109.77892886962331,10.0,119.77892886962331,122.0,129.0,122.0,2.2210711303766857,1
13,U07,3434.861742323186,handover,109.2432319,23.0335927,184.0,3063.62215674068,1,52.51417108303164,109.77892886962331,10.0,119.77892886962331,122.0,129.0,122.0,2.2210711303766857,1
13,U07,3444.861742323186,handover,109.2432319,23.0335927,184.0,3063.62215674068,1,52.51417108303164,109.77892886962331,10.0,119.77892886962331,122.0,129.0,122.0,2.2210711303766857,1
13,U07,3454.861742323186,handover,109.2432319,23.0335927,184.0,3063.62215674068,1,52.51417108303164,109.77892886962331,10.0,119.77892886962331,122.0,129.0,122.0,2.2210711303766857,1
13,U07,3464.861742323186,handover,109.2432319,23.0335927,184.0,3063.62215674068,1,52.51417108303164,109.77892886962331,10.0,119.77892886962331,122.0,129.0,122.0,2.2210711303766857,1
13,U07,3474.861742323186,handover,109.2432319,23.0335927,184.0,3063.62215674068,1,52.51417108303164,109.77892886962331,10.0,119.77892886962331,122.0,129.0,122.0,2.2210711303766857,1
13,U07,3484.861742323186,handover,109.2432319,23.0335927,184.0,3063.62215674068,1,52.51417108303164,109.77892886962331,10.0,119.77892886962331,122.0,129.0,122.0,2.2210711303766857,1
13,U07,3494.861742323186,handover,109.2432319,23.0335927,184.0,3063.62215674068,1,52.51417108303164,109.77892886962331,10.0,119.77892886962331,122.0,129.0,122.0,2.2210711303766857,1
13,U07,3504.861742323186,handover,109.2432319,23.0335927,184.0,3063.62215674068,1,52.51417108303164,109.77892886962331,10.0,119.77892886962331,122.0,129.0,122.0,2.2210711303766857,1
13,U07,3514.861742323186,handover,109.2432319,23.0335927,184.0,3063.62215674068,1,52.51417108303164,109.77892886962331,10.0,119.77892886962331,122.0,129.0,122.0,2.2210711303766857,1
13,U07,3524.861742323186,handover,109.2432319,23.0335927,184.0,3063.62215674068,1,52.51417108303164,109.77892886962331,10.0,119.77892886962331,122.0,129.0,122.0,2.2210711303766857,1
13,U07,3534.861742323186,handover,109.2432319,23.0335927,184.0,3063.62215674068,1,52.51417108303164,109.77892886962331,10.0,119.77892886962331,122.0,129.0,122.0,2.2210711303766857,1
13,U07,3544.861742323186,handover,109.2432319,23.0335927,184.0,3063.62215674068,1,52.51417108303164,109.77892886962331,10.0,119.77892886962331,122.0,129.0,122.0,2.2210711303766857,1
13,U07,3554.861742323186,handover,109.2432319,23.0335927,184.0,3063.62215674068,1,52.51417108303164,109.77892886962331,10.0,119.77892886962331,122.0,129.0,122.0,2.2210711303766857,1
13,U07,3564.861742323186,handover,109.2432319,23.0335927,184.0,3063.62215674068,1,52.51417108303164,109.77892886962331,10.0,119.77892886962331,122.0,129.0,122.0,2.2210711303766857,1
13,U07,3574.861742323186,handover,109.2432319,23.0335927,184.0,3063.62215674068,1,52.51417108303164,109.77892886962331,10.0,119.77892886962331,122.0,129.0,122.0,2.2210711303766857,1
13,U07,3584.861742323186,handover,109.2432319,23.0335927,184.0,3063.62215674068,1,52.51417108303164,109.77892886962331,10.0,119.77892886962331,122.0,129.0,122.0,2.2210711303766857,1
13,U07,3594.861742323186,handover,109.2432319,23.0335927,184.0,3063.62215674068,1,52.51417108303164,109.77892886962331,10.0,119.77892886962331,122.0,129.0,122.0,2.2210711303766857,1
13,U07,3604.861742323186,handover,109.2432319,23.0335927,184.0,3063.62215674068,1,52.51417108303164,109.77892886962331,10.0,119.77892886962331,122.0,129.0,122.0,2.2210711303766857,1
13,U07,3614.861742323186,handover,109.2432319,23.0335927,184.0,3063.62215674068,1,52.51417108303164,109.77892886962331,10.0,119.77892886962331,122.0,129.0,122.0,2.2210711303766857,1
13,U07,3624.861742323186,handover,109.2432319,23.0335927,184.0,3063.62215674068,1,52.51417108303164,109.77892886962331,10.0,119.77892886962331,122.0,129.0,122.0,2.2210711303766857,1
13,U07,3634.861742323186,climb,109.2432319,23.0335927,184.0,3063.62215674068,1,52.51417108303164,109.77892886962331,10.0,119.77892886962331,122.0,129.0,122.0,2.2210711303766857,1
13,U07,3644.861742323186,climb,109.2432319,23.0335927,209.0,3064.020352294093,1,41.6888178383432,109.78005774834986,10.0,119.78005774834986,122.0,129.0,122.0,2.2199422516501386,1
13,U07,3654.861742323186,climb,109.2432319,23.0335927,234.0,3064.6224431848727,1,34.981500765172456,109.78176438886416,10.0,119.78176438886416,122.0,129.0,122.0,2.218235611135839,1
13,U07,3659.964031141545,cruise,109.2432319,23.0335927,246.75572204589844,3065.008167255424,1,31.55923387480948,109.78285755643816,10.0,119.78285755643816,122.0,129.0,122.0,2.2171424435618405,1
13,U07,3669.964031141545,cruise,109.24262570240938,23.032364498888164,246.75572204589844,2915.0928226484593,1,30.19636590419674,109.34727259741716,10.0,119.34727259741716,122.0,129.0,122.0,2.6527274025828405,1
13,U07,3679.964031141545,cruise,109.24201950481878,23.031136297776328,246.75572204589844,2765.1861798997047,1,28.68616085567993,108.88871238741518,10.0,118.88871238741518,122.0,129.0,122.0,3.1112876125848175,1
13,U07,3689.964031141545,cruise,109.24141330722817,23.029908096664492,246.75572204589844,2615.289775609494,1,27.003360944475446,108.40462115318076,10.0,118.40462115318076,122.0,129.0,122.0,3.5953788468192442,1
13,U07,3699.964031141545,cruise,109.24080710963756,23.028679895552656,246.75572204589844,2465.405519961172,1,25.11658528645833,107.89199211458293,10.0,117.89199211458293,122.0,129.0,122.0,4.1080078854170665,1
13,U07,3709.964031141545,cruise,109.24020091204696,23.02745169444082,246.75572204589844,2315.5358175467054,1,22.986354704826113,107.34725489835643,10.0,117.34725489835643,122.0,129.0,122.0,4.652745101643575,1
13,U07,3719.964031141545,cruise,109.23959471445635,23.026223493328985,246.75572204589844,2165.683738299604,1,20.562299215382552,106.76612554447141,10.0,116.76612554447141,122.0,129.0,122.0,5.233874455528593,1
13,U07,3729.964031141545,cruise,109.23898851686575,23.02499529221715,246.75572204589844,2015.8532645746702,1,17.77912439416957,106.1434031604875,10.0,116.1434031604875,122.0,129.0,122.0,5.856596839512505,1
13,U07,3739.964031141545,cruise,109.23838231927513,23.023767091105313,246.75572204589844,1866.049657073666,1,12.24270944824218,105.47268876398661,10.0,115.47268876398661,122.0,129.0,122.0,6.527311236013389,1
13,U07,3749.964031141545,cruise,109.23777612168452,23.022538889993477,246.75572204589844,1716.2800120823852,1,8.866201357634168,104.74598772804671,10.0,114.74598772804671,122.0,129.0,122.0,7.254012271953286,1
13,U07,3759.964031141545,cruise,109.23716992409392,23.02131068888164,246.75572204589844,1566.5541376975257,1,4.84654886881512,103.95313299473763,10.0,113.95313299473763,122.0,129.0,122.0,8.04686700526237,1
13,U07,3769.964031141545,cruise,109.2365637265033,23.020082487769805,246.75572204589844,1416.885984281694,0,-0.01934624922901662,103.08092292048647,0.0,103.08092292048647,122.0,129.0,122.0,18.919077079513528,1
13,U07,3779.964031141545,cruise,109.23595752891269,23.01885428665797,246.75572204589844,1267.2960856141026,0,-1.769755249023433,102.11178670294737,0.0,102.11178670294737,122.0,129.0,122.0,19.88821329705263,1
13,U07,3789.964031141545,cruise,109.2353513313221,23.017626085546134,246.75572204589844,1117.8159531809233,0,-9.694213012695315,101.02163090349066,0.0,101.02163090349066,122.0,129.0,122.0,20.97836909650934,1
13,U07,3799.964031141545,cruise,109.23474513373148,23.016397884434298,246.75572204589844,968.4965216915743,0,-17.112795363206118,99.7761861404381,0.0,99.7761861404381,122.0,129.0,122.0,22.2238138595619,1
13,U07,3809.964031141545,cruise,109.23413893614088,23.015169683322462,246.75572204589844,819.4257751548625,0,-18.696264592950968,98.32441724677157,0.0,98.32441724677157,122.0,129.0,122.0,23.675582753228426,1
13,U07,3819.964031141545,cruise,109.23353273855027,23.013941482210626,246.75572204589844,670.769692882894,0,-19.096489732530358,96.5856934707226,0.0,96.5856934707226,122.0,129.0,122.0,25.414306529277397,1
13,U07,3829.964031141545,cruise,109.23292654095965,23.01271328109879,246.75572204589844,522.8822645220214,0,-19.725414951869425,94.42230306188101,0.0,94.42230306188101,122.0,129.0,122.0,27.57769693811899,1
13,U07,3839.964031141545,cruise,109.23232034336905,23.011485079986954,246.75572204589844,376.6702221757901,0,-20.857480346679665,91.57345059874822,0.0,91.57345059874822,122.0,129.0,122.0,30.426549401251776,1
13,U07,3849.964031141545,cruise,109.23171414577844,23.01025687887512,246.75572204589844,235.27849953172455,0,-23.498966267903654,87.48586967087931,0.0,87.48586967087931,122.0,129.0,122.0,34.51413032912069,1
13,U07,3859.964031141545,cruise,109.23110794818783,23.00902867776328,246.75572204589844,117.61216360813133,0,-36.70639587402343,81.46326962187734,0.0,81.46326962187734,122.0,129.0,122.0,40.536730378122655,1
13,U07,3864.191170803598,descend,109.2308517,23.0085095,246.75572204589844,99.05572204589845,0,0.0,79.97181619470815,0.0,79.97181619470815,122.0,129.0,122.0,42.028183805291846,1
13,U07,3874.191170803598,descend,109.2308517,23.0085095,226.75572204589844,79.05572204589845,0,0.0,78.0128910262438,0.0,78.0128910262438,122.0,129.0,122.0,43.98710897375619,1
13,U07,3884.191170803598,descend,109.2308517,23.0085095,206.75572204589844,59.05572204589845,0,0.0,75.4794645099929,0.0,75.4794645099929,122.0,129.0,122.0,46.520535490007106,1
13,U07,3894.191170803598,descend,109.2308517,23.0085095,186.75572204589844,39.05572204589845,0,0.0,71.88791825965481,0.0,71.88791825965481,122.0,129.0,122.0,50.11208174034519,1
13,U07,3904.191170803598,descend,109.2308517,23.0085095,166.75572204589844,19.05572204589845,0,0.0,65.65473302219831,0.0,65.65473302219831,122.0,129.0,122.0,56.345266977801685,1
13,U07,3914.191170803598,descend,109.2308517,23.0085095,146.75572204589844,0.9442779541015511,0,0.0,39.556221842319204,0.0,39.556221842319204,122.0,129.0,122.0,82.4437781576808,1
13,U07,3923.7190318265475,descend,109.2308517,23.0085095,127.7,19.999999999999986,0,0.0,66.07482474751174,0.0,66.07482474751174,122.0,129.0,122.0,55.92517525248826,1
14,U07,3923.7,setup,109.2308517,23.0085095,127.7,19.999999999999986,0,0.0,66.07482474751174,0.0,66.07482474751174,122.0,129.0,122.0,55.92517525248826,1
14,U07,3933.7,setup,109.2308517,23.0085095,127.7,19.999999999999986,0,0.0,66.07482474751174,0.0,66.07482474751174,122.0,129.0,122.0,55.92517525248826,1
14,U07,3943.7,setup,109.2308517,23.0085095,127.7,19.999999999999986,0,0.0,66.07482474751174,0.0,66.07482474751174,122.0,129.0,122.0,55.92517525248826,1
14,U07,3953.7,setup,109.2308517,23.0085095,127.7,19.999999999999986,0,0.0,66.07482474751174,0.0,66.07482474751174,122.0,129.0,122.0,55.92517525248826,1
14,U07,3963.7,setup,109.2308517,23.0085095,127.7,19.999999999999986,0,0.0,66.07482474751174,0.0,66.07482474751174,122.0,129.0,122.0,55.92517525248826,1
14,U07,3973.7,setup,109.2308517,23.0085095,127.7,19.999999999999986,0,0.0,66.07482474751174,0.0,66.07482474751174,122.0,129.0,122.0,55.92517525248826,1
14,U07,3983.7,setup,109.2308517,23.0085095,127.7,19.999999999999986,0,0.0,66.07482474751174,0.0,66.07482474751174,122.0,129.0,122.0,55.92517525248826,1
14,U07,3993.7,setup,109.2308517,23.0085095,127.7,19.999999999999986,0,0.0,66.07482474751174,0.0,66.07482474751174,122.0,129.0,122.0,55.92517525248826,1
14,U07,4003.7,setup,109.2308517,23.0085095,127.7,19.999999999999986,0,0.0,66.07482474751174,0.0,66.07482474751174,122.0,129.0,122.0,55.92517525248826,1
14,U07,4013.7,setup,109.2308517,23.0085095,127.7,19.999999999999986,0,0.0,66.07482474751174,0.0,66.07482474751174,122.0,129.0,122.0,55.92517525248826,1
14,U07,4023.7,setup,109.2308517,23.0085095,127.7,19.999999999999986,0,0.0,66.07482474751174,0.0,66.07482474751174,122.0,129.0,122.0,55.92517525248826,1
14,U07,4033.7,setup,109.2308517,23.0085095,127.7,19.999999999999986,0,0.0,66.07482474751174,0.0,66.07482474751174,122.0,129.0,122.0,55.92517525248826,1
14,U07,4043.7,setup,109.2308517,23.0085095,127.7,19.999999999999986,0,0.0,66.07482474751174,0.0,66.07482474751174,122.0,129.0,122.0,55.92517525248826,1
14,U07,4053.7,setup,109.2308517,23.0085095,127.7,19.999999999999986,0,0.0,66.07482474751174,0.0,66.07482474751174,122.0,129.0,122.0,55.92517525248826,1
14,U07,4063.7,setup,109.2308517,23.0085095,127.7,19.999999999999986,0,0.0,66.07482474751174,0.0,66.07482474751174,122.0,129.0,122.0,55.92517525248826,1
14,U07,4073.7,setup,109.2308517,23.0085095,127.7,19.999999999999986,0,0.0,66.07482474751174,0.0,66.07482474751174,122.0,129.0,122.0,55.92517525248826,1
14,U07,4083.7,setup,109.2308517,23.0085095,127.7,19.999999999999986,0,0.0,66.07482474751174,0.0,66.07482474751174,122.0,129.0,122.0,55.92517525248826,1
14,U07,4093.7,setup,109.2308517,23.0085095,127.7,19.999999999999986,0,0.0,66.07482474751174,0.0,66.07482474751174,122.0,129.0,122.0,55.92517525248826,1
14,U07,4103.7,setup,109.2308517,23.0085095,127.7,19.999999999999986,0,0.0,66.07482474751174,0.0,66.07482474751174,122.0,129.0,122.0,55.92517525248826,1
14,U07,4113.7,setup,109.2308517,23.0085095,127.7,19.999999999999986,0,0.0,66.07482474751174,0.0,66.07482474751174,122.0,129.0,122.0,55.92517525248826,1
14,U07,4123.7,setup,109.2308517,23.0085095,127.7,19.999999999999986,0,0.0,66.07482474751174,0.0,66.07482474751174,122.0,129.0,122.0,55.92517525248826,1
14,U07,4133.7,setup,109.2308517,23.0085095,127.7,19.999999999999986,0,0.0,66.07482474751174,0.0,66.07482474751174,122.0,129.0,122.0,55.92517525248826,1
14,U07,4143.7,setup,109.2308517,23.0085095,127.7,19.999999999999986,0,0.0,66.07482474751174,0.0,66.07482474751174,122.0,129.0,122.0,55.92517525248826,1
14,U07,4153.7,setup,109.2308517,23.0085095,127.7,19.999999999999986,0,0.0,66.07482474751174,0.0,66.07482474751174,122.0,129.0,122.0,55.92517525248826,1
14,U07,4163.7,setup,109.2308517,23.0085095,127.7,19.999999999999986,0,0.0,66.07482474751174,0.0,66.07482474751174,122.0,129.0,122.0,55.92517525248826,1
14,U07,4173.7,setup,109.2308517,23.0085095,127.7,19.999999999999986,0,0.0,66.07482474751174,0.0,66.07482474751174,122.0,129.0,122.0,55.92517525248826,1
14,U07,4183.7,setup,109.2308517,23.0085095,127.7,19.999999999999986,0,0.0,66.07482474751174,0.0,66.07482474751174,122.0,129.0,122.0,55.92517525248826,1
14,U07,4193.7,setup,109.2308517,23.0085095,127.7,19.999999999999986,0,0.0,66.07482474751174,0.0,66.07482474751174,122.0,129.0,122.0,55.92517525248826,1
14,U07,4203.7,setup,109.2308517,23.0085095,127.7,19.999999999999986,0,0.0,66.07482474751174,0.0,66.07482474751174,122.0,129.0,122.0,55.92517525248826,1
14,U07,4213.7,setup,109.2308517,23.0085095,127.7,19.999999999999986,0,0.0,66.07482474751174,0.0,66.07482474751174,122.0,129.0,122.0,55.92517525248826,1
14,U07,4223.7,setup,109.2308517,23.0085095,127.7,19.999999999999986,0,0.0,66.07482474751174,0.0,66.07482474751174,122.0,129.0,122.0,55.92517525248826,1
14,U07,4233.7,setup,109.2308517,23.0085095,127.7,19.999999999999986,0,0.0,66.07482474751174,0.0,66.07482474751174,122.0,129.0,122.0,55.92517525248826,1
14,U07,4243.7,setup,109.2308517,23.0085095,127.7,19.999999999999986,0,0.0,66.07482474751174,0.0,66.07482474751174,122.0,129.0,122.0,55.92517525248826,1
14,U07,4253.7,setup,109.2308517,23.0085095,127.7,19.999999999999986,0,0.0,66.07482474751174,0.0,66.07482474751174,122.0,129.0,122.0,55.92517525248826,1
14,U07,4263.7,setup,109.2308517,23.0085095,127.7,19.999999999999986,0,0.0,66.07482474751174,0.0,66.07482474751174,122.0,129.0,122.0,55.92517525248826,1
14,U07,4273.7,setup,109.2308517,23.0085095,127.7,19.999999999999986,0,0.0,66.07482474751174,0.0,66.07482474751174,122.0,129.0,122.0,55.92517525248826,1
14,U07,4283.7,setup,109.2308517,23.0085095,127.7,19.999999999999986,0,0.0,66.07482474751174,0.0,66.07482474751174,122.0,129.0,122.0,55.92517525248826,1
14,U07,4293.7,setup,109.2308517,23.0085095,127.7,19.999999999999986,0,0.0,66.07482474751174,0.0,66.07482474751174,122.0,129.0,122.0,55.92517525248826,1
14,U07,4303.7,setup,109.2308517,23.0085095,127.7,19.999999999999986,0,0.0,66.07482474751174,0.0,66.07482474751174,122.0,129.0,122.0,55.92517525248826,1
14,U07,4313.7,setup,109.2308517,23.0085095,127.7,19.999999999999986,0,0.0,66.07482474751174,0.0,66.07482474751174,122.0,129.0,122.0,55.92517525248826,1
14,U07,4323.7,setup,109.2308517,23.0085095,127.7,19.999999999999986,0,0.0,66.07482474751174,0.0,66.07482474751174,122.0,129.0,122.0,55.92517525248826,1
14,U07,4333.7,setup,109.2308517,23.0085095,127.7,19.999999999999986,0,0.0,66.07482474751174,0.0,66.07482474751174,122.0,129.0,122.0,55.92517525248826,1
14,U07,4343.7,setup,109.2308517,23.0085095,127.7,19.999999999999986,0,0.0,66.07482474751174,0.0,66.07482474751174,122.0,129.0,122.0,55.92517525248826,1
14,U07,4353.7,setup,109.2308517,23.0085095,127.7,19.999999999999986,0,0.0,66.07482474751174,0.0,66.07482474751174,122.0,129.0,122.0,55.92517525248826,1
14,U07,4363.7,setup,109.2308517,23.0085095,127.7,19.999999999999986,0,0.0,66.07482474751174,0.0,66.07482474751174,122.0,129.0,122.0,55.92517525248826,1
14,U07,4373.7,setup,109.2308517,23.0085095,127.7,19.999999999999986,0,0.0,66.07482474751174,0.0,66.07482474751174,122.0,129.0,122.0,55.92517525248826,1
14,U07,4383.7,setup,109.2308517,23.0085095,127.7,19.999999999999986,0,0.0,66.07482474751174,0.0,66.07482474751174,122.0,129.0,122.0,55.92517525248826,1
14,U07,4393.7,setup,109.2308517,23.0085095,127.7,19.999999999999986,0,0.0,66.07482474751174,0.0,66.07482474751174,122.0,129.0,122.0,55.92517525248826,1
14,U07,4403.7,setup,109.2308517,23.0085095,127.7,19.999999999999986,0,0.0,66.07482474751174,0.0,66.07482474751174,122.0,129.0,122.0,55.92517525248826,1
14,U07,4413.7,setup,109.2308517,23.0085095,127.7,19.999999999999986,0,0.0,66.07482474751174,0.0,66.07482474751174,122.0,129.0,122.0,55.92517525248826,1
14,U07,4423.7,setup,109.2308517,23.0085095,127.7,19.999999999999986,0,0.0,66.07482474751174,0.0,66.07482474751174,122.0,129.0,122.0,55.92517525248826,1
14,U07,4433.7,climb,109.2308517,23.0085095,127.7,19.999999999999986,0,0.0,66.07482474751174,0.0,66.07482474751174,122.0,129.0,122.0,55.92517525248826,1
14,U07,4443.7,climb,109.2308517,23.0085095,152.7,5.0,0,0.0,54.03362492095249,0.0,54.03362492095249,122.0,129.0,122.0,67.96637507904751,1
14,U07,4453.7,climb,109.2308517,23.0085095,177.7,30.0,0,0.0,69.59664992862537,0.0,69.59664992862537,122.0,129.0,122.0,52.40335007137463,1
14,U07,4463.7,climb,109.2308517,23.0085095,202.7,55.0,0,0.0,74.861478624117,0.0,74.861478624117,122.0,129.0,122.0,47.138521375883,1
14,U07,4470.2358203124995,cruise,109.2308517,23.0085095,219.03955078125,71.33955078125001,0,0.0,77.12083224018335,0.0,77.12083224018335,122.0,129.0,122.0,44.87916775981665,1
14,U07,4480.2358203124995,cruise,109.23077951797897,23.009856845858845,219.03955078125,166.10042214846982,0,-23.380665172230124,84.46163955869866,0.0,84.46163955869866,122.0,129.0,122.0,37.538360441301336,1
14,U07,4490.2358203124995,cruise,109.23070733595793,23.01120419171769,219.03955078125,308.3656988940675,0,-20.292372930617546,89.83554609927342,0.0,89.83554609927342,122.0,129.0,122.0,32.164453900726585,1
14,U07,4500.2358203124995,cruise,109.2306351539369,23.012551537576538,219.03955078125,455.6198967176666,0,-19.19652729649698,93.226278459582,0.0,93.226278459582,122.0,129.0,122.0,28.773721540417995,1
14,U07,4510.2358203124995,cruise,109.23056297191587,23.01389888343538,219.03955078125,604.226451802642,0,-18.63524050828886,95.67821951184733,0.0,95.67821951184733,122.0,129.0,122.0,26.32178048815267,1
14,U07,4520.2358203124995,cruise,109.23049078989484,23.015246229294227,219.03955078125,753.3855223611545,0,-18.294066186044716,97.59457023840814,0.0,97.59457023840814,122.0,129.0,122.0,24.40542976159186,1
14,U07,4530.2358203124995,cruise,109.2304186078738,23.016593575153074,219.03955078125,902.8232981876299,0,-18.001120295290093,99.16627999262948,0.0,99.16627999262948,122.0,129.0,122.0,22.833720007370516,1
14,U07,4540.2358203124995,cruise,109.23034642585277,23.01794092101192,219.03955078125,1052.4210607576024,0,-17.506965013960723,100.49801544385265,0.0,100.49801544385265,122.0,129.0,122.0,21.50198455614735,1
14,U07,4550.2358203124995,cruise,109.23027424383174,23.019288266870767,219.03955078125,1202.119081522492,0,-17.13482338234229,101.65317465156858,0.0,101.65317465156858,122.0,129.0,122.0,20.346825348431423,1
14,U07,4560.2358203124995,cruise,109.23020206181072,23.020635612729613,219.03955078125,1351.884054044515,0,-15.976600294846747,102.67301374255793,0.0,102.67301374255793,122.0,129.0,122.0,19.326986257442073,1
14,U07,4570.2358203124995,cruise,109.23012987978967,23.02198295858846,219.03955078125,1501.695945960099,0,-12.656881230420396,103.58586500079011,0.0,103.58586500079011,122.0,129.0,122.0,18.414134999209892,1
14,U07,4580.2358203124995,cruise,109.23005769776864,23.023330304447303,219.03955078125,1651.5419881086816,0,-8.8388694144584,104.41201722399182,0.0,104.41201722399182,122.0,129.0,122.0,17.587982776008175,1
14,U07,4590.2358203124995,cruise,109.22998551574761,23.02467765030615,219.03955078125,1801.4136575006316,0,-5.062350867405399,105.16649385510895,0.0,105.16649385510895,122.0,129.0,122.0,16.833506144891047,1
14,U07,4600.2358203124995,cruise,109.22991333372659,23.026024996164995,219.03955078125,1951.3050483376708,0,-2.40697676098074,105.86072819704646,0.0,105.86072819704646,122.0,129.0,122.0,16.139271802953544,1
14,U07,4610.2358203124995,cruise,109.22984115170554,23.027372342023842,219.03955078125,2101.2119393175467,0,-0.12825146397801745,106.50362203117484,0.0,106.50362203117484,122.0,129.0,122.0,15.496377968825158,1
14,U07,4620.2358203124995,cruise,109.22976896968451,23.02871968788269,219.03955078125,2251.1312331671297,1,1.8486559128919282,107.10224110633513,10.0,117.10224110633513,122.0,129.0,122.0,4.8977588936648715,1
14,U07,4630.2358203124995,cruise,109.22969678766349,23.030067033741535,219.03955078125,2401.0606059460424,1,3.579984733628919,107.66228728148468,10.0,117.66228728148468,122.0,129.0,122.0,4.33771271851532,1
14,U07,4640.2358203124995,cruise,109.22962460564244,23.03141437960038,219.03955078125,2550.998279912228,1,5.108818955449351,108.188428149706,10.0,118.188428149706,122.0,129.0,122.0,3.8115718502940013,1
14,U07,4650.2358203124995,cruise,109.22955242362141,23.032761725459224,219.03955078125,2700.9428719852353,1,7.402262988011472,108.68453280347572,10.0,118.68453280347572,122.0,129.0,122.0,3.3154671965242812,1
14,U07,4660.2358203124995,cruise,109.22948024160038,23.03410907131807,219.03955078125,2850.8932900049917,1,29.605072884285022,109.15384407042964,10.0,119.15384407042964,122.0,129.0,122.0,2.846155929570358,1
14,U07,4670.2358203124995,cruise,109.22940805957936,23.035456417176917,219.03955078125,3000.8486600699775,1,33.135721903179416,109.59910670371661,10.0,119.59910670371661,122.0,129.0,122.0,2.4008932962833853,1
14,U07,4680.2358203124995,cruise,109.22933587755831,23.036803763035763,219.03955078125,3150.8082746168825,1,36.331712247297105,110.0226643809923,10.0,120.0226643809923,122.0,129.0,122.0,1.9773356190077038,1
14,U07,4690.2358203124995,cruise,109.22926369553728,23.03815110889461,219.03955078125,3300.7715546479194,1,39.23847269601953,110.42653419397388,10.0,120.42653419397388,122.0,129.0,122.0,1.573465806026121,1
14,U07,4700.2358203124995,cruise,109.22919151351626,23.039498454753456,219.03955078125,3450.7380218016,1,59.22431323559255,110.81246461696287,10.0,120.81246461696287,122.0,129.0,122.0,1.1875353830371296,1
14,U07,4710.2358203124995,cruise,109.22911933149523,23.040845800612303,219.03955078125,3600.7072773994037,1,62.107573627139516,111.1819811634767,10.0,121.1819811634767,122.0,129.0,122.0,0.8180188365232937,1
14,U07,4720.2358203124995,cruise,109.22904714947418,23.042193146471146,219.03955078125,3750.6789865205305,1,64.76109215481824,111.53642274028743,10.0,121.53642274028743,122.0,129.0,122.0,0.46357725971256514,1
14,U07,4730.2358203124995,cruise,109.22897496745315,23.043540492329992,219.03955078125,3900.6528657478616,1,67.2112759294181,111.876970883799,10.0,121.876970883799,122.0,129.0,122.0,0.12302911620099621,1
14,U07,4740.2358203124995,cruise,109.22890278543213,23.04488783818884,219.03955078125,4050.628673632567,1,69.4806343331988,112.20467348766532,10.0,122.20467348766532,122.0,129.0,122.0,-0.20467348766531757,0
14,U07,4750.2358203124995,cruise,109.2288306034111,23.046235184047685,219.03955078125,4200.60620320624,1,71.58847256589189,112.52046422176032,10.0,122.52046422176032,122.0,129.0,122.0,-0.5204642217603208,0
14,U07,4760.2358203124995,cruise,109.22875842139005,23.04758252990653,219.03955078125,4350.585276037605,1,73.55144219152706,112.82517854829237,10.0,122.82517854829237,122.0,129.0,122.0,-0.8251785482923708,0
14,U07,4770.2358203124995,cruise,109.22868623936903,23.048929875765378,219.03955078125,4500.565737476948,1,75.38398194170475,113.11956702627816,10.0,123.11956702627816,122.0,129.0,122.0,-1.1195670262781618,0
14,U07,4780.2358203124995,cruise,109.228614057348,23.050277221624224,219.03955078125,4650.547452824208,1,77.09867347643689,113.40430643717549,10.0,123.40430643717549,122.0,129.0,122.0,-1.4043064371754923,0
14,U07,4790.2358203124995,cruise,109.22854187532695,23.051624567483067,219.03955078125,4800.530304211538,1,78.70653064763434,113.68000914620848,10.0,123.68000914620848,122.0,129.0,122.0,-1.6800091462084765,0
14,U07,4800.2358203124995,cruise,109.22846969330593,23.052971913341914,219.03955078125,4950.514188053914,1,80.21723632812501,113.9472310247702,10.0,123.9472310247702,122.0,129.0,122.0,-1.947231024770204,0
14,U07,4810.2358203124995,cruise,109.2283975112849,23.05431925920076,219.03955078125,5100.499012949788,1,81.6393375698772,114.2064781913622,10.0,124.2064781913622,122.0,129.0,122.0,-2.2064781913621943,0
14,U07,4820.2358203124995,cruise,109.22832532926387,23.055666605059606,219.03955078125,5250.484697941212,1,82.98040740184297,114.45821277635027,10.0,124.45821277635027,122.0,129.0,122.0,-2.4582127763502655,0
14,U07,4823.703340825718,descend,109.2283003,23.0561338,219.03955078125,5302.492729320817,1,83.5694780080332,114.54382646808232,10.0,124.54382646808232,122.0,129.0,122.0,-2.5438264680823153,0
14,U07,4833.703340825718,descend,109.2283003,23.0561338,199.03955078125,5302.261363085459,1,96.22484523967162,114.54344746418103,10.0,124.54344746418103,122.0,129.0,122.0,-2.5434474641810283,0
14,U07,4835.723116216343,handover,109.2283003,23.0561338,195.0,5302.223788467858,1,98.78094516905014,114.54338591117265,10.0,124.54338591117265,122.0,129.0,122.0,-2.543385911172649,0
14,U07,4845.723116216343,handover,109.2283003,23.0561338,195.0,5302.223788467858,1,98.78094516905014,114.54338591117265,10.0,124.54338591117265,122.0,129.0,122.0,-2.543385911172649,0
14,U07,4855.723116216343,handover,109.2283003,23.0561338,195.0,5302.223788467858,1,98.78094516905014,114.54338591117265,10.0,124.54338591117265,122.0,129.0,122.0,-2.543385911172649,0
14,U07,4865.723116216343,handover,109.2283003,23.0561338,195.0,5302.223788467858,1,98.78094516905014,114.54338591117265,10.0,124.54338591117265,122.0,129.0,122.0,-2.543385911172649,0
14,U07,4875.723116216343,handover,109.2283003,23.0561338,195.0,5302.223788467858,1,98.78094516905014,114.54338591117265,10.0,124.54338591117265,122.0,129.0,122.0,-2.543385911172649,0
14,U07,4885.723116216343,handover,109.2283003,23.0561338,195.0,5302.223788467858,1,98.78094516905014,114.54338591117265,10.0,124.54338591117265,122.0,129.0,122.0,-2.543385911172649,0
14,U07,4895.723116216343,handover,109.2283003,23.0561338,195.0,5302.223788467858,1,98.78094516905014,114.54338591117265,10.0,124.54338591117265,122.0,129.0,122.0,-2.543385911172649,0
14,U07,4905.723116216343,handover,109.2283003,23.0561338,195.0,5302.223788467858,1,98.78094516905014,114.54338591117265,10.0,124.54338591117265,122.0,129.0,122.0,-2.543385911172649,0
14,U07,4915.723116216343,handover,109.2283003,23.0561338,195.0,5302.223788467858,1,98.78094516905014,114.54338591117265,10.0,124.54338591117265,122.0,129.0,122.0,-2.543385911172649,0
14,U07,4925.723116216343,handover,109.2283003,23.0561338,195.0,5302.223788467858,1,98.78094516905014,114.54338591117265,10.0,124.54338591117265,122.0,129.0,122.0,-2.543385911172649,0
14,U07,4935.723116216343,handover,109.2283003,23.0561338,195.0,5302.223788467858,1,98.78094516905014,114.54338591117265,10.0,124.54338591117265,122.0,129.0,122.0,-2.543385911172649,0
14,U07,4945.723116216343,handover,109.2283003,23.0561338,195.0,5302.223788467858,1,98.78094516905014,114.54338591117265,10.0,124.54338591117265,122.0,129.0,122.0,-2.543385911172649,0
14,U07,4955.723116216343,handover,109.2283003,23.0561338,195.0,5302.223788467858,1,98.78094516905014,114.54338591117265,10.0,124.54338591117265,122.0,129.0,122.0,-2.543385911172649,0
14,U07,4965.723116216343,handover,109.2283003,23.0561338,195.0,5302.223788467858,1,98.78094516905014,114.54338591117265,10.0,124.54338591117265,122.0,129.0,122.0,-2.543385911172649,0
14,U07,4975.723116216343,handover,109.2283003,23.0561338,195.0,5302.223788467858,1,98.78094516905014,114.54338591117265,10.0,124.54338591117265,122.0,129.0,122.0,-2.543385911172649,0
14,U07,4985.723116216343,handover,109.2283003,23.0561338,195.0,5302.223788467858,1,98.78094516905014,114.54338591117265,10.0,124.54338591117265,122.0,129.0,122.0,-2.543385911172649,0
14,U07,4995.723116216343,handover,109.2283003,23.0561338,195.0,5302.223788467858,1,98.78094516905014,114.54338591117265,10.0,124.54338591117265,122.0,129.0,122.0,-2.543385911172649,0
14,U07,5005.723116216343,handover,109.2283003,23.0561338,195.0,5302.223788467858,1,98.78094516905014,114.54338591117265,10.0,124.54338591117265,122.0,129.0,122.0,-2.543385911172649,0
14,U07,5015.723116216343,handover,109.2283003,23.0561338,195.0,5302.223788467858,1,98.78094516905014,114.54338591117265,10.0,124.54338591117265,122.0,129.0,122.0,-2.543385911172649,0
14,U07,5025.723116216343,handover,109.2283003,23.0561338,195.0,5302.223788467858,1,98.78094516905014,114.54338591117265,10.0,124.54338591117265,122.0,129.0,122.0,-2.543385911172649,0
14,U07,5035.723116216343,handover,109.2283003,23.0561338,195.0,5302.223788467858,1,98.78094516905014,114.54338591117265,10.0,124.54338591117265,122.0,129.0,122.0,-2.543385911172649,0
14,U07,5045.723116216343,handover,109.2283003,23.0561338,195.0,5302.223788467858,1,98.78094516905014,114.54338591117265,10.0,124.54338591117265,122.0,129.0,122.0,-2.543385911172649,0
14,U07,5055.723116216343,handover,109.2283003,23.0561338,195.0,5302.223788467858,1,98.78094516905014,114.54338591117265,10.0,124.54338591117265,122.0,129.0,122.0,-2.543385911172649,0
14,U07,5065.723116216343,handover,109.2283003,23.0561338,195.0,5302.223788467858,1,98.78094516905014,114.54338591117265,10.0,124.54338591117265,122.0,129.0,122.0,-2.543385911172649,0
14,U07,5075.723116216343,handover,109.2283003,23.0561338,195.0,5302.223788467858,1,98.78094516905014,114.54338591117265,10.0,124.54338591117265,122.0,129.0,122.0,-2.543385911172649,0
14,U07,5085.723116216343,handover,109.2283003,23.0561338,195.0,5302.223788467858,1,98.78094516905014,114.54338591117265,10.0,124.54338591117265,122.0,129.0,122.0,-2.543385911172649,0
14,U07,5087.723116216343,climb,109.2283003,23.0561338,195.0,5302.223788467858,1,98.78094516905014,114.54338591117265,10.0,124.54338591117265,122.0,129.0,122.0,-2.543385911172649,0
14,U07,5097.723116216343,climb,109.2283003,23.0561338,220.0,5302.505738138758,1,82.96173612950213,114.54384777749736,10.0,124.54384777749736,122.0,129.0,122.0,-2.543847777497362,0
14,U07,5107.723116216343,climb,109.2283003,23.0561338,245.0,5302.905534043997,1,67.14252708995411,114.54450264754874,10.0,124.54450264754874,122.0,129.0,122.0,-2.5445026475487396,0
14,U07,5117.723116216343,climb,109.2283003,23.0561338,270.0,5303.423149532238,1,51.32331805040607,114.54535043402481,10.0,124.54535043402481,122.0,129.0,122.0,-2.5453504340248116,0
14,U07,5127.723116216343,climb,109.2283003,23.0561338,295.0,5304.058550109949,1,35.50410901085806,114.5463910239512,10.0,124.5463910239512,122.0,129.0,122.0,-2.5463910239512018,0
14,U07,5129.038790044468,cruise,109.2283003,23.0561338,298.2891845703125,5304.150913718802,1,33.42281707936087,114.54654227664203,10.0,124.54654227664203,122.0,129.0,122.0,-2.546542276642029,0
14,U07,5139.038790044468,cruise,109.22753483484,23.05728435273726,298.2891845703125,5436.212681484229,1,31.437013332902893,114.76015362100472,10.0,124.76015362100472,122.0,129.0,122.0,-2.7601536210047186,0
14,U07,5149.038790044468,cruise,109.22676936968,23.05843490547452,298.2891845703125,5569.183528672474,1,34.42041967248406,114.97005543435587,10.0,124.97005543435587,122.0,129.0,122.0,-2.9700554343558707,0
14,U07,5159.038790044468,cruise,109.22600390452,23.059585458211778,298.2891845703125,5702.999839917839,1,32.275389888092604,115.17629202212291,10.0,125.17629202212291,122.0,129.0,122.0,-3.176292022122908,0
14,U07,5169.038790044468,cruise,109.22523843936001,23.060736010949036,298.2891845703125,5837.603446449278,1,42.86752748147035,115.37891662716827,10.0,125.37891662716827,122.0,129.0,122.0,-3.378916627168266,0
14,U07,5179.038790044468,cruise,109.22447297420001,23.061886563686297,298.2891845703125,5972.941095739245,1,48.70953641427789,115.57798947063831,10.0,125.57798947063831,122.0,129.0,122.0,-3.5779894706383146,0
14,U07,5189.038790044468,cruise,109.22370750904001,23.063037116423555,298.2891845703125,6108.963976406914,1,44.51792482862288,115.77357611770772,10.0,125.77357611770772,122.0,129.0,122.0,-3.7735761177077194,0
14,U07,5199.038790044468,cruise,109.22294204388001,23.064187669160816,298.2891845703125,6245.627292675973,1,35.941818420263814,115.96574611779062,10.0,125.96574611779062,122.0,129.0,122.0,-3.9657461177906157,0
14,U07,5209.038790044468,cruise,109.22217657872001,23.065338221898074,298.2891845703125,6382.8898831554525,1,35.30019789145027,116.15457187620291,10.0,126.15457187620291,122.0,129.0,122.0,-4.154571876202908,0
14,U07,5219.038790044468,cruise,109.22141111356001,23.06648877463533,298.2891845703125,6520.713879232448,1,43.27074594782687,116.34012772077153,10.0,126.34012772077153,122.0,129.0,122.0,-4.340127720771534,0
14,U07,5229.038790044468,cruise,109.22064564840001,23.067639327372593,298.2891845703125,6659.064398798693,1,59.56376331776113,116.5224891324064,10.0,126.5224891324064,122.0,129.0,122.0,-4.522489132406406,0
14,U07,5239.038790044468,cruise,109.21988018324001,23.06878988010985,298.2891845703125,6797.9092714896315,1,59.99163089701784,116.7017321134467,10.0,126.7017321134467,122.0,129.0,122.0,-4.701732113446695,0
14,U07,5249.038790044468,cruise,109.21911471808002,23.06994043284711,298.2891845703125,6937.218792015289,1,59.585404885870844,116.87793267165391,10.0,126.87793267165391,122.0,129.0,122.0,-4.877932671653909,0
14,U07,5259.038790044468,cruise,109.21834925292002,23.07109098558437,298.2891845703125,7076.965498523785,1,63.71140591896187,117.0511664011705,10.0,127.0511664011705,122.0,129.0,122.0,-5.051166401170505,0
14,U07,5269.038790044468,cruise,109.21758378776002,23.072241538321627,298.2891845703125,7217.123973279371,1,70.209326171875,117.22150814470109,10.0,127.22150814470109,122.0,129.0,122.0,-5.22150814470109,0
14,U07,5279.038790044468,cruise,109.21681832260002,23.073392091058885,298.2891845703125,7357.670663239695,1,76.66307984641514,117.38903172365397,10.0,127.38903172365397,122.0,129.0,122.0,-5.3890317236539715,0
14,U07,5289.038790044468,cruise,109.21605285744002,23.074542643796146,298.2891845703125,7498.583718380979,1,77.1437779296875,117.55380972506696,10.0,127.55380972506696,122.0,129.0,122.0,-5.553809725066955,0
14,U07,5299.038790044468,cruise,109.21528739228002,23.075693196533404,298.2891845703125,7639.84284586329,1,77.34410831227024,117.71591333591253,10.0,127.71591333591253,122.0,129.0,122.0,-5.715913335912532,0
14,U07,5309.038790044468,cruise,109.21452192712002,23.076843749270665,298.2891845703125,7781.429178348489,1,80.50245510681975,117.87541221687381,10.0,127.87541221687381,122.0,129.0,122.0,-5.875412216873812,0
14,U07,5319.038790044468,cruise,109.21375646196003,23.077994302007923,298.2891845703125,7923.325154959296,1,82.09802000337828,118.03237440892191,10.0,128.0323744089219,122.0,129.0,122.0,-6.032374408921896,0
14,U07,5329.038790044468,cruise,109.21299099680003,23.07914485474518,298.2891845703125,8065.514413558167,1,85.21629316478857,118.18686626710792,10.0,128.18686626710792,122.0,129.0,122.0,-6.186866267107916,0
14,U07,5332.2237397034605,descend,109.2127472,23.0795113,298.2891845703125,8110.860051003732,1,85.58570640126791,118.23556299268743,10.0,128.23556299268745,122.0,129.0,122.0,-6.2355629926874485,0
14,U07,5342.2237397034605,descend,109.2127472,23.0795113,278.2891845703125,8110.513374601231,1,94.3842276581995,118.2351917302926,10.0,128.2351917302926,122.0,129.0,122.0,-6.235191730292598,0
14,U07,5345.918331988617,handover,109.2127472,23.0795113,270.9,8110.397764873108,1,97.6349225338638,118.23506791809353,10.0,128.23506791809353,122.0,129.0,122.0,-6.2350679180935344,0
14,U07,5355.918331988617,handover,109.2127472,23.0795113,270.9,8110.397764873108,1,97.6349225338638,118.23506791809353,10.0,128.23506791809353,122.0,129.0,122.0,-6.2350679180935344,0
14,U07,5365.918331988617,handover,109.2127472,23.0795113,270.9,8110.397764873108,1,97.6349225338638,118.23506791809353,10.0,128.23506791809353,122.0,129.0,122.0,-6.2350679180935344,0
14,U07,5375.918331988617,handover,109.2127472,23.0795113,270.9,8110.397764873108,1,97.6349225338638,118.23506791809353,10.0,128.23506791809353,122.0,129.0,122.0,-6.2350679180935344,0
14,U07,5385.918331988617,handover,109.2127472,23.0795113,270.9,8110.397764873108,1,97.6349225338638,118.23506791809353,10.0,128.23506791809353,122.0,129.0,122.0,-6.2350679180935344,0
14,U07,5395.918331988617,handover,109.2127472,23.0795113,270.9,8110.397764873108,1,97.6349225338638,118.23506791809353,10.0,128.23506791809353,122.0,129.0,122.0,-6.2350679180935344,0
14,U07,5405.918331988617,handover,109.2127472,23.0795113,270.9,8110.397764873108,1,97.6349225338638,118.23506791809353,10.0,128.23506791809353,122.0,129.0,122.0,-6.2350679180935344,0
14,U07,5415.918331988617,handover,109.2127472,23.0795113,270.9,8110.397764873108,1,97.6349225338638,118.23506791809353,10.0,128.23506791809353,122.0,129.0,122.0,-6.2350679180935344,0
14,U07,5425.918331988617,handover,109.2127472,23.0795113,270.9,8110.397764873108,1,97.6349225338638,118.23506791809353,10.0,128.23506791809353,122.0,129.0,122.0,-6.2350679180935344,0
14,U07,5435.918331988617,handover,109.2127472,23.0795113,270.9,8110.397764873108,1,97.6349225338638,118.23506791809353,10.0,128.23506791809353,122.0,129.0,122.0,-6.2350679180935344,0
14,U07,5445.918331988617,handover,109.2127472,23.0795113,270.9,8110.397764873108,1,97.6349225338638,118.23506791809353,10.0,128.23506791809353,122.0,129.0,122.0,-6.2350679180935344,0
14,U07,5455.918331988617,handover,109.2127472,23.0795113,270.9,8110.397764873108,1,97.6349225338638,118.23506791809353,10.0,128.23506791809353,122.0,129.0,122.0,-6.2350679180935344,0
14,U07,5465.918331988617,handover,109.2127472,23.0795113,270.9,8110.397764873108,1,97.6349225338638,118.23506791809353,10.0,128.23506791809353,122.0,129.0,122.0,-6.2350679180935344,0
14,U07,5475.918331988617,handover,109.2127472,23.0795113,270.9,8110.397764873108,1,97.6349225338638,118.23506791809353,10.0,128.23506791809353,122.0,129.0,122.0,-6.2350679180935344,0
14,U07,5485.918331988617,handover,109.2127472,23.0795113,270.9,8110.397764873108,1,97.6349225338638,118.23506791809353,10.0,128.23506791809353,122.0,129.0,122.0,-6.2350679180935344,0
14,U07,5495.918331988617,handover,109.2127472,23.0795113,270.9,8110.397764873108,1,97.6349225338638,118.23506791809353,10.0,128.23506791809353,122.0,129.0,122.0,-6.2350679180935344,0
14,U07,5505.918331988617,handover,109.2127472,23.0795113,270.9,8110.397764873108,1,97.6349225338638,118.23506791809353,10.0,128.23506791809353,122.0,129.0,122.0,-6.2350679180935344,0
14,U07,5515.918331988617,handover,109.2127472,23.0795113,270.9,8110.397764873108,1,97.6349225338638,118.23506791809353,10.0,128.23506791809353,122.0,129.0,122.0,-6.2350679180935344,0
14,U07,5525.918331988617,handover,109.2127472,23.0795113,270.9,8110.397764873108,1,97.6349225338638,118.23506791809353,10.0,128.23506791809353,122.0,129.0,122.0,-6.2350679180935344,0
14,U07,5535.918331988617,handover,109.2127472,23.0795113,270.9,8110.397764873108,1,97.6349225338638,118.23506791809353,10.0,128.23506791809353,122.0,129.0,122.0,-6.2350679180935344,0
14,U07,5545.918331988617,handover,109.2127472,23.0795113,270.9,8110.397764873108,1,97.6349225338638,118.23506791809353,10.0,128.23506791809353,122.0,129.0,122.0,-6.2350679180935344,0
14,U07,5555.918331988617,handover,109.2127472,23.0795113,270.9,8110.397764873108,1,97.6349225338638,118.23506791809353,10.0,128.23506791809353,122.0,129.0,122.0,-6.2350679180935344,0
14,U07,5565.918331988617,handover,109.2127472,23.0795113,270.9,8110.397764873108,1,97.6349225338638,118.23506791809353,10.0,128.23506791809353,122.0,129.0,122.0,-6.2350679180935344,0
14,U07,5575.918331988617,handover,109.2127472,23.0795113,270.9,8110.397764873108,1,97.6349225338638,118.23506791809353,10.0,128.23506791809353,122.0,129.0,122.0,-6.2350679180935344,0
14,U07,5585.918331988617,handover,109.2127472,23.0795113,270.9,8110.397764873108,1,97.6349225338638,118.23506791809353,10.0,128.23506791809353,122.0,129.0,122.0,-6.2350679180935344,0
14,U07,5595.918331988617,handover,109.2127472,23.0795113,270.9,8110.397764873108,1,97.6349225338638,118.23506791809353,10.0,128.23506791809353,122.0,129.0,122.0,-6.2350679180935344,0
14,U07,5605.918331988617,handover,109.2127472,23.0795113,270.9,8110.397764873108,1,97.6349225338638,118.23506791809353,10.0,128.23506791809353,122.0,129.0,122.0,-6.2350679180935344,0
14,U07,5615.918331988617,handover,109.2127472,23.0795113,270.9,8110.397764873108,1,97.6349225338638,118.23506791809353,10.0,128.23506791809353,122.0,129.0,122.0,-6.2350679180935344,0
14,U07,5625.918331988617,handover,109.2127472,23.0795113,270.9,8110.397764873108,1,97.6349225338638,118.23506791809353,10.0,128.23506791809353,122.0,129.0,122.0,-6.2350679180935344,0
14,U07,5635.918331988617,handover,109.2127472,23.0795113,270.9,8110.397764873108,1,97.6349225338638,118.23506791809353,10.0,128.23506791809353,122.0,129.0,122.0,-6.2350679180935344,0
14,U07,5645.918331988617,handover,109.2127472,23.0795113,270.9,8110.397764873108,1,97.6349225338638,118.23506791809353,10.0,128.23506791809353,122.0,129.0,122.0,-6.2350679180935344,0
14,U07,5655.918331988617,handover,109.2127472,23.0795113,270.9,8110.397764873108,1,97.6349225338638,118.23506791809353,10.0,128.23506791809353,122.0,129.0,122.0,-6.2350679180935344,0
14,U07,5665.918331988617,handover,109.2127472,23.0795113,270.9,8110.397764873108,1,97.6349225338638,118.23506791809353,10.0,128.23506791809353,122.0,129.0,122.0,-6.2350679180935344,0
14,U07,5675.918331988617,handover,109.2127472,23.0795113,270.9,8110.397764873108,1,97.6349225338638,118.23506791809353,10.0,128.23506791809353,122.0,129.0,122.0,-6.2350679180935344,0
14,U07,5685.918331988617,handover,109.2127472,23.0795113,270.9,8110.397764873108,1,97.6349225338638,118.23506791809353,10.0,128.23506791809353,122.0,129.0,122.0,-6.2350679180935344,0
14,U07,5695.918331988617,handover,109.2127472,23.0795113,270.9,8110.397764873108,1,97.6349225338638,118.23506791809353,10.0,128.23506791809353,122.0,129.0,122.0,-6.2350679180935344,0
14,U07,5705.918331988617,climb,109.2127472,23.0795113,270.9,8110.397764873108,1,97.6349225338638,118.23506791809353,10.0,128.23506791809353,122.0,129.0,122.0,-6.2350679180935344,0
14,U07,5715.918331988617,climb,109.2127472,23.0795113,295.9,8110.816044299039,1,86.6367709626993,118.23551586594442,10.0,128.23551586594442,122.0,129.0,122.0,-6.235515865944421,0
14,U07,5725.918331988617,climb,109.2127472,23.0795113,320.9,8111.311355413421,1,75.6386193915348,118.23604627944339,10.0,128.23604627944337,122.0,129.0,122.0,-6.2360462794433715,0
14,U07,5735.918331988617,climb,109.2127472,23.0795113,345.9,8111.8836841056045,1,64.64046782037028,118.23665912837319,10.0,128.2366591283732,122.0,129.0,122.0,-6.236659128373191,0
14,U07,5745.918331988617,climb,109.2127472,23.0795113,370.9,8112.5330140751175,1,53.64231624920575,118.23735437783108,10.0,128.23735437783108,122.0,129.0,122.0,-6.237354377831082,0
14,U07,5746.778583453461,cruise,109.2127472,23.0795113,373.0506286621094,8112.592469136923,1,52.696198649238966,118.23741803467068,10.0,128.23741803467067,122.0,129.0,122.0,-6.237418034670668,0
14,U07,5756.778583453461,cruise,109.21308207733286,23.078197985994528,373.0506286621094,7962.653466862629,1,50.82920025324418,118.07538114874687,10.0,128.07538114874689,122.0,129.0,122.0,-6.075381148746885,0
14,U07,5766.778583453461,cruise,109.21341695466572,23.076884671989053,373.0506286621094,7812.716652131251,1,48.89053205318049,117.91026631044718,10.0,127.91026631044718,122.0,129.0,122.0,-5.910266310447184,0
14,U07,5776.778583453461,cruise,109.21375183199856,23.07557135798358,373.0506286621094,7662.782157847673,1,46.87598642845677,117.74195442121224,10.0,127.74195442121224,122.0,129.0,122.0,-5.741954421212242,0
14,U07,5786.778583453461,cruise,109.21408670933143,23.074258043978105,373.0506286621094,7512.850127521486,1,44.78101982071013,117.57031933952554,10.0,127.57031933952554,122.0,129.0,122.0,-5.57031933952554,0
14,U07,5796.778583453461,cruise,109.21442158666429,23.072944729972633,373.0506286621094,7362.920716351263,1,42.60071852425693,117.3952273149422,10.0,127.3952273149422,122.0,129.0,122.0,-5.395227314942204,0
14,U07,5806.778583453461,cruise,109.21475646399715,23.071631415967158,373.0506286621094,7212.994092434196,1,40.32976020924019,117.21653636414385,10.0,127.21653636414385,122.0,129.0,122.0,-5.216536364143849,0
14,U07,5816.778583453461,cruise,109.21509134133,23.070318101961686,373.0506286621094,7063.070438139458,1,37.9623705432673,117.03409558177492,10.0,127.03409558177492,122.0,129.0,122.0,-5.0340955817749204,0
14,U07,5826.778583453461,cruise,109.21542621866286,23.06900478795621,373.0506286621094,6913.149951648618,1,35.49227416727393,116.84774437768797,10.0,126.84774437768797,122.0,129.0,122.0,-4.847744377687974,0
14,U07,5836.778583453461,cruise,109.21576109599572,23.067691473950738,373.0506286621094,6763.232848713817,1,32.91263914932961,116.6573116310037,10.0,126.6573116310037,122.0,129.0,122.0,-4.657311631003694,0
14,U07,5846.778583453461,cruise,109.21609597332858,23.066378159945263,373.0506286621094,6613.319364643549,1,30.216013881138394,116.46261474983726,10.0,126.46261474983726,122.0,129.0,122.0,-4.4626147498372575,0
14,U07,5856.778583453461,cruise,109.21643085066144,23.06506484593979,373.0506286621094,6463.409756572704,1,27.394255189829266,116.26345862382121,10.0,126.26345862382121,122.0,129.0,122.0,-4.263458623821208,0
14,U07,5866.778583453461,cruise,109.21676572799429,23.063751531934315,373.0506286621094,6313.504306049413,1,24.438446204396143,116.05963445441441,10.0,126.05963445441441,122.0,129.0,122.0,-4.059634454414407,0
14,U07,5876.778583453461,cruise,109.21710060532715,23.062438217928843,373.0506286621094,6163.603322005054,1,21.33880223183735,115.85091844551721,10.0,125.85091844551721,122.0,129.0,122.0,-3.850918445517209,0
14,U07,5886.778583453461,cruise,109.21743548266001,23.061124903923368,373.0506286621094,6013.707144161976,1,18.084562549924044,115.63707033389441,10.0,125.63707033389441,122.0,129.0,122.0,-3.637070333894414,0
14,U07,5896.778583453461,cruise,109.21777035999287,23.059811589917896,373.0506286621094,5863.8161469694505,1,14.663865595278537,115.41783173535065,10.0,125.41783173535065,122.0,129.0,122.0,-3.4178317353506458,0
14,U07,5906.778583453461,cruise,109.21810523732572,23.05849827591242,373.0506286621094,5713.9307441528,1,11.512760144331338,115.19292427825181,10.0,125.19292427825181,122.0,129.0,122.0,-3.192924278251809,0
14,U07,5916.778583453461,cruise,109.21844011465858,23.057184961906948,373.0506286621094,5564.051394001276,1,10.31706311002256,114.96204749078353,10.0,124.96204749078353,122.0,129.0,122.0,-2.962047490783533,0
14,U07,5926.778583453461,cruise,109.21877499199144,23.055871647901473,373.0506286621094,5414.1786055304565,1,9.055122472704937,114.72487640195727,10.0,124.72487640195727,122.0,129.0,122.0,-2.7248764019572747,0
14,U07,5936.778583453461,cruise,109.2191098693243,23.054558333896,373.0506286621094,5264.312945700135,1,7.721276385967542,114.48105880862559,10.0,124.48105880862559,122.0,129.0,122.0,-2.4810588086255905,0
14,U07,5946.778583453461,cruise,109.21944474665715,23.053245019890525,373.0506286621094,5114.455047892154,1,6.309198857192769,114.23021215120106,10.0,124.23021215120106,122.0,129.0,122.0,-2.2302121512010586,0
14,U07,5956.778583453461,cruise,109.21977962399001,23.051931705885053,373.0506286621094,4964.605621929338,1,4.811799423356092,113.97191992903693,10.0,123.97191992903693,122.0,129.0,122.0,-1.971919929036929,0
14,U07,5966.778583453461,cruise,109.22011450132287,23.050618391879578,373.0506286621094,4814.765465958245,1,3.221104074638589,113.70572757176755,10.0,123.70572757176755,122.0,129.0,122.0,-1.7057275717675537,0
14,U07,5976.778583453461,cruise,109.22044937865573,23.049305077874106,373.0506286621094,4664.935480621295,1,1.5281132051032387,113.43113766467599,10.0,123.43113766467599,122.0,129.0,122.0,-1.4311376646759868,0
14,U07,5986.778583453461,cruise,109.22078425598859,23.04799176386863,373.0506286621094,4515.116686041655,0,-0.2773687521088277,113.14760440318796,0.0,113.14760440318796,122.0,129.0,122.0,8.852395596812045,1
14,U07,5996.778583453461,cruise,109.22111913332144,23.04667844986316,373.0506286621094,4365.3102423075015,0,-2.2069388163458257,112.85452712259759,0.0,112.85452712259759,122.0,129.0,122.0,9.145472877402412,1
14,U07,6006.778583453461,cruise,109.2214540106543,23.045365135857683,373.0506286621094,4215.517474304474,0,-4.273844828215346,112.55124271209829,0.0,112.55124271209829,122.0,129.0,122.0,9.448757287901714,1
14,U07,6016.778583453461,cruise,109.22178888798716,23.04405182185221,373.0506286621094,4065.7399020404214,0,-6.493290029152718,112.2370166748141,0.0,112.2370166748141,122.0,129.0,122.0,9.7629833251859,1
14,U07,6026.778583453461,cruise,109.22212376532002,23.042738507846735,373.0506286621094,3915.97927790281,0,-5.7708883351292855,111.91103253405394,0.0,111.91103253405394,122.0,129.0,122.0,10.088967465946055,1
14,U07,6036.778583453461,cruise,109.22245864265287,23.041425193841263,373.0506286621094,3766.2376327940733,0,-8.075614582684864,111.57237920602509,0.0,111.57237920602509,122.0,129.0,122.0,10.42762079397491,1
14,U07,6046.778583453461,cruise,109.22279351998573,23.040111879835788,373.0506286621094,3616.517333691967,0,-10.571604419249212,111.22003585380166,0.0,111.22003585380166,122.0,129.0,122.0,10.779964146198338,1
14,U07,6056.778583453461,cruise,109.22312839731859,23.038798565830316,373.0506286621094,3466.8211560975824,0,-13.283697271966304,110.85285359742453,0.0,110.85285359742453,122.0,129.0,122.0,11.147146402575473,1
14,U07,6066.778583453461,cruise,109.22346327465145,23.03748525182484,373.0506286621094,3317.1523760304253,0,-16.241228391897636,110.469533267029,0.0,110.469533267029,122.0,129.0,122.0,11.530466732971007,1
14,U07,6076.778583453461,cruise,109.22379815198431,23.03617193781937,373.0506286621094,3167.5148880365446,0,-17.69665517219434,110.0685981310839,0.0,110.0685981310839,122.0,129.0,122.0,11.931401868916097,1
14,U07,6086.778583453461,cruise,109.22413302931716,23.034858623813893,373.0506286621094,3017.9133581770516,0,-17.856060016689014,109.64836018181917,0.0,109.64836018181917,122.0,129.0,122.0,12.351639818180828,1
14,U07,6096.778583453461,cruise,109.22446790665002,23.03354530980842,373.0506286621094,2868.353424720185,0,-18.03215646793703,109.20687807365351,0.0,109.20687807365351,122.0,129.0,122.0,12.793121926346487,1
14,U07,6106.778583453461,cruise,109.22480278398288,23.032231995802945,373.0506286621094,2718.8419647994606,0,-18.227711090593687,108.74190412529654,0.0,108.74190412529654,122.0,129.0,122.0,13.258095874703457,1
14,U07,6116.778583453461,cruise,109.22513766131574,23.030918681797473,373.0506286621094,2569.3874537565544,0,-18.446137598941192,108.2508168171119,0.0,108.2508168171119,122.0,129.0,122.0,13.749183182888103,1
14,U07,6126.778583453461,cruise,109.22547253864859,23.029605367791998,373.0506286621094,2420.000456961687,0,-18.69169783503372,107.73053379397231,0.0,107.73053379397231,122.0,129.0,122.0,14.269466206027687,1
14,U07,6136.778583453461,cruise,109.22580741598145,23.028292053786526,373.0506286621094,2270.6943146894655,0,-18.96978260570802,107.177398285873,0.0,107.177398285873,122.0,129.0,122.0,14.822601714127003,1
14,U07,6146.778583453461,cruise,109.22614229331431,23.02697873978105,373.0506286621094,2121.4861143568187,0,-19.28731202470496,106.58702870520824,0.0,106.58702870520824,122.0,129.0,122.0,15.41297129479176,1
14,U07,6156.778583453461,cruise,109.22647717064717,23.02566542577558,373.0506286621094,1972.3981008695698,0,-19.653319217594515,105.95411634817884,0.0,105.95411634817884,122.0,129.0,122.0,16.045883651821157,1
14,U07,6166.778583453461,cruise,109.22681204798002,23.024352111770103,373.0506286621094,1823.459773109746,0,-19.985268711058552,105.27214857210156,0.0,105.27214857210156,122.0,129.0,122.0,16.727851427898443,1
14,U07,6176.778583453461,cruise,109.22714692531288,23.02303879776463,373.0506286621094,1674.7110883932078,0,-20.15305266509185,104.53302275077735,0.0,104.53302275077735,122.0,129.0,122.0,17.46697724922265,1
14,U07,6186.778583453461,cruise,109.22748180264574,23.021725483759155,373.0506286621094,1526.207519732705,0,-20.354061164478253,103.72649661470054,0.0,103.72649661470054,122.0,129.0,122.0,18.273503385299463,1
14,U07,6196.778583453461,cruise,109.2278166799786,23.020412169753683,373.0506286621094,1378.0283393004693,0,-20.599247356037495,102.83938781375221,0.0,102.83938781375221,122.0,129.0,122.0,19.16061218624779,1
14,U07,6206.778583453461,cruise,109.22815155731146,23.019098855748208,373.0506286621094,1230.2907908779148,0,-20.90497334798178,101.8543802979421,0.0,101.8543802979421,122.0,129.0,122.0,20.1456197020579,1
14,U07,6216.778583453461,cruise,109.22848643464431,23.017785541742736,373.0506286621094,1083.1756277500522,0,-21.296819337656785,100.74820242433368,0.0,100.74820242433368,122.0,129.0,122.0,21.251797575666316,1
14,U07,6226.778583453461,cruise,109.22882131197717,23.01647222773726,373.0506286621094,936.976095668353,0,-21.817139422307235,99.48879505856709,0.0,99.48879505856709,122.0,129.0,122.0,22.511204941432908,1
14,U07,6236.778583453461,cruise,109.22915618931003,23.01515891373179,373.0506286621094,792.1993364478402,0,-22.54150659897749,98.03091432023375,0.0,98.03091432023375,122.0,129.0,122.0,23.969085679766252,1
14,U07,6246.778583453461,cruise,109.2294910666429,23.013845599726316,373.0506286621094,649.7970941979336,0,-23.619223617925883,96.30978013241003,0.0,96.30978013241003,122.0,129.0,122.0,25.690219867589974,1
14,U07,6256.778583453461,cruise,109.22982594397574,23.01253228572084,373.0506286621094,511.7555054538678,0,-25.39224193942161,94.23547530402504,0.0,94.23547530402504,122.0,129.0,122.0,27.764524695974956,1
14,U07,6266.778583453461,cruise,109.2301608213086,23.01121897171537,373.0506286621094,382.8213140561476,0,-28.853849138532354,91.71414702757596,0.0,91.71414702757596,122.0,129.0,122.0,30.28585297242404,1
14,U07,6276.778583453461,cruise,109.23049569864146,23.009905657709893,373.0506286621094,276.06469467763225,0,-38.60928760875356,88.87444221822415,0.0,88.87444221822415,122.0,129.0,122.0,33.12555778177585,1
14,U07,6286.778583453461,cruise,109.23083057597432,23.00859234370442,373.0506286621094,225.54919071579738,0,0.0,87.11905029746276,0.0,87.11905029746276,122.0,129.0,122.0,34.88094970253724,1
14,U07,6287.409382364276,descend,109.2308517,23.0085095,373.0506286621094,225.3506286621094,0,0.0,87.11140031348846,0.0,87.11140031348846,122.0,129.0,122.0,34.88859968651154,1
14,U07,6297.409382364276,descend,109.2308517,23.0085095,353.0506286621094,205.3506286621094,0,0.0,86.30414556912046,0.0,86.30414556912046,122.0,129.0,122.0,35.695854430879535,1
14,U07,6307.409382364276,descend,109.2308517,23.0085095,333.0506286621094,185.3506286621094,0,0.0,85.41410610191842,0.0,85.41410610191842,122.0,129.0,122.0,36.58589389808158,1
14,U07,6317.409382364276,descend,109.2308517,23.0085095,313.0506286621094,165.3506286621094,0,0.0,84.4223418429902,0.0,84.4223418429902,122.0,129.0,122.0,37.57765815700979,1
14,U07,6327.409382364276,descend,109.2308517,23.0085095,293.0506286621094,145.3506286621094,0,0.0,83.3025631241484,0.0,83.3025631241484,122.0,129.0,122.0,38.697436875851594,1
14,U07,6337.409382364276,descend,109.2308517,23.0085095,273.0506286621094,125.35062866210939,0,0.0,82.01675516195175,0.0,82.01675516195175,122.0,129.0,122.0,39.98324483804825,1
14,U07,6347.409382364276,descend,109.2308517,23.0085095,253.05062866210938,105.35062866210939,0,0.0,80.5069674648507,0.0,80.5069674648507,122.0,129.0,122.0,41.4930325351493,1
14,U07,6357.409382364276,descend,109.2308517,23.0085095,233.05062866210938,85.35062866210939,0,0.0,78.67835932062961,0.0,78.67835932062961,122.0,129.0,122.0,43.32164067937039,1
14,U07,6367.409382364276,descend,109.2308517,23.0085095,213.05062866210938,65.35062866210939,0,0.0,76.35922022976976,0.0,76.35922022976976,122.0,129.0,122.0,45.64077977023024,1
14,U07,6377.409382364276,descend,109.2308517,23.0085095,193.05062866210938,45.350628662109386,0,0.0,73.185891069031,0.0,73.185891069031,122.0,129.0,122.0,48.814108930969,1
14,U07,6387.409382364276,descend,109.2308517,23.0085095,173.05062866210938,25.350628662109386,0,0.0,68.13399950888133,0.0,68.13399950888133,122.0,129.0,122.0,53.86600049111867,1
14,U07,6397.409382364276,descend,109.2308517,23.0085095,153.05062866210938,5.350628662109386,0,0.0,54.622321066975225,0.0,54.622321066975225,122.0,129.0,122.0,67.37767893302478,1
14,U07,6407.409382364276,descend,109.2308517,23.0085095,133.05062866210938,14.649371337890614,0,0.0,63.37060459036467,0.0,63.37060459036467,122.0,129.0,122.0,58.62939540963533,1
14,U07,6410.08469669533,descend,109.2308517,23.0085095,127.69999999999999,20.0,0,0.0,66.07482474751174,0.0,66.07482474751174,122.0,129.0,122.0,55.92517525248826,1
15,U07,6410.1,setup,109.2308517,23.0085095,127.7,19.999999999999986,0,0.0,66.07482474751174,0.0,66.07482474751174,122.0,129.0,122.0,55.92517525248826,1
15,U07,6420.1,setup,109.2308517,23.0085095,127.7,19.999999999999986,0,0.0,66.07482474751174,0.0,66.07482474751174,122.0,129.0,122.0,55.92517525248826,1
15,U07,6430.1,setup,109.2308517,23.0085095,127.7,19.999999999999986,0,0.0,66.07482474751174,0.0,66.07482474751174,122.0,129.0,122.0,55.92517525248826,1
15,U07,6440.1,setup,109.2308517,23.0085095,127.7,19.999999999999986,0,0.0,66.07482474751174,0.0,66.07482474751174,122.0,129.0,122.0,55.92517525248826,1
15,U07,6450.1,setup,109.2308517,23.0085095,127.7,19.999999999999986,0,0.0,66.07482474751174,0.0,66.07482474751174,122.0,129.0,122.0,55.92517525248826,1
15,U07,6460.1,setup,109.2308517,23.0085095,127.7,19.999999999999986,0,0.0,66.07482474751174,0.0,66.07482474751174,122.0,129.0,122.0,55.92517525248826,1
15,U07,6470.1,setup,109.2308517,23.0085095,127.7,19.999999999999986,0,0.0,66.07482474751174,0.0,66.07482474751174,122.0,129.0,122.0,55.92517525248826,1
15,U07,6480.1,setup,109.2308517,23.0085095,127.7,19.999999999999986,0,0.0,66.07482474751174,0.0,66.07482474751174,122.0,129.0,122.0,55.92517525248826,1
15,U07,6490.1,setup,109.2308517,23.0085095,127.7,19.999999999999986,0,0.0,66.07482474751174,0.0,66.07482474751174,122.0,129.0,122.0,55.92517525248826,1
15,U07,6500.1,setup,109.2308517,23.0085095,127.7,19.999999999999986,0,0.0,66.07482474751174,0.0,66.07482474751174,122.0,129.0,122.0,55.92517525248826,1
15,U07,6510.1,setup,109.2308517,23.0085095,127.7,19.999999999999986,0,0.0,66.07482474751174,0.0,66.07482474751174,122.0,129.0,122.0,55.92517525248826,1
15,U07,6520.1,setup,109.2308517,23.0085095,127.7,19.999999999999986,0,0.0,66.07482474751174,0.0,66.07482474751174,122.0,129.0,122.0,55.92517525248826,1
15,U07,6530.1,setup,109.2308517,23.0085095,127.7,19.999999999999986,0,0.0,66.07482474751174,0.0,66.07482474751174,122.0,129.0,122.0,55.92517525248826,1
15,U07,6540.1,setup,109.2308517,23.0085095,127.7,19.999999999999986,0,0.0,66.07482474751174,0.0,66.07482474751174,122.0,129.0,122.0,55.92517525248826,1
15,U07,6550.1,setup,109.2308517,23.0085095,127.7,19.999999999999986,0,0.0,66.07482474751174,0.0,66.07482474751174,122.0,129.0,122.0,55.92517525248826,1
15,U07,6560.1,setup,109.2308517,23.0085095,127.7,19.999999999999986,0,0.0,66.07482474751174,0.0,66.07482474751174,122.0,129.0,122.0,55.92517525248826,1
15,U07,6570.1,setup,109.2308517,23.0085095,127.7,19.999999999999986,0,0.0,66.07482474751174,0.0,66.07482474751174,122.0,129.0,122.0,55.92517525248826,1
15,U07,6580.1,setup,109.2308517,23.0085095,127.7,19.999999999999986,0,0.0,66.07482474751174,0.0,66.07482474751174,122.0,129.0,122.0,55.92517525248826,1
15,U07,6590.1,setup,109.2308517,23.0085095,127.7,19.999999999999986,0,0.0,66.07482474751174,0.0,66.07482474751174,122.0,129.0,122.0,55.92517525248826,1
15,U07,6600.1,setup,109.2308517,23.0085095,127.7,19.999999999999986,0,0.0,66.07482474751174,0.0,66.07482474751174,122.0,129.0,122.0,55.92517525248826,1
15,U07,6610.1,setup,109.2308517,23.0085095,127.7,19.999999999999986,0,0.0,66.07482474751174,0.0,66.07482474751174,122.0,129.0,122.0,55.92517525248826,1
15,U07,6620.1,setup,109.2308517,23.0085095,127.7,19.999999999999986,0,0.0,66.07482474751174,0.0,66.07482474751174,122.0,129.0,122.0,55.92517525248826,1
15,U07,6630.1,setup,109.2308517,23.0085095,127.7,19.999999999999986,0,0.0,66.07482474751174,0.0,66.07482474751174,122.0,129.0,122.0,55.92517525248826,1
15,U07,6640.1,setup,109.2308517,23.0085095,127.7,19.999999999999986,0,0.0,66.07482474751174,0.0,66.07482474751174,122.0,129.0,122.0,55.92517525248826,1
15,U07,6650.1,setup,109.2308517,23.0085095,127.7,19.999999999999986,0,0.0,66.07482474751174,0.0,66.07482474751174,122.0,129.0,122.0,55.92517525248826,1
15,U07,6660.1,setup,109.2308517,23.0085095,127.7,19.999999999999986,0,0.0,66.07482474751174,0.0,66.07482474751174,122.0,129.0,122.0,55.92517525248826,1
15,U07,6670.1,setup,109.2308517,23.0085095,127.7,19.999999999999986,0,0.0,66.07482474751174,0.0,66.07482474751174,122.0,129.0,122.0,55.92517525248826,1
15,U07,6680.1,setup,109.2308517,23.0085095,127.7,19.999999999999986,0,0.0,66.07482474751174,0.0,66.07482474751174,122.0,129.0,122.0,55.92517525248826,1
15,U07,6690.1,setup,109.2308517,23.0085095,127.7,19.999999999999986,0,0.0,66.07482474751174,0.0,66.07482474751174,122.0,129.0,122.0,55.92517525248826,1
15,U07,6700.1,setup,109.2308517,23.0085095,127.7,19.999999999999986,0,0.0,66.07482474751174,0.0,66.07482474751174,122.0,129.0,122.0,55.92517525248826,1
15,U07,6710.1,setup,109.2308517,23.0085095,127.7,19.999999999999986,0,0.0,66.07482474751174,0.0,66.07482474751174,122.0,129.0,122.0,55.92517525248826,1
15,U07,6720.1,setup,109.2308517,23.0085095,127.7,19.999999999999986,0,0.0,66.07482474751174,0.0,66.07482474751174,122.0,129.0,122.0,55.92517525248826,1
15,U07,6730.1,setup,109.2308517,23.0085095,127.7,19.999999999999986,0,0.0,66.07482474751174,0.0,66.07482474751174,122.0,129.0,122.0,55.92517525248826,1
15,U07,6740.1,setup,109.2308517,23.0085095,127.7,19.999999999999986,0,0.0,66.07482474751174,0.0,66.07482474751174,122.0,129.0,122.0,55.92517525248826,1
15,U07,6750.1,setup,109.2308517,23.0085095,127.7,19.999999999999986,0,0.0,66.07482474751174,0.0,66.07482474751174,122.0,129.0,122.0,55.92517525248826,1
15,U07,6760.1,setup,109.2308517,23.0085095,127.7,19.999999999999986,0,0.0,66.07482474751174,0.0,66.07482474751174,122.0,129.0,122.0,55.92517525248826,1
15,U07,6770.1,setup,109.2308517,23.0085095,127.7,19.999999999999986,0,0.0,66.07482474751174,0.0,66.07482474751174,122.0,129.0,122.0,55.92517525248826,1
15,U07,6780.1,setup,109.2308517,23.0085095,127.7,19.999999999999986,0,0.0,66.07482474751174,0.0,66.07482474751174,122.0,129.0,122.0,55.92517525248826,1
15,U07,6790.1,setup,109.2308517,23.0085095,127.7,19.999999999999986,0,0.0,66.07482474751174,0.0,66.07482474751174,122.0,129.0,122.0,55.92517525248826,1
15,U07,6800.1,setup,109.2308517,23.0085095,127.7,19.999999999999986,0,0.0,66.07482474751174,0.0,66.07482474751174,122.0,129.0,122.0,55.92517525248826,1
15,U07,6810.1,setup,109.2308517,23.0085095,127.7,19.999999999999986,0,0.0,66.07482474751174,0.0,66.07482474751174,122.0,129.0,122.0,55.92517525248826,1
15,U07,6820.1,setup,109.2308517,23.0085095,127.7,19.999999999999986,0,0.0,66.07482474751174,0.0,66.07482474751174,122.0,129.0,122.0,55.92517525248826,1
15,U07,6830.1,setup,109.2308517,23.0085095,127.7,19.999999999999986,0,0.0,66.07482474751174,0.0,66.07482474751174,122.0,129.0,122.0,55.92517525248826,1
15,U07,6840.1,setup,109.2308517,23.0085095,127.7,19.999999999999986,0,0.0,66.07482474751174,0.0,66.07482474751174,122.0,129.0,122.0,55.92517525248826,1
15,U07,6850.1,setup,109.2308517,23.0085095,127.7,19.999999999999986,0,0.0,66.07482474751174,0.0,66.07482474751174,122.0,129.0,122.0,55.92517525248826,1
15,U07,6860.1,climb,109.2308517,23.0085095,127.7,19.999999999999986,0,0.0,66.07482474751174,0.0,66.07482474751174,122.0,129.0,122.0,55.92517525248826,1
15,U07,6870.1,climb,109.2308517,23.0085095,152.7,5.0,0,0.0,54.03362492095249,0.0,54.03362492095249,122.0,129.0,122.0,67.96637507904751,1
15,U07,6880.1,climb,109.2308517,23.0085095,177.7,30.0,0,0.0,69.59664992862537,0.0,69.59664992862537,122.0,129.0,122.0,52.40335007137463,1
15,U07,6890.1,climb,109.2308517,23.0085095,202.7,55.0,0,0.0,74.861478624117,0.0,74.861478624117,122.0,129.0,122.0,47.138521375883,1
15,U07,6900.1,climb,109.2308517,23.0085095,227.7,80.0,0,0.0,78.11602457407099,0.0,78.11602457407099,122.0,129.0,122.0,43.88397542592901,1
15,U07,6910.1,climb,109.2308517,23.0085095,252.7,105.0,0,0.0,80.47801081563088,0.0,80.47801081563088,122.0,129.0,122.0,41.52198918436912,1
15,U07,6920.1,climb,109.2308517,23.0085095,277.7,130.0,0,0.0,82.33309188036885,0.0,82.33309188036885,122.0,129.0,122.0,39.666908119631145,1
15,U07,6930.1,climb,109.2308517,23.0085095,302.7,155.0,0,0.0,83.86085879763795,0.0,83.86085879763795,122.0,129.0,122.0,38.139141202362055,1
15,U07,6940.1,climb,109.2308517,23.0085095,327.7,180.0,0,0.0,85.15967493629823,0.0,85.15967493629823,122.0,129.0,122.0,36.84032506370177,1
15,U07,6950.1,climb,109.2308517,23.0085095,352.7,205.0,0,0.0,86.2893020553472,0.0,86.2893020553472,122.0,129.0,122.0,35.71069794465279,1
15,U07,6952.424272460938,cruise,109.2308517,23.0085095,358.51068115234375,210.81068115234376,0,0.0,86.53207706447351,0.0,86.53207706447351,122.0,129.0,122.0,35.46792293552649,1
15,U07,6962.424272460938,cruise,109.22957102226097,23.009165641302282,358.51068115234375,258.73752380888465,0,-39.90280775590375,88.31141318447156,0.0,88.31141318447156,122.0,129.0,122.0,33.68858681552844,1
15,U07,6972.424272460938,cruise,109.22829034452192,23.009821782604565,358.51068115234375,366.6833249939722,0,-30.776804242815302,91.34004804965558,0.0,91.34004804965558,122.0,129.0,122.0,30.65995195034442,1
15,U07,6982.424272460938,cruise,109.22700966678289,23.010477923906848,358.51068115234375,496.966101212138,0,-27.538544931719372,93.98076015181196,0.0,93.98076015181196,122.0,129.0,122.0,28.019239848188036,1
15,U07,6992.424272460938,cruise,109.22572898904384,23.01113406520913,358.51068115234375,636.0035688934838,0,-25.879924308962927,96.12341588765315,0.0,96.12341588765315,122.0,129.0,122.0,25.876584112346848,1
15,U07,7002.424272460938,cruise,109.22444831130481,23.01179020651141,358.51068115234375,779.122494297078,0,-24.871743146110987,97.8863396979556,0.0,97.8863396979556,122.0,129.0,122.0,24.113660302044394,1
15,U07,7012.424272460938,cruise,109.22316763356577,23.012446347813693,358.51068115234375,924.4288878983762,0,-24.194113184194094,99.37169500392679,0.0,99.37169500392679,122.0,129.0,122.0,22.62830499607321,1
15,U07,7022.424272460938,cruise,109.22188695582673,23.013102489115976,358.51068115234375,1071.0325677602377,0,-23.707364901690397,100.65027837381065,0.0,100.65027837381065,122.0,129.0,122.0,21.34972162618935,1
15,U07,7032.424272460938,cruise,109.22060627808769,23.01375863041826,358.51068115234375,1218.4651562310962,0,-23.32806882505062,101.77048712265389,0.0,101.77048712265389,122.0,129.0,122.0,20.22951287734611,1
15,U07,7042.424272460938,cruise,109.21932560034865,23.014414771720542,358.51068115234375,1366.458193488495,0,-22.756068604857063,102.76615181583759,0.0,102.76615181583759,122.0,129.0,122.0,19.23384818416241,1
15,U07,7052.424272460938,cruise,109.21804492260962,23.015070913022825,358.51068115234375,1514.8472637627422,0,-19.774691289014157,103.66160177022049,0.0,103.66160177022049,122.0,129.0,122.0,18.338398229779514,1
15,U07,7062.424272460938,cruise,109.21676424487057,23.015727054325108,358.51068115234375,1663.52623946332,0,-16.766065030484583,104.47481794541345,0.0,104.47481794541345,122.0,129.0,122.0,17.52518205458655,1
15,U07,7072.424272460938,cruise,109.21548356713154,23.01638319562739,358.51068115234375,1812.423637999834,0,-14.254732368406167,105.21941918826326,0.0,105.21941918826326,122.0,129.0,122.0,16.78058081173674,1
15,U07,7082.424272460938,cruise,109.2142028893925,23.01703933692967,358.51068115234375,1961.4895904857685,0,-11.745916631567553,105.90594498814086,0.0,105.90594498814086,122.0,129.0,122.0,16.09405501185914,1
15,U07,7092.424272460938,cruise,109.21292221165346,23.017695478231953,358.51068115234375,2110.688266376633,0,-9.577434718355192,106.54270675107591,0.0,106.54270675107591,122.0,129.0,122.0,15.457293248924088,1
15,U07,7102.424272460938,cruise,109.21164153391442,23.018351619534236,358.51068115234375,2259.9932687316837,0,-6.7813331856632715,107.13636774676385,0.0,107.13636774676385,122.0,129.0,122.0,14.863632253236148,1
15,U07,7112.424272460938,cruise,109.21036085617538,23.01900776083652,358.51068115234375,2409.384726987787,0,-0.07008439531978183,107.69234789494783,0.0,107.69234789494783,122.0,129.0,122.0,14.30765210505217,1
15,U07,7122.424272460938,cruise,109.20908017843634,23.019663902138802,358.51068115234375,2558.847400685184,1,10.707399602521946,108.21511257607543,10.0,118.21511257607543,122.0,129.0,122.0,3.784887423924573,1
15,U07,7132.424272460938,cruise,109.2077995006973,23.020320043441085,358.51068115234375,2708.369407061462,1,16.90551015948722,108.7083828240576,10.0,118.7083828240576,122.0,129.0,122.0,3.291617175942406,1
15,U07,7142.424272460938,cruise,109.20651882295827,23.02097618474337,358.51068115234375,2857.9413458496156,1,22.454603904204845,109.17529106276258,10.0,119.17529106276258,122.0,129.0,122.0,2.8247089372374177,1
15,U07,7152.424272460938,cruise,109.20523814521923,23.02163232604565,358.51068115234375,3007.5556839305477,1,27.451549017607277,109.61849837242417,10.0,119.61849837242417,122.0,129.0,122.0,2.3815016275758296,1
15,U07,7162.424272460938,cruise,109.2039574674802,23.022288467347934,358.51068115234375,3157.206314174141,1,44.824694795292146,110.04028408803921,10.0,120.04028408803921,122.0,129.0,122.0,1.9597159119607852,1
15,U07,7172.424272460938,cruise,109.20267678974115,23.022944608650214,358.51068115234375,3306.8882336045917,1,124.34818813962636,110.44261517127818,10.0,120.44261517127818,122.0,129.0,122.0,1.5573848287218226,1
15,U07,7182.424272460938,cruise,109.20139611200212,23.023600749952497,358.51068115234375,3456.5973048725946,1,152.04333139394782,110.82720057400356,10.0,120.82720057400356,122.0,129.0,122.0,1.1727994259964447,1
15,U07,7192.424272460938,cruise,109.20011543426307,23.02425689125478,358.51068115234375,3606.330076962738,1,160.41199021715346,111.19553431270347,10.0,121.19553431270347,122.0,129.0,122.0,0.8044656872965277,1
15,U07,7202.424272460938,cruise,109.19883475652404,23.024913032557063,358.51068115234375,3756.0836486425587,1,168.1138236361196,111.54892994455534,10.0,121.54892994455534,122.0,129.0,122.0,0.45107005544466006,1
15,U07,7212.424272460938,cruise,109.19755407878499,23.025569173859346,358.51068115234375,3905.855563258907,1,175.22547824903467,111.88854841900638,10.0,121.88854841900638,122.0,129.0,122.0,0.11145158099361652,1
15,U07,7222.424272460938,cruise,109.19627340104596,23.02622531516163,358.51068115234375,4055.6437267683486,1,181.81228750306303,112.21542077111998,10.0,122.21542077111998,122.0,129.0,122.0,-0.21542077111998026,0
15,U07,7232.424272460938,cruise,109.19499272330692,23.02688145646391,358.51068115234375,4205.446343262106,1,188.68050065770268,112.53046675904442,10.0,122.53046675904442,122.0,129.0,122.0,-0.5304667590444154,0
15,U07,7242.424272460938,cruise,109.19371204556788,23.027537597766194,358.51068115234375,4355.261863759845,1,194.35223634070957,112.8345102831811,10.0,122.8345102831811,122.0,129.0,122.0,-0.8345102831811033,0
15,U07,7252.424272460938,cruise,109.19243136782885,23.028193739068474,358.51068115234375,4505.088945198566,1,199.6471125098954,113.12829223011245,10.0,123.12829223011245,122.0,129.0,122.0,-1.12829223011245,0
15,U07,7262.424272460938,cruise,109.1911506900898,23.028849880370757,358.51068115234375,4654.926417340082,1,204.6014821730243,113.41248123963094,10.0,123.41248123963094,122.0,129.0,122.0,-1.4124812396309352,0
15,U07,7272.424272460938,cruise,109.18987001235077,23.02950602167304,358.51068115234375,4804.77325584266,1,209.24716836804544,113.68768278437602,10.0,123.68768278437602,122.0,129.0,122.0,-1.6876827843760225,0
15,U07,7282.424272460938,cruise,109.18858933461172,23.030162162975323,358.51068115234375,4954.628560230199,1,213.61214844856374,113.95444686922932,10.0,123.95444686922932,122.0,129.0,122.0,-1.954446869229315,0
15,U07,7292.424272460938,cruise,109.18730865687269,23.030818304277606,358.51068115234375,5104.4915357170785,1,217.7211179671749,114.21327459430606,10.0,124.21327459430606,122.0,129.0,122.0,-2.213274594306057,0
15,U07,7302.424272460938,cruise,109.18602797913364,23.03147444557989,358.51068115234375,5254.361478159279,1,221.59595816848628,114.46462377677605,10.0,124.46462377677605,122.0,129.0,122.0,-2.464623776776051,0
15,U07,7312.424272460938,cruise,109.18474730139461,23.03213058688217,358.51068115234375,5404.237761486328,1,234.46432872148762,114.70891378864145,10.0,124.70891378864145,122.0,129.0,122.0,-2.7089137886414534,0
15,U07,7322.424272460938,cruise,109.18346662365558,23.032786728184455,358.51068115234375,5554.119827183027,1,237.95866320833682,114.9465297379904,10.0,124.9465297379904,122.0,129.0,122.0,-2.946529737990403,0
15,U07,7332.424272460938,cruise,109.18218594591653,23.033442869486734,358.51068115234375,5704.00717541761,1,241.26956806333044,115.17782609762412,10.0,125.17782609762412,122.0,129.0,122.0,-3.17782609762412,0
15,U07,7342.424272460938,cruise,109.1809052681775,23.034099010789017,358.51068115234375,5853.899357530313,1,244.41111717126557,115.4031298663449,10.0,125.4031298663449,122.0,129.0,122.0,-3.403129866344898,0
15,U07,7352.424272460938,cruise,109.17962459043845,23.0347551520913,358.51068115234375,6003.7959696564485,1,247.39598053815655,115.62274333324518,10.0,125.62274333324518,122.0,129.0,122.0,-3.6227433332451824,0
15,U07,7362.424272460938,cruise,109.17834391269942,23.035411293393583,358.51068115234375,6153.696647265902,1,250.23559507940809,115.83694650325171,10.0,125.83694650325171,122.0,129.0,122.0,-3.83694650325171,0
15,U07,7372.424272460938,cruise,109.17706323496037,23.036067434695866,358.51068115234375,6303.601060497763,1,252.940311067631,116.04599923253332,10.0,126.04599923253332,122.0,129.0,122.0,-4.045999232533319,0
15,U07,7382.424272460938,cruise,109.17578255722134,23.03672357599815,358.51068115234375,6453.508910125797,1,255.5195181932914,116.25014311435301,10.0,126.25014311435301,122.0,129.0,122.0,-4.250143114353008,0
15,U07,7392.424272460938,cruise,109.17450187948229,23.037379717300432,358.51068115234375,6603.419924093448,1,257.98175447425064,116.44960314957822,10.0,126.44960314957822,122.0,129.0,122.0,-4.449603149578223,0
15,U07,7402.424272460938,cruise,109.17322120174326,23.038035858602715,358.51068115234375,6753.333854489602,1,260.3348006762317,116.64458923061615,10.0,126.64458923061615,122.0,129.0,122.0,-4.644589230616148,0
15,U07,7412.424272460938,cruise,109.17194052400423,23.038691999904998,358.51068115234375,6903.250474935801,1,262.58576244428724,116.83529746325851,10.0,126.83529746325851,122.0,129.0,122.0,-4.835297463258513,0
15,U07,7422.424272460938,cruise,109.17065984626518,23.039348141207277,358.51068115234375,7053.169578296168,1,264.741141971661,117.02191134717386,10.0,127.02191134717386,122.0,129.0,122.0,-5.021911347173855,0
15,U07,7432.424272460938,cruise,109.16937916852615,23.04000428250956,358.51068115234375,7203.090974672103,1,266.8069007286659,117.20460283280238,10.0,127.20460283280238,122.0,129.0,122.0,-5.2046028328023795,0
15,U07,7436.495308524528,descend,109.1688578,23.0402714,358.51068115234375,7264.125131997277,1,267.6093521715931,117.27789116912886,10.0,127.27789116912886,122.0,129.0,122.0,-5.277891169128864,0
15,U07,7446.495308524528,descend,109.1688578,23.0402714,338.51068115234375,7263.572227634855,1,276.76399134685084,117.27723002288444,10.0,127.27723002288444,122.0,129.0,122.0,-5.277230022884439,0
15,U07,7446.5006491007,handover,109.1688578,23.0402714,338.5,7263.571947053773,1,276.76888045163497,117.27722968736133,10.0,127.27722968736133,122.0,129.0,122.0,-5.277229687361327,0
15,U07,7456.5006491007,handover,109.1688578,23.0402714,338.5,7263.571947053773,1,276.76888045163497,117.27722968736133,10.0,127.27722968736133,122.0,129.0,122.0,-5.277229687361327,0
15,U07,7466.5006491007,handover,109.1688578,23.0402714,338.5,7263.571947053773,1,276.76888045163497,117.27722968736133,10.0,127.27722968736133,122.0,129.0,122.0,-5.277229687361327,0
15,U07,7476.5006491007,handover,109.1688578,23.0402714,338.5,7263.571947053773,1,276.76888045163497,117.27722968736133,10.0,127.27722968736133,122.0,129.0,122.0,-5.277229687361327,0
15,U07,7486.5006491007,handover,109.1688578,23.0402714,338.5,7263.571947053773,1,276.76888045163497,117.27722968736133,10.0,127.27722968736133,122.0,129.0,122.0,-5.277229687361327,0
15,U07,7496.5006491007,handover,109.1688578,23.0402714,338.5,7263.571947053773,1,276.76888045163497,117.27722968736133,10.0,127.27722968736133,122.0,129.0,122.0,-5.277229687361327,0
15,U07,7506.5006491007,handover,109.1688578,23.0402714,338.5,7263.571947053773,1,276.76888045163497,117.27722968736133,10.0,127.27722968736133,122.0,129.0,122.0,-5.277229687361327,0
15,U07,7516.5006491007,handover,109.1688578,23.0402714,338.5,7263.571947053773,1,276.76888045163497,117.27722968736133,10.0,127.27722968736133,122.0,129.0,122.0,-5.277229687361327,0
15,U07,7526.5006491007,handover,109.1688578,23.0402714,338.5,7263.571947053773,1,276.76888045163497,117.27722968736133,10.0,127.27722968736133,122.0,129.0,122.0,-5.277229687361327,0
15,U07,7536.5006491007,handover,109.1688578,23.0402714,338.5,7263.571947053773,1,276.76888045163497,117.27722968736133,10.0,127.27722968736133,122.0,129.0,122.0,-5.277229687361327,0
15,U07,7546.5006491007,handover,109.1688578,23.0402714,338.5,7263.571947053773,1,276.76888045163497,117.27722968736133,10.0,127.27722968736133,122.0,129.0,122.0,-5.277229687361327,0
15,U07,7556.5006491007,handover,109.1688578,23.0402714,338.5,7263.571947053773,1,276.76888045163497,117.27722968736133,10.0,127.27722968736133,122.0,129.0,122.0,-5.277229687361327,0
15,U07,7566.5006491007,handover,109.1688578,23.0402714,338.5,7263.571947053773,1,276.76888045163497,117.27722968736133,10.0,127.27722968736133,122.0,129.0,122.0,-5.277229687361327,0
15,U07,7576.5006491007,handover,109.1688578,23.0402714,338.5,7263.571947053773,1,276.76888045163497,117.27722968736133,10.0,127.27722968736133,122.0,129.0,122.0,-5.277229687361327,0
15,U07,7586.5006491007,handover,109.1688578,23.0402714,338.5,7263.571947053773,1,276.76888045163497,117.27722968736133,10.0,127.27722968736133,122.0,129.0,122.0,-5.277229687361327,0
15,U07,7596.5006491007,handover,109.1688578,23.0402714,338.5,7263.571947053773,1,276.76888045163497,117.27722968736133,10.0,127.27722968736133,122.0,129.0,122.0,-5.277229687361327,0
15,U07,7606.5006491007,handover,109.1688578,23.0402714,338.5,7263.571947053773,1,276.76888045163497,117.27722968736133,10.0,127.27722968736133,122.0,129.0,122.0,-5.277229687361327,0
15,U07,7616.5006491007,handover,109.1688578,23.0402714,338.5,7263.571947053773,1,276.76888045163497,117.27722968736133,10.0,127.27722968736133,122.0,129.0,122.0,-5.277229687361327,0
15,U07,7626.5006491007,handover,109.1688578,23.0402714,338.5,7263.571947053773,1,276.76888045163497,117.27722968736133,10.0,127.27722968736133,122.0,129.0,122.0,-5.277229687361327,0
15,U07,7636.5006491007,handover,109.1688578,23.0402714,338.5,7263.571947053773,1,276.76888045163497,117.27722968736133,10.0,127.27722968736133,122.0,129.0,122.0,-5.277229687361327,0
15,U07,7646.5006491007,handover,109.1688578,23.0402714,338.5,7263.571947053773,1,276.76888045163497,117.27722968736133,10.0,127.27722968736133,122.0,129.0,122.0,-5.277229687361327,0
15,U07,7656.5006491007,handover,109.1688578,23.0402714,338.5,7263.571947053773,1,276.76888045163497,117.27722968736133,10.0,127.27722968736133,122.0,129.0,122.0,-5.277229687361327,0
15,U07,7666.5006491007,handover,109.1688578,23.0402714,338.5,7263.571947053773,1,276.76888045163497,117.27722968736133,10.0,127.27722968736133,122.0,129.0,122.0,-5.277229687361327,0
15,U07,7676.5006491007,handover,109.1688578,23.0402714,338.5,7263.571947053773,1,276.76888045163497,117.27722968736133,10.0,127.27722968736133,122.0,129.0,122.0,-5.277229687361327,0
15,U07,7686.5006491007,handover,109.1688578,23.0402714,338.5,7263.571947053773,1,276.76888045163497,117.27722968736133,10.0,127.27722968736133,122.0,129.0,122.0,-5.277229687361327,0
15,U07,7696.5006491007,handover,109.1688578,23.0402714,338.5,7263.571947053773,1,276.76888045163497,117.27722968736133,10.0,127.27722968736133,122.0,129.0,122.0,-5.277229687361327,0
15,U07,7706.5006491007,handover,109.1688578,23.0402714,338.5,7263.571947053773,1,276.76888045163497,117.27722968736133,10.0,127.27722968736133,122.0,129.0,122.0,-5.277229687361327,0
15,U07,7716.5006491007,handover,109.1688578,23.0402714,338.5,7263.571947053773,1,276.76888045163497,117.27722968736133,10.0,127.27722968736133,122.0,129.0,122.0,-5.277229687361327,0
15,U07,7726.5006491007,handover,109.1688578,23.0402714,338.5,7263.571947053773,1,276.76888045163497,117.27722968736133,10.0,127.27722968736133,122.0,129.0,122.0,-5.277229687361327,0
15,U07,7736.5006491007,handover,109.1688578,23.0402714,338.5,7263.571947053773,1,276.76888045163497,117.27722968736133,10.0,127.27722968736133,122.0,129.0,122.0,-5.277229687361327,0
15,U07,7746.5006491007,handover,109.1688578,23.0402714,338.5,7263.571947053773,1,276.76888045163497,117.27722968736133,10.0,127.27722968736133,122.0,129.0,122.0,-5.277229687361327,0
15,U07,7756.5006491007,handover,109.1688578,23.0402714,338.5,7263.571947053773,1,276.76888045163497,117.27722968736133,10.0,127.27722968736133,122.0,129.0,122.0,-5.277229687361327,0
15,U07,7766.5006491007,handover,109.1688578,23.0402714,338.5,7263.571947053773,1,276.76888045163497,117.27722968736133,10.0,127.27722968736133,122.0,129.0,122.0,-5.277229687361327,0
15,U07,7776.5006491007,handover,109.1688578,23.0402714,338.5,7263.571947053773,1,276.76888045163497,117.27722968736133,10.0,127.27722968736133,122.0,129.0,122.0,-5.277229687361327,0
15,U07,7786.5006491007,handover,109.1688578,23.0402714,338.5,7263.571947053773,1,276.76888045163497,117.27722968736133,10.0,127.27722968736133,122.0,129.0,122.0,-5.277229687361327,0
15,U07,7796.5006491007,handover,109.1688578,23.0402714,338.5,7263.571947053773,1,276.76888045163497,117.27722968736133,10.0,127.27722968736133,122.0,129.0,122.0,-5.277229687361327,0
15,U07,7806.5006491007,climb,109.1688578,23.0402714,338.5,7263.571947053773,1,276.76888045163497,117.27722968736133,10.0,127.27722968736133,122.0,129.0,122.0,-5.277229687361327,0
15,U07,7816.5006491007,climb,109.1688578,23.0402714,363.5,7264.271637957005,1,265.3255814825628,117.27806634807223,10.0,127.27806634807223,122.0,129.0,122.0,-5.27806634807223,0
15,U07,7826.5006491007,climb,109.1688578,23.0402714,388.5,7265.057290209524,1,253.88228251349062,117.27900570167895,10.0,127.27900570167895,122.0,129.0,122.0,-5.279005701678955,0
15,U07,7836.5006491007,climb,109.1688578,23.0402714,413.5,7265.9288759267765,1,242.43898354441848,117.28004768152432,10.0,127.28004768152432,122.0,129.0,122.0,-5.280047681524323,0
15,U07,7846.5006491007,climb,109.1688578,23.0402714,438.5,7266.886364188348,1,230.99568457534633,117.28119221370812,10.0,127.28119221370812,122.0,129.0,122.0,-5.281192213708124,0
15,U07,7856.5006491007,climb,109.1688578,23.0402714,463.5,7267.929721043438,1,219.55238560627413,117.28243921710451,10.0,127.28243921710451,122.0,129.0,122.0,-5.2824392171045105,0
15,U07,7866.5006491007,climb,109.1688578,23.0402714,488.5,7269.058909516867,1,208.10908663720198,117.2837886033811,10.0,127.2837886033811,122.0,129.0,122.0,-5.2837886033810975,0
15,U07,7876.5006491007,climb,109.1688578,23.0402714,513.5,7270.273889615614,1,196.66578766812984,117.28524027701984,10.0,127.28524027701984,122.0,129.0,122.0,-5.285240277019838,0
15,U07,7886.5006491007,climb,109.1688578,23.0402714,538.5,7271.574618335876,1,185.22248869905764,117.28679413533946,10.0,127.28679413533946,122.0,129.0,122.0,-5.286794135339463,0
15,U07,7896.5006491007,climb,109.1688578,23.0402714,563.5,7272.96104967066,1,173.7791897299855,117.28845006851961,10.0,127.28845006851961,122.0,129.0,122.0,-5.288450068519609,0
15,U07,7906.5006491007,climb,109.1688578,23.0402714,588.5,7274.433134617882,1,162.33589076091334,117.29020795962657,10.0,127.29020795962657,122.0,129.0,122.0,-5.290207959626571,0
15,U07,7906.824355155387,cruise,109.1688578,23.0402714,589.3092651367188,7274.482217524567,1,161.96546424472456,117.29026656588006,10.0,127.29026656588006,122.0,129.0,122.0,-5.29026656588006,0
15,U07,7916.824355155387,cruise,109.17013847773903,23.03961525869772,589.3092651367188,7124.777879486489,1,157.70991321443262,117.1096514226725,10.0,127.1096514226725,122.0,129.0,122.0,-5.109651422672499,0
15,U07,7926.824355155387,cruise,109.17141915547808,23.038959117395436,589.3092651367188,6975.085120281284,1,153.2713277312248,116.92521507183412,10.0,126.92521507183412,122.0,129.0,122.0,-4.925215071834117,0
15,U07,7936.824355155387,cruise,109.17269983321711,23.038302976093153,589.3092651367188,6825.404738537223,1,148.63763958941445,116.73679302688089,10.0,126.73679302688089,122.0,129.0,122.0,-4.736793026880889,0
15,U07,7946.824355155387,cruise,109.17398051095616,23.03764683479087,589.3092651367188,6675.737604435134,1,143.7956958007813,116.54420999477937,10.0,126.54420999477937,122.0,129.0,122.0,-4.544209994779365,0
15,U07,7956.824355155387,cruise,109.17526118869519,23.03699069348859,589.3092651367188,6526.084667908291,1,138.73113390692345,116.34727891271709,10.0,126.34727891271709,122.0,129.0,122.0,-4.347278912717087,0
15,U07,7966.824355155387,cruise,109.17654186643423,23.036334552186307,589.3092651367188,6376.446967970673,1,133.4282396886489,116.14579987564335,10.0,126.14579987564335,122.0,129.0,122.0,-4.145799875643348,0
15,U07,7976.824355155387,cruise,109.17782254417327,23.035678410884024,589.3092651367188,6226.825643407724,1,127.86978430322853,115.93955893951915,10.0,125.93955893951915,122.0,129.0,122.0,-3.939558939519145,0
15,U07,7986.824355155387,cruise,109.17910322191231,23.03502226958174,589.3092651367188,6077.221945018933,1,122.03683729383681,115.72832678262611,10.0,125.72832678262611,122.0,129.0,122.0,-3.7283267826261124,0
15,U07,7996.824355155387,cruise,109.18038389965135,23.03436612827946,589.3092651367188,5927.637249730234,1,115.90855119536195,115.51185720443749,10.0,125.51185720443749,122.0,129.0,122.0,-3.51185720443749,0
15,U07,8006.824355155387,cruise,109.18166457739038,23.033709986977176,589.3092651367188,5778.073076867668,1,109.461912572291,115.28988543790793,10.0,125.28988543790793,122.0,129.0,122.0,-3.2898854379079268,0
15,U07,8016.824355155387,cruise,109.18294525512943,23.033053845674893,589.3092651367188,5628.531107030992,1,102.67145322265628,115.06212624690686,10.0,125.06212624690686,122.0,129.0,122.0,-3.062126246906857,0
15,U07,8026.824355155387,cruise,109.18422593286846,23.03239770437261,589.3092651367188,5479.013204044162,1,95.50891390865797,114.82827177534686,10.0,124.82827177534686,122.0,129.0,122.0,-2.828271775346863,0
15,U07,8036.824355155387,cruise,109.1855066106075,23.03174156307033,589.3092651367188,5329.521440569395,1,87.94285125302599,114.58798910838118,10.0,124.58798910838118,122.0,129.0,122.0,-2.58798910838118,0
15,U07,8046.824355155387,cruise,109.18678728834654,23.031085421768047,589.3092651367188,5180.058128156714,1,79.93817626953125,114.34091749861963,10.0,124.34091749861963,122.0,129.0,122.0,-2.340917498619632,0
15,U07,8056.824355155387,cruise,109.18806796608558,23.030429280465764,589.3092651367188,5030.625852603069,1,71.45561024224583,114.0866652010521,10.0,124.0866652010521,122.0,129.0,122.0,-2.0866652010520994,0
15,U07,8066.824355155387,cruise,109.18934864382462,23.02977313916348,589.3092651367188,4881.227515790322,1,54.79250647911658,113.82480584927399,10.0,123.82480584927399,122.0,129.0,122.0,-1.8248058492739858,0
15,U07,8076.824355155387,cruise,109.19062932156366,23.0291169978612,589.3092651367188,4731.866385384692,1,45.302490525018584,113.55487429168726,10.0,123.55487429168726,122.0,129.0,122.0,-1.5548742916872555,0
15,U07,8086.824355155387,cruise,109.1919099993027,23.028460856558915,589.3092651367188,4582.546154219032,1,35.19017844278301,113.27636178939052,10.0,123.27636178939052,122.0,129.0,122.0,-1.2763617893905206,0
15,U07,8096.824355155387,cruise,109.19319067704173,23.027804715256632,589.3092651367188,4433.271011576284,1,24.39228588039589,112.98871045608841,10.0,122.98871045608841,122.0,129.0,122.0,-0.9887104560884126,0
15,U07,8106.824355155387,cruise,109.19447135478077,23.02714857395435,589.3092651367188,4284.045729290417,1,12.836646471525455,112.69130679392003,10.0,122.69130679392003,122.0,129.0,122.0,-0.6913067939200346,0
15,U07,8116.824355155387,cruise,109.1957520325198,23.026492432652066,589.3092651367188,4134.875766354271,1,0.44059692382813864,112.38347414563181,10.0,122.38347414563181,122.0,129.0,122.0,-0.3834741456318085,0
15,U07,8126.824355155387,cruise,109.19703271025885,23.025836291349787,589.3092651367188,3985.767396818614,0,-12.8328727405476,112.06446384131212,0.0,112.06446384131212,122.0,129.0,122.0,9.935536158687881,1
15,U07,8136.824355155387,cruise,109.19831338799789,23.025180150047504,589.3092651367188,3836.7278672856655,0,-14.07454141055831,111.73344476436763,0.0,111.73344476436763,122.0,129.0,122.0,10.266555235632367,1
15,U07,8146.824355155387,cruise,109.19959406573693,23.02452400874522,589.3092651367188,3687.765592225641,0,-15.218728562958404,111.38949099271915,0.0,111.38949099271915,122.0,129.0,122.0,10.610509007280854,1
15,U07,8156.824355155387,cruise,109.20087474347596,23.023867867442938,589.3092651367188,3538.8903981576773,0,-16.445953615878466,111.03156708323891,0.0,111.03156708323891,122.0,129.0,122.0,10.968432916761088,1
15,U07,8166.824355155387,cruise,109.20215542121501,23.023211726140655,589.3092651367188,3390.1138314658665,0,-17.78226534016926,110.65851045344131,0.0,110.65851045344131,122.0,129.0,122.0,11.341489546558691,1
15,U07,8176.824355155387,cruise,109.20343609895404,23.022555584838372,589.3092651367188,3241.4495500276657,0,-19.24288513183592,110.26901016673816,0.0,110.26901016673816,122.0,129.0,122.0,11.730989833261845,1
15,U07,8186.824355155387,cruise,109.20471677669308,23.02189944353609,589.3092651367188,3092.9138263387854,0,-20.846004415372477,109.8615812345097,0.0,109.8615812345097,122.0,129.0,122.0,12.1384187654903,1
15,U07,8196.824355155386,cruise,109.20599745443212,23.021243302233806,589.3092651367188,2944.5262008303403,0,-22.61354618952828,109.43453329602247,0.0,109.43453329602247,122.0,129.0,122.0,12.565466703977535,1
15,U07,8206.824355155386,cruise,109.20727813217115,23.020587160931527,589.3092651367188,2796.310340031599,0,-22.897021038983326,108.98593220634837,0.0,108.98593220634837,122.0,129.0,122.0,13.014067793651634,1
15,U07,8216.824355155386,cruise,109.2085588099102,23.019931019629244,589.3092651367188,2648.2951780366384,0,-23.169829851423003,108.5135526297061,0.0,108.5135526297061,122.0,129.0,122.0,13.486447370293902,1
15,U07,8226.824355155386,cruise,109.20983948764923,23.01927487832696,589.3092651367188,2500.5164558148745,0,-23.41462016712535,108.01481917364214,0.0,108.01481917364214,122.0,129.0,122.0,13.985180826357862,1
15,U07,8236.824355155386,cruise,109.21112016538828,23.018618737024678,589.3092651367188,2353.0188283946773,0,-23.58729241155811,107.48673288081413,0.0,107.48673288081413,122.0,129.0,122.0,14.513267119185869,1
15,U07,8246.824355155386,cruise,109.21240084312731,23.017962595722395,589.3092651367188,2205.8587975199293,0,-23.783781517291914,106.9257790088213,0.0,106.9257790088213,122.0,129.0,122.0,15.074220991178706,1
15,U07,8256.824355155386,cruise,109.21368152086636,23.017306454420112,589.3092651367188,2059.108868140051,0,-24.009380120171443,106.327811014602,0.0,106.327811014602,122.0,129.0,122.0,15.672188985397995,1
15,U07,8266.824355155386,cruise,109.21496219860539,23.01665031311783,589.3092651367188,1912.863559472416,0,-24.271074499511712,105.68790471066441,0.0,105.68790471066441,122.0,129.0,122.0,16.312095289335588,1
15,U07,8276.824355155386,cruise,109.21624287634442,23.015994171815546,589.3092651367188,1767.2482946879354,0,-24.5782809448242,105.00017625942506,0.0,105.00017625942506,122.0,129.0,122.0,16.99982374057494,1
15,U07,8286.824355155386,cruise,109.21752355408347,23.015338030513266,589.3092651367188,1622.432878784921,0,-24.944002903529565,104.25755960961177,0.0,104.25755960961177,122.0,129.0,122.0,17.742440390388225,1
15,U07,8296.824355155386,cruise,109.2188042318225,23.014681889210983,589.3092651367188,1478.6525054769843,0,-25.386718958804465,103.45154730422371,0.0,103.45154730422371,122.0,129.0,122.0,18.54845269577629,1
15,U07,8306.824355155386,cruise,109.22008490956155,23.0140257479087,589.3092651367188,1336.241517823465,0,-25.93360349767346,102.57192406256648,0.0,102.57192406256648,122.0,129.0,122.0,19.42807593743352,1
15,U07,8316.824355155386,cruise,109.22136558730058,23.013369606606418,589.3092651367188,1195.6895222697467,0,-26.626323913574197,101.60659330570996,0.0,101.60659330570996,122.0,129.0,122.0,20.393406694290036,1
15,U07,8326.824355155386,cruise,109.22264626503963,23.012713465304135,589.3092651367188,1057.738083152215,0,-27.532189072829,100.54178765657456,0.0,100.54178765657456,122.0,129.0,122.0,21.458212343425444,1
15,U07,8336.824355155386,cruise,109.22392694277866,23.01205732400185,589.3092651367188,923.553545856886,0,-28.767459744540133,99.36346643551867,0.0,99.36346643551867,122.0,129.0,122.0,22.636533564481326,1
15,U07,8346.824355155386,cruise,109.22520762051771,23.01140118269957,589.3092651367188,795.0458059970006,0,-30.551739603678413,98.06206785311386,0.0,98.06206785311386,122.0,129.0,122.0,23.93793214688614,1
15,U07,8356.824355155386,cruise,109.22648829825674,23.010745041397286,589.3092651367188,675.4630994136407,0,-33.35560795375278,96.64625740372412,0.0,96.64625740372412,122.0,129.0,122.0,25.35374259627588,1
15,U07,8366.824355155386,cruise,109.22776897599577,23.010088900095003,589.3092651367188,570.4466220067877,0,-38.40257098388673,95.1785250888099,0.0,95.1785250888099,122.0,129.0,122.0,26.821474911190094,1
15,U07,8376.824355155386,cruise,109.22904965373482,23.009432758792723,589.3092651367188,489.4641811909598,0,-50.17881805419921,93.8486431500576,0.0,93.8486431500576,122.0,129.0,122.0,28.151356849942403,1
15,U07,8386.824355155386,cruise,109.23033033147385,23.00877661749044,589.3092651367188,445.81207739121,0,-109.06005340576166,93.03726142771812,0.0,93.03726142771812,122.0,129.0,122.0,28.96273857228188,1
15,U07,8390.895391218977,descend,109.2308517,23.0085095,589.3092651367188,441.60926513671876,0,0.0,92.95498836396024,0.0,92.95498836396024,122.0,129.0,122.0,29.04501163603976,1
15,U07,8400.895391218977,descend,109.2308517,23.0085095,569.3092651367188,421.60926513671876,0,0.0,92.55242775847077,0.0,92.55242775847077,122.0,129.0,122.0,29.44757224152923,1
15,U07,8410.895391218977,descend,109.2308517,23.0085095,549.3092651367188,401.60926513671876,0,0.0,92.13029930299409,0.0,92.13029930299409,122.0,129.0,122.0,29.86970069700591,1
15,U07,8420.895391218977,descend,109.2308517,23.0085095,529.3092651367188,381.60926513671876,0,0.0,91.68660304318058,0.0,91.68660304318058,122.0,129.0,122.0,30.313396956819417,1
15,U07,8430.895391218977,descend,109.2308517,23.0085095,509.30926513671875,361.60926513671876,0,0.0,91.2190158226328,0.0,91.2190158226328,122.0,129.0,122.0,30.780984177367202,1
15,U07,8440.895391218977,descend,109.2308517,23.0085095,489.30926513671875,341.60926513671876,0,0.0,90.72481765672508,0.0,90.72481765672508,122.0,129.0,122.0,31.27518234327492,1
15,U07,8450.895391218977,descend,109.2308517,23.0085095,469.30926513671875,321.60926513671876,0,0.0,90.20079586833441,0.0,90.20079586833441,122.0,129.0,122.0,31.79920413166559,1
15,U07,8460.895391218977,descend,109.2308517,23.0085095,449.30926513671875,301.60926513671876,0,0.0,89.64311840417801,0.0,89.64311840417801,122.0,129.0,122.0,32.35688159582199,1
15,U07,8470.895391218977,descend,109.2308517,23.0085095,429.30926513671875,281.60926513671876,0,0.0,89.04716362002263,0.0,89.04716362002263,122.0,129.0,122.0,32.95283637997737,1
15,U07,8480.895391218977,descend,109.2308517,23.0085095,409.30926513671875,261.60926513671876,0,0.0,88.40728725162663,0.0,88.40728725162663,122.0,129.0,122.0,33.59271274837337,1
15,U07,8490.895391218977,descend,109.2308517,23.0085095,389.30926513671875,241.60926513671876,0,0.0,87.71649652266753,0.0,87.71649652266753,122.0,129.0,122.0,34.283503477332474,1
15,U07,8500.895391218977,descend,109.2308517,23.0085095,369.30926513671875,221.60926513671876,0,0.0,86.96598310641009,0.0,86.96598310641009,122.0,129.0,122.0,35.03401689358991,1
15,U07,8510.895391218977,descend,109.2308517,23.0085095,349.30926513671875,201.60926513671876,0,0.0,86.14443456681407,0.0,86.14443456681407,122.0,129.0,122.0,35.85556543318593,1
15,U07,8520.895391218977,descend,109.2308517,23.0085095,329.30926513671875,181.60926513671876,0,0.0,85.23698485616126,0.0,85.23698485616126,122.0,129.0,122.0,36.76301514383874,1
15,U07,8530.895391218977,descend,109.2308517,23.0085095,309.30926513671875,161.60926513671876,0,0.0,84.22354994349922,0.0,84.22354994349922,122.0,129.0,122.0,37.77645005650078,1
15,U07,8540.895391218977,descend,109.2308517,23.0085095,289.30926513671875,141.60926513671876,0,0.0,83.0760582157301,0.0,83.0760582157301,122.0,129.0,122.0,38.9239417842699,1
15,U07,8550.895391218977,descend,109.2308517,23.0085095,269.30926513671875,121.60926513671876,0,0.0,81.75355811659557,0.0,81.75355811659557,122.0,129.0,122.0,40.24644188340443,1
15,U07,8560.895391218977,descend,109.2308517,23.0085095,249.30926513671875,101.60926513671876,0,0.0,80.19289104324771,0.0,80.19289104324771,122.0,129.0,122.0,41.80710895675229,1
15,U07,8570.895391218977,descend,109.2308517,23.0085095,229.30926513671875,81.60926513671876,0,0.0,78.28901417826292,0.0,78.28901417826292,122.0,129.0,122.0,43.71098582173708,1
15,U07,8580.895391218977,descend,109.2308517,23.0085095,209.30926513671875,61.60926513671876,0,0.0,75.84714540712308,0.0,75.84714540712308,122.0,129.0,122.0,46.15285459287692,1
15,U07,8590.895391218977,descend,109.2308517,23.0085095,189.30926513671875,41.60926513671876,0,0.0,72.4380257495209,0.0,72.4380257495209,122.0,129.0,122.0,49.561974250479096,1
15,U07,8600.895391218977,descend,109.2308517,23.0085095,169.30926513671875,21.60926513671876,0,0.0,66.74702479707554,0.0,66.74702479707554,122.0,129.0,122.0,55.25297520292446,1
15,U07,8610.895391218977,descend,109.2308517,23.0085095,149.30926513671875,1.6092651367187614,0,0.0,44.18677688995727,0.0,44.18677688995727,122.0,129.0,122.0,77.81322311004273,1
15,U07,8620.895391218977,descend,109.2308517,23.0085095,129.30926513671875,18.39073486328124,0,0.0,65.34620649968058,0.0,65.34620649968058,122.0,129.0,122.0,56.65379350031942,1
15,U07,8621.700023787336,descend,109.2308517,23.0085095,127.69999999999999,20.0,0,0.0,66.07482474751174,0.0,66.07482474751174,122.0,129.0,122.0,55.92517525248826,1
16,U08,5029.8,setup,109.2308517,23.0085095,127.7,19.999999999999986,0,0.0,66.07482474751174,0.0,66.07482474751174,122.0,129.0,122.0,55.92517525248826,1
16,U08,5039.8,setup,109.2308517,23.0085095,127.7,19.999999999999986,0,0.0,66.07482474751174,0.0,66.07482474751174,122.0,129.0,122.0,55.92517525248826,1
16,U08,5049.8,setup,109.2308517,23.0085095,127.7,19.999999999999986,0,0.0,66.07482474751174,0.0,66.07482474751174,122.0,129.0,122.0,55.92517525248826,1
16,U08,5059.8,setup,109.2308517,23.0085095,127.7,19.999999999999986,0,0.0,66.07482474751174,0.0,66.07482474751174,122.0,129.0,122.0,55.92517525248826,1
16,U08,5069.8,setup,109.2308517,23.0085095,127.7,19.999999999999986,0,0.0,66.07482474751174,0.0,66.07482474751174,122.0,129.0,122.0,55.92517525248826,1
16,U08,5079.8,setup,109.2308517,23.0085095,127.7,19.999999999999986,0,0.0,66.07482474751174,0.0,66.07482474751174,122.0,129.0,122.0,55.92517525248826,1
16,U08,5089.8,setup,109.2308517,23.0085095,127.7,19.999999999999986,0,0.0,66.07482474751174,0.0,66.07482474751174,122.0,129.0,122.0,55.92517525248826,1
16,U08,5099.8,setup,109.2308517,23.0085095,127.7,19.999999999999986,0,0.0,66.07482474751174,0.0,66.07482474751174,122.0,129.0,122.0,55.92517525248826,1
16,U08,5109.8,setup,109.2308517,23.0085095,127.7,19.999999999999986,0,0.0,66.07482474751174,0.0,66.07482474751174,122.0,129.0,122.0,55.92517525248826,1
16,U08,5119.8,setup,109.2308517,23.0085095,127.7,19.999999999999986,0,0.0,66.07482474751174,0.0,66.07482474751174,122.0,129.0,122.0,55.92517525248826,1
16,U08,5129.8,setup,109.2308517,23.0085095,127.7,19.999999999999986,0,0.0,66.07482474751174,0.0,66.07482474751174,122.0,129.0,122.0,55.92517525248826,1
16,U08,5139.8,setup,109.2308517,23.0085095,127.7,19.999999999999986,0,0.0,66.07482474751174,0.0,66.07482474751174,122.0,129.0,122.0,55.92517525248826,1
16,U08,5149.8,setup,109.2308517,23.0085095,127.7,19.999999999999986,0,0.0,66.07482474751174,0.0,66.07482474751174,122.0,129.0,122.0,55.92517525248826,1
16,U08,5159.8,setup,109.2308517,23.0085095,127.7,19.999999999999986,0,0.0,66.07482474751174,0.0,66.07482474751174,122.0,129.0,122.0,55.92517525248826,1
16,U08,5169.8,setup,109.2308517,23.0085095,127.7,19.999999999999986,0,0.0,66.07482474751174,0.0,66.07482474751174,122.0,129.0,122.0,55.92517525248826,1
16,U08,5179.8,setup,109.2308517,23.0085095,127.7,19.999999999999986,0,0.0,66.07482474751174,0.0,66.07482474751174,122.0,129.0,122.0,55.92517525248826,1
16,U08,5189.8,setup,109.2308517,23.0085095,127.7,19.999999999999986,0,0.0,66.07482474751174,0.0,66.07482474751174,122.0,129.0,122.0,55.92517525248826,1
16,U08,5199.8,setup,109.2308517,23.0085095,127.7,19.999999999999986,0,0.0,66.07482474751174,0.0,66.07482474751174,122.0,129.0,122.0,55.92517525248826,1
16,U08,5209.8,setup,109.2308517,23.0085095,127.7,19.999999999999986,0,0.0,66.07482474751174,0.0,66.07482474751174,122.0,129.0,122.0,55.92517525248826,1
16,U08,5219.8,setup,109.2308517,23.0085095,127.7,19.999999999999986,0,0.0,66.07482474751174,0.0,66.07482474751174,122.0,129.0,122.0,55.92517525248826,1
16,U08,5229.8,setup,109.2308517,23.0085095,127.7,19.999999999999986,0,0.0,66.07482474751174,0.0,66.07482474751174,122.0,129.0,122.0,55.92517525248826,1
16,U08,5239.8,setup,109.2308517,23.0085095,127.7,19.999999999999986,0,0.0,66.07482474751174,0.0,66.07482474751174,122.0,129.0,122.0,55.92517525248826,1
16,U08,5249.8,setup,109.2308517,23.0085095,127.7,19.999999999999986,0,0.0,66.07482474751174,0.0,66.07482474751174,122.0,129.0,122.0,55.92517525248826,1
16,U08,5259.8,setup,109.2308517,23.0085095,127.7,19.999999999999986,0,0.0,66.07482474751174,0.0,66.07482474751174,122.0,129.0,122.0,55.92517525248826,1
16,U08,5269.8,setup,109.2308517,23.0085095,127.7,19.999999999999986,0,0.0,66.07482474751174,0.0,66.07482474751174,122.0,129.0,122.0,55.92517525248826,1
16,U08,5279.8,setup,109.2308517,23.0085095,127.7,19.999999999999986,0,0.0,66.07482474751174,0.0,66.07482474751174,122.0,129.0,122.0,55.92517525248826,1
16,U08,5289.8,setup,109.2308517,23.0085095,127.7,19.999999999999986,0,0.0,66.07482474751174,0.0,66.07482474751174,122.0,129.0,122.0,55.92517525248826,1
16,U08,5299.8,setup,109.2308517,23.0085095,127.7,19.999999999999986,0,0.0,66.07482474751174,0.0,66.07482474751174,122.0,129.0,122.0,55.92517525248826,1
16,U08,5309.8,setup,109.2308517,23.0085095,127.7,19.999999999999986,0,0.0,66.07482474751174,0.0,66.07482474751174,122.0,129.0,122.0,55.92517525248826,1
16,U08,5319.8,setup,109.2308517,23.0085095,127.7,19.999999999999986,0,0.0,66.07482474751174,0.0,66.07482474751174,122.0,129.0,122.0,55.92517525248826,1
16,U08,5329.8,setup,109.2308517,23.0085095,127.7,19.999999999999986,0,0.0,66.07482474751174,0.0,66.07482474751174,122.0,129.0,122.0,55.92517525248826,1
16,U08,5339.8,setup,109.2308517,23.0085095,127.7,19.999999999999986,0,0.0,66.07482474751174,0.0,66.07482474751174,122.0,129.0,122.0,55.92517525248826,1
16,U08,5349.8,setup,109.2308517,23.0085095,127.7,19.999999999999986,0,0.0,66.07482474751174,0.0,66.07482474751174,122.0,129.0,122.0,55.92517525248826,1
16,U08,5359.8,setup,109.2308517,23.0085095,127.7,19.999999999999986,0,0.0,66.07482474751174,0.0,66.07482474751174,122.0,129.0,122.0,55.92517525248826,1
16,U08,5369.8,setup,109.2308517,23.0085095,127.7,19.999999999999986,0,0.0,66.07482474751174,0.0,66.07482474751174,122.0,129.0,122.0,55.92517525248826,1
16,U08,5379.8,setup,109.2308517,23.0085095,127.7,19.999999999999986,0,0.0,66.07482474751174,0.0,66.07482474751174,122.0,129.0,122.0,55.92517525248826,1
16,U08,5389.8,setup,109.2308517,23.0085095,127.7,19.999999999999986,0,0.0,66.07482474751174,0.0,66.07482474751174,122.0,129.0,122.0,55.92517525248826,1
16,U08,5399.8,setup,109.2308517,23.0085095,127.7,19.999999999999986,0,0.0,66.07482474751174,0.0,66.07482474751174,122.0,129.0,122.0,55.92517525248826,1
16,U08,5409.8,setup,109.2308517,23.0085095,127.7,19.999999999999986,0,0.0,66.07482474751174,0.0,66.07482474751174,122.0,129.0,122.0,55.92517525248826,1
16,U08,5419.8,setup,109.2308517,23.0085095,127.7,19.999999999999986,0,0.0,66.07482474751174,0.0,66.07482474751174,122.0,129.0,122.0,55.92517525248826,1
16,U08,5429.8,setup,109.2308517,23.0085095,127.7,19.999999999999986,0,0.0,66.07482474751174,0.0,66.07482474751174,122.0,129.0,122.0,55.92517525248826,1
16,U08,5439.8,setup,109.2308517,23.0085095,127.7,19.999999999999986,0,0.0,66.07482474751174,0.0,66.07482474751174,122.0,129.0,122.0,55.92517525248826,1
16,U08,5449.8,setup,109.2308517,23.0085095,127.7,19.999999999999986,0,0.0,66.07482474751174,0.0,66.07482474751174,122.0,129.0,122.0,55.92517525248826,1
16,U08,5459.8,setup,109.2308517,23.0085095,127.7,19.999999999999986,0,0.0,66.07482474751174,0.0,66.07482474751174,122.0,129.0,122.0,55.92517525248826,1
16,U08,5469.8,setup,109.2308517,23.0085095,127.7,19.999999999999986,0,0.0,66.07482474751174,0.0,66.07482474751174,122.0,129.0,122.0,55.92517525248826,1
16,U08,5479.8,setup,109.2308517,23.0085095,127.7,19.999999999999986,0,0.0,66.07482474751174,0.0,66.07482474751174,122.0,129.0,122.0,55.92517525248826,1
16,U08,5489.8,setup,109.2308517,23.0085095,127.7,19.999999999999986,0,0.0,66.07482474751174,0.0,66.07482474751174,122.0,129.0,122.0,55.92517525248826,1
16,U08,5499.8,setup,109.2308517,23.0085095,127.7,19.999999999999986,0,0.0,66.07482474751174,0.0,66.07482474751174,122.0,129.0,122.0,55.92517525248826,1
16,U08,5509.8,setup,109.2308517,23.0085095,127.7,19.999999999999986,0,0.0,66.07482474751174,0.0,66.07482474751174,122.0,129.0,122.0,55.92517525248826,1
16,U08,5519.8,setup,109.2308517,23.0085095,127.7,19.999999999999986,0,0.0,66.07482474751174,0.0,66.07482474751174,122.0,129.0,122.0,55.92517525248826,1
16,U08,5529.8,setup,109.2308517,23.0085095,127.7,19.999999999999986,0,0.0,66.07482474751174,0.0,66.07482474751174,122.0,129.0,122.0,55.92517525248826,1
16,U08,5539.8,setup,109.2308517,23.0085095,127.7,19.999999999999986,0,0.0,66.07482474751174,0.0,66.07482474751174,122.0,129.0,122.0,55.92517525248826,1
16,U08,5549.8,setup,109.2308517,23.0085095,127.7,19.999999999999986,0,0.0,66.07482474751174,0.0,66.07482474751174,122.0,129.0,122.0,55.92517525248826,1
16,U08,5559.8,setup,109.2308517,23.0085095,127.7,19.999999999999986,0,0.0,66.07482474751174,0.0,66.07482474751174,122.0,129.0,122.0,55.92517525248826,1
16,U08,5569.8,climb,109.2308517,23.0085095,127.7,19.999999999999986,0,0.0,66.07482474751174,0.0,66.07482474751174,122.0,129.0,122.0,55.92517525248826,1
16,U08,5579.8,climb,109.2308517,23.0085095,152.7,5.0,0,0.0,54.03362492095249,0.0,54.03362492095249,122.0,129.0,122.0,67.96637507904751,1
16,U08,5589.8,climb,109.2308517,23.0085095,177.7,30.0,0,0.0,69.59664992862537,0.0,69.59664992862537,122.0,129.0,122.0,52.40335007137463,1
16,U08,5599.8,climb,109.2308517,23.0085095,202.7,55.0,0,0.0,74.861478624117,0.0,74.861478624117,122.0,129.0,122.0,47.138521375883,1
16,U08,5609.8,climb,109.2308517,23.0085095,227.7,80.0,0,0.0,78.11602457407099,0.0,78.11602457407099,122.0,129.0,122.0,43.88397542592901,1
16,U08,5619.8,climb,109.2308517,23.0085095,252.7,105.0,0,0.0,80.47801081563088,0.0,80.47801081563088,122.0,129.0,122.0,41.52198918436912,1
16,U08,5629.8,climb,109.2308517,23.0085095,277.7,130.0,0,0.0,82.33309188036885,0.0,82.33309188036885,122.0,129.0,122.0,39.666908119631145,1
16,U08,5639.8,climb,109.2308517,23.0085095,302.7,155.0,0,0.0,83.86085879763795,0.0,83.86085879763795,122.0,129.0,122.0,38.139141202362055,1
16,U08,5649.8,climb,109.2308517,23.0085095,327.7,180.0,0,0.0,85.15967493629823,0.0,85.15967493629823,122.0,129.0,122.0,36.84032506370177,1
16,U08,5659.8,climb,109.2308517,23.0085095,352.7,205.0,0,0.0,86.2893020553472,0.0,86.2893020553472,122.0,129.0,122.0,35.71069794465279,1
16,U08,5664.408818359375,cruise,109.2308517,23.0085095,364.2220458984375,216.5220458984375,0,0.0,86.76426727523445,0.0,86.76426727523445,122.0,129.0,122.0,35.235732724765555,1
16,U08,5674.408818359375,cruise,109.22959340391813,23.00920127070738,364.2220458984375,263.40896418259507,0,-40.422022732821375,88.46683584498517,0.0,88.46683584498517,122.0,129.0,122.0,33.53316415501483,1
16,U08,5684.408818359375,cruise,109.22833510783626,23.00989304141476,364.2220458984375,369.9883787515428,0,-31.048773992629265,91.41798649809417,0.0,91.41798649809417,122.0,129.0,122.0,30.582013501905834,1
16,U08,5694.408818359375,cruise,109.22707681175437,23.01058481212214,364.2220458984375,499.4022828438825,0,-27.722782504174006,94.02323529915364,0.0,94.02323529915364,122.0,129.0,122.0,27.97676470084636,1
16,U08,5704.408818359375,cruise,109.2258185156725,23.01127658282952,364.2220458984375,637.9008474942898,0,-26.019225888135963,96.14928841703907,0.0,96.14928841703907,122.0,129.0,122.0,25.850711582960926,1
16,U08,5714.408818359375,cruise,109.22456021959063,23.0119683535369,364.2220458984375,780.6634636582625,0,-24.983730690152044,97.90350191703213,0.0,97.90350191703213,122.0,129.0,122.0,24.09649808296787,1
16,U08,5724.408818359375,cruise,109.22330192350876,23.01266012424428,364.2220458984375,925.7191726250455,0,-24.287742114457927,99.38381000465954,0.0,99.38381000465954,122.0,129.0,122.0,22.616189995340463,1
16,U08,5734.408818359375,cruise,109.22204362742688,23.01335189495166,364.2220458984375,1072.137402631307,0,-23.787806658677624,100.65923377608026,0.0,100.65923377608026,122.0,129.0,122.0,21.340766223919744,1
16,U08,5744.408818359375,cruise,109.22078533134501,23.01404366565904,364.2220458984375,1219.4272441596515,0,-23.411312056176456,101.77734270824251,0.0,101.77734270824251,122.0,129.0,122.0,20.222657291757486,1
16,U08,5754.408818359375,cruise,109.21952703526313,23.014735436366422,364.2220458984375,1367.3068628588787,0,-22.881593104771213,102.77154470701531,0.0,102.77154470701531,122.0,129.0,122.0,19.22845529298469,1
16,U08,5764.408818359375,cruise,109.21826873918126,23.015427207073802,364.2220458984375,1515.6034639638542,0,-19.758409043113772,103.66593661821348,0.0,103.66593661821348,122.0,129.0,122.0,18.33406338178652,1
16,U08,5774.408818359375,cruise,109.21701044309938,23.016118977781183,364.2220458984375,1664.2054265181334,0,-16.28200477393898,104.47836351006575,0.0,104.47836351006575,122.0,129.0,122.0,17.521636489934252,1
16,U08,5784.408818359375,cruise,109.21575214701751,23.016810748488563,364.2220458984375,1813.037526306218,0,-13.380212780660827,105.22236069881248,0.0,105.22236069881248,122.0,129.0,122.0,16.77763930118752,1
16,U08,5794.408818359375,cruise,109.21449385093564,23.017502519195943,364.2220458984375,1962.0472624120796,0,-10.92144246574577,105.90841412607452,0.0,105.90841412607452,122.0,129.0,122.0,16.09158587392548,1
16,U08,5804.408818359375,cruise,109.21323555485375,23.018194289903324,364.2220458984375,2111.1969011911888,0,-6.648761722212981,106.54479962935721,0.0,106.54479962935721,122.0,129.0,122.0,15.455200370642785,1
16,U08,5814.408818359375,cruise,109.21197725877188,23.018886060610704,364.2220458984375,2260.4586367052707,0,-1.970722122697623,107.13815612321758,0.0,107.13815612321758,122.0,129.0,122.0,14.861843876782416,1
16,U08,5824.408818359375,cruise,109.21071896269001,23.019577831318085,364.2220458984375,2409.811533580798,1,2.126194545200917,107.69388640667174,10.0,117.69388640667174,122.0,129.0,122.0,4.306113593328263,1
16,U08,5834.408818359375,cruise,109.20946066660814,23.020269602025465,364.2220458984375,2559.239532051678,1,7.599720023528903,108.21644354595712,10.0,118.21644354595712,122.0,129.0,122.0,3.7835564540428805,1
16,U08,5844.408818359375,cruise,109.20820237052627,23.020961372732845,364.2220458984375,2708.730108886479,1,13.96575219591682,108.7095395376235,10.0,118.7095395376235,122.0,129.0,122.0,3.290460462376501,1
16,U08,5854.408818359375,cruise,109.2069440744444,23.021653143440226,364.2220458984375,2858.2733560486563,1,19.665184140829524,109.1763000535375,10.0,119.1763000535375,122.0,129.0,122.0,2.8236999464624972,1
16,U08,5864.408818359375,cruise,109.20568577836251,23.022344914147606,364.2220458984375,3007.8613327631665,1,24.79750842953203,109.61938104839594,10.0,119.61938104839594,122.0,129.0,122.0,2.3806189516040632,1
16,U08,5874.408818359375,cruise,109.20442748228064,23.023036684854986,364.2220458984375,3157.487600899488,1,42.624332634080645,110.04105791032973,10.0,120.04105791032973,122.0,129.0,122.0,1.9589420896702734,1
16,U08,5884.408818359375,cruise,109.20316918619876,23.023728455562367,364.2220458984375,3307.1468859651077,1,84.8018202837776,110.44329452233048,10.0,120.44329452233048,122.0,129.0,122.0,1.5567054776695244,1
16,U08,5894.408818359375,cruise,109.20191089011689,23.02442022626975,364.2220458984375,3456.8348258181522,1,94.13265613374256,110.82779740656997,10.0,120.82779740656997,122.0,129.0,122.0,1.172202593430029,1
16,U08,5904.408818359375,cruise,109.20065259403502,23.02511199697713,364.2220458984375,3606.547781750134,1,102.68914875964407,111.19605864149278,10.0,121.19605864149278,122.0,129.0,122.0,0.8039413585072168,1
16,U08,5914.408818359375,cruise,109.19939429795313,23.02580376768451,364.2220458984375,3756.282694606843,1,110.56384914443788,111.5493902233011,10.0,121.5493902233011,122.0,129.0,122.0,0.45060977669889724,1
16,U08,5924.408818359375,cruise,109.19813600187126,23.02649553839189,364.2220458984375,3906.0369739019848,1,117.83512421238925,111.88895183285719,10.0,121.88895183285719,122.0,129.0,122.0,0.11104816714281185,1
16,U08,5934.408818359375,cruise,109.19687770578939,23.027187309099272,364.2220458984375,4055.8084114439903,1,124.56977381407114,112.21577346577774,10.0,122.21577346577774,122.0,129.0,122.0,-0.21577346577774392,0
16,U08,5944.408818359375,cruise,109.19561940970752,23.027879079806652,364.2220458984375,4205.595113365167,1,130.82508892453012,112.53077402199239,10.0,122.53077402199239,122.0,129.0,122.0,-0.5307740219923858,0
16,U08,5954.408818359375,cruise,109.19436111362565,23.028570850514033,364.2220458984375,4355.395446149114,1,136.65048547069642,112.83477668830982,10.0,122.83477668830982,122.0,129.0,122.0,-0.834776688309816,0
16,U08,5964.408818359375,cruise,109.19310281754377,23.029262621221413,364.2220458984375,4505.207993403819,1,142.08881247891145,113.12852175408474,10.0,123.12852175408474,122.0,129.0,122.0,-1.128521754084744,0
16,U08,5966.663594066465,descend,109.1928191,23.0294186,364.2220458984375,4538.988920437212,1,143.13340202306364,113.19340728706727,10.0,123.19340728706727,122.0,129.0,122.0,-1.1934072870672736,0
16,U08,5974.524617015683,handover,109.1928191,23.0294186,348.5,4538.266107611113,1,154.54874888001495,113.1920239894888,10.0,123.1920239894888,122.0,129.0,122.0,-1.1920239894888027,0
16,U08,5984.524617015683,handover,109.1928191,23.0294186,348.5,4538.266107611113,1,154.54874888001495,113.1920239894888,10.0,123.1920239894888,122.0,129.0,122.0,-1.1920239894888027,0
16,U08,5994.524617015683,handover,109.1928191,23.0294186,348.5,4538.266107611113,1,154.54874888001495,113.1920239894888,10.0,123.1920239894888,122.0,129.0,122.0,-1.1920239894888027,0
16,U08,6004.524617015683,handover,109.1928191,23.0294186,348.5,4538.266107611113,1,154.54874888001495,113.1920239894888,10.0,123.1920239894888,122.0,129.0,122.0,-1.1920239894888027,0
16,U08,6014.524617015683,handover,109.1928191,23.0294186,348.5,4538.266107611113,1,154.54874888001495,113.1920239894888,10.0,123.1920239894888,122.0,129.0,122.0,-1.1920239894888027,0
16,U08,6024.524617015683,handover,109.1928191,23.0294186,348.5,4538.266107611113,1,154.54874888001495,113.1920239894888,10.0,123.1920239894888,122.0,129.0,122.0,-1.1920239894888027,0
16,U08,6034.524617015683,handover,109.1928191,23.0294186,348.5,4538.266107611113,1,154.54874888001495,113.1920239894888,10.0,123.1920239894888,122.0,129.0,122.0,-1.1920239894888027,0
16,U08,6044.524617015683,handover,109.1928191,23.0294186,348.5,4538.266107611113,1,154.54874888001495,113.1920239894888,10.0,123.1920239894888,122.0,129.0,122.0,-1.1920239894888027,0
16,U08,6054.524617015683,handover,109.1928191,23.0294186,348.5,4538.266107611113,1,154.54874888001495,113.1920239894888,10.0,123.1920239894888,122.0,129.0,122.0,-1.1920239894888027,0
16,U08,6064.524617015683,handover,109.1928191,23.0294186,348.5,4538.266107611113,1,154.54874888001495,113.1920239894888,10.0,123.1920239894888,122.0,129.0,122.0,-1.1920239894888027,0
16,U08,6074.524617015683,handover,109.1928191,23.0294186,348.5,4538.266107611113,1,154.54874888001495,113.1920239894888,10.0,123.1920239894888,122.0,129.0,122.0,-1.1920239894888027,0
16,U08,6084.524617015683,handover,109.1928191,23.0294186,348.5,4538.266107611113,1,154.54874888001495,113.1920239894888,10.0,123.1920239894888,122.0,129.0,122.0,-1.1920239894888027,0
16,U08,6094.524617015683,handover,109.1928191,23.0294186,348.5,4538.266107611113,1,154.54874888001495,113.1920239894888,10.0,123.1920239894888,122.0,129.0,122.0,-1.1920239894888027,0
16,U08,6104.524617015683,handover,109.1928191,23.0294186,348.5,4538.266107611113,1,154.54874888001495,113.1920239894888,10.0,123.1920239894888,122.0,129.0,122.0,-1.1920239894888027,0
16,U08,6114.524617015683,handover,109.1928191,23.0294186,348.5,4538.266107611113,1,154.54874888001495,113.1920239894888,10.0,123.1920239894888,122.0,129.0,122.0,-1.1920239894888027,0
16,U08,6124.524617015683,handover,109.1928191,23.0294186,348.5,4538.266107611113,1,154.54874888001495,113.1920239894888,10.0,123.1920239894888,122.0,129.0,122.0,-1.1920239894888027,0
16,U08,6134.524617015683,handover,109.1928191,23.0294186,348.5,4538.266107611113,1,154.54874888001495,113.1920239894888,10.0,123.1920239894888,122.0,129.0,122.0,-1.1920239894888027,0
16,U08,6144.524617015683,handover,109.1928191,23.0294186,348.5,4538.266107611113,1,154.54874888001495,113.1920239894888,10.0,123.1920239894888,122.0,129.0,122.0,-1.1920239894888027,0
16,U08,6154.524617015683,handover,109.1928191,23.0294186,348.5,4538.266107611113,1,154.54874888001495,113.1920239894888,10.0,123.1920239894888,122.0,129.0,122.0,-1.1920239894888027,0
16,U08,6164.524617015683,handover,109.1928191,23.0294186,348.5,4538.266107611113,1,154.54874888001495,113.1920239894888,10.0,123.1920239894888,122.0,129.0,122.0,-1.1920239894888027,0
16,U08,6174.524617015683,handover,109.1928191,23.0294186,348.5,4538.266107611113,1,154.54874888001495,113.1920239894888,10.0,123.1920239894888,122.0,129.0,122.0,-1.1920239894888027,0
16,U08,6184.524617015683,handover,109.1928191,23.0294186,348.5,4538.266107611113,1,154.54874888001495,113.1920239894888,10.0,123.1920239894888,122.0,129.0,122.0,-1.1920239894888027,0
16,U08,6194.524617015683,handover,109.1928191,23.0294186,348.5,4538.266107611113,1,154.54874888001495,113.1920239894888,10.0,123.1920239894888,122.0,129.0,122.0,-1.1920239894888027,0
16,U08,6204.524617015683,handover,109.1928191,23.0294186,348.5,4538.266107611113,1,154.54874888001495,113.1920239894888,10.0,123.1920239894888,122.0,129.0,122.0,-1.1920239894888027,0
16,U08,6214.524617015683,handover,109.1928191,23.0294186,348.5,4538.266107611113,1,154.54874888001495,113.1920239894888,10.0,123.1920239894888,122.0,129.0,122.0,-1.1920239894888027,0
16,U08,6224.524617015683,handover,109.1928191,23.0294186,348.5,4538.266107611113,1,154.54874888001495,113.1920239894888,10.0,123.1920239894888,122.0,129.0,122.0,-1.1920239894888027,0
16,U08,6234.524617015683,handover,109.1928191,23.0294186,348.5,4538.266107611113,1,154.54874888001495,113.1920239894888,10.0,123.1920239894888,122.0,129.0,122.0,-1.1920239894888027,0
16,U08,6244.524617015683,handover,109.1928191,23.0294186,348.5,4538.266107611113,1,154.54874888001495,113.1920239894888,10.0,123.1920239894888,122.0,129.0,122.0,-1.1920239894888027,0
16,U08,6254.524617015683,handover,109.1928191,23.0294186,348.5,4538.266107611113,1,154.54874888001495,113.1920239894888,10.0,123.1920239894888,122.0,129.0,122.0,-1.1920239894888027,0
16,U08,6264.524617015683,handover,109.1928191,23.0294186,348.5,4538.266107611113,1,154.54874888001495,113.1920239894888,10.0,123.1920239894888,122.0,129.0,122.0,-1.1920239894888027,0
16,U08,6274.524617015683,handover,109.1928191,23.0294186,348.5,4538.266107611113,1,154.54874888001495,113.1920239894888,10.0,123.1920239894888,122.0,129.0,122.0,-1.1920239894888027,0
16,U08,6284.524617015683,handover,109.1928191,23.0294186,348.5,4538.266107611113,1,154.54874888001495,113.1920239894888,10.0,123.1920239894888,122.0,129.0,122.0,-1.1920239894888027,0
16,U08,6294.524617015683,handover,109.1928191,23.0294186,348.5,4538.266107611113,1,154.54874888001495,113.1920239894888,10.0,123.1920239894888,122.0,129.0,122.0,-1.1920239894888027,0
16,U08,6304.524617015683,handover,109.1928191,23.0294186,348.5,4538.266107611113,1,154.54874888001495,113.1920239894888,10.0,123.1920239894888,122.0,129.0,122.0,-1.1920239894888027,0
16,U08,6314.524617015683,handover,109.1928191,23.0294186,348.5,4538.266107611113,1,154.54874888001495,113.1920239894888,10.0,123.1920239894888,122.0,129.0,122.0,-1.1920239894888027,0
16,U08,6324.524617015683,handover,109.1928191,23.0294186,348.5,4538.266107611113,1,154.54874888001495,113.1920239894888,10.0,123.1920239894888,122.0,129.0,122.0,-1.1920239894888027,0
16,U08,6334.524617015683,climb,109.1928191,23.0294186,348.5,4538.266107611113,1,154.54874888001495,113.1920239894888,10.0,123.1920239894888,122.0,129.0,122.0,-1.1920239894888027,0
16,U08,6344.524617015683,climb,109.1928191,23.0294186,373.5,4539.440963763239,1,136.3969336984968,113.19427228211484,10.0,123.19427228211484,122.0,129.0,122.0,-1.194272282114838,0
16,U08,6354.524617015683,climb,109.1928191,23.0294186,398.5,4540.753160378983,1,118.24511851697866,113.19678271193854,10.0,123.19678271193854,122.0,129.0,122.0,-1.196782711938539,0
16,U08,6364.524617015683,climb,109.1928191,23.0294186,423.5,4542.202578429514,1,100.09330333546052,113.19955482394596,10.0,123.19955482394596,122.0,129.0,122.0,-1.1995548239459595,0
16,U08,6374.524617015683,climb,109.1928191,23.0294186,448.5,4543.78908659851,1,81.94148815394237,113.20258811640623,10.0,123.20258811640623,122.0,129.0,122.0,-1.2025881164062326,0
16,U08,6384.524617015683,climb,109.1928191,23.0294186,473.5,4545.512541341374,1,63.78967297242423,113.20588204117293,10.0,123.20588204117293,122.0,129.0,122.0,-1.2058820411729272,0
16,U08,6389.616316234434,cruise,109.1928191,23.0294186,486.229248046875,4546.442639611206,1,54.54731465456115,113.20765915748987,10.0,123.20765915748987,122.0,129.0,122.0,-1.2076591574898714,0
16,U08,6399.616316234434,cruise,109.19278944841062,23.03076730641322,486.229248046875,4627.468517458448,1,42.002273599203534,113.36109428930865,10.0,123.36109428930865,122.0,129.0,122.0,-1.361094289308653,0
16,U08,6409.616316234434,cruise,109.19275979682125,23.032116012826446,486.229248046875,4711.87739777578,1,39.27721876399531,113.51810446742694,10.0,123.51810446742694,122.0,129.0,122.0,-1.5181044674269373,0
16,U08,6419.616316234434,cruise,109.19273014523188,23.033464719239667,486.229248046875,4799.490792729393,1,42.80293548583984,113.67812809158255,10.0,123.67812809158255,122.0,129.0,122.0,-1.6781280915825505,0
16,U08,6429.616316234434,cruise,109.19270049364249,23.034813425652892,486.229248046875,4890.136465680185,1,45.894912438889946,113.84064441124404,10.0,123.84064441124404,122.0,129.0,122.0,-1.8406444112440425,0
16,U08,6439.616316234434,cruise,109.19267084205312,23.036162132066114,486.229248046875,4983.64896050185,1,53.05416259765627,114.00517370995837,10.0,124.00517370995837,122.0,129.0,122.0,-2.0051737099583704,0
16,U08,6449.616316234434,cruise,109.19264119046375,23.037510838479335,486.229248046875,5079.869958427324,1,61.91883711053069,114.17127672927938,10.0,124.17127672927938,122.0,129.0,122.0,-2.171276729279384,0
16,U08,6459.616316234434,cruise,109.19261153887437,23.03885954489256,486.229248046875,5178.6484869574415,1,59.560459975090566,114.33855349924855,10.0,124.33855349924855,122.0,129.0,122.0,-2.3385534992485475,0
16,U08,6469.616316234434,cruise,109.192581887285,23.04020825130578,486.229248046875,5279.841004398258,1,51.257622874866854,114.5066417244835,10.0,124.5066417244835,122.0,129.0,122.0,-2.506641724483501,0
16,U08,6479.616316234434,cruise,109.19255223569563,23.041556957719006,486.229248046875,5383.31138192273,1,50.24252378840964,114.67521485499208,10.0,124.67521485499208,122.0,129.0,122.0,-2.6752148549920776,0
16,U08,6489.616316234434,cruise,109.19252258410626,23.042905664132228,486.229248046875,5488.930802981398,1,44.42659818722251,114.84397995060128,10.0,124.84397995060128,122.0,129.0,122.0,-2.8439799506012804,0
16,U08,6499.616316234434,cruise,109.19249293251688,23.04425437054545,486.229248046875,5596.577597665499,1,41.72759563047191,115.01267542859082,10.0,125.01267542859082,122.0,129.0,122.0,-3.012675428590825,0
16,U08,6509.616316234434,cruise,109.1924632809275,23.045603076958674,486.229248046875,5706.137027314388,1,56.12158787777548,115.18106876632436,10.0,125.18106876632436,122.0,129.0,122.0,-3.1810687663243584,0
16,U08,6519.616316234434,cruise,109.19243362933813,23.046951783371895,486.229248046875,5817.501032462878,1,92.83692582907133,115.34895421493867,10.0,125.34895421493867,122.0,129.0,122.0,-3.348954214938672,0
16,U08,6529.616316234434,cruise,109.19240397774875,23.04830048978512,486.229248046875,5930.567955160923,1,111.84613701542719,115.51615056654602,10.0,125.51615056654602,122.0,129.0,122.0,-3.516150566546017,0
16,U08,6538.17496327254,descend,109.1923786,23.0494548,486.229248046875,6028.617975307387,1,118.09703794261117,115.65858011687133,10.0,125.65858011687133,122.0,129.0,122.0,-3.6585801168713346,0
16,U08,6544.039587295977,handover,109.1923786,23.0494548,474.5,6027.970709983265,1,126.96691706263607,115.65764750229452,10.0,125.65764750229452,122.0,129.0,122.0,-3.657647502294523,0
16,U08,6554.039587295977,handover,109.1923786,23.0494548,474.5,6027.970709983265,1,126.96691706263607,115.65764750229452,10.0,125.65764750229452,122.0,129.0,122.0,-3.657647502294523,0
16,U08,6564.039587295977,handover,109.1923786,23.0494548,474.5,6027.970709983265,1,126.96691706263607,115.65764750229452,10.0,125.65764750229452,122.0,129.0,122.0,-3.657647502294523,0
16,U08,6574.039587295977,handover,109.1923786,23.0494548,474.5,6027.970709983265,1,126.96691706263607,115.65764750229452,10.0,125.65764750229452,122.0,129.0,122.0,-3.657647502294523,0
16,U08,6584.039587295977,handover,109.1923786,23.0494548,474.5,6027.970709983265,1,126.96691706263607,115.65764750229452,10.0,125.65764750229452,122.0,129.0,122.0,-3.657647502294523,0
16,U08,6594.039587295977,handover,109.1923786,23.0494548,474.5,6027.970709983265,1,126.96691706263607,115.65764750229452,10.0,125.65764750229452,122.0,129.0,122.0,-3.657647502294523,0
16,U08,6604.039587295977,handover,109.1923786,23.0494548,474.5,6027.970709983265,1,126.96691706263607,115.65764750229452,10.0,125.65764750229452,122.0,129.0,122.0,-3.657647502294523,0
16,U08,6614.039587295977,handover,109.1923786,23.0494548,474.5,6027.970709983265,1,126.96691706263607,115.65764750229452,10.0,125.65764750229452,122.0,129.0,122.0,-3.657647502294523,0
16,U08,6624.039587295977,handover,109.1923786,23.0494548,474.5,6027.970709983265,1,126.96691706263607,115.65764750229452,10.0,125.65764750229452,122.0,129.0,122.0,-3.657647502294523,0
16,U08,6634.039587295977,handover,109.1923786,23.0494548,474.5,6027.970709983265,1,126.96691706263607,115.65764750229452,10.0,125.65764750229452,122.0,129.0,122.0,-3.657647502294523,0
16,U08,6644.039587295977,handover,109.1923786,23.0494548,474.5,6027.970709983265,1,126.96691706263607,115.65764750229452,10.0,125.65764750229452,122.0,129.0,122.0,-3.657647502294523,0
16,U08,6654.039587295977,handover,109.1923786,23.0494548,474.5,6027.970709983265,1,126.96691706263607,115.65764750229452,10.0,125.65764750229452,122.0,129.0,122.0,-3.657647502294523,0
16,U08,6664.039587295977,handover,109.1923786,23.0494548,474.5,6027.970709983265,1,126.96691706263607,115.65764750229452,10.0,125.65764750229452,122.0,129.0,122.0,-3.657647502294523,0
16,U08,6674.039587295977,handover,109.1923786,23.0494548,474.5,6027.970709983265,1,126.96691706263607,115.65764750229452,10.0,125.65764750229452,122.0,129.0,122.0,-3.657647502294523,0
16,U08,6684.039587295977,handover,109.1923786,23.0494548,474.5,6027.970709983265,1,126.96691706263607,115.65764750229452,10.0,125.65764750229452,122.0,129.0,122.0,-3.657647502294523,0
16,U08,6694.039587295977,handover,109.1923786,23.0494548,474.5,6027.970709983265,1,126.96691706263607,115.65764750229452,10.0,125.65764750229452,122.0,129.0,122.0,-3.657647502294523,0
16,U08,6704.039587295977,handover,109.1923786,23.0494548,474.5,6027.970709983265,1,126.96691706263607,115.65764750229452,10.0,125.65764750229452,122.0,129.0,122.0,-3.657647502294523,0
16,U08,6714.039587295977,handover,109.1923786,23.0494548,474.5,6027.970709983265,1,126.96691706263607,115.65764750229452,10.0,125.65764750229452,122.0,129.0,122.0,-3.657647502294523,0
16,U08,6724.039587295977,handover,109.1923786,23.0494548,474.5,6027.970709983265,1,126.96691706263607,115.65764750229452,10.0,125.65764750229452,122.0,129.0,122.0,-3.657647502294523,0
16,U08,6734.039587295977,handover,109.1923786,23.0494548,474.5,6027.970709983265,1,126.96691706263607,115.65764750229452,10.0,125.65764750229452,122.0,129.0,122.0,-3.657647502294523,0
16,U08,6744.039587295977,handover,109.1923786,23.0494548,474.5,6027.970709983265,1,126.96691706263607,115.65764750229452,10.0,125.65764750229452,122.0,129.0,122.0,-3.657647502294523,0
16,U08,6754.039587295977,handover,109.1923786,23.0494548,474.5,6027.970709983265,1,126.96691706263607,115.65764750229452,10.0,125.65764750229452,122.0,129.0,122.0,-3.657647502294523,0
16,U08,6764.039587295977,handover,109.1923786,23.0494548,474.5,6027.970709983265,1,126.96691706263607,115.65764750229452,10.0,125.65764750229452,122.0,129.0,122.0,-3.657647502294523,0
16,U08,6774.039587295977,handover,109.1923786,23.0494548,474.5,6027.970709983265,1,126.96691706263607,115.65764750229452,10.0,125.65764750229452,122.0,129.0,122.0,-3.657647502294523,0
16,U08,6784.039587295977,handover,109.1923786,23.0494548,474.5,6027.970709983265,1,126.96691706263607,115.65764750229452,10.0,125.65764750229452,122.0,129.0,122.0,-3.657647502294523,0
16,U08,6794.039587295977,handover,109.1923786,23.0494548,474.5,6027.970709983265,1,126.96691706263607,115.65764750229452,10.0,125.65764750229452,122.0,129.0,122.0,-3.657647502294523,0
16,U08,6804.039587295977,handover,109.1923786,23.0494548,474.5,6027.970709983265,1,126.96691706263607,115.65764750229452,10.0,125.65764750229452,122.0,129.0,122.0,-3.657647502294523,0
16,U08,6814.039587295977,handover,109.1923786,23.0494548,474.5,6027.970709983265,1,126.96691706263607,115.65764750229452,10.0,125.65764750229452,122.0,129.0,122.0,-3.657647502294523,0
16,U08,6824.039587295977,handover,109.1923786,23.0494548,474.5,6027.970709983265,1,126.96691706263607,115.65764750229452,10.0,125.65764750229452,122.0,129.0,122.0,-3.657647502294523,0
16,U08,6832.039587295977,climb,109.1923786,23.0494548,474.5,6027.970709983265,1,126.96691706263607,115.65764750229452,10.0,125.65764750229452,122.0,129.0,122.0,-3.657647502294523,0
16,U08,6842.039587295977,climb,109.1923786,23.0494548,499.5,6029.377735754839,1,108.06144442582013,115.65967469271376,10.0,125.65967469271376,122.0,129.0,122.0,-3.6596746927137644,0
16,U08,6852.039587295977,climb,109.1923786,23.0494548,524.5,6030.888067309503,1,89.15597178900418,115.66185019588815,10.0,125.66185019588815,122.0,129.0,122.0,-3.6618501958881495,0
16,U08,6862.039587295977,climb,109.1923786,23.0494548,549.5,6032.501627054579,1,70.2504991521883,115.66417378856133,10.0,125.66417378856133,122.0,129.0,122.0,-3.664173788561328,0
16,U08,6872.039587295977,climb,109.1923786,23.0494548,574.5,6034.218332179915,1,51.34502651537235,115.66664523256777,10.0,125.66664523256777,122.0,129.0,122.0,-3.666645232567774,0
16,U08,6876.497106827227,cruise,109.1923786,23.0494548,585.643798828125,6035.0167697652805,1,42.917875162760424,115.66779445879477,10.0,125.66779445879477,122.0,129.0,122.0,-3.6677944587947735,0
16,U08,6886.497106827227,cruise,109.19333737450079,23.048434416678482,585.643798828125,5885.4317885833325,1,34.46937056560904,115.44979144721808,10.0,125.44979144721808,122.0,129.0,122.0,-3.4497914472180753,0
16,U08,6896.497106827227,cruise,109.19429614900157,23.04741403335696,585.643798828125,5735.867501686131,1,25.57853588483721,115.2262070460351,10.0,125.2262070460351,122.0,129.0,122.0,-3.2262070460351,0
16,U08,6906.497106827227,cruise,109.19525492350236,23.046393650035444,585.643798828125,5586.325610431619,1,21.716088079637075,114.99674975115738,10.0,124.99674975115738,122.0,129.0,122.0,-2.996749751157381,0
16,U08,6916.497106827227,cruise,109.19621369800315,23.045373266713923,585.643798828125,5436.808003097563,1,20.838015055788162,114.76110476383572,10.0,124.76110476383572,122.0,129.0,122.0,-2.761104763835718,0
16,U08,6926.497106827227,cruise,109.19717247250394,23.044352883392406,585.643798828125,5287.316781234344,1,19.91005151922053,114.51893145928395,10.0,124.51893145928395,122.0,129.0,122.0,-2.518931459283948,0
16,U08,6936.497106827227,cruise,109.19813124700472,23.04333250007089,585.643798828125,5137.854290589299,1,18.92782110916943,114.26986050473302,10.0,124.26986050473302,122.0,129.0,122.0,-2.2698605047330176,0
16,U08,6946.497106827227,cruise,109.19909002150551,23.04231211674937,585.643798828125,4988.423157569802,1,17.886420192488686,114.01349056758232,10.0,124.01349056758232,122.0,129.0,122.0,-2.0134905675823234,0
16,U08,6956.497106827227,cruise,109.2000487960063,23.04129173342785,585.643798828125,4839.026332421517,1,16.780335989057676,113.74938454234484,10.0,123.74938454234484,122.0,129.0,122.0,-1.749384542344842,0
16,U08,6966.497106827227,cruise,109.20100757050709,23.04027135010633,585.643798828125,4689.6671406149035,1,15.603348952073304,113.4770652103919,10.0,123.4770652103919,122.0,129.0,122.0,-1.477065210391899,0
16,U08,6976.497106827227,cruise,109.20196634500788,23.039250966784813,585.643798828125,4540.349344312862,1,14.348415753699328,113.1960102282484,10.0,123.1960102282484,122.0,129.0,122.0,-1.1960102282483973,0
16,U08,6986.497106827227,cruise,109.20292511950866,23.038230583463292,585.643798828125,4391.077216299138,1,13.007528226669535,112.9056463174621,10.0,122.9056463174621,122.0,129.0,122.0,-0.9056463174621001,0
16,U08,6996.497106827227,cruise,109.20388389400945,23.037210200141775,585.643798828125,4241.855629409216,1,11.571542293467417,112.60534250059689,10.0,122.60534250059689,122.0,129.0,122.0,-0.6053425005968904,0
16,U08,7006.497106827227,cruise,109.20484266851024,23.036189816820258,585.643798828125,4092.6901653823024,1,10.02996915929458,112.2944021920385,10.0,122.2944021920385,122.0,129.0,122.0,-0.29440219203850404,0
16,U08,7016.497106827227,cruise,109.20580144301103,23.035169433498737,585.643798828125,3943.5872482212776,1,8.370718686635257,111.97205390687529,10.0,121.97205390687529,122.0,129.0,122.0,0.027946093124711524,1
16,U08,7026.497106827227,cruise,109.20676021751183,23.03414905017722,585.643798828125,3794.5543087318783,1,6.579781668526834,111.63744029327395,10.0,121.63744029327395,122.0,129.0,122.0,0.36255970672604576,1
16,U08,7036.497106827227,cruise,109.20771899201262,23.0331286668557,585.643798828125,3645.5999890496764,1,4.640833326607719,111.28960511963007,10.0,121.28960511963007,122.0,129.0,122.0,0.7103948803699325,1
16,U08,7046.497106827227,cruise,109.2086777665134,23.032108283534182,585.643798828125,3496.734398925331,1,2.5347342655576313,110.927477752297,10.0,120.927477752297,122.0,129.0,122.0,1.0725222477030059,1
16,U08,7056.497106827227,cruise,109.20963654101419,23.031087900212665,585.643798828125,3347.9694396535965,1,0.23889655035895885,110.54985453600673,10.0,120.54985453600673,122.0,129.0,122.0,1.450145463993266,1
16,U08,7066.497106827227,cruise,109.21059531551498,23.030067516891144,585.643798828125,3199.319217326453,0,-2.2735296285377444,110.15537632804894,0.0,110.15537632804894,122.0,129.0,122.0,11.844623671951055,1
16,U08,7076.497106827227,cruise,109.21155409001577,23.029047133569627,585.643798828125,3050.800575359761,0,-5.034710874651921,109.74250122666415,0.0,109.74250122666415,122.0,129.0,122.0,12.257498773335854,1
16,U08,7086.497106827227,cruise,109.21251286451655,23.028026750248106,585.643798828125,2902.4337882371124,0,-8.083515167236328,109.30947125787071,0.0,109.30947125787071,122.0,129.0,122.0,12.690528742129288,1
16,U08,7096.497106827227,cruise,109.21347163901734,23.02700636692659,585.643798828125,2754.243476028718,0,-11.467352898566276,108.8542714220901,0.0,108.8542714220901,122.0,129.0,122.0,13.145728577909907,1
16,U08,7106.497106827227,cruise,109.21443041351813,23.02598598360507,585.643798828125,2606.2598255868465,0,-15.244660133539185,108.37457902641212,0.0,108.37457902641212,122.0,129.0,122.0,13.625420973587879,1
16,U08,7116.497106827227,cruise,109.21538918801892,23.02496560028355,585.643798828125,2458.520244404532,0,-19.488301595052064,107.8677006100177,0.0,107.8677006100177,122.0,129.0,122.0,14.132299389982293,1
16,U08,7126.497106827227,cruise,109.2163479625197,23.023945216962034,585.643798828125,2311.0716353351286,0,-23.61940958123455,107.33049298092885,0.0,107.33049298092885,122.0,129.0,122.0,14.669507019071148,1
16,U08,7136.497106827227,cruise,109.2173067370205,23.022924833640513,585.643798828125,2163.9735789307547,0,-23.82231163777095,106.75926391306483,0.0,106.75926391306483,122.0,129.0,122.0,15.240736086935172,1
16,U08,7146.497106827227,cruise,109.21826551152128,23.021904450318996,585.643798828125,2017.302870032695,0,-24.055956430146182,106.14964696218973,0.0,106.14964696218973,122.0,129.0,122.0,15.850353037810265,1
16,U08,7156.497106827227,cruise,109.21922428602207,23.02088406699748,585.643798828125,1871.1601209753255,0,-24.327903647500932,105.49644389455379,0.0,105.49644389455379,122.0,129.0,122.0,16.503556105446208,1
16,U08,7166.497106827227,cruise,109.22018306052286,23.019863683675958,585.643798828125,1725.6795977906472,0,-24.64841286795479,104.79342812614489,0.0,104.79342812614489,122.0,129.0,122.0,17.20657187385511,1
16,U08,7176.497106827227,cruise,109.22114183502364,23.01884330035444,585.643798828125,1581.0442544046095,0,-25.031767033595656,104.03310535969145,0.0,104.03310535969145,122.0,129.0,122.0,17.966894640308553,1
16,U08,7186.497106827227,cruise,109.22210060952443,23.01782291703292,585.643798828125,1437.5093794479728,0,-25.49845906133237,103.20643857526316,0.0,103.20643857526316,122.0,129.0,122.0,18.793561424736836,1
16,U08,7196.497106827227,cruise,109.22305938402522,23.016802533711402,585.643798828125,1295.4409891091327,0,-26.078978412907304,102.30257752357933,0.0,102.30257752357933,122.0,129.0,122.0,19.69742247642067,1
16,U08,7206.497106827227,cruise,109.22401815852601,23.01578215038988,585.643798828125,1155.380366949397,0,-26.820753139919645,101.30872450273702,0.0,101.30872450273702,122.0,129.0,122.0,20.69127549726298,1
16,U08,7216.497106827227,cruise,109.2249769330268,23.014761767068364,585.643798828125,1018.1566487245067,0,-27.801810036936104,100.21051686660188,0.0,100.21051686660188,122.0,129.0,122.0,21.78948313339812,1
16,U08,7226.497106827227,cruise,109.22593570752758,23.013741383746847,585.643798828125,885.0905605647426,0,-29.160196509728053,98.99397901522589,0.0,98.99397901522589,122.0,129.0,122.0,23.00602098477411,1
16,U08,7236.497106827227,cruise,109.22689448202837,23.012721000425326,585.643798828125,758.3740809081003,0,-31.16543368384953,97.65189446664075,0.0,97.65189446664075,122.0,129.0,122.0,24.348105533359245,1
16,U08,7246.497106827227,cruise,109.22785325652916,23.01170061710381,585.643798828125,641.7797417943958,0,-34.42394409179684,96.20194491784926,0.0,96.20194491784926,122.0,129.0,122.0,25.79805508215074,1
16,U08,7256.497106827227,cruise,109.22881203102995,23.01068023378229,585.643798828125,541.881637064366,0,-40.64473668878725,94.73231351763769,0.0,94.73231351763769,122.0,129.0,122.0,27.267686482362308,1
16,U08,7266.497106827227,cruise,109.22977080553073,23.00965985046077,585.643798828125,469.4625633965893,0,-57.23351694742837,93.48624415036329,0.0,93.48624415036329,122.0,129.0,122.0,28.51375584963671,1
16,U08,7276.497106827227,cruise,109.23072958003152,23.008639467139254,585.643798828125,438.3604036526513,0,-239.7100997924805,92.89085119759972,0.0,92.89085119759972,122.0,129.0,122.0,29.109148802400284,1
16,U08,7277.770815800247,descend,109.2308517,23.0085095,585.643798828125,437.943798828125,0,0.0,92.88259245870312,0.0,92.88259245870312,122.0,129.0,122.0,29.117407541296885,1
16,U08,7287.770815800247,descend,109.2308517,23.0085095,565.643798828125,417.943798828125,0,0.0,92.47658255108122,0.0,92.47658255108122,122.0,129.0,122.0,29.523417448918778,1
16,U08,7297.770815800247,descend,109.2308517,23.0085095,545.643798828125,397.943798828125,0,0.0,92.05065966353058,0.0,92.05065966353058,122.0,129.0,122.0,29.94934033646942,1
16,U08,7307.770815800247,descend,109.2308517,23.0085095,525.643798828125,377.943798828125,0,0.0,91.60276931386096,0.0,91.60276931386096,122.0,129.0,122.0,30.39723068613904,1
16,U08,7317.770815800247,descend,109.2308517,23.0085095,505.643798828125,357.943798828125,0,0.0,91.1305216925356,0.0,91.1305216925356,122.0,129.0,122.0,30.869478307464405,1
16,U08,7327.770815800247,descend,109.2308517,23.0085095,485.643798828125,337.943798828125,0,0.0,90.63111446769864,0.0,90.63111446769864,122.0,129.0,122.0,31.368885532301363,1
16,U08,7337.770815800247,descend,109.2308517,23.0085095,465.643798828125,317.943798828125,0,0.0,90.10123201279397,0.0,90.10123201279397,122.0,129.0,122.0,31.89876798720603,1
16,U08,7347.770815800247,descend,109.2308517,23.0085095,445.643798828125,297.943798828125,0,0.0,89.53691184993805,0.0,89.53691184993805,122.0,129.0,122.0,32.46308815006195,1
16,U08,7357.770815800247,descend,109.2308517,23.0085095,425.643798828125,277.943798828125,0,0.0,88.93336461400867,0.0,88.93336461400867,122.0,129.0,122.0,33.06663538599133,1
16,U08,7367.770815800247,descend,109.2308517,23.0085095,405.643798828125,257.943798828125,0,0.0,88.28472666530767,0.0,88.28472666530767,122.0,129.0,122.0,33.71527333469233,1
16,U08,7377.770815800247,descend,109.2308517,23.0085095,385.643798828125,237.943798828125,0,0.0,87.58371265258052,0.0,87.58371265258052,122.0,129.0,122.0,34.416287347419484,1
16,U08,7387.770815800247,descend,109.2308517,23.0085095,365.643798828125,217.943798828125,0,0.0,86.82111516452798,0.0,86.82111516452798,122.0,129.0,122.0,35.17888483547202,1
16,U08,7397.770815800247,descend,109.2308517,23.0085095,345.643798828125,197.943798828125,0,0.0,85.98506284921089,0.0,85.98506284921089,122.0,129.0,122.0,36.01493715078911,1
16,U08,7407.770815800247,descend,109.2308517,23.0085095,325.643798828125,177.943798828125,0,0.0,85.05988199132413,0.0,85.05988199132413,122.0,129.0,122.0,36.94011800867587,1
16,U08,7417.770815800247,descend,109.2308517,23.0085095,305.643798828125,157.943798828125,0,0.0,84.02427642131634,0.0,84.02427642131634,122.0,129.0,122.0,37.975723578683656,1
16,U08,7427.770815800247,descend,109.2308517,23.0085095,285.643798828125,137.943798828125,0,0.0,82.84826847091173,0.0,82.84826847091173,122.0,129.0,122.0,39.151731529088266,1
16,U08,7437.770815800247,descend,109.2308517,23.0085095,265.643798828125,117.94379882812501,0,0.0,81.48772706964797,0.0,81.48772706964797,122.0,129.0,122.0,40.512272930352026,1
16,U08,7447.770815800247,descend,109.2308517,23.0085095,245.643798828125,97.94379882812501,0,0.0,79.87376372354639,0.0,79.87376372354639,122.0,129.0,122.0,42.12623627645361,1
16,U08,7457.770815800247,descend,109.2308517,23.0085095,225.643798828125,77.94379882812501,0,0.0,77.88985620693431,0.0,77.88985620693431,122.0,129.0,122.0,44.11014379306569,1
16,U08,7467.770815800247,descend,109.2308517,23.0085095,205.643798828125,57.94379882812501,0,0.0,75.31436412207712,0.0,75.31436412207712,122.0,129.0,122.0,46.68563587792288,1
16,U08,7477.770815800247,descend,109.2308517,23.0085095,185.643798828125,37.94379882812501,0,0.0,71.63704101605063,0.0,71.63704101605063,122.0,129.0,122.0,50.36295898394937,1
16,U08,7487.770815800247,descend,109.2308517,23.0085095,165.643798828125,17.94379882812501,0,0.0,65.13251266685722,0.0,65.13251266685722,122.0,129.0,122.0,56.867487333142776,1
16,U08,7497.770815800247,descend,109.2308517,23.0085095,145.643798828125,2.0562011718749886,0,0.0,46.315536880786304,0.0,46.315536880786304,122.0,129.0,122.0,75.68446311921369,1
16,U08,7506.742715214309,descend,109.2308517,23.0085095,127.69999999999999,20.0,0,0.0,66.07482474751174,0.0,66.07482474751174,122.0,129.0,122.0,55.92517525248826,1
17,U08,7506.7,setup,109.2308517,23.0085095,127.7,19.999999999999986,0,0.0,66.07482474751174,0.0,66.07482474751174,122.0,129.0,122.0,55.92517525248826,1
17,U08,7516.7,setup,109.2308517,23.0085095,127.7,19.999999999999986,0,0.0,66.07482474751174,0.0,66.07482474751174,122.0,129.0,122.0,55.92517525248826,1
17,U08,7526.7,setup,109.2308517,23.0085095,127.7,19.999999999999986,0,0.0,66.07482474751174,0.0,66.07482474751174,122.0,129.0,122.0,55.92517525248826,1
17,U08,7536.7,setup,109.2308517,23.0085095,127.7,19.999999999999986,0,0.0,66.07482474751174,0.0,66.07482474751174,122.0,129.0,122.0,55.92517525248826,1
17,U08,7546.7,setup,109.2308517,23.0085095,127.7,19.999999999999986,0,0.0,66.07482474751174,0.0,66.07482474751174,122.0,129.0,122.0,55.92517525248826,1
17,U08,7556.7,setup,109.2308517,23.0085095,127.7,19.999999999999986,0,0.0,66.07482474751174,0.0,66.07482474751174,122.0,129.0,122.0,55.92517525248826,1
17,U08,7566.7,setup,109.2308517,23.0085095,127.7,19.999999999999986,0,0.0,66.07482474751174,0.0,66.07482474751174,122.0,129.0,122.0,55.92517525248826,1
17,U08,7576.7,setup,109.2308517,23.0085095,127.7,19.999999999999986,0,0.0,66.07482474751174,0.0,66.07482474751174,122.0,129.0,122.0,55.92517525248826,1
17,U08,7586.7,setup,109.2308517,23.0085095,127.7,19.999999999999986,0,0.0,66.07482474751174,0.0,66.07482474751174,122.0,129.0,122.0,55.92517525248826,1
17,U08,7596.7,setup,109.2308517,23.0085095,127.7,19.999999999999986,0,0.0,66.07482474751174,0.0,66.07482474751174,122.0,129.0,122.0,55.92517525248826,1
17,U08,7606.7,setup,109.2308517,23.0085095,127.7,19.999999999999986,0,0.0,66.07482474751174,0.0,66.07482474751174,122.0,129.0,122.0,55.92517525248826,1
17,U08,7616.7,setup,109.2308517,23.0085095,127.7,19.999999999999986,0,0.0,66.07482474751174,0.0,66.07482474751174,122.0,129.0,122.0,55.92517525248826,1
17,U08,7626.7,setup,109.2308517,23.0085095,127.7,19.999999999999986,0,0.0,66.07482474751174,0.0,66.07482474751174,122.0,129.0,122.0,55.92517525248826,1
17,U08,7636.7,setup,109.2308517,23.0085095,127.7,19.999999999999986,0,0.0,66.07482474751174,0.0,66.07482474751174,122.0,129.0,122.0,55.92517525248826,1
17,U08,7646.7,setup,109.2308517,23.0085095,127.7,19.999999999999986,0,0.0,66.07482474751174,0.0,66.07482474751174,122.0,129.0,122.0,55.92517525248826,1
17,U08,7656.7,setup,109.2308517,23.0085095,127.7,19.999999999999986,0,0.0,66.07482474751174,0.0,66.07482474751174,122.0,129.0,122.0,55.92517525248826,1
17,U08,7666.7,setup,109.2308517,23.0085095,127.7,19.999999999999986,0,0.0,66.07482474751174,0.0,66.07482474751174,122.0,129.0,122.0,55.92517525248826,1
17,U08,7676.7,setup,109.2308517,23.0085095,127.7,19.999999999999986,0,0.0,66.07482474751174,0.0,66.07482474751174,122.0,129.0,122.0,55.92517525248826,1
17,U08,7686.7,setup,109.2308517,23.0085095,127.7,19.999999999999986,0,0.0,66.07482474751174,0.0,66.07482474751174,122.0,129.0,122.0,55.92517525248826,1
17,U08,7696.7,setup,109.2308517,23.0085095,127.7,19.999999999999986,0,0.0,66.07482474751174,0.0,66.07482474751174,122.0,129.0,122.0,55.92517525248826,1
17,U08,7706.7,setup,109.2308517,23.0085095,127.7,19.999999999999986,0,0.0,66.07482474751174,0.0,66.07482474751174,122.0,129.0,122.0,55.92517525248826,1
17,U08,7716.7,setup,109.2308517,23.0085095,127.7,19.999999999999986,0,0.0,66.07482474751174,0.0,66.07482474751174,122.0,129.0,122.0,55.92517525248826,1
17,U08,7726.7,setup,109.2308517,23.0085095,127.7,19.999999999999986,0,0.0,66.07482474751174,0.0,66.07482474751174,122.0,129.0,122.0,55.92517525248826,1
17,U08,7736.7,setup,109.2308517,23.0085095,127.7,19.999999999999986,0,0.0,66.07482474751174,0.0,66.07482474751174,122.0,129.0,122.0,55.92517525248826,1
17,U08,7746.7,setup,109.2308517,23.0085095,127.7,19.999999999999986,0,0.0,66.07482474751174,0.0,66.07482474751174,122.0,129.0,122.0,55.92517525248826,1
17,U08,7756.7,setup,109.2308517,23.0085095,127.7,19.999999999999986,0,0.0,66.07482474751174,0.0,66.07482474751174,122.0,129.0,122.0,55.92517525248826,1
17,U08,7766.7,setup,109.2308517,23.0085095,127.7,19.999999999999986,0,0.0,66.07482474751174,0.0,66.07482474751174,122.0,129.0,122.0,55.92517525248826,1
17,U08,7776.7,setup,109.2308517,23.0085095,127.7,19.999999999999986,0,0.0,66.07482474751174,0.0,66.07482474751174,122.0,129.0,122.0,55.92517525248826,1
17,U08,7786.7,setup,109.2308517,23.0085095,127.7,19.999999999999986,0,0.0,66.07482474751174,0.0,66.07482474751174,122.0,129.0,122.0,55.92517525248826,1
17,U08,7796.7,setup,109.2308517,23.0085095,127.7,19.999999999999986,0,0.0,66.07482474751174,0.0,66.07482474751174,122.0,129.0,122.0,55.92517525248826,1
17,U08,7806.7,setup,109.2308517,23.0085095,127.7,19.999999999999986,0,0.0,66.07482474751174,0.0,66.07482474751174,122.0,129.0,122.0,55.92517525248826,1
17,U08,7816.7,setup,109.2308517,23.0085095,127.7,19.999999999999986,0,0.0,66.07482474751174,0.0,66.07482474751174,122.0,129.0,122.0,55.92517525248826,1
17,U08,7826.7,setup,109.2308517,23.0085095,127.7,19.999999999999986,0,0.0,66.07482474751174,0.0,66.07482474751174,122.0,129.0,122.0,55.92517525248826,1
17,U08,7836.7,setup,109.2308517,23.0085095,127.7,19.999999999999986,0,0.0,66.07482474751174,0.0,66.07482474751174,122.0,129.0,122.0,55.92517525248826,1
17,U08,7846.7,setup,109.2308517,23.0085095,127.7,19.999999999999986,0,0.0,66.07482474751174,0.0,66.07482474751174,122.0,129.0,122.0,55.92517525248826,1
17,U08,7856.7,setup,109.2308517,23.0085095,127.7,19.999999999999986,0,0.0,66.07482474751174,0.0,66.07482474751174,122.0,129.0,122.0,55.92517525248826,1
17,U08,7866.7,setup,109.2308517,23.0085095,127.7,19.999999999999986,0,0.0,66.07482474751174,0.0,66.07482474751174,122.0,129.0,122.0,55.92517525248826,1
17,U08,7876.7,setup,109.2308517,23.0085095,127.7,19.999999999999986,0,0.0,66.07482474751174,0.0,66.07482474751174,122.0,129.0,122.0,55.92517525248826,1
17,U08,7886.7,setup,109.2308517,23.0085095,127.7,19.999999999999986,0,0.0,66.07482474751174,0.0,66.07482474751174,122.0,129.0,122.0,55.92517525248826,1
17,U08,7896.7,setup,109.2308517,23.0085095,127.7,19.999999999999986,0,0.0,66.07482474751174,0.0,66.07482474751174,122.0,129.0,122.0,55.92517525248826,1
17,U08,7906.7,setup,109.2308517,23.0085095,127.7,19.999999999999986,0,0.0,66.07482474751174,0.0,66.07482474751174,122.0,129.0,122.0,55.92517525248826,1
17,U08,7916.7,setup,109.2308517,23.0085095,127.7,19.999999999999986,0,0.0,66.07482474751174,0.0,66.07482474751174,122.0,129.0,122.0,55.92517525248826,1
17,U08,7926.7,setup,109.2308517,23.0085095,127.7,19.999999999999986,0,0.0,66.07482474751174,0.0,66.07482474751174,122.0,129.0,122.0,55.92517525248826,1
17,U08,7936.7,setup,109.2308517,23.0085095,127.7,19.999999999999986,0,0.0,66.07482474751174,0.0,66.07482474751174,122.0,129.0,122.0,55.92517525248826,1
17,U08,7946.7,setup,109.2308517,23.0085095,127.7,19.999999999999986,0,0.0,66.07482474751174,0.0,66.07482474751174,122.0,129.0,122.0,55.92517525248826,1
17,U08,7956.7,setup,109.2308517,23.0085095,127.7,19.999999999999986,0,0.0,66.07482474751174,0.0,66.07482474751174,122.0,129.0,122.0,55.92517525248826,1
17,U08,7966.7,setup,109.2308517,23.0085095,127.7,19.999999999999986,0,0.0,66.07482474751174,0.0,66.07482474751174,122.0,129.0,122.0,55.92517525248826,1
17,U08,7976.7,setup,109.2308517,23.0085095,127.7,19.999999999999986,0,0.0,66.07482474751174,0.0,66.07482474751174,122.0,129.0,122.0,55.92517525248826,1
17,U08,7986.7,climb,109.2308517,23.0085095,127.7,19.999999999999986,0,0.0,66.07482474751174,0.0,66.07482474751174,122.0,129.0,122.0,55.92517525248826,1
17,U08,7996.7,climb,109.2308517,23.0085095,152.7,5.0,0,0.0,54.03362492095249,0.0,54.03362492095249,122.0,129.0,122.0,67.96637507904751,1
17,U08,8006.7,climb,109.2308517,23.0085095,177.7,30.0,0,0.0,69.59664992862537,0.0,69.59664992862537,122.0,129.0,122.0,52.40335007137463,1
17,U08,8016.7,climb,109.2308517,23.0085095,202.7,55.0,0,0.0,74.861478624117,0.0,74.861478624117,122.0,129.0,122.0,47.138521375883,1
17,U08,8026.7,climb,109.2308517,23.0085095,227.7,80.0,0,0.0,78.11602457407099,0.0,78.11602457407099,122.0,129.0,122.0,43.88397542592901,1
17,U08,8036.7,climb,109.2308517,23.0085095,252.7,105.0,0,0.0,80.47801081563088,0.0,80.47801081563088,122.0,129.0,122.0,41.52198918436912,1
17,U08,8046.7,climb,109.2308517,23.0085095,277.7,130.0,0,0.0,82.33309188036885,0.0,82.33309188036885,122.0,129.0,122.0,39.666908119631145,1
17,U08,8056.7,climb,109.2308517,23.0085095,302.7,155.0,0,0.0,83.86085879763795,0.0,83.86085879763795,122.0,129.0,122.0,38.139141202362055,1
17,U08,8065.670891113281,cruise,109.2308517,23.0085095,325.1272277832031,177.42722778320314,0,0.0,85.0346301733049,0.0,85.0346301733049,122.0,129.0,122.0,36.965369826695095,1
17,U08,8075.670891113281,cruise,109.22938669759814,23.008471988552223,325.1272277832031,232.33659836751812,0,-38.48092315673827,87.3765773657617,0.0,87.3765773657617,122.0,129.0,122.0,34.623422634238295,1
17,U08,8085.670891113281,cruise,109.2279216951963,23.008434477104444,325.1272277832031,348.5397269844662,0,-29.60956176757813,90.89927056766608,0.0,90.89927056766608,122.0,129.0,122.0,31.10072943233392,1
17,U08,8095.670891113281,cruise,109.22645669279444,23.00839696565667,325.1272277832031,483.7141694148269,0,-26.65244130452473,93.74600102105602,0.0,93.74600102105602,122.0,129.0,122.0,28.253998978943983,1
17,U08,8105.670891113281,cruise,109.2249916903926,23.008359454208893,325.1272277832031,625.6825885777431,0,-25.17388107299803,95.98130622721965,0.0,95.98130622721965,122.0,129.0,122.0,26.018693772780352,1
17,U08,8115.670891113281,cruise,109.22352668799074,23.008321942761114,325.1272277832031,770.6996111628962,0,-24.286744934082037,97.79192763170624,0.0,97.79192763170624,122.0,129.0,122.0,24.208072368293756,1
17,U08,8125.670891113281,cruise,109.2220616855889,23.00828443131334,325.1272277832031,917.3205558381401,0,-23.469727478027323,99.30464734489534,0.0,99.30464734489534,122.0,129.0,122.0,22.695352655104656,1
17,U08,8135.670891113281,cruise,109.22059668318704,23.008246919865563,325.1272277832031,1064.883126771121,0,-12.063691406249973,100.6002637468418,0.0,100.6002637468418,122.0,129.0,122.0,21.399736253158196,1
17,U08,8145.670891113281,cruise,109.2191316807852,23.008209408417784,325.1272277832031,1213.0437513422096,0,-3.509164352416974,101.73175413472657,0.0,101.73175413472657,122.0,129.0,122.0,20.26824586527343,1
17,U08,8155.670891113281,cruise,109.21766667838334,23.00817189697001,325.1272277832031,1361.6072291979801,1,3.1443566894531045,102.7352618052653,10.0,112.7352618052653,122.0,129.0,122.0,9.264738194734704,1
17,U08,8165.670891113281,cruise,109.2162016759815,23.008134385522233,325.1272277832031,1510.4547073448512,1,8.467173522949224,103.6363789743146,10.0,113.6363789743146,122.0,129.0,122.0,8.363621025685404,1
17,U08,8175.670891113281,cruise,109.21473667357964,23.008096874074454,325.1272277832031,1659.5097797682631,1,12.822205477627847,104.45382115667354,10.0,114.45382115667354,122.0,129.0,122.0,7.546178843326459,1
17,U08,8185.670891113281,cruise,109.2132716711778,23.00805936262668,325.1272277832031,1808.7211345779708,1,16.451398773193375,105.20165709956834,10.0,115.20165709956834,122.0,129.0,122.0,6.798342900431663,1
17,U08,8195.670891113281,cruise,109.21180666877594,23.008021851178903,325.1272277832031,1958.0530536654096,1,19.522254638671882,105.89071393190935,10.0,115.89071393190935,122.0,129.0,122.0,6.109286068090654,1
17,U08,8205.670891113281,cruise,109.21034166637409,23.007984339731124,325.1272277832031,2107.4799172186504,1,22.15441680908205,106.52949373022534,10.0,116.52949373022534,122.0,129.0,122.0,5.47050626977466,1
17,U08,8215.670891113281,cruise,109.20887666397223,23.007946828283348,325.1272277832031,2256.982875800495,1,24.435624023437498,107.12479011438226,10.0,117.12479011438226,122.0,129.0,122.0,4.8752098856177355,1
17,U08,8225.670891113281,cruise,109.20741166157039,23.007909316835573,325.1272277832031,2406.5477553796786,1,26.43168033599855,107.68211451844809,10.0,117.68211451844809,122.0,129.0,122.0,4.317885481551912,1
17,U08,8235.670891113281,cruise,109.20594665916853,23.007871805387794,325.1272277832031,2556.1636940393264,1,28.19290649414063,108.20599807702385,10.0,118.20599807702385,122.0,129.0,122.0,3.7940019229761504,1
17,U08,8245.670891113281,cruise,109.20448165676669,23.007834293940018,325.1272277832031,2705.8222289121695,1,29.75844085693359,108.70021003985892,10.0,118.70021003985892,122.0,129.0,122.0,3.2997899601410836,1
17,U08,8255.670891113281,cruise,109.20301665436483,23.007796782492242,325.1272277832031,2855.51666911839,1,31.159182128906252,109.16791882839784,10.0,119.16791882839784,122.0,129.0,122.0,2.8320811716021552,1
17,U08,8265.670891113281,cruise,109.20155165196299,23.007759271044463,325.1272277832031,3005.2416554314927,1,32.41984927368165,109.6118128328924,10.0,119.6118128328924,122.0,129.0,122.0,2.3881871671076027,1
17,U08,8275.670891113281,cruise,109.20008664956113,23.007721759596688,325.1272277832031,3154.99284495052,1,33.5604528808594,110.03419240756557,10.0,120.03419240756557,122.0,129.0,122.0,1.9658075924344303,1
17,U08,8277.739485408722,descend,109.1997836,23.007714,325.1272277832031,3185.9732226760575,1,33.881749671613676,110.11906726106795,10.0,120.11906726106795,122.0,129.0,122.0,1.8809327389320458,1
17,U08,8282.903099300323,handover,109.1997836,23.007714,314.8,3185.4147868762757,1,35.19083488356898,110.11754466921451,10.0,120.11754466921451,122.0,129.0,122.0,1.8824553307854899,1
17,U08,8292.903099300323,handover,109.1997836,23.007714,314.8,3185.4147868762757,1,35.19083488356898,110.11754466921451,10.0,120.11754466921451,122.0,129.0,122.0,1.8824553307854899,1
17,U08,8302.903099300323,handover,109.1997836,23.007714,314.8,3185.4147868762757,1,35.19083488356898,110.11754466921451,10.0,120.11754466921451,122.0,129.0,122.0,1.8824553307854899,1
17,U08,8312.903099300323,handover,109.1997836,23.007714,314.8,3185.4147868762757,1,35.19083488356898,110.11754466921451,10.0,120.11754466921451,122.0,129.0,122.0,1.8824553307854899,1
17,U08,8322.903099300323,handover,109.1997836,23.007714,314.8,3185.4147868762757,1,35.19083488356898,110.11754466921451,10.0,120.11754466921451,122.0,129.0,122.0,1.8824553307854899,1
17,U08,8332.903099300323,handover,109.1997836,23.007714,314.8,3185.4147868762757,1,35.19083488356898,110.11754466921451,10.0,120.11754466921451,122.0,129.0,122.0,1.8824553307854899,1
17,U08,8342.903099300323,handover,109.1997836,23.007714,314.8,3185.4147868762757,1,35.19083488356898,110.11754466921451,10.0,120.11754466921451,122.0,129.0,122.0,1.8824553307854899,1
17,U08,8352.903099300323,handover,109.1997836,23.007714,314.8,3185.4147868762757,1,35.19083488356898,110.11754466921451,10.0,120.11754466921451,122.0,129.0,122.0,1.8824553307854899,1
17,U08,8362.903099300323,handover,109.1997836,23.007714,314.8,3185.4147868762757,1,35.19083488356898,110.11754466921451,10.0,120.11754466921451,122.0,129.0,122.0,1.8824553307854899,1
17,U08,8372.903099300323,handover,109.1997836,23.007714,314.8,3185.4147868762757,1,35.19083488356898,110.11754466921451,10.0,120.11754466921451,122.0,129.0,122.0,1.8824553307854899,1
17,U08,8382.903099300323,handover,109.1997836,23.007714,314.8,3185.4147868762757,1,35.19083488356898,110.11754466921451,10.0,120.11754466921451,122.0,129.0,122.0,1.8824553307854899,1
17,U08,8392.903099300323,handover,109.1997836,23.007714,314.8,3185.4147868762757,1,35.19083488356898,110.11754466921451,10.0,120.11754466921451,122.0,129.0,122.0,1.8824553307854899,1
17,U08,8402.903099300323,handover,109.1997836,23.007714,314.8,3185.4147868762757,1,35.19083488356898,110.11754466921451,10.0,120.11754466921451,122.0,129.0,122.0,1.8824553307854899,1
17,U08,8412.903099300323,handover,109.1997836,23.007714,314.8,3185.4147868762757,1,35.19083488356898,110.11754466921451,10.0,120.11754466921451,122.0,129.0,122.0,1.8824553307854899,1
17,U08,8422.903099300323,handover,109.1997836,23.007714,314.8,3185.4147868762757,1,35.19083488356898,110.11754466921451,10.0,120.11754466921451,122.0,129.0,122.0,1.8824553307854899,1
17,U08,8432.903099300323,handover,109.1997836,23.007714,314.8,3185.4147868762757,1,35.19083488356898,110.11754466921451,10.0,120.11754466921451,122.0,129.0,122.0,1.8824553307854899,1
17,U08,8442.903099300323,handover,109.1997836,23.007714,314.8,3185.4147868762757,1,35.19083488356898,110.11754466921451,10.0,120.11754466921451,122.0,129.0,122.0,1.8824553307854899,1
17,U08,8452.903099300323,handover,109.1997836,23.007714,314.8,3185.4147868762757,1,35.19083488356898,110.11754466921451,10.0,120.11754466921451,122.0,129.0,122.0,1.8824553307854899,1
17,U08,8462.903099300323,handover,109.1997836,23.007714,314.8,3185.4147868762757,1,35.19083488356898,110.11754466921451,10.0,120.11754466921451,122.0,129.0,122.0,1.8824553307854899,1
17,U08,8472.903099300323,handover,109.1997836,23.007714,314.8,3185.4147868762757,1,35.19083488356898,110.11754466921451,10.0,120.11754466921451,122.0,129.0,122.0,1.8824553307854899,1
17,U08,8482.903099300323,handover,109.1997836,23.007714,314.8,3185.4147868762757,1,35.19083488356898,110.11754466921451,10.0,120.11754466921451,122.0,129.0,122.0,1.8824553307854899,1
17,U08,8492.903099300323,handover,109.1997836,23.007714,314.8,3185.4147868762757,1,35.19083488356898,110.11754466921451,10.0,120.11754466921451,122.0,129.0,122.0,1.8824553307854899,1
17,U08,8502.903099300323,handover,109.1997836,23.007714,314.8,3185.4147868762757,1,35.19083488356898,110.11754466921451,10.0,120.11754466921451,122.0,129.0,122.0,1.8824553307854899,1
17,U08,8512.903099300323,handover,109.1997836,23.007714,314.8,3185.4147868762757,1,35.19083488356898,110.11754466921451,10.0,120.11754466921451,122.0,129.0,122.0,1.8824553307854899,1
17,U08,8522.903099300323,handover,109.1997836,23.007714,314.8,3185.4147868762757,1,35.19083488356898,110.11754466921451,10.0,120.11754466921451,122.0,129.0,122.0,1.8824553307854899,1
17,U08,8532.903099300323,handover,109.1997836,23.007714,314.8,3185.4147868762757,1,35.19083488356898,110.11754466921451,10.0,120.11754466921451,122.0,129.0,122.0,1.8824553307854899,1
17,U08,8542.903099300323,handover,109.1997836,23.007714,314.8,3185.4147868762757,1,35.19083488356898,110.11754466921451,10.0,120.11754466921451,122.0,129.0,122.0,1.8824553307854899,1
17,U08,8552.903099300323,handover,109.1997836,23.007714,314.8,3185.4147868762757,1,35.19083488356898,110.11754466921451,10.0,120.11754466921451,122.0,129.0,122.0,1.8824553307854899,1
17,U08,8562.903099300323,handover,109.1997836,23.007714,314.8,3185.4147868762757,1,35.19083488356898,110.11754466921451,10.0,120.11754466921451,122.0,129.0,122.0,1.8824553307854899,1
17,U08,8572.903099300323,handover,109.1997836,23.007714,314.8,3185.4147868762757,1,35.19083488356898,110.11754466921451,10.0,120.11754466921451,122.0,129.0,122.0,1.8824553307854899,1
17,U08,8582.903099300323,handover,109.1997836,23.007714,314.8,3185.4147868762757,1,35.19083488356898,110.11754466921451,10.0,120.11754466921451,122.0,129.0,122.0,1.8824553307854899,1
17,U08,8592.903099300323,handover,109.1997836,23.007714,314.8,3185.4147868762757,1,35.19083488356898,110.11754466921451,10.0,120.11754466921451,122.0,129.0,122.0,1.8824553307854899,1
17,U08,8602.903099300323,handover,109.1997836,23.007714,314.8,3185.4147868762757,1,35.19083488356898,110.11754466921451,10.0,120.11754466921451,122.0,129.0,122.0,1.8824553307854899,1
17,U08,8612.903099300323,handover,109.1997836,23.007714,314.8,3185.4147868762757,1,35.19083488356898,110.11754466921451,10.0,120.11754466921451,122.0,129.0,122.0,1.8824553307854899,1
17,U08,8622.903099300323,handover,109.1997836,23.007714,314.8,3185.4147868762757,1,35.19083488356898,110.11754466921451,10.0,120.11754466921451,122.0,129.0,122.0,1.8824553307854899,1
17,U08,8632.903099300323,handover,109.1997836,23.007714,314.8,3185.4147868762757,1,35.19083488356898,110.11754466921451,10.0,120.11754466921451,122.0,129.0,122.0,1.8824553307854899,1
17,U08,8642.903099300323,handover,109.1997836,23.007714,314.8,3185.4147868762757,1,35.19083488356898,110.11754466921451,10.0,120.11754466921451,122.0,129.0,122.0,1.8824553307854899,1
17,U08,8652.903099300323,handover,109.1997836,23.007714,314.8,3185.4147868762757,1,35.19083488356898,110.11754466921451,10.0,120.11754466921451,122.0,129.0,122.0,1.8824553307854899,1
17,U08,8662.903099300323,handover,109.1997836,23.007714,314.8,3185.4147868762757,1,35.19083488356898,110.11754466921451,10.0,120.11754466921451,122.0,129.0,122.0,1.8824553307854899,1
17,U08,8672.903099300323,handover,109.1997836,23.007714,314.8,3185.4147868762757,1,35.19083488356898,110.11754466921451,10.0,120.11754466921451,122.0,129.0,122.0,1.8824553307854899,1
17,U08,8678.903099300323,climb,109.1997836,23.007714,314.8,3185.4147868762757,1,35.19083488356898,110.11754466921451,10.0,120.11754466921451,122.0,129.0,122.0,1.8824553307854899,1
17,U08,8683.033990413605,cruise,109.1997836,23.007714,325.1272277832031,3185.9732226760575,1,33.881749671613676,110.11906726106795,10.0,120.11906726106795,122.0,129.0,122.0,1.8809327389320458,1
17,U08,8693.033990413605,cruise,109.20124860240186,23.007751511447776,325.1272277832031,3036.21707924473,1,32.77382970349544,109.70088121261284,10.0,119.70088121261284,122.0,129.0,122.0,2.299118787387158,1
17,U08,8703.033990413605,cruise,109.2027136048037,23.007789022895555,325.1272277832031,2886.4863451860783,1,31.551099375986695,109.26161498154791,10.0,119.26161498154791,122.0,129.0,122.0,2.7383850184520924,1
17,U08,8713.033990413605,cruise,109.20417860720556,23.00782653434333,325.1272277832031,2736.785184139144,1,30.19473731869556,108.79903903596552,10.0,118.79903903596552,122.0,129.0,122.0,3.200960964034479,1
17,U08,8723.033990413605,cruise,109.2056436096074,23.007864045791106,325.1272277832031,2587.118722523088,1,28.681570399289882,108.31055201199231,10.0,118.31055201199231,122.0,129.0,122.0,3.689447988007686,1
17,U08,8733.033990413605,cruise,109.20710861200926,23.007901557238885,325.1272277832031,2437.4933444885196,1,26.982738827196357,107.79309360508273,10.0,117.79309360508273,122.0,129.0,122.0,4.206906394917269,1
17,U08,8743.033990413605,cruise,109.20857361441111,23.00793906868666,325.1272277832031,2287.9171022352143,1,25.061837768554682,107.24303052778797,10.0,117.24303052778797,122.0,129.0,122.0,4.756969472212035,1
17,U08,8753.033990413605,cruise,109.21003861681297,23.007976580134436,325.1272277832031,2138.4002978413555,1,22.8722792191939,106.65600495899268,10.0,116.65600495899268,122.0,129.0,122.0,5.343995041007318,1
17,U08,8763.033990413605,cruise,109.21150361921481,23.008014091582215,325.1272277832031,1988.9563263997297,1,20.353463745117182,106.02672977362538,10.0,116.02672977362538,122.0,129.0,122.0,5.973270226374623,1
17,U08,8773.033990413605,cruise,109.21296862161667,23.00805160302999,325.1272277832031,1839.6029280256396,1,17.425084779320713,105.34870667728153,10.0,115.34870667728153,122.0,129.0,122.0,6.651293322718473,1
17,U08,8783.033990413605,cruise,109.21443362401851,23.008089114477766,325.1272277832031,1690.3640997722757,1,13.978408651436325,104.61383004473907,10.0,114.61383004473907,122.0,129.0,122.0,7.386169955260925,1
17,U08,8793.033990413605,cruise,109.21589862642037,23.008126625925545,325.1272277832031,1541.2731107305053,1,9.862475022991902,103.8118168684812,10.0,113.8118168684812,122.0,129.0,122.0,8.188183131518798,1
17,U08,8803.033990413605,cruise,109.21736362882221,23.00816413737332,325.1272277832031,1392.3774386069067,1,4.861394377677698,102.92936438577176,10.0,112.92936438577176,122.0,129.0,122.0,9.070635614228237,1
17,U08,8813.033990413605,cruise,109.21882863122407,23.008201648821096,325.1272277832031,1243.7472176344995,0,-1.3447659412062194,101.94886727827523,0.0,101.94886727827523,122.0,129.0,122.0,20.05113272172477,1
17,U08,8823.033990413605,cruise,109.22029363362591,23.008239160268875,325.1272277832031,1095.4904809724171,0,-11.681754125307691,100.84639699833522,0.0,100.84639699833522,122.0,129.0,122.0,21.153603001664777,1
17,U08,8833.033990413605,cruise,109.22175863602777,23.00827667171665,325.1272277832031,947.7824917404677,0,-22.484020657009523,99.5883984697012,0.0,99.5883984697012,122.0,129.0,122.0,22.411601530298796,1
17,U08,8843.033990413605,cruise,109.22322363842962,23.008314183164426,325.1272277832031,800.9268862715584,0,-24.08588392149727,98.12608228854926,0.0,98.12608228854926,122.0,129.0,122.0,23.873917711450744,1
17,U08,8853.033990413605,cruise,109.22468864083147,23.008351694612205,325.1272277832031,655.4967833084804,0,-24.864414978027327,96.38563613096152,0.0,96.38563613096152,122.0,129.0,122.0,25.614363869038485,1
17,U08,8863.033990413605,cruise,109.22615364323332,23.00838920605998,325.1272277832031,512.7066232238403,0,-26.114783038515014,94.25160338943711,0.0,94.25160338943711,122.0,129.0,122.0,27.748396610562892,1
17,U08,8873.033990413605,cruise,109.22761864563518,23.008426717507756,325.1272277832031,375.57953268605723,0,-28.452427673339827,91.54826317897299,0.0,91.54826317897299,122.0,129.0,122.0,30.451736821027012,1
17,U08,8883.033990413605,cruise,109.22908364803702,23.008464228955535,325.1272277832031,253.47920440263977,0,-34.38644866943358,88.13307154086239,0.0,88.13307154086239,122.0,129.0,122.0,33.86692845913761,1
17,U08,8893.033990413605,cruise,109.23054865043888,23.00850174040331,325.1272277832031,180.1199852224076,0,-79.88060963948567,85.1654628874332,0.0,85.1654628874332,122.0,129.0,122.0,36.83453711256681,1
17,U08,8895.102584709046,descend,109.2308517,23.0085095,325.1272277832031,177.42722778320314,0,0.0,85.0346301733049,0.0,85.0346301733049,122.0,129.0,122.0,36.965369826695095,1
17,U08,8905.102584709046,descend,109.2308517,23.0085095,305.1272277832031,157.42722778320314,0,0.0,83.99582179029106,0.0,83.99582179029106,122.0,129.0,122.0,38.00417820970894,1
17,U08,8915.102584709046,descend,109.2308517,23.0085095,285.1272277832031,137.42722778320314,0,0.0,82.81568055195163,0.0,82.81568055195163,122.0,129.0,122.0,39.18431944804837,1
17,U08,8925.102584709046,descend,109.2308517,23.0085095,265.1272277832031,117.42722778320314,0,0.0,81.44960099818465,0.0,81.44960099818465,122.0,129.0,122.0,40.55039900181535,1
17,U08,8935.102584709046,descend,109.2308517,23.0085095,245.12722778320312,97.42722778320314,0,0.0,79.82783173843872,0.0,79.82783173843872,122.0,129.0,122.0,42.17216826156128,1
17,U08,8945.102584709046,descend,109.2308517,23.0085095,225.12722778320312,77.42722778320314,0,0.0,77.83209903409383,0.0,77.83209903409383,122.0,129.0,122.0,44.16790096590617,1
17,U08,8955.102584709046,descend,109.2308517,23.0085095,205.12722778320312,57.427227783203136,0,0.0,75.23658187115034,0.0,75.23658187115034,122.0,129.0,122.0,46.763418128849665,1
17,U08,8965.102584709046,descend,109.2308517,23.0085095,185.12722778320312,37.427227783203136,0,0.0,71.51797804066977,0.0,71.51797804066977,122.0,129.0,122.0,50.482021959330226,1
17,U08,8975.102584709046,descend,109.2308517,23.0085095,165.12722778320312,17.427227783203136,0,0.0,64.8787909881226,0.0,64.8787909881226,122.0,129.0,122.0,57.1212090118774,1
17,U08,8985.102584709046,descend,109.2308517,23.0085095,145.12722778320312,2.5727722167968636,0,0.0,48.2622515777373,0.0,48.2622515777373,122.0,129.0,122.0,73.7377484222627,1
17,U08,8993.816198600647,descend,109.2308517,23.0085095,127.69999999999999,20.0,0,0.0,66.07482474751174,0.0,66.07482474751174,122.0,129.0,122.0,55.92517525248826,1
18,U08,8993.8,setup,109.2308517,23.0085095,127.7,19.999999999999986,0,0.0,66.07482474751174,0.0,66.07482474751174,122.0,129.0,122.0,55.92517525248826,1
18,U08,9003.8,setup,109.2308517,23.0085095,127.7,19.999999999999986,0,0.0,66.07482474751174,0.0,66.07482474751174,122.0,129.0,122.0,55.92517525248826,1
18,U08,9013.8,setup,109.2308517,23.0085095,127.7,19.999999999999986,0,0.0,66.07482474751174,0.0,66.07482474751174,122.0,129.0,122.0,55.92517525248826,1
18,U08,9023.8,setup,109.2308517,23.0085095,127.7,19.999999999999986,0,0.0,66.07482474751174,0.0,66.07482474751174,122.0,129.0,122.0,55.92517525248826,1
18,U08,9033.8,setup,109.2308517,23.0085095,127.7,19.999999999999986,0,0.0,66.07482474751174,0.0,66.07482474751174,122.0,129.0,122.0,55.92517525248826,1
18,U08,9043.8,setup,109.2308517,23.0085095,127.7,19.999999999999986,0,0.0,66.07482474751174,0.0,66.07482474751174,122.0,129.0,122.0,55.92517525248826,1
18,U08,9053.8,setup,109.2308517,23.0085095,127.7,19.999999999999986,0,0.0,66.07482474751174,0.0,66.07482474751174,122.0,129.0,122.0,55.92517525248826,1
18,U08,9063.8,setup,109.2308517,23.0085095,127.7,19.999999999999986,0,0.0,66.07482474751174,0.0,66.07482474751174,122.0,129.0,122.0,55.92517525248826,1
18,U08,9073.8,setup,109.2308517,23.0085095,127.7,19.999999999999986,0,0.0,66.07482474751174,0.0,66.07482474751174,122.0,129.0,122.0,55.92517525248826,1
18,U08,9083.8,setup,109.2308517,23.0085095,127.7,19.999999999999986,0,0.0,66.07482474751174,0.0,66.07482474751174,122.0,129.0,122.0,55.92517525248826,1
18,U08,9093.8,setup,109.2308517,23.0085095,127.7,19.999999999999986,0,0.0,66.07482474751174,0.0,66.07482474751174,122.0,129.0,122.0,55.92517525248826,1
18,U08,9103.8,setup,109.2308517,23.0085095,127.7,19.999999999999986,0,0.0,66.07482474751174,0.0,66.07482474751174,122.0,129.0,122.0,55.92517525248826,1
18,U08,9113.8,setup,109.2308517,23.0085095,127.7,19.999999999999986,0,0.0,66.07482474751174,0.0,66.07482474751174,122.0,129.0,122.0,55.92517525248826,1
18,U08,9123.8,setup,109.2308517,23.0085095,127.7,19.999999999999986,0,0.0,66.07482474751174,0.0,66.07482474751174,122.0,129.0,122.0,55.92517525248826,1
18,U08,9133.8,setup,109.2308517,23.0085095,127.7,19.999999999999986,0,0.0,66.07482474751174,0.0,66.07482474751174,122.0,129.0,122.0,55.92517525248826,1
18,U08,9143.8,setup,109.2308517,23.0085095,127.7,19.999999999999986,0,0.0,66.07482474751174,0.0,66.07482474751174,122.0,129.0,122.0,55.92517525248826,1
18,U08,9153.8,setup,109.2308517,23.0085095,127.7,19.999999999999986,0,0.0,66.07482474751174,0.0,66.07482474751174,122.0,129.0,122.0,55.92517525248826,1
18,U08,9163.8,setup,109.2308517,23.0085095,127.7,19.999999999999986,0,0.0,66.07482474751174,0.0,66.07482474751174,122.0,129.0,122.0,55.92517525248826,1
18,U08,9173.8,setup,109.2308517,23.0085095,127.7,19.999999999999986,0,0.0,66.07482474751174,0.0,66.07482474751174,122.0,129.0,122.0,55.92517525248826,1
18,U08,9183.8,setup,109.2308517,23.0085095,127.7,19.999999999999986,0,0.0,66.07482474751174,0.0,66.07482474751174,122.0,129.0,122.0,55.92517525248826,1
18,U08,9193.8,setup,109.2308517,23.0085095,127.7,19.999999999999986,0,0.0,66.07482474751174,0.0,66.07482474751174,122.0,129.0,122.0,55.92517525248826,1
18,U08,9203.8,setup,109.2308517,23.0085095,127.7,19.999999999999986,0,0.0,66.07482474751174,0.0,66.07482474751174,122.0,129.0,122.0,55.92517525248826,1
18,U08,9213.8,setup,109.2308517,23.0085095,127.7,19.999999999999986,0,0.0,66.07482474751174,0.0,66.07482474751174,122.0,129.0,122.0,55.92517525248826,1
18,U08,9223.8,setup,109.2308517,23.0085095,127.7,19.999999999999986,0,0.0,66.07482474751174,0.0,66.07482474751174,122.0,129.0,122.0,55.92517525248826,1
18,U08,9233.8,setup,109.2308517,23.0085095,127.7,19.999999999999986,0,0.0,66.07482474751174,0.0,66.07482474751174,122.0,129.0,122.0,55.92517525248826,1
18,U08,9243.8,setup,109.2308517,23.0085095,127.7,19.999999999999986,0,0.0,66.07482474751174,0.0,66.07482474751174,122.0,129.0,122.0,55.92517525248826,1
18,U08,9253.8,setup,109.2308517,23.0085095,127.7,19.999999999999986,0,0.0,66.07482474751174,0.0,66.07482474751174,122.0,129.0,122.0,55.92517525248826,1
18,U08,9263.8,setup,109.2308517,23.0085095,127.7,19.999999999999986,0,0.0,66.07482474751174,0.0,66.07482474751174,122.0,129.0,122.0,55.92517525248826,1
18,U08,9273.8,setup,109.2308517,23.0085095,127.7,19.999999999999986,0,0.0,66.07482474751174,0.0,66.07482474751174,122.0,129.0,122.0,55.92517525248826,1
18,U08,9283.8,setup,109.2308517,23.0085095,127.7,19.999999999999986,0,0.0,66.07482474751174,0.0,66.07482474751174,122.0,129.0,122.0,55.92517525248826,1
18,U08,9293.8,setup,109.2308517,23.0085095,127.7,19.999999999999986,0,0.0,66.07482474751174,0.0,66.07482474751174,122.0,129.0,122.0,55.92517525248826,1
18,U08,9303.8,setup,109.2308517,23.0085095,127.7,19.999999999999986,0,0.0,66.07482474751174,0.0,66.07482474751174,122.0,129.0,122.0,55.92517525248826,1
18,U08,9313.8,setup,109.2308517,23.0085095,127.7,19.999999999999986,0,0.0,66.07482474751174,0.0,66.07482474751174,122.0,129.0,122.0,55.92517525248826,1
18,U08,9323.8,setup,109.2308517,23.0085095,127.7,19.999999999999986,0,0.0,66.07482474751174,0.0,66.07482474751174,122.0,129.0,122.0,55.92517525248826,1
18,U08,9333.8,setup,109.2308517,23.0085095,127.7,19.999999999999986,0,0.0,66.07482474751174,0.0,66.07482474751174,122.0,129.0,122.0,55.92517525248826,1
18,U08,9343.8,setup,109.2308517,23.0085095,127.7,19.999999999999986,0,0.0,66.07482474751174,0.0,66.07482474751174,122.0,129.0,122.0,55.92517525248826,1
18,U08,9353.8,setup,109.2308517,23.0085095,127.7,19.999999999999986,0,0.0,66.07482474751174,0.0,66.07482474751174,122.0,129.0,122.0,55.92517525248826,1
18,U08,9363.8,setup,109.2308517,23.0085095,127.7,19.999999999999986,0,0.0,66.07482474751174,0.0,66.07482474751174,122.0,129.0,122.0,55.92517525248826,1
18,U08,9373.8,setup,109.2308517,23.0085095,127.7,19.999999999999986,0,0.0,66.07482474751174,0.0,66.07482474751174,122.0,129.0,122.0,55.92517525248826,1
18,U08,9383.8,setup,109.2308517,23.0085095,127.7,19.999999999999986,0,0.0,66.07482474751174,0.0,66.07482474751174,122.0,129.0,122.0,55.92517525248826,1
18,U08,9393.8,setup,109.2308517,23.0085095,127.7,19.999999999999986,0,0.0,66.07482474751174,0.0,66.07482474751174,122.0,129.0,122.0,55.92517525248826,1
18,U08,9403.8,setup,109.2308517,23.0085095,127.7,19.999999999999986,0,0.0,66.07482474751174,0.0,66.07482474751174,122.0,129.0,122.0,55.92517525248826,1
18,U08,9413.8,setup,109.2308517,23.0085095,127.7,19.999999999999986,0,0.0,66.07482474751174,0.0,66.07482474751174,122.0,129.0,122.0,55.92517525248826,1
18,U08,9423.8,setup,109.2308517,23.0085095,127.7,19.999999999999986,0,0.0,66.07482474751174,0.0,66.07482474751174,122.0,129.0,122.0,55.92517525248826,1
18,U08,9433.8,setup,109.2308517,23.0085095,127.7,19.999999999999986,0,0.0,66.07482474751174,0.0,66.07482474751174,122.0,129.0,122.0,55.92517525248826,1
18,U08,9443.8,setup,109.2308517,23.0085095,127.7,19.999999999999986,0,0.0,66.07482474751174,0.0,66.07482474751174,122.0,129.0,122.0,55.92517525248826,1
18,U08,9453.8,setup,109.2308517,23.0085095,127.7,19.999999999999986,0,0.0,66.07482474751174,0.0,66.07482474751174,122.0,129.0,122.0,55.92517525248826,1
18,U08,9463.8,setup,109.2308517,23.0085095,127.7,19.999999999999986,0,0.0,66.07482474751174,0.0,66.07482474751174,122.0,129.0,122.0,55.92517525248826,1
18,U08,9473.8,setup,109.2308517,23.0085095,127.7,19.999999999999986,0,0.0,66.07482474751174,0.0,66.07482474751174,122.0,129.0,122.0,55.92517525248826,1
18,U08,9483.8,setup,109.2308517,23.0085095,127.7,19.999999999999986,0,0.0,66.07482474751174,0.0,66.07482474751174,122.0,129.0,122.0,55.92517525248826,1
18,U08,9493.8,setup,109.2308517,23.0085095,127.7,19.999999999999986,0,0.0,66.07482474751174,0.0,66.07482474751174,122.0,129.0,122.0,55.92517525248826,1
18,U08,9503.8,climb,109.2308517,23.0085095,127.7,19.999999999999986,0,0.0,66.07482474751174,0.0,66.07482474751174,122.0,129.0,122.0,55.92517525248826,1
18,U08,9513.8,climb,109.2308517,23.0085095,152.70000000000002,5.000000000000028,0,0.0,54.03362492095255,0.0,54.03362492095255,122.0,129.0,122.0,67.96637507904745,1
18,U08,9523.8,climb,109.2308517,23.0085095,177.70000000000002,30.00000000000003,0,0.0,69.59664992862537,0.0,69.59664992862537,122.0,129.0,122.0,52.40335007137463,1
18,U08,9533.8,climb,109.2308517,23.0085095,202.7,55.0,0,0.0,74.861478624117,0.0,74.861478624117,122.0,129.0,122.0,47.138521375883,1
18,U08,9543.8,climb,109.2308517,23.0085095,227.70000000000002,80.00000000000003,0,0.0,78.11602457407099,0.0,78.11602457407099,122.0,129.0,122.0,43.88397542592901,1
18,U08,9553.8,climb,109.2308517,23.0085095,252.7,105.0,0,0.0,80.47801081563088,0.0,80.47801081563088,122.0,129.0,122.0,41.52198918436912,1
18,U08,9563.8,climb,109.2308517,23.0085095,277.7,130.0,0,0.0,82.33309188036885,0.0,82.33309188036885,122.0,129.0,122.0,39.666908119631145,1
18,U08,9570.50692626953,cruise,109.2308517,23.0085095,294.4673156738281,146.76731567382814,0,0.0,83.38681185824207,0.0,83.38681185824207,122.0,129.0,122.0,38.61318814175793,1
18,U08,9580.50692626953,cruise,109.23099345114457,23.00985216106267,294.4673156738281,209.8588838176269,0,-30.23773470791903,86.49277200699876,0.0,86.49277200699876,122.0,129.0,122.0,35.50722799300124,1
18,U08,9590.50692626953,cruise,109.23113520228915,23.01119482212534,294.4673156738281,333.97763583739624,0,-23.88417125883555,90.528572556236,0.0,90.528572556236,122.0,129.0,122.0,31.471427443764,1
18,U08,9600.50692626953,cruise,109.23127695343372,23.012537483188012,294.4673156738281,473.33028927856986,0,-21.629681002709162,93.55751076748152,0.0,93.55751076748152,122.0,129.0,122.0,28.442489232518483,1
18,U08,9610.50692626953,cruise,109.23141870457829,23.01388014425068,294.4673156738281,617.691057952063,0,-20.474942091034677,95.8696511200054,0.0,95.8696511200054,122.0,129.0,122.0,26.1303488799946,1
18,U08,9620.50692626953,cruise,109.23156045572287,23.015222805313353,294.4673156738281,764.2271191511221,0,-19.77304196825213,97.71867373181416,0.0,97.71867373181416,122.0,129.0,122.0,24.281326268185836,1
18,U08,9630.50692626953,cruise,109.23170220686744,23.016565466376022,294.4673156738281,911.8903935736233,0,-19.301273033267165,99.25307764626498,0.0,99.25307764626498,122.0,129.0,122.0,22.746922353735016,1
18,U08,9640.50692626953,cruise,109.231843958012,23.017908127438695,294.4673156738281,1060.2099939352802,0,-18.962396756024418,100.56206270886517,0.0,100.56206270886517,122.0,129.0,122.0,21.43793729113483,1
18,U08,9650.50692626953,cruise,109.23198570915659,23.019250788501363,294.4673156738281,1208.944374699144,0,-18.70719363365643,101.70235121014112,0.0,101.70235121014112,122.0,129.0,122.0,20.297648789858883,1
18,U08,9660.50692626953,cruise,109.23212746030116,23.020593449564036,294.4673156738281,1357.957247835073,0,-18.50807910961109,102.71194678214115,0.0,102.71194678214115,122.0,129.0,122.0,19.288053217858845,1
18,U08,9670.50692626953,cruise,109.23226921144574,23.021936110626704,294.4673156738281,1507.1660081614014,0,-18.348393204188568,103.61744664837795,0.0,103.61744664837795,122.0,129.0,122.0,18.38255335162205,1
18,U08,9680.50692626953,cruise,109.23241096259031,23.023278771689377,294.4673156738281,1656.517719847809,0,-18.217479533977325,104.43814655245784,0.0,104.43814655245784,122.0,129.0,122.0,17.561853447542163,1
18,U08,9690.50692626953,cruise,109.23255271373488,23.024621432752046,294.4673156738281,1805.9769141400034,0,-16.245283445247935,105.18846872248963,0.0,105.18846872248963,122.0,129.0,122.0,16.81153127751037,1
18,U08,9700.50692626953,cruise,109.23269446487946,23.025964093814718,294.4673156738281,1955.5189434761414,0,-14.486038604037446,105.87946538223298,0.0,105.87946538223298,122.0,129.0,122.0,16.12053461776702,1
18,U08,9710.50692626953,cruise,109.23283621602403,23.027306754877387,294.4673156738281,2105.126151860413,0,-12.976332038175968,106.51978736417647,0.0,106.51978736417647,122.0,129.0,122.0,15.480212635823534,1
18,U08,9720.50692626953,cruise,109.2329779671686,23.02864941594006,294.4673156738281,2254.7855624624503,0,-11.666586606865678,107.11632974106098,0.0,107.11632974106098,122.0,129.0,122.0,14.88367025893902,1
18,U08,9730.50692626953,cruise,109.23311971831318,23.029992077002728,294.4673156738281,2404.487425219405,0,-10.3043946260251,107.67467503783223,0.0,107.67467503783223,122.0,129.0,122.0,14.32532496216777,1
18,U08,9740.50692626953,cruise,109.23326146945774,23.0313347380654,294.4673156738281,2554.224273378165,0,-7.265733846028638,108.19940538983816,0.0,108.19940538983816,122.0,129.0,122.0,13.800594610161838,1
18,U08,9750.50692626953,cruise,109.23340322060231,23.032677399128072,294.4673156738281,2703.990292536823,0,-4.562836688131256,108.69432739689287,0.0,108.69432739689287,122.0,129.0,122.0,13.305672603107126,1
18,U08,9760.50692626953,cruise,109.2335449717469,23.03402006019074,294.4673156738281,2853.780887824237,0,-2.1429654106419775,109.16263733621041,0.0,109.16263733621041,122.0,129.0,122.0,12.837362663789591,1
18,U08,9770.50692626953,cruise,109.23368672289146,23.035362721253414,294.4673156738281,3003.592380278083,1,0.03612265515681656,109.60704471240848,10.0,119.60704471240848,122.0,129.0,122.0,2.392955287591519,1
18,U08,9780.50692626953,cruise,109.23382847403603,23.036705382316082,294.4673156738281,3153.421789581207,1,2.008662089126375,110.02986611811701,10.0,120.02986611811701,122.0,129.0,122.0,1.9701338818829868,1
18,U08,9790.50692626953,cruise,109.23397022518061,23.038048043378755,294.4673156738281,3303.266675815428,1,3.8026911670805816,110.43309755638018,10.0,120.43309755638018,122.0,129.0,122.0,1.5669024436198242,1
18,U08,9800.50692626953,cruise,109.23411197632518,23.039390704441423,294.4673156738281,3453.12502234025,1,5.441393052138324,110.81847088445059,10.0,120.81847088445059,122.0,129.0,122.0,1.1815291155494094,1
18,U08,9810.50692626953,cruise,109.23425372746975,23.040733365504096,294.4673156738281,3602.9951478598846,1,6.944103079514889,111.1874983794362,10.0,121.1874983794362,122.0,129.0,122.0,0.8125016205637934,1
18,U08,9820.50692626953,cruise,109.23439547861433,23.042076026566765,294.4673156738281,3752.875639523402,1,8.327075256104479,111.54150829961284,10.0,121.54150829961284,122.0,129.0,122.0,0.4584917003871567,1
18,U08,9830.50692626953,cruise,109.2345372297589,23.043418687629437,294.4673156738281,3902.765301425008,1,9.604072553261972,111.88167353671709,10.0,121.88167353671709,122.0,129.0,122.0,0.11832646328291219,1
18,U08,9840.50692626953,cruise,109.23467898090348,23.044761348692106,294.4673156738281,4052.6631145135643,1,11.984738001524306,112.2090349076415,10.0,122.2090349076415,122.0,129.0,122.0,-0.20903490764149524,0
18,U08,9850.50692626953,cruise,109.23482073204805,23.046104009754778,294.4673156738281,4202.568205078588,1,14.413160710996578,112.52452024421434,10.0,122.52452024421434,122.0,129.0,122.0,-0.5245202442143437,0
18,U08,9860.50692626953,cruise,109.23496248319262,23.047446670817447,294.4673156738281,4352.479819735586,1,16.674681516037765,112.82896015800205,10.0,122.82896015800205,122.0,129.0,122.0,-0.8289601580020474,0
18,U08,9870.50692626953,cruise,109.2351042343372,23.04878933188012,294.4673156738281,4502.39730540924,1,18.785935157953304,113.12310115100315,10.0,123.12310115100315,122.0,129.0,122.0,-1.123101151003155,0
18,U08,9880.50692626953,cruise,109.23524598548177,23.050131992942788,294.4673156738281,4652.320093177881,1,20.76141686148202,113.40761659043527,10.0,123.40761659043527,122.0,129.0,122.0,-1.4076165904352678,0
18,U08,9890.50692626953,cruise,109.23538773662634,23.05147465400546,294.4673156738281,4802.247685147894,1,22.61381559282819,113.6831159516465,10.0,123.6831159516465,122.0,129.0,122.0,-1.6831159516464993,0
18,U08,9900.50692626953,cruise,109.23552948777092,23.05281731506813,294.4673156738281,4952.1796437043295,1,24.354286908383102,113.95015264677706,10.0,123.95015264677706,122.0,129.0,122.0,-1.950152646777056,0
18,U08,9910.50692626953,cruise,109.23567123891549,23.0541599761308,294.4673156738281,5102.115582660485,1,25.992677794873202,114.20923069094655,10.0,124.20923069094655,122.0,129.0,122.0,-2.209230690946555,0
18,U08,9920.50692626953,cruise,109.23581299006005,23.055502637193474,294.4673156738281,5252.055159918837,1,27.53771307529547,114.46081040696242,10.0,124.46081040696242,122.0,129.0,122.0,-2.4608104069624233,0
18,U08,9930.50692626953,cruise,109.23595474120464,23.056845298256142,294.4673156738281,5401.998071355382,1,28.997150833256683,114.70531333018758,10.0,124.70531333018758,122.0,129.0,122.0,-2.705313330187579,0
18,U08,9940.50692626953,cruise,109.2360964923492,23.058187959318815,294.4673156738281,5551.944045694517,1,30.377912701300858,114.94312644437642,10.0,124.94312644437642,122.0,129.0,122.0,-2.943126444376418,0
18,U08,9950.50692626953,cruise,109.23623824349377,23.059530620381484,294.4673156738281,5701.89284018993,1,31.686193631389955,115.17460585500746,10.0,125.17460585500746,122.0,129.0,122.0,-3.1746058550074565,0
18,U08,9960.50692626953,cruise,109.23637999463836,23.060873281444156,294.4673156738281,5851.844236972983,1,34.66177294796995,115.40007998738707,10.0,125.40007998738707,122.0,129.0,122.0,-3.4000799873870733,0
18,U08,9970.50692626953,cruise,109.23652174578292,23.062215942506825,294.4673156738281,6001.798039942904,1,55.96787027183018,115.61985238138678,10.0,125.61985238138678,122.0,129.0,122.0,-3.619852381386778,0
18,U08,9980.50692626953,cruise,109.23666349692749,23.063558603569497,294.4673156738281,6151.754072118395,1,59.48542005255854,115.83420414234679,10.0,125.83420414234679,122.0,129.0,122.0,-3.834204142346792,0
18,U08,9990.50692626953,cruise,109.23680524807207,23.064901264632166,294.4673156738281,6301.712173359076,1,62.83586533063948,116.04339609764189,10.0,126.04339609764189,122.0,129.0,122.0,-4.043396097641889,0
18,U08,10000.50692626953,cruise,109.23694699921664,23.066243925694838,294.4673156738281,6451.672198413079,1,66.03083750996956,116.24767070033461,10.0,126.24767070033461,122.0,129.0,122.0,-4.247670700334609,0
18,U08,10010.50692626953,cruise,109.23708875036122,23.067586586757507,294.4673156738281,6601.634015223503,1,69.08091299182433,116.44725371465522,10.0,126.44725371465522,122.0,129.0,122.0,-4.4472537146552185,0
18,U08,10020.50692626953,cruise,109.23723050150579,23.06892924782018,294.4673156738281,6751.597503465311,1,71.99573013745498,116.64235571264359,10.0,126.64235571264359,122.0,129.0,122.0,-4.642355712643592,0
18,U08,10030.50692626953,cruise,109.23737225265036,23.070271908882848,294.4673156738281,6901.562553269307,1,74.78409100778708,116.83317340676373,10.0,126.83317340676373,122.0,129.0,122.0,-4.833173406763734,0
18,U08,10040.50692626953,cruise,109.23751400379494,23.07161456994552,294.4673156738281,7051.529064112864,1,77.45405014264861,117.01989083960098,10.0,127.01989083960098,122.0,129.0,122.0,-5.019890839600976,0
18,U08,10050.50692626953,cruise,109.23765575493951,23.07295723100819,294.4673156738281,7201.496943843876,1,80.01299226566562,117.20268044863026,10.0,127.20268044863026,122.0,129.0,122.0,-5.202680448630261,0
18,U08,10060.50692626953,cruise,109.23779750608408,23.07429989207086,294.4673156738281,7351.466107830634,1,82.46770049365136,117.381704021482,10.0,127.381704021482,122.0,129.0,122.0,-5.381704021481994,0
18,U08,10070.50692626953,cruise,109.23793925722866,23.075642553133534,294.4673156738281,7501.43647820754,1,84.82441637720655,117.55711355492737,10.0,127.55711355492737,122.0,129.0,122.0,-5.557113554927369,0
18,U08,10080.50692626953,cruise,109.23808100837323,23.076985214196203,294.4673156738281,7651.407983212668,1,87.08889289154234,117.72905202900476,10.0,127.72905202900476,122.0,129.0,122.0,-5.729052029004762,0
18,U08,10086.883709119662,descend,109.2381714,23.0778414,294.4673156738281,7747.042117153045,1,88.40553049349461,117.83694317493601,10.0,127.83694317493601,122.0,129.0,122.0,-5.83694317493601,0
18,U08,10096.883709119662,descend,109.2381714,23.0778414,274.4673156738281,7746.68902643679,1,103.68599471012905,117.83654728488656,10.0,127.83654728488656,122.0,129.0,122.0,-5.836547284886564,0
18,U08,10106.883709119662,descend,109.2381714,23.0778414,254.46731567382812,7746.387556770525,1,118.9664589267635,117.83620925877062,10.0,127.83620925877062,122.0,129.0,122.0,-5.836209258770623,0
18,U08,10116.883709119662,descend,109.2381714,23.0778414,234.46731567382812,7746.137714181325,1,134.2469231433979,117.83592911010294,10.0,127.83592911010294,122.0,129.0,122.0,-5.8359291101029385,0
18,U08,10119.967366956576,handover,109.2381714,23.0778414,228.3,7746.071086686014,1,138.95889546672888,117.83585439912034,10.0,127.83585439912034,122.0,129.0,122.0,-5.835854399120336,0
18,U08,10129.967366956576,handover,109.2381714,23.0778414,228.3,7746.071086686014,1,138.95889546672888,117.83585439912034,10.0,127.83585439912034,122.0,129.0,122.0,-5.835854399120336,0
18,U08,10139.967366956576,handover,109.2381714,23.0778414,228.3,7746.071086686014,1,138.95889546672888,117.83585439912034,10.0,127.83585439912034,122.0,129.0,122.0,-5.835854399120336,0
18,U08,10149.967366956576,handover,109.2381714,23.0778414,228.3,7746.071086686014,1,138.95889546672888,117.83585439912034,10.0,127.83585439912034,122.0,129.0,122.0,-5.835854399120336,0
18,U08,10159.967366956576,handover,109.2381714,23.0778414,228.3,7746.071086686014,1,138.95889546672888,117.83585439912034,10.0,127.83585439912034,122.0,129.0,122.0,-5.835854399120336,0
18,U08,10169.967366956576,handover,109.2381714,23.0778414,228.3,7746.071086686014,1,138.95889546672888,117.83585439912034,10.0,127.83585439912034,122.0,129.0,122.0,-5.835854399120336,0
18,U08,10179.967366956576,handover,109.2381714,23.0778414,228.3,7746.071086686014,1,138.95889546672888,117.83585439912034,10.0,127.83585439912034,122.0,129.0,122.0,-5.835854399120336,0
18,U08,10189.967366956576,handover,109.2381714,23.0778414,228.3,7746.071086686014,1,138.95889546672888,117.83585439912034,10.0,127.83585439912034,122.0,129.0,122.0,-5.835854399120336,0
18,U08,10199.967366956576,handover,109.2381714,23.0778414,228.3,7746.071086686014,1,138.95889546672888,117.83585439912034,10.0,127.83585439912034,122.0,129.0,122.0,-5.835854399120336,0
18,U08,10209.967366956576,handover,109.2381714,23.0778414,228.3,7746.071086686014,1,138.95889546672888,117.83585439912034,10.0,127.83585439912034,122.0,129.0,122.0,-5.835854399120336,0
18,U08,10219.967366956576,handover,109.2381714,23.0778414,228.3,7746.071086686014,1,138.95889546672888,117.83585439912034,10.0,127.83585439912034,122.0,129.0,122.0,-5.835854399120336,0
18,U08,10229.967366956576,handover,109.2381714,23.0778414,228.3,7746.071086686014,1,138.95889546672888,117.83585439912034,10.0,127.83585439912034,122.0,129.0,122.0,-5.835854399120336,0
18,U08,10239.967366956576,handover,109.2381714,23.0778414,228.3,7746.071086686014,1,138.95889546672888,117.83585439912034,10.0,127.83585439912034,122.0,129.0,122.0,-5.835854399120336,0
18,U08,10249.967366956576,handover,109.2381714,23.0778414,228.3,7746.071086686014,1,138.95889546672888,117.83585439912034,10.0,127.83585439912034,122.0,129.0,122.0,-5.835854399120336,0
18,U08,10259.967366956576,handover,109.2381714,23.0778414,228.3,7746.071086686014,1,138.95889546672888,117.83585439912034,10.0,127.83585439912034,122.0,129.0,122.0,-5.835854399120336,0
18,U08,10269.967366956576,handover,109.2381714,23.0778414,228.3,7746.071086686014,1,138.95889546672888,117.83585439912034,10.0,127.83585439912034,122.0,129.0,122.0,-5.835854399120336,0
18,U08,10279.967366956576,handover,109.2381714,23.0778414,228.3,7746.071086686014,1,138.95889546672888,117.83585439912034,10.0,127.83585439912034,122.0,129.0,122.0,-5.835854399120336,0
18,U08,10289.967366956576,handover,109.2381714,23.0778414,228.3,7746.071086686014,1,138.95889546672888,117.83585439912034,10.0,127.83585439912034,122.0,129.0,122.0,-5.835854399120336,0
18,U08,10299.967366956576,handover,109.2381714,23.0778414,228.3,7746.071086686014,1,138.95889546672888,117.83585439912034,10.0,127.83585439912034,122.0,129.0,122.0,-5.835854399120336,0
18,U08,10309.967366956576,handover,109.2381714,23.0778414,228.3,7746.071086686014,1,138.95889546672888,117.83585439912034,10.0,127.83585439912034,122.0,129.0,122.0,-5.835854399120336,0
18,U08,10319.967366956576,handover,109.2381714,23.0778414,228.3,7746.071086686014,1,138.95889546672888,117.83585439912034,10.0,127.83585439912034,122.0,129.0,122.0,-5.835854399120336,0
18,U08,10329.967366956576,handover,109.2381714,23.0778414,228.3,7746.071086686014,1,138.95889546672888,117.83585439912034,10.0,127.83585439912034,122.0,129.0,122.0,-5.835854399120336,0
18,U08,10339.967366956576,handover,109.2381714,23.0778414,228.3,7746.071086686014,1,138.95889546672888,117.83585439912034,10.0,127.83585439912034,122.0,129.0,122.0,-5.835854399120336,0
18,U08,10349.967366956576,handover,109.2381714,23.0778414,228.3,7746.071086686014,1,138.95889546672888,117.83585439912034,10.0,127.83585439912034,122.0,129.0,122.0,-5.835854399120336,0
18,U08,10359.967366956576,handover,109.2381714,23.0778414,228.3,7746.071086686014,1,138.95889546672888,117.83585439912034,10.0,127.83585439912034,122.0,129.0,122.0,-5.835854399120336,0
18,U08,10369.967366956576,handover,109.2381714,23.0778414,228.3,7746.071086686014,1,138.95889546672888,117.83585439912034,10.0,127.83585439912034,122.0,129.0,122.0,-5.835854399120336,0
18,U08,10379.967366956576,handover,109.2381714,23.0778414,228.3,7746.071086686014,1,138.95889546672888,117.83585439912034,10.0,127.83585439912034,122.0,129.0,122.0,-5.835854399120336,0
18,U08,10389.967366956576,handover,109.2381714,23.0778414,228.3,7746.071086686014,1,138.95889546672888,117.83585439912034,10.0,127.83585439912034,122.0,129.0,122.0,-5.835854399120336,0
18,U08,10399.967366956576,handover,109.2381714,23.0778414,228.3,7746.071086686014,1,138.95889546672888,117.83585439912034,10.0,127.83585439912034,122.0,129.0,122.0,-5.835854399120336,0
18,U08,10409.967366956576,handover,109.2381714,23.0778414,228.3,7746.071086686014,1,138.95889546672888,117.83585439912034,10.0,127.83585439912034,122.0,129.0,122.0,-5.835854399120336,0
18,U08,10419.967366956576,handover,109.2381714,23.0778414,228.3,7746.071086686014,1,138.95889546672888,117.83585439912034,10.0,127.83585439912034,122.0,129.0,122.0,-5.835854399120336,0
18,U08,10429.967366956576,handover,109.2381714,23.0778414,228.3,7746.071086686014,1,138.95889546672888,117.83585439912034,10.0,127.83585439912034,122.0,129.0,122.0,-5.835854399120336,0
18,U08,10439.967366956576,handover,109.2381714,23.0778414,228.3,7746.071086686014,1,138.95889546672888,117.83585439912034,10.0,127.83585439912034,122.0,129.0,122.0,-5.835854399120336,0
18,U08,10449.967366956576,handover,109.2381714,23.0778414,228.3,7746.071086686014,1,138.95889546672888,117.83585439912034,10.0,127.83585439912034,122.0,129.0,122.0,-5.835854399120336,0
18,U08,10459.967366956576,handover,109.2381714,23.0778414,228.3,7746.071086686014,1,138.95889546672888,117.83585439912034,10.0,127.83585439912034,122.0,129.0,122.0,-5.835854399120336,0
18,U08,10469.967366956576,handover,109.2381714,23.0778414,228.3,7746.071086686014,1,138.95889546672888,117.83585439912034,10.0,127.83585439912034,122.0,129.0,122.0,-5.835854399120336,0
18,U08,10479.967366956576,handover,109.2381714,23.0778414,228.3,7746.071086686014,1,138.95889546672888,117.83585439912034,10.0,127.83585439912034,122.0,129.0,122.0,-5.835854399120336,0
18,U08,10489.967366956576,handover,109.2381714,23.0778414,228.3,7746.071086686014,1,138.95889546672888,117.83585439912034,10.0,127.83585439912034,122.0,129.0,122.0,-5.835854399120336,0
18,U08,10499.967366956576,handover,109.2381714,23.0778414,228.3,7746.071086686014,1,138.95889546672888,117.83585439912034,10.0,127.83585439912034,122.0,129.0,122.0,-5.835854399120336,0
18,U08,10509.967366956576,handover,109.2381714,23.0778414,228.3,7746.071086686014,1,138.95889546672888,117.83585439912034,10.0,127.83585439912034,122.0,129.0,122.0,-5.835854399120336,0
18,U08,10515.967366956576,climb,109.2381714,23.0778414,228.3,7746.071086686014,1,138.95889546672888,117.83585439912034,10.0,127.83585439912034,122.0,129.0,122.0,-5.835854399120336,0
18,U08,10525.967366956576,climb,109.2381714,23.0778414,253.3,7746.371555766806,1,119.85831519593583,117.83619131710492,10.0,127.83619131710492,122.0,129.0,122.0,-5.83619131710492,0
18,U08,10535.967366956576,climb,109.2381714,23.0778414,278.3,7746.752692579843,1,100.75773492514278,117.836618669554,10.0,127.836618669554,122.0,129.0,122.0,-5.836618669553999,0
18,U08,10545.967366956576,climb,109.2381714,23.0778414,303.3,7747.214485219384,1,81.65715465434977,117.83713642977098,10.0,127.83713642977098,122.0,129.0,122.0,-5.837136429770979,0
18,U08,10555.967366956576,climb,109.2381714,23.0778414,328.3,7747.7569192633455,1,62.55657438355672,117.83774456541973,10.0,127.83774456541973,122.0,129.0,122.0,-5.837744565419726,0
18,U08,10565.967366956576,climb,109.2381714,23.0778414,353.3,7748.37997777555,1,43.455994112763676,117.83844303853131,10.0,127.83844303853131,122.0,129.0,122.0,-5.8384430385313095,0
18,U08,10575.967366956576,climb,109.2381714,23.0778414,378.30000000000007,7749.083641308373,1,24.35541384197063,117.83923180551187,10.0,127.83923180551187,122.0,129.0,122.0,-5.839231805511872,0
18,U08,10576.790921644077,cruise,109.2381714,23.0778414,380.35888671875,7749.145183667825,1,23.52125032229398,117.83930078760632,10.0,127.83930078760632,122.0,129.0,122.0,-5.839300787606319,0
18,U08,10586.790921644077,cruise,109.23760550689258,23.076596940799025,380.35888671875,7606.011884293306,1,22.861757676465032,117.67736482734205,10.0,127.67736482734205,122.0,129.0,122.0,-5.677364827342046,0
18,U08,10596.790921644077,cruise,109.23703961378514,23.075352481598053,380.35888671875,7463.148359986566,1,18.856509264597463,117.51266633522658,10.0,127.51266633522658,122.0,129.0,122.0,-5.512666335226584,0
18,U08,10606.790921644077,cruise,109.23647372067772,23.074108022397077,380.35888671875,7320.570417740849,1,18.291673103707723,117.34512328497773,10.0,127.34512328497773,122.0,129.0,122.0,-5.345123284977731,0
18,U08,10616.790921644077,cruise,109.2359078275703,23.072863563196105,380.35888671875,7178.295087543907,1,17.763156261722827,117.17465098371636,10.0,127.17465098371636,122.0,129.0,122.0,-5.1746509837163615,0
18,U08,10626.790921644077,cruise,109.23534193446288,23.07161910399513,380.35888671875,7036.34073915214,1,17.152125181673966,117.00116207970308,10.0,127.00116207970308,122.0,129.0,122.0,-5.001162079703079,0
18,U08,10636.790921644077,cruise,109.23477604135545,23.070374644794157,380.35888671875,6894.727212002451,1,20.62495398479959,116.82456659641826,10.0,126.82456659641826,122.0,129.0,122.0,-4.824566596418265,0
18,U08,10646.790921644077,cruise,109.23421014824802,23.06913018559318,380.35888671875,6753.475959924102,1,19.96181995985245,116.6447719994769,10.0,126.6447719994769,122.0,129.0,122.0,-4.644771999476902,0
18,U08,10656.790921644077,cruise,109.2336442551406,23.06788572639221,380.35888671875,6612.61021257885,1,19.339285977248977,116.46168330429452,10.0,126.46168330429452,122.0,129.0,122.0,-4.4616833042945245,0
18,U08,10666.790921644077,cruise,109.23307836203318,23.066641267191233,380.35888671875,6472.155155786871,1,18.690813078703712,116.27520323404939,10.0,126.27520323404939,122.0,129.0,122.0,-4.2752032340493855,0
18,U08,10676.790921644077,cruise,109.23251246892575,23.065396807990258,380.35888671875,6332.138133244191,1,17.874281679849503,116.08523243956526,10.0,126.08523243956526,122.0,129.0,122.0,-4.08523243956526,0
18,U08,10686.790921644077,cruise,109.23194657581833,23.064152348789285,380.35888671875,6192.58887244869,1,17.189464718723997,115.89166979514124,10.0,125.89166979514124,122.0,129.0,122.0,-3.8916697951412402,0
18,U08,10696.790921644077,cruise,109.2313806827109,23.06290788958831,380.35888671875,6053.539738086498,1,16.474136110815664,115.69441278736323,10.0,125.69441278736323,122.0,129.0,122.0,-3.694412787363234,0
18,U08,10706.790921644077,cruise,109.23081478960347,23.061663430387338,380.35888671875,5915.0260165672535,1,15.726210249888766,115.49335801748995,10.0,125.49335801748995,122.0,129.0,122.0,-3.4933580174899532,0
18,U08,10716.790921644077,cruise,109.23024889649605,23.060418971186362,380.35888671875,5777.086235925462,1,6.274335723480618,115.2884018423463,10.0,125.2884018423463,122.0,129.0,122.0,-3.2884018423463033,0
18,U08,10726.790921644077,cruise,109.22968300338863,23.05917451198539,380.35888671875,5639.762525892183,1,5.449839945042413,115.07944118387798,10.0,125.07944118387798,122.0,129.0,122.0,-3.079441183877975,0
18,U08,10736.790921644077,cruise,109.22911711028121,23.057930052784414,380.35888671875,5503.101023601472,1,4.584905681558155,114.86637454380778,10.0,124.86637454380778,122.0,129.0,122.0,-2.8663745438077797,0
18,U08,10746.790921644077,cruise,109.22855121717377,23.05668559358344,380.35888671875,5367.15233114635,0,-8.620174420745684,114.64910326740879,0.0,114.64910326740879,122.0,129.0,122.0,7.35089673259121,1
18,U08,10751.224924647202,descend,109.2283003,23.0561338,380.35888671875,5307.115032723867,0,-9.053431193033845,114.55139485716384,0.0,114.55139485716384,122.0,129.0,122.0,7.448605142836158,1
18,U08,10761.224924647202,descend,109.2283003,23.0561338,360.35888671875,5306.275870617255,0,-5.720097859700502,114.55002133393681,0.0,114.55002133393681,122.0,129.0,122.0,7.449978666063188,1
18,U08,10771.224924647202,descend,109.2283003,23.0561338,340.35888671875,5305.511969605399,1,6.802440578654682,114.54877080763629,10.0,124.54877080763629,122.0,129.0,122.0,-2.548770807636288,0
18,U08,10781.224924647202,descend,109.2283003,23.0561338,320.35888671875,5304.823362201366,1,19.457807810293104,114.54764338465921,10.0,124.54764338465921,122.0,129.0,122.0,-2.54764338465921,0
18,U08,10791.224924647202,descend,109.2283003,23.0561338,300.35888671875,5304.210077729638,1,32.1131750419315,114.54663916098997,10.0,124.54663916098997,122.0,129.0,122.0,-2.546639160989969,0
18,U08,10801.224924647202,descend,109.2283003,23.0561338,280.35888671875,5303.672142319876,1,44.76854227356992,114.54575822217322,10.0,124.54575822217322,122.0,129.0,122.0,-2.5457582221732196,0
18,U08,10811.224924647202,descend,109.2283003,23.0561338,260.35888671875,5303.209578901362,1,57.42390950520834,114.54500064328963,10.0,124.54500064328963,122.0,129.0,122.0,-2.545000643289626,0
18,U08,10821.224924647202,descend,109.2283003,23.0561338,240.35888671875,5302.822407198115,1,70.07927673684677,114.54436648893457,10.0,124.54436648893457,122.0,129.0,122.0,-2.544366488934571,0
18,U08,10831.224924647202,descend,109.2283003,23.0561338,220.35888671875,5302.510643724693,1,82.73464396848516,114.54385581319981,10.0,124.54385581319981,122.0,129.0,122.0,-2.543855813199812,0
18,U08,10841.224924647202,descend,109.2283003,23.0561338,200.35888671875,5302.274301782671,1,95.39001120012358,114.54346865965806,10.0,124.54346865965806,122.0,129.0,122.0,-2.5434686596580605,0
18,U08,10843.904368006577,handover,109.2283003,23.0561338,195.0,5302.223788467858,1,98.78094516905014,114.54338591117265,10.0,124.54338591117265,122.0,129.0,122.0,-2.543385911172649,0
18,U08,10853.904368006577,handover,109.2283003,23.0561338,195.0,5302.223788467858,1,98.78094516905014,114.54338591117265,10.0,124.54338591117265,122.0,129.0,122.0,-2.543385911172649,0
18,U08,10863.904368006577,handover,109.2283003,23.0561338,195.0,5302.223788467858,1,98.78094516905014,114.54338591117265,10.0,124.54338591117265,122.0,129.0,122.0,-2.543385911172649,0
18,U08,10873.904368006577,handover,109.2283003,23.0561338,195.0,5302.223788467858,1,98.78094516905014,114.54338591117265,10.0,124.54338591117265,122.0,129.0,122.0,-2.543385911172649,0
18,U08,10883.904368006577,handover,109.2283003,23.0561338,195.0,5302.223788467858,1,98.78094516905014,114.54338591117265,10.0,124.54338591117265,122.0,129.0,122.0,-2.543385911172649,0
18,U08,10893.904368006577,handover,109.2283003,23.0561338,195.0,5302.223788467858,1,98.78094516905014,114.54338591117265,10.0,124.54338591117265,122.0,129.0,122.0,-2.543385911172649,0
18,U08,10903.904368006577,handover,109.2283003,23.0561338,195.0,5302.223788467858,1,98.78094516905014,114.54338591117265,10.0,124.54338591117265,122.0,129.0,122.0,-2.543385911172649,0
18,U08,10913.904368006577,handover,109.2283003,23.0561338,195.0,5302.223788467858,1,98.78094516905014,114.54338591117265,10.0,124.54338591117265,122.0,129.0,122.0,-2.543385911172649,0
18,U08,10923.904368006577,handover,109.2283003,23.0561338,195.0,5302.223788467858,1,98.78094516905014,114.54338591117265,10.0,124.54338591117265,122.0,129.0,122.0,-2.543385911172649,0
18,U08,10933.904368006577,handover,109.2283003,23.0561338,195.0,5302.223788467858,1,98.78094516905014,114.54338591117265,10.0,124.54338591117265,122.0,129.0,122.0,-2.543385911172649,0
18,U08,10943.904368006577,handover,109.2283003,23.0561338,195.0,5302.223788467858,1,98.78094516905014,114.54338591117265,10.0,124.54338591117265,122.0,129.0,122.0,-2.543385911172649,0
18,U08,10953.904368006577,handover,109.2283003,23.0561338,195.0,5302.223788467858,1,98.78094516905014,114.54338591117265,10.0,124.54338591117265,122.0,129.0,122.0,-2.543385911172649,0
18,U08,10963.904368006577,handover,109.2283003,23.0561338,195.0,5302.223788467858,1,98.78094516905014,114.54338591117265,10.0,124.54338591117265,122.0,129.0,122.0,-2.543385911172649,0
18,U08,10973.904368006577,handover,109.2283003,23.0561338,195.0,5302.223788467858,1,98.78094516905014,114.54338591117265,10.0,124.54338591117265,122.0,129.0,122.0,-2.543385911172649,0
18,U08,10983.904368006577,handover,109.2283003,23.0561338,195.0,5302.223788467858,1,98.78094516905014,114.54338591117265,10.0,124.54338591117265,122.0,129.0,122.0,-2.543385911172649,0
18,U08,10993.904368006577,handover,109.2283003,23.0561338,195.0,5302.223788467858,1,98.78094516905014,114.54338591117265,10.0,124.54338591117265,122.0,129.0,122.0,-2.543385911172649,0
18,U08,11003.904368006577,handover,109.2283003,23.0561338,195.0,5302.223788467858,1,98.78094516905014,114.54338591117265,10.0,124.54338591117265,122.0,129.0,122.0,-2.543385911172649,0
18,U08,11013.904368006577,handover,109.2283003,23.0561338,195.0,5302.223788467858,1,98.78094516905014,114.54338591117265,10.0,124.54338591117265,122.0,129.0,122.0,-2.543385911172649,0
18,U08,11023.904368006577,handover,109.2283003,23.0561338,195.0,5302.223788467858,1,98.78094516905014,114.54338591117265,10.0,124.54338591117265,122.0,129.0,122.0,-2.543385911172649,0
18,U08,11033.904368006577,handover,109.2283003,23.0561338,195.0,5302.223788467858,1,98.78094516905014,114.54338591117265,10.0,124.54338591117265,122.0,129.0,122.0,-2.543385911172649,0
18,U08,11043.904368006577,handover,109.2283003,23.0561338,195.0,5302.223788467858,1,98.78094516905014,114.54338591117265,10.0,124.54338591117265,122.0,129.0,122.0,-2.543385911172649,0
18,U08,11053.904368006577,handover,109.2283003,23.0561338,195.0,5302.223788467858,1,98.78094516905014,114.54338591117265,10.0,124.54338591117265,122.0,129.0,122.0,-2.543385911172649,0
18,U08,11059.904368006577,climb,109.2283003,23.0561338,195.0,5302.223788467858,1,98.78094516905014,114.54338591117265,10.0,124.54338591117265,122.0,129.0,122.0,-2.543385911172649,0
18,U08,11069.904368006577,climb,109.2283003,23.0561338,220.0,5302.505738138758,1,82.96173612950213,114.54384777749736,10.0,124.54384777749736,122.0,129.0,122.0,-2.543847777497362,0
18,U08,11079.904368006577,climb,109.2283003,23.0561338,245.0,5302.905534043997,1,67.14252708995411,114.54450264754874,10.0,124.54450264754874,122.0,129.0,122.0,-2.5445026475487396,0
18,U08,11086.055893885483,cruise,109.2283003,23.0561338,260.3788146972656,5303.210002279377,1,57.41129971089336,114.5450013367215,10.0,124.5450013367215,122.0,129.0,122.0,-2.545001336721498,0
18,U08,11096.055893885483,cruise,109.22837248202103,23.054786454141155,260.3788146972656,5153.244912650235,1,55.33863724109739,114.29584049806637,10.0,124.29584049806637,122.0,129.0,122.0,-2.2958404980663687,0
18,U08,11106.055893885483,cruise,109.22844466404207,23.05343910828231,260.3788146972656,5003.281908640388,1,53.14186324616392,114.03932430992019,10.0,124.03932430992019,122.0,129.0,122.0,-2.0393243099201896,0
18,U08,11116.055893885483,cruise,109.2285168460631,23.052091762423462,260.3788146972656,4853.321183918326,1,50.80948591820987,113.77500549584695,10.0,123.77500549584695,122.0,129.0,122.0,-1.7750054958469548,0
18,U08,11126.055893885483,cruise,109.22858902808413,23.05074441656462,260.3788146972656,4703.362956850092,1,48.32854952478107,113.50239472203857,10.0,123.50239472203857,122.0,129.0,122.0,-1.5023947220385736,0
18,U08,11136.055893885483,cruise,109.22866121010516,23.049397070705773,260.3788146972656,4553.407474561611,1,45.68439363178453,113.22095515660644,10.0,123.22095515660644,122.0,129.0,122.0,-1.2209551566064363,0
18,U08,11146.055893885483,cruise,109.2287333921262,23.048049724846926,260.3788146972656,4403.455017837624,1,42.86036318824404,112.9300961201925,10.0,122.9300961201925,122.0,129.0,122.0,-0.930096120192502,0
18,U08,11156.055893885483,cruise,109.22880557414723,23.04670237898808,260.3788146972656,4253.505907052673,1,39.83745736135563,112.62916563958068,10.0,122.62916563958068,122.0,129.0,122.0,-0.6291656395806768,0
18,U08,11166.055893885483,cruise,109.22887775616826,23.045355033129233,260.3788146972656,4103.560509399694,1,36.593901474110396,112.31744166888441,10.0,122.31744166888441,122.0,129.0,122.0,-0.3174416688844133,0
18,U08,11176.055893885483,cruise,109.22894993818929,23.044007687270387,260.3788146972656,3953.6192477667196,1,33.10462165601325,111.99412168180726,10.0,121.99412168180726,122.0,129.0,122.0,0.005878318192742427,1
18,U08,11186.055893885483,cruise,109.22902212021033,23.04266034141154,260.3788146972656,3803.6826117112028,1,29.340595395546273,111.65831025856629,10.0,121.65831025856629,122.0,129.0,122.0,0.34168974143371145,1
18,U08,11196.055893885483,cruise,109.22909430223136,23.041312995552698,260.3788146972656,3653.7511711321918,1,25.26804239241804,111.30900418561953,10.0,121.30900418561953,122.0,129.0,122.0,0.6909958143804715,1
18,U08,11206.055893885483,cruise,109.22916648425239,23.03996564969385,260.3788146972656,3503.825593451593,1,20.847407936030976,110.94507444575878,10.0,120.94507444575878,122.0,129.0,122.0,1.0549255542412226,1
18,U08,11216.055893885483,cruise,109.22923866627342,23.038618303835005,260.3788146972656,3353.9066654049016,1,9.049212700980036,110.56524428667204,10.0,120.56524428667204,122.0,129.0,122.0,1.4347557133279594,1
18,U08,11226.055893885483,cruise,109.22931084829446,23.03727095797616,260.3788146972656,3203.995320936543,1,1.0557163987204206,110.16806229775125,10.0,120.16806229775125,122.0,129.0,122.0,1.8319377022487515,1
18,U08,11236.055893885483,cruise,109.22938303031549,23.035923612117312,260.3788146972656,3054.0926773126694,0,-2.865430794510189,109.75186906843582,0.0,109.75186906843582,122.0,129.0,122.0,12.248130931564177,1
18,U08,11246.055893885483,cruise,109.22945521233652,23.034576266258465,260.3788146972656,2904.200082400414,0,-4.545249388389976,109.31475550240404,0.0,109.31475550240404,122.0,129.0,122.0,12.68524449759596,1
18,U08,11256.055893885483,cruise,109.22952739435756,23.03322892039962,260.3788146972656,2754.3191773748636,0,-6.407656959865392,108.85451015352676,0.0,108.85451015352676,122.0,129.0,122.0,13.14548984647324,1
18,U08,11266.055893885483,cruise,109.22959957637859,23.031881574540776,260.3788146972656,2604.4519810542306,0,-8.484134367142588,108.36855192711903,0.0,108.36855192711903,122.0,129.0,122.0,13.631448072880971,1
18,U08,11276.055893885483,cruise,109.22967175839962,23.03053422868193,260.3788146972656,2454.6010050861314,0,-10.813840726526763,107.85384298848675,0.0,107.85384298848675,122.0,129.0,122.0,14.146157011513253,1
18,U08,11286.055893885483,cruise,109.22974394042065,23.029186882823083,260.3788146972656,2304.769414016742,0,-13.446106353363405,107.30677447230775,0.0,107.30677447230775,122.0,129.0,122.0,14.693225527692249,1
18,U08,11296.055893885483,cruise,109.22981612244169,23.027839536964237,260.3788146972656,2154.961252028905,0,-15.956169552273195,106.72301414615022,0.0,106.72301414615022,122.0,129.0,122.0,15.27698585384978,1
18,U08,11306.055893885483,cruise,109.22988830446272,23.02649219110539,260.3788146972656,2005.181771141761,0,-16.77369826587278,106.09729979106831,0.0,106.09729979106831,122.0,129.0,122.0,15.902700208931691,1
18,U08,11316.055893885483,cruise,109.22996048648375,23.025144845246544,260.3788146972656,1855.4379180610067,0,-17.218718153430558,105.42315338766849,0.0,105.42315338766849,122.0,129.0,122.0,16.576846612331508,1
18,U08,11326.055893885483,cruise,109.23003266850478,23.023797499387697,260.3788146972656,1705.7390768813395,0,-17.457849763569072,104.69247681122381,0.0,104.69247681122381,122.0,129.0,122.0,17.307523188776187,1
18,U08,11336.055893885483,cruise,109.23010485052582,23.022450153528855,260.3788146972656,1556.0982393332297,0,-17.74296822181114,103.89496506074441,0.0,103.89496506074441,122.0,129.0,122.0,18.10503493925559,1
18,U08,11346.055893885483,cruise,109.23017703254685,23.021102807670008,260.3788146972656,1406.533919682139,0,-18.08875018180683,103.01722903390674,0.0,103.01722903390674,122.0,129.0,122.0,18.982770966093256,1
18,U08,11356.055893885483,cruise,109.23024921456788,23.01975546181116,260.3788146972656,1257.0734314099664,0,-18.23666592552547,102.04143778532094,0.0,102.04143778532094,122.0,129.0,122.0,19.958562214679063,1
18,U08,11366.055893885483,cruise,109.2303213965889,23.018408115952315,260.3788146972656,1107.7588040491567,0,-18.417938149941904,100.94312904075417,0.0,100.94312904075417,122.0,129.0,122.0,21.056870959245828,1
18,U08,11376.055893885483,cruise,109.23039357860995,23.01706077009347,260.3788146972656,958.6581968889564,0,-18.655857944488503,99.68750063426498,0.0,99.68750063426498,122.0,129.0,122.0,22.31249936573502,1
18,U08,11386.055893885483,cruise,109.23046576063098,23.015713424234622,260.3788146972656,809.8898238478199,0,-18.981896181459774,98.22274367725137,0.0,98.22274367725137,122.0,129.0,122.0,23.777256322748627,1
18,U08,11396.055893885483,cruise,109.230537942652,23.014366078375776,260.3788146972656,661.6778189939731,0,-19.45613361705432,96.46715636041276,0.0,96.46715636041276,122.0,129.0,122.0,25.53284363958724,1
18,U08,11406.055893885483,cruise,109.23061012467305,23.013018732516933,260.3788146972656,514.5032262898977,0,-20.209334250057452,94.28198688288751,0.0,94.28198688288751,122.0,129.0,122.0,27.71801311711249,1
18,U08,11416.055893885483,cruise,109.23068230669408,23.011671386658087,260.3788146972656,369.60740142176496,0,-21.590202077229804,91.40903802266354,0.0,91.40903802266354,122.0,129.0,122.0,30.590961977336462,1
18,U08,11426.055893885483,cruise,109.2307544887151,23.01032404079924,260.3788146972656,231.31304197655717,0,-24.943738228934137,87.33822723445837,0.0,87.33822723445837,122.0,129.0,122.0,34.66177276554163,1
18,U08,11436.055893885483,cruise,109.23082667073614,23.008976694940394,260.3788146972656,124.10418905639025,0,-45.06495513916013,81.92995365572483,0.0,81.92995365572483,122.0,129.0,122.0,40.07004634427517,1
18,U08,11439.523414398702,descend,109.2308517,23.0085095,260.3788146972656,112.67881469726564,0,0.0,81.0910702314716,0.0,81.0910702314716,122.0,129.0,122.0,40.908929768528395,1
18,U08,11449.523414398702,descend,109.2308517,23.0085095,240.37881469726562,92.67881469726564,0,0.0,79.39383425033091,0.0,79.39383425033091,122.0,129.0,122.0,42.60616574966909,1
18,U08,11459.523414398702,descend,109.2308517,23.0085095,220.37881469726562,72.67881469726564,0,0.0,77.28238155185174,0.0,77.28238155185174,122.0,129.0,122.0,44.71761844814826,1
18,U08,11469.523414398702,descend,109.2308517,23.0085095,200.37881469726562,52.678814697265636,0,0.0,74.48694472486068,0.0,74.48694472486068,122.0,129.0,122.0,47.51305527513932,1
18,U08,11479.523414398702,descend,109.2308517,23.0085095,180.37881469726562,32.678814697265636,0,0.0,70.33955074873924,0.0,70.33955074873924,122.0,129.0,122.0,51.66044925126076,1
18,U08,11489.523414398702,descend,109.2308517,23.0085095,160.37881469726562,12.678814697265636,0,0.0,62.11579792644244,0.0,62.11579792644244,122.0,129.0,122.0,59.88420207355756,1
18,U08,11499.523414398702,descend,109.2308517,23.0085095,140.37881469726562,7.321185302734364,0,0.0,57.34585281814286,0.0,57.34585281814286,122.0,129.0,122.0,64.65414718185714,1
18,U08,11505.862821747334,descend,109.2308517,23.0085095,127.69999999999999,20.0,0,0.0,66.07482474751174,0.0,66.07482474751174,122.0,129.0,122.0,55.92517525248826,1
19,U08,11505.9,setup,109.2308517,23.0085095,127.7,19.999999999999986,0,0.0,66.07482474751174,0.0,66.07482474751174,122.0,129.0,122.0,55.92517525248826,1
19,U08,11515.9,setup,109.2308517,23.0085095,127.7,19.999999999999986,0,0.0,66.07482474751174,0.0,66.07482474751174,122.0,129.0,122.0,55.92517525248826,1
19,U08,11525.9,setup,109.2308517,23.0085095,127.7,19.999999999999986,0,0.0,66.07482474751174,0.0,66.07482474751174,122.0,129.0,122.0,55.92517525248826,1
19,U08,11535.9,setup,109.2308517,23.0085095,127.7,19.999999999999986,0,0.0,66.07482474751174,0.0,66.07482474751174,122.0,129.0,122.0,55.92517525248826,1
19,U08,11545.9,setup,109.2308517,23.0085095,127.7,19.999999999999986,0,0.0,66.07482474751174,0.0,66.07482474751174,122.0,129.0,122.0,55.92517525248826,1
19,U08,11555.9,setup,109.2308517,23.0085095,127.7,19.999999999999986,0,0.0,66.07482474751174,0.0,66.07482474751174,122.0,129.0,122.0,55.92517525248826,1
19,U08,11565.9,setup,109.2308517,23.0085095,127.7,19.999999999999986,0,0.0,66.07482474751174,0.0,66.07482474751174,122.0,129.0,122.0,55.92517525248826,1
19,U08,11575.9,setup,109.2308517,23.0085095,127.7,19.999999999999986,0,0.0,66.07482474751174,0.0,66.07482474751174,122.0,129.0,122.0,55.92517525248826,1
19,U08,11585.9,setup,109.2308517,23.0085095,127.7,19.999999999999986,0,0.0,66.07482474751174,0.0,66.07482474751174,122.0,129.0,122.0,55.92517525248826,1
19,U08,11595.9,setup,109.2308517,23.0085095,127.7,19.999999999999986,0,0.0,66.07482474751174,0.0,66.07482474751174,122.0,129.0,122.0,55.92517525248826,1
19,U08,11605.9,setup,109.2308517,23.0085095,127.7,19.999999999999986,0,0.0,66.07482474751174,0.0,66.07482474751174,122.0,129.0,122.0,55.92517525248826,1
19,U08,11615.9,setup,109.2308517,23.0085095,127.7,19.999999999999986,0,0.0,66.07482474751174,0.0,66.07482474751174,122.0,129.0,122.0,55.92517525248826,1
19,U08,11625.9,setup,109.2308517,23.0085095,127.7,19.999999999999986,0,0.0,66.07482474751174,0.0,66.07482474751174,122.0,129.0,122.0,55.92517525248826,1
19,U08,11635.9,setup,109.2308517,23.0085095,127.7,19.999999999999986,0,0.0,66.07482474751174,0.0,66.07482474751174,122.0,129.0,122.0,55.92517525248826,1
19,U08,11645.9,setup,109.2308517,23.0085095,127.7,19.999999999999986,0,0.0,66.07482474751174,0.0,66.07482474751174,122.0,129.0,122.0,55.92517525248826,1
19,U08,11655.9,setup,109.2308517,23.0085095,127.7,19.999999999999986,0,0.0,66.07482474751174,0.0,66.07482474751174,122.0,129.0,122.0,55.92517525248826,1
19,U08,11665.9,setup,109.2308517,23.0085095,127.7,19.999999999999986,0,0.0,66.07482474751174,0.0,66.07482474751174,122.0,129.0,122.0,55.92517525248826,1
19,U08,11675.9,setup,109.2308517,23.0085095,127.7,19.999999999999986,0,0.0,66.07482474751174,0.0,66.07482474751174,122.0,129.0,122.0,55.92517525248826,1
19,U08,11685.9,setup,109.2308517,23.0085095,127.7,19.999999999999986,0,0.0,66.07482474751174,0.0,66.07482474751174,122.0,129.0,122.0,55.92517525248826,1
19,U08,11695.9,setup,109.2308517,23.0085095,127.7,19.999999999999986,0,0.0,66.07482474751174,0.0,66.07482474751174,122.0,129.0,122.0,55.92517525248826,1
19,U08,11705.9,setup,109.2308517,23.0085095,127.7,19.999999999999986,0,0.0,66.07482474751174,0.0,66.07482474751174,122.0,129.0,122.0,55.92517525248826,1
19,U08,11715.9,setup,109.2308517,23.0085095,127.7,19.999999999999986,0,0.0,66.07482474751174,0.0,66.07482474751174,122.0,129.0,122.0,55.92517525248826,1
19,U08,11725.9,setup,109.2308517,23.0085095,127.7,19.999999999999986,0,0.0,66.07482474751174,0.0,66.07482474751174,122.0,129.0,122.0,55.92517525248826,1
19,U08,11735.9,setup,109.2308517,23.0085095,127.7,19.999999999999986,0,0.0,66.07482474751174,0.0,66.07482474751174,122.0,129.0,122.0,55.92517525248826,1
19,U08,11745.9,setup,109.2308517,23.0085095,127.7,19.999999999999986,0,0.0,66.07482474751174,0.0,66.07482474751174,122.0,129.0,122.0,55.92517525248826,1
19,U08,11755.9,setup,109.2308517,23.0085095,127.7,19.999999999999986,0,0.0,66.07482474751174,0.0,66.07482474751174,122.0,129.0,122.0,55.92517525248826,1
19,U08,11765.9,setup,109.2308517,23.0085095,127.7,19.999999999999986,0,0.0,66.07482474751174,0.0,66.07482474751174,122.0,129.0,122.0,55.92517525248826,1
19,U08,11775.9,setup,109.2308517,23.0085095,127.7,19.999999999999986,0,0.0,66.07482474751174,0.0,66.07482474751174,122.0,129.0,122.0,55.92517525248826,1
19,U08,11785.9,setup,109.2308517,23.0085095,127.7,19.999999999999986,0,0.0,66.07482474751174,0.0,66.07482474751174,122.0,129.0,122.0,55.92517525248826,1
19,U08,11795.9,setup,109.2308517,23.0085095,127.7,19.999999999999986,0,0.0,66.07482474751174,0.0,66.07482474751174,122.0,129.0,122.0,55.92517525248826,1
19,U08,11805.9,setup,109.2308517,23.0085095,127.7,19.999999999999986,0,0.0,66.07482474751174,0.0,66.07482474751174,122.0,129.0,122.0,55.92517525248826,1
19,U08,11815.9,setup,109.2308517,23.0085095,127.7,19.999999999999986,0,0.0,66.07482474751174,0.0,66.07482474751174,122.0,129.0,122.0,55.92517525248826,1
19,U08,11825.9,setup,109.2308517,23.0085095,127.7,19.999999999999986,0,0.0,66.07482474751174,0.0,66.07482474751174,122.0,129.0,122.0,55.92517525248826,1
19,U08,11835.9,setup,109.2308517,23.0085095,127.7,19.999999999999986,0,0.0,66.07482474751174,0.0,66.07482474751174,122.0,129.0,122.0,55.92517525248826,1
19,U08,11845.9,setup,109.2308517,23.0085095,127.7,19.999999999999986,0,0.0,66.07482474751174,0.0,66.07482474751174,122.0,129.0,122.0,55.92517525248826,1
19,U08,11855.9,setup,109.2308517,23.0085095,127.7,19.999999999999986,0,0.0,66.07482474751174,0.0,66.07482474751174,122.0,129.0,122.0,55.92517525248826,1
19,U08,11865.9,setup,109.2308517,23.0085095,127.7,19.999999999999986,0,0.0,66.07482474751174,0.0,66.07482474751174,122.0,129.0,122.0,55.92517525248826,1
19,U08,11875.9,setup,109.2308517,23.0085095,127.7,19.999999999999986,0,0.0,66.07482474751174,0.0,66.07482474751174,122.0,129.0,122.0,55.92517525248826,1
19,U08,11885.9,setup,109.2308517,23.0085095,127.7,19.999999999999986,0,0.0,66.07482474751174,0.0,66.07482474751174,122.0,129.0,122.0,55.92517525248826,1
19,U08,11895.9,setup,109.2308517,23.0085095,127.7,19.999999999999986,0,0.0,66.07482474751174,0.0,66.07482474751174,122.0,129.0,122.0,55.92517525248826,1
19,U08,11905.9,setup,109.2308517,23.0085095,127.7,19.999999999999986,0,0.0,66.07482474751174,0.0,66.07482474751174,122.0,129.0,122.0,55.92517525248826,1
19,U08,11915.9,setup,109.2308517,23.0085095,127.7,19.999999999999986,0,0.0,66.07482474751174,0.0,66.07482474751174,122.0,129.0,122.0,55.92517525248826,1
19,U08,11925.9,setup,109.2308517,23.0085095,127.7,19.999999999999986,0,0.0,66.07482474751174,0.0,66.07482474751174,122.0,129.0,122.0,55.92517525248826,1
19,U08,11935.9,setup,109.2308517,23.0085095,127.7,19.999999999999986,0,0.0,66.07482474751174,0.0,66.07482474751174,122.0,129.0,122.0,55.92517525248826,1
19,U08,11945.9,setup,109.2308517,23.0085095,127.7,19.999999999999986,0,0.0,66.07482474751174,0.0,66.07482474751174,122.0,129.0,122.0,55.92517525248826,1
19,U08,11955.9,setup,109.2308517,23.0085095,127.7,19.999999999999986,0,0.0,66.07482474751174,0.0,66.07482474751174,122.0,129.0,122.0,55.92517525248826,1
19,U08,11965.9,setup,109.2308517,23.0085095,127.7,19.999999999999986,0,0.0,66.07482474751174,0.0,66.07482474751174,122.0,129.0,122.0,55.92517525248826,1
19,U08,11975.9,setup,109.2308517,23.0085095,127.7,19.999999999999986,0,0.0,66.07482474751174,0.0,66.07482474751174,122.0,129.0,122.0,55.92517525248826,1
19,U08,11985.9,setup,109.2308517,23.0085095,127.7,19.999999999999986,0,0.0,66.07482474751174,0.0,66.07482474751174,122.0,129.0,122.0,55.92517525248826,1
19,U08,11995.9,setup,109.2308517,23.0085095,127.7,19.999999999999986,0,0.0,66.07482474751174,0.0,66.07482474751174,122.0,129.0,122.0,55.92517525248826,1
19,U08,12005.9,setup,109.2308517,23.0085095,127.7,19.999999999999986,0,0.0,66.07482474751174,0.0,66.07482474751174,122.0,129.0,122.0,55.92517525248826,1
19,U08,12015.9,setup,109.2308517,23.0085095,127.7,19.999999999999986,0,0.0,66.07482474751174,0.0,66.07482474751174,122.0,129.0,122.0,55.92517525248826,1
19,U08,12025.9,setup,109.2308517,23.0085095,127.7,19.999999999999986,0,0.0,66.07482474751174,0.0,66.07482474751174,122.0,129.0,122.0,55.92517525248826,1
19,U08,12035.9,setup,109.2308517,23.0085095,127.7,19.999999999999986,0,0.0,66.07482474751174,0.0,66.07482474751174,122.0,129.0,122.0,55.92517525248826,1
19,U08,12045.9,climb,109.2308517,23.0085095,127.7,19.999999999999986,0,0.0,66.07482474751174,0.0,66.07482474751174,122.0,129.0,122.0,55.92517525248826,1
19,U08,12055.9,climb,109.2308517,23.0085095,152.70000000000002,5.000000000000028,0,0.0,54.03362492095255,0.0,54.03362492095255,122.0,129.0,122.0,67.96637507904745,1
19,U08,12065.9,climb,109.2308517,23.0085095,177.70000000000002,30.00000000000003,0,0.0,69.59664992862537,0.0,69.59664992862537,122.0,129.0,122.0,52.40335007137463,1
19,U08,12075.9,climb,109.2308517,23.0085095,202.7,55.0,0,0.0,74.861478624117,0.0,74.861478624117,122.0,129.0,122.0,47.138521375883,1
19,U08,12085.9,climb,109.2308517,23.0085095,227.70000000000002,80.00000000000003,0,0.0,78.11602457407099,0.0,78.11602457407099,122.0,129.0,122.0,43.88397542592901,1
19,U08,12095.9,climb,109.2308517,23.0085095,252.7,105.0,0,0.0,80.47801081563088,0.0,80.47801081563088,122.0,129.0,122.0,41.52198918436912,1
19,U08,12105.9,climb,109.2308517,23.0085095,277.7,130.0,0,0.0,82.33309188036885,0.0,82.33309188036885,122.0,129.0,122.0,39.666908119631145,1
19,U08,12107.493156738281,cruise,109.2308517,23.0085095,281.6828918457031,133.98289184570314,0,0.0,82.59521177893872,0.0,82.59521177893872,122.0,129.0,122.0,39.40478822106128,1
19,U08,12117.493156738281,cruise,109.23145789759062,23.009737701111835,281.6828918457031,201.12706466839157,0,-29.075514359907658,86.1236351417672,0.0,86.1236351417672,122.0,129.0,122.0,35.876364858232805,1
19,U08,12127.493156738281,cruise,109.23206409518122,23.01096590222367,281.6828918457031,328.563537958835,0,-23.275389171781995,90.38661216095451,0.0,90.38661216095451,122.0,129.0,122.0,31.613387839045487,1
19,U08,12137.493156738281,cruise,109.23267029277183,23.012194103335506,281.6828918457031,469.5283932239321,0,-21.217280234059956,93.4874620334794,0.0,93.4874620334794,122.0,129.0,122.0,28.512537966520597,1
19,U08,12147.493156738281,cruise,109.23327649036244,23.013422304447342,281.6828918457031,614.7850246739863,0,-20.16312687571454,95.82869043691956,0.0,95.82869043691956,122.0,129.0,122.0,26.17130956308044,1
19,U08,12157.493156738281,cruise,109.23388268795304,23.014650505559178,281.6828918457031,761.8824920819044,0,-19.522366991230086,97.69198470785581,0.0,97.69198470785581,122.0,129.0,122.0,24.30801529214419,1
19,U08,12167.493156738281,cruise,109.23448888554366,23.015878706671014,281.6828918457031,909.9283583164173,0,-19.091692314773297,99.2343688386175,0.0,99.2343688386175,122.0,129.0,122.0,22.7656311613825,1
19,U08,12177.493156738281,cruise,109.23509508313425,23.01710690778285,281.6828918457031,1058.52466802616,0,-18.782334448586028,100.54824450104425,0.0,100.54824450104425,122.0,129.0,122.0,21.451755498955748,1
19,U08,12187.493156738281,cruise,109.23570128072487,23.018335108894686,281.6828918457031,1207.4681312819096,0,-18.284375678168402,101.69173837895892,0.0,101.69173837895892,122.0,129.0,122.0,20.308261621041083,1
19,U08,12197.493156738281,cruise,109.23630747831548,23.01956331000652,281.6828918457031,1356.6443353508364,0,-16.64844293279961,102.70354494969375,0.0,102.70354494969375,122.0,129.0,122.0,19.29645505030625,1
19,U08,12207.493156738281,cruise,109.23691367590608,23.020791511118357,281.6828918457031,1505.9840491138216,0,-9.991049587136445,103.61063227393565,0.0,103.61063227393565,122.0,129.0,122.0,18.38936772606435,1
19,U08,12217.493156738281,cruise,109.2375198734967,23.022019712230193,281.6828918457031,1655.442958341826,0,-3.8960290857263544,104.43250925113516,0.0,104.43250925113516,122.0,129.0,122.0,17.56749074886484,1
19,U08,12227.493156738281,cruise,109.23812607108731,23.02324791334203,281.6828918457031,1804.9913957293961,1,1.1915500104919943,105.18372755412216,10.0,115.18372755412216,122.0,129.0,122.0,6.816272445877843,1
19,U08,12237.493156738281,cruise,109.23873226867791,23.024476114453865,281.6828918457031,1954.6087579803655,1,0.9568143189408715,105.87542164171457,10.0,115.87542164171457,122.0,129.0,122.0,6.124578358285433,1
19,U08,12247.493156738281,cruise,109.23933846626852,23.0257043155657,281.6828918457031,2104.2802931777865,1,4.51112199066381,106.51629659398759,10.0,116.51629659398759,122.0,129.0,122.0,5.48370340601241,1
19,U08,12257.493156738281,cruise,109.23994466385912,23.026932516677537,281.6828918457031,2253.9951629633383,1,7.59466043434395,107.11328442867713,10.0,117.11328442867713,122.0,129.0,122.0,4.886715571322867,1
19,U08,12267.493156738281,cruise,109.24055086144973,23.028160717789373,281.6828918457031,2403.745226421181,1,10.295150624150835,107.67199352993977,10.0,117.67199352993977,122.0,129.0,122.0,4.328006470060231,1
19,U08,12277.493156738281,cruise,109.24115705904035,23.02938891890121,281.6828918457031,2553.524250605863,1,12.679794008132319,108.19702456762114,10.0,118.19702456762114,122.0,129.0,122.0,3.802975432378858,1
19,U08,12287.493156738281,cruise,109.24176325663095,23.030617120013044,281.6828918457031,2703.327382846166,1,17.42212586798064,108.69219770495039,10.0,118.69219770495039,122.0,129.0,122.0,3.307802295049612,1
19,U08,12297.493156738281,cruise,109.24236945422156,23.03184532112488,281.6828918457031,2853.150788916253,1,19.55369829906843,109.16071932845841,10.0,119.16071932845841,122.0,129.0,122.0,2.8392806715415873,1
19,U08,12307.493156738281,cruise,109.24297565181217,23.03307352223672,281.6828918457031,3002.991399299759,1,21.473173970844016,109.60530660147512,10.0,119.60530660147512,122.0,129.0,122.0,2.394693398524879,1
19,U08,12311.720296400334,descend,109.2432319,23.0335927,281.6828918457031,3066.335670565073,1,22.188529782178932,109.7866187375844,10.0,119.7866187375844,122.0,129.0,122.0,2.213381262415595,1
19,U08,12321.720296400334,descend,109.2432319,23.0335927,261.6828918457031,3065.5268925432583,1,27.554383440715526,109.78432744138928,10.0,119.78432744138928,122.0,129.0,122.0,2.21567255861072,1
19,U08,12331.720296400334,descend,109.2432319,23.0335927,241.68289184570312,3064.84841602845,1,32.92023709925212,109.78240482756645,10.0,119.78240482756645,122.0,129.0,122.0,2.2175951724335476,1
19,U08,12341.720296400334,descend,109.2432319,23.0335927,221.68289184570312,3064.300327572066,1,38.286090757788685,109.78085138644244,10.0,119.78085138644244,122.0,129.0,122.0,2.2191486135575644,1
19,U08,12351.720296400334,descend,109.2432319,23.0335927,201.68289184570312,3063.8826971482513,1,43.65194441632528,109.77966751456337,10.0,119.77966751456337,122.0,129.0,122.0,2.2203324854366286,1
19,U08,12360.561742323185,handover,109.2432319,23.0335927,184.0,3063.62215674068,1,52.51417108303164,109.77892886962331,10.0,119.77892886962331,122.0,129.0,122.0,2.2210711303766857,1
19,U08,12370.561742323185,handover,109.2432319,23.0335927,184.0,3063.62215674068,1,52.51417108303164,109.77892886962331,10.0,119.77892886962331,122.0,129.0,122.0,2.2210711303766857,1
19,U08,12380.561742323185,handover,109.2432319,23.0335927,184.0,3063.62215674068,1,52.51417108303164,109.77892886962331,10.0,119.77892886962331,122.0,129.0,122.0,2.2210711303766857,1
19,U08,12390.561742323185,handover,109.2432319,23.0335927,184.0,3063.62215674068,1,52.51417108303164,109.77892886962331,10.0,119.77892886962331,122.0,129.0,122.0,2.2210711303766857,1
19,U08,12400.561742323185,handover,109.2432319,23.0335927,184.0,3063.62215674068,1,52.51417108303164,109.77892886962331,10.0,119.77892886962331,122.0,129.0,122.0,2.2210711303766857,1
19,U08,12410.561742323185,handover,109.2432319,23.0335927,184.0,3063.62215674068,1,52.51417108303164,109.77892886962331,10.0,119.77892886962331,122.0,129.0,122.0,2.2210711303766857,1
19,U08,12420.561742323185,handover,109.2432319,23.0335927,184.0,3063.62215674068,1,52.51417108303164,109.77892886962331,10.0,119.77892886962331,122.0,129.0,122.0,2.2210711303766857,1
19,U08,12430.561742323185,handover,109.2432319,23.0335927,184.0,3063.62215674068,1,52.51417108303164,109.77892886962331,10.0,119.77892886962331,122.0,129.0,122.0,2.2210711303766857,1
19,U08,12440.561742323185,handover,109.2432319,23.0335927,184.0,3063.62215674068,1,52.51417108303164,109.77892886962331,10.0,119.77892886962331,122.0,129.0,122.0,2.2210711303766857,1
19,U08,12450.561742323185,handover,109.2432319,23.0335927,184.0,3063.62215674068,1,52.51417108303164,109.77892886962331,10.0,119.77892886962331,122.0,129.0,122.0,2.2210711303766857,1
19,U08,12460.561742323185,handover,109.2432319,23.0335927,184.0,3063.62215674068,1,52.51417108303164,109.77892886962331,10.0,119.77892886962331,122.0,129.0,122.0,2.2210711303766857,1
19,U08,12470.561742323185,handover,109.2432319,23.0335927,184.0,3063.62215674068,1,52.51417108303164,109.77892886962331,10.0,119.77892886962331,122.0,129.0,122.0,2.2210711303766857,1
19,U08,12480.561742323185,handover,109.2432319,23.0335927,184.0,3063.62215674068,1,52.51417108303164,109.77892886962331,10.0,119.77892886962331,122.0,129.0,122.0,2.2210711303766857,1
19,U08,12490.561742323185,handover,109.2432319,23.0335927,184.0,3063.62215674068,1,52.51417108303164,109.77892886962331,10.0,119.77892886962331,122.0,129.0,122.0,2.2210711303766857,1
19,U08,12500.561742323185,handover,109.2432319,23.0335927,184.0,3063.62215674068,1,52.51417108303164,109.77892886962331,10.0,119.77892886962331,122.0,129.0,122.0,2.2210711303766857,1
19,U08,12510.561742323185,handover,109.2432319,23.0335927,184.0,3063.62215674068,1,52.51417108303164,109.77892886962331,10.0,119.77892886962331,122.0,129.0,122.0,2.2210711303766857,1
19,U08,12520.561742323185,handover,109.2432319,23.0335927,184.0,3063.62215674068,1,52.51417108303164,109.77892886962331,10.0,119.77892886962331,122.0,129.0,122.0,2.2210711303766857,1
19,U08,12530.561742323185,handover,109.2432319,23.0335927,184.0,3063.62215674068,1,52.51417108303164,109.77892886962331,10.0,119.77892886962331,122.0,129.0,122.0,2.2210711303766857,1
19,U08,12540.561742323185,handover,109.2432319,23.0335927,184.0,3063.62215674068,1,52.51417108303164,109.77892886962331,10.0,119.77892886962331,122.0,129.0,122.0,2.2210711303766857,1
19,U08,12550.561742323185,handover,109.2432319,23.0335927,184.0,3063.62215674068,1,52.51417108303164,109.77892886962331,10.0,119.77892886962331,122.0,129.0,122.0,2.2210711303766857,1
19,U08,12560.561742323185,handover,109.2432319,23.0335927,184.0,3063.62215674068,1,52.51417108303164,109.77892886962331,10.0,119.77892886962331,122.0,129.0,122.0,2.2210711303766857,1
19,U08,12570.561742323185,handover,109.2432319,23.0335927,184.0,3063.62215674068,1,52.51417108303164,109.77892886962331,10.0,119.77892886962331,122.0,129.0,122.0,2.2210711303766857,1
19,U08,12580.561742323185,handover,109.2432319,23.0335927,184.0,3063.62215674068,1,52.51417108303164,109.77892886962331,10.0,119.77892886962331,122.0,129.0,122.0,2.2210711303766857,1
19,U08,12590.561742323185,handover,109.2432319,23.0335927,184.0,3063.62215674068,1,52.51417108303164,109.77892886962331,10.0,119.77892886962331,122.0,129.0,122.0,2.2210711303766857,1
19,U08,12600.561742323185,handover,109.2432319,23.0335927,184.0,3063.62215674068,1,52.51417108303164,109.77892886962331,10.0,119.77892886962331,122.0,129.0,122.0,2.2210711303766857,1
19,U08,12610.561742323185,handover,109.2432319,23.0335927,184.0,3063.62215674068,1,52.51417108303164,109.77892886962331,10.0,119.77892886962331,122.0,129.0,122.0,2.2210711303766857,1
19,U08,12620.561742323185,handover,109.2432319,23.0335927,184.0,3063.62215674068,1,52.51417108303164,109.77892886962331,10.0,119.77892886962331,122.0,129.0,122.0,2.2210711303766857,1
19,U08,12630.561742323185,handover,109.2432319,23.0335927,184.0,3063.62215674068,1,52.51417108303164,109.77892886962331,10.0,119.77892886962331,122.0,129.0,122.0,2.2210711303766857,1
19,U08,12640.561742323185,handover,109.2432319,23.0335927,184.0,3063.62215674068,1,52.51417108303164,109.77892886962331,10.0,119.77892886962331,122.0,129.0,122.0,2.2210711303766857,1
19,U08,12650.561742323185,handover,109.2432319,23.0335927,184.0,3063.62215674068,1,52.51417108303164,109.77892886962331,10.0,119.77892886962331,122.0,129.0,122.0,2.2210711303766857,1
19,U08,12660.561742323185,handover,109.2432319,23.0335927,184.0,3063.62215674068,1,52.51417108303164,109.77892886962331,10.0,119.77892886962331,122.0,129.0,122.0,2.2210711303766857,1
19,U08,12670.561742323185,handover,109.2432319,23.0335927,184.0,3063.62215674068,1,52.51417108303164,109.77892886962331,10.0,119.77892886962331,122.0,129.0,122.0,2.2210711303766857,1
19,U08,12680.561742323185,handover,109.2432319,23.0335927,184.0,3063.62215674068,1,52.51417108303164,109.77892886962331,10.0,119.77892886962331,122.0,129.0,122.0,2.2210711303766857,1
19,U08,12690.561742323185,handover,109.2432319,23.0335927,184.0,3063.62215674068,1,52.51417108303164,109.77892886962331,10.0,119.77892886962331,122.0,129.0,122.0,2.2210711303766857,1
19,U08,12700.561742323185,handover,109.2432319,23.0335927,184.0,3063.62215674068,1,52.51417108303164,109.77892886962331,10.0,119.77892886962331,122.0,129.0,122.0,2.2210711303766857,1
19,U08,12710.561742323185,handover,109.2432319,23.0335927,184.0,3063.62215674068,1,52.51417108303164,109.77892886962331,10.0,119.77892886962331,122.0,129.0,122.0,2.2210711303766857,1
19,U08,12720.561742323185,climb,109.2432319,23.0335927,184.0,3063.62215674068,1,52.51417108303164,109.77892886962331,10.0,119.77892886962331,122.0,129.0,122.0,2.2210711303766857,1
19,U08,12730.561742323185,climb,109.2432319,23.0335927,209.0,3064.020352294093,1,41.6888178383432,109.78005774834986,10.0,119.78005774834986,122.0,129.0,122.0,2.2199422516501386,1
19,U08,12740.561742323185,climb,109.2432319,23.0335927,234.0,3064.6224431848727,1,34.981500765172456,109.78176438886416,10.0,119.78176438886416,122.0,129.0,122.0,2.218235611135839,1
19,U08,12750.561742323185,climb,109.2432319,23.0335927,259.0,3065.4283092697533,1,28.274183692001714,109.78404811022287,10.0,119.78404811022287,122.0,129.0,122.0,2.2159518897771306,1
19,U08,12760.290355604435,cruise,109.2432319,23.0335927,283.321533203125,3066.4077076508897,1,21.748894296041357,109.78682279183506,10.0,119.78682279183506,122.0,129.0,122.0,2.213177208164936,1
19,U08,12770.290355604435,cruise,109.24246888939848,23.034744559028493,283.321533203125,3153.085111307952,1,12.745930820844762,110.02893871079826,10.0,120.02893871079826,122.0,129.0,122.0,1.9710612892017423,1
19,U08,12780.290355604435,cruise,109.24170587879696,23.035896418056982,283.321533203125,3244.3863188474643,1,8.376631396596906,110.27687606162674,10.0,120.27687606162674,122.0,129.0,122.0,1.7231239383732628,1
19,U08,12790.290355604435,cruise,109.24094286819545,23.037048277085475,283.321533203125,3339.932112693724,1,4.581158734650899,110.52897762326495,10.0,120.52897762326495,122.0,129.0,122.0,1.4710223767350499,1
19,U08,12800.290355604435,cruise,109.24017985759393,23.038200136113968,283.321533203125,3439.368721305877,1,14.7329994533373,110.78379958094017,10.0,120.78379958094017,122.0,129.0,122.0,1.216200419059831,1
19,U08,12810.290355604435,cruise,109.23941684699241,23.03935199514246,283.321533203125,3542.368462555782,1,13.19884529760327,111.0400994887164,10.0,121.0400994887164,122.0,129.0,122.0,0.9599005112836068,1
19,U08,12820.290355604435,cruise,109.23865383639091,23.04050385417095,283.321533203125,3648.6295475305265,1,19.38701662157405,111.29682025098778,10.0,121.29682025098778,122.0,129.0,122.0,0.7031797490122216,1
19,U08,12830.290355604435,cruise,109.23789082578939,23.041655713199443,283.321533203125,3757.8752827050794,1,25.177485140006382,111.55307208485074,10.0,121.55307208485074,122.0,129.0,122.0,0.44692791514926,1
19,U08,12840.290355604435,cruise,109.23712781518788,23.042807572227936,283.321533203125,3869.8528664160676,1,23.78992309570313,111.8081138993735,10.0,121.8081138993735,122.0,129.0,122.0,0.19188610062650469,1
19,U08,12850.290355604435,cruise,109.23636480458636,23.043959431256425,283.321533203125,3984.331934534373,1,25.4208686541794,112.06133508052835,10.0,122.06133508052835,122.0,129.0,122.0,-0.06133508052835168,0
19,U08,12860.290355604435,cruise,109.23560179398484,23.04511129028492,283.321533203125,4101.102973383646,1,29.196204593407856,112.31223831415814,10.0,122.31223831415814,122.0,129.0,122.0,-0.31223831415813663,0
19,U08,12870.290355604435,cruise,109.23483878338332,23.04626314931341,283.321533203125,4219.9756866981115,1,19.626560876724568,112.5604238100378,10.0,122.5604238100378,122.0,129.0,122.0,-0.5604238100378041,0
19,U08,12880.290355604435,cruise,109.23407577278181,23.047415008341904,283.321533203125,4340.777378072102,1,18.82854681606952,112.80557509625349,10.0,122.80557509625349,122.0,129.0,122.0,-0.8055750962534916,0
19,U08,12890.290355604435,cruise,109.23331276218029,23.048566867370393,283.321533203125,4463.35139044798,1,23.61474195646761,113.04744642013604,10.0,123.04744642013604,122.0,129.0,122.0,-1.0474464201360405,0
19,U08,12900.290355604435,cruise,109.23254975157877,23.049718726398886,283.321533203125,4587.55562903974,1,24.316735241459867,113.28585170581547,10.0,123.28585170581547,122.0,129.0,122.0,-1.2858517058154746,0
19,U08,12910.290355604435,cruise,109.23178674097726,23.05087058542738,283.321533203125,4713.261182879659,1,25.073794381277906,113.52065496674928,10.0,123.52065496674928,122.0,129.0,122.0,-1.5206549667492766,0
19,U08,12920.290355604435,cruise,109.23102373037575,23.05202244445587,283.321533203125,4840.351052083781,1,28.215218435942944,113.75176204420319,10.0,123.75176204420319,122.0,129.0,122.0,-1.7517620442031898,0
19,U08,12930.290355604435,cruise,109.23026071977424,23.05317430348436,283.321533203125,4968.718982282632,1,26.463978521507897,113.97911353189116,10.0,123.97911353189116,122.0,129.0,122.0,-1.9791135318911586,0
19,U08,12940.290355604435,cruise,109.22949770917272,23.054326162512854,283.321533203125,5098.268403854614,1,33.43969927619486,114.20267874698946,10.0,124.20267874698946,122.0,129.0,122.0,-2.202678746989463,0
19,U08,12950.290355604435,cruise,109.2287346985712,23.055478021541347,283.321533203125,5228.911471153201,1,38.754307962761914,114.42245061435125,10.0,124.42245061435125,122.0,129.0,122.0,-2.4224506143512485,0
19,U08,12955.98357363229,descend,109.2283003,23.0561338,283.321533203125,5303.747072896936,1,42.893873311705505,114.54588093604163,10.0,124.54588093604163,122.0,129.0,122.0,-2.545880936041627,0
19,U08,12965.98357363229,descend,109.2283003,23.0561338,263.321533203125,5303.27334312825,1,55.54924054334393,114.54510507923538,10.0,124.54510507923538,122.0,129.0,122.0,-2.545105079235384,0
19,U08,12975.98357363229,descend,109.2283003,23.0561338,243.321533203125,5302.875002355474,1,68.20460777498235,114.54445263805135,10.0,124.54445263805135,122.0,129.0,122.0,-2.5444526380513537,0
19,U08,12985.98357363229,descend,109.2283003,23.0561338,223.321533203125,5302.552067568827,1,80.85997500662077,114.54392366813822,10.0,124.54392366813822,122.0,129.0,122.0,-2.54392366813822,0
19,U08,12995.98357363229,descend,109.2283003,23.0561338,203.321533203125,5302.304552546027,1,93.5153422382592,114.54351821462777,10.0,124.54351821462777,122.0,129.0,122.0,-2.543518214627767,0
19,U08,13000.144340233852,handover,109.2283003,23.0561338,195.0,5302.223788467858,1,98.78094516905014,114.54338591117265,10.0,124.54338591117265,122.0,129.0,122.0,-2.543385911172649,0
19,U08,13010.144340233852,handover,109.2283003,23.0561338,195.0,5302.223788467858,1,98.78094516905014,114.54338591117265,10.0,124.54338591117265,122.0,129.0,122.0,-2.543385911172649,0
19,U08,13020.144340233852,handover,109.2283003,23.0561338,195.0,5302.223788467858,1,98.78094516905014,114.54338591117265,10.0,124.54338591117265,122.0,129.0,122.0,-2.543385911172649,0
19,U08,13030.144340233852,handover,109.2283003,23.0561338,195.0,5302.223788467858,1,98.78094516905014,114.54338591117265,10.0,124.54338591117265,122.0,129.0,122.0,-2.543385911172649,0
19,U08,13040.144340233852,handover,109.2283003,23.0561338,195.0,5302.223788467858,1,98.78094516905014,114.54338591117265,10.0,124.54338591117265,122.0,129.0,122.0,-2.543385911172649,0
19,U08,13050.144340233852,handover,109.2283003,23.0561338,195.0,5302.223788467858,1,98.78094516905014,114.54338591117265,10.0,124.54338591117265,122.0,129.0,122.0,-2.543385911172649,0
19,U08,13060.144340233852,handover,109.2283003,23.0561338,195.0,5302.223788467858,1,98.78094516905014,114.54338591117265,10.0,124.54338591117265,122.0,129.0,122.0,-2.543385911172649,0
19,U08,13070.144340233852,handover,109.2283003,23.0561338,195.0,5302.223788467858,1,98.78094516905014,114.54338591117265,10.0,124.54338591117265,122.0,129.0,122.0,-2.543385911172649,0
19,U08,13080.144340233852,handover,109.2283003,23.0561338,195.0,5302.223788467858,1,98.78094516905014,114.54338591117265,10.0,124.54338591117265,122.0,129.0,122.0,-2.543385911172649,0
19,U08,13090.144340233852,handover,109.2283003,23.0561338,195.0,5302.223788467858,1,98.78094516905014,114.54338591117265,10.0,124.54338591117265,122.0,129.0,122.0,-2.543385911172649,0
19,U08,13100.144340233852,handover,109.2283003,23.0561338,195.0,5302.223788467858,1,98.78094516905014,114.54338591117265,10.0,124.54338591117265,122.0,129.0,122.0,-2.543385911172649,0
19,U08,13110.144340233852,handover,109.2283003,23.0561338,195.0,5302.223788467858,1,98.78094516905014,114.54338591117265,10.0,124.54338591117265,122.0,129.0,122.0,-2.543385911172649,0
19,U08,13120.144340233852,handover,109.2283003,23.0561338,195.0,5302.223788467858,1,98.78094516905014,114.54338591117265,10.0,124.54338591117265,122.0,129.0,122.0,-2.543385911172649,0
19,U08,13130.144340233852,handover,109.2283003,23.0561338,195.0,5302.223788467858,1,98.78094516905014,114.54338591117265,10.0,124.54338591117265,122.0,129.0,122.0,-2.543385911172649,0
19,U08,13140.144340233852,handover,109.2283003,23.0561338,195.0,5302.223788467858,1,98.78094516905014,114.54338591117265,10.0,124.54338591117265,122.0,129.0,122.0,-2.543385911172649,0
19,U08,13150.144340233852,handover,109.2283003,23.0561338,195.0,5302.223788467858,1,98.78094516905014,114.54338591117265,10.0,124.54338591117265,122.0,129.0,122.0,-2.543385911172649,0
19,U08,13160.144340233852,handover,109.2283003,23.0561338,195.0,5302.223788467858,1,98.78094516905014,114.54338591117265,10.0,124.54338591117265,122.0,129.0,122.0,-2.543385911172649,0
19,U08,13170.144340233852,handover,109.2283003,23.0561338,195.0,5302.223788467858,1,98.78094516905014,114.54338591117265,10.0,124.54338591117265,122.0,129.0,122.0,-2.543385911172649,0
19,U08,13180.144340233852,handover,109.2283003,23.0561338,195.0,5302.223788467858,1,98.78094516905014,114.54338591117265,10.0,124.54338591117265,122.0,129.0,122.0,-2.543385911172649,0
19,U08,13190.144340233852,handover,109.2283003,23.0561338,195.0,5302.223788467858,1,98.78094516905014,114.54338591117265,10.0,124.54338591117265,122.0,129.0,122.0,-2.543385911172649,0
19,U08,13200.144340233852,handover,109.2283003,23.0561338,195.0,5302.223788467858,1,98.78094516905014,114.54338591117265,10.0,124.54338591117265,122.0,129.0,122.0,-2.543385911172649,0
19,U08,13210.144340233852,handover,109.2283003,23.0561338,195.0,5302.223788467858,1,98.78094516905014,114.54338591117265,10.0,124.54338591117265,122.0,129.0,122.0,-2.543385911172649,0
19,U08,13220.144340233852,handover,109.2283003,23.0561338,195.0,5302.223788467858,1,98.78094516905014,114.54338591117265,10.0,124.54338591117265,122.0,129.0,122.0,-2.543385911172649,0
19,U08,13230.144340233852,handover,109.2283003,23.0561338,195.0,5302.223788467858,1,98.78094516905014,114.54338591117265,10.0,124.54338591117265,122.0,129.0,122.0,-2.543385911172649,0
19,U08,13240.144340233852,handover,109.2283003,23.0561338,195.0,5302.223788467858,1,98.78094516905014,114.54338591117265,10.0,124.54338591117265,122.0,129.0,122.0,-2.543385911172649,0
19,U08,13250.144340233852,handover,109.2283003,23.0561338,195.0,5302.223788467858,1,98.78094516905014,114.54338591117265,10.0,124.54338591117265,122.0,129.0,122.0,-2.543385911172649,0
19,U08,13260.144340233852,handover,109.2283003,23.0561338,195.0,5302.223788467858,1,98.78094516905014,114.54338591117265,10.0,124.54338591117265,122.0,129.0,122.0,-2.543385911172649,0
19,U08,13270.144340233852,handover,109.2283003,23.0561338,195.0,5302.223788467858,1,98.78094516905014,114.54338591117265,10.0,124.54338591117265,122.0,129.0,122.0,-2.543385911172649,0
19,U08,13280.144340233852,handover,109.2283003,23.0561338,195.0,5302.223788467858,1,98.78094516905014,114.54338591117265,10.0,124.54338591117265,122.0,129.0,122.0,-2.543385911172649,0
19,U08,13288.144340233852,climb,109.2283003,23.0561338,195.0,5302.223788467858,1,98.78094516905014,114.54338591117265,10.0,124.54338591117265,122.0,129.0,122.0,-2.543385911172649,0
19,U08,13298.144340233852,climb,109.2283003,23.0561338,220.0,5302.505738138758,1,82.96173612950213,114.54384777749736,10.0,124.54384777749736,122.0,129.0,122.0,-2.543847777497362,0
19,U08,13308.144340233852,climb,109.2283003,23.0561338,245.0,5302.905534043997,1,67.14252708995411,114.54450264754874,10.0,124.54450264754874,122.0,129.0,122.0,-2.5445026475487396,0
19,U08,13314.295866112758,cruise,109.2283003,23.0561338,260.3788146972656,5303.210002279377,1,57.41129971089336,114.5450013367215,10.0,124.5450013367215,122.0,129.0,122.0,-2.545001336721498,0
19,U08,13324.295866112758,cruise,109.22837248202103,23.054786454141155,260.3788146972656,5153.244912650235,1,55.33863724109739,114.29584049806637,10.0,124.29584049806637,122.0,129.0,122.0,-2.2958404980663687,0
19,U08,13334.295866112758,cruise,109.22844466404207,23.05343910828231,260.3788146972656,5003.281908640388,1,53.14186324616392,114.03932430992019,10.0,124.03932430992019,122.0,129.0,122.0,-2.0393243099201896,0
19,U08,13344.295866112758,cruise,109.2285168460631,23.052091762423462,260.3788146972656,4853.321183918326,1,50.80948591820987,113.77500549584695,10.0,123.77500549584695,122.0,129.0,122.0,-1.7750054958469548,0
19,U08,13354.295866112758,cruise,109.22858902808413,23.05074441656462,260.3788146972656,4703.362956850092,1,48.32854952478107,113.50239472203857,10.0,123.50239472203857,122.0,129.0,122.0,-1.5023947220385736,0
19,U08,13364.295866112758,cruise,109.22866121010516,23.049397070705773,260.3788146972656,4553.407474561611,1,45.68439363178453,113.22095515660644,10.0,123.22095515660644,122.0,129.0,122.0,-1.2209551566064363,0
19,U08,13374.295866112758,cruise,109.2287333921262,23.048049724846926,260.3788146972656,4403.455017837624,1,42.86036318824404,112.9300961201925,10.0,122.9300961201925,122.0,129.0,122.0,-0.930096120192502,0
19,U08,13384.295866112758,cruise,109.22880557414723,23.04670237898808,260.3788146972656,4253.505907052673,1,39.83745736135563,112.62916563958068,10.0,122.62916563958068,122.0,129.0,122.0,-0.6291656395806768,0
19,U08,13394.295866112758,cruise,109.22887775616826,23.045355033129233,260.3788146972656,4103.560509399694,1,36.593901474110396,112.31744166888441,10.0,122.31744166888441,122.0,129.0,122.0,-0.3174416688844133,0
19,U08,13404.295866112758,cruise,109.22894993818929,23.044007687270387,260.3788146972656,3953.6192477667196,1,33.10462165601325,111.99412168180726,10.0,121.99412168180726,122.0,129.0,122.0,0.005878318192742427,1
19,U08,13414.295866112758,cruise,109.22902212021033,23.04266034141154,260.3788146972656,3803.6826117112028,1,29.340595395546273,111.65831025856629,10.0,121.65831025856629,122.0,129.0,122.0,0.34168974143371145,1
19,U08,13424.295866112758,cruise,109.22909430223136,23.041312995552698,260.3788146972656,3653.7511711321918,1,25.26804239241804,111.30900418561953,10.0,121.30900418561953,122.0,129.0,122.0,0.6909958143804715,1
19,U08,13434.295866112758,cruise,109.22916648425239,23.03996564969385,260.3788146972656,3503.825593451593,1,20.847407936030976,110.94507444575878,10.0,120.94507444575878,122.0,129.0,122.0,1.0549255542412226,1
19,U08,13444.295866112758,cruise,109.22923866627342,23.038618303835005,260.3788146972656,3353.9066654049016,1,9.049212700980036,110.56524428667204,10.0,120.56524428667204,122.0,129.0,122.0,1.4347557133279594,1
19,U08,13454.295866112758,cruise,109.22931084829446,23.03727095797616,260.3788146972656,3203.995320936543,1,1.0557163987204206,110.16806229775125,10.0,120.16806229775125,122.0,129.0,122.0,1.8319377022487515,1
19,U08,13464.295866112758,cruise,109.22938303031549,23.035923612117312,260.3788146972656,3054.0926773126694,0,-2.865430794510189,109.75186906843582,0.0,109.75186906843582,122.0,129.0,122.0,12.248130931564177,1
19,U08,13474.295866112758,cruise,109.22945521233652,23.034576266258465,260.3788146972656,2904.200082400414,0,-4.545249388389976,109.31475550240404,0.0,109.31475550240404,122.0,129.0,122.0,12.68524449759596,1
19,U08,13484.295866112758,cruise,109.22952739435756,23.03322892039962,260.3788146972656,2754.3191773748636,0,-6.407656959865392,108.85451015352676,0.0,108.85451015352676,122.0,129.0,122.0,13.14548984647324,1
19,U08,13494.295866112758,cruise,109.22959957637859,23.031881574540776,260.3788146972656,2604.4519810542306,0,-8.484134367142588,108.36855192711903,0.0,108.36855192711903,122.0,129.0,122.0,13.631448072880971,1
19,U08,13504.295866112758,cruise,109.22967175839962,23.03053422868193,260.3788146972656,2454.6010050861314,0,-10.813840726526763,107.85384298848675,0.0,107.85384298848675,122.0,129.0,122.0,14.146157011513253,1
19,U08,13514.295866112758,cruise,109.22974394042065,23.029186882823083,260.3788146972656,2304.769414016742,0,-13.446106353363405,107.30677447230775,0.0,107.30677447230775,122.0,129.0,122.0,14.693225527692249,1
19,U08,13524.295866112758,cruise,109.22981612244169,23.027839536964237,260.3788146972656,2154.961252028905,0,-15.956169552273195,106.72301414615022,0.0,106.72301414615022,122.0,129.0,122.0,15.27698585384978,1
19,U08,13534.295866112758,cruise,109.22988830446272,23.02649219110539,260.3788146972656,2005.181771141761,0,-16.77369826587278,106.09729979106831,0.0,106.09729979106831,122.0,129.0,122.0,15.902700208931691,1
19,U08,13544.295866112758,cruise,109.22996048648375,23.025144845246544,260.3788146972656,1855.4379180610067,0,-17.218718153430558,105.42315338766849,0.0,105.42315338766849,122.0,129.0,122.0,16.576846612331508,1
19,U08,13554.295866112758,cruise,109.23003266850478,23.023797499387697,260.3788146972656,1705.7390768813395,0,-17.457849763569072,104.69247681122381,0.0,104.69247681122381,122.0,129.0,122.0,17.307523188776187,1
19,U08,13564.295866112758,cruise,109.23010485052582,23.022450153528855,260.3788146972656,1556.0982393332297,0,-17.74296822181114,103.89496506074441,0.0,103.89496506074441,122.0,129.0,122.0,18.10503493925559,1
19,U08,13574.295866112758,cruise,109.23017703254685,23.021102807670008,260.3788146972656,1406.533919682139,0,-18.08875018180683,103.01722903390674,0.0,103.01722903390674,122.0,129.0,122.0,18.982770966093256,1
19,U08,13584.295866112758,cruise,109.23024921456788,23.01975546181116,260.3788146972656,1257.0734314099664,0,-18.23666592552547,102.04143778532094,0.0,102.04143778532094,122.0,129.0,122.0,19.958562214679063,1
19,U08,13594.295866112758,cruise,109.2303213965889,23.018408115952315,260.3788146972656,1107.7588040491567,0,-18.417938149941904,100.94312904075417,0.0,100.94312904075417,122.0,129.0,122.0,21.056870959245828,1
19,U08,13604.295866112758,cruise,109.23039357860995,23.01706077009347,260.3788146972656,958.6581968889564,0,-18.655857944488503,99.68750063426498,0.0,99.68750063426498,122.0,129.0,122.0,22.31249936573502,1
19,U08,13614.295866112758,cruise,109.23046576063098,23.015713424234622,260.3788146972656,809.8898238478199,0,-18.981896181459774,98.22274367725137,0.0,98.22274367725137,122.0,129.0,122.0,23.777256322748627,1
19,U08,13624.295866112758,cruise,109.230537942652,23.014366078375776,260.3788146972656,661.6778189939731,0,-19.45613361705432,96.46715636041276,0.0,96.46715636041276,122.0,129.0,122.0,25.53284363958724,1
19,U08,13634.295866112758,cruise,109.23061012467305,23.013018732516933,260.3788146972656,514.5032262898977,0,-20.209334250057452,94.28198688288751,0.0,94.28198688288751,122.0,129.0,122.0,27.71801311711249,1
19,U08,13644.295866112758,cruise,109.23068230669408,23.011671386658087,260.3788146972656,369.60740142176496,0,-21.590202077229804,91.40903802266354,0.0,91.40903802266354,122.0,129.0,122.0,30.590961977336462,1
19,U08,13654.295866112758,cruise,109.2307544887151,23.01032404079924,260.3788146972656,231.31304197655717,0,-24.943738228934137,87.33822723445837,0.0,87.33822723445837,122.0,129.0,122.0,34.66177276554163,1
19,U08,13664.295866112758,cruise,109.23082667073614,23.008976694940394,260.3788146972656,124.10418905639025,0,-45.06495513916013,81.92995365572483,0.0,81.92995365572483,122.0,129.0,122.0,40.07004634427517,1
19,U08,13667.763386625977,descend,109.2308517,23.0085095,260.3788146972656,112.67881469726564,0,0.0,81.0910702314716,0.0,81.0910702314716,122.0,129.0,122.0,40.908929768528395,1
19,U08,13677.763386625977,descend,109.2308517,23.0085095,240.37881469726562,92.67881469726564,0,0.0,79.39383425033091,0.0,79.39383425033091,122.0,129.0,122.0,42.60616574966909,1
19,U08,13687.763386625977,descend,109.2308517,23.0085095,220.37881469726562,72.67881469726564,0,0.0,77.28238155185174,0.0,77.28238155185174,122.0,129.0,122.0,44.71761844814826,1
19,U08,13697.763386625977,descend,109.2308517,23.0085095,200.37881469726562,52.678814697265636,0,0.0,74.48694472486068,0.0,74.48694472486068,122.0,129.0,122.0,47.51305527513932,1
19,U08,13707.763386625977,descend,109.2308517,23.0085095,180.37881469726562,32.678814697265636,0,0.0,70.33955074873924,0.0,70.33955074873924,122.0,129.0,122.0,51.66044925126076,1
19,U08,13717.763386625977,descend,109.2308517,23.0085095,160.37881469726562,12.678814697265636,0,0.0,62.11579792644244,0.0,62.11579792644244,122.0,129.0,122.0,59.88420207355756,1
19,U08,13727.763386625977,descend,109.2308517,23.0085095,140.37881469726562,7.321185302734364,0,0.0,57.34585281814286,0.0,57.34585281814286,122.0,129.0,122.0,64.65414718185714,1
19,U08,13734.102793974609,descend,109.2308517,23.0085095,127.69999999999999,20.0,0,0.0,66.07482474751174,0.0,66.07482474751174,122.0,129.0,122.0,55.92517525248826,1
