flight_id,uav_id,time,x,y,z,phase,node
1,U01,0.0,109.2308517,23.0085095,127.7,setup,O01
1,U01,10.0,109.2308517,23.0085095,127.7,setup,O01
1,U01,20.0,109.2308517,23.0085095,127.7,setup,O01
1,U01,30.0,109.2308517,23.0085095,127.7,setup,O01
1,U01,40.0,109.2308517,23.0085095,127.7,setup,O01
1,U01,50.0,109.2308517,23.0085095,127.7,setup,O01
1,U01,60.0,109.2308517,23.0085095,127.7,setup,O01
1,U01,70.0,109.2308517,23.0085095,127.7,setup,O01
1,U01,80.0,109.2308517,23.0085095,127.7,setup,O01
1,U01,90.0,109.2308517,23.0085095,127.7,setup,O01
1,U01,100.0,109.2308517,23.0085095,127.7,setup,O01
1,U01,110.0,109.2308517,23.0085095,127.7,setup,O01
1,U01,120.0,109.2308517,23.0085095,127.7,setup,O01
1,U01,130.0,109.2308517,23.0085095,127.7,setup,O01
1,U01,140.0,109.2308517,23.0085095,127.7,setup,O01
1,U01,150.0,109.2308517,23.0085095,127.7,setup,O01
1,U01,160.0,109.2308517,23.0085095,127.7,setup,O01
1,U01,170.0,109.2308517,23.0085095,127.7,setup,O01
1,U01,180.0,109.2308517,23.0085095,127.7,setup,O01
1,U01,190.0,109.2308517,23.0085095,127.7,setup,O01
1,U01,200.0,109.2308517,23.0085095,127.7,setup,O01
1,U01,210.0,109.2308517,23.0085095,127.7,setup,O01
1,U01,220.0,109.2308517,23.0085095,127.7,setup,O01
1,U01,230.0,109.2308517,23.0085095,127.7,setup,O01
1,U01,240.0,109.2308517,23.0085095,127.7,setup,O01
1,U01,250.0,109.2308517,23.0085095,127.7,setup,O01
1,U01,260.0,109.2308517,23.0085095,127.7,setup,O01
1,U01,270.0,109.2308517,23.0085095,127.7,setup,O01
1,U01,280.0,109.2308517,23.0085095,127.7,setup,O01
1,U01,290.0,109.2308517,23.0085095,127.7,setup,O01
1,U01,300.0,109.2308517,23.0085095,127.7,setup,O01
1,U01,310.0,109.2308517,23.0085095,127.7,setup,O01
1,U01,320.0,109.2308517,23.0085095,127.7,setup,O01
1,U01,330.0,109.2308517,23.0085095,127.7,climb,O01
1,U01,340.0,109.2308517,23.0085095,157.7,climb,O01
1,U01,350.0,109.2308517,23.0085095,187.7,climb,O01
1,U01,360.0,109.2308517,23.0085095,217.70000000000002,climb,O01
1,U01,370.0,109.2308517,23.0085095,247.7,climb,O01
1,U01,380.0,109.2308517,23.0085095,277.7,climb,O01
1,U01,381.3276306152344,109.2308517,23.0085095,281.6828918457031,cruise,
1,U01,391.3276306152344,109.2313366580725,23.009492060889468,281.6828918457031,cruise,
1,U01,401.3276306152344,109.23182161614497,23.010474621778936,281.6828918457031,cruise,
1,U01,411.3276306152344,109.23230657421746,23.011457182668405,281.6828918457031,cruise,
1,U01,421.3276306152344,109.23279153228995,23.012439743557874,281.6828918457031,cruise,
1,U01,431.3276306152344,109.23327649036244,23.013422304447342,281.6828918457031,cruise,
1,U01,441.3276306152344,109.23376144843492,23.01440486533681,281.6828918457031,cruise,
1,U01,451.3276306152344,109.23424640650741,23.01538742622628,281.6828918457031,cruise,
1,U01,461.3276306152344,109.2347313645799,23.01636998711575,281.6828918457031,cruise,
1,U01,471.3276306152344,109.23521632265238,23.017352548005217,281.6828918457031,cruise,
1,U01,481.3276306152344,109.23570128072487,23.018335108894686,281.6828918457031,cruise,
1,U01,491.3276306152344,109.23618623879736,23.019317669784154,281.6828918457031,cruise,
1,U01,501.3276306152344,109.23667119686984,23.020300230673623,281.6828918457031,cruise,
1,U01,511.3276306152344,109.23715615494233,23.02128279156309,281.6828918457031,cruise,
1,U01,521.3276306152344,109.23764111301482,23.02226535245256,281.6828918457031,cruise,
1,U01,531.3276306152344,109.23812607108731,23.02324791334203,281.6828918457031,cruise,
1,U01,541.3276306152344,109.23861102915978,23.024230474231498,281.6828918457031,cruise,
1,U01,551.3276306152344,109.23909598723228,23.025213035120967,281.6828918457031,cruise,
1,U01,561.3276306152344,109.23958094530477,23.026195596010435,281.6828918457031,cruise,
1,U01,571.3276306152344,109.24006590337724,23.027178156899904,281.6828918457031,cruise,
1,U01,581.3276306152344,109.24055086144973,23.028160717789373,281.6828918457031,cruise,
1,U01,591.3276306152344,109.24103581952222,23.02914327867884,281.6828918457031,cruise,
1,U01,601.3276306152344,109.2415207775947,23.03012583956831,281.6828918457031,cruise,
1,U01,611.3276306152344,109.24200573566719,23.03110840045778,281.6828918457031,cruise,
1,U01,621.3276306152344,109.24249069373968,23.03209096134725,281.6828918457031,cruise,
1,U01,631.3276306152344,109.24297565181217,23.03307352223672,281.6828918457031,cruise,
1,U01,636.6115551928008,109.2432319,23.0335927,281.6828918457031,descend,S001
1,U01,646.6115551928008,109.2432319,23.0335927,256.6828918457031,descend,S001
1,U01,656.6115551928008,109.2432319,23.0335927,231.68289184570312,descend,S001
1,U01,666.6115551928008,109.2432319,23.0335927,206.68289184570312,descend,S001
1,U01,675.684711931082,109.2432319,23.0335927,184.0,handover,S001
1,U01,685.684711931082,109.2432319,23.0335927,184.0,handover,S001
1,U01,695.684711931082,109.2432319,23.0335927,184.0,handover,S001
1,U01,705.684711931082,109.2432319,23.0335927,184.0,handover,S001
1,U01,715.684711931082,109.2432319,23.0335927,184.0,handover,S001
1,U01,725.684711931082,109.2432319,23.0335927,184.0,handover,S001
1,U01,735.684711931082,109.2432319,23.0335927,184.0,handover,S001
1,U01,745.684711931082,109.2432319,23.0335927,184.0,handover,S001
1,U01,755.684711931082,109.2432319,23.0335927,184.0,handover,S001
1,U01,765.684711931082,109.2432319,23.0335927,184.0,handover,S001
1,U01,775.684711931082,109.2432319,23.0335927,184.0,handover,S001
1,U01,785.684711931082,109.2432319,23.0335927,184.0,handover,S001
1,U01,795.684711931082,109.2432319,23.0335927,184.0,handover,S001
1,U01,805.684711931082,109.2432319,23.0335927,184.0,handover,S001
1,U01,815.684711931082,109.2432319,23.0335927,184.0,handover,S001
1,U01,825.684711931082,109.2432319,23.0335927,184.0,handover,S001
1,U01,835.684711931082,109.2432319,23.0335927,184.0,handover,S001
1,U01,845.684711931082,109.2432319,23.0335927,184.0,handover,S001
1,U01,855.684711931082,109.2432319,23.0335927,184.0,climb,S001
1,U01,865.684711931082,109.2432319,23.0335927,214.0,climb,S001
1,U01,875.684711931082,109.2432319,23.0335927,244.0,climb,S001
1,U01,876.6032859463814,109.2432319,23.0335927,246.75572204589844,cruise,
1,U01,886.6032859463814,109.2427469419275,23.03261013911053,246.75572204589844,cruise,
1,U01,896.6032859463814,109.24226198385503,23.031627578221062,246.75572204589844,cruise,
1,U01,906.6032859463814,109.24177702578254,23.030645017331594,246.75572204589844,cruise,
1,U01,916.6032859463814,109.24129206771005,23.029662456442125,246.75572204589844,cruise,
1,U01,926.6032859463814,109.24080710963756,23.028679895552656,246.75572204589844,cruise,
1,U01,936.6032859463814,109.24032215156508,23.027697334663188,246.75572204589844,cruise,
1,U01,946.6032859463814,109.23983719349259,23.02671477377372,246.75572204589844,cruise,
1,U01,956.6032859463814,109.2393522354201,23.02573221288425,246.75572204589844,cruise,
1,U01,966.6032859463814,109.23886727734762,23.02474965199478,246.75572204589844,cruise,
1,U01,976.6032859463814,109.23838231927513,23.023767091105313,246.75572204589844,cruise,
1,U01,986.6032859463814,109.23789736120264,23.022784530215844,246.75572204589844,cruise,
1,U01,996.6032859463814,109.23741240313016,23.021801969326376,246.75572204589844,cruise,
1,U01,1006.6032859463814,109.23692744505767,23.020819408436907,246.75572204589844,cruise,
1,U01,1016.6032859463814,109.23644248698518,23.019836847547438,246.75572204589844,cruise,
1,U01,1026.6032859463814,109.23595752891269,23.01885428665797,246.75572204589844,cruise,
1,U01,1036.6032859463814,109.23547257084022,23.0178717257685,246.75572204589844,cruise,
1,U01,1046.6032859463814,109.23498761276772,23.016889164879032,246.75572204589844,cruise,
1,U01,1056.6032859463814,109.23450265469523,23.015906603989563,246.75572204589844,cruise,
1,U01,1066.6032859463814,109.23401769662276,23.014924043100095,246.75572204589844,cruise,
1,U01,1076.6032859463814,109.23353273855027,23.013941482210626,246.75572204589844,cruise,
1,U01,1086.6032859463814,109.23304778047778,23.012958921321157,246.75572204589844,cruise,
1,U01,1096.6032859463814,109.2325628224053,23.01197636043169,246.75572204589844,cruise,
1,U01,1106.6032859463814,109.23207786433281,23.01099379954222,246.75572204589844,cruise,
1,U01,1116.6032859463814,109.23159290626032,23.010011238652748,246.75572204589844,cruise,
1,U01,1126.6032859463814,109.23110794818783,23.00902867776328,246.75572204589844,cruise,
1,U01,1131.887210523948,109.2308517,23.0085095,246.75572204589844,descend,O01
1,U01,1141.887210523948,109.2308517,23.0085095,221.75572204589844,descend,O01
1,U01,1151.887210523948,109.2308517,23.0085095,196.75572204589844,descend,O01
1,U01,1161.887210523948,109.2308517,23.0085095,171.75572204589844,descend,O01
1,U01,1171.887210523948,109.2308517,23.0085095,146.75572204589844,descend,O01
1,U01,1179.5094993423072,109.2308517,23.0085095,127.7,descend,O01
2,U02,0.0,109.2308517,23.0085095,127.7,setup,O01
2,U02,10.0,109.2308517,23.0085095,127.7,setup,O01
2,U02,20.0,109.2308517,23.0085095,127.7,setup,O01
2,U02,30.0,109.2308517,23.0085095,127.7,setup,O01
2,U02,40.0,109.2308517,23.0085095,127.7,setup,O01
2,U02,50.0,109.2308517,23.0085095,127.7,setup,O01
2,U02,60.0,109.2308517,23.0085095,127.7,setup,O01
2,U02,70.0,109.2308517,23.0085095,127.7,setup,O01
2,U02,80.0,109.2308517,23.0085095,127.7,setup,O01
2,U02,90.0,109.2308517,23.0085095,127.7,setup,O01
2,U02,100.0,109.2308517,23.0085095,127.7,setup,O01
2,U02,110.0,109.2308517,23.0085095,127.7,setup,O01
2,U02,120.0,109.2308517,23.0085095,127.7,setup,O01
2,U02,130.0,109.2308517,23.0085095,127.7,setup,O01
2,U02,140.0,109.2308517,23.0085095,127.7,setup,O01
2,U02,150.0,109.2308517,23.0085095,127.7,setup,O01
2,U02,160.0,109.2308517,23.0085095,127.7,setup,O01
2,U02,170.0,109.2308517,23.0085095,127.7,setup,O01
2,U02,180.0,109.2308517,23.0085095,127.7,setup,O01
2,U02,190.0,109.2308517,23.0085095,127.7,setup,O01
2,U02,200.0,109.2308517,23.0085095,127.7,setup,O01
2,U02,210.0,109.2308517,23.0085095,127.7,setup,O01
2,U02,220.0,109.2308517,23.0085095,127.7,setup,O01
2,U02,230.0,109.2308517,23.0085095,127.7,setup,O01
2,U02,240.0,109.2308517,23.0085095,127.7,setup,O01
2,U02,250.0,109.2308517,23.0085095,127.7,setup,O01
2,U02,260.0,109.2308517,23.0085095,127.7,setup,O01
2,U02,270.0,109.2308517,23.0085095,127.7,setup,O01
2,U02,280.0,109.2308517,23.0085095,127.7,setup,O01
2,U02,290.0,109.2308517,23.0085095,127.7,setup,O01
2,U02,300.0,109.2308517,23.0085095,127.7,setup,O01
2,U02,310.0,109.2308517,23.0085095,127.7,setup,O01
2,U02,320.0,109.2308517,23.0085095,127.7,setup,O01
2,U02,330.0,109.2308517,23.0085095,127.7,climb,O01
2,U02,340.0,109.2308517,23.0085095,157.7,climb,O01
2,U02,350.0,109.2308517,23.0085095,187.7,climb,O01
2,U02,360.0,109.2308517,23.0085095,217.70000000000002,climb,O01
2,U02,370.0,109.2308517,23.0085095,247.7,climb,O01
2,U02,380.0,109.2308517,23.0085095,277.7,climb,O01
2,U02,381.3276306152344,109.2308517,23.0085095,281.6828918457031,cruise,
2,U02,391.3276306152344,109.2313366580725,23.009492060889468,281.6828918457031,cruise,
2,U02,401.3276306152344,109.23182161614497,23.010474621778936,281.6828918457031,cruise,
2,U02,411.3276306152344,109.23230657421746,23.011457182668405,281.6828918457031,cruise,
2,U02,421.3276306152344,109.23279153228995,23.012439743557874,281.6828918457031,cruise,
2,U02,431.3276306152344,109.23327649036244,23.013422304447342,281.6828918457031,cruise,
2,U02,441.3276306152344,109.23376144843492,23.01440486533681,281.6828918457031,cruise,
2,U02,451.3276306152344,109.23424640650741,23.01538742622628,281.6828918457031,cruise,
2,U02,461.3276306152344,109.2347313645799,23.01636998711575,281.6828918457031,cruise,
2,U02,471.3276306152344,109.23521632265238,23.017352548005217,281.6828918457031,cruise,
2,U02,481.3276306152344,109.23570128072487,23.018335108894686,281.6828918457031,cruise,
2,U02,491.3276306152344,109.23618623879736,23.019317669784154,281.6828918457031,cruise,
2,U02,501.3276306152344,109.23667119686984,23.020300230673623,281.6828918457031,cruise,
2,U02,511.3276306152344,109.23715615494233,23.02128279156309,281.6828918457031,cruise,
2,U02,521.3276306152344,109.23764111301482,23.02226535245256,281.6828918457031,cruise,
2,U02,531.3276306152344,109.23812607108731,23.02324791334203,281.6828918457031,cruise,
2,U02,541.3276306152344,109.23861102915978,23.024230474231498,281.6828918457031,cruise,
2,U02,551.3276306152344,109.23909598723228,23.025213035120967,281.6828918457031,cruise,
2,U02,561.3276306152344,109.23958094530477,23.026195596010435,281.6828918457031,cruise,
2,U02,571.3276306152344,109.24006590337724,23.027178156899904,281.6828918457031,cruise,
2,U02,581.3276306152344,109.24055086144973,23.028160717789373,281.6828918457031,cruise,
2,U02,591.3276306152344,109.24103581952222,23.02914327867884,281.6828918457031,cruise,
2,U02,601.3276306152344,109.2415207775947,23.03012583956831,281.6828918457031,cruise,
2,U02,611.3276306152344,109.24200573566719,23.03110840045778,281.6828918457031,cruise,
2,U02,621.3276306152344,109.24249069373968,23.03209096134725,281.6828918457031,cruise,
2,U02,631.3276306152344,109.24297565181217,23.03307352223672,281.6828918457031,cruise,
2,U02,636.6115551928008,109.2432319,23.0335927,281.6828918457031,descend,S001
2,U02,646.6115551928008,109.2432319,23.0335927,256.6828918457031,descend,S001
2,U02,656.6115551928008,109.2432319,23.0335927,231.68289184570312,descend,S001
2,U02,666.6115551928008,109.2432319,23.0335927,206.68289184570312,descend,S001
2,U02,675.684711931082,109.2432319,23.0335927,184.0,handover,S001
2,U02,685.684711931082,109.2432319,23.0335927,184.0,handover,S001
2,U02,695.684711931082,109.2432319,23.0335927,184.0,handover,S001
2,U02,705.684711931082,109.2432319,23.0335927,184.0,handover,S001
2,U02,715.684711931082,109.2432319,23.0335927,184.0,handover,S001
2,U02,725.684711931082,109.2432319,23.0335927,184.0,handover,S001
2,U02,735.684711931082,109.2432319,23.0335927,184.0,handover,S001
2,U02,745.684711931082,109.2432319,23.0335927,184.0,handover,S001
2,U02,755.684711931082,109.2432319,23.0335927,184.0,handover,S001
2,U02,765.684711931082,109.2432319,23.0335927,184.0,handover,S001
2,U02,775.684711931082,109.2432319,23.0335927,184.0,handover,S001
2,U02,785.684711931082,109.2432319,23.0335927,184.0,handover,S001
2,U02,795.684711931082,109.2432319,23.0335927,184.0,handover,S001
2,U02,805.684711931082,109.2432319,23.0335927,184.0,handover,S001
2,U02,815.684711931082,109.2432319,23.0335927,184.0,handover,S001
2,U02,825.684711931082,109.2432319,23.0335927,184.0,handover,S001
2,U02,835.684711931082,109.2432319,23.0335927,184.0,handover,S001
2,U02,845.684711931082,109.2432319,23.0335927,184.0,handover,S001
2,U02,855.684711931082,109.2432319,23.0335927,184.0,climb,S001
2,U02,865.684711931082,109.2432319,23.0335927,214.0,climb,S001
2,U02,875.684711931082,109.2432319,23.0335927,244.0,climb,S001
2,U02,876.6032859463814,109.2432319,23.0335927,246.75572204589844,cruise,
2,U02,886.6032859463814,109.2427469419275,23.03261013911053,246.75572204589844,cruise,
2,U02,896.6032859463814,109.24226198385503,23.031627578221062,246.75572204589844,cruise,
2,U02,906.6032859463814,109.24177702578254,23.030645017331594,246.75572204589844,cruise,
2,U02,916.6032859463814,109.24129206771005,23.029662456442125,246.75572204589844,cruise,
2,U02,926.6032859463814,109.24080710963756,23.028679895552656,246.75572204589844,cruise,
2,U02,936.6032859463814,109.24032215156508,23.027697334663188,246.75572204589844,cruise,
2,U02,946.6032859463814,109.23983719349259,23.02671477377372,246.75572204589844,cruise,
2,U02,956.6032859463814,109.2393522354201,23.02573221288425,246.75572204589844,cruise,
2,U02,966.6032859463814,109.23886727734762,23.02474965199478,246.75572204589844,cruise,
2,U02,976.6032859463814,109.23838231927513,23.023767091105313,246.75572204589844,cruise,
2,U02,986.6032859463814,109.23789736120264,23.022784530215844,246.75572204589844,cruise,
2,U02,996.6032859463814,109.23741240313016,23.021801969326376,246.75572204589844,cruise,
2,U02,1006.6032859463814,109.23692744505767,23.020819408436907,246.75572204589844,cruise,
2,U02,1016.6032859463814,109.23644248698518,23.019836847547438,246.75572204589844,cruise,
2,U02,1026.6032859463814,109.23595752891269,23.01885428665797,246.75572204589844,cruise,
2,U02,1036.6032859463814,109.23547257084022,23.0178717257685,246.75572204589844,cruise,
2,U02,1046.6032859463814,109.23498761276772,23.016889164879032,246.75572204589844,cruise,
2,U02,1056.6032859463814,109.23450265469523,23.015906603989563,246.75572204589844,cruise,
2,U02,1066.6032859463814,109.23401769662276,23.014924043100095,246.75572204589844,cruise,
2,U02,1076.6032859463814,109.23353273855027,23.013941482210626,246.75572204589844,cruise,
2,U02,1086.6032859463814,109.23304778047778,23.012958921321157,246.75572204589844,cruise,
2,U02,1096.6032859463814,109.2325628224053,23.01197636043169,246.75572204589844,cruise,
2,U02,1106.6032859463814,109.23207786433281,23.01099379954222,246.75572204589844,cruise,
2,U02,1116.6032859463814,109.23159290626032,23.010011238652748,246.75572204589844,cruise,
2,U02,1126.6032859463814,109.23110794818783,23.00902867776328,246.75572204589844,cruise,
2,U02,1131.887210523948,109.2308517,23.0085095,246.75572204589844,descend,O01
2,U02,1141.887210523948,109.2308517,23.0085095,221.75572204589844,descend,O01
2,U02,1151.887210523948,109.2308517,23.0085095,196.75572204589844,descend,O01
2,U02,1161.887210523948,109.2308517,23.0085095,171.75572204589844,descend,O01
2,U02,1171.887210523948,109.2308517,23.0085095,146.75572204589844,descend,O01
2,U02,1179.5094993423072,109.2308517,23.0085095,127.7,descend,O01
3,U03,0.0,109.2308517,23.0085095,127.7,setup,O01
3,U03,10.0,109.2308517,23.0085095,127.7,setup,O01
3,U03,20.0,109.2308517,23.0085095,127.7,setup,O01
3,U03,30.0,109.2308517,23.0085095,127.7,setup,O01
3,U03,40.0,109.2308517,23.0085095,127.7,setup,O01
3,U03,50.0,109.2308517,23.0085095,127.7,setup,O01
3,U03,60.0,109.2308517,23.0085095,127.7,setup,O01
3,U03,70.0,109.2308517,23.0085095,127.7,setup,O01
3,U03,80.0,109.2308517,23.0085095,127.7,setup,O01
3,U03,90.0,109.2308517,23.0085095,127.7,setup,O01
3,U03,100.0,109.2308517,23.0085095,127.7,setup,O01
3,U03,110.0,109.2308517,23.0085095,127.7,setup,O01
3,U03,120.0,109.2308517,23.0085095,127.7,setup,O01
3,U03,130.0,109.2308517,23.0085095,127.7,setup,O01
3,U03,140.0,109.2308517,23.0085095,127.7,setup,O01
3,U03,150.0,109.2308517,23.0085095,127.7,setup,O01
3,U03,160.0,109.2308517,23.0085095,127.7,setup,O01
3,U03,170.0,109.2308517,23.0085095,127.7,setup,O01
3,U03,180.0,109.2308517,23.0085095,127.7,setup,O01
3,U03,190.0,109.2308517,23.0085095,127.7,setup,O01
3,U03,200.0,109.2308517,23.0085095,127.7,setup,O01
3,U03,210.0,109.2308517,23.0085095,127.7,setup,O01
3,U03,220.0,109.2308517,23.0085095,127.7,setup,O01
3,U03,230.0,109.2308517,23.0085095,127.7,setup,O01
3,U03,240.0,109.2308517,23.0085095,127.7,setup,O01
3,U03,250.0,109.2308517,23.0085095,127.7,setup,O01
3,U03,260.0,109.2308517,23.0085095,127.7,setup,O01
3,U03,270.0,109.2308517,23.0085095,127.7,setup,O01
3,U03,280.0,109.2308517,23.0085095,127.7,setup,O01
3,U03,290.0,109.2308517,23.0085095,127.7,setup,O01
3,U03,300.0,109.2308517,23.0085095,127.7,setup,O01
3,U03,310.0,109.2308517,23.0085095,127.7,setup,O01
3,U03,320.0,109.2308517,23.0085095,127.7,setup,O01
3,U03,330.0,109.2308517,23.0085095,127.7,climb,O01
3,U03,340.0,109.2308517,23.0085095,157.7,climb,O01
3,U03,350.0,109.2308517,23.0085095,187.7,climb,O01
3,U03,360.0,109.2308517,23.0085095,217.70000000000002,climb,O01
3,U03,370.0,109.2308517,23.0085095,247.7,climb,O01
3,U03,380.0,109.2308517,23.0085095,277.7,climb,O01
3,U03,381.3276306152344,109.2308517,23.0085095,281.6828918457031,cruise,
3,U03,391.3276306152344,109.2313366580725,23.009492060889468,281.6828918457031,cruise,
3,U03,401.3276306152344,109.23182161614497,23.010474621778936,281.6828918457031,cruise,
3,U03,411.3276306152344,109.23230657421746,23.011457182668405,281.6828918457031,cruise,
3,U03,421.3276306152344,109.23279153228995,23.012439743557874,281.6828918457031,cruise,
3,U03,431.3276306152344,109.23327649036244,23.013422304447342,281.6828918457031,cruise,
3,U03,441.3276306152344,109.23376144843492,23.01440486533681,281.6828918457031,cruise,
3,U03,451.3276306152344,109.23424640650741,23.01538742622628,281.6828918457031,cruise,
3,U03,461.3276306152344,109.2347313645799,23.01636998711575,281.6828918457031,cruise,
3,U03,471.3276306152344,109.23521632265238,23.017352548005217,281.6828918457031,cruise,
3,U03,481.3276306152344,109.23570128072487,23.018335108894686,281.6828918457031,cruise,
3,U03,491.3276306152344,109.23618623879736,23.019317669784154,281.6828918457031,cruise,
3,U03,501.3276306152344,109.23667119686984,23.020300230673623,281.6828918457031,cruise,
3,U03,511.3276306152344,109.23715615494233,23.02128279156309,281.6828918457031,cruise,
3,U03,521.3276306152344,109.23764111301482,23.02226535245256,281.6828918457031,cruise,
3,U03,531.3276306152344,109.23812607108731,23.02324791334203,281.6828918457031,cruise,
3,U03,541.3276306152344,109.23861102915978,23.024230474231498,281.6828918457031,cruise,
3,U03,551.3276306152344,109.23909598723228,23.025213035120967,281.6828918457031,cruise,
3,U03,561.3276306152344,109.23958094530477,23.026195596010435,281.6828918457031,cruise,
3,U03,571.3276306152344,109.24006590337724,23.027178156899904,281.6828918457031,cruise,
3,U03,581.3276306152344,109.24055086144973,23.028160717789373,281.6828918457031,cruise,
3,U03,591.3276306152344,109.24103581952222,23.02914327867884,281.6828918457031,cruise,
3,U03,601.3276306152344,109.2415207775947,23.03012583956831,281.6828918457031,cruise,
3,U03,611.3276306152344,109.24200573566719,23.03110840045778,281.6828918457031,cruise,
3,U03,621.3276306152344,109.24249069373968,23.03209096134725,281.6828918457031,cruise,
3,U03,631.3276306152344,109.24297565181217,23.03307352223672,281.6828918457031,cruise,
3,U03,636.6115551928008,109.2432319,23.0335927,281.6828918457031,descend,S001
3,U03,646.6115551928008,109.2432319,23.0335927,256.6828918457031,descend,S001
3,U03,656.6115551928008,109.2432319,23.0335927,231.68289184570312,descend,S001
3,U03,666.6115551928008,109.2432319,23.0335927,206.68289184570312,descend,S001
3,U03,675.684711931082,109.2432319,23.0335927,184.0,handover,S001
3,U03,685.684711931082,109.2432319,23.0335927,184.0,handover,S001
3,U03,695.684711931082,109.2432319,23.0335927,184.0,handover,S001
3,U03,705.684711931082,109.2432319,23.0335927,184.0,handover,S001
3,U03,715.684711931082,109.2432319,23.0335927,184.0,handover,S001
3,U03,725.684711931082,109.2432319,23.0335927,184.0,handover,S001
3,U03,735.684711931082,109.2432319,23.0335927,184.0,handover,S001
3,U03,745.684711931082,109.2432319,23.0335927,184.0,handover,S001
3,U03,755.684711931082,109.2432319,23.0335927,184.0,handover,S001
3,U03,765.684711931082,109.2432319,23.0335927,184.0,handover,S001
3,U03,775.684711931082,109.2432319,23.0335927,184.0,handover,S001
3,U03,785.684711931082,109.2432319,23.0335927,184.0,handover,S001
3,U03,795.684711931082,109.2432319,23.0335927,184.0,handover,S001
3,U03,805.684711931082,109.2432319,23.0335927,184.0,handover,S001
3,U03,815.684711931082,109.2432319,23.0335927,184.0,handover,S001
3,U03,825.684711931082,109.2432319,23.0335927,184.0,handover,S001
3,U03,835.684711931082,109.2432319,23.0335927,184.0,handover,S001
3,U03,845.684711931082,109.2432319,23.0335927,184.0,handover,S001
3,U03,855.684711931082,109.2432319,23.0335927,184.0,climb,S001
3,U03,865.684711931082,109.2432319,23.0335927,214.0,climb,S001
3,U03,875.684711931082,109.2432319,23.0335927,244.0,climb,S001
3,U03,876.6032859463814,109.2432319,23.0335927,246.75572204589844,cruise,
3,U03,886.6032859463814,109.2427469419275,23.03261013911053,246.75572204589844,cruise,
3,U03,896.6032859463814,109.24226198385503,23.031627578221062,246.75572204589844,cruise,
3,U03,906.6032859463814,109.24177702578254,23.030645017331594,246.75572204589844,cruise,
3,U03,916.6032859463814,109.24129206771005,23.029662456442125,246.75572204589844,cruise,
3,U03,926.6032859463814,109.24080710963756,23.028679895552656,246.75572204589844,cruise,
3,U03,936.6032859463814,109.24032215156508,23.027697334663188,246.75572204589844,cruise,
3,U03,946.6032859463814,109.23983719349259,23.02671477377372,246.75572204589844,cruise,
3,U03,956.6032859463814,109.2393522354201,23.02573221288425,246.75572204589844,cruise,
3,U03,966.6032859463814,109.23886727734762,23.02474965199478,246.75572204589844,cruise,
3,U03,976.6032859463814,109.23838231927513,23.023767091105313,246.75572204589844,cruise,
3,U03,986.6032859463814,109.23789736120264,23.022784530215844,246.75572204589844,cruise,
3,U03,996.6032859463814,109.23741240313016,23.021801969326376,246.75572204589844,cruise,
3,U03,1006.6032859463814,109.23692744505767,23.020819408436907,246.75572204589844,cruise,
3,U03,1016.6032859463814,109.23644248698518,23.019836847547438,246.75572204589844,cruise,
3,U03,1026.6032859463814,109.23595752891269,23.01885428665797,246.75572204589844,cruise,
3,U03,1036.6032859463814,109.23547257084022,23.0178717257685,246.75572204589844,cruise,
3,U03,1046.6032859463814,109.23498761276772,23.016889164879032,246.75572204589844,cruise,
3,U03,1056.6032859463814,109.23450265469523,23.015906603989563,246.75572204589844,cruise,
3,U03,1066.6032859463814,109.23401769662276,23.014924043100095,246.75572204589844,cruise,
3,U03,1076.6032859463814,109.23353273855027,23.013941482210626,246.75572204589844,cruise,
3,U03,1086.6032859463814,109.23304778047778,23.012958921321157,246.75572204589844,cruise,
3,U03,1096.6032859463814,109.2325628224053,23.01197636043169,246.75572204589844,cruise,
3,U03,1106.6032859463814,109.23207786433281,23.01099379954222,246.75572204589844,cruise,
3,U03,1116.6032859463814,109.23159290626032,23.010011238652748,246.75572204589844,cruise,
3,U03,1126.6032859463814,109.23110794818783,23.00902867776328,246.75572204589844,cruise,
3,U03,1131.887210523948,109.2308517,23.0085095,246.75572204589844,descend,O01
3,U03,1141.887210523948,109.2308517,23.0085095,221.75572204589844,descend,O01
3,U03,1151.887210523948,109.2308517,23.0085095,196.75572204589844,descend,O01
3,U03,1161.887210523948,109.2308517,23.0085095,171.75572204589844,descend,O01
3,U03,1171.887210523948,109.2308517,23.0085095,146.75572204589844,descend,O01
3,U03,1179.5094993423072,109.2308517,23.0085095,127.7,descend,O01
4,U05,0.0,109.2308517,23.0085095,127.7,setup,O01
4,U05,10.0,109.2308517,23.0085095,127.7,setup,O01
4,U05,20.0,109.2308517,23.0085095,127.7,setup,O01
4,U05,30.0,109.2308517,23.0085095,127.7,setup,O01
4,U05,40.0,109.2308517,23.0085095,127.7,setup,O01
4,U05,50.0,109.2308517,23.0085095,127.7,setup,O01
4,U05,60.0,109.2308517,23.0085095,127.7,setup,O01
4,U05,70.0,109.2308517,23.0085095,127.7,setup,O01
4,U05,80.0,109.2308517,23.0085095,127.7,setup,O01
4,U05,90.0,109.2308517,23.0085095,127.7,setup,O01
4,U05,100.0,109.2308517,23.0085095,127.7,setup,O01
4,U05,110.0,109.2308517,23.0085095,127.7,setup,O01
4,U05,120.0,109.2308517,23.0085095,127.7,setup,O01
4,U05,130.0,109.2308517,23.0085095,127.7,setup,O01
4,U05,140.0,109.2308517,23.0085095,127.7,setup,O01
4,U05,150.0,109.2308517,23.0085095,127.7,setup,O01
4,U05,160.0,109.2308517,23.0085095,127.7,setup,O01
4,U05,170.0,109.2308517,23.0085095,127.7,setup,O01
4,U05,180.0,109.2308517,23.0085095,127.7,setup,O01
4,U05,190.0,109.2308517,23.0085095,127.7,setup,O01
4,U05,200.0,109.2308517,23.0085095,127.7,setup,O01
4,U05,210.0,109.2308517,23.0085095,127.7,setup,O01
4,U05,220.0,109.2308517,23.0085095,127.7,setup,O01
4,U05,230.0,109.2308517,23.0085095,127.7,setup,O01
4,U05,240.0,109.2308517,23.0085095,127.7,setup,O01
4,U05,250.0,109.2308517,23.0085095,127.7,setup,O01
4,U05,260.0,109.2308517,23.0085095,127.7,setup,O01
4,U05,270.0,109.2308517,23.0085095,127.7,setup,O01
4,U05,280.0,109.2308517,23.0085095,127.7,setup,O01
4,U05,290.0,109.2308517,23.0085095,127.7,setup,O01
4,U05,300.0,109.2308517,23.0085095,127.7,setup,O01
4,U05,310.0,109.2308517,23.0085095,127.7,setup,O01
4,U05,320.0,109.2308517,23.0085095,127.7,setup,O01
4,U05,330.0,109.2308517,23.0085095,127.7,setup,O01
4,U05,340.0,109.2308517,23.0085095,127.7,setup,O01
4,U05,350.0,109.2308517,23.0085095,127.7,setup,O01
4,U05,360.0,109.2308517,23.0085095,127.7,setup,O01
4,U05,370.0,109.2308517,23.0085095,127.7,setup,O01
4,U05,380.0,109.2308517,23.0085095,127.7,setup,O01
4,U05,390.0,109.2308517,23.0085095,127.7,climb,O01
4,U05,400.0,109.2308517,23.0085095,157.70000000000002,climb,O01
4,U05,410.0,109.2308517,23.0085095,187.70000000000002,climb,O01
4,U05,420.0,109.2308517,23.0085095,217.7,climb,O01
4,U05,430.0,109.2308517,23.0085095,247.70000000000002,climb,O01
4,U05,440.0,109.2308517,23.0085095,277.7,climb,O01
4,U05,450.0,109.2308517,23.0085095,307.7,climb,O01
4,U05,460.0,109.2308517,23.0085095,337.70000000000005,climb,O01
4,U05,463.0587198893229,109.2308517,23.0085095,346.87615966796875,cruise,
4,U05,473.0587198893229,109.23141052718165,23.009756615731447,346.87615966796875,cruise,
4,U05,483.0587198893229,109.2319693543633,23.011003731462893,346.87615966796875,cruise,
4,U05,493.0587198893229,109.23252818154495,23.01225084719434,346.87615966796875,cruise,
4,U05,503.0587198893229,109.2330870087266,23.01349796292579,346.87615966796875,cruise,
4,U05,513.0587198893229,109.23364583590825,23.01474507865724,346.87615966796875,cruise,
4,U05,523.0587198893229,109.23420466308988,23.015992194388684,346.87615966796875,cruise,
4,U05,533.0587198893229,109.23476349027153,23.017239310120132,346.87615966796875,cruise,
4,U05,543.0587198893229,109.23532231745318,23.01848642585158,346.87615966796875,cruise,
4,U05,553.0587198893229,109.23588114463483,23.01973354158303,346.87615966796875,cruise,
4,U05,563.0587198893229,109.23643997181648,23.020980657314475,346.87615966796875,cruise,
4,U05,573.0587198893229,109.23699879899813,23.022227773045923,346.87615966796875,cruise,
4,U05,583.0587198893229,109.23755762617978,23.023474888777372,346.87615966796875,cruise,
4,U05,593.0587198893229,109.23811645336143,23.02472200450882,346.87615966796875,cruise,
4,U05,603.0587198893229,109.23867528054308,23.025969120240266,346.87615966796875,cruise,
4,U05,613.0587198893229,109.23923410772473,23.027216235971714,346.87615966796875,cruise,
4,U05,623.0587198893229,109.23979293490638,23.028463351703163,346.87615966796875,cruise,
4,U05,633.0587198893229,109.24035176208803,23.02971046743461,346.87615966796875,cruise,
4,U05,643.0587198893229,109.24091058926966,23.030957583166057,346.87615966796875,cruise,
4,U05,653.0587198893229,109.24146941645131,23.032204698897505,346.87615966796875,cruise,
4,U05,663.0587198893229,109.24202824363296,23.033451814628954,346.87615966796875,cruise,
4,U05,673.0587198893229,109.24258707081461,23.034698930360403,346.87615966796875,cruise,
4,U05,683.0587198893229,109.24314589799626,23.035946046091848,346.87615966796875,cruise,
4,U05,693.0587198893229,109.2437047251779,23.037193161823296,346.87615966796875,cruise,
4,U05,703.0587198893229,109.24426355235956,23.038440277554745,346.87615966796875,cruise,
4,U05,713.0587198893229,109.2448223795412,23.039687393286194,346.87615966796875,cruise,
4,U05,723.0587198893229,109.24538120672285,23.04093450901764,346.87615966796875,cruise,
4,U05,733.0587198893229,109.2459400339045,23.042181624749087,346.87615966796875,cruise,
4,U05,743.0587198893229,109.24649886108615,23.043428740480536,346.87615966796875,cruise,
4,U05,753.0587198893229,109.2470576882678,23.044675856211985,346.87615966796875,cruise,
4,U05,763.0587198893229,109.24761651544944,23.04592297194343,346.87615966796875,cruise,
4,U05,773.0587198893229,109.24817534263109,23.04717008767488,346.87615966796875,cruise,
4,U05,783.0587198893229,109.24873416981274,23.048417203406327,346.87615966796875,cruise,
4,U05,793.0587198893229,109.24929299699438,23.049664319137776,346.87615966796875,cruise,
4,U05,803.0587198893229,109.24985182417603,23.05091143486922,346.87615966796875,cruise,
4,U05,813.0587198893229,109.25041065135768,23.05215855060067,346.87615966796875,cruise,
4,U05,823.0587198893229,109.25096947853933,23.053405666332118,346.87615966796875,cruise,
4,U05,833.0587198893229,109.25152830572098,23.054652782063567,346.87615966796875,cruise,
4,U05,843.0587198893229,109.25208713290263,23.055899897795012,346.87615966796875,cruise,
4,U05,853.0587198893229,109.25264596008428,23.05714701352646,346.87615966796875,cruise,
4,U05,863.0587198893229,109.25320478726593,23.05839412925791,346.87615966796875,cruise,
4,U05,873.0587198893229,109.25376361444758,23.059641244989358,346.87615966796875,cruise,
4,U05,883.0587198893229,109.25432244162921,23.060888360720803,346.87615966796875,cruise,
4,U05,893.0587198893229,109.25488126881086,23.06213547645225,346.87615966796875,cruise,
4,U05,903.0587198893229,109.25544009599251,23.0633825921837,346.87615966796875,cruise,
4,U05,913.0587198893229,109.25599892317416,23.06462970791515,346.87615966796875,cruise,
4,U05,923.0587198893229,109.25655775035581,23.065876823646594,346.87615966796875,cruise,
4,U05,933.0587198893229,109.25711657753746,23.067123939378043,346.87615966796875,cruise,
4,U05,943.0587198893229,109.25767540471911,23.06837105510949,346.87615966796875,cruise,
4,U05,953.0587198893229,109.25823423190076,23.06961817084094,346.87615966796875,cruise,
4,U05,958.7432697765962,109.2585519,23.0703271,346.87615966796875,descend,S002
4,U05,968.7432697765962,109.2585519,23.0703271,321.87615966796875,descend,S002
4,U05,978.7432697765962,109.2585519,23.0703271,296.87615966796875,descend,S002
4,U05,988.7432697765962,109.2585519,23.0703271,271.87615966796875,descend,S002
4,U05,998.7432697765962,109.2585519,23.0703271,246.87615966796875,descend,S002
4,U05,1008.7432697765962,109.2585519,23.0703271,221.87615966796875,descend,S002
4,U05,1009.6937336437837,109.2585519,23.0703271,219.5,handover,S002
4,U05,1019.6937336437837,109.2585519,23.0703271,219.5,handover,S002
4,U05,1029.6937336437836,109.2585519,23.0703271,219.5,handover,S002
4,U05,1039.6937336437836,109.2585519,23.0703271,219.5,handover,S002
4,U05,1049.6937336437836,109.2585519,23.0703271,219.5,handover,S002
4,U05,1059.6937336437836,109.2585519,23.0703271,219.5,handover,S002
4,U05,1069.6937336437836,109.2585519,23.0703271,219.5,handover,S002
4,U05,1079.6937336437836,109.2585519,23.0703271,219.5,handover,S002
4,U05,1089.6937336437836,109.2585519,23.0703271,219.5,handover,S002
4,U05,1099.6937336437836,109.2585519,23.0703271,219.5,handover,S002
4,U05,1109.6937336437836,109.2585519,23.0703271,219.5,handover,S002
4,U05,1119.6937336437836,109.2585519,23.0703271,219.5,handover,S002
4,U05,1129.6937336437836,109.2585519,23.0703271,219.5,handover,S002
4,U05,1139.6937336437836,109.2585519,23.0703271,219.5,handover,S002
4,U05,1149.6937336437836,109.2585519,23.0703271,219.5,handover,S002
4,U05,1159.6937336437836,109.2585519,23.0703271,219.5,handover,S002
4,U05,1169.6937336437836,109.2585519,23.0703271,219.5,handover,S002
4,U05,1179.6937336437836,109.2585519,23.0703271,219.5,handover,S002
4,U05,1189.6937336437836,109.2585519,23.0703271,219.5,handover,S002
4,U05,1199.6937336437836,109.2585519,23.0703271,219.5,handover,S002
4,U05,1209.6937336437836,109.2585519,23.0703271,219.5,handover,S002
4,U05,1219.6937336437836,109.2585519,23.0703271,219.5,handover,S002
4,U05,1229.6937336437836,109.2585519,23.0703271,219.5,handover,S002
4,U05,1239.6937336437836,109.2585519,23.0703271,219.5,handover,S002
4,U05,1249.6937336437836,109.2585519,23.0703271,219.5,climb,S002
4,U05,1259.6937336437836,109.2585519,23.0703271,249.5,climb,S002
4,U05,1269.6937336437836,109.2585519,23.0703271,279.5,climb,S002
4,U05,1279.6937336437836,109.2585519,23.0703271,309.5,climb,S002
4,U05,1289.6937336437836,109.2585519,23.0703271,339.5,climb,S002
4,U05,1299.6937336437836,109.2585519,23.0703271,369.5,climb,S002
4,U05,1309.6937336437836,109.2585519,23.0703271,399.5,climb,S002
4,U05,1311.8096597505544,109.2585519,23.0703271,405.8477783203125,cruise,
4,U05,1321.8096597505544,109.25799307281835,23.06907998426855,405.8477783203125,cruise,
4,U05,1331.8096597505544,109.2574342456367,23.067832868537106,405.8477783203125,cruise,
4,U05,1341.8096597505544,109.25687541845505,23.066585752805658,405.8477783203125,cruise,
4,U05,1351.8096597505544,109.2563165912734,23.06533863707421,405.8477783203125,cruise,
4,U05,1361.8096597505544,109.25575776409175,23.06409152134276,405.8477783203125,cruise,
4,U05,1371.8096597505544,109.25519893691012,23.062844405611315,405.8477783203125,cruise,
4,U05,1381.8096597505544,109.25464010972847,23.061597289879867,405.8477783203125,cruise,
4,U05,1391.8096597505544,109.25408128254682,23.060350174148418,405.8477783203125,cruise,
4,U05,1401.8096597505544,109.25352245536517,23.05910305841697,405.8477783203125,cruise,
4,U05,1411.8096597505544,109.25296362818352,23.057855942685524,405.8477783203125,cruise,
4,U05,1421.8096597505544,109.25240480100187,23.056608826954076,405.8477783203125,cruise,
4,U05,1431.8096597505544,109.25184597382022,23.055361711222627,405.8477783203125,cruise,
4,U05,1441.8096597505544,109.25128714663857,23.05411459549118,405.8477783203125,cruise,
4,U05,1451.8096597505544,109.25072831945693,23.052867479759733,405.8477783203125,cruise,
4,U05,1461.8096597505544,109.25016949227528,23.051620364028285,405.8477783203125,cruise,
4,U05,1471.8096597505544,109.24961066509363,23.050373248296836,405.8477783203125,cruise,
4,U05,1481.8096597505544,109.24905183791198,23.049126132565387,405.8477783203125,cruise,
4,U05,1491.8096597505544,109.24849301073034,23.047879016833942,405.8477783203125,cruise,
4,U05,1501.8096597505544,109.2479341835487,23.046631901102494,405.8477783203125,cruise,
4,U05,1511.8096597505544,109.24737535636704,23.045384785371045,405.8477783203125,cruise,
4,U05,1521.8096597505544,109.2468165291854,23.044137669639596,405.8477783203125,cruise,
4,U05,1531.8096597505544,109.24625770200375,23.04289055390815,405.8477783203125,cruise,
4,U05,1541.8096597505544,109.2456988748221,23.041643438176703,405.8477783203125,cruise,
4,U05,1551.8096597505544,109.24514004764045,23.040396322445254,405.8477783203125,cruise,
4,U05,1561.8096597505544,109.2445812204588,23.039149206713805,405.8477783203125,cruise,
4,U05,1571.8096597505544,109.24402239327715,23.03790209098236,405.8477783203125,cruise,
4,U05,1581.8096597505544,109.2434635660955,23.03665497525091,405.8477783203125,cruise,
4,U05,1591.8096597505544,109.24290473891385,23.035407859519463,405.8477783203125,cruise,
4,U05,1601.8096597505544,109.2423459117322,23.034160743788014,405.8477783203125,cruise,
4,U05,1611.8096597505544,109.24178708455057,23.03291362805657,405.8477783203125,cruise,
4,U05,1621.8096597505544,109.24122825736892,23.03166651232512,405.8477783203125,cruise,
4,U05,1631.8096597505544,109.24066943018727,23.030419396593672,405.8477783203125,cruise,
4,U05,1641.8096597505544,109.24011060300562,23.029172280862223,405.8477783203125,cruise,
4,U05,1651.8096597505544,109.23955177582397,23.027925165130778,405.8477783203125,cruise,
4,U05,1661.8096597505544,109.23899294864232,23.02667804939933,405.8477783203125,cruise,
4,U05,1671.8096597505544,109.23843412146067,23.02543093366788,405.8477783203125,cruise,
4,U05,1681.8096597505544,109.23787529427902,23.024183817936432,405.8477783203125,cruise,
4,U05,1691.8096597505544,109.23731646709737,23.022936702204987,405.8477783203125,cruise,
4,U05,1701.8096597505544,109.23675763991572,23.02168958647354,405.8477783203125,cruise,
4,U05,1711.8096597505544,109.23619881273407,23.02044247074209,405.8477783203125,cruise,
4,U05,1721.8096597505544,109.23563998555242,23.01919535501064,405.8477783203125,cruise,
4,U05,1731.8096597505544,109.23508115837079,23.017948239279196,405.8477783203125,cruise,
4,U05,1741.8096597505544,109.23452233118914,23.016701123547747,405.8477783203125,cruise,
4,U05,1751.8096597505544,109.23396350400749,23.0154540078163,405.8477783203125,cruise,
4,U05,1761.8096597505544,109.23340467682584,23.01420689208485,405.8477783203125,cruise,
4,U05,1771.8096597505544,109.23284584964419,23.012959776353405,405.8477783203125,cruise,
4,U05,1781.8096597505544,109.23228702246254,23.011712660621956,405.8477783203125,cruise,
4,U05,1791.8096597505544,109.2317281952809,23.010465544890508,405.8477783203125,cruise,
4,U05,1801.8096597505544,109.23116936809924,23.00921842915906,405.8477783203125,cruise,
4,U05,1807.4942096378277,109.2308517,23.0085095,405.8477783203125,descend,O01
4,U05,1817.4942096378277,109.2308517,23.0085095,380.8477783203125,descend,O01
4,U05,1827.4942096378277,109.2308517,23.0085095,355.8477783203125,descend,O01
4,U05,1837.4942096378277,109.2308517,23.0085095,330.8477783203125,descend,O01
4,U05,1847.4942096378277,109.2308517,23.0085095,305.8477783203125,descend,O01
4,U05,1857.4942096378277,109.2308517,23.0085095,280.8477783203125,descend,O01
4,U05,1867.4942096378277,109.2308517,23.0085095,255.8477783203125,descend,O01
4,U05,1877.4942096378277,109.2308517,23.0085095,230.84777832031247,descend,O01
4,U05,1887.4942096378277,109.2308517,23.0085095,205.8477783203125,descend,O01
4,U05,1897.4942096378277,109.2308517,23.0085095,180.8477783203125,descend,O01
4,U05,1907.4942096378277,109.2308517,23.0085095,155.8477783203125,descend,O01
4,U05,1917.4942096378277,109.2308517,23.0085095,130.8477783203125,descend,O01
4,U05,1918.7533209659528,109.2308517,23.0085095,127.69999999999999,descend,O01
5,U05,1918.8,109.2308517,23.0085095,127.7,setup,O01
5,U05,1928.8,109.2308517,23.0085095,127.7,setup,O01
5,U05,1938.8,109.2308517,23.0085095,127.7,setup,O01
5,U05,1948.8,109.2308517,23.0085095,127.7,setup,O01
5,U05,1958.8,109.2308517,23.0085095,127.7,setup,O01
5,U05,1968.8,109.2308517,23.0085095,127.7,setup,O01
5,U05,1978.8,109.2308517,23.0085095,127.7,setup,O01
5,U05,1988.8,109.2308517,23.0085095,127.7,setup,O01
5,U05,1998.8,109.2308517,23.0085095,127.7,setup,O01
5,U05,2008.8,109.2308517,23.0085095,127.7,setup,O01
5,U05,2018.8,109.2308517,23.0085095,127.7,setup,O01
5,U05,2028.8,109.2308517,23.0085095,127.7,setup,O01
5,U05,2038.8,109.2308517,23.0085095,127.7,setup,O01
5,U05,2048.8,109.2308517,23.0085095,127.7,setup,O01
5,U05,2058.8,109.2308517,23.0085095,127.7,setup,O01
5,U05,2068.8,109.2308517,23.0085095,127.7,setup,O01
5,U05,2078.8,109.2308517,23.0085095,127.7,setup,O01
5,U05,2088.8,109.2308517,23.0085095,127.7,setup,O01
5,U05,2098.8,109.2308517,23.0085095,127.7,setup,O01
5,U05,2108.8,109.2308517,23.0085095,127.7,setup,O01
5,U05,2118.8,109.2308517,23.0085095,127.7,setup,O01
5,U05,2128.8,109.2308517,23.0085095,127.7,setup,O01
5,U05,2138.8,109.2308517,23.0085095,127.7,setup,O01
5,U05,2148.8,109.2308517,23.0085095,127.7,setup,O01
5,U05,2158.8,109.2308517,23.0085095,127.7,setup,O01
5,U05,2168.8,109.2308517,23.0085095,127.7,setup,O01
5,U05,2178.8,109.2308517,23.0085095,127.7,setup,O01
5,U05,2188.8,109.2308517,23.0085095,127.7,setup,O01
5,U05,2198.8,109.2308517,23.0085095,127.7,setup,O01
5,U05,2208.8,109.2308517,23.0085095,127.7,setup,O01
5,U05,2218.8,109.2308517,23.0085095,127.7,setup,O01
5,U05,2228.8,109.2308517,23.0085095,127.7,setup,O01
5,U05,2238.8,109.2308517,23.0085095,127.7,setup,O01
5,U05,2248.8,109.2308517,23.0085095,127.7,setup,O01
5,U05,2258.8,109.2308517,23.0085095,127.7,setup,O01
5,U05,2268.8,109.2308517,23.0085095,127.7,setup,O01
5,U05,2278.8,109.2308517,23.0085095,127.7,setup,O01
5,U05,2288.8,109.2308517,23.0085095,127.7,setup,O01
5,U05,2298.8,109.2308517,23.0085095,127.7,setup,O01
5,U05,2308.8,109.2308517,23.0085095,127.7,climb,O01
5,U05,2318.8,109.2308517,23.0085095,157.7,climb,O01
5,U05,2328.8,109.2308517,23.0085095,187.7,climb,O01
5,U05,2338.8,109.2308517,23.0085095,217.7,climb,O01
5,U05,2348.8,109.2308517,23.0085095,247.7,climb,O01
5,U05,2358.8,109.2308517,23.0085095,277.7,climb,O01
5,U05,2368.8,109.2308517,23.0085095,307.7,climb,O01
5,U05,2378.8,109.2308517,23.0085095,337.7,climb,O01
5,U05,2388.8,109.2308517,23.0085095,367.7,climb,O01
5,U05,2390.136022949219,109.2308517,23.0085095,371.70806884765625,cruise,
5,U05,2400.136022949219,109.23210560921703,23.009207997491828,371.70806884765625,cruise,
5,U05,2410.136022949219,109.23335951843404,23.009906494983657,371.70806884765625,cruise,
5,U05,2420.136022949219,109.23461342765107,23.01060499247549,371.70806884765625,cruise,
5,U05,2430.136022949219,109.23586733686808,23.011303489967318,371.70806884765625,cruise,
5,U05,2440.136022949219,109.23712124608511,23.012001987459147,371.70806884765625,cruise,
5,U05,2450.136022949219,109.23837515530212,23.012700484950976,371.70806884765625,cruise,
5,U05,2460.136022949219,109.23962906451915,23.01339898244281,371.70806884765625,cruise,
5,U05,2470.136022949219,109.24088297373616,23.014097479934637,371.70806884765625,cruise,
5,U05,2480.136022949219,109.24213688295319,23.014795977426466,371.70806884765625,cruise,
5,U05,2490.136022949219,109.2433907921702,23.015494474918295,371.70806884765625,cruise,
5,U05,2500.136022949219,109.24464470138723,23.016192972410128,371.70806884765625,cruise,
5,U05,2510.136022949219,109.24589861060424,23.016891469901957,371.70806884765625,cruise,
5,U05,2520.136022949219,109.24715251982127,23.017589967393786,371.70806884765625,cruise,
5,U05,2530.136022949219,109.24840642903828,23.018288464885615,371.70806884765625,cruise,
5,U05,2540.136022949219,109.24966033825531,23.018986962377443,371.70806884765625,cruise,
5,U05,2550.136022949219,109.25091424747234,23.019685459869276,371.70806884765625,cruise,
5,U05,2560.136022949219,109.25216815668935,23.020383957361105,371.70806884765625,cruise,
5,U05,2570.136022949219,109.25342206590638,23.021082454852934,371.70806884765625,cruise,
5,U05,2580.136022949219,109.25467597512339,23.021780952344763,371.70806884765625,cruise,
5,U05,2590.136022949219,109.25592988434042,23.022479449836595,371.70806884765625,cruise,
5,U05,2600.136022949219,109.25718379355743,23.023177947328424,371.70806884765625,cruise,
5,U05,2610.136022949219,109.25843770277446,23.023876444820253,371.70806884765625,cruise,
5,U05,2620.136022949219,109.25969161199147,23.024574942312082,371.70806884765625,cruise,
5,U05,2630.136022949219,109.2609455212085,23.02527343980391,371.70806884765625,cruise,
5,U05,2640.136022949219,109.26219943042551,23.025971937295743,371.70806884765625,cruise,
5,U05,2650.136022949219,109.26345333964254,23.026670434787572,371.70806884765625,cruise,
5,U05,2660.136022949219,109.26470724885955,23.0273689322794,371.70806884765625,cruise,
5,U05,2670.136022949219,109.26596115807658,23.02806742977123,371.70806884765625,cruise,
5,U05,2680.136022949219,109.26721506729359,23.028765927263063,371.70806884765625,cruise,
5,U05,2690.136022949219,109.26846897651062,23.02946442475489,371.70806884765625,cruise,
5,U05,2700.136022949219,109.26972288572765,23.03016292224672,371.70806884765625,cruise,
5,U05,2710.136022949219,109.27097679494466,23.03086141973855,371.70806884765625,cruise,
5,U05,2713.3827097892045,109.2713839,23.0310882,371.70806884765625,descend,S013
5,U05,2721.385937328267,109.2713839,23.0310882,351.7,handover,S013
5,U05,2731.385937328267,109.2713839,23.0310882,351.7,handover,S013
5,U05,2741.385937328267,109.2713839,23.0310882,351.7,handover,S013
5,U05,2751.385937328267,109.2713839,23.0310882,351.7,handover,S013
5,U05,2761.385937328267,109.2713839,23.0310882,351.7,handover,S013
5,U05,2771.385937328267,109.2713839,23.0310882,351.7,handover,S013
5,U05,2781.385937328267,109.2713839,23.0310882,351.7,handover,S013
5,U05,2791.385937328267,109.2713839,23.0310882,351.7,handover,S013
5,U05,2801.385937328267,109.2713839,23.0310882,351.7,handover,S013
5,U05,2811.385937328267,109.2713839,23.0310882,351.7,handover,S013
5,U05,2821.385937328267,109.2713839,23.0310882,351.7,handover,S013
5,U05,2831.385937328267,109.2713839,23.0310882,351.7,handover,S013
5,U05,2841.385937328267,109.2713839,23.0310882,351.7,handover,S013
5,U05,2851.385937328267,109.2713839,23.0310882,351.7,handover,S013
5,U05,2861.385937328267,109.2713839,23.0310882,351.7,handover,S013
5,U05,2871.385937328267,109.2713839,23.0310882,351.7,handover,S013
5,U05,2881.385937328267,109.2713839,23.0310882,351.7,handover,S013
5,U05,2891.385937328267,109.2713839,23.0310882,351.7,handover,S013
5,U05,2901.385937328267,109.2713839,23.0310882,351.7,handover,S013
5,U05,2911.385937328267,109.2713839,23.0310882,351.7,handover,S013
5,U05,2921.385937328267,109.2713839,23.0310882,351.7,handover,S013
5,U05,2931.385937328267,109.2713839,23.0310882,351.7,handover,S013
5,U05,2941.385937328267,109.2713839,23.0310882,351.7,handover,S013
5,U05,2951.385937328267,109.2713839,23.0310882,351.7,handover,S013
5,U05,2961.385937328267,109.2713839,23.0310882,351.7,climb,S013
5,U05,2971.385937328267,109.2713839,23.0310882,381.7,climb,S013
5,U05,2981.385937328267,109.2713839,23.0310882,411.7,climb,S013
5,U05,2985.053777904439,109.2713839,23.0310882,422.7035217285156,cruise,
5,U05,2995.053777904439,109.27012999078298,23.03038970250817,422.7035217285156,cruise,
5,U05,3005.053777904439,109.26887608156596,23.02969120501634,422.7035217285156,cruise,
5,U05,3015.053777904439,109.26762217234894,23.02899270752451,422.7035217285156,cruise,
5,U05,3025.053777904439,109.26636826313192,23.02829421003268,422.7035217285156,cruise,
5,U05,3035.053777904439,109.2651143539149,23.02759571254085,422.7035217285156,cruise,
5,U05,3045.053777904439,109.26386044469788,23.026897215049022,422.7035217285156,cruise,
5,U05,3055.053777904439,109.26260653548086,23.02619871755719,422.7035217285156,cruise,
5,U05,3065.053777904439,109.26135262626384,23.02550022006536,422.7035217285156,cruise,
5,U05,3075.053777904439,109.26009871704682,23.02480172257353,422.7035217285156,cruise,
5,U05,3085.053777904439,109.2588448078298,23.024103225081703,422.7035217285156,cruise,
5,U05,3095.053777904439,109.25759089861278,23.02340472758987,422.7035217285156,cruise,
5,U05,3105.053777904439,109.25633698939576,23.02270623009804,422.7035217285156,cruise,
5,U05,3115.053777904439,109.25508308017874,23.022007732606212,422.7035217285156,cruise,
5,U05,3125.053777904439,109.25382917096172,23.021309235114384,422.7035217285156,cruise,
5,U05,3135.053777904439,109.2525752617447,23.020610737622555,422.7035217285156,cruise,
5,U05,3145.053777904439,109.25132135252767,23.019912240130722,422.7035217285156,cruise,
5,U05,3155.053777904439,109.25006744331066,23.019213742638893,422.7035217285156,cruise,
5,U05,3165.053777904439,109.24881353409363,23.018515245147064,422.7035217285156,cruise,
5,U05,3175.053777904439,109.24755962487662,23.017816747655235,422.7035217285156,cruise,
5,U05,3185.053777904439,109.24630571565959,23.017118250163403,422.7035217285156,cruise,
5,U05,3195.053777904439,109.24505180644258,23.016419752671574,422.7035217285156,cruise,
5,U05,3205.053777904439,109.24379789722555,23.015721255179745,422.7035217285156,cruise,
5,U05,3215.053777904439,109.24254398800853,23.015022757687916,422.7035217285156,cruise,
5,U05,3225.053777904439,109.24129007879151,23.014324260196087,422.7035217285156,cruise,
5,U05,3235.053777904439,109.2400361695745,23.013625762704255,422.7035217285156,cruise,
5,U05,3245.053777904439,109.23878226035747,23.012927265212426,422.7035217285156,cruise,
5,U05,3255.053777904439,109.23752835114045,23.012228767720597,422.7035217285156,cruise,
5,U05,3265.053777904439,109.23627444192343,23.011530270228768,422.7035217285156,cruise,
5,U05,3275.053777904439,109.23502053270641,23.010831772736935,422.7035217285156,cruise,
5,U05,3285.053777904439,109.23376662348939,23.010133275245106,422.7035217285156,cruise,
5,U05,3295.053777904439,109.23251271427236,23.009434777753278,422.7035217285156,cruise,
5,U05,3305.053777904439,109.23125880505535,23.00873628026145,422.7035217285156,cruise,
5,U05,3308.3004647444245,109.2308517,23.0085095,422.7035217285156,descend,O01
5,U05,3318.3004647444245,109.2308517,23.0085095,397.7035217285156,descend,O01
5,U05,3328.3004647444245,109.2308517,23.0085095,372.7035217285156,descend,O01
5,U05,3338.3004647444245,109.2308517,23.0085095,347.7035217285156,descend,O01
5,U05,3348.3004647444245,109.2308517,23.0085095,322.7035217285156,descend,O01
5,U05,3358.3004647444245,109.2308517,23.0085095,297.7035217285156,descend,O01
5,U05,3368.3004647444245,109.2308517,23.0085095,272.7035217285156,descend,O01
5,U05,3378.3004647444245,109.2308517,23.0085095,247.70352172851562,descend,O01
5,U05,3388.3004647444245,109.2308517,23.0085095,222.70352172851562,descend,O01
5,U05,3398.3004647444245,109.2308517,23.0085095,197.70352172851562,descend,O01
5,U05,3408.3004647444245,109.2308517,23.0085095,172.70352172851565,descend,O01
5,U05,3418.3004647444245,109.2308517,23.0085095,147.70352172851562,descend,O01
5,U05,3426.3018734358307,109.2308517,23.0085095,127.69999999999999,descend,O01
6,U05,3426.3,109.2308517,23.0085095,127.7,setup,O01
6,U05,3436.3,109.2308517,23.0085095,127.7,setup,O01
6,U05,3446.3,109.2308517,23.0085095,127.7,setup,O01
6,U05,3456.3,109.2308517,23.0085095,127.7,setup,O01
6,U05,3466.3,109.2308517,23.0085095,127.7,setup,O01
6,U05,3476.3,109.2308517,23.0085095,127.7,setup,O01
6,U05,3486.3,109.2308517,23.0085095,127.7,setup,O01
6,U05,3496.3,109.2308517,23.0085095,127.7,setup,O01
6,U05,3506.3,109.2308517,23.0085095,127.7,setup,O01
6,U05,3516.3,109.2308517,23.0085095,127.7,setup,O01
6,U05,3526.3,109.2308517,23.0085095,127.7,setup,O01
6,U05,3536.3,109.2308517,23.0085095,127.7,setup,O01
6,U05,3546.3,109.2308517,23.0085095,127.7,setup,O01
6,U05,3556.3,109.2308517,23.0085095,127.7,setup,O01
6,U05,3566.3,109.2308517,23.0085095,127.7,setup,O01
6,U05,3576.3,109.2308517,23.0085095,127.7,setup,O01
6,U05,3586.3,109.2308517,23.0085095,127.7,setup,O01
6,U05,3596.3,109.2308517,23.0085095,127.7,setup,O01
6,U05,3606.3,109.2308517,23.0085095,127.7,setup,O01
6,U05,3616.3,109.2308517,23.0085095,127.7,setup,O01
6,U05,3626.3,109.2308517,23.0085095,127.7,setup,O01
6,U05,3636.3,109.2308517,23.0085095,127.7,setup,O01
6,U05,3646.3,109.2308517,23.0085095,127.7,setup,O01
6,U05,3656.3,109.2308517,23.0085095,127.7,setup,O01
6,U05,3666.3,109.2308517,23.0085095,127.7,setup,O01
6,U05,3676.3,109.2308517,23.0085095,127.7,setup,O01
6,U05,3686.3,109.2308517,23.0085095,127.7,setup,O01
6,U05,3696.3,109.2308517,23.0085095,127.7,setup,O01
6,U05,3706.3,109.2308517,23.0085095,127.7,setup,O01
6,U05,3716.3,109.2308517,23.0085095,127.7,setup,O01
6,U05,3726.3,109.2308517,23.0085095,127.7,setup,O01
6,U05,3736.3,109.2308517,23.0085095,127.7,setup,O01
6,U05,3746.3,109.2308517,23.0085095,127.7,setup,O01
6,U05,3756.3,109.2308517,23.0085095,127.7,setup,O01
6,U05,3766.3,109.2308517,23.0085095,127.7,setup,O01
6,U05,3776.3,109.2308517,23.0085095,127.7,setup,O01
6,U05,3786.3,109.2308517,23.0085095,127.7,setup,O01
6,U05,3796.3,109.2308517,23.0085095,127.7,setup,O01
6,U05,3806.3,109.2308517,23.0085095,127.7,setup,O01
6,U05,3816.3,109.2308517,23.0085095,127.7,climb,O01
6,U05,3826.3,109.2308517,23.0085095,157.70000000000002,climb,O01
6,U05,3836.3,109.2308517,23.0085095,187.70000000000002,climb,O01
6,U05,3846.3,109.2308517,23.0085095,217.7,climb,O01
6,U05,3856.3,109.2308517,23.0085095,247.70000000000002,climb,O01
6,U05,3866.3,109.2308517,23.0085095,277.7,climb,O01
6,U05,3876.3,109.2308517,23.0085095,307.7,climb,O01
6,U05,3886.3,109.2308517,23.0085095,337.7,climb,O01
6,U05,3896.3,109.2308517,23.0085095,367.70000000000005,climb,O01
6,U05,3897.5938883463546,109.2308517,23.0085095,371.5816650390625,cruise,
6,U05,3907.5938883463546,109.23226947954672,23.008851392393794,371.5816650390625,cruise,
6,U05,3917.5938883463546,109.23368725909343,23.009193284787592,371.5816650390625,cruise,
6,U05,3927.5938883463546,109.23510503864013,23.009535177181387,371.5816650390625,cruise,
6,U05,3937.5938883463546,109.23652281818684,23.009877069575182,371.5816650390625,cruise,
6,U05,3947.5938883463546,109.23794059773356,23.01021896196898,371.5816650390625,cruise,
6,U05,3957.5938883463546,109.23935837728027,23.010560854362776,371.5816650390625,cruise,
6,U05,3967.5938883463546,109.24077615682697,23.01090274675657,371.5816650390625,cruise,
6,U05,3977.5938883463546,109.24219393637368,23.01124463915037,371.5816650390625,cruise,
6,U05,3987.5938883463546,109.2436117159204,23.011586531544165,371.5816650390625,cruise,
6,U05,3997.5938883463546,109.24502949546711,23.01192842393796,371.5816650390625,cruise,
6,U05,4007.5938883463546,109.24644727501382,23.012270316331758,371.5816650390625,cruise,
6,U05,4017.5938883463546,109.24786505456052,23.012612208725553,371.5816650390625,cruise,
6,U05,4027.5938883463546,109.24928283410723,23.01295410111935,371.5816650390625,cruise,
6,U05,4037.5938883463546,109.25070061365395,23.013295993513147,371.5816650390625,cruise,
6,U05,4047.5938883463546,109.25211839320066,23.01363788590694,371.5816650390625,cruise,
6,U05,4057.5938883463546,109.25353617274737,23.01397977830074,371.5816650390625,cruise,
6,U05,4067.5938883463546,109.25495395229407,23.014321670694535,371.5816650390625,cruise,
6,U05,4077.5938883463546,109.25637173184079,23.01466356308833,371.5816650390625,cruise,
6,U05,4087.5938883463546,109.2577895113875,23.01500545548213,371.5816650390625,cruise,
6,U05,4097.593888346355,109.25920729093421,23.015347347875924,371.5816650390625,cruise,
6,U05,4107.593888346355,109.26062507048091,23.01568924026972,371.5816650390625,cruise,
6,U05,4117.593888346355,109.26204285002763,23.016031132663517,371.5816650390625,cruise,
6,U05,4127.593888346355,109.26346062957434,23.016373025057312,371.5816650390625,cruise,
6,U05,4137.593888346355,109.26487840912105,23.016714917451107,371.5816650390625,cruise,
6,U05,4147.593888346355,109.26629618866777,23.017056809844906,371.5816650390625,cruise,
6,U05,4157.593888346355,109.26771396821447,23.0173987022387,371.5816650390625,cruise,
6,U05,4167.593888346355,109.26913174776118,23.017740594632496,371.5816650390625,cruise,
6,U05,4177.593888346355,109.27054952730789,23.018082487026295,371.5816650390625,cruise,
6,U05,4187.593888346355,109.2719673068546,23.01842437942009,371.5816650390625,cruise,
6,U05,4197.593888346355,109.2733850864013,23.018766271813885,371.5816650390625,cruise,
6,U05,4207.593888346355,109.27480286594802,23.019108164207683,371.5816650390625,cruise,
6,U05,4216.156108437539,109.2760168,23.0194009,371.5816650390625,descend,S010
6,U05,4224.148774453164,109.2760168,23.0194009,351.6,handover,S010
6,U05,4234.148774453164,109.2760168,23.0194009,351.6,handover,S010
6,U05,4244.148774453164,109.2760168,23.0194009,351.6,handover,S010
6,U05,4254.148774453164,109.2760168,23.0194009,351.6,handover,S010
6,U05,4264.148774453164,109.2760168,23.0194009,351.6,handover,S010
6,U05,4274.148774453164,109.2760168,23.0194009,351.6,handover,S010
6,U05,4284.148774453164,109.2760168,23.0194009,351.6,handover,S010
6,U05,4294.148774453164,109.2760168,23.0194009,351.6,handover,S010
6,U05,4304.148774453164,109.2760168,23.0194009,351.6,handover,S010
6,U05,4314.148774453164,109.2760168,23.0194009,351.6,handover,S010
6,U05,4324.148774453164,109.2760168,23.0194009,351.6,handover,S010
6,U05,4334.148774453164,109.2760168,23.0194009,351.6,handover,S010
6,U05,4344.148774453164,109.2760168,23.0194009,351.6,handover,S010
6,U05,4354.148774453164,109.2760168,23.0194009,351.6,handover,S010
6,U05,4364.148774453164,109.2760168,23.0194009,351.6,handover,S010
6,U05,4374.148774453164,109.2760168,23.0194009,351.6,handover,S010
6,U05,4384.148774453164,109.2760168,23.0194009,351.6,handover,S010
6,U05,4394.148774453164,109.2760168,23.0194009,351.6,handover,S010
6,U05,4404.148774453164,109.2760168,23.0194009,351.6,handover,S010
6,U05,4414.148774453164,109.2760168,23.0194009,351.6,handover,S010
6,U05,4424.148774453164,109.2760168,23.0194009,351.6,handover,S010
6,U05,4434.148774453164,109.2760168,23.0194009,351.6,handover,S010
6,U05,4444.148774453164,109.2760168,23.0194009,351.6,handover,S010
6,U05,4454.148774453164,109.2760168,23.0194009,351.6,handover,S010
6,U05,4464.148774453164,109.2760168,23.0194009,351.6,climb,S010
6,U05,4474.148774453164,109.2760168,23.0194009,381.6,climb,S010
6,U05,4484.148774453164,109.2760168,23.0194009,411.6,climb,S010
6,U05,4494.148774453164,109.2760168,23.0194009,441.6,climb,S010
6,U05,4499.865156289102,109.2760168,23.0194009,458.7491455078125,cruise,
6,U05,4509.865156289102,109.27459902045328,23.019059007606206,458.7491455078125,cruise,
6,U05,4519.865156289102,109.27318124090657,23.018717115212407,458.7491455078125,cruise,
6,U05,4529.865156289102,109.27176346135987,23.018375222818612,458.7491455078125,cruise,
6,U05,4539.865156289102,109.27034568181315,23.018033330424817,458.7491455078125,cruise,
6,U05,4549.865156289102,109.26892790226644,23.01769143803102,458.7491455078125,cruise,
6,U05,4559.865156289102,109.26751012271973,23.017349545637224,458.7491455078125,cruise,
6,U05,4569.865156289102,109.26609234317303,23.01700765324343,458.7491455078125,cruise,
6,U05,4579.865156289102,109.26467456362631,23.01666576084963,458.7491455078125,cruise,
6,U05,4589.865156289102,109.2632567840796,23.016323868455835,458.7491455078125,cruise,
6,U05,4599.865156289102,109.26183900453289,23.01598197606204,458.7491455078125,cruise,
6,U05,4609.865156289102,109.26042122498617,23.01564008366824,458.7491455078125,cruise,
6,U05,4619.865156289102,109.25900344543948,23.015298191274447,458.7491455078125,cruise,
6,U05,4629.865156289102,109.25758566589276,23.014956298880648,458.7491455078125,cruise,
6,U05,4639.865156289102,109.25616788634605,23.014614406486853,458.7491455078125,cruise,
6,U05,4649.865156289102,109.25475010679934,23.014272514093058,458.7491455078125,cruise,
6,U05,4659.865156289102,109.25333232725262,23.01393062169926,458.7491455078125,cruise,
6,U05,4669.865156289102,109.25191454770592,23.013588729305464,458.7491455078125,cruise,
6,U05,4679.865156289102,109.25049676815921,23.01324683691167,458.7491455078125,cruise,
6,U05,4689.865156289102,109.2490789886125,23.01290494451787,458.7491455078125,cruise,
6,U05,4699.865156289102,109.24766120906578,23.012563052124076,458.7491455078125,cruise,
6,U05,4709.865156289102,109.24624342951908,23.01222115973028,458.7491455078125,cruise,
6,U05,4719.865156289102,109.24482564997237,23.011879267336482,458.7491455078125,cruise,
6,U05,4729.865156289102,109.24340787042566,23.011537374942687,458.7491455078125,cruise,
6,U05,4739.865156289102,109.24199009087894,23.011195482548892,458.7491455078125,cruise,
6,U05,4749.865156289102,109.24057231133223,23.010853590155094,458.7491455078125,cruise,
6,U05,4759.865156289102,109.23915453178553,23.0105116977613,458.7491455078125,cruise,
6,U05,4769.865156289102,109.23773675223882,23.010169805367504,458.7491455078125,cruise,
6,U05,4779.865156289102,109.2363189726921,23.009827912973705,458.7491455078125,cruise,
6,U05,4789.865156289102,109.23490119314539,23.00948602057991,458.7491455078125,cruise,
6,U05,4799.865156289102,109.23348341359869,23.009144128186115,458.7491455078125,cruise,
6,U05,4809.865156289102,109.23206563405198,23.008802235792317,458.7491455078125,cruise,
6,U05,4818.427376380287,109.2308517,23.0085095,458.7491455078125,descend,O01
6,U05,4828.427376380287,109.2308517,23.0085095,433.7491455078125,descend,O01
6,U05,4838.427376380287,109.2308517,23.0085095,408.7491455078125,descend,O01
6,U05,4848.427376380287,109.2308517,23.0085095,383.7491455078125,descend,O01
6,U05,4858.427376380287,109.2308517,23.0085095,358.7491455078125,descend,O01
6,U05,4868.427376380287,109.2308517,23.0085095,333.7491455078125,descend,O01
6,U05,4878.427376380287,109.2308517,23.0085095,308.7491455078125,descend,O01
6,U05,4888.427376380287,109.2308517,23.0085095,283.7491455078125,descend,O01
6,U05,4898.427376380287,109.2308517,23.0085095,258.7491455078125,descend,O01
6,U05,4908.427376380287,109.2308517,23.0085095,233.7491455078125,descend,O01
6,U05,4918.427376380287,109.2308517,23.0085095,208.7491455078125,descend,O01
6,U05,4928.427376380287,109.2308517,23.0085095,183.74914550781256,descend,O01
6,U05,4938.427376380287,109.2308517,23.0085095,158.7491455078125,descend,O01
6,U05,4948.427376380287,109.2308517,23.0085095,133.7491455078125,descend,O01
6,U05,4950.847034583412,109.2308517,23.0085095,127.69999999999999,descend,O01
7,U05,4950.8,109.2308517,23.0085095,127.7,setup,O01
7,U05,4960.8,109.2308517,23.0085095,127.7,setup,O01
7,U05,4970.8,109.2308517,23.0085095,127.7,setup,O01
7,U05,4980.8,109.2308517,23.0085095,127.7,setup,O01
7,U05,4990.8,109.2308517,23.0085095,127.7,setup,O01
7,U05,5000.8,109.2308517,23.0085095,127.7,setup,O01
7,U05,5010.8,109.2308517,23.0085095,127.7,setup,O01
7,U05,5020.8,109.2308517,23.0085095,127.7,setup,O01
7,U05,5030.8,109.2308517,23.0085095,127.7,setup,O01
7,U05,5040.8,109.2308517,23.0085095,127.7,setup,O01
7,U05,5050.8,109.2308517,23.0085095,127.7,setup,O01
7,U05,5060.8,109.2308517,23.0085095,127.7,setup,O01
7,U05,5070.8,109.2308517,23.0085095,127.7,setup,O01
7,U05,5080.8,109.2308517,23.0085095,127.7,setup,O01
7,U05,5090.8,109.2308517,23.0085095,127.7,setup,O01
7,U05,5100.8,109.2308517,23.0085095,127.7,setup,O01
7,U05,5110.8,109.2308517,23.0085095,127.7,setup,O01
7,U05,5120.8,109.2308517,23.0085095,127.7,setup,O01
7,U05,5130.8,109.2308517,23.0085095,127.7,setup,O01
7,U05,5140.8,109.2308517,23.0085095,127.7,setup,O01
7,U05,5150.8,109.2308517,23.0085095,127.7,setup,O01
7,U05,5160.8,109.2308517,23.0085095,127.7,setup,O01
7,U05,5170.8,109.2308517,23.0085095,127.7,setup,O01
7,U05,5180.8,109.2308517,23.0085095,127.7,setup,O01
7,U05,5190.8,109.2308517,23.0085095,127.7,setup,O01
7,U05,5200.8,109.2308517,23.0085095,127.7,setup,O01
7,U05,5210.8,109.2308517,23.0085095,127.7,setup,O01
7,U05,5220.8,109.2308517,23.0085095,127.7,setup,O01
7,U05,5230.8,109.2308517,23.0085095,127.7,setup,O01
7,U05,5240.8,109.2308517,23.0085095,127.7,setup,O01
7,U05,5250.8,109.2308517,23.0085095,127.7,setup,O01
7,U05,5260.8,109.2308517,23.0085095,127.7,setup,O01
7,U05,5270.8,109.2308517,23.0085095,127.7,setup,O01
7,U05,5280.8,109.2308517,23.0085095,127.7,setup,O01
7,U05,5290.8,109.2308517,23.0085095,127.7,setup,O01
7,U05,5300.8,109.2308517,23.0085095,127.7,setup,O01
7,U05,5310.8,109.2308517,23.0085095,127.7,setup,O01
7,U05,5320.8,109.2308517,23.0085095,127.7,setup,O01
7,U05,5330.8,109.2308517,23.0085095,127.7,setup,O01
7,U05,5340.8,109.2308517,23.0085095,127.7,climb,O01
7,U05,5350.8,109.2308517,23.0085095,157.7,climb,O01
7,U05,5360.8,109.2308517,23.0085095,187.7,climb,O01
7,U05,5370.8,109.2308517,23.0085095,217.7,climb,O01
7,U05,5380.8,109.2308517,23.0085095,247.7,climb,O01
7,U05,5390.8,109.2308517,23.0085095,277.7,climb,O01
7,U05,5400.8,109.2308517,23.0085095,307.7,climb,O01
7,U05,5410.420619710287,109.2308517,23.0085095,336.5618591308594,cruise,
7,U05,5420.420619710287,109.23146218487518,23.00973592174855,336.5618591308594,cruise,
7,U05,5430.420619710287,109.23207266975037,23.0109623434971,336.5618591308594,cruise,
7,U05,5440.420619710287,109.23268315462556,23.01218876524565,336.5618591308594,cruise,
7,U05,5450.420619710287,109.23329363950074,23.0134151869942,336.5618591308594,cruise,
7,U05,5460.420619710287,109.23390412437593,23.01464160874275,336.5618591308594,cruise,
7,U05,5470.420619710287,109.23451460925111,23.0158680304913,336.5618591308594,cruise,
7,U05,5480.420619710287,109.23512509412629,23.017094452239853,336.5618591308594,cruise,
7,U05,5490.420619710287,109.23573557900149,23.0183208739884,336.5618591308594,cruise,
7,U05,5500.420619710287,109.23634606387667,23.019547295736952,336.5618591308594,cruise,
7,U05,5510.420619710287,109.23695654875185,23.0207737174855,336.5618591308594,cruise,
7,U05,5520.420619710287,109.23756703362703,23.022000139234052,336.5618591308594,cruise,
7,U05,5530.420619710287,109.23817751850221,23.023226560982604,336.5618591308594,cruise,
7,U05,5540.420619710287,109.23878800337741,23.02445298273115,336.5618591308594,cruise,
7,U05,5550.420619710287,109.23939848825259,23.025679404479703,336.5618591308594,cruise,
7,U05,5560.420619710287,109.24000897312777,23.026905826228255,336.5618591308594,cruise,
7,U05,5570.420619710287,109.24061945800295,23.028132247976803,336.5618591308594,cruise,
7,U05,5580.420619710287,109.24122994287814,23.029358669725355,336.5618591308594,cruise,
7,U05,5590.420619710287,109.24184042775333,23.030585091473906,336.5618591308594,cruise,
7,U05,5600.420619710287,109.24245091262851,23.031811513222454,336.5618591308594,cruise,
7,U05,5610.420619710287,109.2430613975037,23.033037934971006,336.5618591308594,cruise,
7,U05,5620.420619710287,109.24367188237888,23.034264356719557,336.5618591308594,cruise,
7,U05,5630.420619710287,109.24428236725406,23.035490778468105,336.5618591308594,cruise,
7,U05,5640.420619710287,109.24489285212925,23.036717200216657,336.5618591308594,cruise,
7,U05,5650.420619710287,109.24550333700444,23.03794362196521,336.5618591308594,cruise,
7,U05,5660.420619710287,109.24611382187962,23.039170043713757,336.5618591308594,cruise,
7,U05,5670.420619710287,109.2467243067548,23.040396465462308,336.5618591308594,cruise,
7,U05,5680.420619710287,109.24733479162998,23.041622887210856,336.5618591308594,cruise,
7,U05,5690.420619710287,109.24794527650518,23.042849308959408,336.5618591308594,cruise,
7,U05,5700.420619710287,109.24855576138036,23.04407573070796,336.5618591308594,cruise,
7,U05,5710.420619710287,109.24916624625554,23.045302152456507,336.5618591308594,cruise,
7,U05,5720.420619710287,109.24977673113072,23.04652857420506,336.5618591308594,cruise,
7,U05,5730.420619710287,109.2503872160059,23.04775499595361,336.5618591308594,cruise,
7,U05,5740.420619710287,109.2509977008811,23.04898141770216,336.5618591308594,cruise,
7,U05,5750.420619710287,109.25160818575628,23.05020783945071,336.5618591308594,cruise,
7,U05,5760.420619710287,109.25221867063146,23.05143426119926,336.5618591308594,cruise,
7,U05,5770.420619710287,109.25282915550665,23.05266068294781,336.5618591308594,cruise,
7,U05,5780.420619710287,109.25343964038183,23.05388710469636,336.5618591308594,cruise,
7,U05,5790.420619710287,109.25405012525702,23.055113526444913,336.5618591308594,cruise,
7,U05,5791.932118958471,109.2541424,23.0552989,336.5618591308594,descend,S009
7,U05,5801.932118958471,109.2541424,23.0552989,311.5618591308594,descend,S009
7,U05,5811.932118958471,109.2541424,23.0552989,286.5618591308594,descend,S009
7,U05,5821.932118958471,109.2541424,23.0552989,261.5618591308594,descend,S009
7,U05,5831.932118958471,109.2541424,23.0552989,236.56185913085938,descend,S009
7,U05,5834.556862610814,109.2541424,23.0552989,230.0,handover,S009
7,U05,5844.556862610814,109.2541424,23.0552989,230.0,handover,S009
7,U05,5854.556862610814,109.2541424,23.0552989,230.0,handover,S009
7,U05,5864.556862610814,109.2541424,23.0552989,230.0,handover,S009
7,U05,5874.556862610814,109.2541424,23.0552989,230.0,handover,S009
7,U05,5884.556862610814,109.2541424,23.0552989,230.0,handover,S009
7,U05,5894.556862610814,109.2541424,23.0552989,230.0,handover,S009
7,U05,5904.556862610814,109.2541424,23.0552989,230.0,handover,S009
7,U05,5914.556862610814,109.2541424,23.0552989,230.0,handover,S009
7,U05,5924.556862610814,109.2541424,23.0552989,230.0,handover,S009
7,U05,5934.556862610814,109.2541424,23.0552989,230.0,handover,S009
7,U05,5944.556862610814,109.2541424,23.0552989,230.0,handover,S009
7,U05,5954.556862610814,109.2541424,23.0552989,230.0,handover,S009
7,U05,5964.556862610814,109.2541424,23.0552989,230.0,handover,S009
7,U05,5974.556862610814,109.2541424,23.0552989,230.0,handover,S009
7,U05,5984.556862610814,109.2541424,23.0552989,230.0,handover,S009
7,U05,5994.556862610814,109.2541424,23.0552989,230.0,handover,S009
7,U05,6004.556862610814,109.2541424,23.0552989,230.0,handover,S009
7,U05,6014.556862610814,109.2541424,23.0552989,230.0,handover,S009
7,U05,6024.556862610814,109.2541424,23.0552989,230.0,handover,S009
7,U05,6034.556862610814,109.2541424,23.0552989,230.0,handover,S009
7,U05,6044.556862610814,109.2541424,23.0552989,230.0,handover,S009
7,U05,6054.556862610814,109.2541424,23.0552989,230.0,handover,S009
7,U05,6064.556862610814,109.2541424,23.0552989,230.0,handover,S009
7,U05,6074.556862610814,109.2541424,23.0552989,230.0,climb,S009
7,U05,6084.556862610814,109.2541424,23.0552989,260.0,climb,S009
7,U05,6094.556862610814,109.2541424,23.0552989,290.0,climb,S009
7,U05,6104.556862610814,109.2541424,23.0552989,320.0,climb,S009
7,U05,6113.279559550919,109.2541424,23.0552989,346.1680908203125,cruise,
7,U05,6123.279559550919,109.25353191512482,23.05407247825145,346.1680908203125,cruise,
7,U05,6133.279559550919,109.25292143024964,23.0528460565029,346.1680908203125,cruise,
7,U05,6143.279559550919,109.25231094537445,23.05161963475435,346.1680908203125,cruise,
7,U05,6153.279559550919,109.25170046049926,23.050393213005798,346.1680908203125,cruise,
7,U05,6163.279559550919,109.25108997562408,23.04916679125725,346.1680908203125,cruise,
7,U05,6173.279559550919,109.2504794907489,23.047940369508698,346.1680908203125,cruise,
7,U05,6183.279559550919,109.24986900587372,23.046713947760146,346.1680908203125,cruise,
7,U05,6193.279559550919,109.24925852099852,23.0454875260116,346.1680908203125,cruise,
7,U05,6203.279559550919,109.24864803612334,23.044261104263047,346.1680908203125,cruise,
7,U05,6213.279559550919,109.24803755124816,23.0430346825145,346.1680908203125,cruise,
7,U05,6223.279559550919,109.24742706637298,23.041808260765947,346.1680908203125,cruise,
7,U05,6233.279559550919,109.2468165814978,23.040581839017396,346.1680908203125,cruise,
7,U05,6243.279559550919,109.2462060966226,23.039355417268848,346.1680908203125,cruise,
7,U05,6253.279559550919,109.24559561174742,23.038128995520296,346.1680908203125,cruise,
7,U05,6263.279559550919,109.24498512687224,23.036902573771744,346.1680908203125,cruise,
7,U05,6273.279559550919,109.24437464199706,23.035676152023196,346.1680908203125,cruise,
7,U05,6283.279559550919,109.24376415712187,23.034449730274645,346.1680908203125,cruise,
7,U05,6293.279559550919,109.24315367224668,23.033223308526093,346.1680908203125,cruise,
7,U05,6303.279559550919,109.2425431873715,23.031996886777545,346.1680908203125,cruise,
7,U05,6313.279559550919,109.24193270249631,23.030770465028993,346.1680908203125,cruise,
7,U05,6323.279559550919,109.24132221762113,23.029544043280442,346.1680908203125,cruise,
7,U05,6333.279559550919,109.24071173274595,23.028317621531894,346.1680908203125,cruise,
7,U05,6343.279559550919,109.24010124787075,23.027091199783342,346.1680908203125,cruise,
7,U05,6353.279559550919,109.23949076299557,23.02586477803479,346.1680908203125,cruise,
7,U05,6363.279559550919,109.23888027812039,23.024638356286243,346.1680908203125,cruise,
7,U05,6373.279559550919,109.23826979324521,23.02341193453769,346.1680908203125,cruise,
7,U05,6383.279559550919,109.23765930837003,23.022185512789143,346.1680908203125,cruise,
7,U05,6393.279559550919,109.23704882349483,23.02095909104059,346.1680908203125,cruise,
7,U05,6403.279559550919,109.23643833861965,23.01973266929204,346.1680908203125,cruise,
7,U05,6413.279559550919,109.23582785374447,23.018506247543492,346.1680908203125,cruise,
7,U05,6423.279559550919,109.23521736886929,23.01727982579494,346.1680908203125,cruise,
7,U05,6433.279559550919,109.2346068839941,23.01605340404639,346.1680908203125,cruise,
7,U05,6443.279559550919,109.23399639911891,23.01482698229784,346.1680908203125,cruise,
7,U05,6453.279559550919,109.23338591424373,23.01360056054929,346.1680908203125,cruise,
7,U05,6463.279559550919,109.23277542936854,23.012374138800737,346.1680908203125,cruise,
7,U05,6473.279559550919,109.23216494449336,23.01114771705219,346.1680908203125,cruise,
7,U05,6483.279559550919,109.23155445961818,23.009921295303638,346.1680908203125,cruise,
7,U05,6493.279559550919,109.23094397474298,23.008694873555086,346.1680908203125,cruise,
7,U05,6494.791058799103,109.2308517,23.0085095,346.1680908203125,descend,O01
7,U05,6504.791058799103,109.2308517,23.0085095,321.1680908203125,descend,O01
7,U05,6514.791058799103,109.2308517,23.0085095,296.1680908203125,descend,O01
7,U05,6524.791058799103,109.2308517,23.0085095,271.1680908203125,descend,O01
7,U05,6534.791058799103,109.2308517,23.0085095,246.1680908203125,descend,O01
7,U05,6544.791058799103,109.2308517,23.0085095,221.1680908203125,descend,O01
7,U05,6554.791058799103,109.2308517,23.0085095,196.1680908203125,descend,O01
7,U05,6564.791058799103,109.2308517,23.0085095,171.1680908203125,descend,O01
7,U05,6574.791058799103,109.2308517,23.0085095,146.1680908203125,descend,O01
7,U05,6582.178295127228,109.2308517,23.0085095,127.69999999999999,descend,O01
8,U06,3682.9,109.2308517,23.0085095,127.7,setup,O01
8,U06,3692.9,109.2308517,23.0085095,127.7,setup,O01
8,U06,3702.9,109.2308517,23.0085095,127.7,setup,O01
8,U06,3712.9,109.2308517,23.0085095,127.7,setup,O01
8,U06,3722.9,109.2308517,23.0085095,127.7,setup,O01
8,U06,3732.9,109.2308517,23.0085095,127.7,setup,O01
8,U06,3742.9,109.2308517,23.0085095,127.7,setup,O01
8,U06,3752.9,109.2308517,23.0085095,127.7,setup,O01
8,U06,3762.9,109.2308517,23.0085095,127.7,setup,O01
8,U06,3772.9,109.2308517,23.0085095,127.7,setup,O01
8,U06,3782.9,109.2308517,23.0085095,127.7,setup,O01
8,U06,3792.9,109.2308517,23.0085095,127.7,setup,O01
8,U06,3802.9,109.2308517,23.0085095,127.7,setup,O01
8,U06,3812.9,109.2308517,23.0085095,127.7,setup,O01
8,U06,3822.9,109.2308517,23.0085095,127.7,setup,O01
8,U06,3832.9,109.2308517,23.0085095,127.7,setup,O01
8,U06,3842.9,109.2308517,23.0085095,127.7,setup,O01
8,U06,3852.9,109.2308517,23.0085095,127.7,setup,O01
8,U06,3862.9,109.2308517,23.0085095,127.7,setup,O01
8,U06,3872.9,109.2308517,23.0085095,127.7,setup,O01
8,U06,3882.9,109.2308517,23.0085095,127.7,setup,O01
8,U06,3892.9,109.2308517,23.0085095,127.7,setup,O01
8,U06,3902.9,109.2308517,23.0085095,127.7,setup,O01
8,U06,3912.9,109.2308517,23.0085095,127.7,setup,O01
8,U06,3922.9,109.2308517,23.0085095,127.7,setup,O01
8,U06,3932.9,109.2308517,23.0085095,127.7,setup,O01
8,U06,3942.9,109.2308517,23.0085095,127.7,setup,O01
8,U06,3952.9,109.2308517,23.0085095,127.7,setup,O01
8,U06,3962.9,109.2308517,23.0085095,127.7,setup,O01
8,U06,3972.9,109.2308517,23.0085095,127.7,setup,O01
8,U06,3982.9,109.2308517,23.0085095,127.7,setup,O01
8,U06,3992.9,109.2308517,23.0085095,127.7,setup,O01
8,U06,4002.9,109.2308517,23.0085095,127.7,setup,O01
8,U06,4012.9,109.2308517,23.0085095,127.7,setup,O01
8,U06,4022.9,109.2308517,23.0085095,127.7,setup,O01
8,U06,4032.9,109.2308517,23.0085095,127.7,setup,O01
8,U06,4042.9,109.2308517,23.0085095,127.7,setup,O01
8,U06,4052.9,109.2308517,23.0085095,127.7,setup,O01
8,U06,4062.9,109.2308517,23.0085095,127.7,setup,O01
8,U06,4072.9,109.2308517,23.0085095,127.7,climb,O01
8,U06,4082.9,109.2308517,23.0085095,157.7,climb,O01
8,U06,4092.9,109.2308517,23.0085095,187.7,climb,O01
8,U06,4102.9,109.2308517,23.0085095,217.70000000000002,climb,O01
8,U06,4112.9,109.2308517,23.0085095,247.7,climb,O01
8,U06,4122.9,109.2308517,23.0085095,277.7,climb,O01
8,U06,4132.9,109.2308517,23.0085095,307.70000000000005,climb,O01
8,U06,4142.9,109.2308517,23.0085095,337.70000000000005,climb,O01
8,U06,4152.9,109.2308517,23.0085095,367.7,climb,O01
8,U06,4156.207987467448,109.2308517,23.0085095,377.62396240234375,cruise,
8,U06,4166.207987467448,109.23191173437176,23.009441206631795,377.62396240234375,cruise,
8,U06,4176.207987467448,109.23297176874351,23.01037291326359,377.62396240234375,cruise,
8,U06,4186.207987467448,109.23403180311527,23.011304619895387,377.62396240234375,cruise,
8,U06,4196.207987467448,109.23509183748702,23.012236326527184,377.62396240234375,cruise,
8,U06,4206.207987467448,109.23615187185878,23.01316803315898,377.62396240234375,cruise,
8,U06,4216.207987467448,109.23721190623053,23.014099739790773,377.62396240234375,cruise,
8,U06,4226.207987467448,109.23827194060229,23.01503144642257,377.62396240234375,cruise,
8,U06,4236.207987467448,109.23933197497404,23.015963153054365,377.62396240234375,cruise,
8,U06,4246.207987467448,109.2403920093458,23.01689485968616,377.62396240234375,cruise,
8,U06,4256.207987467448,109.24145204371756,23.017826566317957,377.62396240234375,cruise,
8,U06,4266.207987467448,109.2425120780893,23.018758272949754,377.62396240234375,cruise,
8,U06,4276.207987467448,109.24357211246107,23.01968997958155,377.62396240234375,cruise,
8,U06,4286.207987467448,109.24463214683281,23.020621686213346,377.62396240234375,cruise,
8,U06,4296.207987467448,109.24569218120457,23.021553392845142,377.62396240234375,cruise,
8,U06,4306.207987467448,109.24675221557632,23.02248509947694,377.62396240234375,cruise,
8,U06,4316.207987467448,109.24781224994808,23.023416806108735,377.62396240234375,cruise,
8,U06,4326.207987467448,109.24887228431984,23.024348512740527,377.62396240234375,cruise,
8,U06,4336.207987467448,109.24993231869159,23.025280219372323,377.62396240234375,cruise,
8,U06,4346.207987467448,109.25099235306335,23.02621192600412,377.62396240234375,cruise,
8,U06,4356.207987467448,109.2520523874351,23.027143632635916,377.62396240234375,cruise,
8,U06,4366.207987467448,109.25311242180686,23.028075339267712,377.62396240234375,cruise,
8,U06,4376.207987467448,109.25417245617861,23.029007045899508,377.62396240234375,cruise,
8,U06,4386.207987467448,109.25523249055037,23.029938752531304,377.62396240234375,cruise,
8,U06,4396.207987467448,109.25629252492212,23.0308704591631,377.62396240234375,cruise,
8,U06,4406.207987467448,109.25735255929388,23.031802165794897,377.62396240234375,cruise,
8,U06,4416.207987467448,109.25841259366564,23.032733872426693,377.62396240234375,cruise,
8,U06,4426.207987467448,109.25947262803739,23.03366557905849,377.62396240234375,cruise,
8,U06,4436.207987467448,109.26053266240915,23.034597285690285,377.62396240234375,cruise,
8,U06,4446.207987467448,109.2615926967809,23.035528992322078,377.62396240234375,cruise,
8,U06,4456.207987467448,109.26265273115266,23.036460698953874,377.62396240234375,cruise,
8,U06,4466.207987467448,109.2637127655244,23.03739240558567,377.62396240234375,cruise,
8,U06,4476.207987467448,109.26477279989616,23.038324112217467,377.62396240234375,cruise,
8,U06,4486.207987467448,109.26583283426791,23.039255818849263,377.62396240234375,cruise,
8,U06,4496.207987467448,109.26689286863967,23.04018752548106,377.62396240234375,cruise,
8,U06,4506.207987467448,109.26795290301143,23.041119232112855,377.62396240234375,cruise,
8,U06,4516.207987467448,109.26901293738318,23.04205093874465,377.62396240234375,cruise,
8,U06,4526.207987467448,109.27007297175494,23.042982645376448,377.62396240234375,cruise,
8,U06,4536.207987467448,109.27113300612669,23.043914352008244,377.62396240234375,cruise,
8,U06,4546.207987467448,109.27219304049845,23.04484605864004,377.62396240234375,cruise,
8,U06,4556.207987467448,109.2732530748702,23.045777765271833,377.62396240234375,cruise,
8,U06,4566.207987467448,109.27431310924196,23.04670947190363,377.62396240234375,cruise,
8,U06,4576.207987467448,109.2753731436137,23.047641178535425,377.62396240234375,cruise,
8,U06,4586.207987467448,109.27643317798547,23.04857288516722,377.62396240234375,cruise,
8,U06,4596.207987467448,109.27749321235723,23.049504591799018,377.62396240234375,cruise,
8,U06,4606.207987467448,109.27855324672898,23.050436298430814,377.62396240234375,cruise,
8,U06,4616.207987467448,109.27961328110074,23.05136800506261,377.62396240234375,cruise,
8,U06,4626.207987467448,109.28067331547248,23.052299711694406,377.62396240234375,cruise,
8,U06,4636.207987467448,109.28173334984425,23.053231418326202,377.62396240234375,cruise,
8,U06,4646.207987467448,109.28279338421599,23.054163124958,377.62396240234375,cruise,
8,U06,4649.437276942635,109.2831357,23.054464,377.62396240234375,descend,S012
8,U06,4659.437276942635,109.2831357,23.054464,352.62396240234375,descend,S012
8,U06,4669.437276942635,109.2831357,23.054464,327.62396240234375,descend,S012
8,U06,4679.437276942635,109.2831357,23.054464,302.62396240234375,descend,S012
8,U06,4688.566861903573,109.2831357,23.054464,279.8,handover,S012
8,U06,4698.566861903573,109.2831357,23.054464,279.8,handover,S012
8,U06,4708.566861903573,109.2831357,23.054464,279.8,handover,S012
8,U06,4718.566861903573,109.2831357,23.054464,279.8,handover,S012
8,U06,4728.566861903573,109.2831357,23.054464,279.8,handover,S012
8,U06,4738.566861903573,109.2831357,23.054464,279.8,handover,S012
8,U06,4748.566861903573,109.2831357,23.054464,279.8,handover,S012
8,U06,4758.566861903573,109.2831357,23.054464,279.8,handover,S012
8,U06,4768.566861903573,109.2831357,23.054464,279.8,handover,S012
8,U06,4778.566861903573,109.2831357,23.054464,279.8,handover,S012
8,U06,4788.566861903573,109.2831357,23.054464,279.8,handover,S012
8,U06,4798.566861903573,109.2831357,23.054464,279.8,handover,S012
8,U06,4808.566861903573,109.2831357,23.054464,279.8,handover,S012
8,U06,4818.566861903573,109.2831357,23.054464,279.8,handover,S012
8,U06,4828.566861903573,109.2831357,23.054464,279.8,handover,S012
8,U06,4838.566861903573,109.2831357,23.054464,279.8,handover,S012
8,U06,4848.566861903573,109.2831357,23.054464,279.8,handover,S012
8,U06,4858.566861903573,109.2831357,23.054464,279.8,handover,S012
8,U06,4868.566861903573,109.2831357,23.054464,279.8,handover,S012
8,U06,4878.566861903573,109.2831357,23.054464,279.8,handover,S012
8,U06,4888.566861903573,109.2831357,23.054464,279.8,handover,S012
8,U06,4898.566861903573,109.2831357,23.054464,279.8,handover,S012
8,U06,4908.566861903573,109.2831357,23.054464,279.8,handover,S012
8,U06,4918.566861903573,109.2831357,23.054464,279.8,handover,S012
8,U06,4928.566861903573,109.2831357,23.054464,279.8,climb,S012
8,U06,4938.566861903573,109.2831357,23.054464,309.8,climb,S012
8,U06,4948.566861903573,109.2831357,23.054464,339.8,climb,S012
8,U06,4958.566861903573,109.2831357,23.054464,369.8,climb,S012
8,U06,4968.566861903573,109.2831357,23.054464,399.8,climb,S012
8,U06,4978.566861903573,109.2831357,23.054464,429.8,climb,S012
8,U06,4982.296268641854,109.2831357,23.054464,440.98822021484375,cruise,
8,U06,4992.296268641854,109.28207566562824,23.053532293368203,440.98822021484375,cruise,
8,U06,5002.296268641854,109.2810156312565,23.052600586736407,440.98822021484375,cruise,
8,U06,5012.296268641854,109.27995559688473,23.05166888010461,440.98822021484375,cruise,
8,U06,5022.296268641854,109.27889556251299,23.050737173472815,440.98822021484375,cruise,
8,U06,5032.296268641854,109.27783552814122,23.04980546684102,440.98822021484375,cruise,
8,U06,5042.296268641854,109.27677549376948,23.048873760209226,440.98822021484375,cruise,
8,U06,5052.296268641854,109.27571545939772,23.04794205357743,440.98822021484375,cruise,
8,U06,5062.296268641854,109.27465542502597,23.047010346945633,440.98822021484375,cruise,
8,U06,5072.296268641854,109.27359539065421,23.046078640313837,440.98822021484375,cruise,
8,U06,5082.296268641854,109.27253535628245,23.04514693368204,440.98822021484375,cruise,
8,U06,5092.296268641854,109.2714753219107,23.044215227050245,440.98822021484375,cruise,
8,U06,5102.296268641854,109.27041528753894,23.04328352041845,440.98822021484375,cruise,
8,U06,5112.296268641854,109.26935525316719,23.042351813786652,440.98822021484375,cruise,
8,U06,5122.296268641854,109.26829521879543,23.041420107154856,440.98822021484375,cruise,
8,U06,5132.296268641854,109.26723518442368,23.04048840052306,440.98822021484375,cruise,
8,U06,5142.296268641854,109.26617515005192,23.039556693891264,440.98822021484375,cruise,
8,U06,5152.296268641854,109.26511511568016,23.03862498725947,440.98822021484375,cruise,
8,U06,5162.296268641854,109.26405508130841,23.037693280627675,440.98822021484375,cruise,
8,U06,5172.296268641854,109.26299504693665,23.03676157399588,440.98822021484375,cruise,
8,U06,5182.296268641854,109.2619350125649,23.035829867364082,440.98822021484375,cruise,
8,U06,5192.296268641854,109.26087497819314,23.034898160732286,440.98822021484375,cruise,
8,U06,5202.296268641854,109.2598149438214,23.03396645410049,440.98822021484375,cruise,
8,U06,5212.296268641854,109.25875490944964,23.033034747468694,440.98822021484375,cruise,
8,U06,5222.296268641854,109.25769487507789,23.032103040836898,440.98822021484375,cruise,
8,U06,5232.296268641854,109.25663484070613,23.0311713342051,440.98822021484375,cruise,
8,U06,5242.296268641854,109.25557480633437,23.030239627573305,440.98822021484375,cruise,
8,U06,5252.296268641854,109.25451477196262,23.02930792094151,440.98822021484375,cruise,
8,U06,5262.296268641854,109.25345473759086,23.028376214309713,440.98822021484375,cruise,
8,U06,5272.296268641854,109.25239470321911,23.02744450767792,440.98822021484375,cruise,
8,U06,5282.296268641854,109.25133466884735,23.026512801046124,440.98822021484375,cruise,
8,U06,5292.296268641854,109.2502746344756,23.025581094414328,440.98822021484375,cruise,
8,U06,5302.296268641854,109.24921460010384,23.02464938778253,440.98822021484375,cruise,
8,U06,5312.296268641854,109.2481545657321,23.023717681150735,440.98822021484375,cruise,
8,U06,5322.296268641854,109.24709453136033,23.02278597451894,440.98822021484375,cruise,
8,U06,5332.296268641854,109.24603449698857,23.021854267887143,440.98822021484375,cruise,
8,U06,5342.296268641854,109.24497446261682,23.020922561255347,440.98822021484375,cruise,
8,U06,5352.296268641854,109.24391442824506,23.01999085462355,440.98822021484375,cruise,
8,U06,5362.296268641854,109.24285439387332,23.019059147991754,440.98822021484375,cruise,
8,U06,5372.296268641854,109.24179435950155,23.018127441359958,440.98822021484375,cruise,
8,U06,5382.296268641854,109.24073432512981,23.017195734728165,440.98822021484375,cruise,
8,U06,5392.296268641854,109.23967429075805,23.01626402809637,440.98822021484375,cruise,
8,U06,5402.296268641854,109.2386142563863,23.015332321464573,440.98822021484375,cruise,
8,U06,5412.296268641854,109.23755422201454,23.014400614832777,440.98822021484375,cruise,
8,U06,5422.296268641854,109.23649418764278,23.01346890820098,440.98822021484375,cruise,
8,U06,5432.296268641854,109.23543415327103,23.012537201569184,440.98822021484375,cruise,
8,U06,5442.296268641854,109.23437411889927,23.01160549493739,440.98822021484375,cruise,
8,U06,5452.296268641854,109.23331408452752,23.010673788305592,440.98822021484375,cruise,
8,U06,5462.296268641854,109.23225405015576,23.009742081673796,440.98822021484375,cruise,
8,U06,5472.296268641854,109.23119401578401,23.008810375042,440.98822021484375,cruise,
8,U06,5475.525558117041,109.2308517,23.0085095,440.98822021484375,descend,O01
8,U06,5485.525558117041,109.2308517,23.0085095,415.98822021484375,descend,O01
8,U06,5495.525558117041,109.2308517,23.0085095,390.98822021484375,descend,O01
8,U06,5505.525558117041,109.2308517,23.0085095,365.98822021484375,descend,O01
8,U06,5515.525558117041,109.2308517,23.0085095,340.98822021484375,descend,O01
8,U06,5525.525558117041,109.2308517,23.0085095,315.98822021484375,descend,O01
8,U06,5535.525558117041,109.2308517,23.0085095,290.98822021484375,descend,O01
8,U06,5545.525558117041,109.2308517,23.0085095,265.98822021484375,descend,O01
8,U06,5555.525558117041,109.2308517,23.0085095,240.98822021484375,descend,O01
8,U06,5565.525558117041,109.2308517,23.0085095,215.98822021484375,descend,O01
8,U06,5575.525558117041,109.2308517,23.0085095,190.98822021484378,descend,O01
8,U06,5585.525558117041,109.2308517,23.0085095,165.9882202148438,descend,O01
8,U06,5595.525558117041,109.2308517,23.0085095,140.98822021484375,descend,O01
8,U06,5600.840846202979,109.2308517,23.0085095,127.69999999999999,descend,O01
9,U06,5600.8,109.2308517,23.0085095,127.7,setup,O01
9,U06,5610.8,109.2308517,23.0085095,127.7,setup,O01
9,U06,5620.8,109.2308517,23.0085095,127.7,setup,O01
9,U06,5630.8,109.2308517,23.0085095,127.7,setup,O01
9,U06,5640.8,109.2308517,23.0085095,127.7,setup,O01
9,U06,5650.8,109.2308517,23.0085095,127.7,setup,O01
9,U06,5660.8,109.2308517,23.0085095,127.7,setup,O01
9,U06,5670.8,109.2308517,23.0085095,127.7,setup,O01
9,U06,5680.8,109.2308517,23.0085095,127.7,setup,O01
9,U06,5690.8,109.2308517,23.0085095,127.7,setup,O01
9,U06,5700.8,109.2308517,23.0085095,127.7,setup,O01
9,U06,5710.8,109.2308517,23.0085095,127.7,setup,O01
9,U06,5720.8,109.2308517,23.0085095,127.7,setup,O01
9,U06,5730.8,109.2308517,23.0085095,127.7,setup,O01
9,U06,5740.8,109.2308517,23.0085095,127.7,setup,O01
9,U06,5750.8,109.2308517,23.0085095,127.7,setup,O01
9,U06,5760.8,109.2308517,23.0085095,127.7,setup,O01
9,U06,5770.8,109.2308517,23.0085095,127.7,setup,O01
9,U06,5780.8,109.2308517,23.0085095,127.7,setup,O01
9,U06,5790.8,109.2308517,23.0085095,127.7,setup,O01
9,U06,5800.8,109.2308517,23.0085095,127.7,setup,O01
9,U06,5810.8,109.2308517,23.0085095,127.7,setup,O01
9,U06,5820.8,109.2308517,23.0085095,127.7,setup,O01
9,U06,5830.8,109.2308517,23.0085095,127.7,setup,O01
9,U06,5840.8,109.2308517,23.0085095,127.7,setup,O01
9,U06,5850.8,109.2308517,23.0085095,127.7,setup,O01
9,U06,5860.8,109.2308517,23.0085095,127.7,setup,O01
9,U06,5870.8,109.2308517,23.0085095,127.7,setup,O01
9,U06,5880.8,109.2308517,23.0085095,127.7,setup,O01
9,U06,5890.8,109.2308517,23.0085095,127.7,setup,O01
9,U06,5900.8,109.2308517,23.0085095,127.7,setup,O01
9,U06,5910.8,109.2308517,23.0085095,127.7,setup,O01
9,U06,5920.8,109.2308517,23.0085095,127.7,setup,O01
9,U06,5930.8,109.2308517,23.0085095,127.7,setup,O01
9,U06,5940.8,109.2308517,23.0085095,127.7,setup,O01
9,U06,5950.8,109.2308517,23.0085095,127.7,setup,O01
9,U06,5960.8,109.2308517,23.0085095,127.7,setup,O01
9,U06,5970.8,109.2308517,23.0085095,127.7,setup,O01
9,U06,5980.8,109.2308517,23.0085095,127.7,setup,O01
9,U06,5990.8,109.2308517,23.0085095,127.7,climb,O01
9,U06,6000.8,109.2308517,23.0085095,157.7,climb,O01
9,U06,6010.8,109.2308517,23.0085095,187.7,climb,O01
9,U06,6020.8,109.2308517,23.0085095,217.7,climb,O01
9,U06,6030.8,109.2308517,23.0085095,247.7,climb,O01
9,U06,6040.8,109.2308517,23.0085095,277.7,climb,O01
9,U06,6050.8,109.2308517,23.0085095,307.7,climb,O01
9,U06,6060.8,109.2308517,23.0085095,337.7,climb,O01
9,U06,6070.8,109.2308517,23.0085095,367.7,climb,O01
9,U06,6071.894171142579,109.2308517,23.0085095,370.9825134277344,cruise,
9,U06,6081.894171142579,109.23231388206455,23.008418023698468,370.9825134277344,cruise,
9,U06,6091.894171142579,109.2337760641291,23.008326547396937,370.9825134277344,cruise,
9,U06,6101.894171142579,109.23523824619365,23.008235071095406,370.9825134277344,cruise,
9,U06,6111.894171142579,109.2367004282582,23.008143594793875,370.9825134277344,cruise,
9,U06,6121.894171142579,109.23816261032275,23.008052118492348,370.9825134277344,cruise,
9,U06,6131.894171142579,109.2396247923873,23.007960642190817,370.9825134277344,cruise,
9,U06,6141.894171142579,109.24108697445185,23.007869165889286,370.9825134277344,cruise,
9,U06,6151.894171142579,109.2425491565164,23.007777689587755,370.9825134277344,cruise,
9,U06,6161.894171142579,109.24401133858095,23.007686213286224,370.9825134277344,cruise,
9,U06,6171.894171142579,109.2454735206455,23.007594736984693,370.9825134277344,cruise,
9,U06,6181.894171142579,109.24693570271005,23.007503260683162,370.9825134277344,cruise,
9,U06,6191.894171142579,109.2483978847746,23.00741178438163,370.9825134277344,cruise,
9,U06,6201.894171142579,109.24986006683915,23.007320308080104,370.9825134277344,cruise,
9,U06,6211.894171142579,109.2513222489037,23.007228831778573,370.9825134277344,cruise,
9,U06,6221.894171142579,109.25278443096825,23.00713735547704,370.9825134277344,cruise,
9,U06,6231.894171142579,109.2542466130328,23.00704587917551,370.9825134277344,cruise,
9,U06,6241.894171142579,109.25570879509735,23.00695440287398,370.9825134277344,cruise,
9,U06,6251.894171142579,109.2571709771619,23.00686292657245,370.9825134277344,cruise,
9,U06,6261.894171142579,109.25863315922645,23.006771450270918,370.9825134277344,cruise,
9,U06,6271.894171142579,109.26009534129099,23.006679973969387,370.9825134277344,cruise,
9,U06,6281.894171142579,109.26155752335555,23.006588497667856,370.9825134277344,cruise,
9,U06,6291.894171142579,109.26301970542009,23.00649702136633,370.9825134277344,cruise,
9,U06,6301.894171142579,109.26448188748465,23.006405545064798,370.9825134277344,cruise,
9,U06,6311.894171142579,109.26594406954919,23.006314068763267,370.9825134277344,cruise,
9,U06,6321.894171142579,109.26740625161375,23.006222592461736,370.9825134277344,cruise,
9,U06,6331.894171142579,109.26886843367829,23.006131116160205,370.9825134277344,cruise,
9,U06,6341.894171142579,109.27033061574285,23.006039639858674,370.9825134277344,cruise,
9,U06,6351.894171142579,109.2717927978074,23.005948163557143,370.9825134277344,cruise,
9,U06,6361.894171142579,109.27325497987195,23.005856687255612,370.9825134277344,cruise,
9,U06,6371.894171142579,109.2747171619365,23.00576521095408,370.9825134277344,cruise,
9,U06,6381.894171142579,109.27617934400105,23.005673734652554,370.9825134277344,cruise,
9,U06,6391.894171142579,109.2776415260656,23.005582258351023,370.9825134277344,cruise,
9,U06,6401.894171142579,109.27910370813015,23.005490782049492,370.9825134277344,cruise,
9,U06,6411.894171142579,109.2805658901947,23.00539930574796,370.9825134277344,cruise,
9,U06,6421.894171142579,109.28202807225925,23.00530782944643,370.9825134277344,cruise,
9,U06,6431.894171142579,109.2834902543238,23.0052163531449,370.9825134277344,cruise,
9,U06,6432.621479176091,109.2835966,23.0052097,370.9825134277344,descend,S014
9,U06,6440.614484547185,109.2835966,23.0052097,351.0,handover,S014
9,U06,6450.614484547185,109.2835966,23.0052097,351.0,handover,S014
9,U06,6460.614484547185,109.2835966,23.0052097,351.0,handover,S014
9,U06,6470.614484547185,109.2835966,23.0052097,351.0,handover,S014
9,U06,6480.614484547185,109.2835966,23.0052097,351.0,handover,S014
9,U06,6490.614484547185,109.2835966,23.0052097,351.0,handover,S014
9,U06,6500.614484547185,109.2835966,23.0052097,351.0,handover,S014
9,U06,6510.614484547185,109.2835966,23.0052097,351.0,handover,S014
9,U06,6520.614484547185,109.2835966,23.0052097,351.0,handover,S014
9,U06,6530.614484547185,109.2835966,23.0052097,351.0,handover,S014
9,U06,6540.614484547185,109.2835966,23.0052097,351.0,handover,S014
9,U06,6550.614484547185,109.2835966,23.0052097,351.0,handover,S014
9,U06,6560.614484547185,109.2835966,23.0052097,351.0,handover,S014
9,U06,6570.614484547185,109.2835966,23.0052097,351.0,handover,S014
9,U06,6580.614484547185,109.2835966,23.0052097,351.0,handover,S014
9,U06,6590.614484547185,109.2835966,23.0052097,351.0,handover,S014
9,U06,6600.614484547185,109.2835966,23.0052097,351.0,handover,S014
9,U06,6610.614484547185,109.2835966,23.0052097,351.0,handover,S014
9,U06,6620.614484547185,109.2835966,23.0052097,351.0,handover,S014
9,U06,6630.614484547185,109.2835966,23.0052097,351.0,handover,S014
9,U06,6640.614484547185,109.2835966,23.0052097,351.0,handover,S014
9,U06,6650.614484547185,109.2835966,23.0052097,351.0,handover,S014
9,U06,6660.614484547185,109.2835966,23.0052097,351.0,handover,S014
9,U06,6670.614484547185,109.2835966,23.0052097,351.0,handover,S014
9,U06,6680.614484547185,109.2835966,23.0052097,351.0,climb,S014
9,U06,6690.614484547185,109.2835966,23.0052097,381.0,climb,S014
9,U06,6700.614484547185,109.2835966,23.0052097,411.0,climb,S014
9,U06,6703.457644540675,109.2835966,23.0052097,419.52947998046875,cruise,
9,U06,6713.457644540675,109.28213441793545,23.005301176301533,419.52947998046875,cruise,
9,U06,6723.457644540675,109.2806722358709,23.005392652603064,419.52947998046875,cruise,
9,U06,6733.457644540675,109.27921005380635,23.005484128904595,419.52947998046875,cruise,
9,U06,6743.457644540675,109.2777478717418,23.005575605206126,419.52947998046875,cruise,
9,U06,6753.457644540675,109.27628568967725,23.005667081507653,419.52947998046875,cruise,
9,U06,6763.457644540675,109.2748235076127,23.005758557809184,419.52947998046875,cruise,
9,U06,6773.457644540675,109.27336132554815,23.005850034110715,419.52947998046875,cruise,
9,U06,6783.457644540675,109.2718991434836,23.005941510412246,419.52947998046875,cruise,
9,U06,6793.457644540675,109.27043696141905,23.006032986713777,419.52947998046875,cruise,
9,U06,6803.457644540675,109.2689747793545,23.006124463015308,419.52947998046875,cruise,
9,U06,6813.457644540675,109.26751259728995,23.00621593931684,419.52947998046875,cruise,
9,U06,6823.457644540675,109.2660504152254,23.00630741561837,419.52947998046875,cruise,
9,U06,6833.457644540675,109.26458823316085,23.006398891919897,419.52947998046875,cruise,
9,U06,6843.457644540675,109.2631260510963,23.006490368221428,419.52947998046875,cruise,
9,U06,6853.457644540675,109.26166386903175,23.00658184452296,419.52947998046875,cruise,
9,U06,6863.457644540675,109.26020168696719,23.00667332082449,419.52947998046875,cruise,
9,U06,6873.457644540675,109.25873950490265,23.00676479712602,419.52947998046875,cruise,
9,U06,6883.457644540675,109.25727732283809,23.00685627342755,419.52947998046875,cruise,
9,U06,6893.457644540675,109.25581514077355,23.006947749729083,419.52947998046875,cruise,
9,U06,6903.457644540675,109.254352958709,23.007039226030614,419.52947998046875,cruise,
9,U06,6913.457644540675,109.25289077664445,23.007130702332145,419.52947998046875,cruise,
9,U06,6923.457644540675,109.2514285945799,23.007222178633672,419.52947998046875,cruise,
9,U06,6933.457644540675,109.24996641251535,23.007313654935203,419.52947998046875,cruise,
9,U06,6943.457644540675,109.2485042304508,23.007405131236734,419.52947998046875,cruise,
9,U06,6953.457644540675,109.24704204838625,23.007496607538265,419.52947998046875,cruise,
9,U06,6963.457644540675,109.2455798663217,23.007588083839796,419.52947998046875,cruise,
9,U06,6973.457644540675,109.24411768425715,23.007679560141327,419.52947998046875,cruise,
9,U06,6983.457644540675,109.2426555021926,23.007771036442858,419.52947998046875,cruise,
9,U06,6993.457644540675,109.24119332012805,23.00786251274439,419.52947998046875,cruise,
9,U06,7003.457644540675,109.2397311380635,23.00795398904592,419.52947998046875,cruise,
9,U06,7013.457644540675,109.23826895599895,23.008045465347447,419.52947998046875,cruise,
9,U06,7023.457644540675,109.2368067739344,23.008136941648978,419.52947998046875,cruise,
9,U06,7033.457644540675,109.23534459186985,23.00822841795051,419.52947998046875,cruise,
9,U06,7043.457644540675,109.2338824098053,23.00831989425204,419.52947998046875,cruise,
9,U06,7053.457644540675,109.23242022774075,23.00841137055357,419.52947998046875,cruise,
9,U06,7063.457644540675,109.2309580456762,23.0085028468551,419.52947998046875,cruise,
9,U06,7064.184952574187,109.2308517,23.0085095,419.52947998046875,descend,O01
9,U06,7074.184952574187,109.2308517,23.0085095,394.52947998046875,descend,O01
9,U06,7084.184952574187,109.2308517,23.0085095,369.52947998046875,descend,O01
9,U06,7094.184952574187,109.2308517,23.0085095,344.52947998046875,descend,O01
9,U06,7104.184952574187,109.2308517,23.0085095,319.52947998046875,descend,O01
9,U06,7114.184952574187,109.2308517,23.0085095,294.52947998046875,descend,O01
9,U06,7124.184952574187,109.2308517,23.0085095,269.52947998046875,descend,O01
9,U06,7134.184952574187,109.2308517,23.0085095,244.52947998046878,descend,O01
9,U06,7144.184952574187,109.2308517,23.0085095,219.52947998046878,descend,O01
9,U06,7154.184952574187,109.2308517,23.0085095,194.52947998046875,descend,O01
9,U06,7164.184952574187,109.2308517,23.0085095,169.52947998046875,descend,O01
9,U06,7174.184952574187,109.2308517,23.0085095,144.52947998046875,descend,O01
9,U06,7180.916744566375,109.2308517,23.0085095,127.69999999999999,descend,O01
10,U06,7180.9,109.2308517,23.0085095,127.7,setup,O01
10,U06,7190.9,109.2308517,23.0085095,127.7,setup,O01
10,U06,7200.9,109.2308517,23.0085095,127.7,setup,O01
10,U06,7210.9,109.2308517,23.0085095,127.7,setup,O01
10,U06,7220.9,109.2308517,23.0085095,127.7,setup,O01
10,U06,7230.9,109.2308517,23.0085095,127.7,setup,O01
10,U06,7240.9,109.2308517,23.0085095,127.7,setup,O01
10,U06,7250.9,109.2308517,23.0085095,127.7,setup,O01
10,U06,7260.9,109.2308517,23.0085095,127.7,setup,O01
10,U06,7270.9,109.2308517,23.0085095,127.7,setup,O01
10,U06,7280.9,109.2308517,23.0085095,127.7,setup,O01
10,U06,7290.9,109.2308517,23.0085095,127.7,setup,O01
10,U06,7300.9,109.2308517,23.0085095,127.7,setup,O01
10,U06,7310.9,109.2308517,23.0085095,127.7,setup,O01
10,U06,7320.9,109.2308517,23.0085095,127.7,setup,O01
10,U06,7330.9,109.2308517,23.0085095,127.7,setup,O01
10,U06,7340.9,109.2308517,23.0085095,127.7,setup,O01
10,U06,7350.9,109.2308517,23.0085095,127.7,setup,O01
10,U06,7360.9,109.2308517,23.0085095,127.7,setup,O01
10,U06,7370.9,109.2308517,23.0085095,127.7,setup,O01
10,U06,7380.9,109.2308517,23.0085095,127.7,setup,O01
10,U06,7390.9,109.2308517,23.0085095,127.7,setup,O01
10,U06,7400.9,109.2308517,23.0085095,127.7,setup,O01
10,U06,7410.9,109.2308517,23.0085095,127.7,setup,O01
10,U06,7420.9,109.2308517,23.0085095,127.7,setup,O01
10,U06,7430.9,109.2308517,23.0085095,127.7,setup,O01
10,U06,7440.9,109.2308517,23.0085095,127.7,setup,O01
10,U06,7450.9,109.2308517,23.0085095,127.7,setup,O01
10,U06,7460.9,109.2308517,23.0085095,127.7,setup,O01
10,U06,7470.9,109.2308517,23.0085095,127.7,setup,O01
10,U06,7480.9,109.2308517,23.0085095,127.7,setup,O01
10,U06,7490.9,109.2308517,23.0085095,127.7,setup,O01
10,U06,7500.9,109.2308517,23.0085095,127.7,setup,O01
10,U06,7510.9,109.2308517,23.0085095,127.7,setup,O01
10,U06,7520.9,109.2308517,23.0085095,127.7,setup,O01
10,U06,7530.9,109.2308517,23.0085095,127.7,setup,O01
10,U06,7540.9,109.2308517,23.0085095,127.7,setup,O01
10,U06,7550.9,109.2308517,23.0085095,127.7,setup,O01
10,U06,7560.9,109.2308517,23.0085095,127.7,setup,O01
10,U06,7570.9,109.2308517,23.0085095,127.7,climb,O01
10,U06,7580.9,109.2308517,23.0085095,157.7,climb,O01
10,U06,7590.9,109.2308517,23.0085095,187.7,climb,O01
10,U06,7600.9,109.2308517,23.0085095,217.7,climb,O01
10,U06,7610.9,109.2308517,23.0085095,247.7,climb,O01
10,U06,7620.9,109.2308517,23.0085095,277.70000000000005,climb,O01
10,U06,7630.9,109.2308517,23.0085095,307.7,climb,O01
10,U06,7640.9,109.2308517,23.0085095,337.70000000000005,climb,O01
10,U06,7647.836893717447,109.2308517,23.0085095,358.51068115234375,cruise,
10,U06,7657.836893717447,109.22957102226097,23.009165641302282,358.51068115234375,cruise,
10,U06,7667.836893717447,109.22829034452192,23.009821782604565,358.51068115234375,cruise,
10,U06,7677.836893717447,109.22700966678289,23.010477923906848,358.51068115234375,cruise,
10,U06,7687.836893717447,109.22572898904384,23.01113406520913,358.51068115234375,cruise,
10,U06,7697.836893717447,109.22444831130481,23.01179020651141,358.51068115234375,cruise,
10,U06,7707.836893717447,109.22316763356577,23.012446347813693,358.51068115234375,cruise,
10,U06,7717.836893717447,109.22188695582673,23.013102489115976,358.51068115234375,cruise,
10,U06,7727.836893717447,109.22060627808769,23.01375863041826,358.51068115234375,cruise,
10,U06,7737.836893717447,109.21932560034865,23.014414771720542,358.51068115234375,cruise,
10,U06,7747.836893717447,109.21804492260962,23.015070913022825,358.51068115234375,cruise,
10,U06,7757.836893717447,109.21676424487057,23.015727054325108,358.51068115234375,cruise,
10,U06,7767.836893717447,109.21548356713154,23.01638319562739,358.51068115234375,cruise,
10,U06,7777.836893717447,109.2142028893925,23.01703933692967,358.51068115234375,cruise,
10,U06,7787.836893717447,109.21292221165346,23.017695478231953,358.51068115234375,cruise,
10,U06,7797.836893717447,109.21164153391442,23.018351619534236,358.51068115234375,cruise,
10,U06,7807.836893717447,109.21036085617538,23.01900776083652,358.51068115234375,cruise,
10,U06,7817.836893717447,109.20908017843634,23.019663902138802,358.51068115234375,cruise,
10,U06,7827.836893717447,109.2077995006973,23.020320043441085,358.51068115234375,cruise,
10,U06,7837.836893717447,109.20651882295827,23.02097618474337,358.51068115234375,cruise,
10,U06,7847.836893717447,109.20523814521923,23.02163232604565,358.51068115234375,cruise,
10,U06,7857.836893717447,109.2039574674802,23.022288467347934,358.51068115234375,cruise,
10,U06,7867.836893717447,109.20267678974115,23.022944608650214,358.51068115234375,cruise,
10,U06,7877.836893717447,109.20139611200212,23.023600749952497,358.51068115234375,cruise,
10,U06,7887.836893717447,109.20011543426307,23.02425689125478,358.51068115234375,cruise,
10,U06,7897.836893717447,109.19883475652404,23.024913032557063,358.51068115234375,cruise,
10,U06,7907.836893717447,109.19755407878499,23.025569173859346,358.51068115234375,cruise,
10,U06,7917.836893717447,109.19627340104596,23.02622531516163,358.51068115234375,cruise,
10,U06,7927.836893717447,109.19499272330692,23.02688145646391,358.51068115234375,cruise,
10,U06,7937.836893717447,109.19371204556788,23.027537597766194,358.51068115234375,cruise,
10,U06,7947.836893717447,109.19243136782885,23.028193739068474,358.51068115234375,cruise,
10,U06,7957.836893717447,109.1911506900898,23.028849880370757,358.51068115234375,cruise,
10,U06,7967.836893717447,109.18987001235077,23.02950602167304,358.51068115234375,cruise,
10,U06,7977.836893717447,109.18858933461172,23.030162162975323,358.51068115234375,cruise,
10,U06,7987.836893717447,109.18730865687269,23.030818304277606,358.51068115234375,cruise,
10,U06,7997.836893717447,109.18602797913364,23.03147444557989,358.51068115234375,cruise,
10,U06,8007.836893717447,109.18474730139461,23.03213058688217,358.51068115234375,cruise,
10,U06,8017.836893717447,109.18346662365558,23.032786728184455,358.51068115234375,cruise,
10,U06,8027.836893717447,109.18218594591653,23.033442869486734,358.51068115234375,cruise,
10,U06,8037.836893717447,109.1809052681775,23.034099010789017,358.51068115234375,cruise,
10,U06,8047.836893717447,109.17962459043845,23.0347551520913,358.51068115234375,cruise,
10,U06,8057.836893717447,109.17834391269942,23.035411293393583,358.51068115234375,cruise,
10,U06,8067.836893717447,109.17706323496037,23.036067434695866,358.51068115234375,cruise,
10,U06,8077.836893717447,109.17578255722134,23.03672357599815,358.51068115234375,cruise,
10,U06,8087.836893717447,109.17450187948229,23.037379717300432,358.51068115234375,cruise,
10,U06,8097.836893717447,109.17322120174326,23.038035858602715,358.51068115234375,cruise,
10,U06,8107.836893717447,109.17194052400423,23.038691999904998,358.51068115234375,cruise,
10,U06,8117.836893717447,109.17065984626518,23.039348141207277,358.51068115234375,cruise,
10,U06,8127.836893717447,109.16937916852615,23.04000428250956,358.51068115234375,cruise,
10,U06,8131.907929781038,109.1688578,23.0402714,358.51068115234375,descend,S003
10,U06,8139.912202241975,109.1688578,23.0402714,338.5,handover,S003
10,U06,8149.912202241975,109.1688578,23.0402714,338.5,handover,S003
10,U06,8159.912202241975,109.1688578,23.0402714,338.5,handover,S003
10,U06,8169.912202241975,109.1688578,23.0402714,338.5,handover,S003
10,U06,8179.912202241975,109.1688578,23.0402714,338.5,handover,S003
10,U06,8189.912202241975,109.1688578,23.0402714,338.5,handover,S003
10,U06,8199.912202241976,109.1688578,23.0402714,338.5,handover,S003
10,U06,8209.912202241976,109.1688578,23.0402714,338.5,handover,S003
10,U06,8219.912202241976,109.1688578,23.0402714,338.5,handover,S003
10,U06,8229.912202241976,109.1688578,23.0402714,338.5,handover,S003
10,U06,8239.912202241976,109.1688578,23.0402714,338.5,handover,S003
10,U06,8249.912202241976,109.1688578,23.0402714,338.5,handover,S003
10,U06,8259.912202241976,109.1688578,23.0402714,338.5,handover,S003
10,U06,8269.912202241976,109.1688578,23.0402714,338.5,handover,S003
10,U06,8279.912202241976,109.1688578,23.0402714,338.5,handover,S003
10,U06,8289.912202241976,109.1688578,23.0402714,338.5,handover,S003
10,U06,8299.912202241976,109.1688578,23.0402714,338.5,handover,S003
10,U06,8309.912202241976,109.1688578,23.0402714,338.5,handover,S003
10,U06,8319.912202241976,109.1688578,23.0402714,338.5,handover,S003
10,U06,8329.912202241976,109.1688578,23.0402714,338.5,handover,S003
10,U06,8339.912202241976,109.1688578,23.0402714,338.5,handover,S003
10,U06,8349.912202241976,109.1688578,23.0402714,338.5,handover,S003
10,U06,8359.912202241976,109.1688578,23.0402714,338.5,handover,S003
10,U06,8369.912202241976,109.1688578,23.0402714,338.5,handover,S003
10,U06,8379.912202241976,109.1688578,23.0402714,338.5,climb,S003
10,U06,8389.912202241976,109.1688578,23.0402714,368.5,climb,S003
10,U06,8399.912202241976,109.1688578,23.0402714,398.5,climb,S003
10,U06,8409.912202241976,109.1688578,23.0402714,428.5,climb,S003
10,U06,8419.912202241976,109.1688578,23.0402714,458.5,climb,S003
10,U06,8429.912202241976,109.1688578,23.0402714,488.5,climb,S003
10,U06,8439.912202241976,109.1688578,23.0402714,518.5,climb,S003
10,U06,8449.912202241976,109.1688578,23.0402714,548.5,climb,S003
10,U06,8459.912202241976,109.1688578,23.0402714,578.5,climb,S003
10,U06,8463.515290620882,109.1688578,23.0402714,589.3092651367188,cruise,
10,U06,8473.515290620882,109.17013847773903,23.03961525869772,589.3092651367188,cruise,
10,U06,8483.515290620882,109.17141915547808,23.038959117395436,589.3092651367188,cruise,
10,U06,8493.515290620882,109.17269983321711,23.038302976093153,589.3092651367188,cruise,
10,U06,8503.515290620882,109.17398051095616,23.03764683479087,589.3092651367188,cruise,
10,U06,8513.515290620882,109.17526118869519,23.03699069348859,589.3092651367188,cruise,
10,U06,8523.515290620882,109.17654186643423,23.036334552186307,589.3092651367188,cruise,
10,U06,8533.515290620882,109.17782254417327,23.035678410884024,589.3092651367188,cruise,
10,U06,8543.515290620882,109.17910322191231,23.03502226958174,589.3092651367188,cruise,
10,U06,8553.515290620882,109.18038389965135,23.03436612827946,589.3092651367188,cruise,
10,U06,8563.515290620882,109.18166457739038,23.033709986977176,589.3092651367188,cruise,
10,U06,8573.515290620882,109.18294525512943,23.033053845674893,589.3092651367188,cruise,
10,U06,8583.515290620882,109.18422593286846,23.03239770437261,589.3092651367188,cruise,
10,U06,8593.515290620882,109.1855066106075,23.03174156307033,589.3092651367188,cruise,
10,U06,8603.515290620882,109.18678728834654,23.031085421768047,589.3092651367188,cruise,
10,U06,8613.515290620882,109.18806796608558,23.030429280465764,589.3092651367188,cruise,
10,U06,8623.515290620882,109.18934864382462,23.02977313916348,589.3092651367188,cruise,
10,U06,8633.515290620882,109.19062932156366,23.0291169978612,589.3092651367188,cruise,
10,U06,8643.515290620882,109.1919099993027,23.028460856558915,589.3092651367188,cruise,
10,U06,8653.515290620882,109.19319067704173,23.027804715256632,589.3092651367188,cruise,
10,U06,8663.515290620882,109.19447135478077,23.02714857395435,589.3092651367188,cruise,
10,U06,8673.515290620882,109.1957520325198,23.026492432652066,589.3092651367188,cruise,
10,U06,8683.515290620882,109.19703271025885,23.025836291349787,589.3092651367188,cruise,
10,U06,8693.515290620882,109.19831338799789,23.025180150047504,589.3092651367188,cruise,
10,U06,8703.515290620882,109.19959406573693,23.02452400874522,589.3092651367188,cruise,
10,U06,8713.515290620882,109.20087474347596,23.023867867442938,589.3092651367188,cruise,
10,U06,8723.515290620882,109.20215542121501,23.023211726140655,589.3092651367188,cruise,
10,U06,8733.515290620882,109.20343609895404,23.022555584838372,589.3092651367188,cruise,
10,U06,8743.515290620882,109.20471677669308,23.02189944353609,589.3092651367188,cruise,
10,U06,8753.515290620882,109.20599745443212,23.021243302233806,589.3092651367188,cruise,
10,U06,8763.515290620882,109.20727813217115,23.020587160931527,589.3092651367188,cruise,
10,U06,8773.515290620882,109.2085588099102,23.019931019629244,589.3092651367188,cruise,
10,U06,8783.515290620882,109.20983948764923,23.01927487832696,589.3092651367188,cruise,
10,U06,8793.515290620882,109.21112016538828,23.018618737024678,589.3092651367188,cruise,
10,U06,8803.515290620882,109.21240084312731,23.017962595722395,589.3092651367188,cruise,
10,U06,8813.515290620882,109.21368152086636,23.017306454420112,589.3092651367188,cruise,
10,U06,8823.515290620882,109.21496219860539,23.01665031311783,589.3092651367188,cruise,
10,U06,8833.515290620882,109.21624287634442,23.015994171815546,589.3092651367188,cruise,
10,U06,8843.515290620882,109.21752355408347,23.015338030513266,589.3092651367188,cruise,
10,U06,8853.515290620882,109.2188042318225,23.014681889210983,589.3092651367188,cruise,
10,U06,8863.515290620882,109.22008490956155,23.0140257479087,589.3092651367188,cruise,
10,U06,8873.515290620882,109.22136558730058,23.013369606606418,589.3092651367188,cruise,
10,U06,8883.515290620882,109.22264626503963,23.012713465304135,589.3092651367188,cruise,
10,U06,8893.515290620882,109.22392694277866,23.01205732400185,589.3092651367188,cruise,
10,U06,8903.515290620882,109.22520762051771,23.01140118269957,589.3092651367188,cruise,
10,U06,8913.515290620882,109.22648829825674,23.010745041397286,589.3092651367188,cruise,
10,U06,8923.515290620882,109.22776897599577,23.010088900095003,589.3092651367188,cruise,
10,U06,8933.515290620882,109.22904965373482,23.009432758792723,589.3092651367188,cruise,
10,U06,8943.515290620882,109.23033033147385,23.00877661749044,589.3092651367188,cruise,
10,U06,8947.586326684472,109.2308517,23.0085095,589.3092651367188,descend,O01
10,U06,8957.586326684472,109.2308517,23.0085095,564.3092651367188,descend,O01
10,U06,8967.586326684472,109.2308517,23.0085095,539.3092651367188,descend,O01
10,U06,8977.586326684472,109.2308517,23.0085095,514.3092651367188,descend,O01
10,U06,8987.586326684472,109.2308517,23.0085095,489.30926513671875,descend,O01
10,U06,8997.586326684472,109.2308517,23.0085095,464.30926513671875,descend,O01
10,U06,9007.586326684472,109.2308517,23.0085095,439.30926513671875,descend,O01
10,U06,9017.586326684472,109.2308517,23.0085095,414.30926513671875,descend,O01
10,U06,9027.586326684472,109.2308517,23.0085095,389.30926513671875,descend,O01
10,U06,9037.586326684472,109.2308517,23.0085095,364.30926513671875,descend,O01
10,U06,9047.586326684472,109.2308517,23.0085095,339.30926513671875,descend,O01
10,U06,9057.586326684472,109.2308517,23.0085095,314.30926513671875,descend,O01
10,U06,9067.586326684472,109.2308517,23.0085095,289.30926513671875,descend,O01
10,U06,9077.586326684472,109.2308517,23.0085095,264.30926513671875,descend,O01
10,U06,9087.586326684472,109.2308517,23.0085095,239.30926513671875,descend,O01
10,U06,9097.586326684472,109.2308517,23.0085095,214.30926513671875,descend,O01
10,U06,9107.586326684472,109.2308517,23.0085095,189.3092651367187,descend,O01
10,U06,9117.586326684472,109.2308517,23.0085095,164.30926513671875,descend,O01
10,U06,9127.586326684472,109.2308517,23.0085095,139.3092651367187,descend,O01
10,U06,9132.230032739159,109.2308517,23.0085095,127.69999999999999,descend,O01
11,U06,9132.2,109.2308517,23.0085095,127.7,setup,O01
11,U06,9142.2,109.2308517,23.0085095,127.7,setup,O01
11,U06,9152.2,109.2308517,23.0085095,127.7,setup,O01
11,U06,9162.2,109.2308517,23.0085095,127.7,setup,O01
11,U06,9172.2,109.2308517,23.0085095,127.7,setup,O01
11,U06,9182.2,109.2308517,23.0085095,127.7,setup,O01
11,U06,9192.2,109.2308517,23.0085095,127.7,setup,O01
11,U06,9202.2,109.2308517,23.0085095,127.7,setup,O01
11,U06,9212.2,109.2308517,23.0085095,127.7,setup,O01
11,U06,9222.2,109.2308517,23.0085095,127.7,setup,O01
11,U06,9232.2,109.2308517,23.0085095,127.7,setup,O01
11,U06,9242.2,109.2308517,23.0085095,127.7,setup,O01
11,U06,9252.2,109.2308517,23.0085095,127.7,setup,O01
11,U06,9262.2,109.2308517,23.0085095,127.7,setup,O01
11,U06,9272.2,109.2308517,23.0085095,127.7,setup,O01
11,U06,9282.2,109.2308517,23.0085095,127.7,setup,O01
11,U06,9292.2,109.2308517,23.0085095,127.7,setup,O01
11,U06,9302.2,109.2308517,23.0085095,127.7,setup,O01
11,U06,9312.2,109.2308517,23.0085095,127.7,setup,O01
11,U06,9322.2,109.2308517,23.0085095,127.7,setup,O01
11,U06,9332.2,109.2308517,23.0085095,127.7,setup,O01
11,U06,9342.2,109.2308517,23.0085095,127.7,setup,O01
11,U06,9352.2,109.2308517,23.0085095,127.7,setup,O01
11,U06,9362.2,109.2308517,23.0085095,127.7,setup,O01
11,U06,9372.2,109.2308517,23.0085095,127.7,setup,O01
11,U06,9382.2,109.2308517,23.0085095,127.7,setup,O01
11,U06,9392.2,109.2308517,23.0085095,127.7,setup,O01
11,U06,9402.2,109.2308517,23.0085095,127.7,setup,O01
11,U06,9412.2,109.2308517,23.0085095,127.7,setup,O01
11,U06,9422.2,109.2308517,23.0085095,127.7,setup,O01
11,U06,9432.2,109.2308517,23.0085095,127.7,setup,O01
11,U06,9442.2,109.2308517,23.0085095,127.7,setup,O01
11,U06,9452.2,109.2308517,23.0085095,127.7,setup,O01
11,U06,9462.2,109.2308517,23.0085095,127.7,setup,O01
11,U06,9472.2,109.2308517,23.0085095,127.7,setup,O01
11,U06,9482.2,109.2308517,23.0085095,127.7,setup,O01
11,U06,9492.2,109.2308517,23.0085095,127.7,setup,O01
11,U06,9502.2,109.2308517,23.0085095,127.7,setup,O01
11,U06,9512.2,109.2308517,23.0085095,127.7,setup,O01
11,U06,9522.2,109.2308517,23.0085095,127.7,climb,O01
11,U06,9532.2,109.2308517,23.0085095,157.70000000000002,climb,O01
11,U06,9542.2,109.2308517,23.0085095,187.70000000000002,climb,O01
11,U06,9552.2,109.2308517,23.0085095,217.7,climb,O01
11,U06,9562.2,109.2308517,23.0085095,247.70000000000002,climb,O01
11,U06,9564.753572591146,109.2308517,23.0085095,255.3607177734375,cruise,
11,U06,9574.753572591146,109.23029176665855,23.009756165140423,255.3607177734375,cruise,
11,U06,9584.753572591146,109.22973183331712,23.01100283028085,255.3607177734375,cruise,
11,U06,9594.753572591146,109.22917189997567,23.012249495421276,255.3607177734375,cruise,
11,U06,9604.753572591146,109.22861196663423,23.0134961605617,255.3607177734375,cruise,
11,U06,9614.753572591146,109.22805203329278,23.014742825702125,255.3607177734375,cruise,
11,U06,9624.753572591146,109.22749209995133,23.015989490842554,255.3607177734375,cruise,
11,U06,9634.753572591146,109.2269321666099,23.017236155982978,255.3607177734375,cruise,
11,U06,9644.753572591146,109.22637223326845,23.018482821123403,255.3607177734375,cruise,
11,U06,9654.753572591146,109.225812299927,23.01972948626383,255.3607177734375,cruise,
11,U06,9664.753572591146,109.22525236658556,23.020976151404255,255.3607177734375,cruise,
11,U06,9674.753572591146,109.22469243324412,23.02222281654468,255.3607177734375,cruise,
11,U06,9684.753572591146,109.22413249990268,23.023469481685108,255.3607177734375,cruise,
11,U06,9694.753572591146,109.22357256656123,23.024716146825533,255.3607177734375,cruise,
11,U06,9704.753572591146,109.22301263321978,23.025962811965957,255.3607177734375,cruise,
11,U06,9714.753572591146,109.22245269987835,23.027209477106382,255.3607177734375,cruise,
11,U06,9724.753572591146,109.2218927665369,23.02845614224681,255.3607177734375,cruise,
11,U06,9734.753572591146,109.22133283319545,23.029702807387235,255.3607177734375,cruise,
11,U06,9744.753572591146,109.22077289985401,23.03094947252766,255.3607177734375,cruise,
11,U06,9752.56342818723,109.2203356,23.0319231,255.3607177734375,descend,S011
11,U06,9762.56342818723,109.2203356,23.0319231,230.3607177734375,descend,S011
11,U06,9769.867715296605,109.2203356,23.0319231,212.1,handover,S011
11,U06,9779.867715296605,109.2203356,23.0319231,212.1,handover,S011
11,U06,9789.867715296605,109.2203356,23.0319231,212.1,handover,S011
11,U06,9799.867715296605,109.2203356,23.0319231,212.1,handover,S011
11,U06,9809.867715296605,109.2203356,23.0319231,212.1,handover,S011
11,U06,9819.867715296605,109.2203356,23.0319231,212.1,handover,S011
11,U06,9829.867715296605,109.2203356,23.0319231,212.1,handover,S011
11,U06,9839.867715296605,109.2203356,23.0319231,212.1,handover,S011
11,U06,9849.867715296605,109.2203356,23.0319231,212.1,handover,S011
11,U06,9859.867715296605,109.2203356,23.0319231,212.1,handover,S011
11,U06,9869.867715296605,109.2203356,23.0319231,212.1,handover,S011
11,U06,9879.867715296605,109.2203356,23.0319231,212.1,handover,S011
11,U06,9889.867715296605,109.2203356,23.0319231,212.1,handover,S011
11,U06,9899.867715296605,109.2203356,23.0319231,212.1,handover,S011
11,U06,9909.867715296605,109.2203356,23.0319231,212.1,handover,S011
11,U06,9919.867715296605,109.2203356,23.0319231,212.1,handover,S011
11,U06,9929.867715296605,109.2203356,23.0319231,212.1,handover,S011
11,U06,9939.867715296605,109.2203356,23.0319231,212.1,handover,S011
11,U06,9949.867715296605,109.2203356,23.0319231,212.1,handover,S011
11,U06,9959.867715296605,109.2203356,23.0319231,212.1,handover,S011
11,U06,9969.867715296605,109.2203356,23.0319231,212.1,handover,S011
11,U06,9979.867715296605,109.2203356,23.0319231,212.1,handover,S011
11,U06,9989.867715296605,109.2203356,23.0319231,212.1,handover,S011
11,U06,9999.867715296605,109.2203356,23.0319231,212.1,handover,S011
11,U06,10009.867715296605,109.2203356,23.0319231,212.1,climb,S011
11,U06,10019.867715296605,109.2203356,23.0319231,242.1,climb,S011
11,U06,10025.053223516006,109.2203356,23.0319231,257.6565246582031,cruise,
11,U06,10035.053223516006,109.22089553334145,23.030676434859576,257.6565246582031,cruise,
11,U06,10045.053223516006,109.22145546668288,23.029429769719147,257.6565246582031,cruise,
11,U06,10055.053223516006,109.22201540002433,23.028183104578723,257.6565246582031,cruise,
11,U06,10065.053223516006,109.22257533336577,23.0269364394383,257.6565246582031,cruise,
11,U06,10075.053223516006,109.22313526670722,23.025689774297874,257.6565246582031,cruise,
11,U06,10085.053223516006,109.22369520004867,23.024443109157446,257.6565246582031,cruise,
11,U06,10095.053223516006,109.2242551333901,23.02319644401702,257.6565246582031,cruise,
11,U06,10105.053223516006,109.22481506673155,23.021949778876596,257.6565246582031,cruise,
11,U06,10115.053223516006,109.225375000073,23.020703113736168,257.6565246582031,cruise,
11,U06,10125.053223516006,109.22593493341444,23.019456448595744,257.6565246582031,cruise,
11,U06,10135.053223516006,109.22649486675589,23.01820978345532,257.6565246582031,cruise,
11,U06,10145.053223516006,109.22705480009732,23.01696311831489,257.6565246582031,cruise,
11,U06,10155.053223516006,109.22761473343877,23.015716453174466,257.6565246582031,cruise,
11,U06,10165.053223516006,109.22817466678022,23.01446978803404,257.6565246582031,cruise,
11,U06,10175.053223516006,109.22873460012165,23.013223122893617,257.6565246582031,cruise,
11,U06,10185.053223516006,109.2292945334631,23.01197645775319,257.6565246582031,cruise,
11,U06,10195.053223516006,109.22985446680455,23.010729792612764,257.6565246582031,cruise,
11,U06,10205.053223516006,109.23041440014599,23.00948312747234,257.6565246582031,cruise,
11,U06,10212.86307911209,109.2308517,23.0085095,257.6565246582031,descend,O01
11,U06,10222.86307911209,109.2308517,23.0085095,232.65652465820312,descend,O01
11,U06,10232.86307911209,109.2308517,23.0085095,207.65652465820312,descend,O01
11,U06,10242.86307911209,109.2308517,23.0085095,182.65652465820312,descend,O01
11,U06,10252.86307911209,109.2308517,23.0085095,157.65652465820312,descend,O01
11,U06,10262.86307911209,109.2308517,23.0085095,132.65652465820312,descend,O01
11,U06,10264.845688975372,109.2308517,23.0085095,127.69999999999999,descend,O01
12,U07,0.0,109.2308517,23.0085095,127.7,setup,O01
12,U07,10.0,109.2308517,23.0085095,127.7,setup,O01
12,U07,20.0,109.2308517,23.0085095,127.7,setup,O01
12,U07,30.0,109.2308517,23.0085095,127.7,setup,O01
12,U07,40.0,109.2308517,23.0085095,127.7,setup,O01
12,U07,50.0,109.2308517,23.0085095,127.7,setup,O01
12,U07,60.0,109.2308517,23.0085095,127.7,setup,O01
12,U07,70.0,109.2308517,23.0085095,127.7,setup,O01
12,U07,80.0,109.2308517,23.0085095,127.7,setup,O01
12,U07,90.0,109.2308517,23.0085095,127.7,setup,O01
12,U07,100.0,109.2308517,23.0085095,127.7,setup,O01
12,U07,110.0,109.2308517,23.0085095,127.7,setup,O01
12,U07,120.0,109.2308517,23.0085095,127.7,setup,O01
12,U07,130.0,109.2308517,23.0085095,127.7,setup,O01
12,U07,140.0,109.2308517,23.0085095,127.7,setup,O01
12,U07,150.0,109.2308517,23.0085095,127.7,setup,O01
12,U07,160.0,109.2308517,23.0085095,127.7,setup,O01
12,U07,170.0,109.2308517,23.0085095,127.7,setup,O01
12,U07,180.0,109.2308517,23.0085095,127.7,setup,O01
12,U07,190.0,109.2308517,23.0085095,127.7,setup,O01
12,U07,200.0,109.2308517,23.0085095,127.7,setup,O01
12,U07,210.0,109.2308517,23.0085095,127.7,setup,O01
12,U07,220.0,109.2308517,23.0085095,127.7,setup,O01
12,U07,230.0,109.2308517,23.0085095,127.7,setup,O01
12,U07,240.0,109.2308517,23.0085095,127.7,setup,O01
12,U07,250.0,109.2308517,23.0085095,127.7,setup,O01
12,U07,260.0,109.2308517,23.0085095,127.7,setup,O01
12,U07,270.0,109.2308517,23.0085095,127.7,setup,O01
12,U07,280.0,109.2308517,23.0085095,127.7,setup,O01
12,U07,290.0,109.2308517,23.0085095,127.7,setup,O01
12,U07,300.0,109.2308517,23.0085095,127.7,setup,O01
12,U07,310.0,109.2308517,23.0085095,127.7,setup,O01
12,U07,320.0,109.2308517,23.0085095,127.7,setup,O01
12,U07,330.0,109.2308517,23.0085095,127.7,setup,O01
12,U07,340.0,109.2308517,23.0085095,127.7,setup,O01
12,U07,350.0,109.2308517,23.0085095,127.7,setup,O01
12,U07,360.0,109.2308517,23.0085095,127.7,setup,O01
12,U07,370.0,109.2308517,23.0085095,127.7,setup,O01
12,U07,380.0,109.2308517,23.0085095,127.7,setup,O01
12,U07,390.0,109.2308517,23.0085095,127.7,setup,O01
12,U07,400.0,109.2308517,23.0085095,127.7,setup,O01
12,U07,410.0,109.2308517,23.0085095,127.7,setup,O01
12,U07,420.0,109.2308517,23.0085095,127.7,setup,O01
12,U07,430.0,109.2308517,23.0085095,127.7,setup,O01
12,U07,440.0,109.2308517,23.0085095,127.7,setup,O01
12,U07,450.0,109.2308517,23.0085095,127.7,setup,O01
12,U07,460.0,109.2308517,23.0085095,127.7,setup,O01
12,U07,470.0,109.2308517,23.0085095,127.7,setup,O01
12,U07,480.0,109.2308517,23.0085095,127.7,setup,O01
12,U07,490.0,109.2308517,23.0085095,127.7,setup,O01
12,U07,500.0,109.2308517,23.0085095,127.7,setup,O01
12,U07,510.0,109.2308517,23.0085095,127.7,climb,O01
12,U07,520.0,109.2308517,23.0085095,152.70000000000002,climb,O01
12,U07,530.0,109.2308517,23.0085095,177.70000000000002,climb,O01
12,U07,540.0,109.2308517,23.0085095,202.7,climb,O01
12,U07,550.0,109.2308517,23.0085095,227.70000000000002,climb,O01
12,U07,560.0,109.2308517,23.0085095,252.7,climb,O01
12,U07,570.0,109.2308517,23.0085095,277.7,climb,O01
12,U07,571.5931567382812,109.2308517,23.0085095,281.6828918457031,cruise,
12,U07,581.5931567382812,109.23145789759062,23.009737701111835,281.6828918457031,cruise,
12,U07,591.5931567382812,109.23206409518122,23.01096590222367,281.6828918457031,cruise,
12,U07,601.5931567382812,109.23267029277183,23.012194103335506,281.6828918457031,cruise,
12,U07,611.5931567382812,109.23327649036244,23.013422304447342,281.6828918457031,cruise,
12,U07,621.5931567382812,109.23388268795304,23.014650505559178,281.6828918457031,cruise,
12,U07,631.5931567382812,109.23448888554366,23.015878706671014,281.6828918457031,cruise,
12,U07,641.5931567382812,109.23509508313425,23.01710690778285,281.6828918457031,cruise,
12,U07,651.5931567382812,109.23570128072487,23.018335108894686,281.6828918457031,cruise,
12,U07,661.5931567382812,109.23630747831548,23.01956331000652,281.6828918457031,cruise,
12,U07,671.5931567382812,109.23691367590608,23.020791511118357,281.6828918457031,cruise,
12,U07,681.5931567382812,109.2375198734967,23.022019712230193,281.6828918457031,cruise,
12,U07,691.5931567382812,109.23812607108731,23.02324791334203,281.6828918457031,cruise,
12,U07,701.5931567382812,109.23873226867791,23.024476114453865,281.6828918457031,cruise,
12,U07,711.5931567382812,109.23933846626852,23.0257043155657,281.6828918457031,cruise,
12,U07,721.5931567382812,109.23994466385912,23.026932516677537,281.6828918457031,cruise,
12,U07,731.5931567382812,109.24055086144973,23.028160717789373,281.6828918457031,cruise,
12,U07,741.5931567382812,109.24115705904035,23.02938891890121,281.6828918457031,cruise,
12,U07,751.5931567382812,109.24176325663095,23.030617120013044,281.6828918457031,cruise,
12,U07,761.5931567382812,109.24236945422156,23.03184532112488,281.6828918457031,cruise,
12,U07,771.5931567382812,109.24297565181217,23.03307352223672,281.6828918457031,cruise,
12,U07,775.8202964003343,109.2432319,23.0335927,281.6828918457031,descend,S001
12,U07,785.8202964003343,109.2432319,23.0335927,261.6828918457031,descend,S001
12,U07,795.8202964003343,109.2432319,23.0335927,241.68289184570312,descend,S001
12,U07,805.8202964003343,109.2432319,23.0335927,221.68289184570312,descend,S001
12,U07,815.8202964003343,109.2432319,23.0335927,201.68289184570312,descend,S001
12,U07,824.6617423231859,109.2432319,23.0335927,184.0,handover,S001
12,U07,834.6617423231859,109.2432319,23.0335927,184.0,handover,S001
12,U07,844.6617423231859,109.2432319,23.0335927,184.0,handover,S001
12,U07,854.6617423231859,109.2432319,23.0335927,184.0,handover,S001
12,U07,864.6617423231859,109.2432319,23.0335927,184.0,handover,S001
12,U07,874.6617423231859,109.2432319,23.0335927,184.0,handover,S001
12,U07,884.6617423231859,109.2432319,23.0335927,184.0,handover,S001
12,U07,894.6617423231859,109.2432319,23.0335927,184.0,handover,S001
12,U07,904.6617423231859,109.2432319,23.0335927,184.0,handover,S001
12,U07,914.6617423231859,109.2432319,23.0335927,184.0,handover,S001
12,U07,924.6617423231859,109.2432319,23.0335927,184.0,handover,S001
12,U07,934.6617423231859,109.2432319,23.0335927,184.0,handover,S001
12,U07,944.6617423231859,109.2432319,23.0335927,184.0,handover,S001
12,U07,954.6617423231859,109.2432319,23.0335927,184.0,handover,S001
12,U07,964.6617423231859,109.2432319,23.0335927,184.0,handover,S001
12,U07,974.6617423231859,109.2432319,23.0335927,184.0,handover,S001
12,U07,984.6617423231859,109.2432319,23.0335927,184.0,handover,S001
12,U07,994.6617423231859,109.2432319,23.0335927,184.0,handover,S001
12,U07,1004.6617423231859,109.2432319,23.0335927,184.0,handover,S001
12,U07,1014.6617423231859,109.2432319,23.0335927,184.0,handover,S001
12,U07,1024.661742323186,109.2432319,23.0335927,184.0,handover,S001
12,U07,1034.661742323186,109.2432319,23.0335927,184.0,handover,S001
12,U07,1044.661742323186,109.2432319,23.0335927,184.0,handover,S001
12,U07,1054.661742323186,109.2432319,23.0335927,184.0,handover,S001
12,U07,1064.661742323186,109.2432319,23.0335927,184.0,handover,S001
12,U07,1074.661742323186,109.2432319,23.0335927,184.0,handover,S001
12,U07,1076.661742323186,109.2432319,23.0335927,184.0,climb,S001
12,U07,1086.661742323186,109.2432319,23.0335927,209.0,climb,S001
12,U07,1096.661742323186,109.2432319,23.0335927,234.0,climb,S001
12,U07,1106.661742323186,109.2432319,23.0335927,259.0,climb,S001
12,U07,1116.661742323186,109.2432319,23.0335927,284.0,climb,S001
12,U07,1116.792211073186,109.2432319,23.0335927,284.326171875,cruise,
12,U07,1126.792211073186,109.24375714376505,23.03485213306547,284.326171875,cruise,
12,U07,1136.792211073186,109.2442823875301,23.036111566130945,284.326171875,cruise,
12,U07,1146.792211073186,109.24480763129516,23.037370999196416,284.326171875,cruise,
12,U07,1156.792211073186,109.24533287506021,23.038630432261886,284.326171875,cruise,
12,U07,1166.792211073186,109.24585811882527,23.03988986532736,284.326171875,cruise,
12,U07,1176.792211073186,109.24638336259032,23.04114929839283,284.326171875,cruise,
12,U07,1186.792211073186,109.24690860635538,23.042408731458302,284.326171875,cruise,
12,U07,1196.792211073186,109.24743385012044,23.043668164523776,284.326171875,cruise,
12,U07,1206.792211073186,109.2479590938855,23.044927597589247,284.326171875,cruise,
12,U07,1216.792211073186,109.24848433765055,23.04618703065472,284.326171875,cruise,
12,U07,1226.792211073186,109.2490095814156,23.047446463720192,284.326171875,cruise,
12,U07,1236.792211073186,109.24953482518066,23.048705896785663,284.326171875,cruise,
12,U07,1246.792211073186,109.25006006894571,23.049965329851137,284.326171875,cruise,
12,U07,1256.792211073186,109.25058531271077,23.051224762916608,284.326171875,cruise,
12,U07,1266.792211073186,109.25111055647582,23.05248419598208,284.326171875,cruise,
12,U07,1276.792211073186,109.25163580024088,23.053743629047553,284.326171875,cruise,
12,U07,1286.792211073186,109.25216104400593,23.055003062113023,284.326171875,cruise,
12,U07,1296.792211073186,109.25268628777098,23.056262495178494,284.326171875,cruise,
12,U07,1306.792211073186,109.25321153153604,23.05752192824397,284.326171875,cruise,
12,U07,1316.792211073186,109.25373677530109,23.05878136130944,284.326171875,cruise,
12,U07,1326.792211073186,109.25426201906615,23.06004079437491,284.326171875,cruise,
12,U07,1336.792211073186,109.2547872628312,23.061300227440384,284.326171875,cruise,
12,U07,1346.792211073186,109.25531250659625,23.062559660505855,284.326171875,cruise,
12,U07,1356.792211073186,109.25583775036132,23.06381909357133,284.326171875,cruise,
12,U07,1366.792211073186,109.25636299412638,23.0650785266368,284.326171875,cruise,
12,U07,1376.792211073186,109.25688823789143,23.06633795970227,284.326171875,cruise,
12,U07,1386.792211073186,109.25741348165649,23.067597392767745,284.326171875,cruise,
12,U07,1396.792211073186,109.25793872542154,23.068856825833215,284.326171875,cruise,
12,U07,1406.792211073186,109.2584639691866,23.070116258898686,284.326171875,cruise,
12,U07,1408.4663064030058,109.2585519,23.0703271,284.326171875,descend,S002
12,U07,1418.4663064030058,109.2585519,23.0703271,264.326171875,descend,S002
12,U07,1428.4663064030058,109.2585519,23.0703271,244.326171875,descend,S002
12,U07,1438.4663064030058,109.2585519,23.0703271,224.326171875,descend,S002
12,U07,1440.8793923405058,109.2585519,23.0703271,219.5,handover,S002
12,U07,1450.8793923405058,109.2585519,23.0703271,219.5,handover,S002
12,U07,1460.8793923405058,109.2585519,23.0703271,219.5,handover,S002
12,U07,1470.8793923405058,109.2585519,23.0703271,219.5,handover,S002
12,U07,1480.8793923405058,109.2585519,23.0703271,219.5,handover,S002
12,U07,1490.8793923405058,109.2585519,23.0703271,219.5,handover,S002
12,U07,1500.8793923405058,109.2585519,23.0703271,219.5,handover,S002
12,U07,1510.8793923405058,109.2585519,23.0703271,219.5,handover,S002
12,U07,1520.8793923405058,109.2585519,23.0703271,219.5,handover,S002
12,U07,1530.8793923405058,109.2585519,23.0703271,219.5,handover,S002
12,U07,1540.8793923405058,109.2585519,23.0703271,219.5,handover,S002
12,U07,1550.8793923405058,109.2585519,23.0703271,219.5,handover,S002
12,U07,1560.8793923405058,109.2585519,23.0703271,219.5,handover,S002
12,U07,1570.8793923405058,109.2585519,23.0703271,219.5,handover,S002
12,U07,1580.8793923405058,109.2585519,23.0703271,219.5,handover,S002
12,U07,1590.8793923405058,109.2585519,23.0703271,219.5,handover,S002
12,U07,1600.8793923405058,109.2585519,23.0703271,219.5,handover,S002
12,U07,1610.8793923405058,109.2585519,23.0703271,219.5,handover,S002
12,U07,1620.8793923405058,109.2585519,23.0703271,219.5,handover,S002
12,U07,1630.8793923405058,109.2585519,23.0703271,219.5,handover,S002
12,U07,1640.8793923405058,109.2585519,23.0703271,219.5,handover,S002
12,U07,1650.8793923405058,109.2585519,23.0703271,219.5,handover,S002
12,U07,1660.8793923405058,109.2585519,23.0703271,219.5,handover,S002
12,U07,1670.8793923405058,109.2585519,23.0703271,219.5,handover,S002
12,U07,1680.8793923405058,109.2585519,23.0703271,219.5,handover,S002
12,U07,1690.8793923405058,109.2585519,23.0703271,219.5,handover,S002
12,U07,1700.8793923405058,109.2585519,23.0703271,219.5,handover,S002
12,U07,1710.8793923405058,109.2585519,23.0703271,219.5,handover,S002
12,U07,1720.8793923405058,109.2585519,23.0703271,219.5,handover,S002
12,U07,1730.8793923405058,109.2585519,23.0703271,219.5,handover,S002
12,U07,1740.8793923405058,109.2585519,23.0703271,219.5,handover,S002
12,U07,1750.8793923405058,109.2585519,23.0703271,219.5,handover,S002
12,U07,1760.8793923405058,109.2585519,23.0703271,219.5,handover,S002
12,U07,1770.8793923405058,109.2585519,23.0703271,219.5,handover,S002
12,U07,1780.8793923405058,109.2585519,23.0703271,219.5,handover,S002
12,U07,1790.8793923405058,109.2585519,23.0703271,219.5,handover,S002
12,U07,1800.8793923405058,109.2585519,23.0703271,219.5,climb,S002
12,U07,1810.8793923405058,109.2585519,23.0703271,244.5,climb,S002
12,U07,1820.8793923405058,109.2585519,23.0703271,269.5,climb,S002
12,U07,1830.8793923405058,109.2585519,23.0703271,294.5,climb,S002
12,U07,1840.8793923405058,109.2585519,23.0703271,319.5,climb,S002
12,U07,1850.8793923405058,109.2585519,23.0703271,344.5,climb,S002
12,U07,1860.8793923405058,109.2585519,23.0703271,369.5,climb,S002
12,U07,1870.8793923405058,109.2585519,23.0703271,394.5,climb,S002
12,U07,1875.4185036686308,109.2585519,23.0703271,405.8477783203125,cruise,
12,U07,1885.4185036686308,109.25799307281835,23.06907998426855,405.8477783203125,cruise,
12,U07,1895.4185036686308,109.2574342456367,23.067832868537106,405.8477783203125,cruise,
12,U07,1905.4185036686308,109.25687541845505,23.066585752805658,405.8477783203125,cruise,
12,U07,1915.4185036686308,109.2563165912734,23.06533863707421,405.8477783203125,cruise,
12,U07,1925.4185036686308,109.25575776409175,23.06409152134276,405.8477783203125,cruise,
12,U07,1935.4185036686308,109.25519893691012,23.062844405611315,405.8477783203125,cruise,
12,U07,1945.4185036686308,109.25464010972847,23.061597289879867,405.8477783203125,cruise,
12,U07,1955.4185036686308,109.25408128254682,23.060350174148418,405.8477783203125,cruise,
12,U07,1965.4185036686308,109.25352245536517,23.05910305841697,405.8477783203125,cruise,
12,U07,1975.4185036686308,109.25296362818352,23.057855942685524,405.8477783203125,cruise,
12,U07,1985.4185036686308,109.25240480100187,23.056608826954076,405.8477783203125,cruise,
12,U07,1995.4185036686308,109.25184597382022,23.055361711222627,405.8477783203125,cruise,
12,U07,2005.4185036686308,109.25128714663857,23.05411459549118,405.8477783203125,cruise,
12,U07,2015.4185036686308,109.25072831945693,23.052867479759733,405.8477783203125,cruise,
12,U07,2025.4185036686308,109.25016949227528,23.051620364028285,405.8477783203125,cruise,
12,U07,2035.4185036686308,109.24961066509363,23.050373248296836,405.8477783203125,cruise,
12,U07,2045.4185036686308,109.24905183791198,23.049126132565387,405.8477783203125,cruise,
12,U07,2055.418503668631,109.24849301073034,23.047879016833942,405.8477783203125,cruise,
12,U07,2065.418503668631,109.2479341835487,23.046631901102494,405.8477783203125,cruise,
12,U07,2075.418503668631,109.24737535636704,23.045384785371045,405.8477783203125,cruise,
12,U07,2085.418503668631,109.2468165291854,23.044137669639596,405.8477783203125,cruise,
12,U07,2095.418503668631,109.24625770200375,23.04289055390815,405.8477783203125,cruise,
12,U07,2105.418503668631,109.2456988748221,23.041643438176703,405.8477783203125,cruise,
12,U07,2115.418503668631,109.24514004764045,23.040396322445254,405.8477783203125,cruise,
12,U07,2125.418503668631,109.2445812204588,23.039149206713805,405.8477783203125,cruise,
12,U07,2135.418503668631,109.24402239327715,23.03790209098236,405.8477783203125,cruise,
12,U07,2145.418503668631,109.2434635660955,23.03665497525091,405.8477783203125,cruise,
12,U07,2155.418503668631,109.24290473891385,23.035407859519463,405.8477783203125,cruise,
12,U07,2165.418503668631,109.2423459117322,23.034160743788014,405.8477783203125,cruise,
12,U07,2175.418503668631,109.24178708455057,23.03291362805657,405.8477783203125,cruise,
12,U07,2185.418503668631,109.24122825736892,23.03166651232512,405.8477783203125,cruise,
12,U07,2195.418503668631,109.24066943018727,23.030419396593672,405.8477783203125,cruise,
12,U07,2205.418503668631,109.24011060300562,23.029172280862223,405.8477783203125,cruise,
12,U07,2215.418503668631,109.23955177582397,23.027925165130778,405.8477783203125,cruise,
12,U07,2225.418503668631,109.23899294864232,23.02667804939933,405.8477783203125,cruise,
12,U07,2235.418503668631,109.23843412146067,23.02543093366788,405.8477783203125,cruise,
12,U07,2245.418503668631,109.23787529427902,23.024183817936432,405.8477783203125,cruise,
12,U07,2255.418503668631,109.23731646709737,23.022936702204987,405.8477783203125,cruise,
12,U07,2265.418503668631,109.23675763991572,23.02168958647354,405.8477783203125,cruise,
12,U07,2275.418503668631,109.23619881273407,23.02044247074209,405.8477783203125,cruise,
12,U07,2285.418503668631,109.23563998555242,23.01919535501064,405.8477783203125,cruise,
12,U07,2295.418503668631,109.23508115837079,23.017948239279196,405.8477783203125,cruise,
12,U07,2305.418503668631,109.23452233118914,23.016701123547747,405.8477783203125,cruise,
12,U07,2315.418503668631,109.23396350400749,23.0154540078163,405.8477783203125,cruise,
12,U07,2325.418503668631,109.23340467682584,23.01420689208485,405.8477783203125,cruise,
12,U07,2335.418503668631,109.23284584964419,23.012959776353405,405.8477783203125,cruise,
12,U07,2345.418503668631,109.23228702246254,23.011712660621956,405.8477783203125,cruise,
12,U07,2355.418503668631,109.2317281952809,23.010465544890508,405.8477783203125,cruise,
12,U07,2365.418503668631,109.23116936809924,23.00921842915906,405.8477783203125,cruise,
12,U07,2371.1030535559044,109.2308517,23.0085095,405.8477783203125,descend,O01
12,U07,2381.1030535559044,109.2308517,23.0085095,385.8477783203125,descend,O01
12,U07,2391.1030535559044,109.2308517,23.0085095,365.8477783203125,descend,O01
12,U07,2401.1030535559044,109.2308517,23.0085095,345.8477783203125,descend,O01
12,U07,2411.1030535559044,109.2308517,23.0085095,325.8477783203125,descend,O01
12,U07,2421.1030535559044,109.2308517,23.0085095,305.8477783203125,descend,O01
12,U07,2431.1030535559044,109.2308517,23.0085095,285.8477783203125,descend,O01
12,U07,2441.1030535559044,109.2308517,23.0085095,265.8477783203125,descend,O01
12,U07,2451.1030535559044,109.2308517,23.0085095,245.8477783203125,descend,O01
12,U07,2461.1030535559044,109.2308517,23.0085095,225.8477783203125,descend,O01
12,U07,2471.1030535559044,109.2308517,23.0085095,205.8477783203125,descend,O01
12,U07,2481.1030535559044,109.2308517,23.0085095,185.8477783203125,descend,O01
12,U07,2491.1030535559044,109.2308517,23.0085095,165.8477783203125,descend,O01
12,U07,2501.1030535559044,109.2308517,23.0085095,145.8477783203125,descend,O01
12,U07,2510.1769427160607,109.2308517,23.0085095,127.69999999999999,descend,O01
13,U07,2510.2,109.2308517,23.0085095,127.7,setup,O01
13,U07,2520.2,109.2308517,23.0085095,127.7,setup,O01
13,U07,2530.2,109.2308517,23.0085095,127.7,setup,O01
13,U07,2540.2,109.2308517,23.0085095,127.7,setup,O01
13,U07,2550.2,109.2308517,23.0085095,127.7,setup,O01
13,U07,2560.2,109.2308517,23.0085095,127.7,setup,O01
13,U07,2570.2,109.2308517,23.0085095,127.7,setup,O01
13,U07,2580.2,109.2308517,23.0085095,127.7,setup,O01
13,U07,2590.2,109.2308517,23.0085095,127.7,setup,O01
13,U07,2600.2,109.2308517,23.0085095,127.7,setup,O01
13,U07,2610.2,109.2308517,23.0085095,127.7,setup,O01
13,U07,2620.2,109.2308517,23.0085095,127.7,setup,O01
13,U07,2630.2,109.2308517,23.0085095,127.7,setup,O01
13,U07,2640.2,109.2308517,23.0085095,127.7,setup,O01
13,U07,2650.2,109.2308517,23.0085095,127.7,setup,O01
13,U07,2660.2,109.2308517,23.0085095,127.7,setup,O01
13,U07,2670.2,109.2308517,23.0085095,127.7,setup,O01
13,U07,2680.2,109.2308517,23.0085095,127.7,setup,O01
13,U07,2690.2,109.2308517,23.0085095,127.7,setup,O01
13,U07,2700.2,109.2308517,23.0085095,127.7,setup,O01
13,U07,2710.2,109.2308517,23.0085095,127.7,setup,O01
13,U07,2720.2,109.2308517,23.0085095,127.7,setup,O01
13,U07,2730.2,109.2308517,23.0085095,127.7,setup,O01
13,U07,2740.2,109.2308517,23.0085095,127.7,setup,O01
13,U07,2750.2,109.2308517,23.0085095,127.7,setup,O01
13,U07,2760.2,109.2308517,23.0085095,127.7,setup,O01
13,U07,2770.2,109.2308517,23.0085095,127.7,setup,O01
13,U07,2780.2,109.2308517,23.0085095,127.7,setup,O01
13,U07,2790.2,109.2308517,23.0085095,127.7,setup,O01
13,U07,2800.2,109.2308517,23.0085095,127.7,setup,O01
13,U07,2810.2,109.2308517,23.0085095,127.7,setup,O01
13,U07,2820.2,109.2308517,23.0085095,127.7,setup,O01
13,U07,2830.2,109.2308517,23.0085095,127.7,setup,O01
13,U07,2840.2,109.2308517,23.0085095,127.7,setup,O01
13,U07,2850.2,109.2308517,23.0085095,127.7,setup,O01
13,U07,2860.2,109.2308517,23.0085095,127.7,setup,O01
13,U07,2870.2,109.2308517,23.0085095,127.7,setup,O01
13,U07,2880.2,109.2308517,23.0085095,127.7,setup,O01
13,U07,2890.2,109.2308517,23.0085095,127.7,setup,O01
13,U07,2900.2,109.2308517,23.0085095,127.7,setup,O01
13,U07,2910.2,109.2308517,23.0085095,127.7,setup,O01
13,U07,2920.2,109.2308517,23.0085095,127.7,setup,O01
13,U07,2930.2,109.2308517,23.0085095,127.7,setup,O01
13,U07,2940.2,109.2308517,23.0085095,127.7,setup,O01
13,U07,2950.2,109.2308517,23.0085095,127.7,setup,O01
13,U07,2960.2,109.2308517,23.0085095,127.7,climb,O01
13,U07,2970.2,109.2308517,23.0085095,152.70000000000002,climb,O01
13,U07,2980.2,109.2308517,23.0085095,177.70000000000002,climb,O01
13,U07,2990.2,109.2308517,23.0085095,202.7,climb,O01
13,U07,3000.2,109.2308517,23.0085095,227.70000000000002,climb,O01
13,U07,3010.2,109.2308517,23.0085095,252.7,climb,O01
13,U07,3020.2,109.2308517,23.0085095,277.7,climb,O01
13,U07,3021.793156738281,109.2308517,23.0085095,281.6828918457031,cruise,
13,U07,3031.793156738281,109.23145789759062,23.009737701111835,281.6828918457031,cruise,
13,U07,3041.793156738281,109.23206409518122,23.01096590222367,281.6828918457031,cruise,
13,U07,3051.793156738281,109.23267029277183,23.012194103335506,281.6828918457031,cruise,
13,U07,3061.793156738281,109.23327649036244,23.013422304447342,281.6828918457031,cruise,
13,U07,3071.793156738281,109.23388268795304,23.014650505559178,281.6828918457031,cruise,
13,U07,3081.793156738281,109.23448888554366,23.015878706671014,281.6828918457031,cruise,
13,U07,3091.793156738281,109.23509508313425,23.01710690778285,281.6828918457031,cruise,
13,U07,3101.793156738281,109.23570128072487,23.018335108894686,281.6828918457031,cruise,
13,U07,3111.793156738281,109.23630747831548,23.01956331000652,281.6828918457031,cruise,
13,U07,3121.793156738281,109.23691367590608,23.020791511118357,281.6828918457031,cruise,
13,U07,3131.793156738281,109.2375198734967,23.022019712230193,281.6828918457031,cruise,
13,U07,3141.793156738281,109.23812607108731,23.02324791334203,281.6828918457031,cruise,
13,U07,3151.793156738281,109.23873226867791,23.024476114453865,281.6828918457031,cruise,
13,U07,3161.793156738281,109.23933846626852,23.0257043155657,281.6828918457031,cruise,
13,U07,3171.793156738281,109.23994466385912,23.026932516677537,281.6828918457031,cruise,
13,U07,3181.793156738281,109.24055086144973,23.028160717789373,281.6828918457031,cruise,
13,U07,3191.793156738281,109.24115705904035,23.02938891890121,281.6828918457031,cruise,
13,U07,3201.793156738281,109.24176325663095,23.030617120013044,281.6828918457031,cruise,
13,U07,3211.793156738281,109.24236945422156,23.03184532112488,281.6828918457031,cruise,
13,U07,3221.793156738281,109.24297565181217,23.03307352223672,281.6828918457031,cruise,
13,U07,3226.0202964003342,109.2432319,23.0335927,281.6828918457031,descend,S001
13,U07,3236.0202964003342,109.2432319,23.0335927,261.6828918457031,descend,S001
13,U07,3246.0202964003342,109.2432319,23.0335927,241.68289184570312,descend,S001
13,U07,3256.0202964003342,109.2432319,23.0335927,221.68289184570312,descend,S001
13,U07,3266.0202964003342,109.2432319,23.0335927,201.68289184570312,descend,S001
13,U07,3274.861742323186,109.2432319,23.0335927,184.0,handover,S001
13,U07,3284.861742323186,109.2432319,23.0335927,184.0,handover,S001
13,U07,3294.861742323186,109.2432319,23.0335927,184.0,handover,S001
13,U07,3304.861742323186,109.2432319,23.0335927,184.0,handover,S001
13,U07,3314.861742323186,109.2432319,23.0335927,184.0,handover,S001
13,U07,3324.861742323186,109.2432319,23.0335927,184.0,handover,S001
13,U07,3334.861742323186,109.2432319,23.0335927,184.0,handover,S001
13,U07,3344.861742323186,109.2432319,23.0335927,184.0,handover,S001
13,U07,3354.861742323186,109.2432319,23.0335927,184.0,handover,S001
13,U07,3364.861742323186,109.2432319,23.0335927,184.0,handover,S001
13,U07,3374.861742323186,109.2432319,23.0335927,184.0,handover,S001
13,U07,3384.861742323186,109.2432319,23.0335927,184.0,handover,S001
13,U07,3394.861742323186,109.2432319,23.0335927,184.0,handover,S001
13,U07,3404.861742323186,109.2432319,23.0335927,184.0,handover,S001
13,U07,3414.861742323186,109.2432319,23.0335927,184.0,handover,S001
13,U07,3424.861742323186,109.2432319,23.0335927,184.0,handover,S001
13,U07,3434.861742323186,109.2432319,23.0335927,184.0,handover,S001
13,U07,3444.861742323186,109.2432319,23.0335927,184.0,handover,S001
13,U07,3454.861742323186,109.2432319,23.0335927,184.0,handover,S001
13,U07,3464.861742323186,109.2432319,23.0335927,184.0,handover,S001
13,U07,3474.861742323186,109.2432319,23.0335927,184.0,handover,S001
13,U07,3484.861742323186,109.2432319,23.0335927,184.0,handover,S001
13,U07,3494.861742323186,109.2432319,23.0335927,184.0,handover,S001
13,U07,3504.861742323186,109.2432319,23.0335927,184.0,handover,S001
13,U07,3514.861742323186,109.2432319,23.0335927,184.0,handover,S001
13,U07,3524.861742323186,109.2432319,23.0335927,184.0,handover,S001
13,U07,3534.861742323186,109.2432319,23.0335927,184.0,handover,S001
13,U07,3544.861742323186,109.2432319,23.0335927,184.0,handover,S001
13,U07,3554.861742323186,109.2432319,23.0335927,184.0,handover,S001
13,U07,3564.861742323186,109.2432319,23.0335927,184.0,handover,S001
13,U07,3574.861742323186,109.2432319,23.0335927,184.0,handover,S001
13,U07,3584.861742323186,109.2432319,23.0335927,184.0,handover,S001
13,U07,3594.861742323186,109.2432319,23.0335927,184.0,handover,S001
13,U07,3604.861742323186,109.2432319,23.0335927,184.0,handover,S001
13,U07,3614.861742323186,109.2432319,23.0335927,184.0,handover,S001
13,U07,3624.861742323186,109.2432319,23.0335927,184.0,handover,S001
13,U07,3634.861742323186,109.2432319,23.0335927,184.0,climb,S001
13,U07,3644.861742323186,109.2432319,23.0335927,209.0,climb,S001
13,U07,3654.861742323186,109.2432319,23.0335927,234.0,climb,S001
13,U07,3659.964031141545,109.2432319,23.0335927,246.75572204589844,cruise,
13,U07,3669.964031141545,109.24262570240938,23.032364498888164,246.75572204589844,cruise,
13,U07,3679.964031141545,109.24201950481878,23.031136297776328,246.75572204589844,cruise,
13,U07,3689.964031141545,109.24141330722817,23.029908096664492,246.75572204589844,cruise,
13,U07,3699.964031141545,109.24080710963756,23.028679895552656,246.75572204589844,cruise,
13,U07,3709.964031141545,109.24020091204696,23.02745169444082,246.75572204589844,cruise,
13,U07,3719.964031141545,109.23959471445635,23.026223493328985,246.75572204589844,cruise,
13,U07,3729.964031141545,109.23898851686575,23.02499529221715,246.75572204589844,cruise,
13,U07,3739.964031141545,109.23838231927513,23.023767091105313,246.75572204589844,cruise,
13,U07,3749.964031141545,109.23777612168452,23.022538889993477,246.75572204589844,cruise,
13,U07,3759.964031141545,109.23716992409392,23.02131068888164,246.75572204589844,cruise,
13,U07,3769.964031141545,109.2365637265033,23.020082487769805,246.75572204589844,cruise,
13,U07,3779.964031141545,109.23595752891269,23.01885428665797,246.75572204589844,cruise,
13,U07,3789.964031141545,109.2353513313221,23.017626085546134,246.75572204589844,cruise,
13,U07,3799.964031141545,109.23474513373148,23.016397884434298,246.75572204589844,cruise,
13,U07,3809.964031141545,109.23413893614088,23.015169683322462,246.75572204589844,cruise,
13,U07,3819.964031141545,109.23353273855027,23.013941482210626,246.75572204589844,cruise,
13,U07,3829.964031141545,109.23292654095965,23.01271328109879,246.75572204589844,cruise,
13,U07,3839.964031141545,109.23232034336905,23.011485079986954,246.75572204589844,cruise,
13,U07,3849.964031141545,109.23171414577844,23.01025687887512,246.75572204589844,cruise,
13,U07,3859.964031141545,109.23110794818783,23.00902867776328,246.75572204589844,cruise,
13,U07,3864.191170803598,109.2308517,23.0085095,246.75572204589844,descend,O01
13,U07,3874.191170803598,109.2308517,23.0085095,226.75572204589844,descend,O01
13,U07,3884.191170803598,109.2308517,23.0085095,206.75572204589844,descend,O01
13,U07,3894.191170803598,109.2308517,23.0085095,186.75572204589844,descend,O01
13,U07,3904.191170803598,109.2308517,23.0085095,166.75572204589844,descend,O01
13,U07,3914.191170803598,109.2308517,23.0085095,146.75572204589844,descend,O01
13,U07,3923.7190318265475,109.2308517,23.0085095,127.7,descend,O01
14,U07,3923.7,109.2308517,23.0085095,127.7,setup,O01
14,U07,3933.7,109.2308517,23.0085095,127.7,setup,O01
14,U07,3943.7,109.2308517,23.0085095,127.7,setup,O01
14,U07,3953.7,109.2308517,23.0085095,127.7,setup,O01
14,U07,3963.7,109.2308517,23.0085095,127.7,setup,O01
14,U07,3973.7,109.2308517,23.0085095,127.7,setup,O01
14,U07,3983.7,109.2308517,23.0085095,127.7,setup,O01
14,U07,3993.7,109.2308517,23.0085095,127.7,setup,O01
14,U07,4003.7,109.2308517,23.0085095,127.7,setup,O01
14,U07,4013.7,109.2308517,23.0085095,127.7,setup,O01
14,U07,4023.7,109.2308517,23.0085095,127.7,setup,O01
14,U07,4033.7,109.2308517,23.0085095,127.7,setup,O01
14,U07,4043.7,109.2308517,23.0085095,127.7,setup,O01
14,U07,4053.7,109.2308517,23.0085095,127.7,setup,O01
14,U07,4063.7,109.2308517,23.0085095,127.7,setup,O01
14,U07,4073.7,109.2308517,23.0085095,127.7,setup,O01
14,U07,4083.7,109.2308517,23.0085095,127.7,setup,O01
14,U07,4093.7,109.2308517,23.0085095,127.7,setup,O01
14,U07,4103.7,109.2308517,23.0085095,127.7,setup,O01
14,U07,4113.7,109.2308517,23.0085095,127.7,setup,O01
14,U07,4123.7,109.2308517,23.0085095,127.7,setup,O01
14,U07,4133.7,109.2308517,23.0085095,127.7,setup,O01
14,U07,4143.7,109.2308517,23.0085095,127.7,setup,O01
14,U07,4153.7,109.2308517,23.0085095,127.7,setup,O01
14,U07,4163.7,109.2308517,23.0085095,127.7,setup,O01
14,U07,4173.7,109.2308517,23.0085095,127.7,setup,O01
14,U07,4183.7,109.2308517,23.0085095,127.7,setup,O01
14,U07,4193.7,109.2308517,23.0085095,127.7,setup,O01
14,U07,4203.7,109.2308517,23.0085095,127.7,setup,O01
14,U07,4213.7,109.2308517,23.0085095,127.7,setup,O01
14,U07,4223.7,109.2308517,23.0085095,127.7,setup,O01
14,U07,4233.7,109.2308517,23.0085095,127.7,setup,O01
14,U07,4243.7,109.2308517,23.0085095,127.7,setup,O01
14,U07,4253.7,109.2308517,23.0085095,127.7,setup,O01
14,U07,4263.7,109.2308517,23.0085095,127.7,setup,O01
14,U07,4273.7,109.2308517,23.0085095,127.7,setup,O01
14,U07,4283.7,109.2308517,23.0085095,127.7,setup,O01
14,U07,4293.7,109.2308517,23.0085095,127.7,setup,O01
14,U07,4303.7,109.2308517,23.0085095,127.7,setup,O01
14,U07,4313.7,109.2308517,23.0085095,127.7,setup,O01
14,U07,4323.7,109.2308517,23.0085095,127.7,setup,O01
14,U07,4333.7,109.2308517,23.0085095,127.7,setup,O01
14,U07,4343.7,109.2308517,23.0085095,127.7,setup,O01
14,U07,4353.7,109.2308517,23.0085095,127.7,setup,O01
14,U07,4363.7,109.2308517,23.0085095,127.7,setup,O01
14,U07,4373.7,109.2308517,23.0085095,127.7,setup,O01
14,U07,4383.7,109.2308517,23.0085095,127.7,setup,O01
14,U07,4393.7,109.2308517,23.0085095,127.7,setup,O01
14,U07,4403.7,109.2308517,23.0085095,127.7,setup,O01
14,U07,4413.7,109.2308517,23.0085095,127.7,setup,O01
14,U07,4423.7,109.2308517,23.0085095,127.7,setup,O01
14,U07,4433.7,109.2308517,23.0085095,127.7,climb,O01
14,U07,4443.7,109.2308517,23.0085095,152.7,climb,O01
14,U07,4453.7,109.2308517,23.0085095,177.7,climb,O01
14,U07,4463.7,109.2308517,23.0085095,202.7,climb,O01
14,U07,4470.2358203124995,109.2308517,23.0085095,219.03955078125,cruise,
14,U07,4480.2358203124995,109.23077951797897,23.009856845858845,219.03955078125,cruise,
14,U07,4490.2358203124995,109.23070733595793,23.01120419171769,219.03955078125,cruise,
14,U07,4500.2358203124995,109.2306351539369,23.012551537576538,219.03955078125,cruise,
14,U07,4510.2358203124995,109.23056297191587,23.01389888343538,219.03955078125,cruise,
14,U07,4520.2358203124995,109.23049078989484,23.015246229294227,219.03955078125,cruise,
14,U07,4530.2358203124995,109.2304186078738,23.016593575153074,219.03955078125,cruise,
14,U07,4540.2358203124995,109.23034642585277,23.01794092101192,219.03955078125,cruise,
14,U07,4550.2358203124995,109.23027424383174,23.019288266870767,219.03955078125,cruise,
14,U07,4560.2358203124995,109.23020206181072,23.020635612729613,219.03955078125,cruise,
14,U07,4570.2358203124995,109.23012987978967,23.02198295858846,219.03955078125,cruise,
14,U07,4580.2358203124995,109.23005769776864,23.023330304447303,219.03955078125,cruise,
14,U07,4590.2358203124995,109.22998551574761,23.02467765030615,219.03955078125,cruise,
14,U07,4600.2358203124995,109.22991333372659,23.026024996164995,219.03955078125,cruise,
14,U07,4610.2358203124995,109.22984115170554,23.027372342023842,219.03955078125,cruise,
14,U07,4620.2358203124995,109.22976896968451,23.02871968788269,219.03955078125,cruise,
14,U07,4630.2358203124995,109.22969678766349,23.030067033741535,219.03955078125,cruise,
14,U07,4640.2358203124995,109.22962460564244,23.03141437960038,219.03955078125,cruise,
14,U07,4650.2358203124995,109.22955242362141,23.032761725459224,219.03955078125,cruise,
14,U07,4660.2358203124995,109.22948024160038,23.03410907131807,219.03955078125,cruise,
14,U07,4670.2358203124995,109.22940805957936,23.035456417176917,219.03955078125,cruise,
14,U07,4680.2358203124995,109.22933587755831,23.036803763035763,219.03955078125,cruise,
14,U07,4690.2358203124995,109.22926369553728,23.03815110889461,219.03955078125,cruise,
14,U07,4700.2358203124995,109.22919151351626,23.039498454753456,219.03955078125,cruise,
14,U07,4710.2358203124995,109.22911933149523,23.040845800612303,219.03955078125,cruise,
14,U07,4720.2358203124995,109.22904714947418,23.042193146471146,219.03955078125,cruise,
14,U07,4730.2358203124995,109.22897496745315,23.043540492329992,219.03955078125,cruise,
14,U07,4740.2358203124995,109.22890278543213,23.04488783818884,219.03955078125,cruise,
14,U07,4750.2358203124995,109.2288306034111,23.046235184047685,219.03955078125,cruise,
14,U07,4760.2358203124995,109.22875842139005,23.04758252990653,219.03955078125,cruise,
14,U07,4770.2358203124995,109.22868623936903,23.048929875765378,219.03955078125,cruise,
14,U07,4780.2358203124995,109.228614057348,23.050277221624224,219.03955078125,cruise,
14,U07,4790.2358203124995,109.22854187532695,23.051624567483067,219.03955078125,cruise,
14,U07,4800.2358203124995,109.22846969330593,23.052971913341914,219.03955078125,cruise,
14,U07,4810.2358203124995,109.2283975112849,23.05431925920076,219.03955078125,cruise,
14,U07,4820.2358203124995,109.22832532926387,23.055666605059606,219.03955078125,cruise,
14,U07,4823.703340825718,109.2283003,23.0561338,219.03955078125,descend,S005
14,U07,4833.703340825718,109.2283003,23.0561338,199.03955078125,descend,S005
14,U07,4835.723116216343,109.2283003,23.0561338,195.0,handover,S005
14,U07,4845.723116216343,109.2283003,23.0561338,195.0,handover,S005
14,U07,4855.723116216343,109.2283003,23.0561338,195.0,handover,S005
14,U07,4865.723116216343,109.2283003,23.0561338,195.0,handover,S005
14,U07,4875.723116216343,109.2283003,23.0561338,195.0,handover,S005
14,U07,4885.723116216343,109.2283003,23.0561338,195.0,handover,S005
14,U07,4895.723116216343,109.2283003,23.0561338,195.0,handover,S005
14,U07,4905.723116216343,109.2283003,23.0561338,195.0,handover,S005
14,U07,4915.723116216343,109.2283003,23.0561338,195.0,handover,S005
14,U07,4925.723116216343,109.2283003,23.0561338,195.0,handover,S005
14,U07,4935.723116216343,109.2283003,23.0561338,195.0,handover,S005
14,U07,4945.723116216343,109.2283003,23.0561338,195.0,handover,S005
14,U07,4955.723116216343,109.2283003,23.0561338,195.0,handover,S005
14,U07,4965.723116216343,109.2283003,23.0561338,195.0,handover,S005
14,U07,4975.723116216343,109.2283003,23.0561338,195.0,handover,S005
14,U07,4985.723116216343,109.2283003,23.0561338,195.0,handover,S005
14,U07,4995.723116216343,109.2283003,23.0561338,195.0,handover,S005
14,U07,5005.723116216343,109.2283003,23.0561338,195.0,handover,S005
14,U07,5015.723116216343,109.2283003,23.0561338,195.0,handover,S005
14,U07,5025.723116216343,109.2283003,23.0561338,195.0,handover,S005
14,U07,5035.723116216343,109.2283003,23.0561338,195.0,handover,S005
14,U07,5045.723116216343,109.2283003,23.0561338,195.0,handover,S005
14,U07,5055.723116216343,109.2283003,23.0561338,195.0,handover,S005
14,U07,5065.723116216343,109.2283003,23.0561338,195.0,handover,S005
14,U07,5075.723116216343,109.2283003,23.0561338,195.0,handover,S005
14,U07,5085.723116216343,109.2283003,23.0561338,195.0,handover,S005
14,U07,5087.723116216343,109.2283003,23.0561338,195.0,climb,S005
14,U07,5097.723116216343,109.2283003,23.0561338,220.0,climb,S005
14,U07,5107.723116216343,109.2283003,23.0561338,245.0,climb,S005
14,U07,5117.723116216343,109.2283003,23.0561338,270.0,climb,S005
14,U07,5127.723116216343,109.2283003,23.0561338,295.0,climb,S005
14,U07,5129.038790044468,109.2283003,23.0561338,298.2891845703125,cruise,
14,U07,5139.038790044468,109.22753483484,23.05728435273726,298.2891845703125,cruise,
14,U07,5149.038790044468,109.22676936968,23.05843490547452,298.2891845703125,cruise,
14,U07,5159.038790044468,109.22600390452,23.059585458211778,298.2891845703125,cruise,
14,U07,5169.038790044468,109.22523843936001,23.060736010949036,298.2891845703125,cruise,
14,U07,5179.038790044468,109.22447297420001,23.061886563686297,298.2891845703125,cruise,
14,U07,5189.038790044468,109.22370750904001,23.063037116423555,298.2891845703125,cruise,
14,U07,5199.038790044468,109.22294204388001,23.064187669160816,298.2891845703125,cruise,
14,U07,5209.038790044468,109.22217657872001,23.065338221898074,298.2891845703125,cruise,
14,U07,5219.038790044468,109.22141111356001,23.06648877463533,298.2891845703125,cruise,
14,U07,5229.038790044468,109.22064564840001,23.067639327372593,298.2891845703125,cruise,
14,U07,5239.038790044468,109.21988018324001,23.06878988010985,298.2891845703125,cruise,
14,U07,5249.038790044468,109.21911471808002,23.06994043284711,298.2891845703125,cruise,
14,U07,5259.038790044468,109.21834925292002,23.07109098558437,298.2891845703125,cruise,
14,U07,5269.038790044468,109.21758378776002,23.072241538321627,298.2891845703125,cruise,
14,U07,5279.038790044468,109.21681832260002,23.073392091058885,298.2891845703125,cruise,
14,U07,5289.038790044468,109.21605285744002,23.074542643796146,298.2891845703125,cruise,
14,U07,5299.038790044468,109.21528739228002,23.075693196533404,298.2891845703125,cruise,
14,U07,5309.038790044468,109.21452192712002,23.076843749270665,298.2891845703125,cruise,
14,U07,5319.038790044468,109.21375646196003,23.077994302007923,298.2891845703125,cruise,
14,U07,5329.038790044468,109.21299099680003,23.07914485474518,298.2891845703125,cruise,
14,U07,5332.2237397034605,109.2127472,23.0795113,298.2891845703125,descend,S008
14,U07,5342.2237397034605,109.2127472,23.0795113,278.2891845703125,descend,S008
14,U07,5345.918331988617,109.2127472,23.0795113,270.9,handover,S008
14,U07,5355.918331988617,109.2127472,23.0795113,270.9,handover,S008
14,U07,5365.918331988617,109.2127472,23.0795113,270.9,handover,S008
14,U07,5375.918331988617,109.2127472,23.0795113,270.9,handover,S008
14,U07,5385.918331988617,109.2127472,23.0795113,270.9,handover,S008
14,U07,5395.918331988617,109.2127472,23.0795113,270.9,handover,S008
14,U07,5405.918331988617,109.2127472,23.0795113,270.9,handover,S008
14,U07,5415.918331988617,109.2127472,23.0795113,270.9,handover,S008
14,U07,5425.918331988617,109.2127472,23.0795113,270.9,handover,S008
14,U07,5435.918331988617,109.2127472,23.0795113,270.9,handover,S008
14,U07,5445.918331988617,109.2127472,23.0795113,270.9,handover,S008
14,U07,5455.918331988617,109.2127472,23.0795113,270.9,handover,S008
14,U07,5465.918331988617,109.2127472,23.0795113,270.9,handover,S008
14,U07,5475.918331988617,109.2127472,23.0795113,270.9,handover,S008
14,U07,5485.918331988617,109.2127472,23.0795113,270.9,handover,S008
14,U07,5495.918331988617,109.2127472,23.0795113,270.9,handover,S008
14,U07,5505.918331988617,109.2127472,23.0795113,270.9,handover,S008
14,U07,5515.918331988617,109.2127472,23.0795113,270.9,handover,S008
14,U07,5525.918331988617,109.2127472,23.0795113,270.9,handover,S008
14,U07,5535.918331988617,109.2127472,23.0795113,270.9,handover,S008
14,U07,5545.918331988617,109.2127472,23.0795113,270.9,handover,S008
14,U07,5555.918331988617,109.2127472,23.0795113,270.9,handover,S008
14,U07,5565.918331988617,109.2127472,23.0795113,270.9,handover,S008
14,U07,5575.918331988617,109.2127472,23.0795113,270.9,handover,S008
14,U07,5585.918331988617,109.2127472,23.0795113,270.9,handover,S008
14,U07,5595.918331988617,109.2127472,23.0795113,270.9,handover,S008
14,U07,5605.918331988617,109.2127472,23.0795113,270.9,handover,S008
14,U07,5615.918331988617,109.2127472,23.0795113,270.9,handover,S008
14,U07,5625.918331988617,109.2127472,23.0795113,270.9,handover,S008
14,U07,5635.918331988617,109.2127472,23.0795113,270.9,handover,S008
14,U07,5645.918331988617,109.2127472,23.0795113,270.9,handover,S008
14,U07,5655.918331988617,109.2127472,23.0795113,270.9,handover,S008
14,U07,5665.918331988617,109.2127472,23.0795113,270.9,handover,S008
14,U07,5675.918331988617,109.2127472,23.0795113,270.9,handover,S008
14,U07,5685.918331988617,109.2127472,23.0795113,270.9,handover,S008
14,U07,5695.918331988617,109.2127472,23.0795113,270.9,handover,S008
14,U07,5705.918331988617,109.2127472,23.0795113,270.9,climb,S008
14,U07,5715.918331988617,109.2127472,23.0795113,295.9,climb,S008
14,U07,5725.918331988617,109.2127472,23.0795113,320.9,climb,S008
14,U07,5735.918331988617,109.2127472,23.0795113,345.9,climb,S008
14,U07,5745.918331988617,109.2127472,23.0795113,370.9,climb,S008
14,U07,5746.778583453461,109.2127472,23.0795113,373.0506286621094,cruise,
14,U07,5756.778583453461,109.21308207733286,23.078197985994528,373.0506286621094,cruise,
14,U07,5766.778583453461,109.21341695466572,23.076884671989053,373.0506286621094,cruise,
14,U07,5776.778583453461,109.21375183199856,23.07557135798358,373.0506286621094,cruise,
14,U07,5786.778583453461,109.21408670933143,23.074258043978105,373.0506286621094,cruise,
14,U07,5796.778583453461,109.21442158666429,23.072944729972633,373.0506286621094,cruise,
14,U07,5806.778583453461,109.21475646399715,23.071631415967158,373.0506286621094,cruise,
14,U07,5816.778583453461,109.21509134133,23.070318101961686,373.0506286621094,cruise,
14,U07,5826.778583453461,109.21542621866286,23.06900478795621,373.0506286621094,cruise,
14,U07,5836.778583453461,109.21576109599572,23.067691473950738,373.0506286621094,cruise,
14,U07,5846.778583453461,109.21609597332858,23.066378159945263,373.0506286621094,cruise,
14,U07,5856.778583453461,109.21643085066144,23.06506484593979,373.0506286621094,cruise,
14,U07,5866.778583453461,109.21676572799429,23.063751531934315,373.0506286621094,cruise,
14,U07,5876.778583453461,109.21710060532715,23.062438217928843,373.0506286621094,cruise,
14,U07,5886.778583453461,109.21743548266001,23.061124903923368,373.0506286621094,cruise,
14,U07,5896.778583453461,109.21777035999287,23.059811589917896,373.0506286621094,cruise,
14,U07,5906.778583453461,109.21810523732572,23.05849827591242,373.0506286621094,cruise,
14,U07,5916.778583453461,109.21844011465858,23.057184961906948,373.0506286621094,cruise,
14,U07,5926.778583453461,109.21877499199144,23.055871647901473,373.0506286621094,cruise,
14,U07,5936.778583453461,109.2191098693243,23.054558333896,373.0506286621094,cruise,
14,U07,5946.778583453461,109.21944474665715,23.053245019890525,373.0506286621094,cruise,
14,U07,5956.778583453461,109.21977962399001,23.051931705885053,373.0506286621094,cruise,
14,U07,5966.778583453461,109.22011450132287,23.050618391879578,373.0506286621094,cruise,
14,U07,5976.778583453461,109.22044937865573,23.049305077874106,373.0506286621094,cruise,
14,U07,5986.778583453461,109.22078425598859,23.04799176386863,373.0506286621094,cruise,
14,U07,5996.778583453461,109.22111913332144,23.04667844986316,373.0506286621094,cruise,
14,U07,6006.778583453461,109.2214540106543,23.045365135857683,373.0506286621094,cruise,
14,U07,6016.778583453461,109.22178888798716,23.04405182185221,373.0506286621094,cruise,
14,U07,6026.778583453461,109.22212376532002,23.042738507846735,373.0506286621094,cruise,
14,U07,6036.778583453461,109.22245864265287,23.041425193841263,373.0506286621094,cruise,
14,U07,6046.778583453461,109.22279351998573,23.040111879835788,373.0506286621094,cruise,
14,U07,6056.778583453461,109.22312839731859,23.038798565830316,373.0506286621094,cruise,
14,U07,6066.778583453461,109.22346327465145,23.03748525182484,373.0506286621094,cruise,
14,U07,6076.778583453461,109.22379815198431,23.03617193781937,373.0506286621094,cruise,
14,U07,6086.778583453461,109.22413302931716,23.034858623813893,373.0506286621094,cruise,
14,U07,6096.778583453461,109.22446790665002,23.03354530980842,373.0506286621094,cruise,
14,U07,6106.778583453461,109.22480278398288,23.032231995802945,373.0506286621094,cruise,
14,U07,6116.778583453461,109.22513766131574,23.030918681797473,373.0506286621094,cruise,
14,U07,6126.778583453461,109.22547253864859,23.029605367791998,373.0506286621094,cruise,
14,U07,6136.778583453461,109.22580741598145,23.028292053786526,373.0506286621094,cruise,
14,U07,6146.778583453461,109.22614229331431,23.02697873978105,373.0506286621094,cruise,
14,U07,6156.778583453461,109.22647717064717,23.02566542577558,373.0506286621094,cruise,
14,U07,6166.778583453461,109.22681204798002,23.024352111770103,373.0506286621094,cruise,
14,U07,6176.778583453461,109.22714692531288,23.02303879776463,373.0506286621094,cruise,
14,U07,6186.778583453461,109.22748180264574,23.021725483759155,373.0506286621094,cruise,
14,U07,6196.778583453461,109.2278166799786,23.020412169753683,373.0506286621094,cruise,
14,U07,6206.778583453461,109.22815155731146,23.019098855748208,373.0506286621094,cruise,
14,U07,6216.778583453461,109.22848643464431,23.017785541742736,373.0506286621094,cruise,
14,U07,6226.778583453461,109.22882131197717,23.01647222773726,373.0506286621094,cruise,
14,U07,6236.778583453461,109.22915618931003,23.01515891373179,373.0506286621094,cruise,
14,U07,6246.778583453461,109.2294910666429,23.013845599726316,373.0506286621094,cruise,
14,U07,6256.778583453461,109.22982594397574,23.01253228572084,373.0506286621094,cruise,
14,U07,6266.778583453461,109.2301608213086,23.01121897171537,373.0506286621094,cruise,
14,U07,6276.778583453461,109.23049569864146,23.009905657709893,373.0506286621094,cruise,
14,U07,6286.778583453461,109.23083057597432,23.00859234370442,373.0506286621094,cruise,
14,U07,6287.409382364276,109.2308517,23.0085095,373.0506286621094,descend,O01
14,U07,6297.409382364276,109.2308517,23.0085095,353.0506286621094,descend,O01
14,U07,6307.409382364276,109.2308517,23.0085095,333.0506286621094,descend,O01
14,U07,6317.409382364276,109.2308517,23.0085095,313.0506286621094,descend,O01
14,U07,6327.409382364276,109.2308517,23.0085095,293.0506286621094,descend,O01
14,U07,6337.409382364276,109.2308517,23.0085095,273.0506286621094,descend,O01
14,U07,6347.409382364276,109.2308517,23.0085095,253.05062866210938,descend,O01
14,U07,6357.409382364276,109.2308517,23.0085095,233.05062866210938,descend,O01
14,U07,6367.409382364276,109.2308517,23.0085095,213.05062866210938,descend,O01
14,U07,6377.409382364276,109.2308517,23.0085095,193.05062866210938,descend,O01
14,U07,6387.409382364276,109.2308517,23.0085095,173.05062866210938,descend,O01
14,U07,6397.409382364276,109.2308517,23.0085095,153.05062866210938,descend,O01
14,U07,6407.409382364276,109.2308517,23.0085095,133.05062866210938,descend,O01
14,U07,6410.08469669533,109.2308517,23.0085095,127.69999999999999,descend,O01
15,U07,6410.1,109.2308517,23.0085095,127.7,setup,O01
15,U07,6420.1,109.2308517,23.0085095,127.7,setup,O01
15,U07,6430.1,109.2308517,23.0085095,127.7,setup,O01
15,U07,6440.1,109.2308517,23.0085095,127.7,setup,O01
15,U07,6450.1,109.2308517,23.0085095,127.7,setup,O01
15,U07,6460.1,109.2308517,23.0085095,127.7,setup,O01
15,U07,6470.1,109.2308517,23.0085095,127.7,setup,O01
15,U07,6480.1,109.2308517,23.0085095,127.7,setup,O01
15,U07,6490.1,109.2308517,23.0085095,127.7,setup,O01
15,U07,6500.1,109.2308517,23.0085095,127.7,setup,O01
15,U07,6510.1,109.2308517,23.0085095,127.7,setup,O01
15,U07,6520.1,109.2308517,23.0085095,127.7,setup,O01
15,U07,6530.1,109.2308517,23.0085095,127.7,setup,O01
15,U07,6540.1,109.2308517,23.0085095,127.7,setup,O01
15,U07,6550.1,109.2308517,23.0085095,127.7,setup,O01
15,U07,6560.1,109.2308517,23.0085095,127.7,setup,O01
15,U07,6570.1,109.2308517,23.0085095,127.7,setup,O01
15,U07,6580.1,109.2308517,23.0085095,127.7,setup,O01
15,U07,6590.1,109.2308517,23.0085095,127.7,setup,O01
15,U07,6600.1,109.2308517,23.0085095,127.7,setup,O01
15,U07,6610.1,109.2308517,23.0085095,127.7,setup,O01
15,U07,6620.1,109.2308517,23.0085095,127.7,setup,O01
15,U07,6630.1,109.2308517,23.0085095,127.7,setup,O01
15,U07,6640.1,109.2308517,23.0085095,127.7,setup,O01
15,U07,6650.1,109.2308517,23.0085095,127.7,setup,O01
15,U07,6660.1,109.2308517,23.0085095,127.7,setup,O01
15,U07,6670.1,109.2308517,23.0085095,127.7,setup,O01
15,U07,6680.1,109.2308517,23.0085095,127.7,setup,O01
15,U07,6690.1,109.2308517,23.0085095,127.7,setup,O01
15,U07,6700.1,109.2308517,23.0085095,127.7,setup,O01
15,U07,6710.1,109.2308517,23.0085095,127.7,setup,O01
15,U07,6720.1,109.2308517,23.0085095,127.7,setup,O01
15,U07,6730.1,109.2308517,23.0085095,127.7,setup,O01
15,U07,6740.1,109.2308517,23.0085095,127.7,setup,O01
15,U07,6750.1,109.2308517,23.0085095,127.7,setup,O01
15,U07,6760.1,109.2308517,23.0085095,127.7,setup,O01
15,U07,6770.1,109.2308517,23.0085095,127.7,setup,O01
15,U07,6780.1,109.2308517,23.0085095,127.7,setup,O01
15,U07,6790.1,109.2308517,23.0085095,127.7,setup,O01
15,U07,6800.1,109.2308517,23.0085095,127.7,setup,O01
15,U07,6810.1,109.2308517,23.0085095,127.7,setup,O01
15,U07,6820.1,109.2308517,23.0085095,127.7,setup,O01
15,U07,6830.1,109.2308517,23.0085095,127.7,setup,O01
15,U07,6840.1,109.2308517,23.0085095,127.7,setup,O01
15,U07,6850.1,109.2308517,23.0085095,127.7,setup,O01
15,U07,6860.1,109.2308517,23.0085095,127.7,climb,O01
15,U07,6870.1,109.2308517,23.0085095,152.7,climb,O01
15,U07,6880.1,109.2308517,23.0085095,177.7,climb,O01
15,U07,6890.1,109.2308517,23.0085095,202.7,climb,O01
15,U07,6900.1,109.2308517,23.0085095,227.7,climb,O01
15,U07,6910.1,109.2308517,23.0085095,252.7,climb,O01
15,U07,6920.1,109.2308517,23.0085095,277.7,climb,O01
15,U07,6930.1,109.2308517,23.0085095,302.7,climb,O01
15,U07,6940.1,109.2308517,23.0085095,327.7,climb,O01
15,U07,6950.1,109.2308517,23.0085095,352.7,climb,O01
15,U07,6952.424272460938,109.2308517,23.0085095,358.51068115234375,cruise,
15,U07,6962.424272460938,109.22957102226097,23.009165641302282,358.51068115234375,cruise,
15,U07,6972.424272460938,109.22829034452192,23.009821782604565,358.51068115234375,cruise,
15,U07,6982.424272460938,109.22700966678289,23.010477923906848,358.51068115234375,cruise,
15,U07,6992.424272460938,109.22572898904384,23.01113406520913,358.51068115234375,cruise,
15,U07,7002.424272460938,109.22444831130481,23.01179020651141,358.51068115234375,cruise,
15,U07,7012.424272460938,109.22316763356577,23.012446347813693,358.51068115234375,cruise,
15,U07,7022.424272460938,109.22188695582673,23.013102489115976,358.51068115234375,cruise,
15,U07,7032.424272460938,109.22060627808769,23.01375863041826,358.51068115234375,cruise,
15,U07,7042.424272460938,109.21932560034865,23.014414771720542,358.51068115234375,cruise,
15,U07,7052.424272460938,109.21804492260962,23.015070913022825,358.51068115234375,cruise,
15,U07,7062.424272460938,109.21676424487057,23.015727054325108,358.51068115234375,cruise,
15,U07,7072.424272460938,109.21548356713154,23.01638319562739,358.51068115234375,cruise,
15,U07,7082.424272460938,109.2142028893925,23.01703933692967,358.51068115234375,cruise,
15,U07,7092.424272460938,109.21292221165346,23.017695478231953,358.51068115234375,cruise,
15,U07,7102.424272460938,109.21164153391442,23.018351619534236,358.51068115234375,cruise,
15,U07,7112.424272460938,109.21036085617538,23.01900776083652,358.51068115234375,cruise,
15,U07,7122.424272460938,109.20908017843634,23.019663902138802,358.51068115234375,cruise,
15,U07,7132.424272460938,109.2077995006973,23.020320043441085,358.51068115234375,cruise,
15,U07,7142.424272460938,109.20651882295827,23.02097618474337,358.51068115234375,cruise,
15,U07,7152.424272460938,109.20523814521923,23.02163232604565,358.51068115234375,cruise,
15,U07,7162.424272460938,109.2039574674802,23.022288467347934,358.51068115234375,cruise,
15,U07,7172.424272460938,109.20267678974115,23.022944608650214,358.51068115234375,cruise,
15,U07,7182.424272460938,109.20139611200212,23.023600749952497,358.51068115234375,cruise,
15,U07,7192.424272460938,109.20011543426307,23.02425689125478,358.51068115234375,cruise,
15,U07,7202.424272460938,109.19883475652404,23.024913032557063,358.51068115234375,cruise,
15,U07,7212.424272460938,109.19755407878499,23.025569173859346,358.51068115234375,cruise,
15,U07,7222.424272460938,109.19627340104596,23.02622531516163,358.51068115234375,cruise,
15,U07,7232.424272460938,109.19499272330692,23.02688145646391,358.51068115234375,cruise,
15,U07,7242.424272460938,109.19371204556788,23.027537597766194,358.51068115234375,cruise,
15,U07,7252.424272460938,109.19243136782885,23.028193739068474,358.51068115234375,cruise,
15,U07,7262.424272460938,109.1911506900898,23.028849880370757,358.51068115234375,cruise,
15,U07,7272.424272460938,109.18987001235077,23.02950602167304,358.51068115234375,cruise,
15,U07,7282.424272460938,109.18858933461172,23.030162162975323,358.51068115234375,cruise,
15,U07,7292.424272460938,109.18730865687269,23.030818304277606,358.51068115234375,cruise,
15,U07,7302.424272460938,109.18602797913364,23.03147444557989,358.51068115234375,cruise,
15,U07,7312.424272460938,109.18474730139461,23.03213058688217,358.51068115234375,cruise,
15,U07,7322.424272460938,109.18346662365558,23.032786728184455,358.51068115234375,cruise,
15,U07,7332.424272460938,109.18218594591653,23.033442869486734,358.51068115234375,cruise,
15,U07,7342.424272460938,109.1809052681775,23.034099010789017,358.51068115234375,cruise,
15,U07,7352.424272460938,109.17962459043845,23.0347551520913,358.51068115234375,cruise,
15,U07,7362.424272460938,109.17834391269942,23.035411293393583,358.51068115234375,cruise,
15,U07,7372.424272460938,109.17706323496037,23.036067434695866,358.51068115234375,cruise,
15,U07,7382.424272460938,109.17578255722134,23.03672357599815,358.51068115234375,cruise,
15,U07,7392.424272460938,109.17450187948229,23.037379717300432,358.51068115234375,cruise,
15,U07,7402.424272460938,109.17322120174326,23.038035858602715,358.51068115234375,cruise,
15,U07,7412.424272460938,109.17194052400423,23.038691999904998,358.51068115234375,cruise,
15,U07,7422.424272460938,109.17065984626518,23.039348141207277,358.51068115234375,cruise,
15,U07,7432.424272460938,109.16937916852615,23.04000428250956,358.51068115234375,cruise,
15,U07,7436.495308524528,109.1688578,23.0402714,358.51068115234375,descend,S003
15,U07,7446.495308524528,109.1688578,23.0402714,338.51068115234375,descend,S003
15,U07,7446.5006491007,109.1688578,23.0402714,338.5,handover,S003
15,U07,7456.5006491007,109.1688578,23.0402714,338.5,handover,S003
15,U07,7466.5006491007,109.1688578,23.0402714,338.5,handover,S003
15,U07,7476.5006491007,109.1688578,23.0402714,338.5,handover,S003
15,U07,7486.5006491007,109.1688578,23.0402714,338.5,handover,S003
15,U07,7496.5006491007,109.1688578,23.0402714,338.5,handover,S003
15,U07,7506.5006491007,109.1688578,23.0402714,338.5,handover,S003
15,U07,7516.5006491007,109.1688578,23.0402714,338.5,handover,S003
15,U07,7526.5006491007,109.1688578,23.0402714,338.5,handover,S003
15,U07,7536.5006491007,109.1688578,23.0402714,338.5,handover,S003
15,U07,7546.5006491007,109.1688578,23.0402714,338.5,handover,S003
15,U07,7556.5006491007,109.1688578,23.0402714,338.5,handover,S003
15,U07,7566.5006491007,109.1688578,23.0402714,338.5,handover,S003
15,U07,7576.5006491007,109.1688578,23.0402714,338.5,handover,S003
15,U07,7586.5006491007,109.1688578,23.0402714,338.5,handover,S003
15,U07,7596.5006491007,109.1688578,23.0402714,338.5,handover,S003
15,U07,7606.5006491007,109.1688578,23.0402714,338.5,handover,S003
15,U07,7616.5006491007,109.1688578,23.0402714,338.5,handover,S003
15,U07,7626.5006491007,109.1688578,23.0402714,338.5,handover,S003
15,U07,7636.5006491007,109.1688578,23.0402714,338.5,handover,S003
15,U07,7646.5006491007,109.1688578,23.0402714,338.5,handover,S003
15,U07,7656.5006491007,109.1688578,23.0402714,338.5,handover,S003
15,U07,7666.5006491007,109.1688578,23.0402714,338.5,handover,S003
15,U07,7676.5006491007,109.1688578,23.0402714,338.5,handover,S003
15,U07,7686.5006491007,109.1688578,23.0402714,338.5,handover,S003
15,U07,7696.5006491007,109.1688578,23.0402714,338.5,handover,S003
15,U07,7706.5006491007,109.1688578,23.0402714,338.5,handover,S003
15,U07,7716.5006491007,109.1688578,23.0402714,338.5,handover,S003
15,U07,7726.5006491007,109.1688578,23.0402714,338.5,handover,S003
15,U07,7736.5006491007,109.1688578,23.0402714,338.5,handover,S003
15,U07,7746.5006491007,109.1688578,23.0402714,338.5,handover,S003
15,U07,7756.5006491007,109.1688578,23.0402714,338.5,handover,S003
15,U07,7766.5006491007,109.1688578,23.0402714,338.5,handover,S003
15,U07,7776.5006491007,109.1688578,23.0402714,338.5,handover,S003
15,U07,7786.5006491007,109.1688578,23.0402714,338.5,handover,S003
15,U07,7796.5006491007,109.1688578,23.0402714,338.5,handover,S003
15,U07,7806.5006491007,109.1688578,23.0402714,338.5,climb,S003
15,U07,7816.5006491007,109.1688578,23.0402714,363.5,climb,S003
15,U07,7826.5006491007,109.1688578,23.0402714,388.5,climb,S003
15,U07,7836.5006491007,109.1688578,23.0402714,413.5,climb,S003
15,U07,7846.5006491007,109.1688578,23.0402714,438.5,climb,S003
15,U07,7856.5006491007,109.1688578,23.0402714,463.5,climb,S003
15,U07,7866.5006491007,109.1688578,23.0402714,488.5,climb,S003
15,U07,7876.5006491007,109.1688578,23.0402714,513.5,climb,S003
15,U07,7886.5006491007,109.1688578,23.0402714,538.5,climb,S003
15,U07,7896.5006491007,109.1688578,23.0402714,563.5,climb,S003
15,U07,7906.5006491007,109.1688578,23.0402714,588.5,climb,S003
15,U07,7906.824355155387,109.1688578,23.0402714,589.3092651367188,cruise,
15,U07,7916.824355155387,109.17013847773903,23.03961525869772,589.3092651367188,cruise,
15,U07,7926.824355155387,109.17141915547808,23.038959117395436,589.3092651367188,cruise,
15,U07,7936.824355155387,109.17269983321711,23.038302976093153,589.3092651367188,cruise,
15,U07,7946.824355155387,109.17398051095616,23.03764683479087,589.3092651367188,cruise,
15,U07,7956.824355155387,109.17526118869519,23.03699069348859,589.3092651367188,cruise,
15,U07,7966.824355155387,109.17654186643423,23.036334552186307,589.3092651367188,cruise,
15,U07,7976.824355155387,109.17782254417327,23.035678410884024,589.3092651367188,cruise,
15,U07,7986.824355155387,109.17910322191231,23.03502226958174,589.3092651367188,cruise,
15,U07,7996.824355155387,109.18038389965135,23.03436612827946,589.3092651367188,cruise,
15,U07,8006.824355155387,109.18166457739038,23.033709986977176,589.3092651367188,cruise,
15,U07,8016.824355155387,109.18294525512943,23.033053845674893,589.3092651367188,cruise,
15,U07,8026.824355155387,109.18422593286846,23.03239770437261,589.3092651367188,cruise,
15,U07,8036.824355155387,109.1855066106075,23.03174156307033,589.3092651367188,cruise,
15,U07,8046.824355155387,109.18678728834654,23.031085421768047,589.3092651367188,cruise,
15,U07,8056.824355155387,109.18806796608558,23.030429280465764,589.3092651367188,cruise,
15,U07,8066.824355155387,109.18934864382462,23.02977313916348,589.3092651367188,cruise,
15,U07,8076.824355155387,109.19062932156366,23.0291169978612,589.3092651367188,cruise,
15,U07,8086.824355155387,109.1919099993027,23.028460856558915,589.3092651367188,cruise,
15,U07,8096.824355155387,109.19319067704173,23.027804715256632,589.3092651367188,cruise,
15,U07,8106.824355155387,109.19447135478077,23.02714857395435,589.3092651367188,cruise,
15,U07,8116.824355155387,109.1957520325198,23.026492432652066,589.3092651367188,cruise,
15,U07,8126.824355155387,109.19703271025885,23.025836291349787,589.3092651367188,cruise,
15,U07,8136.824355155387,109.19831338799789,23.025180150047504,589.3092651367188,cruise,
15,U07,8146.824355155387,109.19959406573693,23.02452400874522,589.3092651367188,cruise,
15,U07,8156.824355155387,109.20087474347596,23.023867867442938,589.3092651367188,cruise,
15,U07,8166.824355155387,109.20215542121501,23.023211726140655,589.3092651367188,cruise,
15,U07,8176.824355155387,109.20343609895404,23.022555584838372,589.3092651367188,cruise,
15,U07,8186.824355155387,109.20471677669308,23.02189944353609,589.3092651367188,cruise,
15,U07,8196.824355155386,109.20599745443212,23.021243302233806,589.3092651367188,cruise,
15,U07,8206.824355155386,109.20727813217115,23.020587160931527,589.3092651367188,cruise,
15,U07,8216.824355155386,109.2085588099102,23.019931019629244,589.3092651367188,cruise,
15,U07,8226.824355155386,109.20983948764923,23.01927487832696,589.3092651367188,cruise,
15,U07,8236.824355155386,109.21112016538828,23.018618737024678,589.3092651367188,cruise,
15,U07,8246.824355155386,109.21240084312731,23.017962595722395,589.3092651367188,cruise,
15,U07,8256.824355155386,109.21368152086636,23.017306454420112,589.3092651367188,cruise,
15,U07,8266.824355155386,109.21496219860539,23.01665031311783,589.3092651367188,cruise,
15,U07,8276.824355155386,109.21624287634442,23.015994171815546,589.3092651367188,cruise,
15,U07,8286.824355155386,109.21752355408347,23.015338030513266,589.3092651367188,cruise,
15,U07,8296.824355155386,109.2188042318225,23.014681889210983,589.3092651367188,cruise,
15,U07,8306.824355155386,109.22008490956155,23.0140257479087,589.3092651367188,cruise,
15,U07,8316.824355155386,109.22136558730058,23.013369606606418,589.3092651367188,cruise,
15,U07,8326.824355155386,109.22264626503963,23.012713465304135,589.3092651367188,cruise,
15,U07,8336.824355155386,109.22392694277866,23.01205732400185,589.3092651367188,cruise,
15,U07,8346.824355155386,109.22520762051771,23.01140118269957,589.3092651367188,cruise,
15,U07,8356.824355155386,109.22648829825674,23.010745041397286,589.3092651367188,cruise,
15,U07,8366.824355155386,109.22776897599577,23.010088900095003,589.3092651367188,cruise,
15,U07,8376.824355155386,109.22904965373482,23.009432758792723,589.3092651367188,cruise,
15,U07,8386.824355155386,109.23033033147385,23.00877661749044,589.3092651367188,cruise,
15,U07,8390.895391218977,109.2308517,23.0085095,589.3092651367188,descend,O01
15,U07,8400.895391218977,109.2308517,23.0085095,569.3092651367188,descend,O01
15,U07,8410.895391218977,109.2308517,23.0085095,549.3092651367188,descend,O01
15,U07,8420.895391218977,109.2308517,23.0085095,529.3092651367188,descend,O01
15,U07,8430.895391218977,109.2308517,23.0085095,509.30926513671875,descend,O01
15,U07,8440.895391218977,109.2308517,23.0085095,489.30926513671875,descend,O01
15,U07,8450.895391218977,109.2308517,23.0085095,469.30926513671875,descend,O01
15,U07,8460.895391218977,109.2308517,23.0085095,449.30926513671875,descend,O01
15,U07,8470.895391218977,109.2308517,23.0085095,429.30926513671875,descend,O01
15,U07,8480.895391218977,109.2308517,23.0085095,409.30926513671875,descend,O01
15,U07,8490.895391218977,109.2308517,23.0085095,389.30926513671875,descend,O01
15,U07,8500.895391218977,109.2308517,23.0085095,369.30926513671875,descend,O01
15,U07,8510.895391218977,109.2308517,23.0085095,349.30926513671875,descend,O01
15,U07,8520.895391218977,109.2308517,23.0085095,329.30926513671875,descend,O01
15,U07,8530.895391218977,109.2308517,23.0085095,309.30926513671875,descend,O01
15,U07,8540.895391218977,109.2308517,23.0085095,289.30926513671875,descend,O01
15,U07,8550.895391218977,109.2308517,23.0085095,269.30926513671875,descend,O01
15,U07,8560.895391218977,109.2308517,23.0085095,249.30926513671875,descend,O01
15,U07,8570.895391218977,109.2308517,23.0085095,229.30926513671875,descend,O01
15,U07,8580.895391218977,109.2308517,23.0085095,209.30926513671875,descend,O01
15,U07,8590.895391218977,109.2308517,23.0085095,189.30926513671875,descend,O01
15,U07,8600.895391218977,109.2308517,23.0085095,169.30926513671875,descend,O01
15,U07,8610.895391218977,109.2308517,23.0085095,149.30926513671875,descend,O01
15,U07,8620.895391218977,109.2308517,23.0085095,129.30926513671875,descend,O01
15,U07,8621.700023787336,109.2308517,23.0085095,127.69999999999999,descend,O01
16,U08,5029.8,109.2308517,23.0085095,127.7,setup,O01
16,U08,5039.8,109.2308517,23.0085095,127.7,setup,O01
16,U08,5049.8,109.2308517,23.0085095,127.7,setup,O01
16,U08,5059.8,109.2308517,23.0085095,127.7,setup,O01
16,U08,5069.8,109.2308517,23.0085095,127.7,setup,O01
16,U08,5079.8,109.2308517,23.0085095,127.7,setup,O01
16,U08,5089.8,109.2308517,23.0085095,127.7,setup,O01
16,U08,5099.8,109.2308517,23.0085095,127.7,setup,O01
16,U08,5109.8,109.2308517,23.0085095,127.7,setup,O01
16,U08,5119.8,109.2308517,23.0085095,127.7,setup,O01
16,U08,5129.8,109.2308517,23.0085095,127.7,setup,O01
16,U08,5139.8,109.2308517,23.0085095,127.7,setup,O01
16,U08,5149.8,109.2308517,23.0085095,127.7,setup,O01
16,U08,5159.8,109.2308517,23.0085095,127.7,setup,O01
16,U08,5169.8,109.2308517,23.0085095,127.7,setup,O01
16,U08,5179.8,109.2308517,23.0085095,127.7,setup,O01
16,U08,5189.8,109.2308517,23.0085095,127.7,setup,O01
16,U08,5199.8,109.2308517,23.0085095,127.7,setup,O01
16,U08,5209.8,109.2308517,23.0085095,127.7,setup,O01
16,U08,5219.8,109.2308517,23.0085095,127.7,setup,O01
16,U08,5229.8,109.2308517,23.0085095,127.7,setup,O01
16,U08,5239.8,109.2308517,23.0085095,127.7,setup,O01
16,U08,5249.8,109.2308517,23.0085095,127.7,setup,O01
16,U08,5259.8,109.2308517,23.0085095,127.7,setup,O01
16,U08,5269.8,109.2308517,23.0085095,127.7,setup,O01
16,U08,5279.8,109.2308517,23.0085095,127.7,setup,O01
16,U08,5289.8,109.2308517,23.0085095,127.7,setup,O01
16,U08,5299.8,109.2308517,23.0085095,127.7,setup,O01
16,U08,5309.8,109.2308517,23.0085095,127.7,setup,O01
16,U08,5319.8,109.2308517,23.0085095,127.7,setup,O01
16,U08,5329.8,109.2308517,23.0085095,127.7,setup,O01
16,U08,5339.8,109.2308517,23.0085095,127.7,setup,O01
16,U08,5349.8,109.2308517,23.0085095,127.7,setup,O01
16,U08,5359.8,109.2308517,23.0085095,127.7,setup,O01
16,U08,5369.8,109.2308517,23.0085095,127.7,setup,O01
16,U08,5379.8,109.2308517,23.0085095,127.7,setup,O01
16,U08,5389.8,109.2308517,23.0085095,127.7,setup,O01
16,U08,5399.8,109.2308517,23.0085095,127.7,setup,O01
16,U08,5409.8,109.2308517,23.0085095,127.7,setup,O01
16,U08,5419.8,109.2308517,23.0085095,127.7,setup,O01
16,U08,5429.8,109.2308517,23.0085095,127.7,setup,O01
16,U08,5439.8,109.2308517,23.0085095,127.7,setup,O01
16,U08,5449.8,109.2308517,23.0085095,127.7,setup,O01
16,U08,5459.8,109.2308517,23.0085095,127.7,setup,O01
16,U08,5469.8,109.2308517,23.0085095,127.7,setup,O01
16,U08,5479.8,109.2308517,23.0085095,127.7,setup,O01
16,U08,5489.8,109.2308517,23.0085095,127.7,setup,O01
16,U08,5499.8,109.2308517,23.0085095,127.7,setup,O01
16,U08,5509.8,109.2308517,23.0085095,127.7,setup,O01
16,U08,5519.8,109.2308517,23.0085095,127.7,setup,O01
16,U08,5529.8,109.2308517,23.0085095,127.7,setup,O01
16,U08,5539.8,109.2308517,23.0085095,127.7,setup,O01
16,U08,5549.8,109.2308517,23.0085095,127.7,setup,O01
16,U08,5559.8,109.2308517,23.0085095,127.7,setup,O01
16,U08,5569.8,109.2308517,23.0085095,127.7,climb,O01
16,U08,5579.8,109.2308517,23.0085095,152.7,climb,O01
16,U08,5589.8,109.2308517,23.0085095,177.7,climb,O01
16,U08,5599.8,109.2308517,23.0085095,202.7,climb,O01
16,U08,5609.8,109.2308517,23.0085095,227.7,climb,O01
16,U08,5619.8,109.2308517,23.0085095,252.7,climb,O01
16,U08,5629.8,109.2308517,23.0085095,277.7,climb,O01
16,U08,5639.8,109.2308517,23.0085095,302.7,climb,O01
16,U08,5649.8,109.2308517,23.0085095,327.7,climb,O01
16,U08,5659.8,109.2308517,23.0085095,352.7,climb,O01
16,U08,5664.408818359375,109.2308517,23.0085095,364.2220458984375,cruise,
16,U08,5674.408818359375,109.22959340391813,23.00920127070738,364.2220458984375,cruise,
16,U08,5684.408818359375,109.22833510783626,23.00989304141476,364.2220458984375,cruise,
16,U08,5694.408818359375,109.22707681175437,23.01058481212214,364.2220458984375,cruise,
16,U08,5704.408818359375,109.2258185156725,23.01127658282952,364.2220458984375,cruise,
16,U08,5714.408818359375,109.22456021959063,23.0119683535369,364.2220458984375,cruise,
16,U08,5724.408818359375,109.22330192350876,23.01266012424428,364.2220458984375,cruise,
16,U08,5734.408818359375,109.22204362742688,23.01335189495166,364.2220458984375,cruise,
16,U08,5744.408818359375,109.22078533134501,23.01404366565904,364.2220458984375,cruise,
16,U08,5754.408818359375,109.21952703526313,23.014735436366422,364.2220458984375,cruise,
16,U08,5764.408818359375,109.21826873918126,23.015427207073802,364.2220458984375,cruise,
16,U08,5774.408818359375,109.21701044309938,23.016118977781183,364.2220458984375,cruise,
16,U08,5784.408818359375,109.21575214701751,23.016810748488563,364.2220458984375,cruise,
16,U08,5794.408818359375,109.21449385093564,23.017502519195943,364.2220458984375,cruise,
16,U08,5804.408818359375,109.21323555485375,23.018194289903324,364.2220458984375,cruise,
16,U08,5814.408818359375,109.21197725877188,23.018886060610704,364.2220458984375,cruise,
16,U08,5824.408818359375,109.21071896269001,23.019577831318085,364.2220458984375,cruise,
16,U08,5834.408818359375,109.20946066660814,23.020269602025465,364.2220458984375,cruise,
16,U08,5844.408818359375,109.20820237052627,23.020961372732845,364.2220458984375,cruise,
16,U08,5854.408818359375,109.2069440744444,23.021653143440226,364.2220458984375,cruise,
16,U08,5864.408818359375,109.20568577836251,23.022344914147606,364.2220458984375,cruise,
16,U08,5874.408818359375,109.20442748228064,23.023036684854986,364.2220458984375,cruise,
16,U08,5884.408818359375,109.20316918619876,23.023728455562367,364.2220458984375,cruise,
16,U08,5894.408818359375,109.20191089011689,23.02442022626975,364.2220458984375,cruise,
16,U08,5904.408818359375,109.20065259403502,23.02511199697713,364.2220458984375,cruise,
16,U08,5914.408818359375,109.19939429795313,23.02580376768451,364.2220458984375,cruise,
16,U08,5924.408818359375,109.19813600187126,23.02649553839189,364.2220458984375,cruise,
16,U08,5934.408818359375,109.19687770578939,23.027187309099272,364.2220458984375,cruise,
16,U08,5944.408818359375,109.19561940970752,23.027879079806652,364.2220458984375,cruise,
16,U08,5954.408818359375,109.19436111362565,23.028570850514033,364.2220458984375,cruise,
16,U08,5964.408818359375,109.19310281754377,23.029262621221413,364.2220458984375,cruise,
16,U08,5966.663594066465,109.1928191,23.0294186,364.2220458984375,descend,S007
16,U08,5974.524617015683,109.1928191,23.0294186,348.5,handover,S007
16,U08,5984.524617015683,109.1928191,23.0294186,348.5,handover,S007
16,U08,5994.524617015683,109.1928191,23.0294186,348.5,handover,S007
16,U08,6004.524617015683,109.1928191,23.0294186,348.5,handover,S007
16,U08,6014.524617015683,109.1928191,23.0294186,348.5,handover,S007
16,U08,6024.524617015683,109.1928191,23.0294186,348.5,handover,S007
16,U08,6034.524617015683,109.1928191,23.0294186,348.5,handover,S007
16,U08,6044.524617015683,109.1928191,23.0294186,348.5,handover,S007
16,U08,6054.524617015683,109.1928191,23.0294186,348.5,handover,S007
16,U08,6064.524617015683,109.1928191,23.0294186,348.5,handover,S007
16,U08,6074.524617015683,109.1928191,23.0294186,348.5,handover,S007
16,U08,6084.524617015683,109.1928191,23.0294186,348.5,handover,S007
16,U08,6094.524617015683,109.1928191,23.0294186,348.5,handover,S007
16,U08,6104.524617015683,109.1928191,23.0294186,348.5,handover,S007
16,U08,6114.524617015683,109.1928191,23.0294186,348.5,handover,S007
16,U08,6124.524617015683,109.1928191,23.0294186,348.5,handover,S007
16,U08,6134.524617015683,109.1928191,23.0294186,348.5,handover,S007
16,U08,6144.524617015683,109.1928191,23.0294186,348.5,handover,S007
16,U08,6154.524617015683,109.1928191,23.0294186,348.5,handover,S007
16,U08,6164.524617015683,109.1928191,23.0294186,348.5,handover,S007
16,U08,6174.524617015683,109.1928191,23.0294186,348.5,handover,S007
16,U08,6184.524617015683,109.1928191,23.0294186,348.5,handover,S007
16,U08,6194.524617015683,109.1928191,23.0294186,348.5,handover,S007
16,U08,6204.524617015683,109.1928191,23.0294186,348.5,handover,S007
16,U08,6214.524617015683,109.1928191,23.0294186,348.5,handover,S007
16,U08,6224.524617015683,109.1928191,23.0294186,348.5,handover,S007
16,U08,6234.524617015683,109.1928191,23.0294186,348.5,handover,S007
16,U08,6244.524617015683,109.1928191,23.0294186,348.5,handover,S007
16,U08,6254.524617015683,109.1928191,23.0294186,348.5,handover,S007
16,U08,6264.524617015683,109.1928191,23.0294186,348.5,handover,S007
16,U08,6274.524617015683,109.1928191,23.0294186,348.5,handover,S007
16,U08,6284.524617015683,109.1928191,23.0294186,348.5,handover,S007
16,U08,6294.524617015683,109.1928191,23.0294186,348.5,handover,S007
16,U08,6304.524617015683,109.1928191,23.0294186,348.5,handover,S007
16,U08,6314.524617015683,109.1928191,23.0294186,348.5,handover,S007
16,U08,6324.524617015683,109.1928191,23.0294186,348.5,handover,S007
16,U08,6334.524617015683,109.1928191,23.0294186,348.5,climb,S007
16,U08,6344.524617015683,109.1928191,23.0294186,373.5,climb,S007
16,U08,6354.524617015683,109.1928191,23.0294186,398.5,climb,S007
16,U08,6364.524617015683,109.1928191,23.0294186,423.5,climb,S007
16,U08,6374.524617015683,109.1928191,23.0294186,448.5,climb,S007
16,U08,6384.524617015683,109.1928191,23.0294186,473.5,climb,S007
16,U08,6389.616316234434,109.1928191,23.0294186,486.229248046875,cruise,
16,U08,6399.616316234434,109.19278944841062,23.03076730641322,486.229248046875,cruise,
16,U08,6409.616316234434,109.19275979682125,23.032116012826446,486.229248046875,cruise,
16,U08,6419.616316234434,109.19273014523188,23.033464719239667,486.229248046875,cruise,
16,U08,6429.616316234434,109.19270049364249,23.034813425652892,486.229248046875,cruise,
16,U08,6439.616316234434,109.19267084205312,23.036162132066114,486.229248046875,cruise,
16,U08,6449.616316234434,109.19264119046375,23.037510838479335,486.229248046875,cruise,
16,U08,6459.616316234434,109.19261153887437,23.03885954489256,486.229248046875,cruise,
16,U08,6469.616316234434,109.192581887285,23.04020825130578,486.229248046875,cruise,
16,U08,6479.616316234434,109.19255223569563,23.041556957719006,486.229248046875,cruise,
16,U08,6489.616316234434,109.19252258410626,23.042905664132228,486.229248046875,cruise,
16,U08,6499.616316234434,109.19249293251688,23.04425437054545,486.229248046875,cruise,
16,U08,6509.616316234434,109.1924632809275,23.045603076958674,486.229248046875,cruise,
16,U08,6519.616316234434,109.19243362933813,23.046951783371895,486.229248046875,cruise,
16,U08,6529.616316234434,109.19240397774875,23.04830048978512,486.229248046875,cruise,
16,U08,6538.17496327254,109.1923786,23.0494548,486.229248046875,descend,S015
16,U08,6544.039587295977,109.1923786,23.0494548,474.5,handover,S015
16,U08,6554.039587295977,109.1923786,23.0494548,474.5,handover,S015
16,U08,6564.039587295977,109.1923786,23.0494548,474.5,handover,S015
16,U08,6574.039587295977,109.1923786,23.0494548,474.5,handover,S015
16,U08,6584.039587295977,109.1923786,23.0494548,474.5,handover,S015
16,U08,6594.039587295977,109.1923786,23.0494548,474.5,handover,S015
16,U08,6604.039587295977,109.1923786,23.0494548,474.5,handover,S015
16,U08,6614.039587295977,109.1923786,23.0494548,474.5,handover,S015
16,U08,6624.039587295977,109.1923786,23.0494548,474.5,handover,S015
16,U08,6634.039587295977,109.1923786,23.0494548,474.5,handover,S015
16,U08,6644.039587295977,109.1923786,23.0494548,474.5,handover,S015
16,U08,6654.039587295977,109.1923786,23.0494548,474.5,handover,S015
16,U08,6664.039587295977,109.1923786,23.0494548,474.5,handover,S015
16,U08,6674.039587295977,109.1923786,23.0494548,474.5,handover,S015
16,U08,6684.039587295977,109.1923786,23.0494548,474.5,handover,S015
16,U08,6694.039587295977,109.1923786,23.0494548,474.5,handover,S015
16,U08,6704.039587295977,109.1923786,23.0494548,474.5,handover,S015
16,U08,6714.039587295977,109.1923786,23.0494548,474.5,handover,S015
16,U08,6724.039587295977,109.1923786,23.0494548,474.5,handover,S015
16,U08,6734.039587295977,109.1923786,23.0494548,474.5,handover,S015
16,U08,6744.039587295977,109.1923786,23.0494548,474.5,handover,S015
16,U08,6754.039587295977,109.1923786,23.0494548,474.5,handover,S015
16,U08,6764.039587295977,109.1923786,23.0494548,474.5,handover,S015
16,U08,6774.039587295977,109.1923786,23.0494548,474.5,handover,S015
16,U08,6784.039587295977,109.1923786,23.0494548,474.5,handover,S015
16,U08,6794.039587295977,109.1923786,23.0494548,474.5,handover,S015
16,U08,6804.039587295977,109.1923786,23.0494548,474.5,handover,S015
16,U08,6814.039587295977,109.1923786,23.0494548,474.5,handover,S015
16,U08,6824.039587295977,109.1923786,23.0494548,474.5,handover,S015
16,U08,6832.039587295977,109.1923786,23.0494548,474.5,climb,S015
16,U08,6842.039587295977,109.1923786,23.0494548,499.5,climb,S015
16,U08,6852.039587295977,109.1923786,23.0494548,524.5,climb,S015
16,U08,6862.039587295977,109.1923786,23.0494548,549.5,climb,S015
16,U08,6872.039587295977,109.1923786,23.0494548,574.5,climb,S015
16,U08,6876.497106827227,109.1923786,23.0494548,585.643798828125,cruise,
16,U08,6886.497106827227,109.19333737450079,23.048434416678482,585.643798828125,cruise,
16,U08,6896.497106827227,109.19429614900157,23.04741403335696,585.643798828125,cruise,
16,U08,6906.497106827227,109.19525492350236,23.046393650035444,585.643798828125,cruise,
16,U08,6916.497106827227,109.19621369800315,23.045373266713923,585.643798828125,cruise,
16,U08,6926.497106827227,109.19717247250394,23.044352883392406,585.643798828125,cruise,
16,U08,6936.497106827227,109.19813124700472,23.04333250007089,585.643798828125,cruise,
16,U08,6946.497106827227,109.19909002150551,23.04231211674937,585.643798828125,cruise,
16,U08,6956.497106827227,109.2000487960063,23.04129173342785,585.643798828125,cruise,
16,U08,6966.497106827227,109.20100757050709,23.04027135010633,585.643798828125,cruise,
16,U08,6976.497106827227,109.20196634500788,23.039250966784813,585.643798828125,cruise,
16,U08,6986.497106827227,109.20292511950866,23.038230583463292,585.643798828125,cruise,
16,U08,6996.497106827227,109.20388389400945,23.037210200141775,585.643798828125,cruise,
16,U08,7006.497106827227,109.20484266851024,23.036189816820258,585.643798828125,cruise,
16,U08,7016.497106827227,109.20580144301103,23.035169433498737,585.643798828125,cruise,
16,U08,7026.497106827227,109.20676021751183,23.03414905017722,585.643798828125,cruise,
16,U08,7036.497106827227,109.20771899201262,23.0331286668557,585.643798828125,cruise,
16,U08,7046.497106827227,109.2086777665134,23.032108283534182,585.643798828125,cruise,
16,U08,7056.497106827227,109.20963654101419,23.031087900212665,585.643798828125,cruise,
16,U08,7066.497106827227,109.21059531551498,23.030067516891144,585.643798828125,cruise,
16,U08,7076.497106827227,109.21155409001577,23.029047133569627,585.643798828125,cruise,
16,U08,7086.497106827227,109.21251286451655,23.028026750248106,585.643798828125,cruise,
16,U08,7096.497106827227,109.21347163901734,23.02700636692659,585.643798828125,cruise,
16,U08,7106.497106827227,109.21443041351813,23.02598598360507,585.643798828125,cruise,
16,U08,7116.497106827227,109.21538918801892,23.02496560028355,585.643798828125,cruise,
16,U08,7126.497106827227,109.2163479625197,23.023945216962034,585.643798828125,cruise,
16,U08,7136.497106827227,109.2173067370205,23.022924833640513,585.643798828125,cruise,
16,U08,7146.497106827227,109.21826551152128,23.021904450318996,585.643798828125,cruise,
16,U08,7156.497106827227,109.21922428602207,23.02088406699748,585.643798828125,cruise,
16,U08,7166.497106827227,109.22018306052286,23.019863683675958,585.643798828125,cruise,
16,U08,7176.497106827227,109.22114183502364,23.01884330035444,585.643798828125,cruise,
16,U08,7186.497106827227,109.22210060952443,23.01782291703292,585.643798828125,cruise,
16,U08,7196.497106827227,109.22305938402522,23.016802533711402,585.643798828125,cruise,
16,U08,7206.497106827227,109.22401815852601,23.01578215038988,585.643798828125,cruise,
16,U08,7216.497106827227,109.2249769330268,23.014761767068364,585.643798828125,cruise,
16,U08,7226.497106827227,109.22593570752758,23.013741383746847,585.643798828125,cruise,
16,U08,7236.497106827227,109.22689448202837,23.012721000425326,585.643798828125,cruise,
16,U08,7246.497106827227,109.22785325652916,23.01170061710381,585.643798828125,cruise,
16,U08,7256.497106827227,109.22881203102995,23.01068023378229,585.643798828125,cruise,
16,U08,7266.497106827227,109.22977080553073,23.00965985046077,585.643798828125,cruise,
16,U08,7276.497106827227,109.23072958003152,23.008639467139254,585.643798828125,cruise,
16,U08,7277.770815800247,109.2308517,23.0085095,585.643798828125,descend,O01
16,U08,7287.770815800247,109.2308517,23.0085095,565.643798828125,descend,O01
16,U08,7297.770815800247,109.2308517,23.0085095,545.643798828125,descend,O01
16,U08,7307.770815800247,109.2308517,23.0085095,525.643798828125,descend,O01
16,U08,7317.770815800247,109.2308517,23.0085095,505.643798828125,descend,O01
16,U08,7327.770815800247,109.2308517,23.0085095,485.643798828125,descend,O01
16,U08,7337.770815800247,109.2308517,23.0085095,465.643798828125,descend,O01
16,U08,7347.770815800247,109.2308517,23.0085095,445.643798828125,descend,O01
16,U08,7357.770815800247,109.2308517,23.0085095,425.643798828125,descend,O01
16,U08,7367.770815800247,109.2308517,23.0085095,405.643798828125,descend,O01
16,U08,7377.770815800247,109.2308517,23.0085095,385.643798828125,descend,O01
16,U08,7387.770815800247,109.2308517,23.0085095,365.643798828125,descend,O01
16,U08,7397.770815800247,109.2308517,23.0085095,345.643798828125,descend,O01
16,U08,7407.770815800247,109.2308517,23.0085095,325.643798828125,descend,O01
16,U08,7417.770815800247,109.2308517,23.0085095,305.643798828125,descend,O01
16,U08,7427.770815800247,109.2308517,23.0085095,285.643798828125,descend,O01
16,U08,7437.770815800247,109.2308517,23.0085095,265.643798828125,descend,O01
16,U08,7447.770815800247,109.2308517,23.0085095,245.643798828125,descend,O01
16,U08,7457.770815800247,109.2308517,23.0085095,225.643798828125,descend,O01
16,U08,7467.770815800247,109.2308517,23.0085095,205.643798828125,descend,O01
16,U08,7477.770815800247,109.2308517,23.0085095,185.643798828125,descend,O01
16,U08,7487.770815800247,109.2308517,23.0085095,165.643798828125,descend,O01
16,U08,7497.770815800247,109.2308517,23.0085095,145.643798828125,descend,O01
16,U08,7506.742715214309,109.2308517,23.0085095,127.69999999999999,descend,O01
17,U08,7506.7,109.2308517,23.0085095,127.7,setup,O01
17,U08,7516.7,109.2308517,23.0085095,127.7,setup,O01
17,U08,7526.7,109.2308517,23.0085095,127.7,setup,O01
17,U08,7536.7,109.2308517,23.0085095,127.7,setup,O01
17,U08,7546.7,109.2308517,23.0085095,127.7,setup,O01
17,U08,7556.7,109.2308517,23.0085095,127.7,setup,O01
17,U08,7566.7,109.2308517,23.0085095,127.7,setup,O01
17,U08,7576.7,109.2308517,23.0085095,127.7,setup,O01
17,U08,7586.7,109.2308517,23.0085095,127.7,setup,O01
17,U08,7596.7,109.2308517,23.0085095,127.7,setup,O01
17,U08,7606.7,109.2308517,23.0085095,127.7,setup,O01
17,U08,7616.7,109.2308517,23.0085095,127.7,setup,O01
17,U08,7626.7,109.2308517,23.0085095,127.7,setup,O01
17,U08,7636.7,109.2308517,23.0085095,127.7,setup,O01
17,U08,7646.7,109.2308517,23.0085095,127.7,setup,O01
17,U08,7656.7,109.2308517,23.0085095,127.7,setup,O01
17,U08,7666.7,109.2308517,23.0085095,127.7,setup,O01
17,U08,7676.7,109.2308517,23.0085095,127.7,setup,O01
17,U08,7686.7,109.2308517,23.0085095,127.7,setup,O01
17,U08,7696.7,109.2308517,23.0085095,127.7,setup,O01
17,U08,7706.7,109.2308517,23.0085095,127.7,setup,O01
17,U08,7716.7,109.2308517,23.0085095,127.7,setup,O01
17,U08,7726.7,109.2308517,23.0085095,127.7,setup,O01
17,U08,7736.7,109.2308517,23.0085095,127.7,setup,O01
17,U08,7746.7,109.2308517,23.0085095,127.7,setup,O01
17,U08,7756.7,109.2308517,23.0085095,127.7,setup,O01
17,U08,7766.7,109.2308517,23.0085095,127.7,setup,O01
17,U08,7776.7,109.2308517,23.0085095,127.7,setup,O01
17,U08,7786.7,109.2308517,23.0085095,127.7,setup,O01
17,U08,7796.7,109.2308517,23.0085095,127.7,setup,O01
17,U08,7806.7,109.2308517,23.0085095,127.7,setup,O01
17,U08,7816.7,109.2308517,23.0085095,127.7,setup,O01
17,U08,7826.7,109.2308517,23.0085095,127.7,setup,O01
17,U08,7836.7,109.2308517,23.0085095,127.7,setup,O01
17,U08,7846.7,109.2308517,23.0085095,127.7,setup,O01
17,U08,7856.7,109.2308517,23.0085095,127.7,setup,O01
17,U08,7866.7,109.2308517,23.0085095,127.7,setup,O01
17,U08,7876.7,109.2308517,23.0085095,127.7,setup,O01
17,U08,7886.7,109.2308517,23.0085095,127.7,setup,O01
17,U08,7896.7,109.2308517,23.0085095,127.7,setup,O01
17,U08,7906.7,109.2308517,23.0085095,127.7,setup,O01
17,U08,7916.7,109.2308517,23.0085095,127.7,setup,O01
17,U08,7926.7,109.2308517,23.0085095,127.7,setup,O01
17,U08,7936.7,109.2308517,23.0085095,127.7,setup,O01
17,U08,7946.7,109.2308517,23.0085095,127.7,setup,O01
17,U08,7956.7,109.2308517,23.0085095,127.7,setup,O01
17,U08,7966.7,109.2308517,23.0085095,127.7,setup,O01
17,U08,7976.7,109.2308517,23.0085095,127.7,setup,O01
17,U08,7986.7,109.2308517,23.0085095,127.7,climb,O01
17,U08,7996.7,109.2308517,23.0085095,152.7,climb,O01
17,U08,8006.7,109.2308517,23.0085095,177.7,climb,O01
17,U08,8016.7,109.2308517,23.0085095,202.7,climb,O01
17,U08,8026.7,109.2308517,23.0085095,227.7,climb,O01
17,U08,8036.7,109.2308517,23.0085095,252.7,climb,O01
17,U08,8046.7,109.2308517,23.0085095,277.7,climb,O01
17,U08,8056.7,109.2308517,23.0085095,302.7,climb,O01
17,U08,8065.670891113281,109.2308517,23.0085095,325.1272277832031,cruise,
17,U08,8075.670891113281,109.22938669759814,23.008471988552223,325.1272277832031,cruise,
17,U08,8085.670891113281,109.2279216951963,23.008434477104444,325.1272277832031,cruise,
17,U08,8095.670891113281,109.22645669279444,23.00839696565667,325.1272277832031,cruise,
17,U08,8105.670891113281,109.2249916903926,23.008359454208893,325.1272277832031,cruise,
17,U08,8115.670891113281,109.22352668799074,23.008321942761114,325.1272277832031,cruise,
17,U08,8125.670891113281,109.2220616855889,23.00828443131334,325.1272277832031,cruise,
17,U08,8135.670891113281,109.22059668318704,23.008246919865563,325.1272277832031,cruise,
17,U08,8145.670891113281,109.2191316807852,23.008209408417784,325.1272277832031,cruise,
17,U08,8155.670891113281,109.21766667838334,23.00817189697001,325.1272277832031,cruise,
17,U08,8165.670891113281,109.2162016759815,23.008134385522233,325.1272277832031,cruise,
17,U08,8175.670891113281,109.21473667357964,23.008096874074454,325.1272277832031,cruise,
17,U08,8185.670891113281,109.2132716711778,23.00805936262668,325.1272277832031,cruise,
17,U08,8195.670891113281,109.21180666877594,23.008021851178903,325.1272277832031,cruise,
17,U08,8205.670891113281,109.21034166637409,23.007984339731124,325.1272277832031,cruise,
17,U08,8215.670891113281,109.20887666397223,23.007946828283348,325.1272277832031,cruise,
17,U08,8225.670891113281,109.20741166157039,23.007909316835573,325.1272277832031,cruise,
17,U08,8235.670891113281,109.20594665916853,23.007871805387794,325.1272277832031,cruise,
17,U08,8245.670891113281,109.20448165676669,23.007834293940018,325.1272277832031,cruise,
17,U08,8255.670891113281,109.20301665436483,23.007796782492242,325.1272277832031,cruise,
17,U08,8265.670891113281,109.20155165196299,23.007759271044463,325.1272277832031,cruise,
17,U08,8275.670891113281,109.20008664956113,23.007721759596688,325.1272277832031,cruise,
17,U08,8277.739485408722,109.1997836,23.007714,325.1272277832031,descend,S006
17,U08,8282.903099300323,109.1997836,23.007714,314.8,handover,S006
17,U08,8292.903099300323,109.1997836,23.007714,314.8,handover,S006
17,U08,8302.903099300323,109.1997836,23.007714,314.8,handover,S006
17,U08,8312.903099300323,109.1997836,23.007714,314.8,handover,S006
17,U08,8322.903099300323,109.1997836,23.007714,314.8,handover,S006
17,U08,8332.903099300323,109.1997836,23.007714,314.8,handover,S006
17,U08,8342.903099300323,109.1997836,23.007714,314.8,handover,S006
17,U08,8352.903099300323,109.1997836,23.007714,314.8,handover,S006
17,U08,8362.903099300323,109.1997836,23.007714,314.8,handover,S006
17,U08,8372.903099300323,109.1997836,23.007714,314.8,handover,S006
17,U08,8382.903099300323,109.1997836,23.007714,314.8,handover,S006
17,U08,8392.903099300323,109.1997836,23.007714,314.8,handover,S006
17,U08,8402.903099300323,109.1997836,23.007714,314.8,handover,S006
17,U08,8412.903099300323,109.1997836,23.007714,314.8,handover,S006
17,U08,8422.903099300323,109.1997836,23.007714,314.8,handover,S006
17,U08,8432.903099300323,109.1997836,23.007714,314.8,handover,S006
17,U08,8442.903099300323,109.1997836,23.007714,314.8,handover,S006
17,U08,8452.903099300323,109.1997836,23.007714,314.8,handover,S006
17,U08,8462.903099300323,109.1997836,23.007714,314.8,handover,S006
17,U08,8472.903099300323,109.1997836,23.007714,314.8,handover,S006
17,U08,8482.903099300323,109.1997836,23.007714,314.8,handover,S006
17,U08,8492.903099300323,109.1997836,23.007714,314.8,handover,S006
17,U08,8502.903099300323,109.1997836,23.007714,314.8,handover,S006
17,U08,8512.903099300323,109.1997836,23.007714,314.8,handover,S006
17,U08,8522.903099300323,109.1997836,23.007714,314.8,handover,S006
17,U08,8532.903099300323,109.1997836,23.007714,314.8,handover,S006
17,U08,8542.903099300323,109.1997836,23.007714,314.8,handover,S006
17,U08,8552.903099300323,109.1997836,23.007714,314.8,handover,S006
17,U08,8562.903099300323,109.1997836,23.007714,314.8,handover,S006
17,U08,8572.903099300323,109.1997836,23.007714,314.8,handover,S006
17,U08,8582.903099300323,109.1997836,23.007714,314.8,handover,S006
17,U08,8592.903099300323,109.1997836,23.007714,314.8,handover,S006
17,U08,8602.903099300323,109.1997836,23.007714,314.8,handover,S006
17,U08,8612.903099300323,109.1997836,23.007714,314.8,handover,S006
17,U08,8622.903099300323,109.1997836,23.007714,314.8,handover,S006
17,U08,8632.903099300323,109.1997836,23.007714,314.8,handover,S006
17,U08,8642.903099300323,109.1997836,23.007714,314.8,handover,S006
17,U08,8652.903099300323,109.1997836,23.007714,314.8,handover,S006
17,U08,8662.903099300323,109.1997836,23.007714,314.8,handover,S006
17,U08,8672.903099300323,109.1997836,23.007714,314.8,handover,S006
17,U08,8678.903099300323,109.1997836,23.007714,314.8,climb,S006
17,U08,8683.033990413605,109.1997836,23.007714,325.1272277832031,cruise,
17,U08,8693.033990413605,109.20124860240186,23.007751511447776,325.1272277832031,cruise,
17,U08,8703.033990413605,109.2027136048037,23.007789022895555,325.1272277832031,cruise,
17,U08,8713.033990413605,109.20417860720556,23.00782653434333,325.1272277832031,cruise,
17,U08,8723.033990413605,109.2056436096074,23.007864045791106,325.1272277832031,cruise,
17,U08,8733.033990413605,109.20710861200926,23.007901557238885,325.1272277832031,cruise,
17,U08,8743.033990413605,109.20857361441111,23.00793906868666,325.1272277832031,cruise,
17,U08,8753.033990413605,109.21003861681297,23.007976580134436,325.1272277832031,cruise,
17,U08,8763.033990413605,109.21150361921481,23.008014091582215,325.1272277832031,cruise,
17,U08,8773.033990413605,109.21296862161667,23.00805160302999,325.1272277832031,cruise,
17,U08,8783.033990413605,109.21443362401851,23.008089114477766,325.1272277832031,cruise,
17,U08,8793.033990413605,109.21589862642037,23.008126625925545,325.1272277832031,cruise,
17,U08,8803.033990413605,109.21736362882221,23.00816413737332,325.1272277832031,cruise,
17,U08,8813.033990413605,109.21882863122407,23.008201648821096,325.1272277832031,cruise,
17,U08,8823.033990413605,109.22029363362591,23.008239160268875,325.1272277832031,cruise,
17,U08,8833.033990413605,109.22175863602777,23.00827667171665,325.1272277832031,cruise,
17,U08,8843.033990413605,109.22322363842962,23.008314183164426,325.1272277832031,cruise,
17,U08,8853.033990413605,109.22468864083147,23.008351694612205,325.1272277832031,cruise,
17,U08,8863.033990413605,109.22615364323332,23.00838920605998,325.1272277832031,cruise,
17,U08,8873.033990413605,109.22761864563518,23.008426717507756,325.1272277832031,cruise,
17,U08,8883.033990413605,109.22908364803702,23.008464228955535,325.1272277832031,cruise,
17,U08,8893.033990413605,109.23054865043888,23.00850174040331,325.1272277832031,cruise,
17,U08,8895.102584709046,109.2308517,23.0085095,325.1272277832031,descend,O01
17,U08,8905.102584709046,109.2308517,23.0085095,305.1272277832031,descend,O01
17,U08,8915.102584709046,109.2308517,23.0085095,285.1272277832031,descend,O01
17,U08,8925.102584709046,109.2308517,23.0085095,265.1272277832031,descend,O01
17,U08,8935.102584709046,109.2308517,23.0085095,245.12722778320312,descend,O01
17,U08,8945.102584709046,109.2308517,23.0085095,225.12722778320312,descend,O01
17,U08,8955.102584709046,109.2308517,23.0085095,205.12722778320312,descend,O01
17,U08,8965.102584709046,109.2308517,23.0085095,185.12722778320312,descend,O01
17,U08,8975.102584709046,109.2308517,23.0085095,165.12722778320312,descend,O01
17,U08,8985.102584709046,109.2308517,23.0085095,145.12722778320312,descend,O01
17,U08,8993.816198600647,109.2308517,23.0085095,127.69999999999999,descend,O01
18,U08,8993.8,109.2308517,23.0085095,127.7,setup,O01
18,U08,9003.8,109.2308517,23.0085095,127.7,setup,O01
18,U08,9013.8,109.2308517,23.0085095,127.7,setup,O01
18,U08,9023.8,109.2308517,23.0085095,127.7,setup,O01
18,U08,9033.8,109.2308517,23.0085095,127.7,setup,O01
18,U08,9043.8,109.2308517,23.0085095,127.7,setup,O01
18,U08,9053.8,109.2308517,23.0085095,127.7,setup,O01
18,U08,9063.8,109.2308517,23.0085095,127.7,setup,O01
18,U08,9073.8,109.2308517,23.0085095,127.7,setup,O01
18,U08,9083.8,109.2308517,23.0085095,127.7,setup,O01
18,U08,9093.8,109.2308517,23.0085095,127.7,setup,O01
18,U08,9103.8,109.2308517,23.0085095,127.7,setup,O01
18,U08,9113.8,109.2308517,23.0085095,127.7,setup,O01
18,U08,9123.8,109.2308517,23.0085095,127.7,setup,O01
18,U08,9133.8,109.2308517,23.0085095,127.7,setup,O01
18,U08,9143.8,109.2308517,23.0085095,127.7,setup,O01
18,U08,9153.8,109.2308517,23.0085095,127.7,setup,O01
18,U08,9163.8,109.2308517,23.0085095,127.7,setup,O01
18,U08,9173.8,109.2308517,23.0085095,127.7,setup,O01
18,U08,9183.8,109.2308517,23.0085095,127.7,setup,O01
18,U08,9193.8,109.2308517,23.0085095,127.7,setup,O01
18,U08,9203.8,109.2308517,23.0085095,127.7,setup,O01
18,U08,9213.8,109.2308517,23.0085095,127.7,setup,O01
18,U08,9223.8,109.2308517,23.0085095,127.7,setup,O01
18,U08,9233.8,109.2308517,23.0085095,127.7,setup,O01
18,U08,9243.8,109.2308517,23.0085095,127.7,setup,O01
18,U08,9253.8,109.2308517,23.0085095,127.7,setup,O01
18,U08,9263.8,109.2308517,23.0085095,127.7,setup,O01
18,U08,9273.8,109.2308517,23.0085095,127.7,setup,O01
18,U08,9283.8,109.2308517,23.0085095,127.7,setup,O01
18,U08,9293.8,109.2308517,23.0085095,127.7,setup,O01
18,U08,9303.8,109.2308517,23.0085095,127.7,setup,O01
18,U08,9313.8,109.2308517,23.0085095,127.7,setup,O01
18,U08,9323.8,109.2308517,23.0085095,127.7,setup,O01
18,U08,9333.8,109.2308517,23.0085095,127.7,setup,O01
18,U08,9343.8,109.2308517,23.0085095,127.7,setup,O01
18,U08,9353.8,109.2308517,23.0085095,127.7,setup,O01
18,U08,9363.8,109.2308517,23.0085095,127.7,setup,O01
18,U08,9373.8,109.2308517,23.0085095,127.7,setup,O01
18,U08,9383.8,109.2308517,23.0085095,127.7,setup,O01
18,U08,9393.8,109.2308517,23.0085095,127.7,setup,O01
18,U08,9403.8,109.2308517,23.0085095,127.7,setup,O01
18,U08,9413.8,109.2308517,23.0085095,127.7,setup,O01
18,U08,9423.8,109.2308517,23.0085095,127.7,setup,O01
18,U08,9433.8,109.2308517,23.0085095,127.7,setup,O01
18,U08,9443.8,109.2308517,23.0085095,127.7,setup,O01
18,U08,9453.8,109.2308517,23.0085095,127.7,setup,O01
18,U08,9463.8,109.2308517,23.0085095,127.7,setup,O01
18,U08,9473.8,109.2308517,23.0085095,127.7,setup,O01
18,U08,9483.8,109.2308517,23.0085095,127.7,setup,O01
18,U08,9493.8,109.2308517,23.0085095,127.7,setup,O01
18,U08,9503.8,109.2308517,23.0085095,127.7,climb,O01
18,U08,9513.8,109.2308517,23.0085095,152.70000000000002,climb,O01
18,U08,9523.8,109.2308517,23.0085095,177.70000000000002,climb,O01
18,U08,9533.8,109.2308517,23.0085095,202.7,climb,O01
18,U08,9543.8,109.2308517,23.0085095,227.70000000000002,climb,O01
18,U08,9553.8,109.2308517,23.0085095,252.7,climb,O01
18,U08,9563.8,109.2308517,23.0085095,277.7,climb,O01
18,U08,9570.50692626953,109.2308517,23.0085095,294.4673156738281,cruise,
18,U08,9580.50692626953,109.23099345114457,23.00985216106267,294.4673156738281,cruise,
18,U08,9590.50692626953,109.23113520228915,23.01119482212534,294.4673156738281,cruise,
18,U08,9600.50692626953,109.23127695343372,23.012537483188012,294.4673156738281,cruise,
18,U08,9610.50692626953,109.23141870457829,23.01388014425068,294.4673156738281,cruise,
18,U08,9620.50692626953,109.23156045572287,23.015222805313353,294.4673156738281,cruise,
18,U08,9630.50692626953,109.23170220686744,23.016565466376022,294.4673156738281,cruise,
18,U08,9640.50692626953,109.231843958012,23.017908127438695,294.4673156738281,cruise,
18,U08,9650.50692626953,109.23198570915659,23.019250788501363,294.4673156738281,cruise,
18,U08,9660.50692626953,109.23212746030116,23.020593449564036,294.4673156738281,cruise,
18,U08,9670.50692626953,109.23226921144574,23.021936110626704,294.4673156738281,cruise,
18,U08,9680.50692626953,109.23241096259031,23.023278771689377,294.4673156738281,cruise,
18,U08,9690.50692626953,109.23255271373488,23.024621432752046,294.4673156738281,cruise,
18,U08,9700.50692626953,109.23269446487946,23.025964093814718,294.4673156738281,cruise,
18,U08,9710.50692626953,109.23283621602403,23.027306754877387,294.4673156738281,cruise,
18,U08,9720.50692626953,109.2329779671686,23.02864941594006,294.4673156738281,cruise,
18,U08,9730.50692626953,109.23311971831318,23.029992077002728,294.4673156738281,cruise,
18,U08,9740.50692626953,109.23326146945774,23.0313347380654,294.4673156738281,cruise,
18,U08,9750.50692626953,109.23340322060231,23.032677399128072,294.4673156738281,cruise,
18,U08,9760.50692626953,109.2335449717469,23.03402006019074,294.4673156738281,cruise,
18,U08,9770.50692626953,109.23368672289146,23.035362721253414,294.4673156738281,cruise,
18,U08,9780.50692626953,109.23382847403603,23.036705382316082,294.4673156738281,cruise,
18,U08,9790.50692626953,109.23397022518061,23.038048043378755,294.4673156738281,cruise,
18,U08,9800.50692626953,109.23411197632518,23.039390704441423,294.4673156738281,cruise,
18,U08,9810.50692626953,109.23425372746975,23.040733365504096,294.4673156738281,cruise,
18,U08,9820.50692626953,109.23439547861433,23.042076026566765,294.4673156738281,cruise,
18,U08,9830.50692626953,109.2345372297589,23.043418687629437,294.4673156738281,cruise,
18,U08,9840.50692626953,109.23467898090348,23.044761348692106,294.4673156738281,cruise,
18,U08,9850.50692626953,109.23482073204805,23.046104009754778,294.4673156738281,cruise,
18,U08,9860.50692626953,109.23496248319262,23.047446670817447,294.4673156738281,cruise,
18,U08,9870.50692626953,109.2351042343372,23.04878933188012,294.4673156738281,cruise,
18,U08,9880.50692626953,109.23524598548177,23.050131992942788,294.4673156738281,cruise,
18,U08,9890.50692626953,109.23538773662634,23.05147465400546,294.4673156738281,cruise,
18,U08,9900.50692626953,109.23552948777092,23.05281731506813,294.4673156738281,cruise,
18,U08,9910.50692626953,109.23567123891549,23.0541599761308,294.4673156738281,cruise,
18,U08,9920.50692626953,109.23581299006005,23.055502637193474,294.4673156738281,cruise,
18,U08,9930.50692626953,109.23595474120464,23.056845298256142,294.4673156738281,cruise,
18,U08,9940.50692626953,109.2360964923492,23.058187959318815,294.4673156738281,cruise,
18,U08,9950.50692626953,109.23623824349377,23.059530620381484,294.4673156738281,cruise,
18,U08,9960.50692626953,109.23637999463836,23.060873281444156,294.4673156738281,cruise,
18,U08,9970.50692626953,109.23652174578292,23.062215942506825,294.4673156738281,cruise,
18,U08,9980.50692626953,109.23666349692749,23.063558603569497,294.4673156738281,cruise,
18,U08,9990.50692626953,109.23680524807207,23.064901264632166,294.4673156738281,cruise,
18,U08,10000.50692626953,109.23694699921664,23.066243925694838,294.4673156738281,cruise,
18,U08,10010.50692626953,109.23708875036122,23.067586586757507,294.4673156738281,cruise,
18,U08,10020.50692626953,109.23723050150579,23.06892924782018,294.4673156738281,cruise,
18,U08,10030.50692626953,109.23737225265036,23.070271908882848,294.4673156738281,cruise,
18,U08,10040.50692626953,109.23751400379494,23.07161456994552,294.4673156738281,cruise,
18,U08,10050.50692626953,109.23765575493951,23.07295723100819,294.4673156738281,cruise,
18,U08,10060.50692626953,109.23779750608408,23.07429989207086,294.4673156738281,cruise,
18,U08,10070.50692626953,109.23793925722866,23.075642553133534,294.4673156738281,cruise,
18,U08,10080.50692626953,109.23808100837323,23.076985214196203,294.4673156738281,cruise,
18,U08,10086.883709119662,109.2381714,23.0778414,294.4673156738281,descend,S004
18,U08,10096.883709119662,109.2381714,23.0778414,274.4673156738281,descend,S004
18,U08,10106.883709119662,109.2381714,23.0778414,254.46731567382812,descend,S004
18,U08,10116.883709119662,109.2381714,23.0778414,234.46731567382812,descend,S004
18,U08,10119.967366956576,109.2381714,23.0778414,228.3,handover,S004
18,U08,10129.967366956576,109.2381714,23.0778414,228.3,handover,S004
18,U08,10139.967366956576,109.2381714,23.0778414,228.3,handover,S004
18,U08,10149.967366956576,109.2381714,23.0778414,228.3,handover,S004
18,U08,10159.967366956576,109.2381714,23.0778414,228.3,handover,S004
18,U08,10169.967366956576,109.2381714,23.0778414,228.3,handover,S004
18,U08,10179.967366956576,109.2381714,23.0778414,228.3,handover,S004
18,U08,10189.967366956576,109.2381714,23.0778414,228.3,handover,S004
18,U08,10199.967366956576,109.2381714,23.0778414,228.3,handover,S004
18,U08,10209.967366956576,109.2381714,23.0778414,228.3,handover,S004
18,U08,10219.967366956576,109.2381714,23.0778414,228.3,handover,S004
18,U08,10229.967366956576,109.2381714,23.0778414,228.3,handover,S004
18,U08,10239.967366956576,109.2381714,23.0778414,228.3,handover,S004
18,U08,10249.967366956576,109.2381714,23.0778414,228.3,handover,S004
18,U08,10259.967366956576,109.2381714,23.0778414,228.3,handover,S004
18,U08,10269.967366956576,109.2381714,23.0778414,228.3,handover,S004
18,U08,10279.967366956576,109.2381714,23.0778414,228.3,handover,S004
18,U08,10289.967366956576,109.2381714,23.0778414,228.3,handover,S004
18,U08,10299.967366956576,109.2381714,23.0778414,228.3,handover,S004
18,U08,10309.967366956576,109.2381714,23.0778414,228.3,handover,S004
18,U08,10319.967366956576,109.2381714,23.0778414,228.3,handover,S004
18,U08,10329.967366956576,109.2381714,23.0778414,228.3,handover,S004
18,U08,10339.967366956576,109.2381714,23.0778414,228.3,handover,S004
18,U08,10349.967366956576,109.2381714,23.0778414,228.3,handover,S004
18,U08,10359.967366956576,109.2381714,23.0778414,228.3,handover,S004
18,U08,10369.967366956576,109.2381714,23.0778414,228.3,handover,S004
18,U08,10379.967366956576,109.2381714,23.0778414,228.3,handover,S004
18,U08,10389.967366956576,109.2381714,23.0778414,228.3,handover,S004
18,U08,10399.967366956576,109.2381714,23.0778414,228.3,handover,S004
18,U08,10409.967366956576,109.2381714,23.0778414,228.3,handover,S004
18,U08,10419.967366956576,109.2381714,23.0778414,228.3,handover,S004
18,U08,10429.967366956576,109.2381714,23.0778414,228.3,handover,S004
18,U08,10439.967366956576,109.2381714,23.0778414,228.3,handover,S004
18,U08,10449.967366956576,109.2381714,23.0778414,228.3,handover,S004
18,U08,10459.967366956576,109.2381714,23.0778414,228.3,handover,S004
18,U08,10469.967366956576,109.2381714,23.0778414,228.3,handover,S004
18,U08,10479.967366956576,109.2381714,23.0778414,228.3,handover,S004
18,U08,10489.967366956576,109.2381714,23.0778414,228.3,handover,S004
18,U08,10499.967366956576,109.2381714,23.0778414,228.3,handover,S004
18,U08,10509.967366956576,109.2381714,23.0778414,228.3,handover,S004
18,U08,10515.967366956576,109.2381714,23.0778414,228.3,climb,S004
18,U08,10525.967366956576,109.2381714,23.0778414,253.3,climb,S004
18,U08,10535.967366956576,109.2381714,23.0778414,278.3,climb,S004
18,U08,10545.967366956576,109.2381714,23.0778414,303.3,climb,S004
18,U08,10555.967366956576,109.2381714,23.0778414,328.3,climb,S004
18,U08,10565.967366956576,109.2381714,23.0778414,353.3,climb,S004
18,U08,10575.967366956576,109.2381714,23.0778414,378.30000000000007,climb,S004
18,U08,10576.790921644077,109.2381714,23.0778414,380.35888671875,cruise,
18,U08,10586.790921644077,109.23760550689258,23.076596940799025,380.35888671875,cruise,
18,U08,10596.790921644077,109.23703961378514,23.075352481598053,380.35888671875,cruise,
18,U08,10606.790921644077,109.23647372067772,23.074108022397077,380.35888671875,cruise,
18,U08,10616.790921644077,109.2359078275703,23.072863563196105,380.35888671875,cruise,
18,U08,10626.790921644077,109.23534193446288,23.07161910399513,380.35888671875,cruise,
18,U08,10636.790921644077,109.23477604135545,23.070374644794157,380.35888671875,cruise,
18,U08,10646.790921644077,109.23421014824802,23.06913018559318,380.35888671875,cruise,
18,U08,10656.790921644077,109.2336442551406,23.06788572639221,380.35888671875,cruise,
18,U08,10666.790921644077,109.23307836203318,23.066641267191233,380.35888671875,cruise,
18,U08,10676.790921644077,109.23251246892575,23.065396807990258,380.35888671875,cruise,
18,U08,10686.790921644077,109.23194657581833,23.064152348789285,380.35888671875,cruise,
18,U08,10696.790921644077,109.2313806827109,23.06290788958831,380.35888671875,cruise,
18,U08,10706.790921644077,109.23081478960347,23.061663430387338,380.35888671875,cruise,
18,U08,10716.790921644077,109.23024889649605,23.060418971186362,380.35888671875,cruise,
18,U08,10726.790921644077,109.22968300338863,23.05917451198539,380.35888671875,cruise,
18,U08,10736.790921644077,109.22911711028121,23.057930052784414,380.35888671875,cruise,
18,U08,10746.790921644077,109.22855121717377,23.05668559358344,380.35888671875,cruise,
18,U08,10751.224924647202,109.2283003,23.0561338,380.35888671875,descend,S005
18,U08,10761.224924647202,109.2283003,23.0561338,360.35888671875,descend,S005
18,U08,10771.224924647202,109.2283003,23.0561338,340.35888671875,descend,S005
18,U08,10781.224924647202,109.2283003,23.0561338,320.35888671875,descend,S005
18,U08,10791.224924647202,109.2283003,23.0561338,300.35888671875,descend,S005
18,U08,10801.224924647202,109.2283003,23.0561338,280.35888671875,descend,S005
18,U08,10811.224924647202,109.2283003,23.0561338,260.35888671875,descend,S005
18,U08,10821.224924647202,109.2283003,23.0561338,240.35888671875,descend,S005
18,U08,10831.224924647202,109.2283003,23.0561338,220.35888671875,descend,S005
18,U08,10841.224924647202,109.2283003,23.0561338,200.35888671875,descend,S005
18,U08,10843.904368006577,109.2283003,23.0561338,195.0,handover,S005
18,U08,10853.904368006577,109.2283003,23.0561338,195.0,handover,S005
18,U08,10863.904368006577,109.2283003,23.0561338,195.0,handover,S005
18,U08,10873.904368006577,109.2283003,23.0561338,195.0,handover,S005
18,U08,10883.904368006577,109.2283003,23.0561338,195.0,handover,S005
18,U08,10893.904368006577,109.2283003,23.0561338,195.0,handover,S005
18,U08,10903.904368006577,109.2283003,23.0561338,195.0,handover,S005
18,U08,10913.904368006577,109.2283003,23.0561338,195.0,handover,S005
18,U08,10923.904368006577,109.2283003,23.0561338,195.0,handover,S005
18,U08,10933.904368006577,109.2283003,23.0561338,195.0,handover,S005
18,U08,10943.904368006577,109.2283003,23.0561338,195.0,handover,S005
18,U08,10953.904368006577,109.2283003,23.0561338,195.0,handover,S005
18,U08,10963.904368006577,109.2283003,23.0561338,195.0,handover,S005
18,U08,10973.904368006577,109.2283003,23.0561338,195.0,handover,S005
18,U08,10983.904368006577,109.2283003,23.0561338,195.0,handover,S005
18,U08,10993.904368006577,109.2283003,23.0561338,195.0,handover,S005
18,U08,11003.904368006577,109.2283003,23.0561338,195.0,handover,S005
18,U08,11013.904368006577,109.2283003,23.0561338,195.0,handover,S005
18,U08,11023.904368006577,109.2283003,23.0561338,195.0,handover,S005
18,U08,11033.904368006577,109.2283003,23.0561338,195.0,handover,S005
18,U08,11043.904368006577,109.2283003,23.0561338,195.0,handover,S005
18,U08,11053.904368006577,109.2283003,23.0561338,195.0,handover,S005
18,U08,11059.904368006577,109.2283003,23.0561338,195.0,climb,S005
18,U08,11069.904368006577,109.2283003,23.0561338,220.0,climb,S005
18,U08,11079.904368006577,109.2283003,23.0561338,245.0,climb,S005
18,U08,11086.055893885483,109.2283003,23.0561338,260.3788146972656,cruise,
18,U08,11096.055893885483,109.22837248202103,23.054786454141155,260.3788146972656,cruise,
18,U08,11106.055893885483,109.22844466404207,23.05343910828231,260.3788146972656,cruise,
18,U08,11116.055893885483,109.2285168460631,23.052091762423462,260.3788146972656,cruise,
18,U08,11126.055893885483,109.22858902808413,23.05074441656462,260.3788146972656,cruise,
18,U08,11136.055893885483,109.22866121010516,23.049397070705773,260.3788146972656,cruise,
18,U08,11146.055893885483,109.2287333921262,23.048049724846926,260.3788146972656,cruise,
18,U08,11156.055893885483,109.22880557414723,23.04670237898808,260.3788146972656,cruise,
18,U08,11166.055893885483,109.22887775616826,23.045355033129233,260.3788146972656,cruise,
18,U08,11176.055893885483,109.22894993818929,23.044007687270387,260.3788146972656,cruise,
18,U08,11186.055893885483,109.22902212021033,23.04266034141154,260.3788146972656,cruise,
18,U08,11196.055893885483,109.22909430223136,23.041312995552698,260.3788146972656,cruise,
18,U08,11206.055893885483,109.22916648425239,23.03996564969385,260.3788146972656,cruise,
18,U08,11216.055893885483,109.22923866627342,23.038618303835005,260.3788146972656,cruise,
18,U08,11226.055893885483,109.22931084829446,23.03727095797616,260.3788146972656,cruise,
18,U08,11236.055893885483,109.22938303031549,23.035923612117312,260.3788146972656,cruise,
18,U08,11246.055893885483,109.22945521233652,23.034576266258465,260.3788146972656,cruise,
18,U08,11256.055893885483,109.22952739435756,23.03322892039962,260.3788146972656,cruise,
18,U08,11266.055893885483,109.22959957637859,23.031881574540776,260.3788146972656,cruise,
18,U08,11276.055893885483,109.22967175839962,23.03053422868193,260.3788146972656,cruise,
18,U08,11286.055893885483,109.22974394042065,23.029186882823083,260.3788146972656,cruise,
18,U08,11296.055893885483,109.22981612244169,23.027839536964237,260.3788146972656,cruise,
18,U08,11306.055893885483,109.22988830446272,23.02649219110539,260.3788146972656,cruise,
18,U08,11316.055893885483,109.22996048648375,23.025144845246544,260.3788146972656,cruise,
18,U08,11326.055893885483,109.23003266850478,23.023797499387697,260.3788146972656,cruise,
18,U08,11336.055893885483,109.23010485052582,23.022450153528855,260.3788146972656,cruise,
18,U08,11346.055893885483,109.23017703254685,23.021102807670008,260.3788146972656,cruise,
18,U08,11356.055893885483,109.23024921456788,23.01975546181116,260.3788146972656,cruise,
18,U08,11366.055893885483,109.2303213965889,23.018408115952315,260.3788146972656,cruise,
18,U08,11376.055893885483,109.23039357860995,23.01706077009347,260.3788146972656,cruise,
18,U08,11386.055893885483,109.23046576063098,23.015713424234622,260.3788146972656,cruise,
18,U08,11396.055893885483,109.230537942652,23.014366078375776,260.3788146972656,cruise,
18,U08,11406.055893885483,109.23061012467305,23.013018732516933,260.3788146972656,cruise,
18,U08,11416.055893885483,109.23068230669408,23.011671386658087,260.3788146972656,cruise,
18,U08,11426.055893885483,109.2307544887151,23.01032404079924,260.3788146972656,cruise,
18,U08,11436.055893885483,109.23082667073614,23.008976694940394,260.3788146972656,cruise,
18,U08,11439.523414398702,109.2308517,23.0085095,260.3788146972656,descend,O01
18,U08,11449.523414398702,109.2308517,23.0085095,240.37881469726562,descend,O01
18,U08,11459.523414398702,109.2308517,23.0085095,220.37881469726562,descend,O01
18,U08,11469.523414398702,109.2308517,23.0085095,200.37881469726562,descend,O01
18,U08,11479.523414398702,109.2308517,23.0085095,180.37881469726562,descend,O01
18,U08,11489.523414398702,109.2308517,23.0085095,160.37881469726562,descend,O01
18,U08,11499.523414398702,109.2308517,23.0085095,140.37881469726562,descend,O01
18,U08,11505.862821747334,109.2308517,23.0085095,127.69999999999999,descend,O01
19,U08,11505.9,109.2308517,23.0085095,127.7,setup,O01
19,U08,11515.9,109.2308517,23.0085095,127.7,setup,O01
19,U08,11525.9,109.2308517,23.0085095,127.7,setup,O01
19,U08,11535.9,109.2308517,23.0085095,127.7,setup,O01
19,U08,11545.9,109.2308517,23.0085095,127.7,setup,O01
19,U08,11555.9,109.2308517,23.0085095,127.7,setup,O01
19,U08,11565.9,109.2308517,23.0085095,127.7,setup,O01
19,U08,11575.9,109.2308517,23.0085095,127.7,setup,O01
19,U08,11585.9,109.2308517,23.0085095,127.7,setup,O01
19,U08,11595.9,109.2308517,23.0085095,127.7,setup,O01
19,U08,11605.9,109.2308517,23.0085095,127.7,setup,O01
19,U08,11615.9,109.2308517,23.0085095,127.7,setup,O01
19,U08,11625.9,109.2308517,23.0085095,127.7,setup,O01
19,U08,11635.9,109.2308517,23.0085095,127.7,setup,O01
19,U08,11645.9,109.2308517,23.0085095,127.7,setup,O01
19,U08,11655.9,109.2308517,23.0085095,127.7,setup,O01
19,U08,11665.9,109.2308517,23.0085095,127.7,setup,O01
19,U08,11675.9,109.2308517,23.0085095,127.7,setup,O01
19,U08,11685.9,109.2308517,23.0085095,127.7,setup,O01
19,U08,11695.9,109.2308517,23.0085095,127.7,setup,O01
19,U08,11705.9,109.2308517,23.0085095,127.7,setup,O01
19,U08,11715.9,109.2308517,23.0085095,127.7,setup,O01
19,U08,11725.9,109.2308517,23.0085095,127.7,setup,O01
19,U08,11735.9,109.2308517,23.0085095,127.7,setup,O01
19,U08,11745.9,109.2308517,23.0085095,127.7,setup,O01
19,U08,11755.9,109.2308517,23.0085095,127.7,setup,O01
19,U08,11765.9,109.2308517,23.0085095,127.7,setup,O01
19,U08,11775.9,109.2308517,23.0085095,127.7,setup,O01
19,U08,11785.9,109.2308517,23.0085095,127.7,setup,O01
19,U08,11795.9,109.2308517,23.0085095,127.7,setup,O01
19,U08,11805.9,109.2308517,23.0085095,127.7,setup,O01
19,U08,11815.9,109.2308517,23.0085095,127.7,setup,O01
19,U08,11825.9,109.2308517,23.0085095,127.7,setup,O01
19,U08,11835.9,109.2308517,23.0085095,127.7,setup,O01
19,U08,11845.9,109.2308517,23.0085095,127.7,setup,O01
19,U08,11855.9,109.2308517,23.0085095,127.7,setup,O01
19,U08,11865.9,109.2308517,23.0085095,127.7,setup,O01
19,U08,11875.9,109.2308517,23.0085095,127.7,setup,O01
19,U08,11885.9,109.2308517,23.0085095,127.7,setup,O01
19,U08,11895.9,109.2308517,23.0085095,127.7,setup,O01
19,U08,11905.9,109.2308517,23.0085095,127.7,setup,O01
19,U08,11915.9,109.2308517,23.0085095,127.7,setup,O01
19,U08,11925.9,109.2308517,23.0085095,127.7,setup,O01
19,U08,11935.9,109.2308517,23.0085095,127.7,setup,O01
19,U08,11945.9,109.2308517,23.0085095,127.7,setup,O01
19,U08,11955.9,109.2308517,23.0085095,127.7,setup,O01
19,U08,11965.9,109.2308517,23.0085095,127.7,setup,O01
19,U08,11975.9,109.2308517,23.0085095,127.7,setup,O01
19,U08,11985.9,109.2308517,23.0085095,127.7,setup,O01
19,U08,11995.9,109.2308517,23.0085095,127.7,setup,O01
19,U08,12005.9,109.2308517,23.0085095,127.7,setup,O01
19,U08,12015.9,109.2308517,23.0085095,127.7,setup,O01
19,U08,12025.9,109.2308517,23.0085095,127.7,setup,O01
19,U08,12035.9,109.2308517,23.0085095,127.7,setup,O01
19,U08,12045.9,109.2308517,23.0085095,127.7,climb,O01
19,U08,12055.9,109.2308517,23.0085095,152.70000000000002,climb,O01
19,U08,12065.9,109.2308517,23.0085095,177.70000000000002,climb,O01
19,U08,12075.9,109.2308517,23.0085095,202.7,climb,O01
19,U08,12085.9,109.2308517,23.0085095,227.70000000000002,climb,O01
19,U08,12095.9,109.2308517,23.0085095,252.7,climb,O01
19,U08,12105.9,109.2308517,23.0085095,277.7,climb,O01
19,U08,12107.493156738281,109.2308517,23.0085095,281.6828918457031,cruise,
19,U08,12117.493156738281,109.23145789759062,23.009737701111835,281.6828918457031,cruise,
19,U08,12127.493156738281,109.23206409518122,23.01096590222367,281.6828918457031,cruise,
19,U08,12137.493156738281,109.23267029277183,23.012194103335506,281.6828918457031,cruise,
19,U08,12147.493156738281,109.23327649036244,23.013422304447342,281.6828918457031,cruise,
19,U08,12157.493156738281,109.23388268795304,23.014650505559178,281.6828918457031,cruise,
19,U08,12167.493156738281,109.23448888554366,23.015878706671014,281.6828918457031,cruise,
19,U08,12177.493156738281,109.23509508313425,23.01710690778285,281.6828918457031,cruise,
19,U08,12187.493156738281,109.23570128072487,23.018335108894686,281.6828918457031,cruise,
19,U08,12197.493156738281,109.23630747831548,23.01956331000652,281.6828918457031,cruise,
19,U08,12207.493156738281,109.23691367590608,23.020791511118357,281.6828918457031,cruise,
19,U08,12217.493156738281,109.2375198734967,23.022019712230193,281.6828918457031,cruise,
19,U08,12227.493156738281,109.23812607108731,23.02324791334203,281.6828918457031,cruise,
19,U08,12237.493156738281,109.23873226867791,23.024476114453865,281.6828918457031,cruise,
19,U08,12247.493156738281,109.23933846626852,23.0257043155657,281.6828918457031,cruise,
19,U08,12257.493156738281,109.23994466385912,23.026932516677537,281.6828918457031,cruise,
19,U08,12267.493156738281,109.24055086144973,23.028160717789373,281.6828918457031,cruise,
19,U08,12277.493156738281,109.24115705904035,23.02938891890121,281.6828918457031,cruise,
19,U08,12287.493156738281,109.24176325663095,23.030617120013044,281.6828918457031,cruise,
19,U08,12297.493156738281,109.24236945422156,23.03184532112488,281.6828918457031,cruise,
19,U08,12307.493156738281,109.24297565181217,23.03307352223672,281.6828918457031,cruise,
19,U08,12311.720296400334,109.2432319,23.0335927,281.6828918457031,descend,S001
19,U08,12321.720296400334,109.2432319,23.0335927,261.6828918457031,descend,S001
19,U08,12331.720296400334,109.2432319,23.0335927,241.68289184570312,descend,S001
19,U08,12341.720296400334,109.2432319,23.0335927,221.68289184570312,descend,S001
19,U08,12351.720296400334,109.2432319,23.0335927,201.68289184570312,descend,S001
19,U08,12360.561742323185,109.2432319,23.0335927,184.0,handover,S001
19,U08,12370.561742323185,109.2432319,23.0335927,184.0,handover,S001
19,U08,12380.561742323185,109.2432319,23.0335927,184.0,handover,S001
19,U08,12390.561742323185,109.2432319,23.0335927,184.0,handover,S001
19,U08,12400.561742323185,109.2432319,23.0335927,184.0,handover,S001
19,U08,12410.561742323185,109.2432319,23.0335927,184.0,handover,S001
19,U08,12420.561742323185,109.2432319,23.0335927,184.0,handover,S001
19,U08,12430.561742323185,109.2432319,23.0335927,184.0,handover,S001
19,U08,12440.561742323185,109.2432319,23.0335927,184.0,handover,S001
19,U08,12450.561742323185,109.2432319,23.0335927,184.0,handover,S001
19,U08,12460.561742323185,109.2432319,23.0335927,184.0,handover,S001
19,U08,12470.561742323185,109.2432319,23.0335927,184.0,handover,S001
19,U08,12480.561742323185,109.2432319,23.0335927,184.0,handover,S001
19,U08,12490.561742323185,109.2432319,23.0335927,184.0,handover,S001
19,U08,12500.561742323185,109.2432319,23.0335927,184.0,handover,S001
19,U08,12510.561742323185,109.2432319,23.0335927,184.0,handover,S001
19,U08,12520.561742323185,109.2432319,23.0335927,184.0,handover,S001
19,U08,12530.561742323185,109.2432319,23.0335927,184.0,handover,S001
19,U08,12540.561742323185,109.2432319,23.0335927,184.0,handover,S001
19,U08,12550.561742323185,109.2432319,23.0335927,184.0,handover,S001
19,U08,12560.561742323185,109.2432319,23.0335927,184.0,handover,S001
19,U08,12570.561742323185,109.2432319,23.0335927,184.0,handover,S001
19,U08,12580.561742323185,109.2432319,23.0335927,184.0,handover,S001
19,U08,12590.561742323185,109.2432319,23.0335927,184.0,handover,S001
19,U08,12600.561742323185,109.2432319,23.0335927,184.0,handover,S001
19,U08,12610.561742323185,109.2432319,23.0335927,184.0,handover,S001
19,U08,12620.561742323185,109.2432319,23.0335927,184.0,handover,S001
19,U08,12630.561742323185,109.2432319,23.0335927,184.0,handover,S001
19,U08,12640.561742323185,109.2432319,23.0335927,184.0,handover,S001
19,U08,12650.561742323185,109.2432319,23.0335927,184.0,handover,S001
19,U08,12660.561742323185,109.2432319,23.0335927,184.0,handover,S001
19,U08,12670.561742323185,109.2432319,23.0335927,184.0,handover,S001
19,U08,12680.561742323185,109.2432319,23.0335927,184.0,handover,S001
19,U08,12690.561742323185,109.2432319,23.0335927,184.0,handover,S001
19,U08,12700.561742323185,109.2432319,23.0335927,184.0,handover,S001
19,U08,12710.561742323185,109.2432319,23.0335927,184.0,handover,S001
19,U08,12720.561742323185,109.2432319,23.0335927,184.0,climb,S001
19,U08,12730.561742323185,109.2432319,23.0335927,209.0,climb,S001
19,U08,12740.561742323185,109.2432319,23.0335927,234.0,climb,S001
19,U08,12750.561742323185,109.2432319,23.0335927,259.0,climb,S001
19,U08,12760.290355604435,109.2432319,23.0335927,283.321533203125,cruise,
19,U08,12770.290355604435,109.24246888939848,23.034744559028493,283.321533203125,cruise,
19,U08,12780.290355604435,109.24170587879696,23.035896418056982,283.321533203125,cruise,
19,U08,12790.290355604435,109.24094286819545,23.037048277085475,283.321533203125,cruise,
19,U08,12800.290355604435,109.24017985759393,23.038200136113968,283.321533203125,cruise,
19,U08,12810.290355604435,109.23941684699241,23.03935199514246,283.321533203125,cruise,
19,U08,12820.290355604435,109.23865383639091,23.04050385417095,283.321533203125,cruise,
19,U08,12830.290355604435,109.23789082578939,23.041655713199443,283.321533203125,cruise,
19,U08,12840.290355604435,109.23712781518788,23.042807572227936,283.321533203125,cruise,
19,U08,12850.290355604435,109.23636480458636,23.043959431256425,283.321533203125,cruise,
19,U08,12860.290355604435,109.23560179398484,23.04511129028492,283.321533203125,cruise,
19,U08,12870.290355604435,109.23483878338332,23.04626314931341,283.321533203125,cruise,
19,U08,12880.290355604435,109.23407577278181,23.047415008341904,283.321533203125,cruise,
19,U08,12890.290355604435,109.23331276218029,23.048566867370393,283.321533203125,cruise,
19,U08,12900.290355604435,109.23254975157877,23.049718726398886,283.321533203125,cruise,
19,U08,12910.290355604435,109.23178674097726,23.05087058542738,283.321533203125,cruise,
19,U08,12920.290355604435,109.23102373037575,23.05202244445587,283.321533203125,cruise,
19,U08,12930.290355604435,109.23026071977424,23.05317430348436,283.321533203125,cruise,
19,U08,12940.290355604435,109.22949770917272,23.054326162512854,283.321533203125,cruise,
19,U08,12950.290355604435,109.2287346985712,23.055478021541347,283.321533203125,cruise,
19,U08,12955.98357363229,109.2283003,23.0561338,283.321533203125,descend,S005
19,U08,12965.98357363229,109.2283003,23.0561338,263.321533203125,descend,S005
19,U08,12975.98357363229,109.2283003,23.0561338,243.321533203125,descend,S005
19,U08,12985.98357363229,109.2283003,23.0561338,223.321533203125,descend,S005
19,U08,12995.98357363229,109.2283003,23.0561338,203.321533203125,descend,S005
19,U08,13000.144340233852,109.2283003,23.0561338,195.0,handover,S005
19,U08,13010.144340233852,109.2283003,23.0561338,195.0,handover,S005
19,U08,13020.144340233852,109.2283003,23.0561338,195.0,handover,S005
19,U08,13030.144340233852,109.2283003,23.0561338,195.0,handover,S005
19,U08,13040.144340233852,109.2283003,23.0561338,195.0,handover,S005
19,U08,13050.144340233852,109.2283003,23.0561338,195.0,handover,S005
19,U08,13060.144340233852,109.2283003,23.0561338,195.0,handover,S005
19,U08,13070.144340233852,109.2283003,23.0561338,195.0,handover,S005
19,U08,13080.144340233852,109.2283003,23.0561338,195.0,handover,S005
19,U08,13090.144340233852,109.2283003,23.0561338,195.0,handover,S005
19,U08,13100.144340233852,109.2283003,23.0561338,195.0,handover,S005
19,U08,13110.144340233852,109.2283003,23.0561338,195.0,handover,S005
19,U08,13120.144340233852,109.2283003,23.0561338,195.0,handover,S005
19,U08,13130.144340233852,109.2283003,23.0561338,195.0,handover,S005
19,U08,13140.144340233852,109.2283003,23.0561338,195.0,handover,S005
19,U08,13150.144340233852,109.2283003,23.0561338,195.0,handover,S005
19,U08,13160.144340233852,109.2283003,23.0561338,195.0,handover,S005
19,U08,13170.144340233852,109.2283003,23.0561338,195.0,handover,S005
19,U08,13180.144340233852,109.2283003,23.0561338,195.0,handover,S005
19,U08,13190.144340233852,109.2283003,23.0561338,195.0,handover,S005
19,U08,13200.144340233852,109.2283003,23.0561338,195.0,handover,S005
19,U08,13210.144340233852,109.2283003,23.0561338,195.0,handover,S005
19,U08,13220.144340233852,109.2283003,23.0561338,195.0,handover,S005
19,U08,13230.144340233852,109.2283003,23.0561338,195.0,handover,S005
19,U08,13240.144340233852,109.2283003,23.0561338,195.0,handover,S005
19,U08,13250.144340233852,109.2283003,23.0561338,195.0,handover,S005
19,U08,13260.144340233852,109.2283003,23.0561338,195.0,handover,S005
19,U08,13270.144340233852,109.2283003,23.0561338,195.0,handover,S005
19,U08,13280.144340233852,109.2283003,23.0561338,195.0,handover,S005
19,U08,13288.144340233852,109.2283003,23.0561338,195.0,climb,S005
19,U08,13298.144340233852,109.2283003,23.0561338,220.0,climb,S005
19,U08,13308.144340233852,109.2283003,23.0561338,245.0,climb,S005
19,U08,13314.295866112758,109.2283003,23.0561338,260.3788146972656,cruise,
19,U08,13324.295866112758,109.22837248202103,23.054786454141155,260.3788146972656,cruise,
19,U08,13334.295866112758,109.22844466404207,23.05343910828231,260.3788146972656,cruise,
19,U08,13344.295866112758,109.2285168460631,23.052091762423462,260.3788146972656,cruise,
19,U08,13354.295866112758,109.22858902808413,23.05074441656462,260.3788146972656,cruise,
19,U08,13364.295866112758,109.22866121010516,23.049397070705773,260.3788146972656,cruise,
19,U08,13374.295866112758,109.2287333921262,23.048049724846926,260.3788146972656,cruise,
19,U08,13384.295866112758,109.22880557414723,23.04670237898808,260.3788146972656,cruise,
19,U08,13394.295866112758,109.22887775616826,23.045355033129233,260.3788146972656,cruise,
19,U08,13404.295866112758,109.22894993818929,23.044007687270387,260.3788146972656,cruise,
19,U08,13414.295866112758,109.22902212021033,23.04266034141154,260.3788146972656,cruise,
19,U08,13424.295866112758,109.22909430223136,23.041312995552698,260.3788146972656,cruise,
19,U08,13434.295866112758,109.22916648425239,23.03996564969385,260.3788146972656,cruise,
19,U08,13444.295866112758,109.22923866627342,23.038618303835005,260.3788146972656,cruise,
19,U08,13454.295866112758,109.22931084829446,23.03727095797616,260.3788146972656,cruise,
19,U08,13464.295866112758,109.22938303031549,23.035923612117312,260.3788146972656,cruise,
19,U08,13474.295866112758,109.22945521233652,23.034576266258465,260.3788146972656,cruise,
19,U08,13484.295866112758,109.22952739435756,23.03322892039962,260.3788146972656,cruise,
19,U08,13494.295866112758,109.22959957637859,23.031881574540776,260.3788146972656,cruise,
19,U08,13504.295866112758,109.22967175839962,23.03053422868193,260.3788146972656,cruise,
19,U08,13514.295866112758,109.22974394042065,23.029186882823083,260.3788146972656,cruise,
19,U08,13524.295866112758,109.22981612244169,23.027839536964237,260.3788146972656,cruise,
19,U08,13534.295866112758,109.22988830446272,23.02649219110539,260.3788146972656,cruise,
19,U08,13544.295866112758,109.22996048648375,23.025144845246544,260.3788146972656,cruise,
19,U08,13554.295866112758,109.23003266850478,23.023797499387697,260.3788146972656,cruise,
19,U08,13564.295866112758,109.23010485052582,23.022450153528855,260.3788146972656,cruise,
19,U08,13574.295866112758,109.23017703254685,23.021102807670008,260.3788146972656,cruise,
19,U08,13584.295866112758,109.23024921456788,23.01975546181116,260.3788146972656,cruise,
19,U08,13594.295866112758,109.2303213965889,23.018408115952315,260.3788146972656,cruise,
19,U08,13604.295866112758,109.23039357860995,23.01706077009347,260.3788146972656,cruise,
19,U08,13614.295866112758,109.23046576063098,23.015713424234622,260.3788146972656,cruise,
19,U08,13624.295866112758,109.230537942652,23.014366078375776,260.3788146972656,cruise,
19,U08,13634.295866112758,109.23061012467305,23.013018732516933,260.3788146972656,cruise,
19,U08,13644.295866112758,109.23068230669408,23.011671386658087,260.3788146972656,cruise,
19,U08,13654.295866112758,109.2307544887151,23.01032404079924,260.3788146972656,cruise,
19,U08,13664.295866112758,109.23082667073614,23.008976694940394,260.3788146972656,cruise,
19,U08,13667.763386625977,109.2308517,23.0085095,260.3788146972656,descend,O01
19,U08,13677.763386625977,109.2308517,23.0085095,240.37881469726562,descend,O01
19,U08,13687.763386625977,109.2308517,23.0085095,220.37881469726562,descend,O01
19,U08,13697.763386625977,109.2308517,23.0085095,200.37881469726562,descend,O01
19,U08,13707.763386625977,109.2308517,23.0085095,180.37881469726562,descend,O01
19,U08,13717.763386625977,109.2308517,23.0085095,160.37881469726562,descend,O01
19,U08,13727.763386625977,109.2308517,23.0085095,140.37881469726562,descend,O01
19,U08,13734.102793974609,109.2308517,23.0085095,127.69999999999999,descend,O01
